16 2 4 0 0.000075 2222
16 2 4 1 0.000040 1111
16 2 4 2 0.000070 0000
16 2 4 3 0.000064 1111
16 2 4 4 0.000067 2222
16 2 4 5 0.000056 1111
16 2 4 6 0.000075 1111
16 2 4 7 0.000073 1111
16 2 4 8 0.000069 1111
16 2 4 9 0.000048 1111
16 2 4 10 0.000060 2000
16 2 4 11 0.000062 1111
16 2 4 12 0.000052 1222
16 2 4 13 0.000076 0000
16 2 4 14 0.000068 1111
16 2 4 15 0.000073 1111
16 2 4 16 0.000071 1111
16 2 4 17 0.000057 2222
16 2 4 18 0.000068 2222
16 2 4 19 0.000068 2222
16 2 4 20 0.000086 1111
16 2 4 21 0.000094 2222
16 2 4 22 0.000047 1111
16 2 4 23 0.000067 1111
16 2 4 24 0.000055 2222
16 2 4 25 0.000049 1111
16 2 4 26 0.000031 1111
16 2 4 27 0.000061 0000
16 2 4 28 0.000078 1111
16 2 4 29 0.000062 2222
16 2 4 30 0.000067 2222
16 2 4 31 0.000080 2222
16 2 4 32 0.000071 1111
16 2 4 33 0.000035 2222
16 2 4 34 0.000070 2222
16 2 4 35 0.000062 0000
16 2 4 36 0.000050 2222
16 2 4 37 0.000063 2222
16 2 4 38 0.000074 2222
16 2 4 39 0.000063 1111
16 2 4 40 0.000033 1111
16 2 4 41 0.000066 1111
16 2 4 42 0.000047 0000
16 2 4 43 0.000096 0000
16 2 4 44 0.000086 0000
16 2 4 45 0.000053 1111
16 2 4 46 0.000067 2222
16 2 4 47 0.000041 0000
16 2 4 48 0.000067 0000
16 2 4 49 0.000049 1111
16 2 4 50 0.000045 0000
16 2 4 51 0.000085 1111
16 2 4 52 0.000049 2222
16 2 4 53 0.000033 0000
16 2 4 54 0.000068 0000
16 2 4 55 0.000075 0000
16 2 4 56 0.000069 2222
16 2 4 57 0.000049 1111
16 2 4 58 0.000091 1222
16 2 4 59 0.000077 1111
16 2 4 60 0.000092 2222
16 2 4 61 0.000071 1111
16 2 4 62 0.000084 1111
16 2 4 63 0.000064 1111
16 2 4 64 0.000064 2222
16 2 4 65 0.000068 2222
16 2 4 66 0.000075 1111
16 2 4 67 0.000077 1222
16 2 4 68 0.000054 0000
16 2 4 69 0.000042 2222
16 2 4 70 0.000040 0000
16 2 4 71 0.000101 2222
16 2 4 72 0.000104 1111
16 2 4 73 0.000058 1111
16 2 4 74 0.000058 0000
16 2 4 75 0.000033 1111
16 2 4 76 0.000068 0000
16 2 4 77 0.000076 1111
16 2 4 78 0.000069 1111
16 2 4 79 0.000055 0000
16 2 4 80 0.000081 0000
16 2 4 81 0.000074 2222
16 2 4 82 0.000092 2222
16 2 4 83 0.000070 1111
16 2 4 84 0.000069 0000
16 2 4 85 0.000091 1111
16 2 4 86 0.000070 0000
16 2 4 87 0.000065 2222
16 2 4 88 0.000096 0000
16 2 4 89 0.000094 2222
16 2 4 90 0.000066 2222
16 2 4 91 0.000075 1111
16 2 4 92 0.000051 1111
16 2 4 93 0.000092 1111
16 2 4 94 0.000073 1111
16 2 4 95 0.000060 2222
16 2 4 96 0.000076 1111
16 2 4 97 0.000090 2222
16 2 4 98 0.000077 0000
16 2 4 99 0.000098 1111
16 2 8 0 0.000073 22
16 2 8 1 0.000035 11
16 2 8 2 0.000063 00
16 2 8 3 0.000060 11
16 2 8 4 0.000067 22
16 2 8 5 0.000057 11
16 2 8 6 0.000069 11
16 2 8 7 0.000072 11
16 2 8 8 0.000072 11
16 2 8 9 0.000043 11
16 2 8 10 0.000049 00
16 2 8 11 0.000057 11
16 2 8 12 0.000046 11
16 2 8 13 0.000076 00
16 2 8 14 0.000067 11
16 2 8 15 0.000061 11
16 2 8 16 0.000069 11
16 2 8 17 0.000058 22
16 2 8 18 0.000066 22
16 2 8 19 0.000064 22
16 2 8 20 0.000082 11
16 2 8 21 0.000080 22
16 2 8 22 0.000046 11
16 2 8 23 0.000062 11
16 2 8 24 0.000046 22
16 2 8 25 0.000054 11
16 2 8 26 0.000031 11
16 2 8 27 0.000060 00
16 2 8 28 0.000073 11
16 2 8 29 0.000062 22
16 2 8 30 0.000056 22
16 2 8 31 0.000066 22
16 2 8 32 0.000064 11
16 2 8 33 0.000029 22
16 2 8 34 0.000067 22
16 2 8 35 0.000061 00
16 2 8 36 0.000048 22
16 2 8 37 0.000059 22
16 2 8 38 0.000077 22
16 2 8 39 0.000053 11
16 2 8 40 0.000026 11
16 2 8 41 0.000067 11
16 2 8 42 0.000043 00
16 2 8 43 0.000096 00
16 2 8 44 0.000088 00
16 2 8 45 0.000049 11
16 2 8 46 0.000059 22
16 2 8 47 0.000039 00
16 2 8 48 0.000066 00
16 2 8 49 0.000046 11
16 2 8 50 0.000042 00
16 2 8 51 0.000085 11
16 2 8 52 0.000046 22
16 2 8 53 0.000031 00
16 2 8 54 0.000069 00
16 2 8 55 0.000074 00
16 2 8 56 0.000063 00
16 2 8 57 0.000045 11
16 2 8 58 0.000078 22
16 2 8 59 0.000077 11
16 2 8 60 0.000088 22
16 2 8 61 0.000071 11
16 2 8 62 0.000083 11
16 2 8 63 0.000063 11
16 2 8 64 0.000056 22
16 2 8 65 0.000067 22
16 2 8 66 0.000066 11
16 2 8 67 0.000084 22
16 2 8 68 0.000053 00
16 2 8 69 0.000034 22
16 2 8 70 0.000038 00
16 2 8 71 0.000102 22
16 2 8 72 0.000104 11
16 2 8 73 0.000057 11
16 2 8 74 0.000055 00
16 2 8 75 0.000029 11
16 2 8 76 0.000067 00
16 2 8 77 0.000076 11
16 2 8 78 0.000065 11
16 2 8 79 0.000053 00
16 2 8 80 0.000080 00
16 2 8 81 0.000071 22
16 2 8 82 0.000089 22
16 2 8 83 0.000073 11
16 2 8 84 0.000066 00
16 2 8 85 0.000082 11
16 2 8 86 0.000069 00
16 2 8 87 0.000058 22
16 2 8 88 0.000092 00
16 2 8 89 0.000092 22
16 2 8 90 0.000062 22
16 2 8 91 0.000074 11
16 2 8 92 0.000049 11
16 2 8 93 0.000097 11
16 2 8 94 0.000070 11
16 2 8 95 0.000054 22
16 2 8 96 0.000064 11
16 2 8 97 0.000097 22
16 2 8 98 0.000074 00
16 2 8 99 0.000105 11
16 2 16 0 0.000074 2
16 2 16 1 0.000031 1
16 2 16 2 0.000066 0
16 2 16 3 0.000057 1
16 2 16 4 0.000071 2
16 2 16 5 0.000058 1
16 2 16 6 0.000075 1
16 2 16 7 0.000074 1
16 2 16 8 0.000069 1
16 2 16 9 0.000046 1
16 2 16 10 0.000050 0
16 2 16 11 0.000056 1
16 2 16 12 0.000048 1
16 2 16 13 0.000079 0
16 2 16 14 0.000074 1
16 2 16 15 0.000062 1
16 2 16 16 0.000072 1
16 2 16 17 0.000060 2
16 2 16 18 0.000076 2
16 2 16 19 0.000068 2
16 2 16 20 0.000083 1
16 2 16 21 0.000083 2
16 2 16 22 0.000047 1
16 2 16 23 0.000069 1
16 2 16 24 0.000049 2
16 2 16 25 0.000046 1
16 2 16 26 0.000029 1
16 2 16 27 0.000061 0
16 2 16 28 0.000073 1
16 2 16 29 0.000063 2
16 2 16 30 0.000057 2
16 2 16 31 0.000067 2
16 2 16 32 0.000060 1
16 2 16 33 0.000025 2
16 2 16 34 0.000069 2
16 2 16 35 0.000064 0
16 2 16 36 0.000049 2
16 2 16 37 0.000063 2
16 2 16 38 0.000074 2
16 2 16 39 0.000057 1
16 2 16 40 0.000025 1
16 2 16 41 0.000070 1
16 2 16 42 0.000045 0
16 2 16 43 0.000092 0
16 2 16 44 0.000090 0
16 2 16 45 0.000048 1
16 2 16 46 0.000060 2
16 2 16 47 0.000040 0
16 2 16 48 0.000072 0
16 2 16 49 0.000048 1
16 2 16 50 0.000044 0
16 2 16 51 0.000086 1
16 2 16 52 0.000048 2
16 2 16 53 0.000029 0
16 2 16 54 0.000072 0
16 2 16 55 0.000075 0
16 2 16 56 0.000072 0
16 2 16 57 0.000047 1
16 2 16 58 0.000080 2
16 2 16 59 0.000078 1
16 2 16 60 0.000092 2
16 2 16 61 0.000073 1
16 2 16 62 0.000084 1
16 2 16 63 0.000063 1
16 2 16 64 0.000058 2
16 2 16 65 0.000068 2
16 2 16 66 0.000069 1
16 2 16 67 0.000087 2
16 2 16 68 0.000052 0
16 2 16 69 0.000034 2
16 2 16 70 0.000041 0
16 2 16 71 0.000090 2
16 2 16 72 0.000105 1
16 2 16 73 0.000057 1
16 2 16 74 0.000058 0
16 2 16 75 0.000027 1
16 2 16 76 0.000069 0
16 2 16 77 0.000077 1
16 2 16 78 0.000070 1
16 2 16 79 0.000055 0
16 2 16 80 0.000081 0
16 2 16 81 0.000076 2
16 2 16 82 0.000092 2
16 2 16 83 0.000070 1
16 2 16 84 0.000069 0
16 2 16 85 0.000087 1
16 2 16 86 0.000073 0
16 2 16 87 0.000061 2
16 2 16 88 0.000095 0
16 2 16 89 0.000095 2
16 2 16 90 0.000064 2
16 2 16 91 0.000076 1
16 2 16 92 0.000050 1
16 2 16 93 0.000093 1
16 2 16 94 0.000068 1
16 2 16 95 0.000053 2
16 2 16 96 0.000067 1
16 2 16 97 0.000090 2
16 2 16 98 0.000074 0
16 2 16 99 0.000098 1
16 4 8 0 0.000188 22
16 4 8 1 0.000056 11
16 4 8 2 0.000131 00
16 4 8 3 0.000113 11
16 4 8 4 0.000137 22
16 4 8 5 0.000117 11
16 4 8 6 0.000156 11
16 4 8 7 0.000180 11
16 4 8 8 0.000169 11
16 4 8 9 0.000086 11
16 4 8 10 0.000119 22
16 4 8 11 0.000076 11
16 4 8 12 0.000078 22
16 4 8 13 0.000175 00
16 4 8 14 0.000143 11
16 4 8 15 0.000119 11
16 4 8 16 0.000139 11
16 4 8 17 0.000139 22
16 4 8 18 0.000130 22
16 4 8 19 0.000104 22
16 4 8 20 0.000186 11
16 4 8 21 0.000185 22
16 4 8 22 0.000079 11
16 4 8 23 0.000157 11
16 4 8 24 0.000089 22
16 4 8 25 0.000113 11
16 4 8 26 0.000042 11
16 4 8 27 0.000160 00
16 4 8 28 0.000153 11
16 4 8 29 0.000138 22
16 4 8 30 0.000147 22
16 4 8 31 0.000168 22
16 4 8 32 0.000163 11
16 4 8 33 0.000059 22
16 4 8 34 0.000172 22
16 4 8 35 0.000136 00
16 4 8 36 0.000100 22
16 4 8 37 0.000122 22
16 4 8 38 0.000190 22
16 4 8 39 0.000109 11
16 4 8 40 0.000031 11
16 4 8 41 0.000132 11
16 4 8 42 0.000087 00
16 4 8 43 0.000227 00
16 4 8 44 0.000218 00
16 4 8 45 0.000092 11
16 4 8 46 0.000091 22
16 4 8 47 0.000066 00
16 4 8 48 0.000161 00
16 4 8 49 0.000092 11
16 4 8 50 0.000061 00
16 4 8 51 0.000208 11
16 4 8 52 0.000096 22
16 4 8 53 0.000064 00
16 4 8 54 0.000127 00
16 4 8 55 0.000156 00
16 4 8 56 0.000154 22
16 4 8 57 0.000101 11
16 4 8 58 0.000196 22
16 4 8 59 0.000178 11
16 4 8 60 0.000233 22
16 4 8 61 0.000181 11
16 4 8 62 0.000219 11
16 4 8 63 0.000125 11
16 4 8 64 0.000102 22
16 4 8 65 0.000151 22
16 4 8 66 0.000153 11
16 4 8 67 0.000196 22
16 4 8 68 0.000105 00
16 4 8 69 0.000049 22
16 4 8 70 0.000071 00
16 4 8 71 0.000209 22
16 4 8 72 0.000272 11
16 4 8 73 0.000081 11
16 4 8 74 0.000124 00
16 4 8 75 0.000050 11
16 4 8 76 0.000140 00
16 4 8 77 0.000174 11
16 4 8 78 0.000136 11
16 4 8 79 0.000104 00
16 4 8 80 0.000200 00
16 4 8 81 0.000160 22
16 4 8 82 0.000224 22
16 4 8 83 0.000165 11
16 4 8 84 0.000117 00
16 4 8 85 0.000215 11
16 4 8 86 0.000139 00
16 4 8 87 0.000128 22
16 4 8 88 0.000194 00
16 4 8 89 0.000241 22
16 4 8 90 0.000139 22
16 4 8 91 0.000192 11
16 4 8 92 0.000120 11
16 4 8 93 0.000248 11
16 4 8 94 0.000169 11
16 4 8 95 0.000104 22
16 4 8 96 0.000141 11
16 4 8 97 0.000222 22
16 4 8 98 0.000150 00
16 4 8 99 0.000251 11
16 4 16 0 0.000174 2
16 4 16 1 0.000049 1
16 4 16 2 0.000155 0
16 4 16 3 0.000106 1
16 4 16 4 0.000132 2
16 4 16 5 0.000100 1
16 4 16 6 0.000153 1
16 4 16 7 0.000183 1
16 4 16 8 0.000164 1
16 4 16 9 0.000087 1
16 4 16 10 0.000114 2
16 4 16 11 0.000069 1
16 4 16 12 0.000086 2
16 4 16 13 0.000160 0
16 4 16 14 0.000145 1
16 4 16 15 0.000129 1
16 4 16 16 0.000119 1
16 4 16 17 0.000135 2
16 4 16 18 0.000120 2
16 4 16 19 0.000110 2
16 4 16 20 0.000187 1
16 4 16 21 0.000168 2
16 4 16 22 0.000083 1
16 4 16 23 0.000154 1
16 4 16 24 0.000091 2
16 4 16 25 0.000113 1
16 4 16 26 0.000039 1
16 4 16 27 0.000134 0
16 4 16 28 0.000130 1
16 4 16 29 0.000126 2
16 4 16 30 0.000127 2
16 4 16 31 0.000151 2
16 4 16 32 0.000153 1
16 4 16 33 0.000051 2
16 4 16 34 0.000171 2
16 4 16 35 0.000141 0
16 4 16 36 0.000102 2
16 4 16 37 0.000120 2
16 4 16 38 0.000186 2
16 4 16 39 0.000113 1
16 4 16 40 0.000027 1
16 4 16 41 0.000116 1
16 4 16 42 0.000086 0
16 4 16 43 0.000221 0
16 4 16 44 0.000197 0
16 4 16 45 0.000095 1
16 4 16 46 0.000095 2
16 4 16 47 0.000068 0
16 4 16 48 0.000153 0
16 4 16 49 0.000088 1
16 4 16 50 0.000059 0
16 4 16 51 0.000209 1
16 4 16 52 0.000102 2
16 4 16 53 0.000071 0
16 4 16 54 0.000125 0
16 4 16 55 0.000153 0
16 4 16 56 0.000149 2
16 4 16 57 0.000103 1
16 4 16 58 0.000204 2
16 4 16 59 0.000181 1
16 4 16 60 0.000225 2
16 4 16 61 0.000174 1
16 4 16 62 0.000217 1
16 4 16 63 0.000128 1
16 4 16 64 0.000109 2
16 4 16 65 0.000150 2
16 4 16 66 0.000152 1
16 4 16 67 0.000188 2
16 4 16 68 0.000096 0
16 4 16 69 0.000040 2
16 4 16 70 0.000074 0
16 4 16 71 0.000227 2
16 4 16 72 0.000271 1
16 4 16 73 0.000087 1
16 4 16 74 0.000130 0
16 4 16 75 0.000046 1
16 4 16 76 0.000124 0
16 4 16 77 0.000174 1
16 4 16 78 0.000139 1
16 4 16 79 0.000094 0
16 4 16 80 0.000190 0
16 4 16 81 0.000165 2
16 4 16 82 0.000212 2
16 4 16 83 0.000167 1
16 4 16 84 0.000116 0
16 4 16 85 0.000213 1
16 4 16 86 0.000137 0
16 4 16 87 0.000128 2
16 4 16 88 0.000171 0
16 4 16 89 0.000249 2
16 4 16 90 0.000129 2
16 4 16 91 0.000176 1
16 4 16 92 0.000119 1
16 4 16 93 0.000242 1
16 4 16 94 0.000153 1
16 4 16 95 0.000091 2
16 4 16 96 0.000143 1
16 4 16 97 0.000211 2
16 4 16 98 0.000143 0
16 4 16 99 0.000258 1
16 8 16 0 0.000267 2
16 8 16 1 0.000066 1
16 8 16 2 0.000213 0
16 8 16 3 0.000181 1
16 8 16 4 0.000213 2
16 8 16 5 0.000160 1
16 8 16 6 0.000197 1
16 8 16 7 0.000269 1
16 8 16 8 0.000215 1
16 8 16 9 0.000121 1
16 8 16 10 0.000165 2
16 8 16 11 0.000141 1
16 8 16 12 0.000088 2
16 8 16 13 0.000286 0
16 8 16 14 0.000205 1
16 8 16 15 0.000218 1
16 8 16 16 0.000178 1
16 8 16 17 0.000191 2
16 8 16 18 0.000154 2
16 8 16 19 0.000190 2
16 8 16 20 0.000322 1
16 8 16 21 0.000322 2
16 8 16 22 0.000142 1
16 8 16 23 0.000184 1
16 8 16 24 0.000083 2
16 8 16 25 0.000162 1
16 8 16 26 0.000043 1
16 8 16 27 0.000109 0
16 8 16 28 0.000228 1
16 8 16 29 0.000221 2
16 8 16 30 0.000131 2
16 8 16 31 0.000197 2
16 8 16 32 0.000243 1
16 8 16 33 0.000072 2
16 8 16 34 0.000211 2
16 8 16 35 0.000182 0
16 8 16 36 0.000125 2
16 8 16 37 0.000151 2
16 8 16 38 0.000204 2
16 8 16 39 0.000131 1
16 8 16 40 0.000041 1
16 8 16 41 0.000200 1
16 8 16 42 0.000139 0
16 8 16 43 0.000402 0
16 8 16 44 0.000334 0
16 8 16 45 0.000143 1
16 8 16 46 0.000161 2
16 8 16 47 0.000071 0
16 8 16 48 0.000173 0
16 8 16 49 0.000096 1
16 8 16 50 0.000104 0
16 8 16 51 0.000292 1
16 8 16 52 0.000177 2
16 8 16 53 0.000081 0
16 8 16 54 0.000179 0
16 8 16 55 0.000266 0
16 8 16 56 0.000155 2
16 8 16 57 0.000123 1
16 8 16 58 0.000295 2
16 8 16 59 0.000283 1
16 8 16 60 0.000343 2
16 8 16 61 0.000238 1
16 8 16 62 0.000265 1
16 8 16 63 0.000171 1
16 8 16 64 0.000152 2
16 8 16 65 0.000173 2
16 8 16 66 0.000213 1
16 8 16 67 0.000256 2
16 8 16 68 0.000121 0
16 8 16 69 0.000075 2
16 8 16 70 0.000105 0
16 8 16 71 0.000347 2
16 8 16 72 0.000412 1
16 8 16 73 0.000131 1
16 8 16 74 0.000152 0
16 8 16 75 0.000065 1
16 8 16 76 0.000234 0
16 8 16 77 0.000249 1
16 8 16 78 0.000206 1
16 8 16 79 0.000188 0
16 8 16 80 0.000254 0
16 8 16 81 0.000244 2
16 8 16 82 0.000396 2
16 8 16 83 0.000184 1
16 8 16 84 0.000197 0
16 8 16 85 0.000380 1
16 8 16 86 0.000190 0
16 8 16 87 0.000140 2
16 8 16 88 0.000339 0
16 8 16 89 0.000415 2
16 8 16 90 0.000189 2
16 8 16 91 0.000234 1
16 8 16 92 0.000158 1
16 8 16 93 0.000381 1
16 8 16 94 0.000229 1
16 8 16 95 0.000171 2
16 8 16 96 0.000165 1
16 8 16 97 0.000211 2
16 8 16 98 0.000238 0
16 8 16 99 0.000434 1
32 2 4 0 0.000143 00000000
32 2 4 1 0.000124 00000000
32 2 4 2 0.000146 22222222
32 2 4 3 0.000135 00000000
32 2 4 4 0.000139 11111111
32 2 4 5 0.000127 00000000
32 2 4 6 0.000167 11111111
32 2 4 7 0.000074 00000000
32 2 4 8 0.000145 11111111
32 2 4 9 0.000144 22222222
32 2 4 10 0.000136 00000000
32 2 4 11 0.000166 22222222
32 2 4 12 0.000132 00000000
32 2 4 13 0.000150 11111111
32 2 4 14 0.000136 11111111
32 2 4 15 0.000155 11111111
32 2 4 16 0.000171 11111111
32 2 4 17 0.000160 12222222
32 2 4 18 0.000137 11111111
32 2 4 19 0.000196 22222222
32 2 4 20 0.000137 00000000
32 2 4 21 0.000147 11111111
32 2 4 22 0.000179 22222222
32 2 4 23 0.000142 11111111
32 2 4 24 0.000142 11111111
32 2 4 25 0.000121 00000000
32 2 4 26 0.000145 11111111
32 2 4 27 0.000097 22222222
32 2 4 28 0.000174 22222222
32 2 4 29 0.000192 22222222
32 2 4 30 0.000140 11111111
32 2 4 31 0.000153 11111111
32 2 4 32 0.000112 22222222
32 2 4 33 0.000102 22222222
32 2 4 34 0.000162 11111111
32 2 4 35 0.000134 22222222
32 2 4 36 0.000147 11111111
32 2 4 37 0.000122 22222222
32 2 4 38 0.000138 11111111
32 2 4 39 0.000083 00000000
32 2 4 40 0.000130 11111111
32 2 4 41 0.000123 22222222
32 2 4 42 0.000145 11111111
32 2 4 43 0.000141 11111111
32 2 4 44 0.000134 00000000
32 2 4 45 0.000194 12222222
32 2 4 46 0.000151 11111111
32 2 4 47 0.000139 22222222
32 2 4 48 0.000084 22222222
32 2 4 49 0.000160 22222222
32 2 4 50 0.000157 00000000
32 2 4 51 0.000115 11111111
32 2 4 52 0.000108 22222222
32 2 4 53 0.000126 11111111
32 2 4 54 0.000107 11111111
32 2 4 55 0.000103 00000000
32 2 4 56 0.000157 11111111
32 2 4 57 0.000175 11111111
32 2 4 58 0.000169 11111111
32 2 4 59 0.000124 00000000
32 2 4 60 0.000175 22222222
32 2 4 61 0.000135 11111111
32 2 4 62 0.000138 00000000
32 2 4 63 0.000114 11111111
32 2 4 64 0.000129 22222222
32 2 4 65 0.000149 00000000
32 2 4 66 0.000134 11111111
32 2 4 67 0.000145 22222222
32 2 4 68 0.000096 22222222
32 2 4 69 0.000151 11111111
32 2 4 70 0.000096 00000000
32 2 4 71 0.000142 11111111
32 2 4 72 0.000128 11111111
32 2 4 73 0.000164 12222222
32 2 4 74 0.000147 11111111
32 2 4 75 0.000125 11111111
32 2 4 76 0.000152 11111111
32 2 4 77 0.000158 11111111
32 2 4 78 0.000121 22222222
32 2 4 79 0.000132 11111111
32 2 4 80 0.000105 11111111
32 2 4 81 0.000157 00000000
32 2 4 82 0.000162 11111111
32 2 4 83 0.000119 00000000
32 2 4 84 0.000170 11111111
32 2 4 85 0.000126 11111111
32 2 4 86 0.000124 11111111
32 2 4 87 0.000105 11111111
32 2 4 88 0.000125 00000000
32 2 4 89 0.000130 11111111
32 2 4 90 0.000148 22222222
32 2 4 91 0.000159 11111111
32 2 4 92 0.000111 11111111
32 2 4 93 0.000123 00000000
32 2 4 94 0.000146 11111111
32 2 4 95 0.000082 11111111
32 2 4 96 0.000142 11111111
32 2 4 97 0.000145 11111111
32 2 4 98 0.000197 11111111
32 2 4 99 0.000157 11111111
32 2 8 0 0.000144 0000
32 2 8 1 0.000123 0000
32 2 8 2 0.000141 2222
32 2 8 3 0.000141 0000
32 2 8 4 0.000131 1111
32 2 8 5 0.000123 0000
32 2 8 6 0.000155 1111
32 2 8 7 0.000071 0000
32 2 8 8 0.000139 1111
32 2 8 9 0.000132 2222
32 2 8 10 0.000504 0000
32 2 8 11 0.000192 2222
32 2 8 12 0.000128 0000
32 2 8 13 0.000156 1111
32 2 8 14 0.000137 1111
32 2 8 15 0.000155 1111
32 2 8 16 0.000174 1111
32 2 8 17 0.000158 2222
32 2 8 18 0.000130 1111
32 2 8 19 0.000208 2222
32 2 8 20 0.000136 0000
32 2 8 21 0.000144 1111
32 2 8 22 0.000182 2222
32 2 8 23 0.000149 1111
32 2 8 24 0.000132 1111
32 2 8 25 0.000118 0000
32 2 8 26 0.000144 1111
32 2 8 27 0.000101 2222
32 2 8 28 0.000187 2222
32 2 8 29 0.000195 2222
32 2 8 30 0.000145 1111
32 2 8 31 0.000151 1111
32 2 8 32 0.000105 2222
32 2 8 33 0.000098 2222
32 2 8 34 0.000167 1111
32 2 8 35 0.000132 2222
32 2 8 36 0.000141 1111
32 2 8 37 0.000112 2222
32 2 8 38 0.000133 1111
32 2 8 39 0.000080 0000
32 2 8 40 0.000130 1111
32 2 8 41 0.000116 2222
32 2 8 42 0.000143 1111
32 2 8 43 0.000142 1111
32 2 8 44 0.000129 0000
32 2 8 45 0.000206 2222
32 2 8 46 0.000155 1111
32 2 8 47 0.000137 2222
32 2 8 48 0.000078 2222
32 2 8 49 0.000158 2222
32 2 8 50 0.000158 0000
32 2 8 51 0.000110 1111
32 2 8 52 0.000104 2222
32 2 8 53 0.000122 1111
32 2 8 54 0.000113 1111
32 2 8 55 0.000107 0000
32 2 8 56 0.000140 1111
32 2 8 57 0.000176 1111
32 2 8 58 0.000164 1111
32 2 8 59 0.000105 0000
32 2 8 60 0.000184 2222
32 2 8 61 0.000138 1111
32 2 8 62 0.000141 0000
32 2 8 63 0.000119 1111
32 2 8 64 0.000125 2222
32 2 8 65 0.000159 0000
32 2 8 66 0.000147 1111
32 2 8 67 0.000146 2222
32 2 8 68 0.000092 2222
32 2 8 69 0.000135 1111
32 2 8 70 0.000093 0000
32 2 8 71 0.000137 1111
32 2 8 72 0.000128 1111
32 2 8 73 0.000175 2222
32 2 8 74 0.000148 1111
32 2 8 75 0.000115 1111
32 2 8 76 0.000155 1111
32 2 8 77 0.000156 1111
32 2 8 78 0.000119 2222
32 2 8 79 0.000128 1111
32 2 8 80 0.000101 1111
32 2 8 81 0.000170 0000
32 2 8 82 0.000154 1111
32 2 8 83 0.000116 0000
32 2 8 84 0.000175 1111
32 2 8 85 0.000133 1111
32 2 8 86 0.000126 1111
32 2 8 87 0.000103 1111
32 2 8 88 0.000118 0000
32 2 8 89 0.000139 1111
32 2 8 90 0.000148 2222
32 2 8 91 0.000165 1111
32 2 8 92 0.000102 1111
32 2 8 93 0.000122 0000
32 2 8 94 0.000127 1111
32 2 8 95 0.000081 1111
32 2 8 96 0.000149 1111
32 2 8 97 0.000138 1111
32 2 8 98 0.000197 1111
32 2 8 99 0.000156 1111
32 2 16 0 0.000151 00
32 2 16 1 0.000123 00
32 2 16 2 0.000138 22
32 2 16 3 0.000136 00
32 2 16 4 0.000134 11
32 2 16 5 0.000126 00
32 2 16 6 0.000162 11
32 2 16 7 0.000071 00
32 2 16 8 0.000141 11
32 2 16 9 0.000136 22
32 2 16 10 0.000134 00
32 2 16 11 0.000180 22
32 2 16 12 0.000127 00
32 2 16 13 0.000149 11
32 2 16 14 0.000130 11
32 2 16 15 0.000159 11
32 2 16 16 0.000177 11
32 2 16 17 0.000163 22
32 2 16 18 0.000137 11
32 2 16 19 0.000205 22
32 2 16 20 0.000134 00
32 2 16 21 0.000151 11
32 2 16 22 0.000181 22
32 2 16 23 0.000143 11
32 2 16 24 0.000135 11
32 2 16 25 0.000122 00
32 2 16 26 0.000147 11
32 2 16 27 0.000096 22
32 2 16 28 0.000183 22
32 2 16 29 0.000194 22
32 2 16 30 0.000141 11
32 2 16 31 0.000157 11
32 2 16 32 0.000105 22
32 2 16 33 0.000098 22
32 2 16 34 0.000165 11
32 2 16 35 0.000135 22
32 2 16 36 0.000148 11
32 2 16 37 0.000115 22
32 2 16 38 0.000137 11
32 2 16 39 0.000078 00
32 2 16 40 0.000127 11
32 2 16 41 0.000124 22
32 2 16 42 0.000140 11
32 2 16 43 0.000140 11
32 2 16 44 0.000131 00
32 2 16 45 0.000199 22
32 2 16 46 0.000150 11
32 2 16 47 0.000144 22
32 2 16 48 0.000088 22
32 2 16 49 0.000149 22
32 2 16 50 0.000155 00
32 2 16 51 0.000119 11
32 2 16 52 0.000107 22
32 2 16 53 0.000126 11
32 2 16 54 0.000103 11
32 2 16 55 0.000104 00
32 2 16 56 0.000144 11
32 2 16 57 0.000175 11
32 2 16 58 0.000169 11
32 2 16 59 0.000113 00
32 2 16 60 0.000183 22
32 2 16 61 0.000136 11
32 2 16 62 0.000136 00
32 2 16 63 0.000119 11
32 2 16 64 0.000128 22
32 2 16 65 0.000151 00
32 2 16 66 0.000138 11
32 2 16 67 0.000146 22
32 2 16 68 0.000087 22
32 2 16 69 0.000140 11
32 2 16 70 0.000094 00
32 2 16 71 0.000136 11
32 2 16 72 0.000132 11
32 2 16 73 0.000164 22
32 2 16 74 0.000140 11
32 2 16 75 0.000117 11
32 2 16 76 0.000154 11
32 2 16 77 0.000166 11
32 2 16 78 0.000114 22
32 2 16 79 0.000130 11
32 2 16 80 0.000106 11
32 2 16 81 0.000156 00
32 2 16 82 0.000150 11
32 2 16 83 0.000115 00
32 2 16 84 0.000175 11
32 2 16 85 0.000131 11
32 2 16 86 0.000126 11
32 2 16 87 0.000106 11
32 2 16 88 0.000118 00
32 2 16 89 0.000131 11
32 2 16 90 0.000145 22
32 2 16 91 0.000169 11
32 2 16 92 0.000105 11
32 2 16 93 0.000117 00
32 2 16 94 0.000123 11
32 2 16 95 0.000076 11
32 2 16 96 0.000146 11
32 2 16 97 0.000140 11
32 2 16 98 0.000198 11
32 2 16 99 0.000162 11
32 2 32 0 0.000147 0
32 2 32 1 0.000122 0
32 2 32 2 0.000134 2
32 2 32 3 0.000135 0
32 2 32 4 0.000137 1
32 2 32 5 0.000128 0
32 2 32 6 0.000162 1
32 2 32 7 0.000070 0
32 2 32 8 0.000140 1
32 2 32 9 0.000134 2
32 2 32 10 0.000131 0
32 2 32 11 0.000168 2
32 2 32 12 0.000125 0
32 2 32 13 0.000146 1
32 2 32 14 0.000130 1
32 2 32 15 0.000158 1
32 2 32 16 0.000176 1
32 2 32 17 0.000160 2
32 2 32 18 0.000139 1
32 2 32 19 0.000195 2
32 2 32 20 0.000131 0
32 2 32 21 0.000159 1
32 2 32 22 0.000180 2
32 2 32 23 0.000144 1
32 2 32 24 0.000134 1
32 2 32 25 0.000115 0
32 2 32 26 0.000144 1
32 2 32 27 0.000092 2
32 2 32 28 0.000182 2
32 2 32 29 0.000192 2
32 2 32 30 0.000137 1
32 2 32 31 0.000154 1
32 2 32 32 0.000102 2
32 2 32 33 0.000095 2
32 2 32 34 0.000158 1
32 2 32 35 0.000132 2
32 2 32 36 0.000149 1
32 2 32 37 0.000111 2
32 2 32 38 0.000136 1
32 2 32 39 0.000076 0
32 2 32 40 0.000127 1
32 2 32 41 0.000123 2
32 2 32 42 0.000140 1
32 2 32 43 0.000138 1
32 2 32 44 0.000130 0
32 2 32 45 0.000195 2
32 2 32 46 0.000155 1
32 2 32 47 0.000143 2
32 2 32 48 0.000079 2
32 2 32 49 0.000151 2
32 2 32 50 0.000155 0
32 2 32 51 0.000112 1
32 2 32 52 0.000105 2
32 2 32 53 0.000129 1
32 2 32 54 0.000101 1
32 2 32 55 0.000099 0
32 2 32 56 0.000137 1
32 2 32 57 0.000172 1
32 2 32 58 0.000166 1
32 2 32 59 0.000107 0
32 2 32 60 0.000178 2
32 2 32 61 0.000136 1
32 2 32 62 0.000136 0
32 2 32 63 0.000110 1
32 2 32 64 0.000124 2
32 2 32 65 0.000157 0
32 2 32 66 0.000134 1
32 2 32 67 0.000144 2
32 2 32 68 0.000086 2
32 2 32 69 0.000128 1
32 2 32 70 0.000092 0
32 2 32 71 0.000131 1
32 2 32 72 0.000132 1
32 2 32 73 0.000166 2
32 2 32 74 0.000138 1
32 2 32 75 0.000112 1
32 2 32 76 0.000158 1
32 2 32 77 0.000156 1
32 2 32 78 0.000111 2
32 2 32 79 0.000128 1
32 2 32 80 0.000105 1
32 2 32 81 0.000156 0
32 2 32 82 0.000151 1
32 2 32 83 0.000112 0
32 2 32 84 0.000167 1
32 2 32 85 0.000123 1
32 2 32 86 0.000126 1
32 2 32 87 0.000109 1
32 2 32 88 0.000114 0
32 2 32 89 0.000129 1
32 2 32 90 0.000141 2
32 2 32 91 0.000159 1
32 2 32 92 0.000099 1
32 2 32 93 0.000117 0
32 2 32 94 0.000118 1
32 2 32 95 0.000073 1
32 2 32 96 0.000141 1
32 2 32 97 0.000143 1
32 2 32 98 0.000190 1
32 2 32 99 0.000165 1
32 4 8 0 0.000357 0000
32 4 8 1 0.000316 0000
32 4 8 2 0.000359 2222
32 4 8 3 0.000331 0000
32 4 8 4 0.000360 1111
32 4 8 5 0.000271 0000
32 4 8 6 0.000416 1111
32 4 8 7 0.000131 0000
32 4 8 8 0.000256 1111
32 4 8 9 0.000297 2222
32 4 8 10 0.000310 0000
32 4 8 11 0.000496 2222
32 4 8 12 0.000265 0000
32 4 8 13 0.000422 1111
32 4 8 14 0.000326 1111
32 4 8 15 0.000392 1111
32 4 8 16 0.000456 1111
32 4 8 17 0.000386 2222
32 4 8 18 0.000332 1111
32 4 8 19 0.000523 2222
32 4 8 20 0.000325 0000
32 4 8 21 0.000378 1111
32 4 8 22 0.000485 2222
32 4 8 23 0.000339 1111
32 4 8 24 0.000261 1111
32 4 8 25 0.000289 0000
32 4 8 26 0.000369 1111
32 4 8 27 0.000211 2222
32 4 8 28 0.000478 2222
32 4 8 29 0.000544 2222
32 4 8 30 0.000317 1111
32 4 8 31 0.000335 1111
32 4 8 32 0.000247 2222
32 4 8 33 0.000230 2222
32 4 8 34 0.000449 1111
32 4 8 35 0.000325 2222
32 4 8 36 0.000377 1111
32 4 8 37 0.000258 2222
32 4 8 38 0.000360 1111
32 4 8 39 0.000181 0000
32 4 8 40 0.000293 1111
32 4 8 41 0.000299 2222
32 4 8 42 0.000344 1111
32 4 8 43 0.000321 1111
32 4 8 44 0.000342 0000
32 4 8 45 0.000514 2222
32 4 8 46 0.000413 1111
32 4 8 47 0.000306 2222
32 4 8 48 0.000157 2222
32 4 8 49 0.000409 2222
32 4 8 50 0.000388 0000
32 4 8 51 0.000283 1111
32 4 8 52 0.000246 2222
32 4 8 53 0.000292 1111
32 4 8 54 0.000246 1111
32 4 8 55 0.000200 0000
32 4 8 56 0.000370 1111
32 4 8 57 0.000451 1111
32 4 8 58 0.000447 1111
32 4 8 59 0.000259 0000
32 4 8 60 0.000482 2222
32 4 8 61 0.000357 1111
32 4 8 62 0.000364 0000
32 4 8 63 0.000238 1111
32 4 8 64 0.000336 2222
32 4 8 65 0.000399 0000
32 4 8 66 0.000334 1111
32 4 8 67 0.000329 2222
32 4 8 68 0.000181 2222
32 4 8 69 0.000290 1111
32 4 8 70 0.000242 0000
32 4 8 71 0.000319 1111
32 4 8 72 0.000322 1111
32 4 8 73 0.000434 2222
32 4 8 74 0.000381 1111
32 4 8 75 0.000291 1111
32 4 8 76 0.000381 1111
32 4 8 77 0.000371 1111
32 4 8 78 0.000280 2222
32 4 8 79 0.000311 1111
32 4 8 80 0.000222 1111
32 4 8 81 0.000423 0000
32 4 8 82 0.000385 1111
32 4 8 83 0.000233 0000
32 4 8 84 0.000500 2222
32 4 8 85 0.000333 1111
32 4 8 86 0.000259 1111
32 4 8 87 0.000240 1111
32 4 8 88 0.000276 0000
32 4 8 89 0.000294 1111
32 4 8 90 0.000383 2222
32 4 8 91 0.000474 1111
32 4 8 92 0.000226 1111
32 4 8 93 0.000288 0000
32 4 8 94 0.000319 1111
32 4 8 95 0.000154 1111
32 4 8 96 0.000338 1111
32 4 8 97 0.000460 1111
32 4 8 98 0.000561 1111
32 4 8 99 0.000374 1111
32 4 16 0 0.000349 00
32 4 16 1 0.000290 00
32 4 16 2 0.000346 22
32 4 16 3 0.000333 00
32 4 16 4 0.000339 11
32 4 16 5 0.000275 00
32 4 16 6 0.000385 11
32 4 16 7 0.000124 00
32 4 16 8 0.000255 11
32 4 16 9 0.000290 22
32 4 16 10 0.000320 00
32 4 16 11 0.000484 22
32 4 16 12 0.000263 00
32 4 16 13 0.000426 11
32 4 16 14 0.000314 11
32 4 16 15 0.000390 11
32 4 16 16 0.000460 11
32 4 16 17 0.000384 22
32 4 16 18 0.000313 11
32 4 16 19 0.000529 22
32 4 16 20 0.000331 00
32 4 16 21 0.000373 11
32 4 16 22 0.000479 22
32 4 16 23 0.000318 11
32 4 16 24 0.000252 11
32 4 16 25 0.000263 00
32 4 16 26 0.000360 11
32 4 16 27 0.000216 22
32 4 16 28 0.000459 22
32 4 16 29 0.000543 22
32 4 16 30 0.000324 11
32 4 16 31 0.000346 11
32 4 16 32 0.000225 22
32 4 16 33 0.000221 22
32 4 16 34 0.000436 11
32 4 16 35 0.000301 22
32 4 16 36 0.000345 11
32 4 16 37 0.000260 22
32 4 16 38 0.000375 11
32 4 16 39 0.000176 00
32 4 16 40 0.000286 11
32 4 16 41 0.000285 22
32 4 16 42 0.000333 11
32 4 16 43 0.000325 11
32 4 16 44 0.000335 00
32 4 16 45 0.000509 22
32 4 16 46 0.000402 11
32 4 16 47 0.000298 22
32 4 16 48 0.000152 22
32 4 16 49 0.000411 22
32 4 16 50 0.000394 00
32 4 16 51 0.000272 11
32 4 16 52 0.000258 22
32 4 16 53 0.000282 11
32 4 16 54 0.000245 11
32 4 16 55 0.000176 00
32 4 16 56 0.000380 11
32 4 16 57 0.000430 11
32 4 16 58 0.000454 11
32 4 16 59 0.000246 00
32 4 16 60 0.000486 22
32 4 16 61 0.000356 11
32 4 16 62 0.000353 00
32 4 16 63 0.000249 11
32 4 16 64 0.000337 22
32 4 16 65 0.000372 00
32 4 16 66 0.000338 11
32 4 16 67 0.000321 22
32 4 16 68 0.000193 22
32 4 16 69 0.000268 11
32 4 16 70 0.000236 00
32 4 16 71 0.000321 11
32 4 16 72 0.000304 11
32 4 16 73 0.000433 22
32 4 16 74 0.000380 11
32 4 16 75 0.000291 11
32 4 16 76 0.000377 11
32 4 16 77 0.000374 11
32 4 16 78 0.000263 22
32 4 16 79 0.000304 11
32 4 16 80 0.000229 11
32 4 16 81 0.000409 00
32 4 16 82 0.000373 11
32 4 16 83 0.000207 00
32 4 16 84 0.000495 22
32 4 16 85 0.000324 11
32 4 16 86 0.000258 11
32 4 16 87 0.000225 11
32 4 16 88 0.000263 00
32 4 16 89 0.000286 11
32 4 16 90 0.000377 22
32 4 16 91 0.000480 11
32 4 16 92 0.000220 11
32 4 16 93 0.000255 00
32 4 16 94 0.000304 11
32 4 16 95 0.000138 11
32 4 16 96 0.000334 11
32 4 16 97 0.000366 11
32 4 16 98 0.000550 11
32 4 16 99 0.000378 11
32 4 32 0 0.000347 0
32 4 32 1 0.000301 0
32 4 32 2 0.000335 2
32 4 32 3 0.000321 0
32 4 32 4 0.000329 1
32 4 32 5 0.000263 0
32 4 32 6 0.000374 1
32 4 32 7 0.000115 0
32 4 32 8 0.000233 1
32 4 32 9 0.000286 2
32 4 32 10 0.000316 0
32 4 32 11 0.000492 2
32 4 32 12 0.000261 0
32 4 32 13 0.000419 1
32 4 32 14 0.000314 1
32 4 32 15 0.000378 1
32 4 32 16 0.000441 1
32 4 32 17 0.000384 2
32 4 32 18 0.000313 1
32 4 32 19 0.000558 2
32 4 32 20 0.000337 0
32 4 32 21 0.000372 1
32 4 32 22 0.000475 2
32 4 32 23 0.000319 1
32 4 32 24 0.000244 1
32 4 32 25 0.000268 0
32 4 32 26 0.000362 1
32 4 32 27 0.000212 2
32 4 32 28 0.000479 2
32 4 32 29 0.000528 2
32 4 32 30 0.000319 1
32 4 32 31 0.000343 1
32 4 32 32 0.000216 2
32 4 32 33 0.000212 2
32 4 32 34 0.000430 1
32 4 32 35 0.000304 2
32 4 32 36 0.000356 1
32 4 32 37 0.000253 2
32 4 32 38 0.000364 1
32 4 32 39 0.000179 0
32 4 32 40 0.000290 1
32 4 32 41 0.000285 2
32 4 32 42 0.000340 1
32 4 32 43 0.000322 1
32 4 32 44 0.000328 0
32 4 32 45 0.000495 2
32 4 32 46 0.000429 1
32 4 32 47 0.000293 2
32 4 32 48 0.000149 2
32 4 32 49 0.000410 2
32 4 32 50 0.000407 0
32 4 32 51 0.000273 1
32 4 32 52 0.000236 2
32 4 32 53 0.000287 1
32 4 32 54 0.000246 1
32 4 32 55 0.000172 0
32 4 32 56 0.000386 1
32 4 32 57 0.000431 1
32 4 32 58 0.000439 1
32 4 32 59 0.000244 0
32 4 32 60 0.000479 2
32 4 32 61 0.000357 1
32 4 32 62 0.000347 0
32 4 32 63 0.000252 1
32 4 32 64 0.000346 2
32 4 32 65 0.000373 0
32 4 32 66 0.000335 1
32 4 32 67 0.000330 2
32 4 32 68 0.000191 2
32 4 32 69 0.000262 1
32 4 32 70 0.000240 0
32 4 32 71 0.000315 1
32 4 32 72 0.000295 1
32 4 32 73 0.000433 2
32 4 32 74 0.000366 1
32 4 32 75 0.000292 1
32 4 32 76 0.000371 1
32 4 32 77 0.000376 1
32 4 32 78 0.000271 2
32 4 32 79 0.000304 1
32 4 32 80 0.000233 1
32 4 32 81 0.000387 0
32 4 32 82 0.000381 1
32 4 32 83 0.000212 0
32 4 32 84 0.000474 2
32 4 32 85 0.000322 1
32 4 32 86 0.000281 1
32 4 32 87 0.000225 1
32 4 32 88 0.000260 0
32 4 32 89 0.000289 1
32 4 32 90 0.000373 2
32 4 32 91 0.000451 1
32 4 32 92 0.000220 1
32 4 32 93 0.000247 0
32 4 32 94 0.000308 1
32 4 32 95 0.000129 1
32 4 32 96 0.000336 1
32 4 32 97 0.000372 1
32 4 32 98 0.000526 1
32 4 32 99 0.000375 1
32 8 16 0 0.000835 00
32 8 16 1 0.000711 00
32 8 16 2 0.000993 22
32 8 16 3 0.000961 00
32 8 16 4 0.000879 11
32 8 16 5 0.000683 00
32 8 16 6 0.001079 11
32 8 16 7 0.000304 00
32 8 16 8 0.000590 11
32 8 16 9 0.000762 22
32 8 16 10 0.000921 00
32 8 16 11 0.001405 22
32 8 16 12 0.000628 00
32 8 16 13 0.001189 11
32 8 16 14 0.000791 11
32 8 16 15 0.001035 11
32 8 16 16 0.001259 11
32 8 16 17 0.001064 22
32 8 16 18 0.000792 11
32 8 16 19 0.001493 22
32 8 16 20 0.000835 00
32 8 16 21 0.000970 11
32 8 16 22 0.001327 22
32 8 16 23 0.000934 11
32 8 16 24 0.000689 11
32 8 16 25 0.000651 00
32 8 16 26 0.000905 11
32 8 16 27 0.000396 22
32 8 16 28 0.001256 22
32 8 16 29 0.001593 22
32 8 16 30 0.000686 11
32 8 16 31 0.000832 11
32 8 16 32 0.000483 22
32 8 16 33 0.000516 22
32 8 16 34 0.001193 11
32 8 16 35 0.000741 22
32 8 16 36 0.000958 11
32 8 16 37 0.000678 22
32 8 16 38 0.000953 11
32 8 16 39 0.000354 00
32 8 16 40 0.000638 11
32 8 16 41 0.000895 22
32 8 16 42 0.000899 11
32 8 16 43 0.000880 11
32 8 16 44 0.000763 00
32 8 16 45 0.001343 22
32 8 16 46 0.000965 11
32 8 16 47 0.000772 22
32 8 16 48 0.000306 22
32 8 16 49 0.001033 22
32 8 16 50 0.001139 00
32 8 16 51 0.000635 11
32 8 16 52 0.000564 22
32 8 16 53 0.000772 11
32 8 16 54 0.000626 11
32 8 16 55 0.000345 00
32 8 16 56 0.001062 11
32 8 16 57 0.001325 11
32 8 16 58 0.001164 11
32 8 16 59 0.000568 00
32 8 16 60 0.001250 22
32 8 16 61 0.000883 11
32 8 16 62 0.000877 00
32 8 16 63 0.000552 11
32 8 16 64 0.000859 22
32 8 16 65 0.001040 00
32 8 16 66 0.000929 11
32 8 16 67 0.000806 22
32 8 16 68 0.000449 22
32 8 16 69 0.000486 11
32 8 16 70 0.000633 00
32 8 16 71 0.000823 11
32 8 16 72 0.000710 11
32 8 16 73 0.001259 22
32 8 16 74 0.000759 11
32 8 16 75 0.000697 11
32 8 16 76 0.001017 11
32 8 16 77 0.000911 11
32 8 16 78 0.000632 22
32 8 16 79 0.000869 11
32 8 16 80 0.000590 11
32 8 16 81 0.000997 00
32 8 16 82 0.000877 11
32 8 16 83 0.000578 00
32 8 16 84 0.001378 22
32 8 16 85 0.000963 11
32 8 16 86 0.000725 11
32 8 16 87 0.000529 11
32 8 16 88 0.000608 00
32 8 16 89 0.000711 11
32 8 16 90 0.000992 22
32 8 16 91 0.001245 11
32 8 16 92 0.000482 11
32 8 16 93 0.000596 00
32 8 16 94 0.000845 11
32 8 16 95 0.000314 11
32 8 16 96 0.000871 11
32 8 16 97 0.000884 11
32 8 16 98 0.001443 11
32 8 16 99 0.000846 11
32 8 32 0 0.000801 0
32 8 32 1 0.000721 0
32 8 32 2 0.001008 2
32 8 32 3 0.000936 0
32 8 32 4 0.000895 1
32 8 32 5 0.000667 0
32 8 32 6 0.000992 1
32 8 32 7 0.000290 0
32 8 32 8 0.000564 1
32 8 32 9 0.000811 2
32 8 32 10 0.000871 0
32 8 32 11 0.001496 2
32 8 32 12 0.000657 0
32 8 32 13 0.001269 1
32 8 32 14 0.000799 1
32 8 32 15 0.001063 1
32 8 32 16 0.001197 1
32 8 32 17 0.001140 2
32 8 32 18 0.000779 1
32 8 32 19 0.001530 2
32 8 32 20 0.000808 0
32 8 32 21 0.001014 1
32 8 32 22 0.001417 2
32 8 32 23 0.000922 1
32 8 32 24 0.000624 1
32 8 32 25 0.000622 0
32 8 32 26 0.000915 1
32 8 32 27 0.000390 2
32 8 32 28 0.001205 2
32 8 32 29 0.001712 2
32 8 32 30 0.000698 1
32 8 32 31 0.000819 1
32 8 32 32 0.000442 2
32 8 32 33 0.000481 2
32 8 32 34 0.001278 1
32 8 32 35 0.000721 2
32 8 32 36 0.001015 1
32 8 32 37 0.000661 2
32 8 32 38 0.001013 1
32 8 32 39 0.000330 0
32 8 32 40 0.000623 1
32 8 32 41 0.000856 2
32 8 32 42 0.000922 1
32 8 32 43 0.000909 1
32 8 32 44 0.000782 0
32 8 32 45 0.001300 2
32 8 32 46 0.000997 1
32 8 32 47 0.000737 2
32 8 32 48 0.000298 2
32 8 32 49 0.000991 2
32 8 32 50 0.001130 0
32 8 32 51 0.000614 1
32 8 32 52 0.000547 2
32 8 32 53 0.000765 1
32 8 32 54 0.000631 1
32 8 32 55 0.000314 0
32 8 32 56 0.001104 1
32 8 32 57 0.001425 1
32 8 32 58 0.001145 1
32 8 32 59 0.000570 0
32 8 32 60 0.001303 2
32 8 32 61 0.000882 1
32 8 32 62 0.000840 0
32 8 32 63 0.000525 1
32 8 32 64 0.000839 2
32 8 32 65 0.000994 0
32 8 32 66 0.000825 1
32 8 32 67 0.000765 2
32 8 32 68 0.000451 2
32 8 32 69 0.000500 1
32 8 32 70 0.000560 0
32 8 32 71 0.000822 1
32 8 32 72 0.000674 1
32 8 32 73 0.001201 2
32 8 32 74 0.000750 1
32 8 32 75 0.000669 1
32 8 32 76 0.001047 1
32 8 32 77 0.000909 1
32 8 32 78 0.000662 2
32 8 32 79 0.000867 1
32 8 32 80 0.000600 1
32 8 32 81 0.000940 0
32 8 32 82 0.000862 1
32 8 32 83 0.000593 0
32 8 32 84 0.001401 2
32 8 32 85 0.000896 1
32 8 32 86 0.000674 1
32 8 32 87 0.000524 1
32 8 32 88 0.000640 0
32 8 32 89 0.000717 1
32 8 32 90 0.001047 2
32 8 32 91 0.001208 1
32 8 32 92 0.000468 1
32 8 32 93 0.000549 0
32 8 32 94 0.000876 1
32 8 32 95 0.000303 1
32 8 32 96 0.000843 1
32 8 32 97 0.000867 1
32 8 32 98 0.001468 1
32 8 32 99 0.000886 1
64 2 4 0 0.000215 2222222222222222
64 2 4 1 0.000331 0000000000000000
64 2 4 2 0.000323 1111111111111111
64 2 4 3 0.000223 1111111111111111
64 2 4 4 0.000293 1111111111111111
64 2 4 5 0.000325 1111111111111111
64 2 4 6 0.000238 1111111111111111
64 2 4 7 0.000228 1111111111111111
64 2 4 8 0.000259 1111111111111111
64 2 4 9 0.000285 0000000000000000
64 2 4 10 0.000256 0000000000000000
64 2 4 11 0.000250 1111111111111111
64 2 4 12 0.000279 0000000000000000
64 2 4 13 0.000285 1111111111111111
64 2 4 14 0.000267 1111111111111111
64 2 4 15 0.000248 1111111111111111
64 2 4 16 0.000278 2222222222222222
64 2 4 17 0.000274 1111111111111111
64 2 4 18 0.000272 2222222222222222
64 2 4 19 0.000356 2222222222222222
64 2 4 20 0.000292 1111111111111111
64 2 4 21 0.000292 1111111111111111
64 2 4 22 0.000309 0000000000000000
64 2 4 23 0.000253 0000000000000000
64 2 4 24 0.000274 0000000000000000
64 2 4 25 0.000281 1111111111111111
64 2 4 26 0.000324 1111111111111111
64 2 4 27 0.000324 1111111111111111
64 2 4 28 0.000256 1111111111111111
64 2 4 29 0.000292 0000000000000000
64 2 4 30 0.000302 0000000000000000
64 2 4 31 0.000351 1111111111111111
64 2 4 32 0.000242 0000000000000000
64 2 4 33 0.000236 0000000000000000
64 2 4 34 0.000278 1111111111111111
64 2 4 35 0.000255 1111111111111111
64 2 4 36 0.000301 0000000000000000
64 2 4 37 0.000290 1111111111111111
64 2 4 38 0.000292 1111111111111111
64 2 4 39 0.000336 1111111111111111
64 2 4 40 0.000267 2222222222222222
64 2 4 41 0.000304 0000000000000000
64 2 4 42 0.000309 1111111111111111
64 2 4 43 0.000296 1111111111111111
64 2 4 44 0.000305 1111111111111111
64 2 4 45 0.000268 0000000000000000
64 2 4 46 0.000285 1111111111111111
64 2 4 47 0.000278 1111111111111111
64 2 4 48 0.000278 0000000000000000
64 2 4 49 0.000284 1111111111111111
64 2 4 50 0.000300 0000000000000000
64 2 4 51 0.000242 0000000000000000
64 2 4 52 0.000310 1111111111111111
64 2 4 53 0.000285 1111111111111111
64 2 4 54 0.000313 1111111111111111
64 2 4 55 0.000326 2222222222222222
64 2 4 56 0.000258 1111111111111111
64 2 4 57 0.000278 1111111111111111
64 2 4 58 0.000292 1111111111111111
64 2 4 59 0.000312 0000000000000000
64 2 4 60 0.000261 1111111111111111
64 2 4 61 0.000322 1111111111111111
64 2 4 62 0.000313 1111111111111111
64 2 4 63 0.000305 2222222222222222
64 2 4 64 0.000266 0000000000000000
64 2 4 65 0.000234 2222222222222222
64 2 4 66 0.000289 0000000000000000
64 2 4 67 0.000330 0000000000000000
64 2 4 68 0.000340 1111111111111111
64 2 4 69 0.000283 1111111111111111
64 2 4 70 0.000231 2222222222222222
64 2 4 71 0.000330 0000000000000000
64 2 4 72 0.000322 0000000000000000
64 2 4 73 0.000238 1111111111111111
64 2 4 74 0.000337 0000000000000000
64 2 4 75 0.000262 1111111111111111
64 2 4 76 0.000335 1111111111111111
64 2 4 77 0.000316 1111111111111111
64 2 4 78 0.000323 2222222222222222
64 2 4 79 0.000229 2222222222222222
64 2 4 80 0.000252 0000000000000000
64 2 4 81 0.000333 0000000000000000
64 2 4 82 0.000362 2222222222222222
64 2 4 83 0.000258 0000000000000000
64 2 4 84 0.000274 1111111111111111
64 2 4 85 0.000285 1111111111111111
64 2 4 86 0.000303 2222222222222222
64 2 4 87 0.000282 2222222222222222
64 2 4 88 0.000221 1111111111111111
64 2 4 89 0.000250 1111111111111111
64 2 4 90 0.000294 1111111111111111
64 2 4 91 0.000277 2222222222222222
64 2 4 92 0.000332 0000000000000000
64 2 4 93 0.000304 2222222222222222
64 2 4 94 0.000309 1111111111111111
64 2 4 95 0.000282 0000000000000000
64 2 4 96 0.000321 1111111111111111
64 2 4 97 0.000227 0000000000000000
64 2 4 98 0.000302 0000000000000000
64 2 4 99 0.000255 2222222222222222
64 2 8 0 0.000222 22222222
64 2 8 1 0.000341 00000000
64 2 8 2 0.000323 11111111
64 2 8 3 0.000226 11111111
64 2 8 4 0.000290 11111111
64 2 8 5 0.000325 11111111
64 2 8 6 0.000241 11111111
64 2 8 7 0.000224 11111111
64 2 8 8 0.000259 11111111
64 2 8 9 0.000296 00000000
64 2 8 10 0.000274 00000000
64 2 8 11 0.000253 11111111
64 2 8 12 0.000282 00000000
64 2 8 13 0.000279 11111111
64 2 8 14 0.000253 11111111
64 2 8 15 0.000247 11111111
64 2 8 16 0.000273 22222222
64 2 8 17 0.000277 11111111
64 2 8 18 0.000277 22222222
64 2 8 19 0.000369 22222222
64 2 8 20 0.000300 11111111
64 2 8 21 0.000284 11111111
64 2 8 22 0.000312 00000000
64 2 8 23 0.000259 00000000
64 2 8 24 0.000271 00000000
64 2 8 25 0.000290 11111111
64 2 8 26 0.000316 11111111
64 2 8 27 0.000341 11111111
64 2 8 28 0.000259 11111111
64 2 8 29 0.000289 00000000
64 2 8 30 0.000292 00000000
64 2 8 31 0.000354 11111111
64 2 8 32 0.000238 00000000
64 2 8 33 0.000236 00000000
64 2 8 34 0.000284 11111111
64 2 8 35 0.000244 11111111
64 2 8 36 0.000306 00000000
64 2 8 37 0.000293 11111111
64 2 8 38 0.000299 11111111
64 2 8 39 0.000345 11111111
64 2 8 40 0.000266 22222222
64 2 8 41 0.000300 00000000
64 2 8 42 0.000317 11111111
64 2 8 43 0.000308 11111111
64 2 8 44 0.000306 11111111
64 2 8 45 0.000269 00000000
64 2 8 46 0.000289 11111111
64 2 8 47 0.000278 11111111
64 2 8 48 0.000271 00000000
64 2 8 49 0.000291 11111111
64 2 8 50 0.000298 00000000
64 2 8 51 0.000242 00000000
64 2 8 52 0.000332 11111111
64 2 8 53 0.000290 11111111
64 2 8 54 0.000297 11111111
64 2 8 55 0.000328 22222222
64 2 8 56 0.000258 11111111
64 2 8 57 0.000274 11111111
64 2 8 58 0.000283 11111111
64 2 8 59 0.000308 00000000
64 2 8 60 0.000261 11111111
64 2 8 61 0.000327 11111111
64 2 8 62 0.000314 11111111
64 2 8 63 0.000296 22222222
64 2 8 64 0.000259 00000000
64 2 8 65 0.000233 22222222
64 2 8 66 0.000281 00000000
64 2 8 67 0.000345 00000000
64 2 8 68 0.000349 11111111
64 2 8 69 0.000278 11111111
64 2 8 70 0.000224 22222222
64 2 8 71 0.000335 00000000
64 2 8 72 0.000302 00000000
64 2 8 73 0.000236 11111111
64 2 8 74 0.000345 00000000
64 2 8 75 0.000264 11111111
64 2 8 76 0.000336 11111111
64 2 8 77 0.000319 11111111
64 2 8 78 0.000324 22222222
64 2 8 79 0.000233 22222222
64 2 8 80 0.000245 00000000
64 2 8 81 0.000329 00000000
64 2 8 82 0.000353 22222222
64 2 8 83 0.000262 00000000
64 2 8 84 0.000276 11111111
64 2 8 85 0.000284 11111111
64 2 8 86 0.000321 22222222
64 2 8 87 0.000285 22222222
64 2 8 88 0.000226 11111111
64 2 8 89 0.000251 11111111
64 2 8 90 0.000299 11111111
64 2 8 91 0.000271 22222222
64 2 8 92 0.000328 00000000
64 2 8 93 0.000309 22222222
64 2 8 94 0.000329 11111111
64 2 8 95 0.000278 00000000
64 2 8 96 0.000314 11111111
64 2 8 97 0.000228 00000000
64 2 8 98 0.000311 00000000
64 2 8 99 0.000259 22222222
64 2 16 0 0.000207 2222
64 2 16 1 0.000332 0000
64 2 16 2 0.000317 1111
64 2 16 3 0.000220 1111
64 2 16 4 0.000281 1111
64 2 16 5 0.000318 1111
64 2 16 6 0.000225 1111
64 2 16 7 0.000226 1111
64 2 16 8 0.000244 1111
64 2 16 9 0.000287 0000
64 2 16 10 0.000247 0000
64 2 16 11 0.000247 1111
64 2 16 12 0.000278 0000
64 2 16 13 0.000268 1111
64 2 16 14 0.000245 1111
64 2 16 15 0.000239 1111
64 2 16 16 0.000263 2222
64 2 16 17 0.000273 1111
64 2 16 18 0.000271 2222
64 2 16 19 0.000355 2222
64 2 16 20 0.000291 1111
64 2 16 21 0.000281 1111
64 2 16 22 0.000285 0000
64 2 16 23 0.000251 0000
64 2 16 24 0.000269 0000
64 2 16 25 0.000273 1111
64 2 16 26 0.000307 1111
64 2 16 27 0.000327 1111
64 2 16 28 0.000253 1111
64 2 16 29 0.000281 0000
64 2 16 30 0.000287 0000
64 2 16 31 0.000363 1111
64 2 16 32 0.000240 0000
64 2 16 33 0.000230 0000
64 2 16 34 0.000275 1111
64 2 16 35 0.000239 1111
64 2 16 36 0.000306 0000
64 2 16 37 0.000284 1111
64 2 16 38 0.000288 1111
64 2 16 39 0.000340 1111
64 2 16 40 0.000267 2222
64 2 16 41 0.000300 0000
64 2 16 42 0.000291 1111
64 2 16 43 0.000309 1111
64 2 16 44 0.000296 1111
64 2 16 45 0.000267 0000
64 2 16 46 0.000270 1111
64 2 16 47 0.000269 1111
64 2 16 48 0.000279 0000
64 2 16 49 0.000285 1111
64 2 16 50 0.000288 0000
64 2 16 51 0.000247 0000
64 2 16 52 0.000323 1111
64 2 16 53 0.000278 1111
64 2 16 54 0.000282 1111
64 2 16 55 0.000331 2222
64 2 16 56 0.000254 1111
64 2 16 57 0.000259 1111
64 2 16 58 0.000273 1111
64 2 16 59 0.000309 0000
64 2 16 60 0.000260 1111
64 2 16 61 0.000311 1111
64 2 16 62 0.000297 1111
64 2 16 63 0.000291 2222
64 2 16 64 0.000259 0000
64 2 16 65 0.000225 2222
64 2 16 66 0.000276 0000
64 2 16 67 0.000330 0000
64 2 16 68 0.000350 1111
64 2 16 69 0.000272 1111
64 2 16 70 0.000210 2222
64 2 16 71 0.000325 0000
64 2 16 72 0.000304 0000
64 2 16 73 0.000225 1111
64 2 16 74 0.000294 0000
64 2 16 75 0.000258 1111
64 2 16 76 0.000335 1111
64 2 16 77 0.000307 1111
64 2 16 78 0.000303 2222
64 2 16 79 0.000215 2222
64 2 16 80 0.000278 0000
64 2 16 81 0.000333 0000
64 2 16 82 0.000330 2222
64 2 16 83 0.000251 0000
64 2 16 84 0.000255 1111
64 2 16 85 0.000275 1111
64 2 16 86 0.000292 2222
64 2 16 87 0.000270 2222
64 2 16 88 0.000219 1111
64 2 16 89 0.000241 1111
64 2 16 90 0.000290 1111
64 2 16 91 0.000269 2222
64 2 16 92 0.000328 0000
64 2 16 93 0.000295 2222
64 2 16 94 0.000295 1111
64 2 16 95 0.000256 0000
64 2 16 96 0.000313 1111
64 2 16 97 0.000215 0000
64 2 16 98 0.000293 0000
64 2 16 99 0.000248 2222
64 2 32 0 0.000211 22
64 2 32 1 0.000341 00
64 2 32 2 0.000316 11
64 2 32 3 0.000223 11
64 2 32 4 0.000281 11
64 2 32 5 0.000325 11
64 2 32 6 0.000228 11
64 2 32 7 0.000220 11
64 2 32 8 0.000245 11
64 2 32 9 0.000313 00
64 2 32 10 0.000262 00
64 2 32 11 0.000245 11
64 2 32 12 0.000285 00
64 2 32 13 0.000278 11
64 2 32 14 0.000256 11
64 2 32 15 0.000252 11
64 2 32 16 0.000259 22
64 2 32 17 0.000276 11
64 2 32 18 0.000297 22
64 2 32 19 0.000352 22
64 2 32 20 0.000292 11
64 2 32 21 0.000282 11
64 2 32 22 0.000294 00
64 2 32 23 0.000244 00
64 2 32 24 0.000267 00
64 2 32 25 0.000276 11
64 2 32 26 0.000316 11
64 2 32 27 0.000331 11
64 2 32 28 0.000257 11
64 2 32 29 0.000287 00
64 2 32 30 0.000296 00
64 2 32 31 0.000344 11
64 2 32 32 0.000242 00
64 2 32 33 0.000228 00
64 2 32 34 0.000281 11
64 2 32 35 0.000237 11
64 2 32 36 0.000298 00
64 2 32 37 0.000285 11
64 2 32 38 0.000291 11
64 2 32 39 0.000339 11
64 2 32 40 0.000262 22
64 2 32 41 0.000311 00
64 2 32 42 0.000291 11
64 2 32 43 0.000294 11
64 2 32 44 0.000294 11
64 2 32 45 0.000320 00
64 2 32 46 0.000274 11
64 2 32 47 0.000266 11
64 2 32 48 0.000274 00
64 2 32 49 0.000311 11
64 2 32 50 0.000291 00
64 2 32 51 0.000234 00
64 2 32 52 0.000310 11
64 2 32 53 0.000279 11
64 2 32 54 0.000288 11
64 2 32 55 0.000327 22
64 2 32 56 0.000253 11
64 2 32 57 0.000254 11
64 2 32 58 0.000276 11
64 2 32 59 0.000302 00
64 2 32 60 0.000251 11
64 2 32 61 0.000321 11
64 2 32 62 0.000297 11
64 2 32 63 0.000294 22
64 2 32 64 0.000255 00
64 2 32 65 0.000225 22
64 2 32 66 0.000279 00
64 2 32 67 0.000336 00
64 2 32 68 0.000339 11
64 2 32 69 0.000274 11
64 2 32 70 0.000212 22
64 2 32 71 0.000326 00
64 2 32 72 0.000299 00
64 2 32 73 0.000234 11
64 2 32 74 0.000320 00
64 2 32 75 0.000265 11
64 2 32 76 0.000340 11
64 2 32 77 0.000322 11
64 2 32 78 0.000313 22
64 2 32 79 0.000218 22
64 2 32 80 0.000231 00
64 2 32 81 0.000334 00
64 2 32 82 0.000329 22
64 2 32 83 0.000253 00
64 2 32 84 0.000253 11
64 2 32 85 0.000284 11
64 2 32 86 0.000301 22
64 2 32 87 0.000277 22
64 2 32 88 0.000208 11
64 2 32 89 0.000242 11
64 2 32 90 0.000305 11
64 2 32 91 0.000274 22
64 2 32 92 0.000335 00
64 2 32 93 0.000304 22
64 2 32 94 0.000316 11
64 2 32 95 0.000258 00
64 2 32 96 0.000321 11
64 2 32 97 0.000209 00
64 2 32 98 0.000297 00
64 2 32 99 0.000252 22
64 4 8 0 0.000553 22222222
64 4 8 1 0.000942 00000000
64 4 8 2 0.000821 11111111
64 4 8 3 0.000472 11111111
64 4 8 4 0.000786 11111111
64 4 8 5 0.000889 11111111
64 4 8 6 0.000616 11111111
64 4 8 7 0.000574 11111111
64 4 8 8 0.000643 11111111
64 4 8 9 0.000743 00000000
64 4 8 10 0.000627 00000000
64 4 8 11 0.000687 11111111
64 4 8 12 0.000749 00000000
64 4 8 13 0.000701 11111111
64 4 8 14 0.000603 11111111
64 4 8 15 0.000610 11111111
64 4 8 16 0.000688 22222222
64 4 8 17 0.000721 11111111
64 4 8 18 0.000705 22222222
64 4 8 19 0.000923 22222222
64 4 8 20 0.000756 11111111
64 4 8 21 0.000738 11111111
64 4 8 22 0.000743 00000000
64 4 8 23 0.000609 00000000
64 4 8 24 0.000699 00000000
64 4 8 25 0.000742 11111111
64 4 8 26 0.000788 11111111
64 4 8 27 0.000824 11111111
64 4 8 28 0.000660 11111111
64 4 8 29 0.000743 00000000
64 4 8 30 0.000723 00000000
64 4 8 31 0.000950 11111111
64 4 8 32 0.000579 00000000
64 4 8 33 0.000519 00000000
64 4 8 34 0.000687 11111111
64 4 8 35 0.000573 11111111
64 4 8 36 0.000795 00000000
64 4 8 37 0.000742 11111111
64 4 8 38 0.000791 11111111
64 4 8 39 0.000933 11111111
64 4 8 40 0.000665 22222222
64 4 8 41 0.000767 00000000
64 4 8 42 0.000681 11111111
64 4 8 43 0.000817 11111111
64 4 8 44 0.000802 11111111
64 4 8 45 0.000697 00000000
64 4 8 46 0.000645 11111111
64 4 8 47 0.000648 11111111
64 4 8 48 0.000696 00000000
64 4 8 49 0.000730 11111111
64 4 8 50 0.000728 00000000
64 4 8 51 0.000567 00000000
64 4 8 52 0.000821 11111111
64 4 8 53 0.000737 11111111
64 4 8 54 0.000774 11111111
64 4 8 55 0.000909 22222222
64 4 8 56 0.000627 11111111
64 4 8 57 0.000725 11111111
64 4 8 58 0.000644 11111111
64 4 8 59 0.000823 00000000
64 4 8 60 0.000640 11111111
64 4 8 61 0.000887 11111111
64 4 8 62 0.000799 11111111
64 4 8 63 0.000775 22222222
64 4 8 64 0.000642 00000000
64 4 8 65 0.000522 22222222
64 4 8 66 0.000668 00000000
64 4 8 67 0.000869 00000000
64 4 8 68 0.000940 11111111
64 4 8 69 0.000720 11111111
64 4 8 70 0.000534 22222222
64 4 8 71 0.000831 00000000
64 4 8 72 0.000768 00000000
64 4 8 73 0.000559 11111111
64 4 8 74 0.000767 00000000
64 4 8 75 0.000617 11111111
64 4 8 76 0.000880 11111111
64 4 8 77 0.000854 11111111
64 4 8 78 0.000872 22222222
64 4 8 79 0.000546 22222222
64 4 8 80 0.000585 00000000
64 4 8 81 0.000866 00000000
64 4 8 82 0.000869 22222222
64 4 8 83 0.000657 00000000
64 4 8 84 0.000679 11111111
64 4 8 85 0.000758 11111111
64 4 8 86 0.000797 22222222
64 4 8 87 0.000709 22222222
64 4 8 88 0.000431 11111111
64 4 8 89 0.000574 11111111
64 4 8 90 0.000747 11111111
64 4 8 91 0.000642 22222222
64 4 8 92 0.000909 00000000
64 4 8 93 0.000804 22222222
64 4 8 94 0.000742 11111111
64 4 8 95 0.000649 00000000
64 4 8 96 0.000798 11111111
64 4 8 97 0.000524 00000000
64 4 8 98 0.000761 00000000
64 4 8 99 0.000600 22222222
64 4 16 0 0.000546 2222
64 4 16 1 0.000952 0000
64 4 16 2 0.000806 1111
64 4 16 3 0.000488 1111
64 4 16 4 0.000777 1111
64 4 16 5 0.000927 1111
64 4 16 6 0.000578 1111
64 4 16 7 0.000595 1111
64 4 16 8 0.000632 1111
64 4 16 9 0.000732 0000
64 4 16 10 0.000625 0000
64 4 16 11 0.000604 1111
64 4 16 12 0.000729 0000
64 4 16 13 0.000693 1111
64 4 16 14 0.000611 1111
64 4 16 15 0.000594 1111
64 4 16 16 0.000674 2222
64 4 16 17 0.000705 1111
64 4 16 18 0.000699 2222
64 4 16 19 0.000904 2222
64 4 16 20 0.000746 1111
64 4 16 21 0.000751 1111
64 4 16 22 0.000727 0000
64 4 16 23 0.000613 0000
64 4 16 24 0.000686 0000
64 4 16 25 0.000735 1111
64 4 16 26 0.000775 1111
64 4 16 27 0.000797 1111
64 4 16 28 0.000633 1111
64 4 16 29 0.000746 0000
64 4 16 30 0.000697 0000
64 4 16 31 0.000920 1111
64 4 16 32 0.000555 0000
64 4 16 33 0.000519 0000
64 4 16 34 0.000668 1111
64 4 16 35 0.000570 1111
64 4 16 36 0.000763 0000
64 4 16 37 0.000772 1111
64 4 16 38 0.000741 1111
64 4 16 39 0.000907 1111
64 4 16 40 0.000656 2222
64 4 16 41 0.000792 0000
64 4 16 42 0.000664 1111
64 4 16 43 0.000779 1111
64 4 16 44 0.000802 1111
64 4 16 45 0.000647 0000
64 4 16 46 0.000636 1111
64 4 16 47 0.000636 1111
64 4 16 48 0.000684 0000
64 4 16 49 0.000705 1111
64 4 16 50 0.000706 0000
64 4 16 51 0.000562 0000
64 4 16 52 0.000835 1111
64 4 16 53 0.000716 1111
64 4 16 54 0.000805 1111
64 4 16 55 0.000901 2222
64 4 16 56 0.000619 1111
64 4 16 57 0.000685 1111
64 4 16 58 0.000642 1111
64 4 16 59 0.000775 0000
64 4 16 60 0.000639 1111
64 4 16 61 0.000868 1111
64 4 16 62 0.000769 1111
64 4 16 63 0.000766 2222
64 4 16 64 0.000622 0000
64 4 16 65 0.000504 2222
64 4 16 66 0.000650 0000
64 4 16 67 0.000868 0000
64 4 16 68 0.000948 1111
64 4 16 69 0.000705 1111
64 4 16 70 0.000480 2222
64 4 16 71 0.000813 0000
64 4 16 72 0.000782 0000
64 4 16 73 0.000548 1111
64 4 16 74 0.000749 0000
64 4 16 75 0.000593 1111
64 4 16 76 0.000871 1111
64 4 16 77 0.000838 1111
64 4 16 78 0.000853 2222
64 4 16 79 0.000543 2222
64 4 16 80 0.000571 0000
64 4 16 81 0.000867 0000
64 4 16 82 0.000855 2222
64 4 16 83 0.000634 0000
64 4 16 84 0.000661 1111
64 4 16 85 0.000698 1111
64 4 16 86 0.000769 2222
64 4 16 87 0.000694 2222
64 4 16 88 0.000429 1111
64 4 16 89 0.000570 1111
64 4 16 90 0.000760 1111
64 4 16 91 0.000648 2222
64 4 16 92 0.000919 0000
64 4 16 93 0.000766 2222
64 4 16 94 0.000746 1111
64 4 16 95 0.000649 0000
64 4 16 96 0.000789 1111
64 4 16 97 0.000508 0000
64 4 16 98 0.000837 0000
64 4 16 99 0.000600 2222
64 4 32 0 0.000558 22
64 4 32 1 0.001001 00
64 4 32 2 0.000811 11
64 4 32 3 0.000481 11
64 4 32 4 0.000772 11
64 4 32 5 0.000903 11
64 4 32 6 0.000593 11
64 4 32 7 0.000565 11
64 4 32 8 0.000624 11
64 4 32 9 0.000741 00
64 4 32 10 0.000624 00
64 4 32 11 0.000632 11
64 4 32 12 0.000766 00
64 4 32 13 0.001198 11
64 4 32 14 0.000616 11
64 4 32 15 0.000595 11
64 4 32 16 0.000695 22
64 4 32 17 0.000689 11
64 4 32 18 0.000737 22
64 4 32 19 0.000937 22
64 4 32 20 0.000766 11
64 4 32 21 0.000758 11
64 4 32 22 0.000746 00
64 4 32 23 0.000597 00
64 4 32 24 0.000693 00
64 4 32 25 0.000760 11
64 4 32 26 0.000783 11
64 4 32 27 0.000815 11
64 4 32 28 0.000648 11
64 4 32 29 0.000729 00
64 4 32 30 0.000708 00
64 4 32 31 0.000959 11
64 4 32 32 0.000568 00
64 4 32 33 0.000524 00
64 4 32 34 0.000676 11
64 4 32 35 0.000576 11
64 4 32 36 0.000791 00
64 4 32 37 0.000737 11
64 4 32 38 0.000761 11
64 4 32 39 0.000961 11
64 4 32 40 0.000670 22
64 4 32 41 0.000799 00
64 4 32 42 0.000688 11
64 4 32 43 0.000803 11
64 4 32 44 0.000835 11
64 4 32 45 0.000681 00
64 4 32 46 0.000641 11
64 4 32 47 0.000669 11
64 4 32 48 0.000727 00
64 4 32 49 0.000749 11
64 4 32 50 0.000735 00
64 4 32 51 0.000573 00
64 4 32 52 0.000860 11
64 4 32 53 0.000753 11
64 4 32 54 0.000781 11
64 4 32 55 0.000922 22
64 4 32 56 0.000625 11
64 4 32 57 0.000691 11
64 4 32 58 0.000649 11
64 4 32 59 0.000777 00
64 4 32 60 0.000655 11
64 4 32 61 0.000886 11
64 4 32 62 0.000777 11
64 4 32 63 0.000793 22
64 4 32 64 0.000647 00
64 4 32 65 0.000506 22
64 4 32 66 0.000664 00
64 4 32 67 0.000923 00
64 4 32 68 0.000949 11
64 4 32 69 0.000725 11
64 4 32 70 0.000496 22
64 4 32 71 0.000852 00
64 4 32 72 0.000770 00
64 4 32 73 0.000565 11
64 4 32 74 0.000759 00
64 4 32 75 0.000620 11
64 4 32 76 0.000867 11
64 4 32 77 0.000836 11
64 4 32 78 0.000875 22
64 4 32 79 0.000556 22
64 4 32 80 0.000569 00
64 4 32 81 0.000847 00
64 4 32 82 0.000872 22
64 4 32 83 0.000650 00
64 4 32 84 0.000647 11
64 4 32 85 0.000704 11
64 4 32 86 0.000832 22
64 4 32 87 0.000704 22
64 4 32 88 0.000434 11
64 4 32 89 0.000581 11
64 4 32 90 0.000792 11
64 4 32 91 0.000682 22
64 4 32 92 0.000935 00
64 4 32 93 0.000772 22
64 4 32 94 0.000779 11
64 4 32 95 0.000636 00
64 4 32 96 0.000818 11
64 4 32 97 0.000518 00
64 4 32 98 0.000780 00
64 4 32 99 0.000580 22
64 8 16 0 0.001662 2222
64 8 16 1 0.002872 0000
64 8 16 2 0.002446 1111
64 8 16 3 0.001194 1111
64 8 16 4 0.002281 1111
64 8 16 5 0.002696 1111
64 8 16 6 0.001710 1111
64 8 16 7 0.001505 1111
64 8 16 8 0.001634 1111
64 8 16 9 0.002030 0000
64 8 16 10 0.001972 0000
64 8 16 11 0.001743 1111
64 8 16 12 0.002290 0000
64 8 16 13 0.001751 1111
64 8 16 14 0.001823 1111
64 8 16 15 0.001708 1111
64 8 16 16 0.002045 2222
64 8 16 17 0.001906 1111
64 8 16 18 0.002076 2222
64 8 16 19 0.002878 2222
64 8 16 20 0.002138 1111
64 8 16 21 0.002282 1111
64 8 16 22 0.002174 0000
64 8 16 23 0.001651 0000
64 8 16 24 0.001919 0000
64 8 16 25 0.002314 1111
64 8 16 26 0.002565 1111
64 8 16 27 0.002397 1111
64 8 16 28 0.001666 1111
64 8 16 29 0.002201 0000
64 8 16 30 0.002049 0000
64 8 16 31 0.002957 1111
64 8 16 32 0.001595 0000
64 8 16 33 0.001424 0000
64 8 16 34 0.001790 1111
64 8 16 35 0.001373 1111
64 8 16 36 0.002234 0000
64 8 16 37 0.002199 1111
64 8 16 38 0.002460 1111
64 8 16 39 0.002991 1111
64 8 16 40 0.001962 2222
64 8 16 41 0.002552 0000
64 8 16 42 0.001964 1111
64 8 16 43 0.002193 1111
64 8 16 44 0.002414 1111
64 8 16 45 0.001934 0000
64 8 16 46 0.001933 1111
64 8 16 47 0.001857 1111
64 8 16 48 0.002075 0000
64 8 16 49 0.001961 1111
64 8 16 50 0.002204 0000
64 8 16 51 0.001682 0000
64 8 16 52 0.002329 1111
64 8 16 53 0.002019 1111
64 8 16 54 0.002309 1111
64 8 16 55 0.002582 2222
64 8 16 56 0.001873 1111
64 8 16 57 0.002163 1111
64 8 16 58 0.001777 1111
64 8 16 59 0.002486 0000
64 8 16 60 0.001891 1111
64 8 16 61 0.002740 1111
64 8 16 62 0.002196 1111
64 8 16 63 0.002393 2222
64 8 16 64 0.001811 0000
64 8 16 65 0.001330 2222
64 8 16 66 0.001782 0000
64 8 16 67 0.002771 0000
64 8 16 68 0.002534 1111
64 8 16 69 0.001951 1111
64 8 16 70 0.001339 2222
64 8 16 71 0.002602 0000
64 8 16 72 0.002160 0000
64 8 16 73 0.001649 1111
64 8 16 74 0.002041 0000
64 8 16 75 0.001801 1111
64 8 16 76 0.003056 1111
64 8 16 77 0.002571 1111
64 8 16 78 0.002653 2222
64 8 16 79 0.001390 2222
64 8 16 80 0.001628 0000
64 8 16 81 0.002518 0000
64 8 16 82 0.002365 2222
64 8 16 83 0.001814 0000
64 8 16 84 0.001871 1111
64 8 16 85 0.002091 1111
64 8 16 86 0.002224 2222
64 8 16 87 0.002067 2222
64 8 16 88 0.001235 1111
64 8 16 89 0.001568 1111
64 8 16 90 0.001975 1111
64 8 16 91 0.001857 2222
64 8 16 92 0.002993 0000
64 8 16 93 0.002083 2222
64 8 16 94 0.002210 1111
64 8 16 95 0.001983 0000
64 8 16 96 0.002727 1111
64 8 16 97 0.001453 0000
64 8 16 98 0.002579 0000
64 8 16 99 0.001712 2222
64 8 32 0 0.001687 22
64 8 32 1 0.003170 00
64 8 32 2 0.002444 11
64 8 32 3 0.001196 11
64 8 32 4 0.002317 11
64 8 32 5 0.002703 11
64 8 32 6 0.001770 11
64 8 32 7 0.001595 11
64 8 32 8 0.001678 11
64 8 32 9 0.002187 00
64 8 32 10 0.001955 00
64 8 32 11 0.001839 11
64 8 32 12 0.002265 00
64 8 32 13 0.001773 11
64 8 32 14 0.001927 11
64 8 32 15 0.001663 11
64 8 32 16 0.002261 22
64 8 32 17 0.001957 11
64 8 32 18 0.002160 22
64 8 32 19 0.002878 22
64 8 32 20 0.002323 11
64 8 32 21 0.002247 11
64 8 32 22 0.002163 00
64 8 32 23 0.001770 00
64 8 32 24 0.001981 00
64 8 32 25 0.002334 11
64 8 32 26 0.002498 11
64 8 32 27 0.002373 11
64 8 32 28 0.001721 11
64 8 32 29 0.002164 00
64 8 32 30 0.002108 00
64 8 32 31 0.002928 11
64 8 32 32 0.001613 00
64 8 32 33 0.001390 00
64 8 32 34 0.001866 11
64 8 32 35 0.001475 11
64 8 32 36 0.002324 00
64 8 32 37 0.002310 11
64 8 32 38 0.002513 11
64 8 32 39 0.002899 11
64 8 32 40 0.001917 22
64 8 32 41 0.002677 00
64 8 32 42 0.001998 11
64 8 32 43 0.002252 11
64 8 32 44 0.002470 11
64 8 32 45 0.001840 00
64 8 32 46 0.001863 11
64 8 32 47 0.001875 11
64 8 32 48 0.002126 00
64 8 32 49 0.001982 11
64 8 32 50 0.002205 00
64 8 32 51 0.001736 00
64 8 32 52 0.002143 11
64 8 32 53 0.001972 11
64 8 32 54 0.002390 11
64 8 32 55 0.002739 22
64 8 32 56 0.001895 11
64 8 32 57 0.002168 11
64 8 32 58 0.001795 11
64 8 32 59 0.002348 00
64 8 32 60 0.001818 11
64 8 32 61 0.002693 11
64 8 32 62 0.002302 11
64 8 32 63 0.002191 22
64 8 32 64 0.001900 00
64 8 32 65 0.001363 22
64 8 32 66 0.001874 00
64 8 32 67 0.002849 00
64 8 32 68 0.002691 11
64 8 32 69 0.001896 11
64 8 32 70 0.001403 22
64 8 32 71 0.002537 00
64 8 32 72 0.002231 00
64 8 32 73 0.001693 11
64 8 32 74 0.002095 00
64 8 32 75 0.001856 11
64 8 32 76 0.003164 11
64 8 32 77 0.002675 11
64 8 32 78 0.002711 22
64 8 32 79 0.001374 22
64 8 32 80 0.001667 00
64 8 32 81 0.002590 00
64 8 32 82 0.002431 22
64 8 32 83 0.001827 00
64 8 32 84 0.001853 11
64 8 32 85 0.002178 11
64 8 32 86 0.002363 22
64 8 32 87 0.002067 22
64 8 32 88 0.001219 11
64 8 32 89 0.001618 11
64 8 32 90 0.002064 11
64 8 32 91 0.001894 22
64 8 32 92 0.003010 00
64 8 32 93 0.002116 22
64 8 32 94 0.002221 11
64 8 32 95 0.001919 00
64 8 32 96 0.002713 11
64 8 32 97 0.001446 00
64 8 32 98 0.002650 00
64 8 32 99 0.001824 22
128 2 4 0 0.000552 11111111111111111111111111111111
128 2 4 1 0.000508 11111111111111111111111111111111
128 2 4 2 0.000582 11111111111111111111111111111111
128 2 4 3 0.000549 11111111111111111111111111111111
128 2 4 4 0.000595 12222222222222222222222222222222
128 2 4 5 0.000562 11111111111111111111111111111111
128 2 4 6 0.000640 11111111111111111111111111111111
128 2 4 7 0.000596 11111111111111111111111111111111
128 2 4 8 0.000659 22222222222222222222222222222222
128 2 4 9 0.000508 00000000000000000000000000000000
128 2 4 10 0.001265 11111111111111111111111111111111
128 2 4 11 0.000590 11111111111111111111111111111111
128 2 4 12 0.000597 00000000000000000000000000000000
128 2 4 13 0.000540 11111111111111111111111111111111
128 2 4 14 0.000637 11111111111111111111111111111111
128 2 4 15 0.000497 11111111111111111111111111111111
128 2 4 16 0.000609 11111111111111111111111111111111
128 2 4 17 0.000634 22222222222222222222222222222222
128 2 4 18 0.000614 11111111111111111111111111111111
128 2 4 19 0.000595 11111111111111111111111111111111
128 2 4 20 0.000597 11111111111111111111111111111111
128 2 4 21 0.000591 00000000000000000000000000000000
128 2 4 22 0.000634 11111111111111111111111111111111
128 2 4 23 0.000635 00000000000000000000000000000000
128 2 4 24 0.000554 00000000000000000000000000000000
128 2 4 25 0.000540 11111111111111111111111111111111
128 2 4 26 0.000630 11111111111111111111111111111111
128 2 4 27 0.000522 11111111111111111111111111111111
128 2 4 28 0.000634 11111111111111111111111111111111
128 2 4 29 0.000594 11111111111111111111111111111111
128 2 4 30 0.000534 22222222222222222222222222222222
128 2 4 31 0.000602 00000000000000000000000000000000
128 2 4 32 0.000557 11111111111111111111111111111111
128 2 4 33 0.000548 00000000000000000000000000000000
128 2 4 34 0.000587 11111111111111111111111111111111
128 2 4 35 0.000677 00000000000000000000000000000000
128 2 4 36 0.000568 00000000000000000000000000000000
128 2 4 37 0.000590 22222222222222222222222222222222
128 2 4 38 0.000621 22222222222222222222222222222222
128 2 4 39 0.000547 11111111111111111111111111111111
128 2 4 40 0.000551 22222222222222222222222222222222
128 2 4 41 0.000614 11111111111111111111111111111111
128 2 4 42 0.000621 00000000000000000000000000000000
128 2 4 43 0.000577 11111111111111111111111111111111
128 2 4 44 0.000497 11111111111111111111111111111111
128 2 4 45 0.000519 12222222222222222222222222222222
128 2 4 46 0.000578 00000000000000000000000000000000
128 2 4 47 0.000539 22222222222222222222222222222222
128 2 4 48 0.000589 22222222222222222222222222222222
128 2 4 49 0.000628 11111111111111111111111111111111
128 2 4 50 0.000630 00000000000000000000000000000000
128 2 4 51 0.000621 12222222222222222222222222222222
128 2 4 52 0.000614 22222222222222222222222222222222
128 2 4 53 0.000639 22222222222222222222222222222222
128 2 4 54 0.000608 11111111111111111111111111111111
128 2 4 55 0.000551 00000000000000000000000000000000
128 2 4 56 0.000600 00000000000000000000000000000000
128 2 4 57 0.000593 11111111111111111111111111111111
128 2 4 58 0.000667 00000000000000000000000000000000
128 2 4 59 0.000559 00000000000000000000000000000000
128 2 4 60 0.000594 00000000000000000000000000000000
128 2 4 61 0.000472 11111111111111111111111111111111
128 2 4 62 0.000622 22222222222222222222222222222222
128 2 4 63 0.000575 11111111111111111111111111111111
128 2 4 64 0.000575 11111111111111111111111111111111
128 2 4 65 0.000501 22222222222222222222222222222222
128 2 4 66 0.000583 22222222222222222222222222222222
128 2 4 67 0.000494 22222222222222222222222222222222
128 2 4 68 0.000603 11111111111111111111111111111111
128 2 4 69 0.000571 00000000000000000000000000000000
128 2 4 70 0.000608 11111111111111111111111111111111
128 2 4 71 0.000692 00000000000000000000000000000000
128 2 4 72 0.000598 00000000000000000000000000000000
128 2 4 73 0.000565 22222222222222222222222222222222
128 2 4 74 0.000578 11111111111111111111111111111111
128 2 4 75 0.000488 00000000000000000000000000000000
128 2 4 76 0.000606 11111111111111111111111111111111
128 2 4 77 0.000588 11111111111111111111111111111111
128 2 4 78 0.000545 11111111111111111111111111111111
128 2 4 79 0.000565 00000000000000000000000000000000
128 2 4 80 0.000543 22222222222222222222222222222222
128 2 4 81 0.000608 11111111111111111111111111111111
128 2 4 82 0.000655 11111111111111111111111111111111
128 2 4 83 0.000621 11111111111111111111111111111111
128 2 4 84 0.000583 00000000000000000000000000000000
128 2 4 85 0.000614 11111111111111111111111111111111
128 2 4 86 0.000508 00000000000000000000000000000000
128 2 4 87 0.000485 11111111111111111111111111111111
128 2 4 88 0.000619 00000000000000000000000000000000
128 2 4 89 0.000605 11111111111111111111111111111111
128 2 4 90 0.000572 22222222222222222222222222222222
128 2 4 91 0.000565 22222222222222222222222222222222
128 2 4 92 0.000569 00000000000000000000000000000000
128 2 4 93 0.000546 00000000000000000000000000000000
128 2 4 94 0.000504 00000000000000000000000000000000
128 2 4 95 0.000547 11111111111111111111111111111111
128 2 4 96 0.000601 11111111111111111111111111111111
128 2 4 97 0.000473 22222222222222222222222222222222
128 2 4 98 0.000638 11111111111111111111111111111111
128 2 4 99 0.000570 22222222222222222222222222222222
128 2 8 0 0.000560 1111111111111111
128 2 8 1 0.000504 1111111111111111
128 2 8 2 0.000592 1111111111111111
128 2 8 3 0.000547 1111111111111111
128 2 8 4 0.000630 2222222222222222
128 2 8 5 0.000554 1111111111111111
128 2 8 6 0.000639 1111111111111111
128 2 8 7 0.000577 1111111111111111
128 2 8 8 0.000633 2222222222222222
128 2 8 9 0.000511 0000000000000000
128 2 8 10 0.000649 1111111111111111
128 2 8 11 0.000596 1111111111111111
128 2 8 12 0.000576 0000000000000000
128 2 8 13 0.000542 1111111111111111
128 2 8 14 0.000640 1111111111111111
128 2 8 15 0.000484 1111111111111111
128 2 8 16 0.000596 1111111111111111
128 2 8 17 0.000615 2222222222222222
128 2 8 18 0.000622 1111111111111111
128 2 8 19 0.000574 1111111111111111
128 2 8 20 0.000629 1111111111111111
128 2 8 21 0.000572 0000000000000000
128 2 8 22 0.000654 1111111111111111
128 2 8 23 0.000614 0000000000000000
128 2 8 24 0.000561 0000000000000000
128 2 8 25 0.000535 1111111111111111
128 2 8 26 0.000606 1111111111111111
128 2 8 27 0.000532 1111111111111111
128 2 8 28 0.000628 1111111111111111
128 2 8 29 0.000608 1111111111111111
128 2 8 30 0.000523 2222222222222222
128 2 8 31 0.000606 0000000000000000
128 2 8 32 0.000556 1111111111111111
128 2 8 33 0.000550 0000000000000000
128 2 8 34 0.000584 1111111111111111
128 2 8 35 0.000650 0000000000000000
128 2 8 36 0.000579 0000000000000000
128 2 8 37 0.000582 2222222222222222
128 2 8 38 0.000632 2222222222222222
128 2 8 39 0.000547 1111111111111111
128 2 8 40 0.000552 2222222222222222
128 2 8 41 0.000628 1111111111111111
128 2 8 42 0.000615 0000000000000000
128 2 8 43 0.000566 1111111111111111
128 2 8 44 0.000499 1111111111111111
128 2 8 45 0.000537 2222222222222222
128 2 8 46 0.000579 0000000000000000
128 2 8 47 0.000537 2222222222222222
128 2 8 48 0.000591 2222222222222222
128 2 8 49 0.000621 1111111111111111
128 2 8 50 0.000623 0000000000000000
128 2 8 51 0.000613 2222222222222222
128 2 8 52 0.000614 2222222222222222
128 2 8 53 0.000609 2222222222222222
128 2 8 54 0.000614 1111111111111111
128 2 8 55 0.000557 0000000000000000
128 2 8 56 0.000615 0000000000000000
128 2 8 57 0.000591 1111111111111111
128 2 8 58 0.000630 0000000000000000
128 2 8 59 0.000559 0000000000000000
128 2 8 60 0.000569 0000000000000000
128 2 8 61 0.000472 1111111111111111
128 2 8 62 0.000627 2222222222222222
128 2 8 63 0.000604 1111111111111111
128 2 8 64 0.000582 1111111111111111
128 2 8 65 0.000505 2222222222222222
128 2 8 66 0.000572 2222222222222222
128 2 8 67 0.000499 2222222222222222
128 2 8 68 0.000623 1111111111111111
128 2 8 69 0.000574 0000000000000000
128 2 8 70 0.000565 1111111111111111
128 2 8 71 0.000685 0000000000000000
128 2 8 72 0.000601 0000000000000000
128 2 8 73 0.000563 2222222222222222
128 2 8 74 0.000574 1111111111111111
128 2 8 75 0.000477 0000000000000000
128 2 8 76 0.000576 1111111111111111
128 2 8 77 0.000583 1111111111111111
128 2 8 78 0.000519 1111111111111111
128 2 8 79 0.000558 0000000000000000
128 2 8 80 0.000551 2222222222222222
128 2 8 81 0.000599 1111111111111111
128 2 8 82 0.000680 1111111111111111
128 2 8 83 0.000613 1111111111111111
128 2 8 84 0.000600 0000000000000000
128 2 8 85 0.000599 1111111111111111
128 2 8 86 0.000502 0000000000000000
128 2 8 87 0.000478 1111111111111111
128 2 8 88 0.000627 0000000000000000
128 2 8 89 0.000591 1111111111111111
128 2 8 90 0.000634 2222222222222222
128 2 8 91 0.000572 2222222222222222
128 2 8 92 0.000571 0000000000000000
128 2 8 93 0.000544 0000000000000000
128 2 8 94 0.000486 0000000000000000
128 2 8 95 0.000552 1111111111111111
128 2 8 96 0.000605 1111111111111111
128 2 8 97 0.000451 2222222222222222
128 2 8 98 0.000644 1111111111111111
128 2 8 99 0.000576 2222222222222222
128 2 16 0 0.000544 11111111
128 2 16 1 0.000483 11111111
128 2 16 2 0.000576 11111111
128 2 16 3 0.000540 11111111
128 2 16 4 0.000585 22222222
128 2 16 5 0.000541 11111111
128 2 16 6 0.000614 11111111
128 2 16 7 0.000568 11111111
128 2 16 8 0.000627 22222222
128 2 16 9 0.000484 00000000
128 2 16 10 0.000648 11111111
128 2 16 11 0.000571 11111111
128 2 16 12 0.000556 00000000
128 2 16 13 0.000524 11111111
128 2 16 14 0.000627 11111111
128 2 16 15 0.000465 11111111
128 2 16 16 0.000578 11111111
128 2 16 17 0.000593 22222222
128 2 16 18 0.000605 11111111
128 2 16 19 0.000553 11111111
128 2 16 20 0.000596 11111111
128 2 16 21 0.000559 00000000
128 2 16 22 0.000624 11111111
128 2 16 23 0.000603 00000000
128 2 16 24 0.000548 00000000
128 2 16 25 0.000512 11111111
128 2 16 26 0.000630 11111111
128 2 16 27 0.000507 11111111
128 2 16 28 0.000608 11111111
128 2 16 29 0.000571 11111111
128 2 16 30 0.000509 22222222
128 2 16 31 0.000578 00000000
128 2 16 32 0.000550 11111111
128 2 16 33 0.000536 00000000
128 2 16 34 0.000565 11111111
128 2 16 35 0.000624 00000000
128 2 16 36 0.000571 00000000
128 2 16 37 0.000559 22222222
128 2 16 38 0.000597 22222222
128 2 16 39 0.000527 11111111
128 2 16 40 0.000545 22222222
128 2 16 41 0.000615 11111111
128 2 16 42 0.000606 00000000
128 2 16 43 0.000554 11111111
128 2 16 44 0.000477 11111111
128 2 16 45 0.000519 22222222
128 2 16 46 0.000563 00000000
128 2 16 47 0.000527 22222222
128 2 16 48 0.000573 22222222
128 2 16 49 0.000605 11111111
128 2 16 50 0.000618 00000000
128 2 16 51 0.000600 22222222
128 2 16 52 0.000591 22222222
128 2 16 53 0.000621 22222222
128 2 16 54 0.000603 11111111
128 2 16 55 0.000537 00000000
128 2 16 56 0.000601 00000000
128 2 16 57 0.000588 11111111
128 2 16 58 0.000607 00000000
128 2 16 59 0.000543 00000000
128 2 16 60 0.000545 00000000
128 2 16 61 0.000473 11111111
128 2 16 62 0.000609 22222222
128 2 16 63 0.000548 11111111
128 2 16 64 0.000561 11111111
128 2 16 65 0.000484 22222222
128 2 16 66 0.000554 22222222
128 2 16 67 0.000486 22222222
128 2 16 68 0.000594 11111111
128 2 16 69 0.000552 00000000
128 2 16 70 0.000551 11111111
128 2 16 71 0.000678 00000000
128 2 16 72 0.000592 00000000
128 2 16 73 0.000576 22222222
128 2 16 74 0.000594 11111111
128 2 16 75 0.000465 00000000
128 2 16 76 0.000579 11111111
128 2 16 77 0.000555 11111111
128 2 16 78 0.000506 11111111
128 2 16 79 0.000533 00000000
128 2 16 80 0.000533 22222222
128 2 16 81 0.000578 11111111
128 2 16 82 0.000649 11111111
128 2 16 83 0.000609 11111111
128 2 16 84 0.000573 00000000
128 2 16 85 0.000608 11111111
128 2 16 86 0.000482 00000000
128 2 16 87 0.000462 11111111
128 2 16 88 0.000611 00000000
128 2 16 89 0.000563 11111111
128 2 16 90 0.000555 22222222
128 2 16 91 0.000530 22222222
128 2 16 92 0.000555 00000000
128 2 16 93 0.000532 00000000
128 2 16 94 0.000460 00000000
128 2 16 95 0.000556 11111111
128 2 16 96 0.000588 11111111
128 2 16 97 0.000436 22222222
128 2 16 98 0.000610 11111111
128 2 16 99 0.000554 22222222
128 2 32 0 0.000576 1111
128 2 32 1 0.000488 1111
128 2 32 2 0.000591 1111
128 2 32 3 0.000545 1111
128 2 32 4 0.000598 2222
128 2 32 5 0.000550 1111
128 2 32 6 0.000633 1111
128 2 32 7 0.000581 1111
128 2 32 8 0.000626 2222
128 2 32 9 0.000494 0000
128 2 32 10 0.000640 1111
128 2 32 11 0.000583 1111
128 2 32 12 0.000556 0000
128 2 32 13 0.000530 1111
128 2 32 14 0.000643 1111
128 2 32 15 0.000465 1111
128 2 32 16 0.000599 1111
128 2 32 17 0.000605 2222
128 2 32 18 0.000614 1111
128 2 32 19 0.000566 1111
128 2 32 20 0.000590 1111
128 2 32 21 0.000565 0000
128 2 32 22 0.000626 1111
128 2 32 23 0.000636 0000
128 2 32 24 0.000541 0000
128 2 32 25 0.000528 1111
128 2 32 26 0.000612 1111
128 2 32 27 0.000515 1111
128 2 32 28 0.000612 1111
128 2 32 29 0.000581 1111
128 2 32 30 0.000521 2222
128 2 32 31 0.000584 0000
128 2 32 32 0.000553 1111
128 2 32 33 0.000532 0000
128 2 32 34 0.000574 1111
128 2 32 35 0.000633 0000
128 2 32 36 0.000572 0000
128 2 32 37 0.000580 2222
128 2 32 38 0.000601 2222
128 2 32 39 0.000535 1111
128 2 32 40 0.000541 2222
128 2 32 41 0.000617 1111
128 2 32 42 0.000625 0000
128 2 32 43 0.000557 1111
128 2 32 44 0.000502 1111
128 2 32 45 0.000508 2222
128 2 32 46 0.000566 0000
128 2 32 47 0.000541 2222
128 2 32 48 0.000580 2222
128 2 32 49 0.000622 1111
128 2 32 50 0.000617 0000
128 2 32 51 0.000602 2222
128 2 32 52 0.000603 2222
128 2 32 53 0.000605 2222
128 2 32 54 0.000612 1111
128 2 32 55 0.000543 0000
128 2 32 56 0.000602 0000
128 2 32 57 0.000578 1111
128 2 32 58 0.000631 0000
128 2 32 59 0.000544 0000
128 2 32 60 0.000566 0000
128 2 32 61 0.000461 1111
128 2 32 62 0.000615 2222
128 2 32 63 0.000576 1111
128 2 32 64 0.000570 1111
128 2 32 65 0.000495 2222
128 2 32 66 0.000561 2222
128 2 32 67 0.000492 2222
128 2 32 68 0.000608 1111
128 2 32 69 0.000558 0000
128 2 32 70 0.000556 1111
128 2 32 71 0.000686 0000
128 2 32 72 0.000592 0000
128 2 32 73 0.000556 2222
128 2 32 74 0.000562 1111
128 2 32 75 0.000480 0000
128 2 32 76 0.000589 1111
128 2 32 77 0.000573 1111
128 2 32 78 0.000512 1111
128 2 32 79 0.000547 0000
128 2 32 80 0.000542 2222
128 2 32 81 0.000580 1111
128 2 32 82 0.000666 1111
128 2 32 83 0.000614 1111
128 2 32 84 0.000580 0000
128 2 32 85 0.000594 1111
128 2 32 86 0.000496 0000
128 2 32 87 0.000485 1111
128 2 32 88 0.000617 0000
128 2 32 89 0.000591 1111
128 2 32 90 0.000548 2222
128 2 32 91 0.000583 2222
128 2 32 92 0.000573 0000
128 2 32 93 0.000536 0000
128 2 32 94 0.000479 0000
128 2 32 95 0.000543 1111
128 2 32 96 0.000596 1111
128 2 32 97 0.000435 2222
128 2 32 98 0.000623 1111
128 2 32 99 0.000572 2222
128 4 8 0 0.001445 1111111111111111
128 4 8 1 0.001179 1111111111111111
128 4 8 2 0.001580 1111111111111111
128 4 8 3 0.001457 1111111111111111
128 4 8 4 0.001568 2222222222222222
128 4 8 5 0.001422 1111111111111111
128 4 8 6 0.001686 1111111111111111
128 4 8 7 0.001597 1111111111111111
128 4 8 8 0.001671 2222222222222222
128 4 8 9 0.001268 0000000000000000
128 4 8 10 0.001732 1111111111111111
128 4 8 11 0.001562 1111111111111111
128 4 8 12 0.001456 0000000000000000
128 4 8 13 0.001403 1111111111111111
128 4 8 14 0.001694 1111111111111111
128 4 8 15 0.001146 1111111111111111
128 4 8 16 0.001542 1111111111111111
128 4 8 17 0.001598 2222222222222222
128 4 8 18 0.001612 1111111111111111
128 4 8 19 0.001535 1111111111111111
128 4 8 20 0.001654 1111111111111111
128 4 8 21 0.001479 0000000000000000
128 4 8 22 0.001649 1111111111111111
128 4 8 23 0.001597 0000000000000000
128 4 8 24 0.001431 0000000000000000
128 4 8 25 0.001349 1111111111111111
128 4 8 26 0.001607 1111111111111111
128 4 8 27 0.001394 1111111111111111
128 4 8 28 0.001645 1111111111111111
128 4 8 29 0.001565 1111111111111111
128 4 8 30 0.001388 2222222222222222
128 4 8 31 0.001609 0000000000000000
128 4 8 32 0.001526 1111111111111111
128 4 8 33 0.001412 0000000000000000
128 4 8 34 0.001502 1111111111111111
128 4 8 35 0.001742 0000000000000000
128 4 8 36 0.001524 0000000000000000
128 4 8 37 0.001549 2222222222222222
128 4 8 38 0.001603 2222222222222222
128 4 8 39 0.001435 1111111111111111
128 4 8 40 0.001430 2222222222222222
128 4 8 41 0.001653 1111111111111111
128 4 8 42 0.001615 0000000000000000
128 4 8 43 0.001493 1111111111111111
128 4 8 44 0.001281 1111111111111111
128 4 8 45 0.001298 2222222222222222
128 4 8 46 0.001551 0000000000000000
128 4 8 47 0.001285 2222222222222222
128 4 8 48 0.001504 2222222222222222
128 4 8 49 0.001742 1111111111111111
128 4 8 50 0.001692 0000000000000000
128 4 8 51 0.001601 2222222222222222
128 4 8 52 0.001628 2222222222222222
128 4 8 53 0.001478 2222222222222222
128 4 8 54 0.001622 1111111111111111
128 4 8 55 0.001353 0000000000000000
128 4 8 56 0.001568 0000000000000000
128 4 8 57 0.001531 1111111111111111
128 4 8 58 0.001738 0000000000000000
128 4 8 59 0.001347 0000000000000000
128 4 8 60 0.001478 0000000000000000
128 4 8 61 0.001153 1111111111111111
128 4 8 62 0.001687 2222222222222222
128 4 8 63 0.001477 1111111111111111
128 4 8 64 0.001470 1111111111111111
128 4 8 65 0.001275 2222222222222222
128 4 8 66 0.001495 2222222222222222
128 4 8 67 0.001222 2222222222222222
128 4 8 68 0.001648 1111111111111111
128 4 8 69 0.001535 0000000000000000
128 4 8 70 0.001532 1111111111111111
128 4 8 71 0.001870 0000000000000000
128 4 8 72 0.001541 0000000000000000
128 4 8 73 0.001460 2222222222222222
128 4 8 74 0.001496 1111111111111111
128 4 8 75 0.001229 0000000000000000
128 4 8 76 0.001530 1111111111111111
128 4 8 77 0.001541 1111111111111111
128 4 8 78 0.001228 1111111111111111
128 4 8 79 0.001499 0000000000000000
128 4 8 80 0.001460 2222222222222222
128 4 8 81 0.001628 1111111111111111
128 4 8 82 0.001789 1111111111111111
128 4 8 83 0.001655 1111111111111111
128 4 8 84 0.001557 0000000000000000
128 4 8 85 0.001562 1111111111111111
128 4 8 86 0.001276 0000000000000000
128 4 8 87 0.001187 1111111111111111
128 4 8 88 0.001640 0000000000000000
128 4 8 89 0.001622 1111111111111111
128 4 8 90 0.001438 2222222222222222
128 4 8 91 0.001401 2222222222222222
128 4 8 92 0.001442 0000000000000000
128 4 8 93 0.001450 0000000000000000
128 4 8 94 0.001240 0000000000000000
128 4 8 95 0.001470 1111111111111111
128 4 8 96 0.001593 1111111111111111
128 4 8 97 0.001100 2222222222222222
128 4 8 98 0.001739 1111111111111111
128 4 8 99 0.001522 2222222222222222
128 4 16 0 0.001407 11111111
128 4 16 1 0.001165 11111111
128 4 16 2 0.001681 11111111
128 4 16 3 0.001414 11111111
128 4 16 4 0.001533 22222222
128 4 16 5 0.001381 11111111
128 4 16 6 0.001673 11111111
128 4 16 7 0.001523 11111111
128 4 16 8 0.001640 22222222
128 4 16 9 0.001267 00000000
128 4 16 10 0.001719 11111111
128 4 16 11 0.001538 11111111
128 4 16 12 0.001455 00000000
128 4 16 13 0.001476 11111111
128 4 16 14 0.001759 11111111
128 4 16 15 0.001107 11111111
128 4 16 16 0.001489 11111111
128 4 16 17 0.001584 22222222
128 4 16 18 0.001588 11111111
128 4 16 19 0.001541 11111111
128 4 16 20 0.001606 11111111
128 4 16 21 0.001455 00000000
128 4 16 22 0.001620 11111111
128 4 16 23 0.001569 00000000
128 4 16 24 0.001409 00000000
128 4 16 25 0.001345 11111111
128 4 16 26 0.001585 11111111
128 4 16 27 0.001341 11111111
128 4 16 28 0.001638 11111111
128 4 16 29 0.001525 11111111
128 4 16 30 0.001386 22222222
128 4 16 31 0.001627 00000000
128 4 16 32 0.001543 11111111
128 4 16 33 0.001382 00000000
128 4 16 34 0.001480 11111111
128 4 16 35 0.001744 00000000
128 4 16 36 0.001437 00000000
128 4 16 37 0.001514 22222222
128 4 16 38 0.001578 22222222
128 4 16 39 0.001429 11111111
128 4 16 40 0.001581 22222222
128 4 16 41 0.001654 11111111
128 4 16 42 0.001656 00000000
128 4 16 43 0.001427 11111111
128 4 16 44 0.001222 11111111
128 4 16 45 0.001276 22222222
128 4 16 46 0.001505 00000000
128 4 16 47 0.001247 22222222
128 4 16 48 0.001487 22222222
128 4 16 49 0.001682 11111111
128 4 16 50 0.001631 00000000
128 4 16 51 0.001493 22222222
128 4 16 52 0.001599 22222222
128 4 16 53 0.001498 22222222
128 4 16 54 0.001590 11111111
128 4 16 55 0.001348 00000000
128 4 16 56 0.001550 00000000
128 4 16 57 0.001503 11111111
128 4 16 58 0.001698 00000000
128 4 16 59 0.001355 00000000
128 4 16 60 0.001437 00000000
128 4 16 61 0.001126 11111111
128 4 16 62 0.001565 22222222
128 4 16 63 0.001428 11111111
128 4 16 64 0.001432 11111111
128 4 16 65 0.001237 22222222
128 4 16 66 0.001439 22222222
128 4 16 67 0.001187 22222222
128 4 16 68 0.001614 11111111
128 4 16 69 0.001438 00000000
128 4 16 70 0.001490 11111111
128 4 16 71 0.001879 00000000
128 4 16 72 0.001577 00000000
128 4 16 73 0.001466 22222222
128 4 16 74 0.001455 11111111
128 4 16 75 0.001199 00000000
128 4 16 76 0.001486 11111111
128 4 16 77 0.001467 11111111
128 4 16 78 0.001189 11111111
128 4 16 79 0.001462 00000000
128 4 16 80 0.001445 22222222
128 4 16 81 0.001579 11111111
128 4 16 82 0.001760 11111111
128 4 16 83 0.001605 11111111
128 4 16 84 0.001491 00000000
128 4 16 85 0.001609 11111111
128 4 16 86 0.001252 00000000
128 4 16 87 0.001149 11111111
128 4 16 88 0.001692 00000000
128 4 16 89 0.001601 11111111
128 4 16 90 0.001411 22222222
128 4 16 91 0.001402 22222222
128 4 16 92 0.001382 00000000
128 4 16 93 0.001438 00000000
128 4 16 94 0.001193 00000000
128 4 16 95 0.001400 11111111
128 4 16 96 0.001577 11111111
128 4 16 97 0.001089 22222222
128 4 16 98 0.001709 11111111
128 4 16 99 0.001513 22222222
128 4 32 0 0.001437 1111
128 4 32 1 0.001184 1111
128 4 32 2 0.001614 1111
128 4 32 3 0.001481 1111
128 4 32 4 0.001561 2222
128 4 32 5 0.001417 1111
128 4 32 6 0.001710 1111
128 4 32 7 0.001576 1111
128 4 32 8 0.001676 2222
128 4 32 9 0.001298 0000
128 4 32 10 0.001753 1111
128 4 32 11 0.001594 1111
128 4 32 12 0.001454 0000
128 4 32 13 0.001421 1111
128 4 32 14 0.001747 1111
128 4 32 15 0.001139 1111
128 4 32 16 0.001595 1111
128 4 32 17 0.002210 2222
128 4 32 18 0.001582 1111
128 4 32 19 0.001570 1111
128 4 32 20 0.001620 1111
128 4 32 21 0.001507 0000
128 4 32 22 0.001638 1111
128 4 32 23 0.001576 0000
128 4 32 24 0.001450 0000
128 4 32 25 0.001378 1111
128 4 32 26 0.001637 1111
128 4 32 27 0.001389 1111
128 4 32 28 0.001692 1111
128 4 32 29 0.001586 1111
128 4 32 30 0.001382 2222
128 4 32 31 0.001623 0000
128 4 32 32 0.001523 1111
128 4 32 33 0.001428 0000
128 4 32 34 0.001508 1111
128 4 32 35 0.001741 0000
128 4 32 36 0.001473 0000
128 4 32 37 0.001523 2222
128 4 32 38 0.001673 2222
128 4 32 39 0.001453 1111
128 4 32 40 0.001461 2222
128 4 32 41 0.001661 1111
128 4 32 42 0.001668 0000
128 4 32 43 0.001509 1111
128 4 32 44 0.001234 1111
128 4 32 45 0.001363 2222
128 4 32 46 0.001588 0000
128 4 32 47 0.001269 2222
128 4 32 48 0.001525 2222
128 4 32 49 0.001705 1111
128 4 32 50 0.001743 0000
128 4 32 51 0.001569 2222
128 4 32 52 0.001560 2222
128 4 32 53 0.001534 2222
128 4 32 54 0.001689 1111
128 4 32 55 0.001395 0000
128 4 32 56 0.001576 0000
128 4 32 57 0.001525 1111
128 4 32 58 0.001790 0000
128 4 32 59 0.001409 0000
128 4 32 60 0.001466 0000
128 4 32 61 0.001144 1111
128 4 32 62 0.001615 2222
128 4 32 63 0.001476 1111
128 4 32 64 0.001537 1111
128 4 32 65 0.001297 2222
128 4 32 66 0.001502 2222
128 4 32 67 0.001227 2222
128 4 32 68 0.001664 1111
128 4 32 69 0.001495 0000
128 4 32 70 0.001519 1111
128 4 32 71 0.001890 0000
128 4 32 72 0.001647 0000
128 4 32 73 0.001486 2222
128 4 32 74 0.001477 1111
128 4 32 75 0.001200 0000
128 4 32 76 0.001527 1111
128 4 32 77 0.001478 1111
128 4 32 78 0.001269 1111
128 4 32 79 0.001473 0000
128 4 32 80 0.001452 2222
128 4 32 81 0.001698 1111
128 4 32 82 0.001869 1111
128 4 32 83 0.001634 1111
128 4 32 84 0.001533 0000
128 4 32 85 0.001619 1111
128 4 32 86 0.001306 0000
128 4 32 87 0.001178 1111
128 4 32 88 0.001645 0000
128 4 32 89 0.001625 1111
128 4 32 90 0.001421 2222
128 4 32 91 0.001428 2222
128 4 32 92 0.001421 0000
128 4 32 93 0.001499 0000
128 4 32 94 0.001216 0000
128 4 32 95 0.001465 1111
128 4 32 96 0.001619 1111
128 4 32 97 0.001117 2222
128 4 32 98 0.001741 1111
128 4 32 99 0.001484 2222
128 8 16 0 0.004432 11111111
128 8 16 1 0.003528 11111111
128 8 16 2 0.004636 11111111
128 8 16 3 0.004487 11111111
128 8 16 4 0.004790 22222222
128 8 16 5 0.004141 11111111
128 8 16 6 0.005633 11111111
128 8 16 7 0.004847 11111111
128 8 16 8 0.005283 22222222
128 8 16 9 0.003647 00000000
128 8 16 10 0.005589 11111111
128 8 16 11 0.004760 11111111
128 8 16 12 0.004347 00000000
128 8 16 13 0.004135 11111111
128 8 16 14 0.005340 11111111
128 8 16 15 0.003561 11111111
128 8 16 16 0.004800 11111111
128 8 16 17 0.005056 22222222
128 8 16 18 0.005048 11111111
128 8 16 19 0.005000 11111111
128 8 16 20 0.005026 11111111
128 8 16 21 0.004443 00000000
128 8 16 22 0.005097 11111111
128 8 16 23 0.004996 00000000
128 8 16 24 0.004057 00000000
128 8 16 25 0.004308 11111111
128 8 16 26 0.005298 11111111
128 8 16 27 0.003970 11111111
128 8 16 28 0.005089 11111111
128 8 16 29 0.004693 11111111
128 8 16 30 0.003997 22222222
128 8 16 31 0.005118 00000000
128 8 16 32 0.004361 11111111
128 8 16 33 0.004162 00000000
128 8 16 34 0.004963 11111111
128 8 16 35 0.005381 00000000
128 8 16 36 0.004643 00000000
128 8 16 37 0.004204 22222222
128 8 16 38 0.005331 22222222
128 8 16 39 0.004436 11111111
128 8 16 40 0.004520 22222222
128 8 16 41 0.005660 11111111
128 8 16 42 0.005138 00000000
128 8 16 43 0.004794 11111111
128 8 16 44 0.003603 11111111
128 8 16 45 0.003950 22222222
128 8 16 46 0.004867 00000000
128 8 16 47 0.003933 22222222
128 8 16 48 0.004523 22222222
128 8 16 49 0.005663 11111111
128 8 16 50 0.005509 00000000
128 8 16 51 0.004711 22222222
128 8 16 52 0.004919 22222222
128 8 16 53 0.004672 22222222
128 8 16 54 0.005340 11111111
128 8 16 55 0.004281 00000000
128 8 16 56 0.004866 00000000
128 8 16 57 0.004837 11111111
128 8 16 58 0.005783 00000000
128 8 16 59 0.004037 00000000
128 8 16 60 0.004374 00000000
128 8 16 61 0.003352 11111111
128 8 16 62 0.004839 22222222
128 8 16 63 0.004563 11111111
128 8 16 64 0.004303 11111111
128 8 16 65 0.003715 22222222
128 8 16 66 0.004718 22222222
128 8 16 67 0.003556 22222222
128 8 16 68 0.004911 11111111
128 8 16 69 0.004490 00000000
128 8 16 70 0.004546 11111111
128 8 16 71 0.006067 00000000
128 8 16 72 0.005044 00000000
128 8 16 73 0.004537 22222222
128 8 16 74 0.004550 11111111
128 8 16 75 0.003351 00000000
128 8 16 76 0.004694 11111111
128 8 16 77 0.004701 11111111
128 8 16 78 0.003790 11111111
128 8 16 79 0.004520 00000000
128 8 16 80 0.004471 22222222
128 8 16 81 0.005214 11111111
128 8 16 82 0.005669 11111111
128 8 16 83 0.005408 11111111
128 8 16 84 0.004433 00000000
128 8 16 85 0.004567 11111111
128 8 16 86 0.003662 00000000
128 8 16 87 0.003498 11111111
128 8 16 88 0.004909 00000000
128 8 16 89 0.005117 11111111
128 8 16 90 0.004334 22222222
128 8 16 91 0.004435 22222222
128 8 16 92 0.004428 00000000
128 8 16 93 0.004613 00000000
128 8 16 94 0.003342 00000000
128 8 16 95 0.004565 11111111
128 8 16 96 0.005260 11111111
128 8 16 97 0.003356 22222222
128 8 16 98 0.005405 11111111
128 8 16 99 0.004706 22222222
128 8 32 0 0.004482 1111
128 8 32 1 0.003635 1111
128 8 32 2 0.004717 1111
128 8 32 3 0.004566 1111
128 8 32 4 0.004989 2222
128 8 32 5 0.004385 1111
128 8 32 6 0.005679 1111
128 8 32 7 0.005348 1111
128 8 32 8 0.005515 2222
128 8 32 9 0.003948 0000
128 8 32 10 0.005774 1111
128 8 32 11 0.004846 1111
128 8 32 12 0.004736 0000
128 8 32 13 0.004362 1111
128 8 32 14 0.005604 1111
128 8 32 15 0.003544 1111
128 8 32 16 0.004891 1111
128 8 32 17 0.005162 2222
128 8 32 18 0.005429 1111
128 8 32 19 0.005208 1111
128 8 32 20 0.005165 1111
128 8 32 21 0.004792 0000
128 8 32 22 0.005207 1111
128 8 32 23 0.005454 0000
128 8 32 24 0.004272 0000
128 8 32 25 0.004287 1111
128 8 32 26 0.005377 1111
128 8 32 27 0.004045 1111
128 8 32 28 0.005187 1111
128 8 32 29 0.004921 1111
128 8 32 30 0.004045 2222
128 8 32 31 0.005079 0000
128 8 32 32 0.004421 1111
128 8 32 33 0.004432 0000
128 8 32 34 0.004860 1111
128 8 32 35 0.005473 0000
128 8 32 36 0.004994 0000
128 8 32 37 0.004426 2222
128 8 32 38 0.005214 2222
128 8 32 39 0.004691 1111
128 8 32 40 0.004273 2222
128 8 32 41 0.005603 1111
128 8 32 42 0.005092 0000
128 8 32 43 0.005200 1111
128 8 32 44 0.003575 1111
128 8 32 45 0.003921 2222
128 8 32 46 0.004997 0000
128 8 32 47 0.003909 2222
128 8 32 48 0.004839 2222
128 8 32 49 0.005815 1111
128 8 32 50 0.005944 0000
128 8 32 51 0.005248 2222
128 8 32 52 0.004846 2222
128 8 32 53 0.004584 2222
128 8 32 54 0.005186 1111
128 8 32 55 0.004440 0000
128 8 32 56 0.004852 0000
128 8 32 57 0.004638 1111
128 8 32 58 0.006089 0000
128 8 32 59 0.004495 0000
128 8 32 60 0.004401 0000
128 8 32 61 0.003288 1111
128 8 32 62 0.004946 2222
128 8 32 63 0.004467 1111
128 8 32 64 0.004354 1111
128 8 32 65 0.003848 2222
128 8 32 66 0.004601 2222
128 8 32 67 0.003732 2222
128 8 32 68 0.005054 1111
128 8 32 69 0.004579 0000
128 8 32 70 0.004493 1111
128 8 32 71 0.006093 0000
128 8 32 72 0.005220 0000
128 8 32 73 0.004897 2222
128 8 32 74 0.004827 1111
128 8 32 75 0.003498 0000
128 8 32 76 0.004976 1111
128 8 32 77 0.004886 1111
128 8 32 78 0.003868 1111
128 8 32 79 0.004432 0000
128 8 32 80 0.004564 2222
128 8 32 81 0.004833 1111
128 8 32 82 0.005845 1111
128 8 32 83 0.005205 1111
128 8 32 84 0.004824 0000
128 8 32 85 0.004809 1111
128 8 32 86 0.003722 0000
128 8 32 87 0.003700 1111
128 8 32 88 0.005306 0000
128 8 32 89 0.005046 1111
128 8 32 90 0.004601 2222
128 8 32 91 0.004442 2222
128 8 32 92 0.004602 0000
128 8 32 93 0.004562 0000
128 8 32 94 0.003372 0000
128 8 32 95 0.004415 1111
128 8 32 96 0.005140 1111
128 8 32 97 0.003560 2222
128 8 32 98 0.005776 1111
128 8 32 99 0.004648 2222
256 2 4 0 0.001311 1111111111111111111111111111111111111111111111111111111111111111
256 2 4 1 0.001141 1222222222222222222222222222222222222222222222222222222222222222
256 2 4 2 0.001144 1111111111111111111111111111111111111111111111111111111111111111
256 2 4 3 0.001141 2222222222222222222222222222222222222222222222222222222222222222
256 2 4 4 0.001345 0000000000000000000000000000000000000000000000000000000000000000
256 2 4 5 0.001097 1111111111111111111111111111111111111111111111111111111111111111
256 2 4 6 0.001210 1111111111111111111111111111111111111111111111111111111111111111
256 2 4 7 0.001229 1111111111111111111111111111111111111111111111111111111111111111
256 2 4 8 0.001225 0000000000000000000000000000000000000000000000000000000000000000
256 2 4 9 0.001203 2222222222222222222222222222222222222222222222222222222222222222
256 2 4 10 0.001140 1111111111111111111111111111111111111111111111111111111111111111
256 2 4 11 0.001215 2222222222222222222222222222222222222222222222222222222222222222
256 2 4 12 0.001096 0000000000000000000000000000000000000000000000000000000000000000
256 2 4 13 0.001107 1222222222222222222222222222222222222222222222222222222222222222
256 2 4 14 0.001229 1111111111111111111111111111111111111111111111111111111111111111
256 2 4 15 0.001196 1111111111111111111111111111111111111111111111111111111111111111
256 2 4 16 0.001063 2222222222222222222222222222222222222222222222222222222222222222
256 2 4 17 0.001133 1111111111111111111111111111111111111111111111111111111111111111
256 2 4 18 0.001332 0000000000000000000000000000000000000000000000000000000000000000
256 2 4 19 0.001212 2222222222222222222222222222222222222222222222222222222222222222
256 2 4 20 0.001143 0000000000000000000000000000000000000000000000000000000000000000
256 2 4 21 0.001199 1111111111111111111111111111111111111111111111111111111111111111
256 2 4 22 0.001211 2222222222222222222222222222222222222222222222222222222222222222
256 2 4 23 0.001186 2222222222222222222222222222222222222222222222222222222222222222
256 2 4 24 0.001148 1111111111111111111111111111111111111111111111111111111111111111
256 2 4 25 0.001111 1111111111111111111111111111111111111111111111111111111111111111
256 2 4 26 0.001170 1111111111111111111111111111111111111111111111111111111111111111
256 2 4 27 0.001060 1111111111111111111111111111111111111111111111111111111111111111
256 2 4 28 0.001190 0000000000000000000000000000000000000000000000000000000000000000
256 2 4 29 0.001136 1111111111111111111111111111111111111111111111111111111111111111
256 2 4 30 0.001221 1111111111111111111111111111111111111111111111111111111111111111
256 2 4 31 0.001228 1111111111111111111111111111111111111111111111111111111111111111
256 2 4 32 0.001260 1222222222222222222222222222222222222222222222222222222222222222
256 2 4 33 0.001235 0000000000000000000000000000000000000000000000000000000000000000
256 2 4 34 0.001184 1111111111111111111111111111111111111111111111111111111111111111
256 2 4 35 0.001252 2222222222222222222222222222222222222222222222222222222222222222
256 2 4 36 0.001149 2222222222222222222222222222222222222222222222222222222222222222
256 2 4 37 0.001184 1111111111111111111111111111111111111111111111111111111111111111
256 2 4 38 0.001138 0000000000000000000000000000000000000000000000000000000000000000
256 2 4 39 0.001127 0000000000000000000000000000000000000000000000000000000000000000
256 2 4 40 0.001237 1111111111111111111111111111111111111111111111111111111111111111
256 2 4 41 0.001143 2222222222222222222222222222222222222222222222222222222222222222
256 2 4 42 0.001259 0000000000000000000000000000000000000000000000000000000000000000
256 2 4 43 0.001061 1111111111111111111111111111111111111111111111111111111111111111
256 2 4 44 0.001142 1111111111111111111111111111111111111111111111111111111111111111
256 2 4 45 0.001183 0000000000000000000000000000000000000000000000000000000000000000
256 2 4 46 0.001195 1111111111111111111111111111111111111111111111111111111111111111
256 2 4 47 0.001256 1111111111111111111111111111111111111111111111111111111111111111
256 2 4 48 0.001150 1222222222222222222222222222222222222222222222222222222222222222
256 2 4 49 0.001071 1111111111111111111111111111111111111111111111111111111111111111
256 2 4 50 0.001123 1111111111111111111111111111111111111111111111111111111111111111
256 2 4 51 0.001083 0000000000000000000000000000000000000000000000000000000000000000
256 2 4 52 0.001147 1111111111111111111111111111111111111111111111111111111111111111
256 2 4 53 0.001165 1111111111111111111111111111111111111111111111111111111111111111
256 2 4 54 0.001269 1111111111111111111111111111111111111111111111111111111111111111
256 2 4 55 0.001198 1111111111111111111111111111111111111111111111111111111111111111
256 2 4 56 0.001107 0000000000000000000000000000000000000000000000000000000000000000
256 2 4 57 0.001166 1111111111111111111111111111111111111111111111111111111111111111
256 2 4 58 0.001164 1111111111111111111111111111111111111111111111111111111111111111
256 2 4 59 0.001177 0000000000000000000000000000000000000000000000000000000000000000
256 2 4 60 0.001191 1111111111111111111111111111111111111111111111111111111111111111
256 2 4 61 0.001205 1111111111111111111111111111111111111111111111111111111111111111
256 2 4 62 0.001207 0000000000000000000000000000000000000000000000000000000000000000
256 2 4 63 0.001131 1111111111111111111111111111111111111111111111111111111111111111
256 2 4 64 0.001129 2222222222222222222222222222222222222222222222222222222222222222
256 2 4 65 0.001127 0000000000000000000000000000000000000000000000000000000000000000
256 2 4 66 0.001148 2222222222222222222222222222222222222222222222222222222222222222
256 2 4 67 0.001077 0000000000000000000000000000000000000000000000000000000000000000
256 2 4 68 0.001082 1222222222222222222222222222222222222222222222222222222222222222
256 2 4 69 0.001079 1111111111111111111111111111111111111111111111111111111111111111
256 2 4 70 0.001187 0000000000000000000000000000000000000000000000000000000000000000
256 2 4 71 0.001258 0000000000000000000000000000000000000000000000000000000000000000
256 2 4 72 0.001073 2222222222222222222222222222222222222222222222222222222222222222
256 2 4 73 0.001159 2222222222222222222222222222222222222222222222222222222222222222
256 2 4 74 0.001051 1111111111111111111111111111111111111111111111111111111111111111
256 2 4 75 0.001182 1111111111111111111111111111111111111111111111111111111111111111
256 2 4 76 0.001135 1111111111111111111111111111111111111111111111111111111111111111
256 2 4 77 0.001086 1111111111111111111111111111111111111111111111111111111111111111
256 2 4 78 0.001083 1111111111111111111111111111111111111111111111111111111111111111
256 2 4 79 0.001095 1111111111111111111111111111111111111111111111111111111111111111
256 2 4 80 0.001108 2222222222222222222222222222222222222222222222222222222222222222
256 2 4 81 0.001289 2222222222222222222222222222222222222222222222222222222222222222
256 2 4 82 0.001269 1111111111111111111111111111111111111111111111111111111111111111
256 2 4 83 0.000993 2222222222222222222222222222222222222222222222222222222222222222
256 2 4 84 0.001133 0000000000000000000000000000000000000000000000000000000000000000
256 2 4 85 0.001125 1111111111111111111111111111111111111111111111111111111111111111
256 2 4 86 0.001221 2222222222222222222222222222222222222222222222222222222222222222
256 2 4 87 0.001151 1111111111111111111111111111111111111111111111111111111111111111
256 2 4 88 0.001144 1111111111111111111111111111111111111111111111111111111111111111
256 2 4 89 0.001186 1111111111111111111111111111111111111111111111111111111111111111
256 2 4 90 0.001189 2222222222222222222222222222222222222222222222222222222222222222
256 2 4 91 0.001232 1111111111111111111111111111111111111111111111111111111111111111
256 2 4 92 0.001054 2222222222222222222222222222222222222222222222222222222222222222
256 2 4 93 0.001192 1111111111111111111111111111111111111111111111111111111111111111
256 2 4 94 0.001267 0000000000000000000000000000000000000000000000000000000000000000
256 2 4 95 0.001189 1111111111111111111111111111111111111111111111111111111111111111
256 2 4 96 0.001196 2222222222222222222222222222222222222222222222222222222222222222
256 2 4 97 0.001142 0000000000000000000000000000000000000000000000000000000000000000
256 2 4 98 0.001178 2222222222222222222222222222222222222222222222222222222222222222
256 2 4 99 0.001214 2222222222222222222222222222222222222222222222222222222222222222
256 2 8 0 0.001298 11111111111111111111111111111111
256 2 8 1 0.001122 22222222222222222222222222222222
256 2 8 2 0.001115 11111111111111111111111111111111
256 2 8 3 0.001145 22222222222222222222222222222222
256 2 8 4 0.001359 00000000000000000000000000000000
256 2 8 5 0.001101 11111111111111111111111111111111
256 2 8 6 0.001230 11111111111111111111111111111111
256 2 8 7 0.001231 11111111111111111111111111111111
256 2 8 8 0.001216 00000000000000000000000000000000
256 2 8 9 0.001194 22222222222222222222222222222222
256 2 8 10 0.001123 11111111111111111111111111111111
256 2 8 11 0.001219 00000000000000000000000000000000
256 2 8 12 0.001103 00000000000000000000000000000000
256 2 8 13 0.001083 22222222222222222222222222222222
256 2 8 14 0.001266 11111111111111111111111111111111
256 2 8 15 0.001206 11111111111111111111111111111111
256 2 8 16 0.001072 22222222222222222222222222222222
256 2 8 17 0.001157 11111111111111111111111111111111
256 2 8 18 0.001310 00000000000000000000000000000000
256 2 8 19 0.001221 22222222222222222222222222222222
256 2 8 20 0.001140 00000000000000000000000000000000
256 2 8 21 0.001205 11111111111111111111111111111111
256 2 8 22 0.001220 22222222222222222222222222222222
256 2 8 23 0.001181 22222222222222222222222222222222
256 2 8 24 0.001117 11111111111111111111111111111111
256 2 8 25 0.001671 11111111111111111111111111111111
256 2 8 26 0.001194 11111111111111111111111111111111
256 2 8 27 0.001048 11111111111111111111111111111111
256 2 8 28 0.001193 00000000000000000000000000000000
256 2 8 29 0.001138 11111111111111111111111111111111
256 2 8 30 0.001221 11111111111111111111111111111111
256 2 8 31 0.001278 11111111111111111111111111111111
256 2 8 32 0.001308 22222222222222222222222222222222
256 2 8 33 0.001246 00000000000000000000000000000000
256 2 8 34 0.001192 11111111111111111111111111111111
256 2 8 35 0.001227 22222222222222222222222222222222
256 2 8 36 0.001143 22222222222222222222222222222222
256 2 8 37 0.001150 11111111111111111111111111111111
256 2 8 38 0.001130 00000000000000000000000000000000
256 2 8 39 0.001108 00000000000000000000000000000000
256 2 8 40 0.001247 11111111111111111111111111111111
256 2 8 41 0.001134 22222222222222222222222222222222
256 2 8 42 0.001239 00000000000000000000000000000000
256 2 8 43 0.001053 11111111111111111111111111111111
256 2 8 44 0.001127 11111111111111111111111111111111
256 2 8 45 0.001141 00000000000000000000000000000000
256 2 8 46 0.001180 11111111111111111111111111111111
256 2 8 47 0.001282 11111111111111111111111111111111
256 2 8 48 0.001124 22222222222222222222222222222222
256 2 8 49 0.001079 11111111111111111111111111111111
256 2 8 50 0.001137 11111111111111111111111111111111
256 2 8 51 0.001051 00000000000000000000000000000000
256 2 8 52 0.001160 11111111111111111111111111111111
256 2 8 53 0.001157 11111111111111111111111111111111
256 2 8 54 0.001199 11111111111111111111111111111111
256 2 8 55 0.001192 11111111111111111111111111111111
256 2 8 56 0.001103 00000000000000000000000000000000
256 2 8 57 0.001155 11111111111111111111111111111111
256 2 8 58 0.001145 11111111111111111111111111111111
256 2 8 59 0.001191 00000000000000000000000000000000
256 2 8 60 0.001206 11111111111111111111111111111111
256 2 8 61 0.001199 11111111111111111111111111111111
256 2 8 62 0.001236 00000000000000000000000000000000
256 2 8 63 0.001119 11111111111111111111111111111111
256 2 8 64 0.001117 00000000000000000000000000000000
256 2 8 65 0.001120 00000000000000000000000000000000
256 2 8 66 0.001145 22222222222222222222222222222222
256 2 8 67 0.001125 00000000000000000000000000000000
256 2 8 68 0.001155 11111111111111111111111111111111
256 2 8 69 0.001051 11111111111111111111111111111111
256 2 8 70 0.001113 00000000000000000000000000000000
256 2 8 71 0.001252 00000000000000000000000000000000
256 2 8 72 0.001037 22222222222222222222222222222222
256 2 8 73 0.001157 22222222222222222222222222222222
256 2 8 74 0.001051 11111111111111111111111111111111
256 2 8 75 0.001165 11111111111111111111111111111111
256 2 8 76 0.001117 11111111111111111111111111111111
256 2 8 77 0.001093 11111111111111111111111111111111
256 2 8 78 0.001108 11111111111111111111111111111111
256 2 8 79 0.001116 11111111111111111111111111111111
256 2 8 80 0.001102 22222222222222222222222222222222
256 2 8 81 0.001241 22222222222222222222222222222222
256 2 8 82 0.001182 11111111111111111111111111111111
256 2 8 83 0.000974 22222222222222222222222222222222
256 2 8 84 0.001093 00000000000000000000000000000000
256 2 8 85 0.001107 11111111111111111111111111111111
256 2 8 86 0.001223 22222222222222222222222222222222
256 2 8 87 0.001141 11111111111111111111111111111111
256 2 8 88 0.001137 11111111111111111111111111111111
256 2 8 89 0.001184 11111111111111111111111111111111
256 2 8 90 0.001208 22222222222222222222222222222222
256 2 8 91 0.001235 11111111111111111111111111111111
256 2 8 92 0.001071 22222222222222222222222222222222
256 2 8 93 0.001207 11111111111111111111111111111111
256 2 8 94 0.001240 00000000000000000000000000000000
256 2 8 95 0.001179 11111111111111111111111111111111
256 2 8 96 0.001185 22222222222222222222222222222222
256 2 8 97 0.001143 00000000000000000000000000000000
256 2 8 98 0.001173 22222222222222222222222222222222
256 2 8 99 0.001199 22222222222222222222222222222222
256 2 16 0 0.001262 1111111111111111
256 2 16 1 0.001101 2222222222222222
256 2 16 2 0.001081 1111111111111111
256 2 16 3 0.001128 2222222222222222
256 2 16 4 0.001303 0000000000000000
256 2 16 5 0.001055 1111111111111111
256 2 16 6 0.001193 1111111111111111
256 2 16 7 0.001202 1111111111111111
256 2 16 8 0.001194 0000000000000000
256 2 16 9 0.001183 2222222222222222
256 2 16 10 0.001086 1111111111111111
256 2 16 11 0.001204 0000000000000000
256 2 16 12 0.001087 0000000000000000
256 2 16 13 0.001045 2222222222222222
256 2 16 14 0.001179 1111111111111111
256 2 16 15 0.001146 1111111111111111
256 2 16 16 0.001057 2222222222222222
256 2 16 17 0.001114 1111111111111111
256 2 16 18 0.001269 0000000000000000
256 2 16 19 0.001190 2222222222222222
256 2 16 20 0.001100 0000000000000000
256 2 16 21 0.001150 1111111111111111
256 2 16 22 0.001176 2222222222222222
256 2 16 23 0.001159 2222222222222222
256 2 16 24 0.001082 1111111111111111
256 2 16 25 0.001075 1111111111111111
256 2 16 26 0.001177 1111111111111111
256 2 16 27 0.001038 1111111111111111
256 2 16 28 0.001213 0000000000000000
256 2 16 29 0.001101 1111111111111111
256 2 16 30 0.001164 1111111111111111
256 2 16 31 0.001185 1111111111111111
256 2 16 32 0.001235 2222222222222222
256 2 16 33 0.001236 0000000000000000
256 2 16 34 0.001149 1111111111111111
256 2 16 35 0.001182 2222222222222222
256 2 16 36 0.001093 2222222222222222
256 2 16 37 0.001127 1111111111111111
256 2 16 38 0.001081 0000000000000000
256 2 16 39 0.001080 0000000000000000
256 2 16 40 0.001172 1111111111111111
256 2 16 41 0.001104 2222222222222222
256 2 16 42 0.001199 0000000000000000
256 2 16 43 0.001005 1111111111111111
256 2 16 44 0.001104 1111111111111111
256 2 16 45 0.001133 0000000000000000
256 2 16 46 0.001169 1111111111111111
256 2 16 47 0.001226 1111111111111111
256 2 16 48 0.001101 2222222222222222
256 2 16 49 0.001054 1111111111111111
256 2 16 50 0.001106 1111111111111111
256 2 16 51 0.001035 0000000000000000
256 2 16 52 0.001132 1111111111111111
256 2 16 53 0.001122 1111111111111111
256 2 16 54 0.001191 1111111111111111
256 2 16 55 0.001150 1111111111111111
256 2 16 56 0.001071 0000000000000000
256 2 16 57 0.001134 1111111111111111
256 2 16 58 0.001124 1111111111111111
256 2 16 59 0.001139 0000000000000000
256 2 16 60 0.001143 1111111111111111
256 2 16 61 0.001159 1111111111111111
256 2 16 62 0.001182 0000000000000000
256 2 16 63 0.001088 1111111111111111
256 2 16 64 0.001101 0000000000000000
256 2 16 65 0.001085 0000000000000000
256 2 16 66 0.001120 2222222222222222
256 2 16 67 0.001082 0000000000000000
256 2 16 68 0.001077 1111111111111111
256 2 16 69 0.001006 1111111111111111
256 2 16 70 0.001079 0000000000000000
256 2 16 71 0.001199 0000000000000000
256 2 16 72 0.001001 2222222222222222
256 2 16 73 0.001126 2222222222222222
256 2 16 74 0.001007 1111111111111111
256 2 16 75 0.001160 1111111111111111
256 2 16 76 0.001085 1111111111111111
256 2 16 77 0.001042 1111111111111111
256 2 16 78 0.001050 1111111111111111
256 2 16 79 0.001081 1111111111111111
256 2 16 80 0.001087 2222222222222222
256 2 16 81 0.001167 2222222222222222
256 2 16 82 0.001164 1111111111111111
256 2 16 83 0.000941 2222222222222222
256 2 16 84 0.001074 0000000000000000
256 2 16 85 0.001069 1111111111111111
256 2 16 86 0.001145 2222222222222222
256 2 16 87 0.001123 1111111111111111
256 2 16 88 0.001114 1111111111111111
256 2 16 89 0.001204 1111111111111111
256 2 16 90 0.001215 2222222222222222
256 2 16 91 0.001194 1111111111111111
256 2 16 92 0.001064 2222222222222222
256 2 16 93 0.001177 1111111111111111
256 2 16 94 0.001158 0000000000000000
256 2 16 95 0.001159 1111111111111111
256 2 16 96 0.001154 2222222222222222
256 2 16 97 0.001106 0000000000000000
256 2 16 98 0.001136 2222222222222222
256 2 16 99 0.001212 2222222222222222
256 2 32 0 0.001309 11111111
256 2 32 1 0.001105 22222222
256 2 32 2 0.001112 11111111
256 2 32 3 0.001127 22222222
256 2 32 4 0.001367 00000000
256 2 32 5 0.001089 11111111
256 2 32 6 0.001209 11111111
256 2 32 7 0.001250 11111111
256 2 32 8 0.001230 00000000
256 2 32 9 0.001206 22222222
256 2 32 10 0.001114 11111111
256 2 32 11 0.001220 00000000
256 2 32 12 0.001086 00000000
256 2 32 13 0.001080 22222222
256 2 32 14 0.001214 11111111
256 2 32 15 0.001160 11111111
256 2 32 16 0.001072 22222222
256 2 32 17 0.001144 11111111
256 2 32 18 0.001308 00000000
256 2 32 19 0.001239 22222222
256 2 32 20 0.001129 00000000
256 2 32 21 0.001193 11111111
256 2 32 22 0.001193 22222222
256 2 32 23 0.001180 22222222
256 2 32 24 0.001106 11111111
256 2 32 25 0.001084 11111111
256 2 32 26 0.001156 11111111
256 2 32 27 0.001050 11111111
256 2 32 28 0.001196 00000000
256 2 32 29 0.001119 11111111
256 2 32 30 0.001212 11111111
256 2 32 31 0.001201 11111111
256 2 32 32 0.001288 22222222
256 2 32 33 0.001240 00000000
256 2 32 34 0.001189 11111111
256 2 32 35 0.001216 22222222
256 2 32 36 0.001114 22222222
256 2 32 37 0.001140 11111111
256 2 32 38 0.001116 00000000
256 2 32 39 0.001093 00000000
256 2 32 40 0.001198 11111111
256 2 32 41 0.001137 22222222
256 2 32 42 0.001222 00000000
256 2 32 43 0.001035 11111111
256 2 32 44 0.001119 11111111
256 2 32 45 0.001135 00000000
256 2 32 46 0.001172 11111111
256 2 32 47 0.001254 11111111
256 2 32 48 0.001112 22222222
256 2 32 49 0.001082 11111111
256 2 32 50 0.001094 11111111
256 2 32 51 0.001052 00000000
256 2 32 52 0.001147 11111111
256 2 32 53 0.001135 11111111
256 2 32 54 0.001185 11111111
256 2 32 55 0.001159 11111111
256 2 32 56 0.001089 00000000
256 2 32 57 0.001150 11111111
256 2 32 58 0.001205 11111111
256 2 32 59 0.001167 00000000
256 2 32 60 0.001169 11111111
256 2 32 61 0.001191 11111111
256 2 32 62 0.001196 00000000
256 2 32 63 0.001097 11111111
256 2 32 64 0.001124 00000000
256 2 32 65 0.001106 00000000
256 2 32 66 0.001158 22222222
256 2 32 67 0.001075 00000000
256 2 32 68 0.001076 11111111
256 2 32 69 0.001039 11111111
256 2 32 70 0.001102 00000000
256 2 32 71 0.001229 00000000
256 2 32 72 0.001018 22222222
256 2 32 73 0.001184 22222222
256 2 32 74 0.001025 11111111
256 2 32 75 0.001158 11111111
256 2 32 76 0.001116 11111111
256 2 32 77 0.001057 11111111
256 2 32 78 0.001075 11111111
256 2 32 79 0.001087 11111111
256 2 32 80 0.001101 22222222
256 2 32 81 0.001219 22222222
256 2 32 82 0.001195 11111111
256 2 32 83 0.000935 22222222
256 2 32 84 0.001082 00000000
256 2 32 85 0.001088 11111111
256 2 32 86 0.001176 22222222
256 2 32 87 0.001135 11111111
256 2 32 88 0.001122 11111111
256 2 32 89 0.001175 11111111
256 2 32 90 0.001217 22222222
256 2 32 91 0.001315 11111111
256 2 32 92 0.001089 22222222
256 2 32 93 0.001198 11111111
256 2 32 94 0.001222 00000000
256 2 32 95 0.001206 11111111
256 2 32 96 0.001184 22222222
256 2 32 97 0.001132 00000000
256 2 32 98 0.001155 22222222
256 2 32 99 0.001216 22222222
256 4 8 0 0.003550 11111111111111111111111111111111
256 4 8 1 0.002849 22222222222222222222222222222222
256 4 8 2 0.002985 11111111111111111111111111111111
256 4 8 3 0.003128 22222222222222222222222222222222
256 4 8 4 0.003629 00000000000000000000000000000000
256 4 8 5 0.002830 11111111111111111111111111111111
256 4 8 6 0.003283 11111111111111111111111111111111
256 4 8 7 0.003193 11111111111111111111111111111111
256 4 8 8 0.003292 00000000000000000000000000000000
256 4 8 9 0.003224 22222222222222222222222222222222
256 4 8 10 0.003004 11111111111111111111111111111111
256 4 8 11 0.003169 22222222222222222222222222222222
256 4 8 12 0.002898 00000000000000000000000000000000
256 4 8 13 0.002885 22222222222222222222222222222222
256 4 8 14 0.003314 11111111111111111111111111111111
256 4 8 15 0.003106 11111111111111111111111111111111
256 4 8 16 0.002757 22222222222222222222222222222222
256 4 8 17 0.002941 11111111111111111111111111111111
256 4 8 18 0.003533 00000000000000000000000000000000
256 4 8 19 0.003270 22222222222222222222222222222222
256 4 8 20 0.003032 00000000000000000000000000000000
256 4 8 21 0.003185 11111111111111111111111111111111
256 4 8 22 0.003255 22222222222222222222222222222222
256 4 8 23 0.003201 22222222222222222222222222222222
256 4 8 24 0.002967 11111111111111111111111111111111
256 4 8 25 0.002762 11111111111111111111111111111111
256 4 8 26 0.003168 11111111111111111111111111111111
256 4 8 27 0.002731 11111111111111111111111111111111
256 4 8 28 0.003207 00000000000000000000000000000000
256 4 8 29 0.002874 11111111111111111111111111111111
256 4 8 30 0.003117 11111111111111111111111111111111
256 4 8 31 0.003295 11111111111111111111111111111111
256 4 8 32 0.003494 22222222222222222222222222222222
256 4 8 33 0.003321 00000000000000000000000000000000
256 4 8 34 0.003139 11111111111111111111111111111111
256 4 8 35 0.003398 22222222222222222222222222222222
256 4 8 36 0.002876 22222222222222222222222222222222
256 4 8 37 0.003068 11111111111111111111111111111111
256 4 8 38 0.002909 00000000000000000000000000000000
256 4 8 39 0.002891 00000000000000000000000000000000
256 4 8 40 0.003140 11111111111111111111111111111111
256 4 8 41 0.002988 22222222222222222222222222222222
256 4 8 42 0.003213 00000000000000000000000000000000
256 4 8 43 0.002621 11111111111111111111111111111111
256 4 8 44 0.002785 11111111111111111111111111111111
256 4 8 45 0.003141 00000000000000000000000000000000
256 4 8 46 0.003153 11111111111111111111111111111111
256 4 8 47 0.003414 11111111111111111111111111111111
256 4 8 48 0.003041 22222222222222222222222222222222
256 4 8 49 0.002815 11111111111111111111111111111111
256 4 8 50 0.002941 11111111111111111111111111111111
256 4 8 51 0.002800 00000000000000000000000000000000
256 4 8 52 0.002998 11111111111111111111111111111111
256 4 8 53 0.003022 11111111111111111111111111111111
256 4 8 54 0.003153 11111111111111111111111111111111
256 4 8 55 0.003168 11111111111111111111111111111111
256 4 8 56 0.002713 00000000000000000000000000000000
256 4 8 57 0.002975 11111111111111111111111111111111
256 4 8 58 0.002933 11111111111111111111111111111111
256 4 8 59 0.003056 00000000000000000000000000000000
256 4 8 60 0.003237 11111111111111111111111111111111
256 4 8 61 0.003206 11111111111111111111111111111111
256 4 8 62 0.003148 00000000000000000000000000000000
256 4 8 63 0.002806 11111111111111111111111111111111
256 4 8 64 0.003527 22222222222222222222222222222222
256 4 8 65 0.002952 00000000000000000000000000000000
256 4 8 66 0.003048 22222222222222222222222222222222
256 4 8 67 0.002819 00000000000000000000000000000000
256 4 8 68 0.002797 22222222222222222222222222222222
256 4 8 69 0.002674 11111111111111111111111111111111
256 4 8 70 0.002990 00000000000000000000000000000000
256 4 8 71 0.003299 00000000000000000000000000000000
256 4 8 72 0.002694 22222222222222222222222222222222
256 4 8 73 0.003104 22222222222222222222222222222222
256 4 8 74 0.002843 11111111111111111111111111111111
256 4 8 75 0.003074 11111111111111111111111111111111
256 4 8 76 0.003096 11111111111111111111111111111111
256 4 8 77 0.002965 11111111111111111111111111111111
256 4 8 78 0.002824 11111111111111111111111111111111
256 4 8 79 0.002926 11111111111111111111111111111111
256 4 8 80 0.002991 22222222222222222222222222222222
256 4 8 81 0.003293 22222222222222222222222222222222
256 4 8 82 0.003189 11111111111111111111111111111111
256 4 8 83 0.002381 22222222222222222222222222222222
256 4 8 84 0.002751 00000000000000000000000000000000
256 4 8 85 0.002900 11111111111111111111111111111111
256 4 8 86 0.003265 22222222222222222222222222222222
256 4 8 87 0.002883 11111111111111111111111111111111
256 4 8 88 0.002985 11111111111111111111111111111111
256 4 8 89 0.003154 11111111111111111111111111111111
256 4 8 90 0.003282 22222222222222222222222222222222
256 4 8 91 0.003197 11111111111111111111111111111111
256 4 8 92 0.002803 22222222222222222222222222222222
256 4 8 93 0.003217 11111111111111111111111111111111
256 4 8 94 0.003103 00000000000000000000000000000000
256 4 8 95 0.003116 11111111111111111111111111111111
256 4 8 96 0.003268 22222222222222222222222222222222
256 4 8 97 0.003032 00000000000000000000000000000000
256 4 8 98 0.003151 22222222222222222222222222222222
256 4 8 99 0.003249 22222222222222222222222222222222
256 4 16 0 0.003437 1111111111111111
256 4 16 1 0.002802 2222222222222222
256 4 16 2 0.002938 1111111111111111
256 4 16 3 0.002973 2222222222222222
256 4 16 4 0.003491 0000000000000000
256 4 16 5 0.002774 1111111111111111
256 4 16 6 0.003244 1111111111111111
256 4 16 7 0.003077 1111111111111111
256 4 16 8 0.003213 0000000000000000
256 4 16 9 0.003223 2222222222222222
256 4 16 10 0.003034 1111111111111111
256 4 16 11 0.003082 2222222222222222
256 4 16 12 0.002870 0000000000000000
256 4 16 13 0.002820 2222222222222222
256 4 16 14 0.003318 1111111111111111
256 4 16 15 0.003001 1111111111111111
256 4 16 16 0.002648 2222222222222222
256 4 16 17 0.003058 1111111111111111
256 4 16 18 0.003446 0000000000000000
256 4 16 19 0.003182 2222222222222222
256 4 16 20 0.002979 0000000000000000
256 4 16 21 0.003135 1111111111111111
256 4 16 22 0.003204 2222222222222222
256 4 16 23 0.003056 2222222222222222
256 4 16 24 0.002887 1111111111111111
256 4 16 25 0.002919 1111111111111111
256 4 16 26 0.003120 1111111111111111
256 4 16 27 0.002676 1111111111111111
256 4 16 28 0.003170 0000000000000000
256 4 16 29 0.002780 1111111111111111
256 4 16 30 0.003053 1111111111111111
256 4 16 31 0.003168 1111111111111111
256 4 16 32 0.003356 2222222222222222
256 4 16 33 0.003286 0000000000000000
256 4 16 34 0.002988 1111111111111111
256 4 16 35 0.003269 2222222222222222
256 4 16 36 0.002784 2222222222222222
256 4 16 37 0.002960 1111111111111111
256 4 16 38 0.002890 0000000000000000
256 4 16 39 0.002809 0000000000000000
256 4 16 40 0.003106 1111111111111111
256 4 16 41 0.002914 2222222222222222
256 4 16 42 0.003171 0000000000000000
256 4 16 43 0.002549 1111111111111111
256 4 16 44 0.002741 1111111111111111
256 4 16 45 0.003036 0000000000000000
256 4 16 46 0.003076 1111111111111111
256 4 16 47 0.003339 1111111111111111
256 4 16 48 0.003057 2222222222222222
256 4 16 49 0.002771 1111111111111111
256 4 16 50 0.002850 1111111111111111
256 4 16 51 0.002705 0000000000000000
256 4 16 52 0.002921 1111111111111111
256 4 16 53 0.003065 1111111111111111
256 4 16 54 0.003068 1111111111111111
256 4 16 55 0.003035 1111111111111111
256 4 16 56 0.002658 0000000000000000
256 4 16 57 0.002967 1111111111111111
256 4 16 58 0.002841 1111111111111111
256 4 16 59 0.002949 0000000000000000
256 4 16 60 0.003048 1111111111111111
256 4 16 61 0.003139 1111111111111111
256 4 16 62 0.003090 0000000000000000
256 4 16 63 0.002804 1111111111111111
256 4 16 64 0.002858 0000000000000000
256 4 16 65 0.002798 0000000000000000
256 4 16 66 0.002902 2222222222222222
256 4 16 67 0.002732 0000000000000000
256 4 16 68 0.002702 2222222222222222
256 4 16 69 0.002576 1111111111111111
256 4 16 70 0.002846 0000000000000000
256 4 16 71 0.003242 0000000000000000
256 4 16 72 0.002629 2222222222222222
256 4 16 73 0.002991 2222222222222222
256 4 16 74 0.002559 1111111111111111
256 4 16 75 0.003014 1111111111111111
256 4 16 76 0.002932 1111111111111111
256 4 16 77 0.002643 1111111111111111
256 4 16 78 0.002728 1111111111111111
256 4 16 79 0.002809 1111111111111111
256 4 16 80 0.002884 2222222222222222
256 4 16 81 0.003248 2222222222222222
256 4 16 82 0.003072 1111111111111111
256 4 16 83 0.002441 2222222222222222
256 4 16 84 0.002695 0000000000000000
256 4 16 85 0.002812 1111111111111111
256 4 16 86 0.003183 2222222222222222
256 4 16 87 0.002833 1111111111111111
256 4 16 88 0.003059 1111111111111111
256 4 16 89 0.003006 1111111111111111
256 4 16 90 0.003171 2222222222222222
256 4 16 91 0.003189 1111111111111111
256 4 16 92 0.002690 2222222222222222
256 4 16 93 0.003173 1111111111111111
256 4 16 94 0.003146 0000000000000000
256 4 16 95 0.002967 1111111111111111
256 4 16 96 0.003129 2222222222222222
256 4 16 97 0.002993 0000000000000000
256 4 16 98 0.003014 2222222222222222
256 4 16 99 0.003096 2222222222222222
256 4 32 0 0.003562 11111111
256 4 32 1 0.002865 22222222
256 4 32 2 0.003004 11111111
256 4 32 3 0.003022 22222222
256 4 32 4 0.004317 00000000
256 4 32 5 0.002827 11111111
256 4 32 6 0.003308 11111111
256 4 32 7 0.003248 11111111
256 4 32 8 0.003477 00000000
256 4 32 9 0.003353 22222222
256 4 32 10 0.003044 11111111
256 4 32 11 0.003178 22222222
256 4 32 12 0.002896 00000000
256 4 32 13 0.002896 22222222
256 4 32 14 0.003297 11111111
256 4 32 15 0.003159 11111111
256 4 32 16 0.002683 22222222
256 4 32 17 0.002980 11111111
256 4 32 18 0.003607 00000000
256 4 32 19 0.003303 22222222
256 4 32 20 0.002942 00000000
256 4 32 21 0.003159 11111111
256 4 32 22 0.003308 22222222
256 4 32 23 0.003255 22222222
256 4 32 24 0.002974 11111111
256 4 32 25 0.002803 11111111
256 4 32 26 0.003190 11111111
256 4 32 27 0.002722 11111111
256 4 32 28 0.003197 00000000
256 4 32 29 0.002902 11111111
256 4 32 30 0.003170 11111111
256 4 32 31 0.003276 11111111
256 4 32 32 0.003361 22222222
256 4 32 33 0.003513 00000000
256 4 32 34 0.003069 11111111
256 4 32 35 0.003425 22222222
256 4 32 36 0.003122 22222222
256 4 32 37 0.003006 11111111
256 4 32 38 0.002905 00000000
256 4 32 39 0.002937 00000000
256 4 32 40 0.003285 11111111
256 4 32 41 0.003079 22222222
256 4 32 42 0.003271 00000000
256 4 32 43 0.002621 11111111
256 4 32 44 0.002853 11111111
256 4 32 45 0.003156 00000000
256 4 32 46 0.003210 11111111
256 4 32 47 0.003575 11111111
256 4 32 48 0.003020 22222222
256 4 32 49 0.002881 11111111
256 4 32 50 0.003039 11111111
256 4 32 51 0.002835 00000000
256 4 32 52 0.003107 11111111
256 4 32 53 0.003027 11111111
256 4 32 54 0.003194 11111111
256 4 32 55 0.003164 11111111
256 4 32 56 0.002793 00000000
256 4 32 57 0.003027 11111111
256 4 32 58 0.003015 11111111
256 4 32 59 0.003094 00000000
256 4 32 60 0.003190 11111111
256 4 32 61 0.003244 11111111
256 4 32 62 0.003191 00000000
256 4 32 63 0.002915 11111111
256 4 32 64 0.002938 00000000
256 4 32 65 0.002910 00000000
256 4 32 66 0.003046 22222222
256 4 32 67 0.002908 00000000
256 4 32 68 0.002832 22222222
256 4 32 69 0.002619 11111111
256 4 32 70 0.002941 00000000
256 4 32 71 0.003565 00000000
256 4 32 72 0.002690 22222222
256 4 32 73 0.003036 22222222
256 4 32 74 0.002674 11111111
256 4 32 75 0.003196 11111111
256 4 32 76 0.003005 11111111
256 4 32 77 0.002713 11111111
256 4 32 78 0.002874 11111111
256 4 32 79 0.002925 11111111
256 4 32 80 0.002979 22222222
256 4 32 81 0.003394 22222222
256 4 32 82 0.003252 11111111
256 4 32 83 0.002483 22222222
256 4 32 84 0.002735 00000000
256 4 32 85 0.002963 11111111
256 4 32 86 0.003295 22222222
256 4 32 87 0.002890 11111111
256 4 32 88 0.002931 11111111
256 4 32 89 0.003150 11111111
256 4 32 90 0.003264 22222222
256 4 32 91 0.003336 11111111
256 4 32 92 0.002850 22222222
256 4 32 93 0.003262 11111111
256 4 32 94 0.003149 00000000
256 4 32 95 0.003108 11111111
256 4 32 96 0.003209 22222222
256 4 32 97 0.003079 00000000
256 4 32 98 0.003127 22222222
256 4 32 99 0.003409 22222222
256 8 16 0 0.011403 1111111111111111
256 8 16 1 0.008814 2222222222222222
256 8 16 2 0.009020 1111111111111111
256 8 16 3 0.009343 2222222222222222
256 8 16 4 0.012027 0000000000000000
256 8 16 5 0.008671 1111111111111111
256 8 16 6 0.009874 1111111111111111
256 8 16 7 0.010424 1111111111111111
256 8 16 8 0.010252 0000000000000000
256 8 16 9 0.010218 2222222222222222
256 8 16 10 0.009438 1111111111111111
256 8 16 11 0.011007 2222222222222222
256 8 16 12 0.009309 0000000000000000
256 8 16 13 0.008722 2222222222222222
256 8 16 14 0.010593 1111111111111111
256 8 16 15 0.009828 1111111111111111
256 8 16 16 0.008228 2222222222222222
256 8 16 17 0.009538 1111111111111111
256 8 16 18 0.011748 0000000000000000
256 8 16 19 0.010964 2222222222222222
256 8 16 20 0.009238 0000000000000000
256 8 16 21 0.009696 1111111111111111
256 8 16 22 0.010132 2222222222222222
256 8 16 23 0.009666 2222222222222222
256 8 16 24 0.009251 1111111111111111
256 8 16 25 0.008645 1111111111111111
256 8 16 26 0.009958 1111111111111111
256 8 16 27 0.008936 1111111111111111
256 8 16 28 0.010176 0000000000000000
256 8 16 29 0.008830 1111111111111111
256 8 16 30 0.009676 1111111111111111
256 8 16 31 0.010264 1111111111111111
256 8 16 32 0.010586 2222222222222222
256 8 16 33 0.011137 0000000000000000
256 8 16 34 0.009773 1111111111111111
256 8 16 35 0.011061 2222222222222222
256 8 16 36 0.008800 2222222222222222
256 8 16 37 0.009473 1111111111111111
256 8 16 38 0.009248 0000000000000000
256 8 16 39 0.008957 0000000000000000
256 8 16 40 0.010066 1111111111111111
256 8 16 41 0.008795 2222222222222222
256 8 16 42 0.010100 0000000000000000
256 8 16 43 0.007834 1111111111111111
256 8 16 44 0.008850 1111111111111111
256 8 16 45 0.009625 0000000000000000
256 8 16 46 0.009907 1111111111111111
256 8 16 47 0.011133 1111111111111111
256 8 16 48 0.009302 2222222222222222
256 8 16 49 0.008505 1111111111111111
256 8 16 50 0.009002 1111111111111111
256 8 16 51 0.008591 0000000000000000
256 8 16 52 0.009371 1111111111111111
256 8 16 53 0.009615 1111111111111111
256 8 16 54 0.009815 1111111111111111
256 8 16 55 0.010024 1111111111111111
256 8 16 56 0.008572 0000000000000000
256 8 16 57 0.009365 1111111111111111
256 8 16 58 0.009908 1111111111111111
256 8 16 59 0.009784 0000000000000000
256 8 16 60 0.009768 1111111111111111
256 8 16 61 0.010451 1111111111111111
256 8 16 62 0.009987 0000000000000000
256 8 16 63 0.009253 1111111111111111
256 8 16 64 0.009168 2222222222222222
256 8 16 65 0.008802 0000000000000000
256 8 16 66 0.009700 2222222222222222
256 8 16 67 0.008353 0000000000000000
256 8 16 68 0.008727 2222222222222222
256 8 16 69 0.008234 1111111111111111
256 8 16 70 0.009265 0000000000000000
256 8 16 71 0.010761 0000000000000000
256 8 16 72 0.008131 2222222222222222
256 8 16 73 0.009162 2222222222222222
256 8 16 74 0.007800 1111111111111111
256 8 16 75 0.009712 1111111111111111
256 8 16 76 0.008998 1111111111111111
256 8 16 77 0.009038 1111111111111111
256 8 16 78 0.009381 1111111111111111
256 8 16 79 0.008908 1111111111111111
256 8 16 80 0.009026 2222222222222222
256 8 16 81 0.010605 2222222222222222
256 8 16 82 0.010486 1111111111111111
256 8 16 83 0.007143 2222222222222222
256 8 16 84 0.008408 0000000000000000
256 8 16 85 0.008738 1111111111111111
256 8 16 86 0.010454 2222222222222222
256 8 16 87 0.009426 1111111111111111
256 8 16 88 0.009315 1111111111111111
256 8 16 89 0.009734 1111111111111111
256 8 16 90 0.010791 2222222222222222
256 8 16 91 0.011043 1111111111111111
256 8 16 92 0.008278 2222222222222222
256 8 16 93 0.010231 1111111111111111
256 8 16 94 0.009868 0000000000000000
256 8 16 95 0.009896 1111111111111111
256 8 16 96 0.009826 2222222222222222
256 8 16 97 0.009230 0000000000000000
256 8 16 98 0.009817 2222222222222222
256 8 16 99 0.009992 2222222222222222
256 8 32 0 0.012332 11111111
256 8 32 1 0.009022 22222222
256 8 32 2 0.009427 11111111
256 8 32 3 0.010369 22222222
256 8 32 4 0.012502 00000000
256 8 32 5 0.009050 11111111
256 8 32 6 0.010434 11111111
256 8 32 7 0.010275 11111111
256 8 32 8 0.010771 00000000
256 8 32 9 0.010764 22222222
256 8 32 10 0.010218 11111111
256 8 32 11 0.011258 22222222
256 8 32 12 0.009509 00000000
256 8 32 13 0.009093 22222222
256 8 32 14 0.010644 11111111
256 8 32 15 0.010080 11111111
256 8 32 16 0.008544 22222222
256 8 32 17 0.009685 11111111
256 8 32 18 0.011802 00000000
256 8 32 19 0.010536 22222222
256 8 32 20 0.009334 00000000
256 8 32 21 0.009978 11111111
256 8 32 22 0.011238 22222222
256 8 32 23 0.010038 22222222
256 8 32 24 0.009482 11111111
256 8 32 25 0.009066 11111111
256 8 32 26 0.010396 11111111
256 8 32 27 0.009204 11111111
256 8 32 28 0.010626 00000000
256 8 32 29 0.009080 11111111
256 8 32 30 0.010997 11111111
256 8 32 31 0.010231 11111111
256 8 32 32 0.010704 22222222
256 8 32 33 0.011072 00000000
256 8 32 34 0.009774 11111111
256 8 32 35 0.011819 22222222
256 8 32 36 0.009355 22222222
256 8 32 37 0.009644 11111111
256 8 32 38 0.009568 00000000
256 8 32 39 0.009399 00000000
256 8 32 40 0.010104 11111111
256 8 32 41 0.009244 22222222
256 8 32 42 0.010301 00000000
256 8 32 43 0.008410 11111111
256 8 32 44 0.008995 11111111
256 8 32 45 0.010657 00000000
256 8 32 46 0.010928 11111111
256 8 32 47 0.011297 11111111
256 8 32 48 0.009632 22222222
256 8 32 49 0.008556 11111111
256 8 32 50 0.009303 11111111
256 8 32 51 0.009252 00000000
256 8 32 52 0.009620 11111111
256 8 32 53 0.009560 11111111
256 8 32 54 0.009505 11111111
256 8 32 55 0.010206 11111111
256 8 32 56 0.008742 00000000
256 8 32 57 0.009706 11111111
256 8 32 58 0.010196 11111111
256 8 32 59 0.009577 00000000
256 8 32 60 0.010641 11111111
256 8 32 61 0.010960 11111111
256 8 32 62 0.010414 00000000
256 8 32 63 0.009249 11111111
256 8 32 64 0.009227 22222222
256 8 32 65 0.009243 00000000
256 8 32 66 0.010198 22222222
256 8 32 67 0.008713 00000000
256 8 32 68 0.009343 22222222
256 8 32 69 0.008605 11111111
256 8 32 70 0.009501 00000000
256 8 32 71 0.010999 00000000
256 8 32 72 0.008087 22222222
256 8 32 73 0.009178 22222222
256 8 32 74 0.008358 11111111
256 8 32 75 0.010258 11111111
256 8 32 76 0.009286 11111111
256 8 32 77 0.009081 11111111
256 8 32 78 0.009049 11111111
256 8 32 79 0.009344 11111111
256 8 32 80 0.009051 22222222
256 8 32 81 0.010927 22222222
256 8 32 82 0.010536 11111111
256 8 32 83 0.007174 22222222
256 8 32 84 0.008671 00000000
256 8 32 85 0.009182 11111111
256 8 32 86 0.010418 22222222
256 8 32 87 0.009667 11111111
256 8 32 88 0.009348 11111111
256 8 32 89 0.009959 11111111
256 8 32 90 0.010582 22222222
256 8 32 91 0.011165 11111111
256 8 32 92 0.008786 22222222
256 8 32 93 0.010401 11111111
256 8 32 94 0.010106 00000000
256 8 32 95 0.009777 11111111
256 8 32 96 0.010115 22222222
256 8 32 97 0.009537 00000000
256 8 32 98 0.010416 22222222
256 8 32 99 0.010276 22222222
512 2 4 0 0.002217 11111111111111111111111111111111111111111111111111111111111111111111111111111111111111111111111111111111111111111111111111111111
512 2 4 1 0.002387 22222222222222222222222222222222222222222222222222222222222222222222222222222222222222222222222222222222222222222222222222222222
512 2 4 2 0.002365 11111111111111111111111111111111111111111111111111111111111111111111111111111111111111111111111111111111111111111111111111111111
512 2 4 3 0.002396 00000000000000000000000000000000000000000000000000000000000000000000000000000000000000000000000000000000000000000000000000000000
512 2 4 4 0.002325 22222222222222222222222222222222222222222222222222222222222222222222222222222222222222222222222222222222222222222222222222222222
512 2 4 5 0.002295 00000000000000000000000000000000000000000000000000000000000000000000000000000000000000000000000000000000000000000000000000000000
512 2 4 6 0.002260 11111111111111111111111111111111111111111111111111111111111111111111111111111111111111111111111111111111111111111111111111111111
512 2 4 7 0.002291 22222222222222222222222222222222222222222222222222222222222222222222222222222222222222222222222222222222222222222222222222222222
512 2 4 8 0.002285 00000000000000000000000000000000000000000000000000000000000000000000000000000000000000000000000000000000000000000000000000000000
512 2 4 9 0.002417 22222222222222222222222222222222222222222222222222222222222222222222222222222222222222222222222222222222222222222222222222222222
512 2 4 10 0.002367 11111111111111111111111111111111111111111111111111111111111111111111111111111111111111111111111111111111111111111111111111111111
512 2 4 11 0.002363 11111111111111111111111111111111111111111111111111111111111111111111111111111111111111111111111111111111111111111111111111111111
512 2 4 12 0.002216 00000000000000000000000000000000000000000000000000000000000000000000000000000000000000000000000000000000000000000000000000000000
512 2 4 13 0.002319 11111111111111111111111111111111111111111111111111111111111111111111111111111111111111111111111111111111111111111111111111111111
512 2 4 14 0.002399 11111111111111111111111111111111111111111111111111111111111111111111111111111111111111111111111111111111111111111111111111111111
512 2 4 15 0.002263 00000000000000000000000000000000000000000000000000000000000000000000000000000000000000000000000000000000000000000000000000000000
512 2 4 16 0.002397 11111111111111111111111111111111111111111111111111111111111111111111111111111111111111111111111111111111111111111111111111111111
512 2 4 17 0.002294 11111111111111111111111111111111111111111111111111111111111111111111111111111111111111111111111111111111111111111111111111111111
512 2 4 18 0.002352 11111111111111111111111111111111111111111111111111111111111111111111111111111111111111111111111111111111111111111111111111111111
512 2 4 19 0.002154 11111111111111111111111111111111111111111111111111111111111111111111111111111111111111111111111111111111111111111111111111111111
512 2 4 20 0.002371 11111111111111111111111111111111111111111111111111111111111111111111111111111111111111111111111111111111111111111111111111111111
512 2 4 21 0.002255 22222222222222222222222222222222222222222222222222222222222222222222222222222222222222222222222222222222222222222222222222222222
512 2 4 22 0.002311 11111111111111111111111111111111111111111111111111111111111111111111111111111111111111111111111111111111111111111111111111111111
512 2 4 23 0.002163 11111111111111111111111111111111111111111111111111111111111111111111111111111111111111111111111111111111111111111111111111111111
512 2 4 24 0.002415 00000000000000000000000000000000000000000000000000000000000000000000000000000000000000000000000000000000000000000000000000000000
512 2 4 25 0.002284 11111111111111111111111111111111111111111111111111111111111111111111111111111111111111111111111111111111111111111111111111111111
512 2 4 26 0.002241 11111111111111111111111111111111111111111111111111111111111111111111111111111111111111111111111111111111111111111111111111111111
512 2 4 27 0.002293 00000000000000000000000000000000000000000000000000000000000000000000000000000000000000000000000000000000000000000000000000000000
512 2 4 28 0.002327 22222222222222222222222222222222222222222222222222222222222222222222222222222222222222222222222222222222222222222222222222222222
512 2 4 29 0.002258 00000000000000000000000000000000000000000000000000000000000000000000000000000000000000000000000000000000000000000000000000000000
512 2 4 30 0.002172 11111111111111111111111111111111111111111111111111111111111111111111111111111111111111111111111111111111111111111111111111111111
512 2 4 31 0.002354 11111111111111111111111111111111111111111111111111111111111111111111111111111111111111111111111111111111111111111111111111111111
512 2 4 32 0.002424 11111111111111111111111111111111111111111111111111111111111111111111111111111111111111111111111111111111111111111111111111111111
512 2 4 33 0.002134 11111111111111111111111111111111111111111111111111111111111111111111111111111111111111111111111111111111111111111111111111111111
512 2 4 34 0.002307 00000000000000000000000000000000000000000000000000000000000000000000000000000000000000000000000000000000000000000000000000000000
512 2 4 35 0.002328 00000000000000000000000000000000000000000000000000000000000000000000000000000000000000000000000000000000000000000000000000000000
512 2 4 36 0.002350 00000000000000000000000000000000000000000000000000000000000000000000000000000000000000000000000000000000000000000000000000000000
512 2 4 37 0.002296 22222222222222222222222222222222222222222222222222222222222222222222222222222222222222222222222222222222222222222222222222222222
512 2 4 38 0.002086 11111111111111111111111111111111111111111111111111111111111111111111111111111111111111111111111111111111111111111111111111111111
512 2 4 39 0.002339 22222222222222222222222222222222222222222222222222222222222222222222222222222222222222222222222222222222222222222222222222222222
512 2 4 40 0.002219 11111111111111111111111111111111111111111111111111111111111111111111111111111111111111111111111111111111111111111111111111111111
512 2 4 41 0.002281 00000000000000000000000000000000000000000000000000000000000000000000000000000000000000000000000000000000000000000000000000000000
512 2 4 42 0.002406 00000000000000000000000000000000000000000000000000000000000000000000000000000000000000000000000000000000000000000000000000000000
512 2 4 43 0.002352 11111111111111111111111111111111111111111111111111111111111111111111111111111111111111111111111111111111111111111111111111111111
512 2 4 44 0.002565 00000000000000000000000000000000000000000000000000000000000000000000000000000000000000000000000000000000000000000000000000000000
512 2 4 45 0.002297 00000000000000000000000000000000000000000000000000000000000000000000000000000000000000000000000000000000000000000000000000000000
512 2 4 46 0.002457 11111111111111111111111111111111111111111111111111111111111111111111111111111111111111111111111111111111111111111111111111111111
512 2 4 47 0.002276 11111111111111111111111111111111111111111111111111111111111111111111111111111111111111111111111111111111111111111111111111111111
512 2 4 48 0.002486 11111111111111111111111111111111111111111111111111111111111111111111111111111111111111111111111111111111111111111111111111111111
512 2 4 49 0.002307 11111111111111111111111111111111111111111111111111111111111111111111111111111111111111111111111111111111111111111111111111111111
512 2 4 50 0.002248 11111111111111111111111111111111111111111111111111111111111111111111111111111111111111111111111111111111111111111111111111111111
512 2 4 51 0.002266 00000000000000000000000000000000000000000000000000000000000000000000000000000000000000000000000000000000000000000000000000000000
512 2 4 52 0.002340 11111111111111111111111111111111111111111111111111111111111111111111111111111111111111111111111111111111111111111111111111111111
512 2 4 53 0.002482 11111111111111111111111111111111111111111111111111111111111111111111111111111111111111111111111111111111111111111111111111111111
512 2 4 54 0.002382 11111111111111111111111111111111111111111111111111111111111111111111111111111111111111111111111111111111111111111111111111111111
512 2 4 55 0.002254 00000000000000000000000000000000000000000000000000000000000000000000000000000000000000000000000000000000000000000000000000000000
512 2 4 56 0.002284 11111111111111111111111111111111111111111111111111111111111111111111111111111111111111111111111111111111111111111111111111111111
512 2 4 57 0.002268 11111111111111111111111111111111111111111111111111111111111111111111111111111111111111111111111111111111111111111111111111111111
512 2 4 58 0.002241 11111111111111111111111111111111111111111111111111111111111111111111111111111111111111111111111111111111111111111111111111111111
512 2 4 59 0.002356 11111111111111111111111111111111111111111111111111111111111111111111111111111111111111111111111111111111111111111111111111111111
512 2 4 60 0.002240 11111111111111111111111111111111111111111111111111111111111111111111111111111111111111111111111111111111111111111111111111111111
512 2 4 61 0.002170 11111111111111111111111111111111111111111111111111111111111111111111111111111111111111111111111111111111111111111111111111111111
512 2 4 62 0.002230 00000000000000000000000000000000000000000000000000000000000000000000000000000000000000000000000000000000000000000000000000000000
512 2 4 63 0.002354 00000000000000000000000000000000000000000000000000000000000000000000000000000000000000000000000000000000000000000000000000000000
512 2 4 64 0.002536 11111111111111111111111111111111111111111111111111111111111111111111111111111111111111111111111111111111111111111111111111111111
512 2 4 65 0.002335 11111111111111111111111111111111111111111111111111111111111111111111111111111111111111111111111111111111111111111111111111111111
512 2 4 66 0.002300 22222222222222222222222222222222222222222222222222222222222222222222222222222222222222222222222222222222222222222222222222222222
512 2 4 67 0.002318 22222222222222222222222222222222222222222222222222222222222222222222222222222222222222222222222222222222222222222222222222222222
512 2 4 68 0.002273 11111111111111111111111111111111111111111111111111111111111111111111111111111111111111111111111111111111111111111111111111111111
512 2 4 69 0.002543 22222222222222222222222222222222222222222222222222222222222222222222222222222222222222222222222222222222222222222222222222222222
512 2 4 70 0.002367 11111111111111111111111111111111111111111111111111111111111111111111111111111111111111111111111111111111111111111111111111111111
512 2 4 71 0.002422 00000000000000000000000000000000000000000000000000000000000000000000000000000000000000000000000000000000000000000000000000000000
512 2 4 72 0.002345 11111111111111111111111111111111111111111111111111111111111111111111111111111111111111111111111111111111111111111111111111111111
512 2 4 73 0.002272 00000000000000000000000000000000000000000000000000000000000000000000000000000000000000000000000000000000000000000000000000000000
512 2 4 74 0.002180 22222222222222222222222222222222222222222222222222222222222222222222222222222222222222222222222222222222222222222222222222222222
512 2 4 75 0.002360 11111111111111111111111111111111111111111111111111111111111111111111111111111111111111111111111111111111111111111111111111111111
512 2 4 76 0.002374 11111111111111111111111111111111111111111111111111111111111111111111111111111111111111111111111111111111111111111111111111111111
512 2 4 77 0.002267 00000000000000000000000000000000000000000000000000000000000000000000000000000000000000000000000000000000000000000000000000000000
512 2 4 78 0.002447 11111111111111111111111111111111111111111111111111111111111111111111111111111111111111111111111111111111111111111111111111111111
512 2 4 79 0.002418 11111111111111111111111111111111111111111111111111111111111111111111111111111111111111111111111111111111111111111111111111111111
512 2 4 80 0.002260 12222222222222222222222222222222222222222222222222222222222222222222222222222222222222222222222222222222222222222222222222222222
512 2 4 81 0.002317 00000000000000000000000000000000000000000000000000000000000000000000000000000000000000000000000000000000000000000000000000000000
512 2 4 82 0.002314 11111111111111111111111111111111111111111111111111111111111111111111111111111111111111111111111111111111111111111111111111111111
512 2 4 83 0.002332 11111111111111111111111111111111111111111111111111111111111111111111111111111111111111111111111111111111111111111111111111111111
512 2 4 84 0.002492 11111111111111111111111111111111111111111111111111111111111111111111111111111111111111111111111111111111111111111111111111111111
512 2 4 85 0.002299 00000000000000000000000000000000000000000000000000000000000000000000000000000000000000000000000000000000000000000000000000000000
512 2 4 86 0.002401 11111111111111111111111111111111111111111111111111111111111111111111111111111111111111111111111111111111111111111111111111111111
512 2 4 87 0.002466 11111111111111111111111111111111111111111111111111111111111111111111111111111111111111111111111111111111111111111111111111111111
512 2 4 88 0.002416 22222222222222222222222222222222222222222222222222222222222222222222222222222222222222222222222222222222222222222222222222222222
512 2 4 89 0.002333 11111111111111111111111111111111111111111111111111111111111111111111111111111111111111111111111111111111111111111111111111111111
512 2 4 90 0.002337 11111111111111111111111111111111111111111111111111111111111111111111111111111111111111111111111111111111111111111111111111111111
512 2 4 91 0.002397 22222222222222222222222222222222222222222222222222222222222222222222222222222222222222222222222222222222222222222222222222222222
512 2 4 92 0.002395 11111111111111111111111111111111111111111111111111111111111111111111111111111111111111111111111111111111111111111111111111111111
512 2 4 93 0.002298 11111111111111111111111111111111111111111111111111111111111111111111111111111111111111111111111111111111111111111111111111111111
512 2 4 94 0.002310 00000000000000000000000000000000000000000000000000000000000000000000000000000000000000000000000000000000000000000000000000000000
512 2 4 95 0.002343 00000000000000000000000000000000000000000000000000000000000000000000000000000000000000000000000000000000000000000000000000000000
512 2 4 96 0.002256 11111111111111111111111111111111111111111111111111111111111111111111111111111111111111111111111111111111111111111111111111111111
512 2 4 97 0.002355 11111111111111111111111111111111111111111111111111111111111111111111111111111111111111111111111111111111111111111111111111111111
512 2 4 98 0.002316 00000000000000000000000000000000000000000000000000000000000000000000000000000000000000000000000000000000000000000000000000000000
512 2 4 99 0.002429 11111111111111111111111111111111111111111111111111111111111111111111111111111111111111111111111111111111111111111111111111111111
512 2 8 0 0.002201 1111111111111111111111111111111111111111111111111111111111111111
512 2 8 1 0.002415 2222222222222222222222222222222222222222222222222222222222222222
512 2 8 2 0.002401 1111111111111111111111111111111111111111111111111111111111111111
512 2 8 3 0.002353 0000000000000000000000000000000000000000000000000000000000000000
512 2 8 4 0.002279 2222222222222222222222222222222222222222222222222222222222222222
512 2 8 5 0.002292 0000000000000000000000000000000000000000000000000000000000000000
512 2 8 6 0.002434 1111111111111111111111111111111111111111111111111111111111111111
512 2 8 7 0.002264 2222222222222222222222222222222222222222222222222222222222222222
512 2 8 8 0.002287 0000000000000000000000000000000000000000000000000000000000000000
512 2 8 9 0.002551 2222222222222222222222222222222222222222222222222222222222222222
512 2 8 10 0.002331 1111111111111111111111111111111111111111111111111111111111111111
512 2 8 11 0.002338 1111111111111111111111111111111111111111111111111111111111111111
512 2 8 12 0.002202 0000000000000000000000000000000000000000000000000000000000000000
512 2 8 13 0.002319 1111111111111111111111111111111111111111111111111111111111111111
512 2 8 14 0.002423 1111111111111111111111111111111111111111111111111111111111111111
512 2 8 15 0.002240 0000000000000000000000000000000000000000000000000000000000000000
512 2 8 16 0.002408 1111111111111111111111111111111111111111111111111111111111111111
512 2 8 17 0.002278 1111111111111111111111111111111111111111111111111111111111111111
512 2 8 18 0.002293 1111111111111111111111111111111111111111111111111111111111111111
512 2 8 19 0.002111 1111111111111111111111111111111111111111111111111111111111111111
512 2 8 20 0.002368 1111111111111111111111111111111111111111111111111111111111111111
512 2 8 21 0.002241 2222222222222222222222222222222222222222222222222222222222222222
512 2 8 22 0.002251 1111111111111111111111111111111111111111111111111111111111111111
512 2 8 23 0.002179 1111111111111111111111111111111111111111111111111111111111111111
512 2 8 24 0.002443 0000000000000000000000000000000000000000000000000000000000000000
512 2 8 25 0.002280 1111111111111111111111111111111111111111111111111111111111111111
512 2 8 26 0.002222 1111111111111111111111111111111111111111111111111111111111111111
512 2 8 27 0.002307 0000000000000000000000000000000000000000000000000000000000000000
512 2 8 28 0.002293 2222222222222222222222222222222222222222222222222222222222222222
512 2 8 29 0.002245 0000000000000000000000000000000000000000000000000000000000000000
512 2 8 30 0.002141 1111111111111111111111111111111111111111111111111111111111111111
512 2 8 31 0.002357 1111111111111111111111111111111111111111111111111111111111111111
512 2 8 32 0.002397 1111111111111111111111111111111111111111111111111111111111111111
512 2 8 33 0.002127 1111111111111111111111111111111111111111111111111111111111111111
512 2 8 34 0.002334 0000000000000000000000000000000000000000000000000000000000000000
512 2 8 35 0.002351 0000000000000000000000000000000000000000000000000000000000000000
512 2 8 36 0.002335 0000000000000000000000000000000000000000000000000000000000000000
512 2 8 37 0.002271 2222222222222222222222222222222222222222222222222222222222222222
512 2 8 38 0.002058 1111111111111111111111111111111111111111111111111111111111111111
512 2 8 39 0.002336 2222222222222222222222222222222222222222222222222222222222222222
512 2 8 40 0.002186 1111111111111111111111111111111111111111111111111111111111111111
512 2 8 41 0.002435 0000000000000000000000000000000000000000000000000000000000000000
512 2 8 42 0.002409 0000000000000000000000000000000000000000000000000000000000000000
512 2 8 43 0.002306 1111111111111111111111111111111111111111111111111111111111111111
512 2 8 44 0.002587 0000000000000000000000000000000000000000000000000000000000000000
512 2 8 45 0.002278 0000000000000000000000000000000000000000000000000000000000000000
512 2 8 46 0.002450 1111111111111111111111111111111111111111111111111111111111111111
512 2 8 47 0.002272 1111111111111111111111111111111111111111111111111111111111111111
512 2 8 48 0.002744 1111111111111111111111111111111111111111111111111111111111111111
512 2 8 49 0.002299 1111111111111111111111111111111111111111111111111111111111111111
512 2 8 50 0.002242 1111111111111111111111111111111111111111111111111111111111111111
512 2 8 51 0.002253 0000000000000000000000000000000000000000000000000000000000000000
512 2 8 52 0.002304 1111111111111111111111111111111111111111111111111111111111111111
512 2 8 53 0.002358 1111111111111111111111111111111111111111111111111111111111111111
512 2 8 54 0.002244 1111111111111111111111111111111111111111111111111111111111111111
512 2 8 55 0.002248 0000000000000000000000000000000000000000000000000000000000000000
512 2 8 56 0.002225 1111111111111111111111111111111111111111111111111111111111111111
512 2 8 57 0.002280 1111111111111111111111111111111111111111111111111111111111111111
512 2 8 58 0.002207 1111111111111111111111111111111111111111111111111111111111111111
512 2 8 59 0.002371 1111111111111111111111111111111111111111111111111111111111111111
512 2 8 60 0.002249 1111111111111111111111111111111111111111111111111111111111111111
512 2 8 61 0.002157 1111111111111111111111111111111111111111111111111111111111111111
512 2 8 62 0.002239 0000000000000000000000000000000000000000000000000000000000000000
512 2 8 63 0.002387 0000000000000000000000000000000000000000000000000000000000000000
512 2 8 64 0.002488 1111111111111111111111111111111111111111111111111111111111111111
512 2 8 65 0.002371 1111111111111111111111111111111111111111111111111111111111111111
512 2 8 66 0.002240 2222222222222222222222222222222222222222222222222222222222222222
512 2 8 67 0.002301 2222222222222222222222222222222222222222222222222222222222222222
512 2 8 68 0.002269 1111111111111111111111111111111111111111111111111111111111111111
512 2 8 69 0.002478 2222222222222222222222222222222222222222222222222222222222222222
512 2 8 70 0.002391 1111111111111111111111111111111111111111111111111111111111111111
512 2 8 71 0.002427 0000000000000000000000000000000000000000000000000000000000000000
512 2 8 72 0.002340 1111111111111111111111111111111111111111111111111111111111111111
512 2 8 73 0.002265 0000000000000000000000000000000000000000000000000000000000000000
512 2 8 74 0.002182 2222222222222222222222222222222222222222222222222222222222222222
512 2 8 75 0.002395 1111111111111111111111111111111111111111111111111111111111111111
512 2 8 76 0.002361 1111111111111111111111111111111111111111111111111111111111111111
512 2 8 77 0.002281 0000000000000000000000000000000000000000000000000000000000000000
512 2 8 78 0.002342 1111111111111111111111111111111111111111111111111111111111111111
512 2 8 79 0.002399 1111111111111111111111111111111111111111111111111111111111111111
512 2 8 80 0.002249 1111111111111111111111111111111111111111111111111111111111111111
512 2 8 81 0.002324 0000000000000000000000000000000000000000000000000000000000000000
512 2 8 82 0.002270 1111111111111111111111111111111111111111111111111111111111111111
512 2 8 83 0.002263 1111111111111111111111111111111111111111111111111111111111111111
512 2 8 84 0.002490 1111111111111111111111111111111111111111111111111111111111111111
512 2 8 85 0.002308 0000000000000000000000000000000000000000000000000000000000000000
512 2 8 86 0.002317 1111111111111111111111111111111111111111111111111111111111111111
512 2 8 87 0.002445 1111111111111111111111111111111111111111111111111111111111111111
512 2 8 88 0.002364 2222222222222222222222222222222222222222222222222222222222222222
512 2 8 89 0.002299 1111111111111111111111111111111111111111111111111111111111111111
512 2 8 90 0.002339 1111111111111111111111111111111111111111111111111111111111111111
512 2 8 91 0.002381 2222222222222222222222222222222222222222222222222222222222222222
512 2 8 92 0.002420 1111111111111111111111111111111111111111111111111111111111111111
512 2 8 93 0.002329 1111111111111111111111111111111111111111111111111111111111111111
512 2 8 94 0.002283 0000000000000000000000000000000000000000000000000000000000000000
512 2 8 95 0.002341 0000000000000000000000000000000000000000000000000000000000000000
512 2 8 96 0.002270 1111111111111111111111111111111111111111111111111111111111111111
512 2 8 97 0.002350 1111111111111111111111111111111111111111111111111111111111111111
512 2 8 98 0.002251 0000000000000000000000000000000000000000000000000000000000000000
512 2 8 99 0.002451 1111111111111111111111111111111111111111111111111111111111111111
512 2 16 0 0.002096 11111111111111111111111111111111
512 2 16 1 0.002279 22222222222222222222222222222222
512 2 16 2 0.002294 11111111111111111111111111111111
512 2 16 3 0.002241 00000000000000000000000000000000
512 2 16 4 0.002197 22222222222222222222222222222222
512 2 16 5 0.002188 00000000000000000000000000000000
512 2 16 6 0.002220 11111111111111111111111111111111
512 2 16 7 0.002215 22222222222222222222222222222222
512 2 16 8 0.002194 00000000000000000000000000000000
512 2 16 9 0.002351 22222222222222222222222222222222
512 2 16 10 0.002265 11111111111111111111111111111111
512 2 16 11 0.002270 11111111111111111111111111111111
512 2 16 12 0.002132 00000000000000000000000000000000
512 2 16 13 0.002205 11111111111111111111111111111111
512 2 16 14 0.002331 11111111111111111111111111111111
512 2 16 15 0.002215 00000000000000000000000000000000
512 2 16 16 0.002333 11111111111111111111111111111111
512 2 16 17 0.002184 11111111111111111111111111111111
512 2 16 18 0.002220 11111111111111111111111111111111
512 2 16 19 0.002047 11111111111111111111111111111111
512 2 16 20 0.002269 11111111111111111111111111111111
512 2 16 21 0.002151 22222222222222222222222222222222
512 2 16 22 0.002151 11111111111111111111111111111111
512 2 16 23 0.002060 11111111111111111111111111111111
512 2 16 24 0.002329 00000000000000000000000000000000
512 2 16 25 0.002269 11111111111111111111111111111111
512 2 16 26 0.002124 11111111111111111111111111111111
512 2 16 27 0.002259 00000000000000000000000000000000
512 2 16 28 0.002259 22222222222222222222222222222222
512 2 16 29 0.002136 00000000000000000000000000000000
512 2 16 30 0.002057 11111111111111111111111111111111
512 2 16 31 0.002301 11111111111111111111111111111111
512 2 16 32 0.002325 11111111111111111111111111111111
512 2 16 33 0.002062 11111111111111111111111111111111
512 2 16 34 0.002240 00000000000000000000000000000000
512 2 16 35 0.002257 00000000000000000000000000000000
512 2 16 36 0.002259 00000000000000000000000000000000
512 2 16 37 0.002186 22222222222222222222222222222222
512 2 16 38 0.001987 11111111111111111111111111111111
512 2 16 39 0.002275 22222222222222222222222222222222
512 2 16 40 0.002102 11111111111111111111111111111111
512 2 16 41 0.002225 00000000000000000000000000000000
512 2 16 42 0.002338 00000000000000000000000000000000
512 2 16 43 0.002207 11111111111111111111111111111111
512 2 16 44 0.002497 00000000000000000000000000000000
512 2 16 45 0.002190 00000000000000000000000000000000
512 2 16 46 0.002387 11111111111111111111111111111111
512 2 16 47 0.002185 11111111111111111111111111111111
512 2 16 48 0.002454 11111111111111111111111111111111
512 2 16 49 0.002152 11111111111111111111111111111111
512 2 16 50 0.002177 11111111111111111111111111111111
512 2 16 51 0.002157 00000000000000000000000000000000
512 2 16 52 0.002239 11111111111111111111111111111111
512 2 16 53 0.002299 11111111111111111111111111111111
512 2 16 54 0.002152 11111111111111111111111111111111
512 2 16 55 0.002153 00000000000000000000000000000000
512 2 16 56 0.002149 11111111111111111111111111111111
512 2 16 57 0.002200 11111111111111111111111111111111
512 2 16 58 0.002108 11111111111111111111111111111111
512 2 16 59 0.002288 11111111111111111111111111111111
512 2 16 60 0.002178 11111111111111111111111111111111
512 2 16 61 0.002098 11111111111111111111111111111111
512 2 16 62 0.002159 00000000000000000000000000000000
512 2 16 63 0.002294 00000000000000000000000000000000
512 2 16 64 0.002387 11111111111111111111111111111111
512 2 16 65 0.002261 11111111111111111111111111111111
512 2 16 66 0.002181 22222222222222222222222222222222
512 2 16 67 0.002225 22222222222222222222222222222222
512 2 16 68 0.002236 11111111111111111111111111111111
512 2 16 69 0.002458 22222222222222222222222222222222
512 2 16 70 0.002310 11111111111111111111111111111111
512 2 16 71 0.002348 00000000000000000000000000000000
512 2 16 72 0.002235 11111111111111111111111111111111
512 2 16 73 0.002192 00000000000000000000000000000000
512 2 16 74 0.002083 22222222222222222222222222222222
512 2 16 75 0.002273 11111111111111111111111111111111
512 2 16 76 0.002265 11111111111111111111111111111111
512 2 16 77 0.002141 00000000000000000000000000000000
512 2 16 78 0.002272 11111111111111111111111111111111
512 2 16 79 0.002308 11111111111111111111111111111111
512 2 16 80 0.002180 11111111111111111111111111111111
512 2 16 81 0.002248 00000000000000000000000000000000
512 2 16 82 0.002203 11111111111111111111111111111111
512 2 16 83 0.002180 11111111111111111111111111111111
512 2 16 84 0.002431 11111111111111111111111111111111
512 2 16 85 0.002253 00000000000000000000000000000000
512 2 16 86 0.002218 11111111111111111111111111111111
512 2 16 87 0.002314 11111111111111111111111111111111
512 2 16 88 0.002293 22222222222222222222222222222222
512 2 16 89 0.002221 11111111111111111111111111111111
512 2 16 90 0.002301 11111111111111111111111111111111
512 2 16 91 0.002342 22222222222222222222222222222222
512 2 16 92 0.002323 11111111111111111111111111111111
512 2 16 93 0.002239 11111111111111111111111111111111
512 2 16 94 0.002184 00000000000000000000000000000000
512 2 16 95 0.002269 00000000000000000000000000000000
512 2 16 96 0.002187 11111111111111111111111111111111
512 2 16 97 0.002264 11111111111111111111111111111111
512 2 16 98 0.002171 00000000000000000000000000000000
512 2 16 99 0.002339 11111111111111111111111111111111
512 2 32 0 0.002200 1111111111111111
512 2 32 1 0.002394 2222222222222222
512 2 32 2 0.002360 1111111111111111
512 2 32 3 0.002312 0000000000000000
512 2 32 4 0.002254 2222222222222222
512 2 32 5 0.002266 0000000000000000
512 2 32 6 0.002258 1111111111111111
512 2 32 7 0.002277 2222222222222222
512 2 32 8 0.002294 0000000000000000
512 2 32 9 0.002394 2222222222222222
512 2 32 10 0.002344 1111111111111111
512 2 32 11 0.002343 1111111111111111
512 2 32 12 0.002221 0000000000000000
512 2 32 13 0.002280 1111111111111111
512 2 32 14 0.002387 1111111111111111
512 2 32 15 0.002271 0000000000000000
512 2 32 16 0.002408 1111111111111111
512 2 32 17 0.002279 1111111111111111
512 2 32 18 0.002265 1111111111111111
512 2 32 19 0.002114 1111111111111111
512 2 32 20 0.002345 1111111111111111
512 2 32 21 0.002222 2222222222222222
512 2 32 22 0.002221 1111111111111111
512 2 32 23 0.002150 1111111111111111
512 2 32 24 0.002983 0000000000000000
512 2 32 25 0.002231 1111111111111111
512 2 32 26 0.002196 1111111111111111
512 2 32 27 0.002326 0000000000000000
512 2 32 28 0.002290 2222222222222222
512 2 32 29 0.002227 0000000000000000
512 2 32 30 0.002121 1111111111111111
512 2 32 31 0.002341 1111111111111111
512 2 32 32 0.002463 1111111111111111
512 2 32 33 0.002125 1111111111111111
512 2 32 34 0.002297 0000000000000000
512 2 32 35 0.002328 0000000000000000
512 2 32 36 0.002322 0000000000000000
512 2 32 37 0.002265 2222222222222222
512 2 32 38 0.002070 1111111111111111
512 2 32 39 0.002356 2222222222222222
512 2 32 40 0.002157 1111111111111111
512 2 32 41 0.002283 0000000000000000
512 2 32 42 0.002403 0000000000000000
512 2 32 43 0.002344 1111111111111111
512 2 32 44 0.002580 0000000000000000
512 2 32 45 0.002272 0000000000000000
512 2 32 46 0.002437 1111111111111111
512 2 32 47 0.002228 1111111111111111
512 2 32 48 0.002546 1111111111111111
512 2 32 49 0.002295 1111111111111111
512 2 32 50 0.002234 1111111111111111
512 2 32 51 0.002261 0000000000000000
512 2 32 52 0.002286 1111111111111111
512 2 32 53 0.002381 1111111111111111
512 2 32 54 0.002201 1111111111111111
512 2 32 55 0.002223 0000000000000000
512 2 32 56 0.002196 1111111111111111
512 2 32 57 0.002252 1111111111111111
512 2 32 58 0.002367 1111111111111111
512 2 32 59 0.002347 1111111111111111
512 2 32 60 0.002229 1111111111111111
512 2 32 61 0.002141 1111111111111111
512 2 32 62 0.002207 0000000000000000
512 2 32 63 0.002358 0000000000000000
512 2 32 64 0.002443 1111111111111111
512 2 32 65 0.002329 1111111111111111
512 2 32 66 0.002217 2222222222222222
512 2 32 67 0.002314 2222222222222222
512 2 32 68 0.002254 1111111111111111
512 2 32 69 0.002418 2222222222222222
512 2 32 70 0.002368 1111111111111111
512 2 32 71 0.002486 0000000000000000
512 2 32 72 0.002318 1111111111111111
512 2 32 73 0.002228 0000000000000000
512 2 32 74 0.002144 2222222222222222
512 2 32 75 0.002341 1111111111111111
512 2 32 76 0.002367 1111111111111111
512 2 32 77 0.002329 0000000000000000
512 2 32 78 0.002338 1111111111111111
512 2 32 79 0.002376 1111111111111111
512 2 32 80 0.002215 1111111111111111
512 2 32 81 0.002310 0000000000000000
512 2 32 82 0.002312 1111111111111111
512 2 32 83 0.002259 1111111111111111
512 2 32 84 0.002469 1111111111111111
512 2 32 85 0.002301 0000000000000000
512 2 32 86 0.002300 1111111111111111
512 2 32 87 0.002405 1111111111111111
512 2 32 88 0.002518 2222222222222222
512 2 32 89 0.002266 1111111111111111
512 2 32 90 0.002320 1111111111111111
512 2 32 91 0.002384 2222222222222222
512 2 32 92 0.002401 1111111111111111
512 2 32 93 0.002301 1111111111111111
512 2 32 94 0.002298 0000000000000000
512 2 32 95 0.002353 0000000000000000
512 2 32 96 0.002220 1111111111111111
512 2 32 97 0.002365 1111111111111111
512 2 32 98 0.002243 0000000000000000
512 2 32 99 0.002423 1111111111111111
512 4 8 0 0.005915 1111111111111111111111111111111111111111111111111111111111111111
512 4 8 1 0.006386 2222222222222222222222222222222222222222222222222222222222222222
512 4 8 2 0.006291 1111111111111111111111111111111111111111111111111111111111111111
512 4 8 3 0.006167 0000000000000000000000000000000000000000000000000000000000000000
512 4 8 4 0.005799 2222222222222222222222222222222222222222222222222222222222222222
512 4 8 5 0.006132 0000000000000000000000000000000000000000000000000000000000000000
512 4 8 6 0.006113 1111111111111111111111111111111111111111111111111111111111111111
512 4 8 7 0.005993 2222222222222222222222222222222222222222222222222222222222222222
512 4 8 8 0.005920 0000000000000000000000000000000000000000000000000000000000000000
512 4 8 9 0.006541 2222222222222222222222222222222222222222222222222222222222222222
512 4 8 10 0.006336 1111111111111111111111111111111111111111111111111111111111111111
512 4 8 11 0.006148 1111111111111111111111111111111111111111111111111111111111111111
512 4 8 12 0.005720 0000000000000000000000000000000000000000000000000000000000000000
512 4 8 13 0.006185 1111111111111111111111111111111111111111111111111111111111111111
512 4 8 14 0.006431 1111111111111111111111111111111111111111111111111111111111111111
512 4 8 15 0.005965 0000000000000000000000000000000000000000000000000000000000000000
512 4 8 16 0.006471 1111111111111111111111111111111111111111111111111111111111111111
512 4 8 17 0.006235 1111111111111111111111111111111111111111111111111111111111111111
512 4 8 18 0.006001 1111111111111111111111111111111111111111111111111111111111111111
512 4 8 19 0.005636 1111111111111111111111111111111111111111111111111111111111111111
512 4 8 20 0.006038 1111111111111111111111111111111111111111111111111111111111111111
512 4 8 21 0.005903 2222222222222222222222222222222222222222222222222222222222222222
512 4 8 22 0.005982 1111111111111111111111111111111111111111111111111111111111111111
512 4 8 23 0.005513 1111111111111111111111111111111111111111111111111111111111111111
512 4 8 24 0.006669 0000000000000000000000000000000000000000000000000000000000000000
512 4 8 25 0.005942 1111111111111111111111111111111111111111111111111111111111111111
512 4 8 26 0.005964 1111111111111111111111111111111111111111111111111111111111111111
512 4 8 27 0.006302 0000000000000000000000000000000000000000000000000000000000000000
512 4 8 28 0.006088 2222222222222222222222222222222222222222222222222222222222222222
512 4 8 29 0.005804 0000000000000000000000000000000000000000000000000000000000000000
512 4 8 30 0.005558 1111111111111111111111111111111111111111111111111111111111111111
512 4 8 31 0.006146 1111111111111111111111111111111111111111111111111111111111111111
512 4 8 32 0.006584 1111111111111111111111111111111111111111111111111111111111111111
512 4 8 33 0.005722 1111111111111111111111111111111111111111111111111111111111111111
512 4 8 34 0.006058 0000000000000000000000000000000000000000000000000000000000000000
512 4 8 35 0.006249 0000000000000000000000000000000000000000000000000000000000000000
512 4 8 36 0.006160 0000000000000000000000000000000000000000000000000000000000000000
512 4 8 37 0.006294 2222222222222222222222222222222222222222222222222222222222222222
512 4 8 38 0.005452 1111111111111111111111111111111111111111111111111111111111111111
512 4 8 39 0.006410 2222222222222222222222222222222222222222222222222222222222222222
512 4 8 40 0.005665 1111111111111111111111111111111111111111111111111111111111111111
512 4 8 41 0.006000 0000000000000000000000000000000000000000000000000000000000000000
512 4 8 42 0.006455 0000000000000000000000000000000000000000000000000000000000000000
512 4 8 43 0.006256 1111111111111111111111111111111111111111111111111111111111111111
512 4 8 44 0.007265 0000000000000000000000000000000000000000000000000000000000000000
512 4 8 45 0.006065 0000000000000000000000000000000000000000000000000000000000000000
512 4 8 46 0.006690 1111111111111111111111111111111111111111111111111111111111111111
512 4 8 47 0.005958 1111111111111111111111111111111111111111111111111111111111111111
512 4 8 48 0.006841 1111111111111111111111111111111111111111111111111111111111111111
512 4 8 49 0.005933 1111111111111111111111111111111111111111111111111111111111111111
512 4 8 50 0.006017 1111111111111111111111111111111111111111111111111111111111111111
512 4 8 51 0.006128 0000000000000000000000000000000000000000000000000000000000000000
512 4 8 52 0.006236 1111111111111111111111111111111111111111111111111111111111111111
512 4 8 53 0.006197 1111111111111111111111111111111111111111111111111111111111111111
512 4 8 54 0.005978 1111111111111111111111111111111111111111111111111111111111111111
512 4 8 55 0.005874 0000000000000000000000000000000000000000000000000000000000000000
512 4 8 56 0.005733 1111111111111111111111111111111111111111111111111111111111111111
512 4 8 57 0.005976 1111111111111111111111111111111111111111111111111111111111111111
512 4 8 58 0.005813 1111111111111111111111111111111111111111111111111111111111111111
512 4 8 59 0.006699 1111111111111111111111111111111111111111111111111111111111111111
512 4 8 60 0.006035 1111111111111111111111111111111111111111111111111111111111111111
512 4 8 61 0.005523 1111111111111111111111111111111111111111111111111111111111111111
512 4 8 62 0.005846 0000000000000000000000000000000000000000000000000000000000000000
512 4 8 63 0.006271 0000000000000000000000000000000000000000000000000000000000000000
512 4 8 64 0.006588 1111111111111111111111111111111111111111111111111111111111111111
512 4 8 65 0.006174 1111111111111111111111111111111111111111111111111111111111111111
512 4 8 66 0.005904 2222222222222222222222222222222222222222222222222222222222222222
512 4 8 67 0.006397 2222222222222222222222222222222222222222222222222222222222222222
512 4 8 68 0.005937 1111111111111111111111111111111111111111111111111111111111111111
512 4 8 69 0.006610 2222222222222222222222222222222222222222222222222222222222222222
512 4 8 70 0.006581 1111111111111111111111111111111111111111111111111111111111111111
512 4 8 71 0.006336 0000000000000000000000000000000000000000000000000000000000000000
512 4 8 72 0.006222 1111111111111111111111111111111111111111111111111111111111111111
512 4 8 73 0.006119 0000000000000000000000000000000000000000000000000000000000000000
512 4 8 74 0.005689 2222222222222222222222222222222222222222222222222222222222222222
512 4 8 75 0.006267 1111111111111111111111111111111111111111111111111111111111111111
512 4 8 76 0.006356 1111111111111111111111111111111111111111111111111111111111111111
512 4 8 77 0.006129 0000000000000000000000000000000000000000000000000000000000000000
512 4 8 78 0.006503 1111111111111111111111111111111111111111111111111111111111111111
512 4 8 79 0.006489 1111111111111111111111111111111111111111111111111111111111111111
512 4 8 80 0.005793 2222222222222222222222222222222222222222222222222222222222222222
512 4 8 81 0.006164 0000000000000000000000000000000000000000000000000000000000000000
512 4 8 82 0.005974 1111111111111111111111111111111111111111111111111111111111111111
512 4 8 83 0.005962 1111111111111111111111111111111111111111111111111111111111111111
512 4 8 84 0.006586 1111111111111111111111111111111111111111111111111111111111111111
512 4 8 85 0.005992 0000000000000000000000000000000000000000000000000000000000000000
512 4 8 86 0.006301 1111111111111111111111111111111111111111111111111111111111111111
512 4 8 87 0.006710 1111111111111111111111111111111111111111111111111111111111111111
512 4 8 88 0.006331 2222222222222222222222222222222222222222222222222222222222222222
512 4 8 89 0.006010 1111111111111111111111111111111111111111111111111111111111111111
512 4 8 90 0.006484 1111111111111111111111111111111111111111111111111111111111111111
512 4 8 91 0.006679 2222222222222222222222222222222222222222222222222222222222222222
512 4 8 92 0.006866 1111111111111111111111111111111111111111111111111111111111111111
512 4 8 93 0.006172 1111111111111111111111111111111111111111111111111111111111111111
512 4 8 94 0.006284 0000000000000000000000000000000000000000000000000000000000000000
512 4 8 95 0.006138 0000000000000000000000000000000000000000000000000000000000000000
512 4 8 96 0.005725 1111111111111111111111111111111111111111111111111111111111111111
512 4 8 97 0.006231 1111111111111111111111111111111111111111111111111111111111111111
512 4 8 98 0.006048 0000000000000000000000000000000000000000000000000000000000000000
512 4 8 99 0.006533 1111111111111111111111111111111111111111111111111111111111111111
512 4 16 0 0.005710 11111111111111111111111111111111
512 4 16 1 0.006486 22222222222222222222222222222222
512 4 16 2 0.006298 11111111111111111111111111111111
512 4 16 3 0.005998 00000000000000000000000000000000
512 4 16 4 0.005850 22222222222222222222222222222222
512 4 16 5 0.005927 00000000000000000000000000000000
512 4 16 6 0.005878 11111111111111111111111111111111
512 4 16 7 0.005785 22222222222222222222222222222222
512 4 16 8 0.005803 00000000000000000000000000000000
512 4 16 9 0.006425 22222222222222222222222222222222
512 4 16 10 0.006065 11111111111111111111111111111111
512 4 16 11 0.006096 11111111111111111111111111111111
512 4 16 12 0.005452 00000000000000000000000000000000
512 4 16 13 0.006157 11111111111111111111111111111111
512 4 16 14 0.006235 11111111111111111111111111111111
512 4 16 15 0.005722 00000000000000000000000000000000
512 4 16 16 0.006190 11111111111111111111111111111111
512 4 16 17 0.005967 11111111111111111111111111111111
512 4 16 18 0.005737 11111111111111111111111111111111
512 4 16 19 0.005315 11111111111111111111111111111111
512 4 16 20 0.005845 11111111111111111111111111111111
512 4 16 21 0.005889 22222222222222222222222222222222
512 4 16 22 0.005719 11111111111111111111111111111111
512 4 16 23 0.005377 11111111111111111111111111111111
512 4 16 24 0.006362 00000000000000000000000000000000
512 4 16 25 0.005711 11111111111111111111111111111111
512 4 16 26 0.005748 11111111111111111111111111111111
512 4 16 27 0.005960 00000000000000000000000000000000
512 4 16 28 0.005880 22222222222222222222222222222222
512 4 16 29 0.005648 00000000000000000000000000000000
512 4 16 30 0.005297 11111111111111111111111111111111
512 4 16 31 0.006079 11111111111111111111111111111111
512 4 16 32 0.006453 11111111111111111111111111111111
512 4 16 33 0.005427 11111111111111111111111111111111
512 4 16 34 0.005884 00000000000000000000000000000000
512 4 16 35 0.006178 00000000000000000000000000000000
512 4 16 36 0.006008 00000000000000000000000000000000
512 4 16 37 0.005840 22222222222222222222222222222222
512 4 16 38 0.005264 11111111111111111111111111111111
512 4 16 39 0.006096 22222222222222222222222222222222
512 4 16 40 0.005602 11111111111111111111111111111111
512 4 16 41 0.005664 00000000000000000000000000000000
512 4 16 42 0.006330 00000000000000000000000000000000
512 4 16 43 0.006069 11111111111111111111111111111111
512 4 16 44 0.007030 00000000000000000000000000000000
512 4 16 45 0.005825 00000000000000000000000000000000
512 4 16 46 0.006622 11111111111111111111111111111111
512 4 16 47 0.005818 11111111111111111111111111111111
512 4 16 48 0.006646 11111111111111111111111111111111
512 4 16 49 0.005961 11111111111111111111111111111111
512 4 16 50 0.005799 11111111111111111111111111111111
512 4 16 51 0.005856 00000000000000000000000000000000
512 4 16 52 0.006146 11111111111111111111111111111111
512 4 16 53 0.006218 11111111111111111111111111111111
512 4 16 54 0.005999 11111111111111111111111111111111
512 4 16 55 0.005789 00000000000000000000000000000000
512 4 16 56 0.005662 11111111111111111111111111111111
512 4 16 57 0.005677 11111111111111111111111111111111
512 4 16 58 0.005553 11111111111111111111111111111111
512 4 16 59 0.006345 11111111111111111111111111111111
512 4 16 60 0.005773 11111111111111111111111111111111
512 4 16 61 0.005507 11111111111111111111111111111111
512 4 16 62 0.005684 00000000000000000000000000000000
512 4 16 63 0.006120 00000000000000000000000000000000
512 4 16 64 0.006532 11111111111111111111111111111111
512 4 16 65 0.005973 11111111111111111111111111111111
512 4 16 66 0.005886 22222222222222222222222222222222
512 4 16 67 0.005976 22222222222222222222222222222222
512 4 16 68 0.005828 11111111111111111111111111111111
512 4 16 69 0.006652 22222222222222222222222222222222
512 4 16 70 0.006224 11111111111111111111111111111111
512 4 16 71 0.006197 00000000000000000000000000000000
512 4 16 72 0.005900 11111111111111111111111111111111
512 4 16 73 0.006002 00000000000000000000000000000000
512 4 16 74 0.005413 22222222222222222222222222222222
512 4 16 75 0.006048 11111111111111111111111111111111
512 4 16 76 0.006122 11111111111111111111111111111111
512 4 16 77 0.005818 00000000000000000000000000000000
512 4 16 78 0.006191 11111111111111111111111111111111
512 4 16 79 0.006264 11111111111111111111111111111111
512 4 16 80 0.005765 22222222222222222222222222222222
512 4 16 81 0.006158 00000000000000000000000000000000
512 4 16 82 0.005803 11111111111111111111111111111111
512 4 16 83 0.005814 11111111111111111111111111111111
512 4 16 84 0.006340 11111111111111111111111111111111
512 4 16 85 0.005854 00000000000000000000000000000000
512 4 16 86 0.006278 11111111111111111111111111111111
512 4 16 87 0.006317 11111111111111111111111111111111
512 4 16 88 0.006151 22222222222222222222222222222222
512 4 16 89 0.005864 11111111111111111111111111111111
512 4 16 90 0.006155 11111111111111111111111111111111
512 4 16 91 0.006325 22222222222222222222222222222222
512 4 16 92 0.006581 11111111111111111111111111111111
512 4 16 93 0.005898 11111111111111111111111111111111
512 4 16 94 0.005808 00000000000000000000000000000000
512 4 16 95 0.006133 00000000000000000000000000000000
512 4 16 96 0.005609 11111111111111111111111111111111
512 4 16 97 0.006174 11111111111111111111111111111111
512 4 16 98 0.005738 00000000000000000000000000000000
512 4 16 99 0.006362 11111111111111111111111111111111
512 4 32 0 0.006156 1111111111111111
512 4 32 1 0.006712 2222222222222222
512 4 32 2 0.006517 1111111111111111
512 4 32 3 0.006329 0000000000000000
512 4 32 4 0.005895 2222222222222222
512 4 32 5 0.006256 0000000000000000
512 4 32 6 0.006047 1111111111111111
512 4 32 7 0.006086 2222222222222222
512 4 32 8 0.005942 0000000000000000
512 4 32 9 0.006679 2222222222222222
512 4 32 10 0.006425 1111111111111111
512 4 32 11 0.006454 1111111111111111
512 4 32 12 0.006307 0000000000000000
512 4 32 13 0.006243 1111111111111111
512 4 32 14 0.006421 1111111111111111
512 4 32 15 0.006006 0000000000000000
512 4 32 16 0.006429 1111111111111111
512 4 32 17 0.006117 1111111111111111
512 4 32 18 0.005931 1111111111111111
512 4 32 19 0.005748 1111111111111111
512 4 32 20 0.006064 1111111111111111
512 4 32 21 0.006174 2222222222222222
512 4 32 22 0.006024 1111111111111111
512 4 32 23 0.005485 1111111111111111
512 4 32 24 0.006644 0000000000000000
512 4 32 25 0.006008 1111111111111111
512 4 32 26 0.005915 1111111111111111
512 4 32 27 0.006216 0000000000000000
512 4 32 28 0.006109 2222222222222222
512 4 32 29 0.006032 0000000000000000
512 4 32 30 0.005508 1111111111111111
512 4 32 31 0.006280 1111111111111111
512 4 32 32 0.006445 1111111111111111
512 4 32 33 0.005605 1111111111111111
512 4 32 34 0.006101 0000000000000000
512 4 32 35 0.006264 0000000000000000
512 4 32 36 0.006381 0000000000000000
512 4 32 37 0.006182 2222222222222222
512 4 32 38 0.005411 1111111111111111
512 4 32 39 0.006320 2222222222222222
512 4 32 40 0.005970 1111111111111111
512 4 32 41 0.006083 0000000000000000
512 4 32 42 0.006550 0000000000000000
512 4 32 43 0.006379 1111111111111111
512 4 32 44 0.007553 0000000000000000
512 4 32 45 0.006312 0000000000000000
512 4 32 46 0.006643 1111111111111111
512 4 32 47 0.006013 1111111111111111
512 4 32 48 0.006963 1111111111111111
512 4 32 49 0.006125 1111111111111111
512 4 32 50 0.005942 1111111111111111
512 4 32 51 0.006215 0000000000000000
512 4 32 52 0.006221 1111111111111111
512 4 32 53 0.006353 1111111111111111
512 4 32 54 0.006004 1111111111111111
512 4 32 55 0.006061 0000000000000000
512 4 32 56 0.005925 1111111111111111
512 4 32 57 0.006109 1111111111111111
512 4 32 58 0.005804 1111111111111111
512 4 32 59 0.006513 1111111111111111
512 4 32 60 0.006052 1111111111111111
512 4 32 61 0.005692 1111111111111111
512 4 32 62 0.005884 0000000000000000
512 4 32 63 0.006674 0000000000000000
512 4 32 64 0.006618 1111111111111111
512 4 32 65 0.006342 1111111111111111
512 4 32 66 0.006086 2222222222222222
512 4 32 67 0.006203 2222222222222222
512 4 32 68 0.006054 1111111111111111
512 4 32 69 0.006647 2222222222222222
512 4 32 70 0.006892 1111111111111111
512 4 32 71 0.006511 0000000000000000
512 4 32 72 0.006215 1111111111111111
512 4 32 73 0.006087 0000000000000000
512 4 32 74 0.005678 2222222222222222
512 4 32 75 0.006303 1111111111111111
512 4 32 76 0.006334 1111111111111111
512 4 32 77 0.006025 0000000000000000
512 4 32 78 0.006445 1111111111111111
512 4 32 79 0.006916 1111111111111111
512 4 32 80 0.005833 2222222222222222
512 4 32 81 0.006393 0000000000000000
512 4 32 82 0.006067 1111111111111111
512 4 32 83 0.005955 1111111111111111
512 4 32 84 0.006614 1111111111111111
512 4 32 85 0.006231 0000000000000000
512 4 32 86 0.006225 1111111111111111
512 4 32 87 0.006521 1111111111111111
512 4 32 88 0.006470 2222222222222222
512 4 32 89 0.006267 1111111111111111
512 4 32 90 0.006410 1111111111111111
512 4 32 91 0.006535 2222222222222222
512 4 32 92 0.006792 1111111111111111
512 4 32 93 0.006221 1111111111111111
512 4 32 94 0.006066 0000000000000000
512 4 32 95 0.006297 0000000000000000
512 4 32 96 0.005925 1111111111111111
512 4 32 97 0.006535 1111111111111111
512 4 32 98 0.006061 0000000000000000
512 4 32 99 0.006446 1111111111111111
512 8 16 0 0.019424 11111111111111111111111111111111
512 8 16 1 0.020505 22222222222222222222222222222222
512 8 16 2 0.021883 11111111111111111111111111111111
512 8 16 3 0.019336 00000000000000000000000000000000
512 8 16 4 0.018322 22222222222222222222222222222222
512 8 16 5 0.019133 00000000000000000000000000000000
512 8 16 6 0.018954 11111111111111111111111111111111
512 8 16 7 0.019031 22222222222222222222222222222222
512 8 16 8 0.019731 00000000000000000000000000000000
512 8 16 9 0.021084 22222222222222222222222222222222
512 8 16 10 0.020646 11111111111111111111111111111111
512 8 16 11 0.019119 11111111111111111111111111111111
512 8 16 12 0.019614 00000000000000000000000000000000
512 8 16 13 0.020570 11111111111111111111111111111111
512 8 16 14 0.020504 11111111111111111111111111111111
512 8 16 15 0.018742 00000000000000000000000000000000
512 8 16 16 0.021576 11111111111111111111111111111111
512 8 16 17 0.020220 11111111111111111111111111111111
512 8 16 18 0.018857 11111111111111111111111111111111
512 8 16 19 0.017265 11111111111111111111111111111111
512 8 16 20 0.021529 11111111111111111111111111111111
512 8 16 21 0.019148 22222222222222222222222222222222
512 8 16 22 0.019205 11111111111111111111111111111111
512 8 16 23 0.017946 11111111111111111111111111111111
512 8 16 24 0.021029 00000000000000000000000000000000
512 8 16 25 0.019102 11111111111111111111111111111111
512 8 16 26 0.018816 11111111111111111111111111111111
512 8 16 27 0.019297 00000000000000000000000000000000
512 8 16 28 0.019160 22222222222222222222222222222222
512 8 16 29 0.017978 00000000000000000000000000000000
512 8 16 30 0.017387 11111111111111111111111111111111
512 8 16 31 0.019828 11111111111111111111111111111111
512 8 16 32 0.022315 11111111111111111111111111111111
512 8 16 33 0.019212 11111111111111111111111111111111
512 8 16 34 0.020604 00000000000000000000000000000000
512 8 16 35 0.020186 00000000000000000000000000000000
512 8 16 36 0.020066 00000000000000000000000000000000
512 8 16 37 0.020403 22222222222222222222222222222222
512 8 16 38 0.016692 11111111111111111111111111111111
512 8 16 39 0.020433 22222222222222222222222222222222
512 8 16 40 0.017937 11111111111111111111111111111111
512 8 16 41 0.019812 00000000000000000000000000000000
512 8 16 42 0.021146 00000000000000000000000000000000
512 8 16 43 0.019630 11111111111111111111111111111111
512 8 16 44 0.024945 00000000000000000000000000000000
512 8 16 45 0.019870 00000000000000000000000000000000
512 8 16 46 0.021563 11111111111111111111111111111111
512 8 16 47 0.019631 11111111111111111111111111111111
512 8 16 48 0.022163 11111111111111111111111111111111
512 8 16 49 0.019544 11111111111111111111111111111111
512 8 16 50 0.018929 11111111111111111111111111111111
512 8 16 51 0.020605 00000000000000000000000000000000
512 8 16 52 0.020931 11111111111111111111111111111111
512 8 16 53 0.020798 11111111111111111111111111111111
512 8 16 54 0.018282 11111111111111111111111111111111
512 8 16 55 0.019551 00000000000000000000000000000000
512 8 16 56 0.020087 11111111111111111111111111111111
512 8 16 57 0.019837 11111111111111111111111111111111
512 8 16 58 0.018791 11111111111111111111111111111111
512 8 16 59 0.021250 11111111111111111111111111111111
512 8 16 60 0.019544 11111111111111111111111111111111
512 8 16 61 0.018775 11111111111111111111111111111111
512 8 16 62 0.018735 00000000000000000000000000000000
512 8 16 63 0.020269 00000000000000000000000000000000
512 8 16 64 0.022216 11111111111111111111111111111111
512 8 16 65 0.019144 11111111111111111111111111111111
512 8 16 66 0.018931 22222222222222222222222222222222
512 8 16 67 0.020725 22222222222222222222222222222222
512 8 16 68 0.018955 11111111111111111111111111111111
512 8 16 69 0.022510 22222222222222222222222222222222
512 8 16 70 0.021490 11111111111111111111111111111111
512 8 16 71 0.021186 00000000000000000000000000000000
512 8 16 72 0.019164 11111111111111111111111111111111
512 8 16 73 0.020589 00000000000000000000000000000000
512 8 16 74 0.017551 22222222222222222222222222222222
512 8 16 75 0.019559 11111111111111111111111111111111
512 8 16 76 0.020394 11111111111111111111111111111111
512 8 16 77 0.019560 00000000000000000000000000000000
512 8 16 78 0.020157 11111111111111111111111111111111
512 8 16 79 0.020201 11111111111111111111111111111111
512 8 16 80 0.018563 22222222222222222222222222222222
512 8 16 81 0.020650 00000000000000000000000000000000
512 8 16 82 0.019744 11111111111111111111111111111111
512 8 16 83 0.020588 11111111111111111111111111111111
512 8 16 84 0.022770 11111111111111111111111111111111
512 8 16 85 0.019459 00000000000000000000000000000000
512 8 16 86 0.019912 11111111111111111111111111111111
512 8 16 87 0.020509 11111111111111111111111111111111
512 8 16 88 0.020372 22222222222222222222222222222222
512 8 16 89 0.021114 11111111111111111111111111111111
512 8 16 90 0.020392 11111111111111111111111111111111
512 8 16 91 0.021157 22222222222222222222222222222222
512 8 16 92 0.021635 11111111111111111111111111111111
512 8 16 93 0.019024 11111111111111111111111111111111
512 8 16 94 0.020167 00000000000000000000000000000000
512 8 16 95 0.020029 00000000000000000000000000000000
512 8 16 96 0.018154 11111111111111111111111111111111
512 8 16 97 0.021726 11111111111111111111111111111111
512 8 16 98 0.018882 00000000000000000000000000000000
512 8 16 99 0.021463 11111111111111111111111111111111
512 8 32 0 0.019719 1111111111111111
512 8 32 1 0.022325 2222222222222222
512 8 32 2 0.020918 1111111111111111
512 8 32 3 0.021143 0000000000000000
512 8 32 4 0.019153 2222222222222222
512 8 32 5 0.019956 0000000000000000
512 8 32 6 0.019866 1111111111111111
512 8 32 7 0.019245 2222222222222222
512 8 32 8 0.020019 0000000000000000
512 8 32 9 0.021888 2222222222222222
512 8 32 10 0.021170 1111111111111111
512 8 32 11 0.021798 1111111111111111
512 8 32 12 0.019067 0000000000000000
512 8 32 13 0.020945 1111111111111111
512 8 32 14 0.022200 1111111111111111
512 8 32 15 0.019090 0000000000000000
512 8 32 16 0.022022 1111111111111111
512 8 32 17 0.019721 1111111111111111
512 8 32 18 0.019453 1111111111111111
512 8 32 19 0.018528 1111111111111111
512 8 32 20 0.020941 1111111111111111
512 8 32 21 0.020995 2222222222222222
512 8 32 22 0.019607 1111111111111111
512 8 32 23 0.018497 1111111111111111
512 8 32 24 0.021990 0000000000000000
512 8 32 25 0.020160 1111111111111111
512 8 32 26 0.020654 1111111111111111
512 8 32 27 0.021476 0000000000000000
512 8 32 28 0.020833 2222222222222222
512 8 32 29 0.019076 0000000000000000
512 8 32 30 0.018278 1111111111111111
512 8 32 31 0.019921 1111111111111111
512 8 32 32 0.021485 1111111111111111
512 8 32 33 0.018516 1111111111111111
512 8 32 34 0.022026 0000000000000000
512 8 32 35 0.022481 0000000000000000
512 8 32 36 0.020431 0000000000000000
512 8 32 37 0.020506 2222222222222222
512 8 32 38 0.017031 1111111111111111
512 8 32 39 0.023038 2222222222222222
512 8 32 40 0.019754 1111111111111111
512 8 32 41 0.019090 0000000000000000
512 8 32 42 0.021221 0000000000000000
512 8 32 43 0.020720 1111111111111111
512 8 32 44 0.024330 0000000000000000
512 8 32 45 0.021376 0000000000000000
512 8 32 46 0.022447 1111111111111111
512 8 32 47 0.018621 1111111111111111
512 8 32 48 0.024166 1111111111111111
512 8 32 49 0.019842 1111111111111111
512 8 32 50 0.019664 1111111111111111
512 8 32 51 0.020006 0000000000000000
512 8 32 52 0.021096 1111111111111111
512 8 32 53 0.021280 1111111111111111
512 8 32 54 0.019023 1111111111111111
512 8 32 55 0.019345 0000000000000000
512 8 32 56 0.018990 1111111111111111
512 8 32 57 0.019836 1111111111111111
512 8 32 58 0.018998 1111111111111111
512 8 32 59 0.021501 1111111111111111
512 8 32 60 0.019400 1111111111111111
512 8 32 61 0.017964 1111111111111111
512 8 32 62 0.018594 0000000000000000
512 8 32 63 0.021945 0000000000000000
512 8 32 64 0.022798 1111111111111111
512 8 32 65 0.020270 1111111111111111
512 8 32 66 0.019455 2222222222222222
512 8 32 67 0.020135 2222222222222222
512 8 32 68 0.019279 1111111111111111
512 8 32 69 0.023396 2222222222222222
512 8 32 70 0.021985 1111111111111111
512 8 32 71 0.021814 0000000000000000
512 8 32 72 0.019713 1111111111111111
512 8 32 73 0.020300 0000000000000000
512 8 32 74 0.018114 2222222222222222
512 8 32 75 0.021122 1111111111111111
512 8 32 76 0.022539 1111111111111111
512 8 32 77 0.020516 0000000000000000
512 8 32 78 0.022538 1111111111111111
512 8 32 79 0.021226 1111111111111111
512 8 32 80 0.019882 2222222222222222
512 8 32 81 0.020196 0000000000000000
512 8 32 82 0.020703 1111111111111111
512 8 32 83 0.019074 1111111111111111
512 8 32 84 0.022067 1111111111111111
512 8 32 85 0.020201 0000000000000000
512 8 32 86 0.020689 1111111111111111
512 8 32 87 0.021893 1111111111111111
512 8 32 88 0.022379 2222222222222222
512 8 32 89 0.019852 1111111111111111
512 8 32 90 0.021279 1111111111111111
512 8 32 91 0.022288 2222222222222222
512 8 32 92 0.022066 1111111111111111
512 8 32 93 0.020764 1111111111111111
512 8 32 94 0.020576 0000000000000000
512 8 32 95 0.021204 0000000000000000
512 8 32 96 0.018797 1111111111111111
512 8 32 97 0.021154 1111111111111111
512 8 32 98 0.020672 0000000000000000
512 8 32 99 0.021063 1111111111111111
