16 2 4 0 0.000079 2211
16 2 4 1 0.000038 1111
16 2 4 2 0.000070 1111
16 2 4 3 0.000062 1111
16 2 4 4 0.000067 2111
16 2 4 5 0.000056 1111
16 2 4 6 0.000072 1111
16 2 4 7 0.000076 1111
16 2 4 8 0.000068 1111
16 2 4 9 0.000045 1111
16 2 4 10 0.000056 2111
16 2 4 11 0.000061 1111
16 2 4 12 0.000048 2211
16 2 4 13 0.000077 1111
16 2 4 14 0.000067 1111
16 2 4 15 0.000066 1111
16 2 4 16 0.000070 1111
16 2 4 17 0.000058 2111
16 2 4 18 0.000071 2222
16 2 4 19 0.000064 2111
16 2 4 20 0.000082 1111
16 2 4 21 0.000082 2211
16 2 4 22 0.000046 1111
16 2 4 23 0.000066 1111
16 2 4 24 0.000055 2111
16 2 4 25 0.000050 1111
16 2 4 26 0.000030 1111
16 2 4 27 0.000067 1111
16 2 4 28 0.000071 1111
16 2 4 29 0.000060 2111
16 2 4 30 0.000057 2111
16 2 4 31 0.000073 2211
16 2 4 32 0.000069 1111
16 2 4 33 0.000033 2211
16 2 4 34 0.000069 2221
16 2 4 35 0.000063 1111
16 2 4 36 0.000048 2111
16 2 4 37 0.000061 2221
16 2 4 38 0.000072 2211
16 2 4 39 0.000055 1111
16 2 4 40 0.000030 1111
16 2 4 41 0.000066 1111
16 2 4 42 0.000047 1111
16 2 4 43 0.000089 1111
16 2 4 44 0.000088 1111
16 2 4 45 0.000046 1111
16 2 4 46 0.000064 2111
16 2 4 47 0.000040 1111
16 2 4 48 0.000069 1111
16 2 4 49 0.000050 1111
16 2 4 50 0.000043 1111
16 2 4 51 0.000082 1111
16 2 4 52 0.000048 2111
16 2 4 53 0.000031 1111
16 2 4 54 0.000063 1111
16 2 4 55 0.000082 1111
16 2 4 56 0.000067 2211
16 2 4 57 0.000046 1111
16 2 4 58 0.000076 2111
16 2 4 59 0.000076 1111
16 2 4 60 0.000088 2111
16 2 4 61 0.000073 1111
16 2 4 62 0.000091 1111
16 2 4 63 0.000061 1111
16 2 4 64 0.000057 2111
16 2 4 65 0.000066 2111
16 2 4 66 0.000068 1111
16 2 4 67 0.000077 2222
16 2 4 68 0.000054 1111
16 2 4 69 0.000040 2211
16 2 4 70 0.000039 1111
16 2 4 71 0.000093 2221
16 2 4 72 0.000106 1111
16 2 4 73 0.000058 1111
16 2 4 74 0.000057 1111
16 2 4 75 0.000029 1111
16 2 4 76 0.000066 1111
16 2 4 77 0.000075 1111
16 2 4 78 0.000065 1111
16 2 4 79 0.000054 1111
16 2 4 80 0.000083 1111
16 2 4 81 0.000079 2111
16 2 4 82 0.000089 2211
16 2 4 83 0.000072 1111
16 2 4 84 0.000067 1111
16 2 4 85 0.000090 1111
16 2 4 86 0.000068 1111
16 2 4 87 0.000062 2111
16 2 4 88 0.000092 1111
16 2 4 89 0.000093 2211
16 2 4 90 0.000067 2111
16 2 4 91 0.000075 1111
16 2 4 92 0.000049 1111
16 2 4 93 0.000097 1111
16 2 4 94 0.000073 1111
16 2 4 95 0.000060 2111
16 2 4 96 0.000082 1111
16 2 4 97 0.000090 2111
16 2 4 98 0.000075 1111
16 2 4 99 0.000096 1111
16 2 8 0 0.000071 21
16 2 8 1 0.000040 11
16 2 8 2 0.000062 11
16 2 8 3 0.000058 11
16 2 8 4 0.000066 11
16 2 8 5 0.000062 11
16 2 8 6 0.000069 11
16 2 8 7 0.000070 11
16 2 8 8 0.000066 11
16 2 8 9 0.000043 11
16 2 8 10 0.000046 11
16 2 8 11 0.000053 11
16 2 8 12 0.000045 11
16 2 8 13 0.000072 11
16 2 8 14 0.000063 11
16 2 8 15 0.000059 11
16 2 8 16 0.000066 11
16 2 8 17 0.000063 11
16 2 8 18 0.000064 22
16 2 8 19 0.000064 11
16 2 8 20 0.000080 11
16 2 8 21 0.000078 21
16 2 8 22 0.000044 11
16 2 8 23 0.000065 11
16 2 8 24 0.000053 11
16 2 8 25 0.000046 11
16 2 8 26 0.000027 11
16 2 8 27 0.000059 11
16 2 8 28 0.000068 11
16 2 8 29 0.000059 11
16 2 8 30 0.000055 11
16 2 8 31 0.000069 21
16 2 8 32 0.000062 11
16 2 8 33 0.000028 11
16 2 8 34 0.000066 21
16 2 8 35 0.000060 11
16 2 8 36 0.000048 11
16 2 8 37 0.000059 21
16 2 8 38 0.000071 21
16 2 8 39 0.000053 11
16 2 8 40 0.000025 11
16 2 8 41 0.000064 11
16 2 8 42 0.000042 11
16 2 8 43 0.000086 11
16 2 8 44 0.000084 11
16 2 8 45 0.000046 11
16 2 8 46 0.000056 11
16 2 8 47 0.000046 11
16 2 8 48 0.000064 11
16 2 8 49 0.000045 11
16 2 8 50 0.000041 11
16 2 8 51 0.000080 11
16 2 8 52 0.000045 11
16 2 8 53 0.000029 11
16 2 8 54 0.000065 11
16 2 8 55 0.000074 11
16 2 8 56 0.000063 11
16 2 8 57 0.000044 11
16 2 8 58 0.000077 11
16 2 8 59 0.000077 11
16 2 8 60 0.000085 11
16 2 8 61 0.000074 11
16 2 8 62 0.000084 11
16 2 8 63 0.000066 11
16 2 8 64 0.000054 11
16 2 8 65 0.000065 11
16 2 8 66 0.000064 11
16 2 8 67 0.000075 22
16 2 8 68 0.000053 11
16 2 8 69 0.000033 21
16 2 8 70 0.000047 11
16 2 8 71 0.000088 21
16 2 8 72 0.000108 11
16 2 8 73 0.000054 11
16 2 8 74 0.000055 11
16 2 8 75 0.000028 11
16 2 8 76 0.000065 11
16 2 8 77 0.000073 11
16 2 8 78 0.000065 11
16 2 8 79 0.000051 11
16 2 8 80 0.000079 11
16 2 8 81 0.000068 11
16 2 8 82 0.000085 21
16 2 8 83 0.000066 11
16 2 8 84 0.000065 11
16 2 8 85 0.000082 11
16 2 8 86 0.000068 11
16 2 8 87 0.000056 11
16 2 8 88 0.000091 11
16 2 8 89 0.000093 21
16 2 8 90 0.000061 11
16 2 8 91 0.000072 11
16 2 8 92 0.000049 11
16 2 8 93 0.000092 11
16 2 8 94 0.000065 11
16 2 8 95 0.000052 11
16 2 8 96 0.000071 11
16 2 8 97 0.000088 11
16 2 8 98 0.000072 11
16 2 8 99 0.000095 11
16 2 16 0 0.000073 1
16 2 16 1 0.000030 1
16 2 16 2 0.000073 1
16 2 16 3 0.000056 1
16 2 16 4 0.000067 1
16 2 16 5 0.000067 1
16 2 16 6 0.000072 1
16 2 16 7 0.000085 1
16 2 16 8 0.000068 1
16 2 16 9 0.000040 1
16 2 16 10 0.000048 1
16 2 16 11 0.000054 1
16 2 16 12 0.000050 1
16 2 16 13 0.000076 1
16 2 16 14 0.000066 1
16 2 16 15 0.000061 1
16 2 16 16 0.000069 1
16 2 16 17 0.000058 1
16 2 16 18 0.000067 2
16 2 16 19 0.000066 1
16 2 16 20 0.000089 1
16 2 16 21 0.000084 1
16 2 16 22 0.000046 1
16 2 16 23 0.000066 1
16 2 16 24 0.000046 1
16 2 16 25 0.000044 1
16 2 16 26 0.000025 1
16 2 16 27 0.000059 1
16 2 16 28 0.000070 1
16 2 16 29 0.000061 1
16 2 16 30 0.000056 1
16 2 16 31 0.000067 1
16 2 16 32 0.000059 1
16 2 16 33 0.000024 1
16 2 16 34 0.000068 1
16 2 16 35 0.000062 1
16 2 16 36 0.000047 1
16 2 16 37 0.000062 1
16 2 16 38 0.000074 1
16 2 16 39 0.000055 1
16 2 16 40 0.000025 1
16 2 16 41 0.000067 1
16 2 16 42 0.000044 1
16 2 16 43 0.000089 1
16 2 16 44 0.000089 1
16 2 16 45 0.000048 1
16 2 16 46 0.000059 1
16 2 16 47 0.000037 1
16 2 16 48 0.000069 1
16 2 16 49 0.000045 1
16 2 16 50 0.000043 1
16 2 16 51 0.000084 1
16 2 16 52 0.000047 1
16 2 16 53 0.000029 1
16 2 16 54 0.000071 1
16 2 16 55 0.000074 1
16 2 16 56 0.000065 1
16 2 16 57 0.000043 1
16 2 16 58 0.000078 1
16 2 16 59 0.000076 1
16 2 16 60 0.000089 1
16 2 16 61 0.000071 1
16 2 16 62 0.000083 1
16 2 16 63 0.000057 1
16 2 16 64 0.000055 1
16 2 16 65 0.000068 1
16 2 16 66 0.000068 1
16 2 16 67 0.000077 2
16 2 16 68 0.000051 1
16 2 16 69 0.000031 1
16 2 16 70 0.000035 1
16 2 16 71 0.000090 1
16 2 16 72 0.000106 1
16 2 16 73 0.000058 1
16 2 16 74 0.000062 1
16 2 16 75 0.000027 1
16 2 16 76 0.000067 1
16 2 16 77 0.000076 1
16 2 16 78 0.000068 1
16 2 16 79 0.000055 1
16 2 16 80 0.000080 1
16 2 16 81 0.000072 1
16 2 16 82 0.000091 1
16 2 16 83 0.000068 1
16 2 16 84 0.000066 1
16 2 16 85 0.000084 1
16 2 16 86 0.000069 1
16 2 16 87 0.000058 1
16 2 16 88 0.000093 1
16 2 16 89 0.000100 1
16 2 16 90 0.000065 1
16 2 16 91 0.000074 1
16 2 16 92 0.000049 1
16 2 16 93 0.000098 1
16 2 16 94 0.000068 1
16 2 16 95 0.000051 1
16 2 16 96 0.000065 1
16 2 16 97 0.000089 1
16 2 16 98 0.000076 1
16 2 16 99 0.000100 1
16 4 8 0 0.000166 22
16 4 8 1 0.000054 11
16 4 8 2 0.000131 11
16 4 8 3 0.000110 11
16 4 8 4 0.000127 22
16 4 8 5 0.000109 11
16 4 8 6 0.000157 11
16 4 8 7 0.000172 11
16 4 8 8 0.000163 11
16 4 8 9 0.000084 11
16 4 8 10 0.000109 22
16 4 8 11 0.000074 11
16 4 8 12 0.000079 22
16 4 8 13 0.000162 11
16 4 8 14 0.000134 11
16 4 8 15 0.000122 11
16 4 8 16 0.000125 11
16 4 8 17 0.000131 22
16 4 8 18 0.000123 22
16 4 8 19 0.000102 22
16 4 8 20 0.000179 11
16 4 8 21 0.000192 22
16 4 8 22 0.000079 11
16 4 8 23 0.000142 11
16 4 8 24 0.000087 22
16 4 8 25 0.000111 11
16 4 8 26 0.000044 11
16 4 8 27 0.000144 11
16 4 8 28 0.000130 11
16 4 8 29 0.000122 22
16 4 8 30 0.000140 22
16 4 8 31 0.000154 22
16 4 8 32 0.000158 11
16 4 8 33 0.000056 22
16 4 8 34 0.000167 22
16 4 8 35 0.000132 11
16 4 8 36 0.000098 22
16 4 8 37 0.000117 22
16 4 8 38 0.000196 22
16 4 8 39 0.000112 11
16 4 8 40 0.000031 11
16 4 8 41 0.000125 11
16 4 8 42 0.000085 11
16 4 8 43 0.000231 11
16 4 8 44 0.000214 11
16 4 8 45 0.000096 11
16 4 8 46 0.000088 22
16 4 8 47 0.000063 11
16 4 8 48 0.000145 11
16 4 8 49 0.000092 11
16 4 8 50 0.000061 11
16 4 8 51 0.000208 11
16 4 8 52 0.000096 22
16 4 8 53 0.000063 11
16 4 8 54 0.000120 11
16 4 8 55 0.000147 11
16 4 8 56 0.000142 21
16 4 8 57 0.000098 11
16 4 8 58 0.000195 22
16 4 8 59 0.000184 11
16 4 8 60 0.000226 22
16 4 8 61 0.000172 11
16 4 8 62 0.000218 11
16 4 8 63 0.000125 11
16 4 8 64 0.000104 21
16 4 8 65 0.000147 22
16 4 8 66 0.000145 11
16 4 8 67 0.000182 22
16 4 8 68 0.000101 11
16 4 8 69 0.000049 21
16 4 8 70 0.000072 11
16 4 8 71 0.000226 22
16 4 8 72 0.000271 11
16 4 8 73 0.000082 11
16 4 8 74 0.000118 11
16 4 8 75 0.000049 11
16 4 8 76 0.000132 11
16 4 8 77 0.000169 11
16 4 8 78 0.000137 11
16 4 8 79 0.000101 11
16 4 8 80 0.000201 11
16 4 8 81 0.000151 21
16 4 8 82 0.000219 22
16 4 8 83 0.000155 11
16 4 8 84 0.000112 11
16 4 8 85 0.000211 11
16 4 8 86 0.000130 11
16 4 8 87 0.000115 22
16 4 8 88 0.000184 11
16 4 8 89 0.000243 22
16 4 8 90 0.000121 22
16 4 8 91 0.000168 11
16 4 8 92 0.000118 11
16 4 8 93 0.000240 11
16 4 8 94 0.000153 11
16 4 8 95 0.000095 22
16 4 8 96 0.000142 11
16 4 8 97 0.000223 22
16 4 8 98 0.000141 11
16 4 8 99 0.000247 11
16 4 16 0 0.000185 2
16 4 16 1 0.000048 1
16 4 16 2 0.000136 1
16 4 16 3 0.000102 1
16 4 16 4 0.000138 2
16 4 16 5 0.000099 1
16 4 16 6 0.000156 1
16 4 16 7 0.000182 1
16 4 16 8 0.000165 1
16 4 16 9 0.000087 1
16 4 16 10 0.000113 2
16 4 16 11 0.000064 1
16 4 16 12 0.000077 2
16 4 16 13 0.000155 1
16 4 16 14 0.000139 1
16 4 16 15 0.000121 1
16 4 16 16 0.000117 1
16 4 16 17 0.000142 2
16 4 16 18 0.000120 2
16 4 16 19 0.000108 2
16 4 16 20 0.000192 1
16 4 16 21 0.000159 2
16 4 16 22 0.000077 1
16 4 16 23 0.000145 1
16 4 16 24 0.000092 2
16 4 16 25 0.000112 1
16 4 16 26 0.000037 1
16 4 16 27 0.000139 1
16 4 16 28 0.000132 1
16 4 16 29 0.000126 2
16 4 16 30 0.000125 2
16 4 16 31 0.000148 2
16 4 16 32 0.000150 1
16 4 16 33 0.000052 2
16 4 16 34 0.000174 2
16 4 16 35 0.000139 1
16 4 16 36 0.000101 2
16 4 16 37 0.000119 2
16 4 16 38 0.000185 2
16 4 16 39 0.000111 1
16 4 16 40 0.000026 1
16 4 16 41 0.000117 1
16 4 16 42 0.000085 1
16 4 16 43 0.000225 1
16 4 16 44 0.000194 1
16 4 16 45 0.000093 1
16 4 16 46 0.000091 2
16 4 16 47 0.000062 1
16 4 16 48 0.000154 1
16 4 16 49 0.000083 1
16 4 16 50 0.000060 1
16 4 16 51 0.000201 1
16 4 16 52 0.000101 2
16 4 16 53 0.000062 1
16 4 16 54 0.000134 1
16 4 16 55 0.000152 1
16 4 16 56 0.000149 1
16 4 16 57 0.000096 1
16 4 16 58 0.000193 2
16 4 16 59 0.000174 1
16 4 16 60 0.000225 2
16 4 16 61 0.000177 1
16 4 16 62 0.000214 1
16 4 16 63 0.000126 1
16 4 16 64 0.000104 1
16 4 16 65 0.000148 2
16 4 16 66 0.000158 1
16 4 16 67 0.000183 2
16 4 16 68 0.000100 1
16 4 16 69 0.000040 1
16 4 16 70 0.000067 1
16 4 16 71 0.000206 2
16 4 16 72 0.000273 1
16 4 16 73 0.000084 1
16 4 16 74 0.000125 1
16 4 16 75 0.000046 1
16 4 16 76 0.000123 1
16 4 16 77 0.000170 1
16 4 16 78 0.000140 1
16 4 16 79 0.000095 1
16 4 16 80 0.000190 1
16 4 16 81 0.000158 1
16 4 16 82 0.000223 2
16 4 16 83 0.000153 1
16 4 16 84 0.000116 1
16 4 16 85 0.000219 1
16 4 16 86 0.000135 1
16 4 16 87 0.000124 2
16 4 16 88 0.000177 1
16 4 16 89 0.000244 2
16 4 16 90 0.000147 2
16 4 16 91 0.000178 1
16 4 16 92 0.000121 1
16 4 16 93 0.000236 1
16 4 16 94 0.000155 1
16 4 16 95 0.000089 2
16 4 16 96 0.000146 1
16 4 16 97 0.000219 2
16 4 16 98 0.000144 1
16 4 16 99 0.000244 1
16 8 16 0 0.000281 2
16 8 16 1 0.000063 1
16 8 16 2 0.000212 1
16 8 16 3 0.000192 1
16 8 16 4 0.000215 2
16 8 16 5 0.000148 1
16 8 16 6 0.000199 1
16 8 16 7 0.000281 1
16 8 16 8 0.000233 1
16 8 16 9 0.000115 1
16 8 16 10 0.000154 2
16 8 16 11 0.000128 1
16 8 16 12 0.000090 2
16 8 16 13 0.000284 1
16 8 16 14 0.000204 1
16 8 16 15 0.000212 1
16 8 16 16 0.000178 1
16 8 16 17 0.000204 2
16 8 16 18 0.000147 2
16 8 16 19 0.000188 2
16 8 16 20 0.000313 1
16 8 16 21 0.000345 2
16 8 16 22 0.000132 1
16 8 16 23 0.000178 1
16 8 16 24 0.000082 2
16 8 16 25 0.000150 1
16 8 16 26 0.000042 1
16 8 16 27 0.000116 1
16 8 16 28 0.000229 1
16 8 16 29 0.000217 2
16 8 16 30 0.000123 2
16 8 16 31 0.000203 2
16 8 16 32 0.000226 1
16 8 16 33 0.000079 2
16 8 16 34 0.000224 2
16 8 16 35 0.000181 1
16 8 16 36 0.000121 2
16 8 16 37 0.000138 2
16 8 16 38 0.000212 2
16 8 16 39 0.000122 1
16 8 16 40 0.000040 1
16 8 16 41 0.000197 1
16 8 16 42 0.000128 1
16 8 16 43 0.000419 1
16 8 16 44 0.000326 1
16 8 16 45 0.000131 1
16 8 16 46 0.000145 2
16 8 16 47 0.000075 1
16 8 16 48 0.000176 1
16 8 16 49 0.000100 1
16 8 16 50 0.000098 1
16 8 16 51 0.000295 1
16 8 16 52 0.000187 2
16 8 16 53 0.000081 1
16 8 16 54 0.000172 1
16 8 16 55 0.000274 1
16 8 16 56 0.000158 2
16 8 16 57 0.000117 1
16 8 16 58 0.000279 2
16 8 16 59 0.000287 1
16 8 16 60 0.000351 2
16 8 16 61 0.000234 1
16 8 16 62 0.000264 1
16 8 16 63 0.000163 1
16 8 16 64 0.000149 2
16 8 16 65 0.000182 2
16 8 16 66 0.000222 1
16 8 16 67 0.000267 2
16 8 16 68 0.000111 1
16 8 16 69 0.000075 2
16 8 16 70 0.000102 1
16 8 16 71 0.000371 2
16 8 16 72 0.000423 1
16 8 16 73 0.000123 1
16 8 16 74 0.000145 1
16 8 16 75 0.000065 1
16 8 16 76 0.000234 1
16 8 16 77 0.000252 1
16 8 16 78 0.000206 1
16 8 16 79 0.000183 1
16 8 16 80 0.000253 1
16 8 16 81 0.000244 2
16 8 16 82 0.000391 2
16 8 16 83 0.000187 1
16 8 16 84 0.000191 1
16 8 16 85 0.000389 1
16 8 16 86 0.000196 1
16 8 16 87 0.000127 2
16 8 16 88 0.000367 1
16 8 16 89 0.000427 2
16 8 16 90 0.000189 2
16 8 16 91 0.000225 1
16 8 16 92 0.000156 1
16 8 16 93 0.000387 1
16 8 16 94 0.000242 1
16 8 16 95 0.000171 2
16 8 16 96 0.000154 1
16 8 16 97 0.000204 2
16 8 16 98 0.000236 1
16 8 16 99 0.000438 1
32 2 4 0 0.000139 11111111
32 2 4 1 0.000121 11111111
32 2 4 2 0.000155 21111111
32 2 4 3 0.000133 11111111
32 2 4 4 0.000134 11111111
32 2 4 5 0.000129 11111111
32 2 4 6 0.000155 11111111
32 2 4 7 0.000072 11111111
32 2 4 8 0.000145 11111111
32 2 4 9 0.000139 21111111
32 2 4 10 0.000136 11111111
32 2 4 11 0.000166 21111111
32 2 4 12 0.000134 11111111
32 2 4 13 0.000147 11111111
32 2 4 14 0.000132 11111111
32 2 4 15 0.000155 11111111
32 2 4 16 0.000171 11111111
32 2 4 17 0.000160 02222111
32 2 4 18 0.000131 11111111
32 2 4 19 0.000191 21111111
32 2 4 20 0.000140 11111111
32 2 4 21 0.000154 11111111
32 2 4 22 0.000177 22222221
32 2 4 23 0.000145 11111111
32 2 4 24 0.000131 11111111
32 2 4 25 0.000120 11111111
32 2 4 26 0.000145 11111111
32 2 4 27 0.000095 21111111
32 2 4 28 0.000174 22221111
32 2 4 29 0.000196 22222111
32 2 4 30 0.000137 11111111
32 2 4 31 0.000150 11111111
32 2 4 32 0.000106 22111111
32 2 4 33 0.000107 21111111
32 2 4 34 0.000163 11111111
32 2 4 35 0.000129 21111111
32 2 4 36 0.000145 11111111
32 2 4 37 0.000112 21111111
32 2 4 38 0.000135 11111111
32 2 4 39 0.000082 11111111
32 2 4 40 0.000134 11111111
32 2 4 41 0.000121 22221111
32 2 4 42 0.000135 11111111
32 2 4 43 0.000137 11111111
32 2 4 44 0.000131 11111111
32 2 4 45 0.000198 22111111
32 2 4 46 0.000149 11111111
32 2 4 47 0.000139 21111111
32 2 4 48 0.000080 21111111
32 2 4 49 0.000152 22111111
32 2 4 50 0.000153 11111111
32 2 4 51 0.000112 11111111
32 2 4 52 0.000110 21111111
32 2 4 53 0.000130 11111111
32 2 4 54 0.000105 11111111
32 2 4 55 0.000097 11111111
32 2 4 56 0.000136 11111111
32 2 4 57 0.000175 11111111
32 2 4 58 0.000165 11111111
32 2 4 59 0.000116 11111111
32 2 4 60 0.000177 21111111
32 2 4 61 0.000135 11111111
32 2 4 62 0.000135 11111111
32 2 4 63 0.000113 11111111
32 2 4 64 0.000125 21111111
32 2 4 65 0.000150 11111111
32 2 4 66 0.000135 11111111
32 2 4 67 0.000141 21111111
32 2 4 68 0.000094 21111111
32 2 4 69 0.000129 11111111
32 2 4 70 0.000097 11111111
32 2 4 71 0.000135 11111111
32 2 4 72 0.000126 11111111
32 2 4 73 0.000157 22221111
32 2 4 74 0.000142 11111111
32 2 4 75 0.000126 11111111
32 2 4 76 0.000150 11111111
32 2 4 77 0.000161 11111111
32 2 4 78 0.000131 21111111
32 2 4 79 0.000145 11111111
32 2 4 80 0.000106 11111111
32 2 4 81 0.000154 11111111
32 2 4 82 0.000145 11111111
32 2 4 83 0.000119 11111111
32 2 4 84 0.000167 21111111
32 2 4 85 0.000129 11111111
32 2 4 86 0.000126 11111111
32 2 4 87 0.000104 11111111
32 2 4 88 0.000122 11111111
32 2 4 89 0.000128 11111111
32 2 4 90 0.000144 21111111
32 2 4 91 0.000175 11111111
32 2 4 92 0.000107 11111111
32 2 4 93 0.000123 11111111
32 2 4 94 0.000129 11111111
32 2 4 95 0.000078 11111111
32 2 4 96 0.000138 11111111
32 2 4 97 0.000148 11111111
32 2 4 98 0.000187 11111111
32 2 4 99 0.000152 11111111
32 2 8 0 0.000140 1111
32 2 8 1 0.000118 1111
32 2 8 2 0.000137 1111
32 2 8 3 0.000149 1111
32 2 8 4 0.000129 1111
32 2 8 5 0.000118 1111
32 2 8 6 0.000158 1111
32 2 8 7 0.000068 1111
32 2 8 8 0.000136 1111
32 2 8 9 0.000129 1111
32 2 8 10 0.000125 1111
32 2 8 11 0.000159 1111
32 2 8 12 0.000130 1111
32 2 8 13 0.000145 1111
32 2 8 14 0.000130 1111
32 2 8 15 0.000150 1111
32 2 8 16 0.000171 1111
32 2 8 17 0.000152 2211
32 2 8 18 0.000128 1111
32 2 8 19 0.000191 1111
32 2 8 20 0.000128 1111
32 2 8 21 0.000139 1111
32 2 8 22 0.000172 2221
32 2 8 23 0.000136 1111
32 2 8 24 0.000130 1111
32 2 8 25 0.000113 1111
32 2 8 26 0.000141 1111
32 2 8 27 0.000091 1111
32 2 8 28 0.000170 2211
32 2 8 29 0.000186 2211
32 2 8 30 0.000136 1111
32 2 8 31 0.000144 1111
32 2 8 32 0.000104 2111
32 2 8 33 0.000094 1111
32 2 8 34 0.000155 1111
32 2 8 35 0.000133 1111
32 2 8 36 0.000143 1111
32 2 8 37 0.000106 1111
32 2 8 38 0.000130 1111
32 2 8 39 0.000076 1111
32 2 8 40 0.000126 1111
32 2 8 41 0.000111 2211
32 2 8 42 0.000139 1111
32 2 8 43 0.000134 1111
32 2 8 44 0.000126 1111
32 2 8 45 0.000186 2111
32 2 8 46 0.000144 1111
32 2 8 47 0.000135 1111
32 2 8 48 0.000076 1111
32 2 8 49 0.000145 1111
32 2 8 50 0.000151 1111
32 2 8 51 0.000109 1111
32 2 8 52 0.000102 1111
32 2 8 53 0.000127 1111
32 2 8 54 0.000099 1111
32 2 8 55 0.000096 1111
32 2 8 56 0.000129 1111
32 2 8 57 0.000168 1111
32 2 8 58 0.000161 1111
32 2 8 59 0.000103 1111
32 2 8 60 0.000172 1111
32 2 8 61 0.000126 1111
32 2 8 62 0.000132 1111
32 2 8 63 0.000109 1111
32 2 8 64 0.000122 1111
32 2 8 65 0.000148 1111
32 2 8 66 0.000128 1111
32 2 8 67 0.000138 1111
32 2 8 68 0.000084 1111
32 2 8 69 0.000124 1111
32 2 8 70 0.000092 1111
32 2 8 71 0.000132 1111
32 2 8 72 0.000123 1111
32 2 8 73 0.000158 2211
32 2 8 74 0.000138 1111
32 2 8 75 0.000123 1111
32 2 8 76 0.000146 1111
32 2 8 77 0.000151 1111
32 2 8 78 0.000119 1111
32 2 8 79 0.000123 1111
32 2 8 80 0.000097 1111
32 2 8 81 0.000158 1111
32 2 8 82 0.000148 1111
32 2 8 83 0.000110 1111
32 2 8 84 0.000167 1111
32 2 8 85 0.000118 1111
32 2 8 86 0.000122 1111
32 2 8 87 0.000101 1111
32 2 8 88 0.000122 1111
32 2 8 89 0.000127 1111
32 2 8 90 0.000143 1111
32 2 8 91 0.000160 1111
32 2 8 92 0.000097 1111
32 2 8 93 0.000110 1111
32 2 8 94 0.000124 1111
32 2 8 95 0.000079 1111
32 2 8 96 0.000135 1111
32 2 8 97 0.000137 1111
32 2 8 98 0.000184 1111
32 2 8 99 0.000152 1111
32 2 16 0 0.000143 11
32 2 16 1 0.000126 11
32 2 16 2 0.000135 11
32 2 16 3 0.000135 11
32 2 16 4 0.000129 11
32 2 16 5 0.000123 11
32 2 16 6 0.000160 11
32 2 16 7 0.000081 11
32 2 16 8 0.000148 11
32 2 16 9 0.000132 11
32 2 16 10 0.000130 11
32 2 16 11 0.000163 11
32 2 16 12 0.000130 11
32 2 16 13 0.000157 11
32 2 16 14 0.000130 11
32 2 16 15 0.000155 11
32 2 16 16 0.000176 11
32 2 16 17 0.000160 21
32 2 16 18 0.000134 11
32 2 16 19 0.000196 11
32 2 16 20 0.000131 11
32 2 16 21 0.000143 11
32 2 16 22 0.000174 21
32 2 16 23 0.000141 11
32 2 16 24 0.000138 11
32 2 16 25 0.000121 11
32 2 16 26 0.000146 11
32 2 16 27 0.000093 11
32 2 16 28 0.000178 21
32 2 16 29 0.000190 21
32 2 16 30 0.000140 11
32 2 16 31 0.000154 11
32 2 16 32 0.000102 11
32 2 16 33 0.000096 11
32 2 16 34 0.000155 11
32 2 16 35 0.000132 11
32 2 16 36 0.000144 11
32 2 16 37 0.000114 11
32 2 16 38 0.000136 11
32 2 16 39 0.000085 11
32 2 16 40 0.000125 11
32 2 16 41 0.000138 21
32 2 16 42 0.000136 11
32 2 16 43 0.000137 11
32 2 16 44 0.000133 11
32 2 16 45 0.000189 11
32 2 16 46 0.000147 11
32 2 16 47 0.000145 11
32 2 16 48 0.000076 11
32 2 16 49 0.000145 11
32 2 16 50 0.000153 11
32 2 16 51 0.000119 11
32 2 16 52 0.000105 11
32 2 16 53 0.000126 11
32 2 16 54 0.000098 11
32 2 16 55 0.000095 11
32 2 16 56 0.000136 11
32 2 16 57 0.000177 11
32 2 16 58 0.000164 11
32 2 16 59 0.000106 11
32 2 16 60 0.000175 11
32 2 16 61 0.000134 11
32 2 16 62 0.000135 11
32 2 16 63 0.000116 11
32 2 16 64 0.000127 11
32 2 16 65 0.000148 11
32 2 16 66 0.000134 11
32 2 16 67 0.000143 11
32 2 16 68 0.000085 11
32 2 16 69 0.000128 11
32 2 16 70 0.000094 11
32 2 16 71 0.000137 11
32 2 16 72 0.000134 11
32 2 16 73 0.000162 21
32 2 16 74 0.000137 11
32 2 16 75 0.000123 11
32 2 16 76 0.000154 11
32 2 16 77 0.000155 11
32 2 16 78 0.000115 11
32 2 16 79 0.000125 11
32 2 16 80 0.000103 11
32 2 16 81 0.000153 11
32 2 16 82 0.000150 11
32 2 16 83 0.000119 11
32 2 16 84 0.000168 11
32 2 16 85 0.000126 11
32 2 16 86 0.000118 11
32 2 16 87 0.000102 11
32 2 16 88 0.000112 11
32 2 16 89 0.000139 11
32 2 16 90 0.000143 11
32 2 16 91 0.000157 11
32 2 16 92 0.000102 11
32 2 16 93 0.000114 11
32 2 16 94 0.000120 11
32 2 16 95 0.000074 11
32 2 16 96 0.000142 11
32 2 16 97 0.000140 11
32 2 16 98 0.000187 11
32 2 16 99 0.000156 11
32 2 32 0 0.000145 1
32 2 32 1 0.000120 1
32 2 32 2 0.000133 1
32 2 32 3 0.000134 1
32 2 32 4 0.000130 1
32 2 32 5 0.000122 1
32 2 32 6 0.000160 1
32 2 32 7 0.000068 1
32 2 32 8 0.000146 1
32 2 32 9 0.000152 1
32 2 32 10 0.000127 1
32 2 32 11 0.000164 1
32 2 32 12 0.000122 1
32 2 32 13 0.000145 1
32 2 32 14 0.000137 1
32 2 32 15 0.000156 1
32 2 32 16 0.000177 1
32 2 32 17 0.000156 1
32 2 32 18 0.000131 1
32 2 32 19 0.000193 1
32 2 32 20 0.000135 1
32 2 32 21 0.000145 1
32 2 32 22 0.000174 1
32 2 32 23 0.000137 1
32 2 32 24 0.000131 1
32 2 32 25 0.000119 1
32 2 32 26 0.000143 1
32 2 32 27 0.000092 1
32 2 32 28 0.000176 1
32 2 32 29 0.000186 1
32 2 32 30 0.000135 1
32 2 32 31 0.000149 1
32 2 32 32 0.000098 1
32 2 32 33 0.000106 1
32 2 32 34 0.000155 1
32 2 32 35 0.000127 1
32 2 32 36 0.000146 1
32 2 32 37 0.000109 1
32 2 32 38 0.000136 1
32 2 32 39 0.000074 1
32 2 32 40 0.000126 1
32 2 32 41 0.000115 1
32 2 32 42 0.000140 1
32 2 32 43 0.000134 1
32 2 32 44 0.000132 1
32 2 32 45 0.000189 1
32 2 32 46 0.000148 1
32 2 32 47 0.000142 1
32 2 32 48 0.000075 1
32 2 32 49 0.000144 1
32 2 32 50 0.000156 1
32 2 32 51 0.000110 1
32 2 32 52 0.000103 1
32 2 32 53 0.000124 1
32 2 32 54 0.000101 1
32 2 32 55 0.000091 1
32 2 32 56 0.000132 1
32 2 32 57 0.000187 1
32 2 32 58 0.000165 1
32 2 32 59 0.000107 1
32 2 32 60 0.000172 1
32 2 32 61 0.000128 1
32 2 32 62 0.000133 1
32 2 32 63 0.000109 1
32 2 32 64 0.000123 1
32 2 32 65 0.000154 1
32 2 32 66 0.000135 1
32 2 32 67 0.000140 1
32 2 32 68 0.000084 1
32 2 32 69 0.000126 1
32 2 32 70 0.000089 1
32 2 32 71 0.000138 1
32 2 32 72 0.000130 1
32 2 32 73 0.000160 1
32 2 32 74 0.000135 1
32 2 32 75 0.000117 1
32 2 32 76 0.000149 1
32 2 32 77 0.000155 1
32 2 32 78 0.000111 1
32 2 32 79 0.000131 1
32 2 32 80 0.000102 1
32 2 32 81 0.000153 1
32 2 32 82 0.000146 1
32 2 32 83 0.000110 1
32 2 32 84 0.000168 1
32 2 32 85 0.000120 1
32 2 32 86 0.000120 1
32 2 32 87 0.000101 1
32 2 32 88 0.000111 1
32 2 32 89 0.000129 1
32 2 32 90 0.000149 1
32 2 32 91 0.000162 1
32 2 32 92 0.000096 1
32 2 32 93 0.000111 1
32 2 32 94 0.000117 1
32 2 32 95 0.000076 1
32 2 32 96 0.000138 1
32 2 32 97 0.000136 1
32 2 32 98 0.000193 1
32 2 32 99 0.000155 1
32 4 8 0 0.000345 1111
32 4 8 1 0.000298 1111
32 4 8 2 0.000375 2222
32 4 8 3 0.000326 1111
32 4 8 4 0.000352 1111
32 4 8 5 0.000258 1111
32 4 8 6 0.000408 1111
32 4 8 7 0.000127 1111
32 4 8 8 0.000254 1111
32 4 8 9 0.000295 2222
32 4 8 10 0.000307 1111
32 4 8 11 0.000485 2222
32 4 8 12 0.000262 1111
32 4 8 13 0.000416 1111
32 4 8 14 0.000317 1111
32 4 8 15 0.000404 1111
32 4 8 16 0.000465 1111
32 4 8 17 0.000379 2222
32 4 8 18 0.000320 1111
32 4 8 19 0.000533 2222
32 4 8 20 0.000322 1111
32 4 8 21 0.000383 1111
32 4 8 22 0.000498 2222
32 4 8 23 0.000348 1111
32 4 8 24 0.000256 1111
32 4 8 25 0.000272 1111
32 4 8 26 0.000371 1111
32 4 8 27 0.000203 2222
32 4 8 28 0.000459 2222
32 4 8 29 0.000534 2222
32 4 8 30 0.000321 1111
32 4 8 31 0.000332 1111
32 4 8 32 0.000249 2111
32 4 8 33 0.000216 2222
32 4 8 34 0.000449 1111
32 4 8 35 0.000309 2222
32 4 8 36 0.000364 1111
32 4 8 37 0.000241 2222
32 4 8 38 0.000342 1111
32 4 8 39 0.000216 1111
32 4 8 40 0.000279 1111
32 4 8 41 0.000302 2222
32 4 8 42 0.000339 1111
32 4 8 43 0.000320 1111
32 4 8 44 0.000336 1111
32 4 8 45 0.000535 2222
32 4 8 46 0.000412 1111
32 4 8 47 0.000298 2222
32 4 8 48 0.000151 2211
32 4 8 49 0.000410 2222
32 4 8 50 0.000396 1111
32 4 8 51 0.000302 1111
32 4 8 52 0.000231 2222
32 4 8 53 0.000309 1111
32 4 8 54 0.000238 1111
32 4 8 55 0.000188 1111
32 4 8 56 0.000381 1111
32 4 8 57 0.000462 1111
32 4 8 58 0.000440 1111
32 4 8 59 0.000252 1111
32 4 8 60 0.000478 2222
32 4 8 61 0.000354 1111
32 4 8 62 0.000356 1111
32 4 8 63 0.000241 1111
32 4 8 64 0.000321 2211
32 4 8 65 0.000392 1111
32 4 8 66 0.000351 1111
32 4 8 67 0.000317 2222
32 4 8 68 0.000181 2222
32 4 8 69 0.000283 1111
32 4 8 70 0.000237 1111
32 4 8 71 0.000299 1111
32 4 8 72 0.000304 1111
32 4 8 73 0.000430 2222
32 4 8 74 0.000373 1111
32 4 8 75 0.000287 1111
32 4 8 76 0.000383 1111
32 4 8 77 0.000372 1111
32 4 8 78 0.000278 2222
32 4 8 79 0.000305 1111
32 4 8 80 0.000221 1111
32 4 8 81 0.000396 1111
32 4 8 82 0.000365 1111
32 4 8 83 0.000218 1111
32 4 8 84 0.000496 2222
32 4 8 85 0.000324 1111
32 4 8 86 0.000260 1111
32 4 8 87 0.000233 1111
32 4 8 88 0.000257 1111
32 4 8 89 0.000287 1111
32 4 8 90 0.000378 2222
32 4 8 91 0.000452 1111
32 4 8 92 0.000213 1111
32 4 8 93 0.000282 1111
32 4 8 94 0.000307 1111
32 4 8 95 0.000146 1111
32 4 8 96 0.000328 1111
32 4 8 97 0.000364 1111
32 4 8 98 0.000527 1111
32 4 8 99 0.000378 1111
32 4 16 0 0.000349 11
32 4 16 1 0.000284 11
32 4 16 2 0.000347 22
32 4 16 3 0.000318 11
32 4 16 4 0.000334 11
32 4 16 5 0.000261 11
32 4 16 6 0.000390 11
32 4 16 7 0.000127 11
32 4 16 8 0.000254 11
32 4 16 9 0.000300 22
32 4 16 10 0.000321 11
32 4 16 11 0.000478 22
32 4 16 12 0.000262 11
32 4 16 13 0.000422 11
32 4 16 14 0.000331 11
32 4 16 15 0.000386 11
32 4 16 16 0.000468 11
32 4 16 17 0.000414 22
32 4 16 18 0.000326 11
32 4 16 19 0.000544 22
32 4 16 20 0.000325 11
32 4 16 21 0.000368 11
32 4 16 22 0.000475 22
32 4 16 23 0.000318 11
32 4 16 24 0.000249 11
32 4 16 25 0.000262 11
32 4 16 26 0.000350 11
32 4 16 27 0.000212 22
32 4 16 28 0.000479 22
32 4 16 29 0.000534 22
32 4 16 30 0.000313 11
32 4 16 31 0.000327 11
32 4 16 32 0.000216 11
32 4 16 33 0.000214 22
32 4 16 34 0.000449 11
32 4 16 35 0.000299 22
32 4 16 36 0.000351 11
32 4 16 37 0.000249 22
32 4 16 38 0.000362 11
32 4 16 39 0.000177 11
32 4 16 40 0.000292 11
32 4 16 41 0.000276 22
32 4 16 42 0.000351 11
32 4 16 43 0.000317 11
32 4 16 44 0.000324 11
32 4 16 45 0.000535 22
32 4 16 46 0.000407 11
32 4 16 47 0.000294 22
32 4 16 48 0.000149 21
32 4 16 49 0.000398 22
32 4 16 50 0.000395 11
32 4 16 51 0.000280 11
32 4 16 52 0.000240 22
32 4 16 53 0.000286 11
32 4 16 54 0.000238 11
32 4 16 55 0.000177 11
32 4 16 56 0.000382 11
32 4 16 57 0.000438 11
32 4 16 58 0.000443 11
32 4 16 59 0.000242 11
32 4 16 60 0.000476 22
32 4 16 61 0.000348 11
32 4 16 62 0.000353 11
32 4 16 63 0.000248 11
32 4 16 64 0.000344 21
32 4 16 65 0.000369 11
32 4 16 66 0.000337 11
32 4 16 67 0.000337 22
32 4 16 68 0.000186 22
32 4 16 69 0.000269 11
32 4 16 70 0.000233 11
32 4 16 71 0.000310 11
32 4 16 72 0.000301 11
32 4 16 73 0.000439 22
32 4 16 74 0.000359 11
32 4 16 75 0.000291 11
32 4 16 76 0.000399 11
32 4 16 77 0.000363 11
32 4 16 78 0.000267 22
32 4 16 79 0.000301 11
32 4 16 80 0.000227 11
32 4 16 81 0.000387 11
32 4 16 82 0.000373 11
32 4 16 83 0.000210 11
32 4 16 84 0.000484 22
32 4 16 85 0.000326 11
32 4 16 86 0.000254 11
32 4 16 87 0.000221 11
32 4 16 88 0.000256 11
32 4 16 89 0.000293 11
32 4 16 90 0.000381 22
32 4 16 91 0.000448 11
32 4 16 92 0.000216 11
32 4 16 93 0.000256 11
32 4 16 94 0.000327 11
32 4 16 95 0.000134 11
32 4 16 96 0.000338 11
32 4 16 97 0.000358 11
32 4 16 98 0.000569 11
32 4 16 99 0.000371 11
32 4 32 0 0.000342 1
32 4 32 1 0.000289 1
32 4 32 2 0.000340 2
32 4 32 3 0.000317 1
32 4 32 4 0.000320 1
32 4 32 5 0.000261 1
32 4 32 6 0.000370 1
32 4 32 7 0.000110 1
32 4 32 8 0.000235 1
32 4 32 9 0.000287 2
32 4 32 10 0.000313 1
32 4 32 11 0.000475 2
32 4 32 12 0.000268 1
32 4 32 13 0.000409 1
32 4 32 14 0.000318 1
32 4 32 15 0.000377 1
32 4 32 16 0.000465 1
32 4 32 17 0.000370 2
32 4 32 18 0.000310 1
32 4 32 19 0.000528 2
32 4 32 20 0.000316 1
32 4 32 21 0.000378 1
32 4 32 22 0.000491 2
32 4 32 23 0.000315 1
32 4 32 24 0.000243 1
32 4 32 25 0.000260 1
32 4 32 26 0.000359 1
32 4 32 27 0.000206 2
32 4 32 28 0.000455 2
32 4 32 29 0.000532 2
32 4 32 30 0.000309 1
32 4 32 31 0.000331 1
32 4 32 32 0.000217 1
32 4 32 33 0.000214 2
32 4 32 34 0.000436 1
32 4 32 35 0.000290 2
32 4 32 36 0.000339 1
32 4 32 37 0.000282 2
32 4 32 38 0.000355 1
32 4 32 39 0.000174 1
32 4 32 40 0.000295 1
32 4 32 41 0.000287 2
32 4 32 42 0.000338 1
32 4 32 43 0.000311 1
32 4 32 44 0.000321 1
32 4 32 45 0.000490 2
32 4 32 46 0.000404 1
32 4 32 47 0.000286 2
32 4 32 48 0.000151 1
32 4 32 49 0.000394 2
32 4 32 50 0.000393 1
32 4 32 51 0.000267 1
32 4 32 52 0.000243 2
32 4 32 53 0.000285 1
32 4 32 54 0.000239 1
32 4 32 55 0.000167 1
32 4 32 56 0.000384 1
32 4 32 57 0.000432 1
32 4 32 58 0.000432 1
32 4 32 59 0.000237 1
32 4 32 60 0.000477 2
32 4 32 61 0.000351 1
32 4 32 62 0.000341 1
32 4 32 63 0.000260 1
32 4 32 64 0.000329 1
32 4 32 65 0.000366 1
32 4 32 66 0.000322 1
32 4 32 67 0.000321 2
32 4 32 68 0.000190 2
32 4 32 69 0.000263 1
32 4 32 70 0.000226 1
32 4 32 71 0.000311 1
32 4 32 72 0.000288 1
32 4 32 73 0.000435 2
32 4 32 74 0.000361 1
32 4 32 75 0.000325 1
32 4 32 76 0.000372 1
32 4 32 77 0.000376 1
32 4 32 78 0.000288 2
32 4 32 79 0.000294 1
32 4 32 80 0.000225 1
32 4 32 81 0.000386 1
32 4 32 82 0.000376 1
32 4 32 83 0.000206 1
32 4 32 84 0.000475 2
32 4 32 85 0.000333 1
32 4 32 86 0.000253 1
32 4 32 87 0.000221 1
32 4 32 88 0.000261 1
32 4 32 89 0.000282 1
32 4 32 90 0.000379 2
32 4 32 91 0.000497 1
32 4 32 92 0.000214 1
32 4 32 93 0.000247 1
32 4 32 94 0.000301 1
32 4 32 95 0.000127 1
32 4 32 96 0.000330 1
32 4 32 97 0.000363 1
32 4 32 98 0.000560 1
32 4 32 99 0.000375 1
32 8 16 0 0.000801 11
32 8 16 1 0.000710 11
32 8 16 2 0.000988 22
32 8 16 3 0.000942 11
32 8 16 4 0.000953 11
32 8 16 5 0.000674 11
32 8 16 6 0.000991 11
32 8 16 7 0.000313 11
32 8 16 8 0.000606 11
32 8 16 9 0.000767 22
32 8 16 10 0.000880 11
32 8 16 11 0.001407 22
32 8 16 12 0.000682 11
32 8 16 13 0.001296 11
32 8 16 14 0.000796 11
32 8 16 15 0.001143 11
32 8 16 16 0.001166 11
32 8 16 17 0.001081 22
32 8 16 18 0.000794 11
32 8 16 19 0.001545 22
32 8 16 20 0.000858 11
32 8 16 21 0.001043 11
32 8 16 22 0.001311 22
32 8 16 23 0.000925 11
32 8 16 24 0.000665 11
32 8 16 25 0.000683 11
32 8 16 26 0.000928 11
32 8 16 27 0.000415 22
32 8 16 28 0.001250 22
32 8 16 29 0.001646 22
32 8 16 30 0.000705 11
32 8 16 31 0.000808 11
32 8 16 32 0.000503 22
32 8 16 33 0.000491 22
32 8 16 34 0.001194 11
32 8 16 35 0.000754 22
32 8 16 36 0.000966 11
32 8 16 37 0.000665 22
32 8 16 38 0.000973 11
32 8 16 39 0.000341 11
32 8 16 40 0.000617 11
32 8 16 41 0.000824 22
32 8 16 42 0.000874 11
32 8 16 43 0.000897 11
32 8 16 44 0.000771 11
32 8 16 45 0.001251 22
32 8 16 46 0.001017 11
32 8 16 47 0.000735 22
32 8 16 48 0.000308 22
32 8 16 49 0.000990 22
32 8 16 50 0.001104 11
32 8 16 51 0.000639 11
32 8 16 52 0.000594 22
32 8 16 53 0.000753 11
32 8 16 54 0.000660 11
32 8 16 55 0.000353 11
32 8 16 56 0.001063 11
32 8 16 57 0.001389 11
32 8 16 58 0.001141 11
32 8 16 59 0.000569 11
32 8 16 60 0.001263 22
32 8 16 61 0.000893 11
32 8 16 62 0.000844 11
32 8 16 63 0.000547 11
32 8 16 64 0.000891 22
32 8 16 65 0.001002 11
32 8 16 66 0.000885 11
32 8 16 67 0.000810 22
32 8 16 68 0.000464 22
32 8 16 69 0.000476 11
32 8 16 70 0.000616 11
32 8 16 71 0.000833 11
32 8 16 72 0.000704 11
32 8 16 73 0.001251 22
32 8 16 74 0.000747 11
32 8 16 75 0.000725 11
32 8 16 76 0.001063 11
32 8 16 77 0.000922 11
32 8 16 78 0.000633 22
32 8 16 79 0.000822 11
32 8 16 80 0.000612 11
32 8 16 81 0.000992 11
32 8 16 82 0.000865 11
32 8 16 83 0.000573 11
32 8 16 84 0.001437 22
32 8 16 85 0.000945 11
32 8 16 86 0.000683 11
32 8 16 87 0.000547 11
32 8 16 88 0.000614 11
32 8 16 89 0.000701 11
32 8 16 90 0.000988 22
32 8 16 91 0.001324 11
32 8 16 92 0.000520 11
32 8 16 93 0.000577 11
32 8 16 94 0.000837 11
32 8 16 95 0.000305 11
32 8 16 96 0.000881 11
32 8 16 97 0.000887 11
32 8 16 98 0.001419 11
32 8 16 99 0.000882 11
32 8 32 0 0.000824 1
32 8 32 1 0.000701 1
32 8 32 2 0.000985 2
32 8 32 3 0.001011 1
32 8 32 4 0.000819 1
32 8 32 5 0.000666 1
32 8 32 6 0.000980 1
32 8 32 7 0.000293 1
32 8 32 8 0.000563 1
32 8 32 9 0.000764 2
32 8 32 10 0.000924 1
32 8 32 11 0.001512 2
32 8 32 12 0.000644 1
32 8 32 13 0.001238 1
32 8 32 14 0.000856 1
32 8 32 15 0.001066 1
32 8 32 16 0.001209 1
32 8 32 17 0.001086 2
32 8 32 18 0.000784 1
32 8 32 19 0.001524 2
32 8 32 20 0.000852 1
32 8 32 21 0.001042 1
32 8 32 22 0.001368 2
32 8 32 23 0.000939 1
32 8 32 24 0.000625 1
32 8 32 25 0.000625 1
32 8 32 26 0.000910 1
32 8 32 27 0.000382 2
32 8 32 28 0.001189 2
32 8 32 29 0.001739 2
32 8 32 30 0.000716 1
32 8 32 31 0.000814 1
32 8 32 32 0.000442 2
32 8 32 33 0.000509 2
32 8 32 34 0.001251 1
32 8 32 35 0.000720 2
32 8 32 36 0.000990 1
32 8 32 37 0.000650 2
32 8 32 38 0.001012 1
32 8 32 39 0.000325 1
32 8 32 40 0.000619 1
32 8 32 41 0.000817 2
32 8 32 42 0.000870 1
32 8 32 43 0.000855 1
32 8 32 44 0.000765 1
32 8 32 45 0.001272 2
32 8 32 46 0.001012 1
32 8 32 47 0.000751 2
32 8 32 48 0.000297 2
32 8 32 49 0.000988 2
32 8 32 50 0.001163 1
32 8 32 51 0.000670 1
32 8 32 52 0.000547 2
32 8 32 53 0.000760 1
32 8 32 54 0.000640 1
32 8 32 55 0.000316 1
32 8 32 56 0.001108 1
32 8 32 57 0.001361 1
32 8 32 58 0.001223 1
32 8 32 59 0.000587 1
32 8 32 60 0.001336 2
32 8 32 61 0.000926 1
32 8 32 62 0.000859 1
32 8 32 63 0.000535 1
32 8 32 64 0.000858 2
32 8 32 65 0.000942 1
32 8 32 66 0.000886 1
32 8 32 67 0.000752 2
32 8 32 68 0.000449 2
32 8 32 69 0.000514 1
32 8 32 70 0.000556 1
32 8 32 71 0.000818 1
32 8 32 72 0.000663 1
32 8 32 73 0.001252 2
32 8 32 74 0.000731 1
32 8 32 75 0.000653 1
32 8 32 76 0.001062 1
32 8 32 77 0.000893 1
32 8 32 78 0.000618 2
32 8 32 79 0.000887 1
32 8 32 80 0.000594 1
32 8 32 81 0.000983 1
32 8 32 82 0.000955 1
32 8 32 83 0.000583 1
32 8 32 84 0.001412 2
32 8 32 85 0.000876 1
32 8 32 86 0.000629 1
32 8 32 87 0.000523 1
32 8 32 88 0.000600 1
32 8 32 89 0.000727 1
32 8 32 90 0.000966 2
32 8 32 91 0.001202 1
32 8 32 92 0.000466 1
32 8 32 93 0.000540 1
32 8 32 94 0.000891 1
32 8 32 95 0.000288 1
32 8 32 96 0.000851 1
32 8 32 97 0.000866 1
32 8 32 98 0.001439 1
32 8 32 99 0.000867 1
64 2 4 0 0.000210 2111111111111111
64 2 4 1 0.000334 1111111111111111
64 2 4 2 0.000312 1111111111111111
64 2 4 3 0.000216 1111111111111111
64 2 4 4 0.000294 1111111111111111
64 2 4 5 0.000324 1111111111111111
64 2 4 6 0.000239 1111111111111111
64 2 4 7 0.000219 1111111111111111
64 2 4 8 0.000254 1111111111111111
64 2 4 9 0.000278 1111111111111111
64 2 4 10 0.000249 1111111111111111
64 2 4 11 0.000255 1111111111111111
64 2 4 12 0.000273 1111111111111111
64 2 4 13 0.000265 1111111111111111
64 2 4 14 0.000249 1111111111111111
64 2 4 15 0.000245 1111111111111111
64 2 4 16 0.000270 2111111111111111
64 2 4 17 0.000263 1111111111111111
64 2 4 18 0.000265 2222111111111111
64 2 4 19 0.000351 2111111111111111
64 2 4 20 0.000294 1111111111111111
64 2 4 21 0.000285 1111111111111111
64 2 4 22 0.000287 1111111111111111
64 2 4 23 0.000250 1111111111111111
64 2 4 24 0.000269 1111111111111111
64 2 4 25 0.000277 1111111111111111
64 2 4 26 0.000310 1111111111111111
64 2 4 27 0.000328 1111111111111111
64 2 4 28 0.000250 1111111111111111
64 2 4 29 0.000282 1111111111111111
64 2 4 30 0.000286 1111111111111111
64 2 4 31 0.000337 1111111111111111
64 2 4 32 0.000243 1111111111111111
64 2 4 33 0.000230 1111111111111111
64 2 4 34 0.000268 1111111111111111
64 2 4 35 0.000232 1111111111111111
64 2 4 36 0.000300 1111111111111111
64 2 4 37 0.000284 1111111111111111
64 2 4 38 0.000280 1111111111111111
64 2 4 39 0.000330 1111111111111111
64 2 4 40 0.000261 2221111111111111
64 2 4 41 0.000296 1111111111111111
64 2 4 42 0.000279 1111111111111111
64 2 4 43 0.000295 1111111111111111
64 2 4 44 0.000306 1111111111111111
64 2 4 45 0.000259 1111111111111111
64 2 4 46 0.000270 1111111111111111
64 2 4 47 0.000277 1111111111111111
64 2 4 48 0.000268 1111111111111111
64 2 4 49 0.000285 1111111111111111
64 2 4 50 0.000292 1111111111111111
64 2 4 51 0.000242 1111111111111111
64 2 4 52 0.000326 1111111111111111
64 2 4 53 0.000287 1111111111111111
64 2 4 54 0.000293 1111111111111111
64 2 4 55 0.000329 2221111111111111
64 2 4 56 0.000254 1111111111111111
64 2 4 57 0.000274 1111111111111111
64 2 4 58 0.000268 1111111111111111
64 2 4 59 0.000301 1111111111111111
64 2 4 60 0.000263 1111111111111111
64 2 4 61 0.000327 1111111111111111
64 2 4 62 0.000297 1111111111111111
64 2 4 63 0.000320 2221111111111111
64 2 4 64 0.000264 1111111111111111
64 2 4 65 0.000226 2222111111111111
64 2 4 66 0.000276 1111111111111111
64 2 4 67 0.000329 1111111111111111
64 2 4 68 0.000338 1111111111111111
64 2 4 69 0.000276 1111111111111111
64 2 4 70 0.000217 2111111111111111
64 2 4 71 0.000335 1111111111111111
64 2 4 72 0.000299 1111111111111111
64 2 4 73 0.000237 1111111111111111
64 2 4 74 0.000299 1111111111111111
64 2 4 75 0.000260 1111111111111111
64 2 4 76 0.000332 1111111111111111
64 2 4 77 0.000309 1111111111111111
64 2 4 78 0.000304 2221111111111111
64 2 4 79 0.000229 2111111111111111
64 2 4 80 0.000248 1111111111111111
64 2 4 81 0.000322 1111111111111111
64 2 4 82 0.000322 2211111111111111
64 2 4 83 0.000260 1111111111111111
64 2 4 84 0.000268 1111111111111111
64 2 4 85 0.000284 1111111111111111
64 2 4 86 0.000288 2211111111111111
64 2 4 87 0.000278 2111111111111111
64 2 4 88 0.000222 1111111111111111
64 2 4 89 0.000248 1111111111111111
64 2 4 90 0.000286 1111111111111111
64 2 4 91 0.000265 2111111111111111
64 2 4 92 0.000340 1111111111111111
64 2 4 93 0.000300 2111111111111111
64 2 4 94 0.000300 1111111111111111
64 2 4 95 0.000275 1111111111111111
64 2 4 96 0.000327 1111111111111111
64 2 4 97 0.000231 1111111111111111
64 2 4 98 0.000292 1111111111111111
64 2 4 99 0.000252 2211111111111111
64 2 8 0 0.000206 11111111
64 2 8 1 0.000334 11111111
64 2 8 2 0.000307 11111111
64 2 8 3 0.000212 11111111
64 2 8 4 0.000283 11111111
64 2 8 5 0.000308 11111111
64 2 8 6 0.000226 11111111
64 2 8 7 0.000208 11111111
64 2 8 8 0.000239 11111111
64 2 8 9 0.000291 11111111
64 2 8 10 0.000250 11111111
64 2 8 11 0.000236 11111111
64 2 8 12 0.000270 11111111
64 2 8 13 0.000269 11111111
64 2 8 14 0.000242 11111111
64 2 8 15 0.000228 11111111
64 2 8 16 0.000263 11111111
64 2 8 17 0.000259 11111111
64 2 8 18 0.000268 22111111
64 2 8 19 0.000337 11111111
64 2 8 20 0.000278 11111111
64 2 8 21 0.000282 11111111
64 2 8 22 0.000281 11111111
64 2 8 23 0.000240 11111111
64 2 8 24 0.000264 11111111
64 2 8 25 0.000260 11111111
64 2 8 26 0.000308 11111111
64 2 8 27 0.000315 11111111
64 2 8 28 0.000243 11111111
64 2 8 29 0.000273 11111111
64 2 8 30 0.000283 11111111
64 2 8 31 0.000328 11111111
64 2 8 32 0.000231 11111111
64 2 8 33 0.000228 11111111
64 2 8 34 0.000322 11111111
64 2 8 35 0.000226 11111111
64 2 8 36 0.000288 11111111
64 2 8 37 0.000287 11111111
64 2 8 38 0.000323 11111111
64 2 8 39 0.000330 11111111
64 2 8 40 0.000248 21111111
64 2 8 41 0.000287 11111111
64 2 8 42 0.000336 11111111
64 2 8 43 0.000282 11111111
64 2 8 44 0.000286 11111111
64 2 8 45 0.000255 11111111
64 2 8 46 0.000318 11111111
64 2 8 47 0.000256 11111111
64 2 8 48 0.000258 11111111
64 2 8 49 0.000270 11111111
64 2 8 50 0.000312 11111111
64 2 8 51 0.000230 11111111
64 2 8 52 0.000296 11111111
64 2 8 53 0.000268 11111111
64 2 8 54 0.000319 11111111
64 2 8 55 0.000312 21111111
64 2 8 56 0.000252 11111111
64 2 8 57 0.000267 11111111
64 2 8 58 0.000313 11111111
64 2 8 59 0.000293 11111111
64 2 8 60 0.000245 11111111
64 2 8 61 0.000301 11111111
64 2 8 62 0.000363 11111111
64 2 8 63 0.000294 21111111
64 2 8 64 0.000248 11111111
64 2 8 65 0.000219 22111111
64 2 8 66 0.000315 11111111
64 2 8 67 0.000323 11111111
64 2 8 68 0.000349 11111111
64 2 8 69 0.000268 11111111
64 2 8 70 0.000265 11111111
64 2 8 71 0.000318 11111111
64 2 8 72 0.000285 11111111
64 2 8 73 0.000226 11111111
64 2 8 74 0.000344 11111111
64 2 8 75 0.000252 11111111
64 2 8 76 0.000324 11111111
64 2 8 77 0.000301 11111111
64 2 8 78 0.000356 21111111
64 2 8 79 0.000217 11111111
64 2 8 80 0.000227 11111111
64 2 8 81 0.000334 11111111
64 2 8 82 0.000367 21111111
64 2 8 83 0.000247 11111111
64 2 8 84 0.000261 11111111
64 2 8 85 0.000289 11111111
64 2 8 86 0.000288 21111111
64 2 8 87 0.000264 11111111
64 2 8 88 0.000205 11111111
64 2 8 89 0.000251 11111111
64 2 8 90 0.000333 11111111
64 2 8 91 0.000259 11111111
64 2 8 92 0.000315 11111111
64 2 8 93 0.000310 11111111
64 2 8 94 0.000293 11111111
64 2 8 95 0.000260 11111111
64 2 8 96 0.000303 11111111
64 2 8 97 0.000238 11111111
64 2 8 98 0.000285 11111111
64 2 8 99 0.000246 21111111
64 2 16 0 0.000201 1111
64 2 16 1 0.000354 1111
64 2 16 2 0.000310 1111
64 2 16 3 0.000217 1111
64 2 16 4 0.000280 1111
64 2 16 5 0.000356 1111
64 2 16 6 0.000219 1111
64 2 16 7 0.000213 1111
64 2 16 8 0.000239 1111
64 2 16 9 0.000301 1111
64 2 16 10 0.000295 1111
64 2 16 11 0.000244 1111
64 2 16 12 0.000269 1111
64 2 16 13 0.000275 1111
64 2 16 14 0.000304 1111
64 2 16 15 0.000232 1111
64 2 16 16 0.000251 1111
64 2 16 17 0.000267 1111
64 2 16 18 0.000330 2111
64 2 16 19 0.000346 1111
64 2 16 20 0.000283 1111
64 2 16 21 0.000283 1111
64 2 16 22 0.000341 1111
64 2 16 23 0.000241 1111
64 2 16 24 0.000260 1111
64 2 16 25 0.000268 1111
64 2 16 26 0.000350 1111
64 2 16 27 0.000317 1111
64 2 16 28 0.000247 1111
64 2 16 29 0.000294 1111
64 2 16 30 0.000330 1111
64 2 16 31 0.000337 1111
64 2 16 32 0.000234 1111
64 2 16 33 0.000235 1111
64 2 16 34 0.000338 1111
64 2 16 35 0.000232 1111
64 2 16 36 0.000292 1111
64 2 16 37 0.000299 1111
64 2 16 38 0.000342 1111
64 2 16 39 0.000338 1111
64 2 16 40 0.000256 1111
64 2 16 41 0.000313 1111
64 2 16 42 0.000283 1111
64 2 16 43 0.000288 1111
64 2 16 44 0.000287 1111
64 2 16 45 0.000284 1111
64 2 16 46 0.000264 1111
64 2 16 47 0.000264 1111
64 2 16 48 0.000262 1111
64 2 16 49 0.000318 1111
64 2 16 50 0.000279 1111
64 2 16 51 0.000228 1111
64 2 16 52 0.000303 1111
64 2 16 53 0.000301 1111
64 2 16 54 0.000283 1111
64 2 16 55 0.000317 1111
64 2 16 56 0.000248 1111
64 2 16 57 0.000277 1111
64 2 16 58 0.000266 1111
64 2 16 59 0.000294 1111
64 2 16 60 0.000240 1111
64 2 16 61 0.000326 1111
64 2 16 62 0.000293 1111
64 2 16 63 0.000284 1111
64 2 16 64 0.000251 1111
64 2 16 65 0.000250 2111
64 2 16 66 0.000273 1111
64 2 16 67 0.000326 1111
64 2 16 68 0.000327 1111
64 2 16 69 0.000332 1111
64 2 16 70 0.000204 1111
64 2 16 71 0.000326 1111
64 2 16 72 0.000288 1111
64 2 16 73 0.000267 1111
64 2 16 74 0.000290 1111
64 2 16 75 0.000251 1111
64 2 16 76 0.000326 1111
64 2 16 77 0.000354 1111
64 2 16 78 0.000300 1111
64 2 16 79 0.000216 1111
64 2 16 80 0.000231 1111
64 2 16 81 0.000382 1111
64 2 16 82 0.000322 1111
64 2 16 83 0.000247 1111
64 2 16 84 0.000252 1111
64 2 16 85 0.000324 1111
64 2 16 86 0.000291 1111
64 2 16 87 0.000263 1111
64 2 16 88 0.000199 1111
64 2 16 89 0.000259 1111
64 2 16 90 0.000292 1111
64 2 16 91 0.000263 1111
64 2 16 92 0.000319 1111
64 2 16 93 0.000351 1111
64 2 16 94 0.000288 1111
64 2 16 95 0.000252 1111
64 2 16 96 0.000304 1111
64 2 16 97 0.000227 1111
64 2 16 98 0.000284 1111
64 2 16 99 0.000245 1111
64 2 32 0 0.000208 11
64 2 32 1 0.000424 11
64 2 32 2 0.000313 11
64 2 32 3 0.000216 11
64 2 32 4 0.000282 11
64 2 32 5 0.000379 11
64 2 32 6 0.000224 11
64 2 32 7 0.000214 11
64 2 32 8 0.000240 11
64 2 32 9 0.000313 11
64 2 32 10 0.000256 11
64 2 32 11 0.000239 11
64 2 32 12 0.000277 11
64 2 32 13 0.000290 11
64 2 32 14 0.000243 11
64 2 32 15 0.000229 11
64 2 32 16 0.000256 11
64 2 32 17 0.000285 11
64 2 32 18 0.000274 11
64 2 32 19 0.000346 11
64 2 32 20 0.000287 11
64 2 32 21 0.000331 11
64 2 32 22 0.000289 11
64 2 32 23 0.000243 11
64 2 32 24 0.000265 11
64 2 32 25 0.000303 11
64 2 32 26 0.000307 11
64 2 32 27 0.000320 11
64 2 32 28 0.000259 11
64 2 32 29 0.000343 11
64 2 32 30 0.000281 11
64 2 32 31 0.000345 11
64 2 32 32 0.000240 11
64 2 32 33 0.000281 11
64 2 32 34 0.000266 11
64 2 32 35 0.000229 11
64 2 32 36 0.000292 11
64 2 32 37 0.000351 11
64 2 32 38 0.000285 11
64 2 32 39 0.000332 11
64 2 32 40 0.000901 11
64 2 32 41 0.000297 11
64 2 32 42 0.000279 11
64 2 32 43 0.000359 11
64 2 32 44 0.000293 11
64 2 32 45 0.000260 11
64 2 32 46 0.000275 11
64 2 32 47 0.000313 11
64 2 32 48 0.000267 11
64 2 32 49 0.000281 11
64 2 32 50 0.000297 11
64 2 32 51 0.000279 11
64 2 32 52 0.000307 11
64 2 32 53 0.000274 11
64 2 32 54 0.000300 11
64 2 32 55 0.000383 11
64 2 32 56 0.000249 11
64 2 32 57 0.000252 11
64 2 32 58 0.000285 11
64 2 32 59 0.000358 11
64 2 32 60 0.000253 11
64 2 32 61 0.000314 11
64 2 32 62 0.000315 11
64 2 32 63 0.000291 11
64 2 32 64 0.000259 11
64 2 32 65 0.000225 11
64 2 32 66 0.000296 11
64 2 32 67 0.000339 11
64 2 32 68 0.000332 11
64 2 32 69 0.000269 11
64 2 32 70 0.000249 11
64 2 32 71 0.000326 11
64 2 32 72 0.000288 11
64 2 32 73 0.000229 11
64 2 32 74 0.000348 11
64 2 32 75 0.000265 11
64 2 32 76 0.000328 11
64 2 32 77 0.000304 11
64 2 32 78 0.000368 11
64 2 32 79 0.000219 11
64 2 32 80 0.000229 11
64 2 32 81 0.000318 11
64 2 32 82 0.000385 11
64 2 32 83 0.000252 11
64 2 32 84 0.000252 11
64 2 32 85 0.000267 11
64 2 32 86 0.000353 11
64 2 32 87 0.000272 11
64 2 32 88 0.000205 11
64 2 32 89 0.000242 11
64 2 32 90 0.000349 11
64 2 32 91 0.000278 11
64 2 32 92 0.000326 11
64 2 32 93 0.000298 11
64 2 32 94 0.000346 11
64 2 32 95 0.000260 11
64 2 32 96 0.000307 11
64 2 32 97 0.000209 11
64 2 32 98 0.000347 11
64 2 32 99 0.000248 11
64 4 8 0 0.000550 22211111
64 4 8 1 0.001009 11111111
64 4 8 2 0.000877 11111111
64 4 8 3 0.000450 11111111
64 4 8 4 0.000812 11111111
64 4 8 5 0.000921 11111111
64 4 8 6 0.000684 11111111
64 4 8 7 0.000575 11111111
64 4 8 8 0.000697 11111111
64 4 8 9 0.000714 11111111
64 4 8 10 0.000717 11111111
64 4 8 11 0.000624 11111111
64 4 8 12 0.000813 11111111
64 4 8 13 0.000695 11111111
64 4 8 14 0.000676 11111111
64 4 8 15 0.000603 11111111
64 4 8 16 0.000748 22222111
64 4 8 17 0.000710 11111111
64 4 8 18 0.000780 22222221
64 4 8 19 0.000917 22222222
64 4 8 20 0.000786 11111111
64 4 8 21 0.000759 11111111
64 4 8 22 0.000750 11111111
64 4 8 23 0.000676 11111111
64 4 8 24 0.000717 11111111
64 4 8 25 0.000815 11111111
64 4 8 26 0.000790 11111111
64 4 8 27 0.000877 11111111
64 4 8 28 0.000630 11111111
64 4 8 29 0.000787 11111111
64 4 8 30 0.000706 11111111
64 4 8 31 0.000990 11111111
64 4 8 32 0.000588 11111111
64 4 8 33 0.000522 11111111
64 4 8 34 0.000764 11111111
64 4 8 35 0.000565 11111111
64 4 8 36 0.000821 11111111
64 4 8 37 0.000753 11111111
64 4 8 38 0.000842 11111111
64 4 8 39 0.000894 11111111
64 4 8 40 0.000737 22222222
64 4 8 41 0.000801 11111111
64 4 8 42 0.000720 11111111
64 4 8 43 0.000837 11111111
64 4 8 44 0.000804 11111111
64 4 8 45 0.000719 11111111
64 4 8 46 0.000628 11111111
64 4 8 47 0.000714 11111111
64 4 8 48 0.000686 11111111
64 4 8 49 0.000792 11111111
64 4 8 50 0.000710 11111111
64 4 8 51 0.000640 11111111
64 4 8 52 0.000830 11111111
64 4 8 53 0.000796 11111111
64 4 8 54 0.000758 11111111
64 4 8 55 0.000956 22222222
64 4 8 56 0.000651 11111111
64 4 8 57 0.000708 11111111
64 4 8 58 0.000679 11111111
64 4 8 59 0.000798 11111111
64 4 8 60 0.000727 11111111
64 4 8 61 0.000872 11111111
64 4 8 62 0.000842 11111111
64 4 8 63 0.000788 22222222
64 4 8 64 0.000687 11111111
64 4 8 65 0.000512 22222111
64 4 8 66 0.000708 11111111
64 4 8 67 0.000908 11111111
64 4 8 68 0.000935 11111111
64 4 8 69 0.000778 11111111
64 4 8 70 0.000499 21111111
64 4 8 71 0.000922 11111111
64 4 8 72 0.000768 11111111
64 4 8 73 0.000625 11111111
64 4 8 74 0.000765 11111111
64 4 8 75 0.000669 11111111
64 4 8 76 0.000924 11111111
64 4 8 77 0.000910 11111111
64 4 8 78 0.000964 22222222
64 4 8 79 0.000539 22111111
64 4 8 80 0.000649 11111111
64 4 8 81 0.000846 11111111
64 4 8 82 0.000948 22222222
64 4 8 83 0.000643 11111111
64 4 8 84 0.000718 11111111
64 4 8 85 0.000732 11111111
64 4 8 86 0.000801 22222222
64 4 8 87 0.000769 22111111
64 4 8 88 0.000426 11111111
64 4 8 89 0.000578 11111111
64 4 8 90 0.000805 11111111
64 4 8 91 0.000658 22222211
64 4 8 92 0.000945 11111111
64 4 8 93 0.000835 22222111
64 4 8 94 0.000746 11111111
64 4 8 95 0.000716 11111111
64 4 8 96 0.000790 11111111
64 4 8 97 0.000571 11111111
64 4 8 98 0.000755 11111111
64 4 8 99 0.000638 22222222
64 4 16 0 0.000532 2111
64 4 16 1 0.001042 1111
64 4 16 2 0.000836 1111
64 4 16 3 0.000462 1111
64 4 16 4 0.000822 1111
64 4 16 5 0.000899 1111
64 4 16 6 0.000673 1111
64 4 16 7 0.000561 1111
64 4 16 8 0.000635 1111
64 4 16 9 0.000706 1111
64 4 16 10 0.000655 1111
64 4 16 11 0.000601 1111
64 4 16 12 0.000776 1111
64 4 16 13 0.000684 1111
64 4 16 14 0.000612 1111
64 4 16 15 0.000592 1111
64 4 16 16 0.000710 2211
64 4 16 17 0.000690 1111
64 4 16 18 0.000759 2221
64 4 16 19 0.000896 2222
64 4 16 20 0.000794 1111
64 4 16 21 0.000752 1111
64 4 16 22 0.000818 1111
64 4 16 23 0.000588 1111
64 4 16 24 0.000733 1111
64 4 16 25 0.000743 1111
64 4 16 26 0.000820 1111
64 4 16 27 0.000848 1111
64 4 16 28 0.000643 1111
64 4 16 29 0.000804 1111
64 4 16 30 0.000679 1111
64 4 16 31 0.000984 1111
64 4 16 32 0.000549 1111
64 4 16 33 0.000573 1111
64 4 16 34 0.000666 1111
64 4 16 35 0.000605 1111
64 4 16 36 0.000768 1111
64 4 16 37 0.000803 1111
64 4 16 38 0.000765 1111
64 4 16 39 0.000968 1111
64 4 16 40 0.000668 2222
64 4 16 41 0.000753 1111
64 4 16 42 0.000715 1111
64 4 16 43 0.000775 1111
64 4 16 44 0.000867 1111
64 4 16 45 0.000636 1111
64 4 16 46 0.000708 1111
64 4 16 47 0.000629 1111
64 4 16 48 0.000762 1111
64 4 16 49 0.000705 1111
64 4 16 50 0.000771 1111
64 4 16 51 0.000556 1111
64 4 16 52 0.000910 1111
64 4 16 53 0.000716 1111
64 4 16 54 0.000815 1111
64 4 16 55 0.000973 2222
64 4 16 56 0.000626 1111
64 4 16 57 0.000751 1111
64 4 16 58 0.000651 1111
64 4 16 59 0.000834 1111
64 4 16 60 0.000627 1111
64 4 16 61 0.000951 1111
64 4 16 62 0.000746 1111
64 4 16 63 0.000815 2222
64 4 16 64 0.000653 1111
64 4 16 65 0.000563 2211
64 4 16 66 0.000648 1111
64 4 16 67 0.000943 1111
64 4 16 68 0.000985 1111
64 4 16 69 0.000706 1111
64 4 16 70 0.000512 1111
64 4 16 71 0.000822 1111
64 4 16 72 0.000832 1111
64 4 16 73 0.000539 1111
64 4 16 74 0.000818 1111
64 4 16 75 0.000609 1111
64 4 16 76 0.000937 1111
64 4 16 77 0.000878 1111
64 4 16 78 0.000906 2222
64 4 16 79 0.000567 2111
64 4 16 80 0.000554 1111
64 4 16 81 0.000890 1111
64 4 16 82 0.000845 2222
64 4 16 83 0.000671 1111
64 4 16 84 0.000627 1111
64 4 16 85 0.000743 1111
64 4 16 86 0.000769 2222
64 4 16 87 0.000750 2111
64 4 16 88 0.000428 1111
64 4 16 89 0.000572 1111
64 4 16 90 0.000720 1111
64 4 16 91 0.000668 2221
64 4 16 92 0.000920 1111
64 4 16 93 0.000865 2211
64 4 16 94 0.000739 1111
64 4 16 95 0.000702 1111
64 4 16 96 0.000820 1111
64 4 16 97 0.000521 1111
64 4 16 98 0.000789 1111
64 4 16 99 0.000564 2222
64 4 32 0 0.000549 11
64 4 32 1 0.000996 11
64 4 32 2 0.000916 11
64 4 32 3 0.000464 11
64 4 32 4 0.000847 11
64 4 32 5 0.000902 11
64 4 32 6 0.000649 11
64 4 32 7 0.000565 11
64 4 32 8 0.000704 11
64 4 32 9 0.000712 11
64 4 32 10 0.000686 11
64 4 32 11 0.000605 11
64 4 32 12 0.000824 11
64 4 32 13 0.000689 11
64 4 32 14 0.000649 11
64 4 32 15 0.000591 11
64 4 32 16 0.000741 21
64 4 32 17 0.000687 11
64 4 32 18 0.000778 21
64 4 32 19 0.000920 22
64 4 32 20 0.000754 11
64 4 32 21 0.000833 11
64 4 32 22 0.000726 11
64 4 32 23 0.000672 11
64 4 32 24 0.000672 11
64 4 32 25 0.000815 11
64 4 32 26 0.000776 11
64 4 32 27 0.000871 11
64 4 32 28 0.000650 11
64 4 32 29 0.000768 11
64 4 32 30 0.000728 11
64 4 32 31 0.001008 11
64 4 32 32 0.000639 11
64 4 32 33 0.000520 11
64 4 32 34 0.000707 11
64 4 32 35 0.000558 11
64 4 32 36 0.000823 11
64 4 32 37 0.000741 11
64 4 32 38 0.000806 11
64 4 32 39 0.000938 11
64 4 32 40 0.000717 22
64 4 32 41 0.000790 11
64 4 32 42 0.000719 11
64 4 32 43 0.000793 11
64 4 32 44 0.000803 11
64 4 32 45 0.000732 11
64 4 32 46 0.000642 11
64 4 32 47 0.000754 11
64 4 32 48 0.000699 11
64 4 32 49 0.000773 11
64 4 32 50 0.000704 11
64 4 32 51 0.000638 11
64 4 32 52 0.000822 11
64 4 32 53 0.000799 11
64 4 32 54 0.001017 11
64 4 32 55 0.001111 22
64 4 32 56 0.000683 11
64 4 32 57 0.000694 11
64 4 32 58 0.000644 11
64 4 32 59 0.000764 11
64 4 32 60 0.000703 11
64 4 32 61 0.000862 11
64 4 32 62 0.000774 11
64 4 32 63 0.000796 22
64 4 32 64 0.000619 11
64 4 32 65 0.000511 21
64 4 32 66 0.000644 11
64 4 32 67 0.000895 11
64 4 32 68 0.000937 11
64 4 32 69 0.000706 11
64 4 32 70 0.000489 11
64 4 32 71 0.000834 11
64 4 32 72 0.000775 11
64 4 32 73 0.000553 11
64 4 32 74 0.000758 11
64 4 32 75 0.000625 11
64 4 32 76 0.000878 11
64 4 32 77 0.000848 11
64 4 32 78 0.000860 22
64 4 32 79 0.000538 11
64 4 32 80 0.000554 11
64 4 32 81 0.000862 11
64 4 32 82 0.000868 22
64 4 32 83 0.000618 11
64 4 32 84 0.000665 11
64 4 32 85 0.000688 11
64 4 32 86 0.000795 22
64 4 32 87 0.000690 11
64 4 32 88 0.000438 11
64 4 32 89 0.000566 11
64 4 32 90 0.000754 11
64 4 32 91 0.000643 21
64 4 32 92 0.000915 11
64 4 32 93 0.000796 21
64 4 32 94 0.000783 11
64 4 32 95 0.000638 11
64 4 32 96 0.000819 11
64 4 32 97 0.000513 11
64 4 32 98 0.000760 11
64 4 32 99 0.000588 22
64 8 16 0 0.001655 2222
64 8 16 1 0.003054 1111
64 8 16 2 0.002434 1111
64 8 16 3 0.001166 1111
64 8 16 4 0.002227 1111
64 8 16 5 0.002569 1111
64 8 16 6 0.001770 1111
64 8 16 7 0.001526 1111
64 8 16 8 0.001622 1111
64 8 16 9 0.002036 1111
64 8 16 10 0.002068 1111
64 8 16 11 0.001828 1111
64 8 16 12 0.002215 1111
64 8 16 13 0.001790 1111
64 8 16 14 0.001830 1111
64 8 16 15 0.001685 1111
64 8 16 16 0.002159 2222
64 8 16 17 0.001970 1111
64 8 16 18 0.002057 2222
64 8 16 19 0.002897 2222
64 8 16 20 0.002131 1111
64 8 16 21 0.002214 1111
64 8 16 22 0.002153 1111
64 8 16 23 0.001656 1111
64 8 16 24 0.001930 1111
64 8 16 25 0.002339 1111
64 8 16 26 0.002452 1111
64 8 16 27 0.002339 1111
64 8 16 28 0.001659 1111
64 8 16 29 0.002147 1111
64 8 16 30 0.002032 1111
64 8 16 31 0.002941 1111
64 8 16 32 0.001604 1111
64 8 16 33 0.001397 1111
64 8 16 34 0.001757 1111
64 8 16 35 0.001381 1111
64 8 16 36 0.002244 1111
64 8 16 37 0.002277 1111
64 8 16 38 0.002363 1111
64 8 16 39 0.002939 1111
64 8 16 40 0.002006 2222
64 8 16 41 0.002528 1111
64 8 16 42 0.001926 1111
64 8 16 43 0.002172 1111
64 8 16 44 0.002468 1111
64 8 16 45 0.001927 1111
64 8 16 46 0.001818 1111
64 8 16 47 0.001849 1111
64 8 16 48 0.002078 1111
64 8 16 49 0.002018 1111
64 8 16 50 0.002148 1111
64 8 16 51 0.001663 1111
64 8 16 52 0.002163 1111
64 8 16 53 0.001945 1111
64 8 16 54 0.002394 1111
64 8 16 55 0.002654 2222
64 8 16 56 0.001838 1111
64 8 16 57 0.002180 1111
64 8 16 58 0.001745 1111
64 8 16 59 0.002355 1111
64 8 16 60 0.001962 1111
64 8 16 61 0.002638 1111
64 8 16 62 0.002233 1111
64 8 16 63 0.002387 2222
64 8 16 64 0.001847 1111
64 8 16 65 0.001362 2222
64 8 16 66 0.001822 1111
64 8 16 67 0.002832 1111
64 8 16 68 0.002643 1111
64 8 16 69 0.001820 1111
64 8 16 70 0.001308 2222
64 8 16 71 0.002512 1111
64 8 16 72 0.002189 1111
64 8 16 73 0.001657 1111
64 8 16 74 0.002029 1111
64 8 16 75 0.001770 1111
64 8 16 76 0.002914 1111
64 8 16 77 0.002630 1111
64 8 16 78 0.002654 2222
64 8 16 79 0.001374 2222
64 8 16 80 0.001590 1111
64 8 16 81 0.002551 1111
64 8 16 82 0.002572 2222
64 8 16 83 0.001870 1111
64 8 16 84 0.001803 1111
64 8 16 85 0.002062 1111
64 8 16 86 0.002280 2222
64 8 16 87 0.002342 2222
64 8 16 88 0.001241 1111
64 8 16 89 0.001623 1111
64 8 16 90 0.002016 1111
64 8 16 91 0.001879 2222
64 8 16 92 0.003075 1111
64 8 16 93 0.002054 2222
64 8 16 94 0.002247 1111
64 8 16 95 0.001871 1111
64 8 16 96 0.002488 1111
64 8 16 97 0.001452 1111
64 8 16 98 0.002515 1111
64 8 16 99 0.001799 2222
64 8 32 0 0.001648 22
64 8 32 1 0.003042 11
64 8 32 2 0.002443 11
64 8 32 3 0.001129 11
64 8 32 4 0.002372 11
64 8 32 5 0.002735 11
64 8 32 6 0.001850 11
64 8 32 7 0.001531 11
64 8 32 8 0.001542 11
64 8 32 9 0.002071 11
64 8 32 10 0.002059 11
64 8 32 11 0.001898 11
64 8 32 12 0.002250 11
64 8 32 13 0.001777 11
64 8 32 14 0.001903 11
64 8 32 15 0.001670 11
64 8 32 16 0.002189 22
64 8 32 17 0.001897 11
64 8 32 18 0.002171 22
64 8 32 19 0.003032 22
64 8 32 20 0.002172 11
64 8 32 21 0.002183 11
64 8 32 22 0.002099 11
64 8 32 23 0.001644 11
64 8 32 24 0.001942 11
64 8 32 25 0.002414 11
64 8 32 26 0.002406 11
64 8 32 27 0.002422 11
64 8 32 28 0.002200 11
64 8 32 29 0.002270 11
64 8 32 30 0.002121 11
64 8 32 31 0.003213 11
64 8 32 32 0.001609 11
64 8 32 33 0.001429 11
64 8 32 34 0.001863 11
64 8 32 35 0.001384 11
64 8 32 36 0.002267 11
64 8 32 37 0.002237 11
64 8 32 38 0.002598 11
64 8 32 39 0.003013 11
64 8 32 40 0.002045 22
64 8 32 41 0.002533 11
64 8 32 42 0.002082 11
64 8 32 43 0.002362 11
64 8 32 44 0.002461 11
64 8 32 45 0.001876 11
64 8 32 46 0.001854 11
64 8 32 47 0.001864 11
64 8 32 48 0.002064 11
64 8 32 49 0.001973 11
64 8 32 50 0.002142 11
64 8 32 51 0.001664 11
64 8 32 52 0.002177 11
64 8 32 53 0.001946 11
64 8 32 54 0.002324 11
64 8 32 55 0.002781 22
64 8 32 56 0.001883 11
64 8 32 57 0.002201 11
64 8 32 58 0.001818 11
64 8 32 59 0.002410 11
64 8 32 60 0.001833 11
64 8 32 61 0.002731 11
64 8 32 62 0.002331 11
64 8 32 63 0.002215 22
64 8 32 64 0.001810 11
64 8 32 65 0.001372 22
64 8 32 66 0.001796 11
64 8 32 67 0.002921 11
64 8 32 68 0.002491 11
64 8 32 69 0.001949 11
64 8 32 70 0.001338 22
64 8 32 71 0.002525 11
64 8 32 72 0.002279 11
64 8 32 73 0.001669 11
64 8 32 74 0.002026 11
64 8 32 75 0.001785 11
64 8 32 76 0.003033 11
64 8 32 77 0.002630 11
64 8 32 78 0.002539 22
64 8 32 79 0.001374 22
64 8 32 80 0.001615 11
64 8 32 81 0.002583 11
64 8 32 82 0.002433 22
64 8 32 83 0.001895 11
64 8 32 84 0.001842 11
64 8 32 85 0.002143 11
64 8 32 86 0.002387 22
64 8 32 87 0.002094 22
64 8 32 88 0.001246 11
64 8 32 89 0.001685 11
64 8 32 90 0.002030 11
64 8 32 91 0.001871 22
64 8 32 92 0.002960 11
64 8 32 93 0.002082 22
64 8 32 94 0.002252 11
64 8 32 95 0.001871 11
64 8 32 96 0.002613 11
64 8 32 97 0.001460 11
64 8 32 98 0.002606 11
64 8 32 99 0.001844 22
128 2 4 0 0.000547 11111111111111111111111111111111
128 2 4 1 0.000502 11111111111111111111111111111111
128 2 4 2 0.000571 11111111111111111111111111111111
128 2 4 3 0.000544 11111111111111111111111111111111
128 2 4 4 0.000602 22221111111111111111111111111111
128 2 4 5 0.000553 11111111111111111111111111111111
128 2 4 6 0.000624 11111111111111111111111111111111
128 2 4 7 0.000589 11111111111111111111111111111111
128 2 4 8 0.000625 22111111111111111111111111111111
128 2 4 9 0.000495 11111111111111111111111111111111
128 2 4 10 0.000630 11111111111111111111111111111111
128 2 4 11 0.000579 11111111111111111111111111111111
128 2 4 12 0.000555 11111111111111111111111111111111
128 2 4 13 0.000533 11111111111111111111111111111111
128 2 4 14 0.000632 11111111111111111111111111111111
128 2 4 15 0.000482 11111111111111111111111111111111
128 2 4 16 0.000598 11111111111111111111111111111111
128 2 4 17 0.000603 21111111111111111111111111111111
128 2 4 18 0.000604 11111111111111111111111111111111
128 2 4 19 0.000588 11111111111111111111111111111111
128 2 4 20 0.000615 11111111111111111111111111111111
128 2 4 21 0.000566 11111111111111111111111111111111
128 2 4 22 0.000631 11111111111111111111111111111111
128 2 4 23 0.000615 11111111111111111111111111111111
128 2 4 24 0.000540 11111111111111111111111111111111
128 2 4 25 0.000539 11111111111111111111111111111111
128 2 4 26 0.000661 11111111111111111111111111111111
128 2 4 27 0.000528 11111111111111111111111111111111
128 2 4 28 0.000620 11111111111111111111111111111111
128 2 4 29 0.000577 11111111111111111111111111111111
128 2 4 30 0.000521 21111111111111111111111111111111
128 2 4 31 0.000585 11111111111111111111111111111111
128 2 4 32 0.000542 11111111111111111111111111111111
128 2 4 33 0.000538 11111111111111111111111111111111
128 2 4 34 0.000591 11111111111111111111111111111111
128 2 4 35 0.000637 11111111111111111111111111111111
128 2 4 36 0.000557 11111111111111111111111111111111
128 2 4 37 0.000565 21111111111111111111111111111111
128 2 4 38 0.000605 21111111111111111111111111111111
128 2 4 39 0.000554 11111111111111111111111111111111
128 2 4 40 0.000542 22211111111111111111111111111111
128 2 4 41 0.000619 11111111111111111111111111111111
128 2 4 42 0.000606 11111111111111111111111111111111
128 2 4 43 0.000560 11111111111111111111111111111111
128 2 4 44 0.000476 11111111111111111111111111111111
128 2 4 45 0.000520 22222211111111111111111111111111
128 2 4 46 0.000580 11111111111111111111111111111111
128 2 4 47 0.000525 22211111111111111111111111111111
128 2 4 48 0.000581 21111111111111111111111111111111
128 2 4 49 0.000612 11111111111111111111111111111111
128 2 4 50 0.000622 11111111111111111111111111111111
128 2 4 51 0.000600 22221111111111111111111111111111
128 2 4 52 0.000606 22221111111111111111111111111111
128 2 4 53 0.000599 22111111111111111111111111111111
128 2 4 54 0.000599 11111111111111111111111111111111
128 2 4 55 0.000547 11111111111111111111111111111111
128 2 4 56 0.000592 11111111111111111111111111111111
128 2 4 57 0.000617 11111111111111111111111111111111
128 2 4 58 0.000614 11111111111111111111111111111111
128 2 4 59 0.000548 11111111111111111111111111111111
128 2 4 60 0.000568 11111111111111111111111111111111
128 2 4 61 0.000461 11111111111111111111111111111111
128 2 4 62 0.000620 22211111111111111111111111111111
128 2 4 63 0.000562 11111111111111111111111111111111
128 2 4 64 0.000564 11111111111111111111111111111111
128 2 4 65 0.000485 21111111111111111111111111111111
128 2 4 66 0.000567 21111111111111111111111111111111
128 2 4 67 0.000485 21111111111111111111111111111111
128 2 4 68 0.000591 11111111111111111111111111111111
128 2 4 69 0.000563 11111111111111111111111111111111
128 2 4 70 0.000559 11111111111111111111111111111111
128 2 4 71 0.000673 11111111111111111111111111111111
128 2 4 72 0.000590 11111111111111111111111111111111
128 2 4 73 0.000561 22111111111111111111111111111111
128 2 4 74 0.000559 11111111111111111111111111111111
128 2 4 75 0.000481 11111111111111111111111111111111
128 2 4 76 0.000573 11111111111111111111111111111111
128 2 4 77 0.000572 11111111111111111111111111111111
128 2 4 78 0.000507 11111111111111111111111111111111
128 2 4 79 0.000552 11111111111111111111111111111111
128 2 4 80 0.000540 21111111111111111111111111111111
128 2 4 81 0.000604 11111111111111111111111111111111
128 2 4 82 0.000647 11111111111111111111111111111111
128 2 4 83 0.000624 11111111111111111111111111111111
128 2 4 84 0.000577 11111111111111111111111111111111
128 2 4 85 0.000600 11111111111111111111111111111111
128 2 4 86 0.000501 11111111111111111111111111111111
128 2 4 87 0.000466 11111111111111111111111111111111
128 2 4 88 0.000637 11111111111111111111111111111111
128 2 4 89 0.000590 11111111111111111111111111111111
128 2 4 90 0.000559 21111111111111111111111111111111
128 2 4 91 0.000552 22222211111111111111111111111111
128 2 4 92 0.000560 11111111111111111111111111111111
128 2 4 93 0.000541 11111111111111111111111111111111
128 2 4 94 0.000480 11111111111111111111111111111111
128 2 4 95 0.000540 11111111111111111111111111111111
128 2 4 96 0.000625 11111111111111111111111111111111
128 2 4 97 0.000445 21111111111111111111111111111111
128 2 4 98 0.000626 11111111111111111111111111111111
128 2 4 99 0.000560 22111111111111111111111111111111
128 2 8 0 0.000546 1111111111111111
128 2 8 1 0.000492 1111111111111111
128 2 8 2 0.000587 1111111111111111
128 2 8 3 0.000550 1111111111111111
128 2 8 4 0.000593 2211111111111111
128 2 8 5 0.000546 1111111111111111
128 2 8 6 0.000622 1111111111111111
128 2 8 7 0.000585 1111111111111111
128 2 8 8 0.000620 1111111111111111
128 2 8 9 0.000503 1111111111111111
128 2 8 10 0.000640 1111111111111111
128 2 8 11 0.000578 1111111111111111
128 2 8 12 0.000560 1111111111111111
128 2 8 13 0.000523 1111111111111111
128 2 8 14 0.000634 1111111111111111
128 2 8 15 0.000479 1111111111111111
128 2 8 16 0.000588 1111111111111111
128 2 8 17 0.000593 1111111111111111
128 2 8 18 0.000621 1111111111111111
128 2 8 19 0.000561 1111111111111111
128 2 8 20 0.000588 1111111111111111
128 2 8 21 0.000563 1111111111111111
128 2 8 22 0.000617 1111111111111111
128 2 8 23 0.000627 1111111111111111
128 2 8 24 0.000545 1111111111111111
128 2 8 25 0.000549 1111111111111111
128 2 8 26 0.000601 1111111111111111
128 2 8 27 0.000518 1111111111111111
128 2 8 28 0.000613 1111111111111111
128 2 8 29 0.000584 1111111111111111
128 2 8 30 0.000514 1111111111111111
128 2 8 31 0.000587 1111111111111111
128 2 8 32 0.000571 1111111111111111
128 2 8 33 0.000537 1111111111111111
128 2 8 34 0.000557 1111111111111111
128 2 8 35 0.000637 1111111111111111
128 2 8 36 0.000565 1111111111111111
128 2 8 37 0.000580 1111111111111111
128 2 8 38 0.000595 1111111111111111
128 2 8 39 0.000540 1111111111111111
128 2 8 40 0.000540 2111111111111111
128 2 8 41 0.000641 1111111111111111
128 2 8 42 0.000600 1111111111111111
128 2 8 43 0.000553 1111111111111111
128 2 8 44 0.000483 1111111111111111
128 2 8 45 0.000512 2221111111111111
128 2 8 46 0.000598 1111111111111111
128 2 8 47 0.000519 2111111111111111
128 2 8 48 0.000580 1111111111111111
128 2 8 49 0.000614 1111111111111111
128 2 8 50 0.000614 1111111111111111
128 2 8 51 0.000603 2211111111111111
128 2 8 52 0.000607 2211111111111111
128 2 8 53 0.000595 2111111111111111
128 2 8 54 0.000595 1111111111111111
128 2 8 55 0.000547 1111111111111111
128 2 8 56 0.000594 1111111111111111
128 2 8 57 0.000578 1111111111111111
128 2 8 58 0.000619 1111111111111111
128 2 8 59 0.000548 1111111111111111
128 2 8 60 0.000562 1111111111111111
128 2 8 61 0.000459 1111111111111111
128 2 8 62 0.000614 2111111111111111
128 2 8 63 0.000554 1111111111111111
128 2 8 64 0.000567 1111111111111111
128 2 8 65 0.000489 1111111111111111
128 2 8 66 0.000562 1111111111111111
128 2 8 67 0.000488 1111111111111111
128 2 8 68 0.000595 1111111111111111
128 2 8 69 0.000548 1111111111111111
128 2 8 70 0.000554 1111111111111111
128 2 8 71 0.000673 1111111111111111
128 2 8 72 0.000583 1111111111111111
128 2 8 73 0.000554 1111111111111111
128 2 8 74 0.000581 1111111111111111
128 2 8 75 0.000468 1111111111111111
128 2 8 76 0.000564 1111111111111111
128 2 8 77 0.000570 1111111111111111
128 2 8 78 0.000506 1111111111111111
128 2 8 79 0.000559 1111111111111111
128 2 8 80 0.000541 1111111111111111
128 2 8 81 0.000592 1111111111111111
128 2 8 82 0.000664 1111111111111111
128 2 8 83 0.000601 1111111111111111
128 2 8 84 0.000562 1111111111111111
128 2 8 85 0.000590 1111111111111111
128 2 8 86 0.000484 1111111111111111
128 2 8 87 0.000466 1111111111111111
128 2 8 88 0.000615 1111111111111111
128 2 8 89 0.000577 1111111111111111
128 2 8 90 0.000562 1111111111111111
128 2 8 91 0.000550 2221111111111111
128 2 8 92 0.000562 1111111111111111
128 2 8 93 0.000543 1111111111111111
128 2 8 94 0.000476 1111111111111111
128 2 8 95 0.000534 1111111111111111
128 2 8 96 0.000592 1111111111111111
128 2 8 97 0.000444 1111111111111111
128 2 8 98 0.000676 1111111111111111
128 2 8 99 0.000560 2111111111111111
128 2 16 0 0.000543 11111111
128 2 16 1 0.000469 11111111
128 2 16 2 0.000590 11111111
128 2 16 3 0.000534 11111111
128 2 16 4 0.000573 21111111
128 2 16 5 0.000548 11111111
128 2 16 6 0.000610 11111111
128 2 16 7 0.000548 11111111
128 2 16 8 0.000596 11111111
128 2 16 9 0.000483 11111111
128 2 16 10 0.000620 11111111
128 2 16 11 0.000563 11111111
128 2 16 12 0.000549 11111111
128 2 16 13 0.000511 11111111
128 2 16 14 0.000614 11111111
128 2 16 15 0.000455 11111111
128 2 16 16 0.000566 11111111
128 2 16 17 0.000592 11111111
128 2 16 18 0.000595 11111111
128 2 16 19 0.000542 11111111
128 2 16 20 0.000573 11111111
128 2 16 21 0.000550 11111111
128 2 16 22 0.000610 11111111
128 2 16 23 0.000587 11111111
128 2 16 24 0.000560 11111111
128 2 16 25 0.000506 11111111
128 2 16 26 0.000586 11111111
128 2 16 27 0.000496 11111111
128 2 16 28 0.000594 11111111
128 2 16 29 0.000571 11111111
128 2 16 30 0.000498 11111111
128 2 16 31 0.000566 11111111
128 2 16 32 0.000534 11111111
128 2 16 33 0.000517 11111111
128 2 16 34 0.000557 11111111
128 2 16 35 0.000608 11111111
128 2 16 36 0.000549 11111111
128 2 16 37 0.000555 11111111
128 2 16 38 0.000579 11111111
128 2 16 39 0.000515 11111111
128 2 16 40 0.000521 11111111
128 2 16 41 0.000626 11111111
128 2 16 42 0.000580 11111111
128 2 16 43 0.000551 11111111
128 2 16 44 0.000465 11111111
128 2 16 45 0.000493 21111111
128 2 16 46 0.000559 11111111
128 2 16 47 0.000512 11111111
128 2 16 48 0.000576 11111111
128 2 16 49 0.000608 11111111
128 2 16 50 0.000607 11111111
128 2 16 51 0.000587 21111111
128 2 16 52 0.000586 21111111
128 2 16 53 0.000593 11111111
128 2 16 54 0.000589 11111111
128 2 16 55 0.000541 11111111
128 2 16 56 0.000581 11111111
128 2 16 57 0.000556 11111111
128 2 16 58 0.000593 11111111
128 2 16 59 0.000530 11111111
128 2 16 60 0.000554 11111111
128 2 16 61 0.000450 11111111
128 2 16 62 0.000601 11111111
128 2 16 63 0.000545 11111111
128 2 16 64 0.000554 11111111
128 2 16 65 0.000476 11111111
128 2 16 66 0.000548 11111111
128 2 16 67 0.000488 11111111
128 2 16 68 0.000586 11111111
128 2 16 69 0.000543 11111111
128 2 16 70 0.000540 11111111
128 2 16 71 0.000652 11111111
128 2 16 72 0.000568 11111111
128 2 16 73 0.000545 11111111
128 2 16 74 0.000540 11111111
128 2 16 75 0.000450 11111111
128 2 16 76 0.000554 11111111
128 2 16 77 0.000579 11111111
128 2 16 78 0.000505 11111111
128 2 16 79 0.000556 11111111
128 2 16 80 0.000523 11111111
128 2 16 81 0.000560 11111111
128 2 16 82 0.000635 11111111
128 2 16 83 0.000590 11111111
128 2 16 84 0.000561 11111111
128 2 16 85 0.000581 11111111
128 2 16 86 0.000475 11111111
128 2 16 87 0.000451 11111111
128 2 16 88 0.000599 11111111
128 2 16 89 0.000577 11111111
128 2 16 90 0.000523 11111111
128 2 16 91 0.000521 21111111
128 2 16 92 0.000545 11111111
128 2 16 93 0.000515 11111111
128 2 16 94 0.000459 11111111
128 2 16 95 0.000516 11111111
128 2 16 96 0.000595 11111111
128 2 16 97 0.000429 11111111
128 2 16 98 0.000602 11111111
128 2 16 99 0.000566 11111111
128 2 32 0 0.000548 1111
128 2 32 1 0.000481 1111
128 2 32 2 0.000582 1111
128 2 32 3 0.000536 1111
128 2 32 4 0.000588 1111
128 2 32 5 0.000533 1111
128 2 32 6 0.000634 1111
128 2 32 7 0.000565 1111
128 2 32 8 0.000613 1111
128 2 32 9 0.000490 1111
128 2 32 10 0.000637 1111
128 2 32 11 0.000584 1111
128 2 32 12 0.000553 1111
128 2 32 13 0.000530 1111
128 2 32 14 0.000627 1111
128 2 32 15 0.000462 1111
128 2 32 16 0.000583 1111
128 2 32 17 0.000595 1111
128 2 32 18 0.000608 1111
128 2 32 19 0.000554 1111
128 2 32 20 0.000586 1111
128 2 32 21 0.000553 1111
128 2 32 22 0.000613 1111
128 2 32 23 0.000605 1111
128 2 32 24 0.000534 1111
128 2 32 25 0.000519 1111
128 2 32 26 0.000596 1111
128 2 32 27 0.000525 1111
128 2 32 28 0.000598 1111
128 2 32 29 0.000587 1111
128 2 32 30 0.000511 1111
128 2 32 31 0.000577 1111
128 2 32 32 0.000544 1111
128 2 32 33 0.000524 1111
128 2 32 34 0.000585 1111
128 2 32 35 0.000617 1111
128 2 32 36 0.000558 1111
128 2 32 37 0.000571 1111
128 2 32 38 0.000595 1111
128 2 32 39 0.000526 1111
128 2 32 40 0.000527 1111
128 2 32 41 0.000617 1111
128 2 32 42 0.000604 1111
128 2 32 43 0.000543 1111
128 2 32 44 0.000475 1111
128 2 32 45 0.000497 1111
128 2 32 46 0.000580 1111
128 2 32 47 0.000518 1111
128 2 32 48 0.000574 1111
128 2 32 49 0.000625 1111
128 2 32 50 0.000609 1111
128 2 32 51 0.000602 1111
128 2 32 52 0.000593 1111
128 2 32 53 0.000589 1111
128 2 32 54 0.000599 1111
128 2 32 55 0.000537 1111
128 2 32 56 0.000589 1111
128 2 32 57 0.000569 1111
128 2 32 58 0.000625 1111
128 2 32 59 0.000543 1111
128 2 32 60 0.000549 1111
128 2 32 61 0.000447 1111
128 2 32 62 0.000605 1111
128 2 32 63 0.000578 1111
128 2 32 64 0.000562 1111
128 2 32 65 0.000482 1111
128 2 32 66 0.000555 1111
128 2 32 67 0.000479 1111
128 2 32 68 0.000593 1111
128 2 32 69 0.000550 1111
128 2 32 70 0.000549 1111
128 2 32 71 0.000668 1111
128 2 32 72 0.000580 1111
128 2 32 73 0.000555 1111
128 2 32 74 0.000552 1111
128 2 32 75 0.000462 1111
128 2 32 76 0.000566 1111
128 2 32 77 0.000557 1111
128 2 32 78 0.000502 1111
128 2 32 79 0.000540 1111
128 2 32 80 0.000549 1111
128 2 32 81 0.000576 1111
128 2 32 82 0.000653 1111
128 2 32 83 0.000605 1111
128 2 32 84 0.000578 1111
128 2 32 85 0.000591 1111
128 2 32 86 0.000486 1111
128 2 32 87 0.000470 1111
128 2 32 88 0.000607 1111
128 2 32 89 0.000575 1111
128 2 32 90 0.000540 1111
128 2 32 91 0.000536 1111
128 2 32 92 0.000559 1111
128 2 32 93 0.000530 1111
128 2 32 94 0.000464 1111
128 2 32 95 0.000533 1111
128 2 32 96 0.000588 1111
128 2 32 97 0.000425 1111
128 2 32 98 0.000614 1111
128 2 32 99 0.000594 1111
128 4 8 0 0.001397 1111111111111111
128 4 8 1 0.001175 1111111111111111
128 4 8 2 0.001548 1111111111111111
128 4 8 3 0.001436 1111111111111111
128 4 8 4 0.001549 2222222222222111
128 4 8 5 0.001392 1111111111111111
128 4 8 6 0.001696 1111111111111111
128 4 8 7 0.001598 1111111111111111
128 4 8 8 0.001663 2222222222222222
128 4 8 9 0.001264 1111111111111111
128 4 8 10 0.001762 1111111111111111
128 4 8 11 0.001547 1111111111111111
128 4 8 12 0.001478 1111111111111111
128 4 8 13 0.001424 1111111111111111
128 4 8 14 0.001749 1111111111111111
128 4 8 15 0.001136 1111111111111111
128 4 8 16 0.001525 1111111111111111
128 4 8 17 0.001603 2222222222222222
128 4 8 18 0.001629 1111111111111111
128 4 8 19 0.001536 1111111111111111
128 4 8 20 0.001645 1111111111111111
128 4 8 21 0.001501 1111111111111111
128 4 8 22 0.001614 1111111111111111
128 4 8 23 0.001560 1111111111111111
128 4 8 24 0.001393 1111111111111111
128 4 8 25 0.001331 1111111111111111
128 4 8 26 0.001635 1111111111111111
128 4 8 27 0.001368 1111111111111111
128 4 8 28 0.001651 1111111111111111
128 4 8 29 0.001581 1111111111111111
128 4 8 30 0.001361 2222222222222222
128 4 8 31 0.001634 1111111111111111
128 4 8 32 0.001447 1111111111111111
128 4 8 33 0.001407 1111111111111111
128 4 8 34 0.001490 1111111111111111
128 4 8 35 0.001779 1111111111111111
128 4 8 36 0.001457 1111111111111111
128 4 8 37 0.001528 2222222222222222
128 4 8 38 0.001596 2222222211111111
128 4 8 39 0.001420 1111111111111111
128 4 8 40 0.001432 2211111111111111
128 4 8 41 0.001700 1111111111111111
128 4 8 42 0.001626 1111111111111111
128 4 8 43 0.001458 1111111111111111
128 4 8 44 0.001238 1111111111111111
128 4 8 45 0.001302 2222222111111111
128 4 8 46 0.001523 1111111111111111
128 4 8 47 0.001265 2222222221111111
128 4 8 48 0.001484 2222221111111111
128 4 8 49 0.001677 1111111111111111
128 4 8 50 0.001697 1111111111111111
128 4 8 51 0.001544 2222222222222222
128 4 8 52 0.001625 2222222222222222
128 4 8 53 0.001480 2111111111111111
128 4 8 54 0.001598 1111111111111111
128 4 8 55 0.001344 1111111111111111
128 4 8 56 0.001562 1111111111111111
128 4 8 57 0.001518 1111111111111111
128 4 8 58 0.001710 1111111111111111
128 4 8 59 0.001348 1111111111111111
128 4 8 60 0.001479 1111111111111111
128 4 8 61 0.001132 1111111111111111
128 4 8 62 0.001637 2222222222222222
128 4 8 63 0.001464 1111111111111111
128 4 8 64 0.001512 1111111111111111
128 4 8 65 0.001264 2222111111111111
128 4 8 66 0.001457 2222222221111111
128 4 8 67 0.001218 2221111111111111
128 4 8 68 0.001661 1111111111111111
128 4 8 69 0.001473 1111111111111111
128 4 8 70 0.001491 1111111111111111
128 4 8 71 0.001832 1111111111111111
128 4 8 72 0.001566 1111111111111111
128 4 8 73 0.001467 2222222222222111
128 4 8 74 0.001473 1111111111111111
128 4 8 75 0.001239 1111111111111111
128 4 8 76 0.001491 1111111111111111
128 4 8 77 0.001531 1111111111111111
128 4 8 78 0.001189 1111111111111111
128 4 8 79 0.001451 1111111111111111
128 4 8 80 0.001463 2222222222221111
128 4 8 81 0.001633 1111111111111111
128 4 8 82 0.001874 1111111111111111
128 4 8 83 0.001617 1111111111111111
128 4 8 84 0.001542 1111111111111111
128 4 8 85 0.001569 1111111111111111
128 4 8 86 0.001280 1111111111111111
128 4 8 87 0.001157 1111111111111111
128 4 8 88 0.001637 1111111111111111
128 4 8 89 0.001626 1111111111111111
128 4 8 90 0.001409 2222222222222222
128 4 8 91 0.001425 2222222222221111
128 4 8 92 0.001388 1111111111111111
128 4 8 93 0.001463 1111111111111111
128 4 8 94 0.001827 1111111111111111
128 4 8 95 0.001444 1111111111111111
128 4 8 96 0.001571 1111111111111111
128 4 8 97 0.001117 2222222222211111
128 4 8 98 0.001728 1111111111111111
128 4 8 99 0.001469 2222222222222222
128 4 16 0 0.001379 11111111
128 4 16 1 0.001162 11111111
128 4 16 2 0.001558 11111111
128 4 16 3 0.001432 11111111
128 4 16 4 0.001514 22222211
128 4 16 5 0.001411 11111111
128 4 16 6 0.001687 11111111
128 4 16 7 0.001542 11111111
128 4 16 8 0.001634 22222222
128 4 16 9 0.001258 11111111
128 4 16 10 0.001696 11111111
128 4 16 11 0.001514 11111111
128 4 16 12 0.001434 11111111
128 4 16 13 0.001370 11111111
128 4 16 14 0.001691 11111111
128 4 16 15 0.001154 11111111
128 4 16 16 0.001529 11111111
128 4 16 17 0.001580 22222222
128 4 16 18 0.001547 11111111
128 4 16 19 0.001508 11111111
128 4 16 20 0.001581 11111111
128 4 16 21 0.001500 11111111
128 4 16 22 0.001643 11111111
128 4 16 23 0.001520 11111111
128 4 16 24 0.001384 11111111
128 4 16 25 0.001319 11111111
128 4 16 26 0.001598 11111111
128 4 16 27 0.001353 11111111
128 4 16 28 0.001637 11111111
128 4 16 29 0.001556 11111111
128 4 16 30 0.001386 22222222
128 4 16 31 0.001635 11111111
128 4 16 32 0.001433 11111111
128 4 16 33 0.001378 11111111
128 4 16 34 0.001490 11111111
128 4 16 35 0.001700 11111111
128 4 16 36 0.001423 11111111
128 4 16 37 0.001494 22222222
128 4 16 38 0.001584 22221111
128 4 16 39 0.001398 11111111
128 4 16 40 0.001430 21111111
128 4 16 41 0.001620 11111111
128 4 16 42 0.001620 11111111
128 4 16 43 0.001403 11111111
128 4 16 44 0.001200 11111111
128 4 16 45 0.001266 22211111
128 4 16 46 0.001553 11111111
128 4 16 47 0.001239 22221111
128 4 16 48 0.001498 22211111
128 4 16 49 0.001669 11111111
128 4 16 50 0.001735 11111111
128 4 16 51 0.001522 22222222
128 4 16 52 0.001569 22222222
128 4 16 53 0.001449 11111111
128 4 16 54 0.001596 11111111
128 4 16 55 0.001328 11111111
128 4 16 56 0.001553 11111111
128 4 16 57 0.001485 11111111
128 4 16 58 0.001696 11111111
128 4 16 59 0.001409 11111111
128 4 16 60 0.001452 11111111
128 4 16 61 0.001165 11111111
128 4 16 62 0.001641 22222222
128 4 16 63 0.001429 11111111
128 4 16 64 0.001468 11111111
128 4 16 65 0.001268 22111111
128 4 16 66 0.001431 22221111
128 4 16 67 0.001187 21111111
128 4 16 68 0.001701 11111111
128 4 16 69 0.001473 11111111
128 4 16 70 0.001469 11111111
128 4 16 71 0.001816 11111111
128 4 16 72 0.001553 11111111
128 4 16 73 0.001451 22222211
128 4 16 74 0.001443 11111111
128 4 16 75 0.001222 11111111
128 4 16 76 0.001502 11111111
128 4 16 77 0.001514 11111111
128 4 16 78 0.001197 11111111
128 4 16 79 0.001441 11111111
128 4 16 80 0.001450 22222211
128 4 16 81 0.001625 11111111
128 4 16 82 0.001767 11111111
128 4 16 83 0.001647 11111111
128 4 16 84 0.001478 11111111
128 4 16 85 0.001536 11111111
128 4 16 86 0.001300 11111111
128 4 16 87 0.001176 11111111
128 4 16 88 0.001633 11111111
128 4 16 89 0.001564 11111111
128 4 16 90 0.001421 22222222
128 4 16 91 0.001402 22222211
128 4 16 92 0.001351 11111111
128 4 16 93 0.001456 11111111
128 4 16 94 0.001246 11111111
128 4 16 95 0.001425 11111111
128 4 16 96 0.001560 11111111
128 4 16 97 0.001072 22222111
128 4 16 98 0.001720 11111111
128 4 16 99 0.001514 22222222
128 4 32 0 0.001412 1111
128 4 32 1 0.001177 1111
128 4 32 2 0.001658 1111
128 4 32 3 0.001452 1111
128 4 32 4 0.001594 2221
128 4 32 5 0.001423 1111
128 4 32 6 0.001709 1111
128 4 32 7 0.001575 1111
128 4 32 8 0.001695 2222
128 4 32 9 0.001263 1111
128 4 32 10 0.001758 1111
128 4 32 11 0.001641 1111
128 4 32 12 0.001446 1111
128 4 32 13 0.001417 1111
128 4 32 14 0.001708 1111
128 4 32 15 0.001115 1111
128 4 32 16 0.001654 1111
128 4 32 17 0.001602 2222
128 4 32 18 0.001658 1111
128 4 32 19 0.001548 1111
128 4 32 20 0.001655 1111
128 4 32 21 0.001489 1111
128 4 32 22 0.001688 1111
128 4 32 23 0.001555 1111
128 4 32 24 0.001400 1111
128 4 32 25 0.001342 1111
128 4 32 26 0.001601 1111
128 4 32 27 0.001351 1111
128 4 32 28 0.001711 1111
128 4 32 29 0.001566 1111
128 4 32 30 0.001383 2222
128 4 32 31 0.001816 1111
128 4 32 32 0.001477 1111
128 4 32 33 0.001446 1111
128 4 32 34 0.001526 1111
128 4 32 35 0.001710 1111
128 4 32 36 0.001437 1111
128 4 32 37 0.001573 2222
128 4 32 38 0.001626 2211
128 4 32 39 0.001449 1111
128 4 32 40 0.001490 1111
128 4 32 41 0.001750 1111
128 4 32 42 0.001634 1111
128 4 32 43 0.001444 1111
128 4 32 44 0.001237 1111
128 4 32 45 0.001487 2111
128 4 32 46 0.001576 1111
128 4 32 47 0.001263 2211
128 4 32 48 0.001525 2111
128 4 32 49 0.001784 1111
128 4 32 50 0.001693 1111
128 4 32 51 0.001580 2222
128 4 32 52 0.001567 2222
128 4 32 53 0.001511 1111
128 4 32 54 0.001674 1111
128 4 32 55 0.001357 1111
128 4 32 56 0.001625 1111
128 4 32 57 0.001538 1111
128 4 32 58 0.001754 1111
128 4 32 59 0.001359 1111
128 4 32 60 0.001457 1111
128 4 32 61 0.001127 1111
128 4 32 62 0.001627 2222
128 4 32 63 0.001500 1111
128 4 32 64 0.001452 1111
128 4 32 65 0.001285 2111
128 4 32 66 0.001471 2211
128 4 32 67 0.001260 1111
128 4 32 68 0.001687 1111
128 4 32 69 0.001452 1111
128 4 32 70 0.001494 1111
128 4 32 71 0.001845 1111
128 4 32 72 0.001644 1111
128 4 32 73 0.001536 2221
128 4 32 74 0.001483 1111
128 4 32 75 0.001206 1111
128 4 32 76 0.001478 1111
128 4 32 77 0.001473 1111
128 4 32 78 0.001204 1111
128 4 32 79 0.001456 1111
128 4 32 80 0.001485 2221
128 4 32 81 0.001637 1111
128 4 32 82 0.001830 1111
128 4 32 83 0.001610 1111
128 4 32 84 0.001529 1111
128 4 32 85 0.001603 1111
128 4 32 86 0.001272 1111
128 4 32 87 0.001172 1111
128 4 32 88 0.001718 1111
128 4 32 89 0.001655 1111
128 4 32 90 0.001436 2222
128 4 32 91 0.001484 2221
128 4 32 92 0.001386 1111
128 4 32 93 0.001460 1111
128 4 32 94 0.001218 1111
128 4 32 95 0.001449 1111
128 4 32 96 0.001663 1111
128 4 32 97 0.001080 2211
128 4 32 98 0.001748 1111
128 4 32 99 0.001481 2222
128 8 16 0 0.004576 11111111
128 8 16 1 0.003618 11111111
128 8 16 2 0.004479 11111111
128 8 16 3 0.004393 11111111
128 8 16 4 0.004791 22222222
128 8 16 5 0.004172 11111111
128 8 16 6 0.005585 11111111
128 8 16 7 0.005058 11111111
128 8 16 8 0.005264 22222222
128 8 16 9 0.003773 11111111
128 8 16 10 0.006052 11111111
128 8 16 11 0.004928 11111111
128 8 16 12 0.004735 11111111
128 8 16 13 0.004451 11111111
128 8 16 14 0.005155 11111111
128 8 16 15 0.003736 11111111
128 8 16 16 0.004676 11111111
128 8 16 17 0.005059 22222222
128 8 16 18 0.005377 11111111
128 8 16 19 0.004878 11111111
128 8 16 20 0.005012 11111111
128 8 16 21 0.004387 11111111
128 8 16 22 0.005155 11111111
128 8 16 23 0.005039 11111111
128 8 16 24 0.004074 11111111
128 8 16 25 0.004072 11111111
128 8 16 26 0.005438 11111111
128 8 16 27 0.004060 11111111
128 8 16 28 0.005077 11111111
128 8 16 29 0.004749 11111111
128 8 16 30 0.004014 22222222
128 8 16 31 0.004973 11111111
128 8 16 32 0.004526 11111111
128 8 16 33 0.004364 11111111
128 8 16 34 0.005057 11111111
128 8 16 35 0.005350 11111111
128 8 16 36 0.004870 11111111
128 8 16 37 0.004526 22222222
128 8 16 38 0.005184 22222222
128 8 16 39 0.004630 11111111
128 8 16 40 0.004261 22222222
128 8 16 41 0.005575 11111111
128 8 16 42 0.005300 11111111
128 8 16 43 0.004803 11111111
128 8 16 44 0.003528 11111111
128 8 16 45 0.003839 22222222
128 8 16 46 0.004899 11111111
128 8 16 47 0.003792 22222222
128 8 16 48 0.004532 22222222
128 8 16 49 0.005545 11111111
128 8 16 50 0.005438 11111111
128 8 16 51 0.005060 22222222
128 8 16 52 0.004840 22222222
128 8 16 53 0.004820 22222222
128 8 16 54 0.005163 11111111
128 8 16 55 0.004186 11111111
128 8 16 56 0.004948 11111111
128 8 16 57 0.004695 11111111
128 8 16 58 0.005625 11111111
128 8 16 59 0.004067 11111111
128 8 16 60 0.004281 11111111
128 8 16 61 0.003269 11111111
128 8 16 62 0.004799 22222222
128 8 16 63 0.004389 11111111
128 8 16 64 0.004124 11111111
128 8 16 65 0.003721 22222222
128 8 16 66 0.004709 22222222
128 8 16 67 0.003776 22222222
128 8 16 68 0.005061 11111111
128 8 16 69 0.004654 11111111
128 8 16 70 0.004607 11111111
128 8 16 71 0.005813 11111111
128 8 16 72 0.005071 11111111
128 8 16 73 0.004890 22222222
128 8 16 74 0.004759 11111111
128 8 16 75 0.003474 11111111
128 8 16 76 0.004636 11111111
128 8 16 77 0.004696 11111111
128 8 16 78 0.003984 11111111
128 8 16 79 0.004378 11111111
128 8 16 80 0.004742 22222222
128 8 16 81 0.005171 11111111
128 8 16 82 0.005936 11111111
128 8 16 83 0.005266 11111111
128 8 16 84 0.004789 11111111
128 8 16 85 0.005024 11111111
128 8 16 86 0.003715 11111111
128 8 16 87 0.003642 11111111
128 8 16 88 0.005186 11111111
128 8 16 89 0.005094 11111111
128 8 16 90 0.004540 22222222
128 8 16 91 0.004666 22222222
128 8 16 92 0.004403 11111111
128 8 16 93 0.004698 11111111
128 8 16 94 0.003424 11111111
128 8 16 95 0.004662 11111111
128 8 16 96 0.005246 11111111
128 8 16 97 0.003479 22222222
128 8 16 98 0.005849 11111111
128 8 16 99 0.004909 22222222
128 8 32 0 0.004699 1111
128 8 32 1 0.003661 1111
128 8 32 2 0.004931 1111
128 8 32 3 0.004708 1111
128 8 32 4 0.005354 2222
128 8 32 5 0.004471 1111
128 8 32 6 0.005918 1111
128 8 32 7 0.005188 1111
128 8 32 8 0.005491 2222
128 8 32 9 0.003923 1111
128 8 32 10 0.006030 1111
128 8 32 11 0.005299 1111
128 8 32 12 0.004802 1111
128 8 32 13 0.004764 1111
128 8 32 14 0.005547 1111
128 8 32 15 0.003784 1111
128 8 32 16 0.005079 1111
128 8 32 17 0.005465 2222
128 8 32 18 0.005472 1111
128 8 32 19 0.004959 1111
128 8 32 20 0.005408 1111
128 8 32 21 0.004606 1111
128 8 32 22 0.005094 1111
128 8 32 23 0.005549 1111
128 8 32 24 0.004378 1111
128 8 32 25 0.004418 1111
128 8 32 26 0.005638 1111
128 8 32 27 0.004382 1111
128 8 32 28 0.005455 1111
128 8 32 29 0.004938 1111
128 8 32 30 0.004081 2222
128 8 32 31 0.005299 1111
128 8 32 32 0.004526 1111
128 8 32 33 0.004651 1111
128 8 32 34 0.005309 1111
128 8 32 35 0.005966 1111
128 8 32 36 0.004976 1111
128 8 32 37 0.004516 2222
128 8 32 38 0.005432 2222
128 8 32 39 0.004675 1111
128 8 32 40 0.004356 2222
128 8 32 41 0.005782 1111
128 8 32 42 0.005344 1111
128 8 32 43 0.004986 1111
128 8 32 44 0.003696 1111
128 8 32 45 0.004169 2222
128 8 32 46 0.005132 1111
128 8 32 47 0.004351 2222
128 8 32 48 0.004921 2222
128 8 32 49 0.005699 1111
128 8 32 50 0.005771 1111
128 8 32 51 0.005288 2222
128 8 32 52 0.005033 2222
128 8 32 53 0.004809 2222
128 8 32 54 0.005477 1111
128 8 32 55 0.004597 1111
128 8 32 56 0.004913 1111
128 8 32 57 0.004855 1111
128 8 32 58 0.005708 1111
128 8 32 59 0.004304 1111
128 8 32 60 0.004521 1111
128 8 32 61 0.003494 1111
128 8 32 62 0.005437 2222
128 8 32 63 0.004526 1111
128 8 32 64 0.004705 1111
128 8 32 65 0.003891 2222
128 8 32 66 0.004804 2222
128 8 32 67 0.003751 2222
128 8 32 68 0.005144 1111
128 8 32 69 0.004791 1111
128 8 32 70 0.004719 1111
128 8 32 71 0.005880 1111
128 8 32 72 0.005118 1111
128 8 32 73 0.004904 2222
128 8 32 74 0.004753 1111
128 8 32 75 0.003563 1111
128 8 32 76 0.004914 1111
128 8 32 77 0.004929 1111
128 8 32 78 0.003857 1111
128 8 32 79 0.004444 1111
128 8 32 80 0.004719 2222
128 8 32 81 0.005302 1111
128 8 32 82 0.006286 1111
128 8 32 83 0.005394 1111
128 8 32 84 0.005540 1111
128 8 32 85 0.005376 1111
128 8 32 86 0.003894 1111
128 8 32 87 0.003888 1111
128 8 32 88 0.005213 1111
128 8 32 89 0.005176 1111
128 8 32 90 0.004876 2222
128 8 32 91 0.004785 2222
128 8 32 92 0.004648 1111
128 8 32 93 0.004627 1111
128 8 32 94 0.003522 1111
128 8 32 95 0.004749 1111
128 8 32 96 0.005404 1111
128 8 32 97 0.003438 2222
128 8 32 98 0.005677 1111
128 8 32 99 0.004939 2222
256 2 4 0 0.001392 1111111111111111111111111111111111111111111111111111111111111111
256 2 4 1 0.001151 2211111111111111111111111111111111111111111111111111111111111111
256 2 4 2 0.001101 1111111111111111111111111111111111111111111111111111111111111111
256 2 4 3 0.001173 2221111111111111111111111111111111111111111111111111111111111111
256 2 4 4 0.001385 1111111111111111111111111111111111111111111111111111111111111111
256 2 4 5 0.001122 1111111111111111111111111111111111111111111111111111111111111111
256 2 4 6 0.001239 1111111111111111111111111111111111111111111111111111111111111111
256 2 4 7 0.001252 1111111111111111111111111111111111111111111111111111111111111111
256 2 4 8 0.001240 1111111111111111111111111111111111111111111111111111111111111111
256 2 4 9 0.001252 2111111111111111111111111111111111111111111111111111111111111111
256 2 4 10 0.001215 1111111111111111111111111111111111111111111111111111111111111111
256 2 4 11 0.001295 2211111111111111111111111111111111111111111111111111111111111111
256 2 4 12 0.001158 1111111111111111111111111111111111111111111111111111111111111111
256 2 4 13 0.001084 2211111111111111111111111111111111111111111111111111111111111111
256 2 4 14 0.001260 1111111111111111111111111111111111111111111111111111111111111111
256 2 4 15 0.001210 1111111111111111111111111111111111111111111111111111111111111111
256 2 4 16 0.001110 2211111111111111111111111111111111111111111111111111111111111111
256 2 4 17 0.001196 1111111111111111111111111111111111111111111111111111111111111111
256 2 4 18 0.001348 1111111111111111111111111111111111111111111111111111111111111111
256 2 4 19 0.001205 2211111111111111111111111111111111111111111111111111111111111111
256 2 4 20 0.001159 1111111111111111111111111111111111111111111111111111111111111111
256 2 4 21 0.001247 1111111111111111111111111111111111111111111111111111111111111111
256 2 4 22 0.001324 2222111111111111111111111111111111111111111111111111111111111111
256 2 4 23 0.001257 2211111111111111111111111111111111111111111111111111111111111111
256 2 4 24 0.001198 1111111111111111111111111111111111111111111111111111111111111111
256 2 4 25 0.001124 1111111111111111111111111111111111111111111111111111111111111111
256 2 4 26 0.001164 1111111111111111111111111111111111111111111111111111111111111111
256 2 4 27 0.001086 1111111111111111111111111111111111111111111111111111111111111111
256 2 4 28 0.001254 1111111111111111111111111111111111111111111111111111111111111111
256 2 4 29 0.001186 1111111111111111111111111111111111111111111111111111111111111111
256 2 4 30 0.001252 1111111111111111111111111111111111111111111111111111111111111111
256 2 4 31 0.001257 1111111111111111111111111111111111111111111111111111111111111111
256 2 4 32 0.001309 2221111111111111111111111111111111111111111111111111111111111111
256 2 4 33 0.001293 1111111111111111111111111111111111111111111111111111111111111111
256 2 4 34 0.001255 1111111111111111111111111111111111111111111111111111111111111111
256 2 4 35 0.001297 2211111111111111111111111111111111111111111111111111111111111111
256 2 4 36 0.001200 2111111111111111111111111111111111111111111111111111111111111111
256 2 4 37 0.001199 1111111111111111111111111111111111111111111111111111111111111111
256 2 4 38 0.001127 1111111111111111111111111111111111111111111111111111111111111111
256 2 4 39 0.001085 1111111111111111111111111111111111111111111111111111111111111111
256 2 4 40 0.001249 1111111111111111111111111111111111111111111111111111111111111111
256 2 4 41 0.001214 2111111111111111111111111111111111111111111111111111111111111111
256 2 4 42 0.001308 1111111111111111111111111111111111111111111111111111111111111111
256 2 4 43 0.001119 1111111111111111111111111111111111111111111111111111111111111111
256 2 4 44 0.001122 1111111111111111111111111111111111111111111111111111111111111111
256 2 4 45 0.001163 1111111111111111111111111111111111111111111111111111111111111111
256 2 4 46 0.001228 1111111111111111111111111111111111111111111111111111111111111111
256 2 4 47 0.001307 1111111111111111111111111111111111111111111111111111111111111111
256 2 4 48 0.001191 2221111111111111111111111111111111111111111111111111111111111111
256 2 4 49 0.001097 1111111111111111111111111111111111111111111111111111111111111111
256 2 4 50 0.001107 1111111111111111111111111111111111111111111111111111111111111111
256 2 4 51 0.001108 1111111111111111111111111111111111111111111111111111111111111111
256 2 4 52 0.001197 1111111111111111111111111111111111111111111111111111111111111111
256 2 4 53 0.001236 1111111111111111111111111111111111111111111111111111111111111111
256 2 4 54 0.001241 1111111111111111111111111111111111111111111111111111111111111111
256 2 4 55 0.001206 1111111111111111111111111111111111111111111111111111111111111111
256 2 4 56 0.001076 1111111111111111111111111111111111111111111111111111111111111111
256 2 4 57 0.001178 1111111111111111111111111111111111111111111111111111111111111111
256 2 4 58 0.001180 1111111111111111111111111111111111111111111111111111111111111111
256 2 4 59 0.001232 1111111111111111111111111111111111111111111111111111111111111111
256 2 4 60 0.001245 1111111111111111111111111111111111111111111111111111111111111111
256 2 4 61 0.001263 1111111111111111111111111111111111111111111111111111111111111111
256 2 4 62 0.001213 1111111111111111111111111111111111111111111111111111111111111111
256 2 4 63 0.001160 1111111111111111111111111111111111111111111111111111111111111111
256 2 4 64 0.001176 2221111111111111111111111111111111111111111111111111111111111111
256 2 4 65 0.001180 1111111111111111111111111111111111111111111111111111111111111111
256 2 4 66 0.001205 2221111111111111111111111111111111111111111111111111111111111111
256 2 4 67 0.001096 1111111111111111111111111111111111111111111111111111111111111111
256 2 4 68 0.001115 2211111111111111111111111111111111111111111111111111111111111111
256 2 4 69 0.001102 1111111111111111111111111111111111111111111111111111111111111111
256 2 4 70 0.001242 1111111111111111111111111111111111111111111111111111111111111111
256 2 4 71 0.001279 1111111111111111111111111111111111111111111111111111111111111111
256 2 4 72 0.001038 2211111111111111111111111111111111111111111111111111111111111111
256 2 4 73 0.001205 2111111111111111111111111111111111111111111111111111111111111111
256 2 4 74 0.001101 1111111111111111111111111111111111111111111111111111111111111111
256 2 4 75 0.001228 1111111111111111111111111111111111111111111111111111111111111111
256 2 4 76 0.001189 1111111111111111111111111111111111111111111111111111111111111111
256 2 4 77 0.001080 1111111111111111111111111111111111111111111111111111111111111111
256 2 4 78 0.001171 1111111111111111111111111111111111111111111111111111111111111111
256 2 4 79 0.001147 1111111111111111111111111111111111111111111111111111111111111111
256 2 4 80 0.001174 2211111111111111111111111111111111111111111111111111111111111111
256 2 4 81 0.001271 2221111111111111111111111111111111111111111111111111111111111111
256 2 4 82 0.001200 1111111111111111111111111111111111111111111111111111111111111111
256 2 4 83 0.000976 2211111111111111111111111111111111111111111111111111111111111111
256 2 4 84 0.001148 1111111111111111111111111111111111111111111111111111111111111111
256 2 4 85 0.001162 1111111111111111111111111111111111111111111111111111111111111111
256 2 4 86 0.001250 2221111111111111111111111111111111111111111111111111111111111111
256 2 4 87 0.001155 1111111111111111111111111111111111111111111111111111111111111111
256 2 4 88 0.001133 1111111111111111111111111111111111111111111111111111111111111111
256 2 4 89 0.001213 1111111111111111111111111111111111111111111111111111111111111111
256 2 4 90 0.001249 2222111111111111111111111111111111111111111111111111111111111111
256 2 4 91 0.001284 1111111111111111111111111111111111111111111111111111111111111111
256 2 4 92 0.001095 2111111111111111111111111111111111111111111111111111111111111111
256 2 4 93 0.001196 1111111111111111111111111111111111111111111111111111111111111111
256 2 4 94 0.001234 1111111111111111111111111111111111111111111111111111111111111111
256 2 4 95 0.001260 1111111111111111111111111111111111111111111111111111111111111111
256 2 4 96 0.001258 2211111111111111111111111111111111111111111111111111111111111111
256 2 4 97 0.001188 1111111111111111111111111111111111111111111111111111111111111111
256 2 4 98 0.001212 2211111111111111111111111111111111111111111111111111111111111111
256 2 4 99 0.001264 2111111111111111111111111111111111111111111111111111111111111111
256 2 8 0 0.001303 11111111111111111111111111111111
256 2 8 1 0.001089 21111111111111111111111111111111
256 2 8 2 0.001157 11111111111111111111111111111111
256 2 8 3 0.001179 21111111111111111111111111111111
256 2 8 4 0.001485 11111111111111111111111111111111
256 2 8 5 0.001158 11111111111111111111111111111111
256 2 8 6 0.001224 11111111111111111111111111111111
256 2 8 7 0.001212 11111111111111111111111111111111
256 2 8 8 0.001254 11111111111111111111111111111111
256 2 8 9 0.001267 11111111111111111111111111111111
256 2 8 10 0.001235 11111111111111111111111111111111
256 2 8 11 0.001271 11111111111111111111111111111111
256 2 8 12 0.001166 11111111111111111111111111111111
256 2 8 13 0.001083 21111111111111111111111111111111
256 2 8 14 0.001247 11111111111111111111111111111111
256 2 8 15 0.001197 11111111111111111111111111111111
256 2 8 16 0.001118 21111111111111111111111111111111
256 2 8 17 0.001192 11111111111111111111111111111111
256 2 8 18 0.002562 11111111111111111111111111111111
256 2 8 19 0.001277 11111111111111111111111111111111
256 2 8 20 0.001148 11111111111111111111111111111111
256 2 8 21 0.001217 11111111111111111111111111111111
256 2 8 22 0.001251 22111111111111111111111111111111
256 2 8 23 0.001231 21111111111111111111111111111111
256 2 8 24 0.001163 11111111111111111111111111111111
256 2 8 25 0.001140 11111111111111111111111111111111
256 2 8 26 0.001174 11111111111111111111111111111111
256 2 8 27 0.001093 11111111111111111111111111111111
256 2 8 28 0.001310 11111111111111111111111111111111
256 2 8 29 0.001174 11111111111111111111111111111111
256 2 8 30 0.001289 11111111111111111111111111111111
256 2 8 31 0.001260 11111111111111111111111111111111
256 2 8 32 0.001264 21111111111111111111111111111111
256 2 8 33 0.001217 11111111111111111111111111111111
256 2 8 34 0.001225 11111111111111111111111111111111
256 2 8 35 0.001285 21111111111111111111111111111111
256 2 8 36 0.001196 11111111111111111111111111111111
256 2 8 37 0.001192 11111111111111111111111111111111
256 2 8 38 0.001128 11111111111111111111111111111111
256 2 8 39 0.001089 11111111111111111111111111111111
256 2 8 40 0.001228 11111111111111111111111111111111
256 2 8 41 0.001179 11111111111111111111111111111111
256 2 8 42 0.001293 11111111111111111111111111111111
256 2 8 43 0.001094 11111111111111111111111111111111
256 2 8 44 0.001172 11111111111111111111111111111111
256 2 8 45 0.001193 11111111111111111111111111111111
256 2 8 46 0.001208 11111111111111111111111111111111
256 2 8 47 0.001326 11111111111111111111111111111111
256 2 8 48 0.001181 21111111111111111111111111111111
256 2 8 49 0.001111 11111111111111111111111111111111
256 2 8 50 0.001085 11111111111111111111111111111111
256 2 8 51 0.001084 11111111111111111111111111111111
256 2 8 52 0.001199 11111111111111111111111111111111
256 2 8 53 0.001243 11111111111111111111111111111111
256 2 8 54 0.001267 11111111111111111111111111111111
256 2 8 55 0.001191 11111111111111111111111111111111
256 2 8 56 0.001108 11111111111111111111111111111111
256 2 8 57 0.001196 11111111111111111111111111111111
256 2 8 58 0.001188 11111111111111111111111111111111
256 2 8 59 0.001230 11111111111111111111111111111111
256 2 8 60 0.001229 11111111111111111111111111111111
256 2 8 61 0.001198 11111111111111111111111111111111
256 2 8 62 0.001244 11111111111111111111111111111111
256 2 8 63 0.001203 11111111111111111111111111111111
256 2 8 64 0.001185 11111111111111111111111111111111
256 2 8 65 0.001179 11111111111111111111111111111111
256 2 8 66 0.001192 21111111111111111111111111111111
256 2 8 67 0.001060 11111111111111111111111111111111
256 2 8 68 0.001114 11111111111111111111111111111111
256 2 8 69 0.001088 11111111111111111111111111111111
256 2 8 70 0.001160 11111111111111111111111111111111
256 2 8 71 0.001237 11111111111111111111111111111111
256 2 8 72 0.001017 21111111111111111111111111111111
256 2 8 73 0.001197 11111111111111111111111111111111
256 2 8 74 0.001089 11111111111111111111111111111111
256 2 8 75 0.001214 11111111111111111111111111111111
256 2 8 76 0.001121 11111111111111111111111111111111
256 2 8 77 0.001060 11111111111111111111111111111111
256 2 8 78 0.001132 11111111111111111111111111111111
256 2 8 79 0.001155 11111111111111111111111111111111
256 2 8 80 0.001158 21111111111111111111111111111111
256 2 8 81 0.001308 11111111111111111111111111111111
256 2 8 82 0.001201 11111111111111111111111111111111
256 2 8 83 0.000999 11111111111111111111111111111111
256 2 8 84 0.001148 11111111111111111111111111111111
256 2 8 85 0.001157 11111111111111111111111111111111
256 2 8 86 0.001184 21111111111111111111111111111111
256 2 8 87 0.001125 11111111111111111111111111111111
256 2 8 88 0.001177 11111111111111111111111111111111
256 2 8 89 0.001237 11111111111111111111111111111111
256 2 8 90 0.001264 22111111111111111111111111111111
256 2 8 91 0.001266 11111111111111111111111111111111
256 2 8 92 0.001042 11111111111111111111111111111111
256 2 8 93 0.001199 11111111111111111111111111111111
256 2 8 94 0.001244 11111111111111111111111111111111
256 2 8 95 0.001220 11111111111111111111111111111111
256 2 8 96 0.001226 21111111111111111111111111111111
256 2 8 97 0.001185 11111111111111111111111111111111
256 2 8 98 0.001179 21111111111111111111111111111111
256 2 8 99 0.001232 11111111111111111111111111111111
256 2 16 0 0.001329 1111111111111111
256 2 16 1 0.001146 1111111111111111
256 2 16 2 0.001123 1111111111111111
256 2 16 3 0.001149 1111111111111111
256 2 16 4 0.001272 1111111111111111
256 2 16 5 0.001080 1111111111111111
256 2 16 6 0.001217 1111111111111111
256 2 16 7 0.001231 1111111111111111
256 2 16 8 0.001242 1111111111111111
256 2 16 9 0.001245 1111111111111111
256 2 16 10 0.001098 1111111111111111
256 2 16 11 0.001218 1111111111111111
256 2 16 12 0.001152 1111111111111111
256 2 16 13 0.001094 1111111111111111
256 2 16 14 0.001223 1111111111111111
256 2 16 15 0.001137 1111111111111111
256 2 16 16 0.001060 1111111111111111
256 2 16 17 0.001143 1111111111111111
256 2 16 18 0.001318 1111111111111111
256 2 16 19 0.001220 1111111111111111
256 2 16 20 0.001105 1111111111111111
256 2 16 21 0.001129 1111111111111111
256 2 16 22 0.001207 2111111111111111
256 2 16 23 0.001199 1111111111111111
256 2 16 24 0.001181 1111111111111111
256 2 16 25 0.001107 1111111111111111
256 2 16 26 0.001131 1111111111111111
256 2 16 27 0.001040 1111111111111111
256 2 16 28 0.001273 1111111111111111
256 2 16 29 0.001125 1111111111111111
256 2 16 30 0.001193 1111111111111111
256 2 16 31 0.001190 1111111111111111
256 2 16 32 0.001290 1111111111111111
256 2 16 33 0.001277 1111111111111111
256 2 16 34 0.001190 1111111111111111
256 2 16 35 0.001247 1111111111111111
256 2 16 36 0.001141 1111111111111111
256 2 16 37 0.001122 1111111111111111
256 2 16 38 0.001124 1111111111111111
256 2 16 39 0.001110 1111111111111111
256 2 16 40 0.001206 1111111111111111
256 2 16 41 0.001186 1111111111111111
256 2 16 42 0.001246 1111111111111111
256 2 16 43 0.001004 1111111111111111
256 2 16 44 0.001113 1111111111111111
256 2 16 45 0.001181 1111111111111111
256 2 16 46 0.001194 1111111111111111
256 2 16 47 0.001242 1111111111111111
256 2 16 48 0.001086 1111111111111111
256 2 16 49 0.001044 1111111111111111
256 2 16 50 0.001178 1111111111111111
256 2 16 51 0.001095 1111111111111111
256 2 16 52 0.001114 1111111111111111
256 2 16 53 0.001147 1111111111111111
256 2 16 54 0.001212 1111111111111111
256 2 16 55 0.001192 1111111111111111
256 2 16 56 0.001100 1111111111111111
256 2 16 57 0.001110 1111111111111111
256 2 16 58 0.001164 1111111111111111
256 2 16 59 0.001188 1111111111111111
256 2 16 60 0.001194 1111111111111111
256 2 16 61 0.001201 1111111111111111
256 2 16 62 0.001168 1111111111111111
256 2 16 63 0.001062 1111111111111111
256 2 16 64 0.001137 1111111111111111
256 2 16 65 0.001129 1111111111111111
256 2 16 66 0.001190 1111111111111111
256 2 16 67 0.001033 1111111111111111
256 2 16 68 0.001089 1111111111111111
256 2 16 69 0.001063 1111111111111111
256 2 16 70 0.001166 1111111111111111
256 2 16 71 0.001199 1111111111111111
256 2 16 72 0.000967 1111111111111111
256 2 16 73 0.001157 1111111111111111
256 2 16 74 0.001070 1111111111111111
256 2 16 75 0.001132 1111111111111111
256 2 16 76 0.001076 1111111111111111
256 2 16 77 0.001081 1111111111111111
256 2 16 78 0.001119 1111111111111111
256 2 16 79 0.001105 1111111111111111
256 2 16 80 0.001060 1111111111111111
256 2 16 81 0.001219 1111111111111111
256 2 16 82 0.001236 1111111111111111
256 2 16 83 0.001033 1111111111111111
256 2 16 84 0.001060 1111111111111111
256 2 16 85 0.001049 1111111111111111
256 2 16 86 0.001232 1111111111111111
256 2 16 87 0.001165 1111111111111111
256 2 16 88 0.001169 1111111111111111
256 2 16 89 0.001134 1111111111111111
256 2 16 90 0.001122 2111111111111111
256 2 16 91 0.001236 1111111111111111
256 2 16 92 0.001066 1111111111111111
256 2 16 93 0.001191 1111111111111111
256 2 16 94 0.001192 1111111111111111
256 2 16 95 0.001118 1111111111111111
256 2 16 96 0.001260 1111111111111111
256 2 16 97 0.001170 1111111111111111
256 2 16 98 0.001209 1111111111111111
256 2 16 99 0.001218 1111111111111111
256 2 32 0 0.001353 11111111
256 2 32 1 0.001109 11111111
256 2 32 2 0.001146 11111111
256 2 32 3 0.001177 11111111
256 2 32 4 0.001382 11111111
256 2 32 5 0.001124 11111111
256 2 32 6 0.001236 11111111
256 2 32 7 0.001208 11111111
256 2 32 8 0.001236 11111111
256 2 32 9 0.001254 11111111
256 2 32 10 0.001468 11111111
256 2 32 11 0.001341 11111111
256 2 32 12 0.001069 11111111
256 2 32 13 0.001058 11111111
256 2 32 14 0.001218 11111111
256 2 32 15 0.001128 11111111
256 2 32 16 0.001049 11111111
256 2 32 17 0.001122 11111111
256 2 32 18 0.001293 11111111
256 2 32 19 0.001186 11111111
256 2 32 20 0.001109 11111111
256 2 32 21 0.001171 11111111
256 2 32 22 0.001197 11111111
256 2 32 23 0.001166 11111111
256 2 32 24 0.001078 11111111
256 2 32 25 0.001073 11111111
256 2 32 26 0.001141 11111111
256 2 32 27 0.001034 11111111
256 2 32 28 0.001177 11111111
256 2 32 29 0.001097 11111111
256 2 32 30 0.001159 11111111
256 2 32 31 0.001196 11111111
256 2 32 32 0.001237 11111111
256 2 32 33 0.001226 11111111
256 2 32 34 0.001159 11111111
256 2 32 35 0.001193 11111111
256 2 32 36 0.001102 11111111
256 2 32 37 0.001124 11111111
256 2 32 38 0.001095 11111111
256 2 32 39 0.001080 11111111
256 2 32 40 0.001169 11111111
256 2 32 41 0.001107 11111111
256 2 32 42 0.001198 11111111
256 2 32 43 0.001004 11111111
256 2 32 44 0.001098 11111111
256 2 32 45 0.001114 11111111
256 2 32 46 0.001161 11111111
256 2 32 47 0.001230 11111111
256 2 32 48 0.001106 11111111
256 2 32 49 0.001024 11111111
256 2 32 50 0.001075 11111111
256 2 32 51 0.001025 11111111
256 2 32 52 0.001124 11111111
256 2 32 53 0.001121 11111111
256 2 32 54 0.001171 11111111
256 2 32 55 0.001161 11111111
256 2 32 56 0.001063 11111111
256 2 32 57 0.001120 11111111
256 2 32 58 0.001115 11111111
256 2 32 59 0.001136 11111111
256 2 32 60 0.001145 11111111
256 2 32 61 0.001182 11111111
256 2 32 62 0.001174 11111111
256 2 32 63 0.001079 11111111
256 2 32 64 0.001090 11111111
256 2 32 65 0.001092 11111111
256 2 32 66 0.001113 11111111
256 2 32 67 0.001070 11111111
256 2 32 68 0.001054 11111111
256 2 32 69 0.001010 11111111
256 2 32 70 0.001086 11111111
256 2 32 71 0.001438 11111111
256 2 32 72 0.000981 11111111
256 2 32 73 0.001112 11111111
256 2 32 74 0.001034 11111111
256 2 32 75 0.001141 11111111
256 2 32 76 0.001104 11111111
256 2 32 77 0.001037 11111111
256 2 32 78 0.001055 11111111
256 2 32 79 0.001067 11111111
256 2 32 80 0.001076 11111111
256 2 32 81 0.001175 11111111
256 2 32 82 0.001163 11111111
256 2 32 83 0.000923 11111111
256 2 32 84 0.001063 11111111
256 2 32 85 0.001062 11111111
256 2 32 86 0.001158 11111111
256 2 32 87 0.001115 11111111
256 2 32 88 0.001103 11111111
256 2 32 89 0.001139 11111111
256 2 32 90 0.001168 11111111
256 2 32 91 0.001216 11111111
256 2 32 92 0.001023 11111111
256 2 32 93 0.001157 11111111
256 2 32 94 0.001179 11111111
256 2 32 95 0.001141 11111111
256 2 32 96 0.001152 11111111
256 2 32 97 0.001125 11111111
256 2 32 98 0.001143 11111111
256 2 32 99 0.001169 11111111
256 4 8 0 0.003545 11111111111111111111111111111111
256 4 8 1 0.002835 22222222111111111111111111111111
256 4 8 2 0.002940 11111111111111111111111111111111
256 4 8 3 0.003080 22111111111111111111111111111111
256 4 8 4 0.003626 11111111111111111111111111111111
256 4 8 5 0.002984 11111111111111111111111111111111
256 4 8 6 0.003213 11111111111111111111111111111111
256 4 8 7 0.003151 11111111111111111111111111111111
256 4 8 8 0.003230 11111111111111111111111111111111
256 4 8 9 0.003193 22111111111111111111111111111111
256 4 8 10 0.003016 11111111111111111111111111111111
256 4 8 11 0.003770 22222222222222222222222222211111
256 4 8 12 0.002850 11111111111111111111111111111111
256 4 8 13 0.002828 22222222222222211111111111111111
256 4 8 14 0.003218 11111111111111111111111111111111
256 4 8 15 0.003123 11111111111111111111111111111111
256 4 8 16 0.002705 22222222222222222221111111111111
256 4 8 17 0.002904 11111111111111111111111111111111
256 4 8 18 0.003519 11111111111111111111111111111111
256 4 8 19 0.003189 22222222111111111111111111111111
256 4 8 20 0.002987 11111111111111111111111111111111
256 4 8 21 0.003076 11111111111111111111111111111111
256 4 8 22 0.003240 22111111111111111111111111111111
256 4 8 23 0.003207 22221111111111111111111111111111
256 4 8 24 0.002894 11111111111111111111111111111111
256 4 8 25 0.002813 11111111111111111111111111111111
256 4 8 26 0.003294 11111111111111111111111111111111
256 4 8 27 0.002804 11111111111111111111111111111111
256 4 8 28 0.003153 11111111111111111111111111111111
256 4 8 29 0.002829 11111111111111111111111111111111
256 4 8 30 0.003214 11111111111111111111111111111111
256 4 8 31 0.003463 11111111111111111111111111111111
256 4 8 32 0.003381 22222222222222222222222222222222
256 4 8 33 0.003288 11111111111111111111111111111111
256 4 8 34 0.003010 11111111111111111111111111111111
256 4 8 35 0.003325 22222222222222222222222222222222
256 4 8 36 0.002861 22222111111111111111111111111111
256 4 8 37 0.002958 11111111111111111111111111111111
256 4 8 38 0.002900 11111111111111111111111111111111
256 4 8 39 0.002863 11111111111111111111111111111111
256 4 8 40 0.003084 11111111111111111111111111111111
256 4 8 41 0.003005 22211111111111111111111111111111
256 4 8 42 0.003229 11111111111111111111111111111111
256 4 8 43 0.002609 11111111111111111111111111111111
256 4 8 44 0.002803 11111111111111111111111111111111
256 4 8 45 0.003081 11111111111111111111111111111111
256 4 8 46 0.003263 11111111111111111111111111111111
256 4 8 47 0.003498 11111111111111111111111111111111
256 4 8 48 0.002964 22222222222222222222222222111111
256 4 8 49 0.002829 11111111111111111111111111111111
256 4 8 50 0.002978 11111111111111111111111111111111
256 4 8 51 0.002804 11111111111111111111111111111111
256 4 8 52 0.002989 11111111111111111111111111111111
256 4 8 53 0.003125 11111111111111111111111111111111
256 4 8 54 0.003138 11111111111111111111111111111111
256 4 8 55 0.003204 11111111111111111111111111111111
256 4 8 56 0.002743 11111111111111111111111111111111
256 4 8 57 0.002941 11111111111111111111111111111111
256 4 8 58 0.002962 11111111111111111111111111111111
256 4 8 59 0.003049 11111111111111111111111111111111
256 4 8 60 0.003069 11111111111111111111111111111111
256 4 8 61 0.003212 11111111111111111111111111111111
256 4 8 62 0.003206 11111111111111111111111111111111
256 4 8 63 0.002786 11111111111111111111111111111111
256 4 8 64 0.002958 22111111111111111111111111111111
256 4 8 65 0.002871 11111111111111111111111111111111
256 4 8 66 0.003068 22222222222222222222222222222222
256 4 8 67 0.002739 11111111111111111111111111111111
256 4 8 68 0.002748 22111111111111111111111111111111
256 4 8 69 0.002609 11111111111111111111111111111111
256 4 8 70 0.002937 11111111111111111111111111111111
256 4 8 71 0.003304 11111111111111111111111111111111
256 4 8 72 0.002662 22222211111111111111111111111111
256 4 8 73 0.003030 22222222221111111111111111111111
256 4 8 74 0.002604 11111111111111111111111111111111
256 4 8 75 0.003043 11111111111111111111111111111111
256 4 8 76 0.003247 11111111111111111111111111111111
256 4 8 77 0.002763 11111111111111111111111111111111
256 4 8 78 0.002845 11111111111111111111111111111111
256 4 8 79 0.002873 11111111111111111111111111111111
256 4 8 80 0.002884 21111111111111111111111111111111
256 4 8 81 0.003274 22222222222222222222222111111111
256 4 8 82 0.003121 11111111111111111111111111111111
256 4 8 83 0.002368 22222111111111111111111111111111
256 4 8 84 0.002845 11111111111111111111111111111111
256 4 8 85 0.002840 11111111111111111111111111111111
256 4 8 86 0.003321 22222222222222222222222222211111
256 4 8 87 0.002853 11111111111111111111111111111111
256 4 8 88 0.002941 11111111111111111111111111111111
256 4 8 89 0.003087 11111111111111111111111111111111
256 4 8 90 0.003173 22222222222222222222222222222222
256 4 8 91 0.003207 11111111111111111111111111111111
256 4 8 92 0.002745 22222222222222222222222222221111
256 4 8 93 0.003192 11111111111111111111111111111111
256 4 8 94 0.003187 11111111111111111111111111111111
256 4 8 95 0.003196 11111111111111111111111111111111
256 4 8 96 0.003229 22222222222222222111111111111111
256 4 8 97 0.003010 11111111111111111111111111111111
256 4 8 98 0.003078 22222222222222222222222222111111
256 4 8 99 0.003245 22222222222111111111111111111111
256 4 16 0 0.003512 1111111111111111
256 4 16 1 0.002790 2222111111111111
256 4 16 2 0.003080 1111111111111111
256 4 16 3 0.002952 2111111111111111
256 4 16 4 0.003570 1111111111111111
256 4 16 5 0.002868 1111111111111111
256 4 16 6 0.003262 1111111111111111
256 4 16 7 0.003211 1111111111111111
256 4 16 8 0.003133 1111111111111111
256 4 16 9 0.003102 2111111111111111
256 4 16 10 0.002944 1111111111111111
256 4 16 11 0.003122 2222222222222111
256 4 16 12 0.002788 1111111111111111
256 4 16 13 0.002887 2222222111111111
256 4 16 14 0.003276 1111111111111111
256 4 16 15 0.003061 1111111111111111
256 4 16 16 0.002639 2222222221111111
256 4 16 17 0.002860 1111111111111111
256 4 16 18 0.003455 1111111111111111
256 4 16 19 0.003166 2222111111111111
256 4 16 20 0.002914 1111111111111111
256 4 16 21 0.003083 1111111111111111
256 4 16 22 0.003181 2111111111111111
256 4 16 23 0.003127 2211111111111111
256 4 16 24 0.002928 1111111111111111
256 4 16 25 0.002723 1111111111111111
256 4 16 26 0.003141 1111111111111111
256 4 16 27 0.002729 1111111111111111
256 4 16 28 0.003203 1111111111111111
256 4 16 29 0.002854 1111111111111111
256 4 16 30 0.003065 1111111111111111
256 4 16 31 0.003163 1111111111111111
256 4 16 32 0.003286 2222222222222222
256 4 16 33 0.003231 1111111111111111
256 4 16 34 0.003056 1111111111111111
256 4 16 35 0.003378 2222222222222222
256 4 16 36 0.002792 2211111111111111
256 4 16 37 0.002913 1111111111111111
256 4 16 38 0.002836 1111111111111111
256 4 16 39 0.002842 1111111111111111
256 4 16 40 0.003079 1111111111111111
256 4 16 41 0.002906 2111111111111111
256 4 16 42 0.003183 1111111111111111
256 4 16 43 0.002586 1111111111111111
256 4 16 44 0.002721 1111111111111111
256 4 16 45 0.003079 1111111111111111
256 4 16 46 0.003066 1111111111111111
256 4 16 47 0.003343 1111111111111111
256 4 16 48 0.002914 2222222222222111
256 4 16 49 0.002713 1111111111111111
256 4 16 50 0.002935 1111111111111111
256 4 16 51 0.002774 1111111111111111
256 4 16 52 0.002977 1111111111111111
256 4 16 53 0.003494 1111111111111111
256 4 16 54 0.003177 1111111111111111
256 4 16 55 0.003238 1111111111111111
256 4 16 56 0.002691 1111111111111111
256 4 16 57 0.002929 1111111111111111
256 4 16 58 0.002852 1111111111111111
256 4 16 59 0.002997 1111111111111111
256 4 16 60 0.003021 1111111111111111
256 4 16 61 0.003140 1111111111111111
256 4 16 62 0.003100 1111111111111111
256 4 16 63 0.002740 1111111111111111
256 4 16 64 0.002837 1111111111111111
256 4 16 65 0.002771 1111111111111111
256 4 16 66 0.002938 2222222222222222
256 4 16 67 0.002657 1111111111111111
256 4 16 68 0.002701 2111111111111111
256 4 16 69 0.002590 1111111111111111
256 4 16 70 0.002799 1111111111111111
256 4 16 71 0.003286 1111111111111111
256 4 16 72 0.002615 2221111111111111
256 4 16 73 0.003026 2222211111111111
256 4 16 74 0.002577 1111111111111111
256 4 16 75 0.002965 1111111111111111
256 4 16 76 0.002968 1111111111111111
256 4 16 77 0.002682 1111111111111111
256 4 16 78 0.002780 1111111111111111
256 4 16 79 0.002789 1111111111111111
256 4 16 80 0.002846 1111111111111111
256 4 16 81 0.003187 2222222222211111
256 4 16 82 0.003165 1111111111111111
256 4 16 83 0.002375 2211111111111111
256 4 16 84 0.002665 1111111111111111
256 4 16 85 0.002768 1111111111111111
256 4 16 86 0.003350 2222222222222111
256 4 16 87 0.002844 1111111111111111
256 4 16 88 0.003065 1111111111111111
256 4 16 89 0.003000 1111111111111111
256 4 16 90 0.003326 2222222222222222
256 4 16 91 0.003206 1111111111111111
256 4 16 92 0.002690 2222222222222211
256 4 16 93 0.003089 1111111111111111
256 4 16 94 0.003106 1111111111111111
256 4 16 95 0.002992 1111111111111111
256 4 16 96 0.003063 2222222211111111
256 4 16 97 0.002886 1111111111111111
256 4 16 98 0.003046 2222222222222111
256 4 16 99 0.003164 2222211111111111
256 4 32 0 0.003652 11111111
256 4 32 1 0.002889 22111111
256 4 32 2 0.003089 11111111
256 4 32 3 0.003004 11111111
256 4 32 4 0.003601 11111111
256 4 32 5 0.002964 11111111
256 4 32 6 0.003451 11111111
256 4 32 7 0.003193 11111111
256 4 32 8 0.003496 11111111
256 4 32 9 0.003232 11111111
256 4 32 10 0.003022 11111111
256 4 32 11 0.003359 22222211
256 4 32 12 0.002854 11111111
256 4 32 13 0.002902 22211111
256 4 32 14 0.003370 11111111
256 4 32 15 0.003319 11111111
256 4 32 16 0.002702 22221111
256 4 32 17 0.003017 11111111
256 4 32 18 0.003495 11111111
256 4 32 19 0.003280 22111111
256 4 32 20 0.002955 11111111
256 4 32 21 0.003134 11111111
256 4 32 22 0.003309 11111111
256 4 32 23 0.003201 21111111
256 4 32 24 0.003036 11111111
256 4 32 25 0.002745 11111111
256 4 32 26 0.003252 11111111
256 4 32 27 0.002731 11111111
256 4 32 28 0.003251 11111111
256 4 32 29 0.002889 11111111
256 4 32 30 0.003191 11111111
256 4 32 31 0.003274 11111111
256 4 32 32 0.003438 22222222
256 4 32 33 0.003335 11111111
256 4 32 34 0.003114 11111111
256 4 32 35 0.003393 22222222
256 4 32 36 0.002991 21111111
256 4 32 37 0.003109 11111111
256 4 32 38 0.002966 11111111
256 4 32 39 0.002907 11111111
256 4 32 40 0.003170 11111111
256 4 32 41 0.002990 11111111
256 4 32 42 0.003257 11111111
256 4 32 43 0.002583 11111111
256 4 32 44 0.002875 11111111
256 4 32 45 0.003061 11111111
256 4 32 46 0.003194 11111111
256 4 32 47 0.003626 11111111
256 4 32 48 0.003089 22222211
256 4 32 49 0.002729 11111111
256 4 32 50 0.002961 11111111
256 4 32 51 0.002815 11111111
256 4 32 52 0.002986 11111111
256 4 32 53 0.003027 11111111
256 4 32 54 0.003199 11111111
256 4 32 55 0.003134 11111111
256 4 32 56 0.002731 11111111
256 4 32 57 0.003038 11111111
256 4 32 58 0.002906 11111111
256 4 32 59 0.003202 11111111
256 4 32 60 0.003164 11111111
256 4 32 61 0.003223 11111111
256 4 32 62 0.003172 11111111
256 4 32 63 0.002841 11111111
256 4 32 64 0.002908 11111111
256 4 32 65 0.002906 11111111
256 4 32 66 0.003042 22222222
256 4 32 67 0.002771 11111111
256 4 32 68 0.002798 11111111
256 4 32 69 0.002607 11111111
256 4 32 70 0.002924 11111111
256 4 32 71 0.003332 11111111
256 4 32 72 0.002697 21111111
256 4 32 73 0.003090 22111111
256 4 32 74 0.002701 11111111
256 4 32 75 0.003123 11111111
256 4 32 76 0.003095 11111111
256 4 32 77 0.002777 11111111
256 4 32 78 0.002846 11111111
256 4 32 79 0.002941 11111111
256 4 32 80 0.003000 11111111
256 4 32 81 0.003315 22222111
256 4 32 82 0.003219 11111111
256 4 32 83 0.002399 21111111
256 4 32 84 0.002747 11111111
256 4 32 85 0.002850 11111111
256 4 32 86 0.003352 22222211
256 4 32 87 0.002961 11111111
256 4 32 88 0.003057 11111111
256 4 32 89 0.003089 11111111
256 4 32 90 0.003346 22222222
256 4 32 91 0.003310 11111111
256 4 32 92 0.002766 22222221
256 4 32 93 0.003227 11111111
256 4 32 94 0.003125 11111111
256 4 32 95 0.003708 11111111
256 4 32 96 0.003251 22221111
256 4 32 97 0.002998 11111111
256 4 32 98 0.003121 22222211
256 4 32 99 0.003453 22111111
256 8 16 0 0.011436 1111111111111111
256 8 16 1 0.008895 2222222222222222
256 8 16 2 0.009123 1111111111111111
256 8 16 3 0.009512 2222222222222222
256 8 16 4 0.011947 1111111111111111
256 8 16 5 0.008762 1111111111111111
256 8 16 6 0.010177 1111111111111111
256 8 16 7 0.010416 1111111111111111
256 8 16 8 0.010421 1111111111111111
256 8 16 9 0.010329 2222222222222222
256 8 16 10 0.009256 1111111111111111
256 8 16 11 0.010411 2222222222222222
256 8 16 12 0.009494 1111111111111111
256 8 16 13 0.009501 2222222222222222
256 8 16 14 0.010141 1111111111111111
256 8 16 15 0.010077 1111111111111111
256 8 16 16 0.008224 2222222222222222
256 8 16 17 0.009388 1111111111111111
256 8 16 18 0.011992 1111111111111111
256 8 16 19 0.010348 2222222222222222
256 8 16 20 0.009242 1111111111111111
256 8 16 21 0.009709 1111111111111111
256 8 16 22 0.010241 2222222222222222
256 8 16 23 0.009858 2222222222222222
256 8 16 24 0.009834 1111111111111111
256 8 16 25 0.009301 1111111111111111
256 8 16 26 0.010110 1111111111111111
256 8 16 27 0.008947 1111111111111111
256 8 16 28 0.010396 1111111111111111
256 8 16 29 0.008863 1111111111111111
256 8 16 30 0.009636 1111111111111111
256 8 16 31 0.010077 1111111111111111
256 8 16 32 0.010553 2222222222222222
256 8 16 33 0.011314 1111111111111111
256 8 16 34 0.009576 1111111111111111
256 8 16 35 0.010825 2222222222222222
256 8 16 36 0.009215 2222222222222222
256 8 16 37 0.009320 1111111111111111
256 8 16 38 0.009210 1111111111111111
256 8 16 39 0.008887 1111111111111111
256 8 16 40 0.010258 1111111111111111
256 8 16 41 0.009159 2222222222222222
256 8 16 42 0.010479 1111111111111111
256 8 16 43 0.008200 1111111111111111
256 8 16 44 0.008549 1111111111111111
256 8 16 45 0.009631 1111111111111111
256 8 16 46 0.010170 1111111111111111
256 8 16 47 0.011788 1111111111111111
256 8 16 48 0.008730 2222222222222222
256 8 16 49 0.008103 1111111111111111
256 8 16 50 0.009094 1111111111111111
256 8 16 51 0.008852 1111111111111111
256 8 16 52 0.009597 1111111111111111
256 8 16 53 0.009715 1111111111111111
256 8 16 54 0.009507 1111111111111111
256 8 16 55 0.009653 1111111111111111
256 8 16 56 0.008463 1111111111111111
256 8 16 57 0.009426 1111111111111111
256 8 16 58 0.009614 1111111111111111
256 8 16 59 0.010159 1111111111111111
256 8 16 60 0.010314 1111111111111111
256 8 16 61 0.010436 1111111111111111
256 8 16 62 0.010059 1111111111111111
256 8 16 63 0.009257 1111111111111111
256 8 16 64 0.009084 2222222222222222
256 8 16 65 0.008811 1111111111111111
256 8 16 66 0.009876 2222222222222222
256 8 16 67 0.008366 1111111111111111
256 8 16 68 0.008332 2222222222222222
256 8 16 69 0.008732 1111111111111111
256 8 16 70 0.008967 1111111111111111
256 8 16 71 0.011138 1111111111111111
256 8 16 72 0.007749 2222222222222222
256 8 16 73 0.008994 2222222222222222
256 8 16 74 0.008031 1111111111111111
256 8 16 75 0.010472 1111111111111111
256 8 16 76 0.009682 1111111111111111
256 8 16 77 0.008869 1111111111111111
256 8 16 78 0.008949 1111111111111111
256 8 16 79 0.009010 1111111111111111
256 8 16 80 0.008830 2222222222222222
256 8 16 81 0.011309 2222222222222222
256 8 16 82 0.010935 1111111111111111
256 8 16 83 0.006847 2222222222222222
256 8 16 84 0.008290 1111111111111111
256 8 16 85 0.009591 1111111111111111
256 8 16 86 0.010286 2222222222222222
256 8 16 87 0.009301 1111111111111111
256 8 16 88 0.008912 1111111111111111
256 8 16 89 0.009730 1111111111111111
256 8 16 90 0.010477 2222222222222222
256 8 16 91 0.010365 1111111111111111
256 8 16 92 0.008394 2222222222222222
256 8 16 93 0.010016 1111111111111111
256 8 16 94 0.009776 1111111111111111
256 8 16 95 0.009811 1111111111111111
256 8 16 96 0.009841 2222222222222222
256 8 16 97 0.009388 1111111111111111
256 8 16 98 0.009949 2222222222222222
256 8 16 99 0.009819 2222222222222222
256 8 32 0 0.011863 11111111
256 8 32 1 0.009042 22222222
256 8 32 2 0.009617 11111111
256 8 32 3 0.009713 22222222
256 8 32 4 0.013014 11111111
256 8 32 5 0.009241 11111111
256 8 32 6 0.010803 11111111
256 8 32 7 0.010654 11111111
256 8 32 8 0.011502 11111111
256 8 32 9 0.010628 22222222
256 8 32 10 0.010261 11111111
256 8 32 11 0.010779 22222222
256 8 32 12 0.009874 11111111
256 8 32 13 0.009342 22222222
256 8 32 14 0.010641 11111111
256 8 32 15 0.009917 11111111
256 8 32 16 0.008735 22222222
256 8 32 17 0.009768 11111111
256 8 32 18 0.011803 11111111
256 8 32 19 0.011126 22222222
256 8 32 20 0.009409 11111111
256 8 32 21 0.010029 11111111
256 8 32 22 0.010684 22222222
256 8 32 23 0.010356 22222222
256 8 32 24 0.009739 11111111
256 8 32 25 0.009294 11111111
256 8 32 26 0.010165 11111111
256 8 32 27 0.008784 11111111
256 8 32 28 0.010334 11111111
256 8 32 29 0.008926 11111111
256 8 32 30 0.010028 11111111
256 8 32 31 0.011137 11111111
256 8 32 32 0.011081 22222222
256 8 32 33 0.011675 11111111
256 8 32 34 0.010109 11111111
256 8 32 35 0.011368 22222222
256 8 32 36 0.009689 22222222
256 8 32 37 0.009660 11111111
256 8 32 38 0.009950 11111111
256 8 32 39 0.009197 11111111
256 8 32 40 0.010353 11111111
256 8 32 41 0.009099 22222222
256 8 32 42 0.010831 11111111
256 8 32 43 0.008227 11111111
256 8 32 44 0.009335 11111111
256 8 32 45 0.009953 11111111
256 8 32 46 0.010167 11111111
256 8 32 47 0.011337 11111111
256 8 32 48 0.010023 22222222
256 8 32 49 0.009061 11111111
256 8 32 50 0.009347 11111111
256 8 32 51 0.008933 11111111
256 8 32 52 0.010258 11111111
256 8 32 53 0.009940 11111111
256 8 32 54 0.009505 11111111
256 8 32 55 0.010478 11111111
256 8 32 56 0.008691 11111111
256 8 32 57 0.009584 11111111
256 8 32 58 0.010204 11111111
256 8 32 59 0.009441 11111111
256 8 32 60 0.010149 11111111
256 8 32 61 0.011337 11111111
256 8 32 62 0.010788 11111111
256 8 32 63 0.009609 11111111
256 8 32 64 0.009142 22222222
256 8 32 65 0.009985 11111111
256 8 32 66 0.010764 22222222
256 8 32 67 0.008806 11111111
256 8 32 68 0.008715 22222222
256 8 32 69 0.008526 11111111
256 8 32 70 0.009463 11111111
256 8 32 71 0.011095 11111111
256 8 32 72 0.007963 22222222
256 8 32 73 0.009601 22222222
256 8 32 74 0.008846 11111111
256 8 32 75 0.009980 11111111
256 8 32 76 0.009772 11111111
256 8 32 77 0.009474 11111111
256 8 32 78 0.009303 11111111
256 8 32 79 0.009304 11111111
256 8 32 80 0.009373 22222222
256 8 32 81 0.010888 22222222
256 8 32 82 0.010811 11111111
256 8 32 83 0.007186 22222222
256 8 32 84 0.008626 11111111
256 8 32 85 0.009030 11111111
256 8 32 86 0.010660 22222222
256 8 32 87 0.009570 11111111
256 8 32 88 0.009789 11111111
256 8 32 89 0.010002 11111111
256 8 32 90 0.010933 22222222
256 8 32 91 0.011209 11111111
256 8 32 92 0.008491 22222222
256 8 32 93 0.010785 11111111
256 8 32 94 0.010018 11111111
256 8 32 95 0.010010 11111111
256 8 32 96 0.009988 22222222
256 8 32 97 0.009415 11111111
256 8 32 98 0.011159 22222222
256 8 32 99 0.010286 22222222
512 2 4 0 0.002248 11111111111111111111111111111111111111111111111111111111111111111111111111111111111111111111111111111111111111111111111111111111
512 2 4 1 0.002346 21111111111111111111111111111111111111111111111111111111111111111111111111111111111111111111111111111111111111111111111111111111
512 2 4 2 0.002341 11111111111111111111111111111111111111111111111111111111111111111111111111111111111111111111111111111111111111111111111111111111
512 2 4 3 0.002340 11111111111111111111111111111111111111111111111111111111111111111111111111111111111111111111111111111111111111111111111111111111
512 2 4 4 0.002230 21111111111111111111111111111111111111111111111111111111111111111111111111111111111111111111111111111111111111111111111111111111
512 2 4 5 0.002244 11111111111111111111111111111111111111111111111111111111111111111111111111111111111111111111111111111111111111111111111111111111
512 2 4 6 0.002216 11111111111111111111111111111111111111111111111111111111111111111111111111111111111111111111111111111111111111111111111111111111
512 2 4 7 0.002235 22221111111111111111111111111111111111111111111111111111111111111111111111111111111111111111111111111111111111111111111111111111
512 2 4 8 0.002299 11111111111111111111111111111111111111111111111111111111111111111111111111111111111111111111111111111111111111111111111111111111
512 2 4 9 0.002414 22211111111111111111111111111111111111111111111111111111111111111111111111111111111111111111111111111111111111111111111111111111
512 2 4 10 0.002317 11111111111111111111111111111111111111111111111111111111111111111111111111111111111111111111111111111111111111111111111111111111
512 2 4 11 0.002336 11111111111111111111111111111111111111111111111111111111111111111111111111111111111111111111111111111111111111111111111111111111
512 2 4 12 0.002186 11111111111111111111111111111111111111111111111111111111111111111111111111111111111111111111111111111111111111111111111111111111
512 2 4 13 0.002265 11111111111111111111111111111111111111111111111111111111111111111111111111111111111111111111111111111111111111111111111111111111
512 2 4 14 0.002341 11111111111111111111111111111111111111111111111111111111111111111111111111111111111111111111111111111111111111111111111111111111
512 2 4 15 0.002224 11111111111111111111111111111111111111111111111111111111111111111111111111111111111111111111111111111111111111111111111111111111
512 2 4 16 0.002428 11111111111111111111111111111111111111111111111111111111111111111111111111111111111111111111111111111111111111111111111111111111
512 2 4 17 0.002302 11111111111111111111111111111111111111111111111111111111111111111111111111111111111111111111111111111111111111111111111111111111
512 2 4 18 0.002262 11111111111111111111111111111111111111111111111111111111111111111111111111111111111111111111111111111111111111111111111111111111
512 2 4 19 0.002107 11111111111111111111111111111111111111111111111111111111111111111111111111111111111111111111111111111111111111111111111111111111
512 2 4 20 0.002356 11111111111111111111111111111111111111111111111111111111111111111111111111111111111111111111111111111111111111111111111111111111
512 2 4 21 0.002237 21111111111111111111111111111111111111111111111111111111111111111111111111111111111111111111111111111111111111111111111111111111
512 2 4 22 0.002215 11111111111111111111111111111111111111111111111111111111111111111111111111111111111111111111111111111111111111111111111111111111
512 2 4 23 0.002119 11111111111111111111111111111111111111111111111111111111111111111111111111111111111111111111111111111111111111111111111111111111
512 2 4 24 0.002388 11111111111111111111111111111111111111111111111111111111111111111111111111111111111111111111111111111111111111111111111111111111
512 2 4 25 0.002268 11111111111111111111111111111111111111111111111111111111111111111111111111111111111111111111111111111111111111111111111111111111
512 2 4 26 0.002216 11111111111111111111111111111111111111111111111111111111111111111111111111111111111111111111111111111111111111111111111111111111
512 2 4 27 0.002262 11111111111111111111111111111111111111111111111111111111111111111111111111111111111111111111111111111111111111111111111111111111
512 2 4 28 0.002262 22211111111111111111111111111111111111111111111111111111111111111111111111111111111111111111111111111111111111111111111111111111
512 2 4 29 0.002268 11111111111111111111111111111111111111111111111111111111111111111111111111111111111111111111111111111111111111111111111111111111
512 2 4 30 0.002160 11111111111111111111111111111111111111111111111111111111111111111111111111111111111111111111111111111111111111111111111111111111
512 2 4 31 0.002303 11111111111111111111111111111111111111111111111111111111111111111111111111111111111111111111111111111111111111111111111111111111
512 2 4 32 0.002387 11111111111111111111111111111111111111111111111111111111111111111111111111111111111111111111111111111111111111111111111111111111
512 2 4 33 0.002106 11111111111111111111111111111111111111111111111111111111111111111111111111111111111111111111111111111111111111111111111111111111
512 2 4 34 0.002274 11111111111111111111111111111111111111111111111111111111111111111111111111111111111111111111111111111111111111111111111111111111
512 2 4 35 0.002327 11111111111111111111111111111111111111111111111111111111111111111111111111111111111111111111111111111111111111111111111111111111
512 2 4 36 0.002308 11111111111111111111111111111111111111111111111111111111111111111111111111111111111111111111111111111111111111111111111111111111
512 2 4 37 0.002408 21111111111111111111111111111111111111111111111111111111111111111111111111111111111111111111111111111111111111111111111111111111
512 2 4 38 0.002046 11111111111111111111111111111111111111111111111111111111111111111111111111111111111111111111111111111111111111111111111111111111
512 2 4 39 0.002312 22222111111111111111111111111111111111111111111111111111111111111111111111111111111111111111111111111111111111111111111111111111
512 2 4 40 0.002170 11111111111111111111111111111111111111111111111111111111111111111111111111111111111111111111111111111111111111111111111111111111
512 2 4 41 0.002279 11111111111111111111111111111111111111111111111111111111111111111111111111111111111111111111111111111111111111111111111111111111
512 2 4 42 0.002403 11111111111111111111111111111111111111111111111111111111111111111111111111111111111111111111111111111111111111111111111111111111
512 2 4 43 0.002270 11111111111111111111111111111111111111111111111111111111111111111111111111111111111111111111111111111111111111111111111111111111
512 2 4 44 0.002557 11111111111111111111111111111111111111111111111111111111111111111111111111111111111111111111111111111111111111111111111111111111
512 2 4 45 0.002285 11111111111111111111111111111111111111111111111111111111111111111111111111111111111111111111111111111111111111111111111111111111
512 2 4 46 0.002497 11111111111111111111111111111111111111111111111111111111111111111111111111111111111111111111111111111111111111111111111111111111
512 2 4 47 0.002237 11111111111111111111111111111111111111111111111111111111111111111111111111111111111111111111111111111111111111111111111111111111
512 2 4 48 0.002458 11111111111111111111111111111111111111111111111111111111111111111111111111111111111111111111111111111111111111111111111111111111
512 2 4 49 0.002245 11111111111111111111111111111111111111111111111111111111111111111111111111111111111111111111111111111111111111111111111111111111
512 2 4 50 0.002245 11111111111111111111111111111111111111111111111111111111111111111111111111111111111111111111111111111111111111111111111111111111
512 2 4 51 0.002239 11111111111111111111111111111111111111111111111111111111111111111111111111111111111111111111111111111111111111111111111111111111
512 2 4 52 0.002528 11111111111111111111111111111111111111111111111111111111111111111111111111111111111111111111111111111111111111111111111111111111
512 2 4 53 0.002321 11111111111111111111111111111111111111111111111111111111111111111111111111111111111111111111111111111111111111111111111111111111
512 2 4 54 0.002236 11111111111111111111111111111111111111111111111111111111111111111111111111111111111111111111111111111111111111111111111111111111
512 2 4 55 0.002225 11111111111111111111111111111111111111111111111111111111111111111111111111111111111111111111111111111111111111111111111111111111
512 2 4 56 0.002258 11111111111111111111111111111111111111111111111111111111111111111111111111111111111111111111111111111111111111111111111111111111
512 2 4 57 0.002308 11111111111111111111111111111111111111111111111111111111111111111111111111111111111111111111111111111111111111111111111111111111
512 2 4 58 0.002210 11111111111111111111111111111111111111111111111111111111111111111111111111111111111111111111111111111111111111111111111111111111
512 2 4 59 0.002331 11111111111111111111111111111111111111111111111111111111111111111111111111111111111111111111111111111111111111111111111111111111
512 2 4 60 0.002225 11111111111111111111111111111111111111111111111111111111111111111111111111111111111111111111111111111111111111111111111111111111
512 2 4 61 0.002166 11111111111111111111111111111111111111111111111111111111111111111111111111111111111111111111111111111111111111111111111111111111
512 2 4 62 0.002200 11111111111111111111111111111111111111111111111111111111111111111111111111111111111111111111111111111111111111111111111111111111
512 2 4 63 0.002393 11111111111111111111111111111111111111111111111111111111111111111111111111111111111111111111111111111111111111111111111111111111
512 2 4 64 0.002519 11111111111111111111111111111111111111111111111111111111111111111111111111111111111111111111111111111111111111111111111111111111
512 2 4 65 0.002319 11111111111111111111111111111111111111111111111111111111111111111111111111111111111111111111111111111111111111111111111111111111
512 2 4 66 0.002261 21111111111111111111111111111111111111111111111111111111111111111111111111111111111111111111111111111111111111111111111111111111
512 2 4 67 0.002282 21111111111111111111111111111111111111111111111111111111111111111111111111111111111111111111111111111111111111111111111111111111
512 2 4 68 0.002242 11111111111111111111111111111111111111111111111111111111111111111111111111111111111111111111111111111111111111111111111111111111
512 2 4 69 0.002403 21111111111111111111111111111111111111111111111111111111111111111111111111111111111111111111111111111111111111111111111111111111
512 2 4 70 0.002339 11111111111111111111111111111111111111111111111111111111111111111111111111111111111111111111111111111111111111111111111111111111
512 2 4 71 0.002395 11111111111111111111111111111111111111111111111111111111111111111111111111111111111111111111111111111111111111111111111111111111
512 2 4 72 0.002289 11111111111111111111111111111111111111111111111111111111111111111111111111111111111111111111111111111111111111111111111111111111
512 2 4 73 0.002211 11111111111111111111111111111111111111111111111111111111111111111111111111111111111111111111111111111111111111111111111111111111
512 2 4 74 0.002146 21111111111111111111111111111111111111111111111111111111111111111111111111111111111111111111111111111111111111111111111111111111
512 2 4 75 0.002379 11111111111111111111111111111111111111111111111111111111111111111111111111111111111111111111111111111111111111111111111111111111
512 2 4 76 0.002363 11111111111111111111111111111111111111111111111111111111111111111111111111111111111111111111111111111111111111111111111111111111
512 2 4 77 0.002247 11111111111111111111111111111111111111111111111111111111111111111111111111111111111111111111111111111111111111111111111111111111
512 2 4 78 0.002347 11111111111111111111111111111111111111111111111111111111111111111111111111111111111111111111111111111111111111111111111111111111
512 2 4 79 0.002362 11111111111111111111111111111111111111111111111111111111111111111111111111111111111111111111111111111111111111111111111111111111
512 2 4 80 0.002237 22111111111111111111111111111111111111111111111111111111111111111111111111111111111111111111111111111111111111111111111111111111
512 2 4 81 0.002274 11111111111111111111111111111111111111111111111111111111111111111111111111111111111111111111111111111111111111111111111111111111
512 2 4 82 0.002292 11111111111111111111111111111111111111111111111111111111111111111111111111111111111111111111111111111111111111111111111111111111
512 2 4 83 0.002254 11111111111111111111111111111111111111111111111111111111111111111111111111111111111111111111111111111111111111111111111111111111
512 2 4 84 0.002440 11111111111111111111111111111111111111111111111111111111111111111111111111111111111111111111111111111111111111111111111111111111
512 2 4 85 0.002266 11111111111111111111111111111111111111111111111111111111111111111111111111111111111111111111111111111111111111111111111111111111
512 2 4 86 0.002713 11111111111111111111111111111111111111111111111111111111111111111111111111111111111111111111111111111111111111111111111111111111
512 2 4 87 0.002347 11111111111111111111111111111111111111111111111111111111111111111111111111111111111111111111111111111111111111111111111111111111
512 2 4 88 0.002348 22111111111111111111111111111111111111111111111111111111111111111111111111111111111111111111111111111111111111111111111111111111
512 2 4 89 0.002382 11111111111111111111111111111111111111111111111111111111111111111111111111111111111111111111111111111111111111111111111111111111
512 2 4 90 0.002352 11111111111111111111111111111111111111111111111111111111111111111111111111111111111111111111111111111111111111111111111111111111
512 2 4 91 0.002362 21111111111111111111111111111111111111111111111111111111111111111111111111111111111111111111111111111111111111111111111111111111
512 2 4 92 0.002369 11111111111111111111111111111111111111111111111111111111111111111111111111111111111111111111111111111111111111111111111111111111
512 2 4 93 0.002280 11111111111111111111111111111111111111111111111111111111111111111111111111111111111111111111111111111111111111111111111111111111
512 2 4 94 0.002348 11111111111111111111111111111111111111111111111111111111111111111111111111111111111111111111111111111111111111111111111111111111
512 2 4 95 0.002350 11111111111111111111111111111111111111111111111111111111111111111111111111111111111111111111111111111111111111111111111111111111
512 2 4 96 0.002259 11111111111111111111111111111111111111111111111111111111111111111111111111111111111111111111111111111111111111111111111111111111
512 2 4 97 0.002299 11111111111111111111111111111111111111111111111111111111111111111111111111111111111111111111111111111111111111111111111111111111
512 2 4 98 0.002245 11111111111111111111111111111111111111111111111111111111111111111111111111111111111111111111111111111111111111111111111111111111
512 2 4 99 0.002419 11111111111111111111111111111111111111111111111111111111111111111111111111111111111111111111111111111111111111111111111111111111
512 2 8 0 0.002163 1111111111111111111111111111111111111111111111111111111111111111
512 2 8 1 0.002348 1111111111111111111111111111111111111111111111111111111111111111
512 2 8 2 0.002296 1111111111111111111111111111111111111111111111111111111111111111
512 2 8 3 0.002327 1111111111111111111111111111111111111111111111111111111111111111
512 2 8 4 0.002243 1111111111111111111111111111111111111111111111111111111111111111
512 2 8 5 0.002271 1111111111111111111111111111111111111111111111111111111111111111
512 2 8 6 0.002221 1111111111111111111111111111111111111111111111111111111111111111
512 2 8 7 0.002255 1111111111111111111111111111111111111111111111111111111111111111
512 2 8 8 0.002241 1111111111111111111111111111111111111111111111111111111111111111
512 2 8 9 0.002359 1111111111111111111111111111111111111111111111111111111111111111
512 2 8 10 0.002292 1111111111111111111111111111111111111111111111111111111111111111
512 2 8 11 0.002292 1111111111111111111111111111111111111111111111111111111111111111
512 2 8 12 0.002137 1111111111111111111111111111111111111111111111111111111111111111
512 2 8 13 0.002249 1111111111111111111111111111111111111111111111111111111111111111
512 2 8 14 0.002335 1111111111111111111111111111111111111111111111111111111111111111
512 2 8 15 0.002228 1111111111111111111111111111111111111111111111111111111111111111
512 2 8 16 0.002382 1111111111111111111111111111111111111111111111111111111111111111
512 2 8 17 0.002216 1111111111111111111111111111111111111111111111111111111111111111
512 2 8 18 0.002246 1111111111111111111111111111111111111111111111111111111111111111
512 2 8 19 0.002070 1111111111111111111111111111111111111111111111111111111111111111
512 2 8 20 0.002343 1111111111111111111111111111111111111111111111111111111111111111
512 2 8 21 0.002264 1111111111111111111111111111111111111111111111111111111111111111
512 2 8 22 0.002265 1111111111111111111111111111111111111111111111111111111111111111
512 2 8 23 0.002109 1111111111111111111111111111111111111111111111111111111111111111
512 2 8 24 0.002358 1111111111111111111111111111111111111111111111111111111111111111
512 2 8 25 0.002218 1111111111111111111111111111111111111111111111111111111111111111
512 2 8 26 0.002192 1111111111111111111111111111111111111111111111111111111111111111
512 2 8 27 0.002301 1111111111111111111111111111111111111111111111111111111111111111
512 2 8 28 0.002272 2111111111111111111111111111111111111111111111111111111111111111
512 2 8 29 0.002200 1111111111111111111111111111111111111111111111111111111111111111
512 2 8 30 0.002101 1111111111111111111111111111111111111111111111111111111111111111
512 2 8 31 0.002284 1111111111111111111111111111111111111111111111111111111111111111
512 2 8 32 0.002359 1111111111111111111111111111111111111111111111111111111111111111
512 2 8 33 0.002104 1111111111111111111111111111111111111111111111111111111111111111
512 2 8 34 0.002273 1111111111111111111111111111111111111111111111111111111111111111
512 2 8 35 0.002336 1111111111111111111111111111111111111111111111111111111111111111
512 2 8 36 0.002281 1111111111111111111111111111111111111111111111111111111111111111
512 2 8 37 0.002254 1111111111111111111111111111111111111111111111111111111111111111
512 2 8 38 0.002054 1111111111111111111111111111111111111111111111111111111111111111
512 2 8 39 0.002310 2211111111111111111111111111111111111111111111111111111111111111
512 2 8 40 0.002137 1111111111111111111111111111111111111111111111111111111111111111
512 2 8 41 0.002254 1111111111111111111111111111111111111111111111111111111111111111
512 2 8 42 0.002377 1111111111111111111111111111111111111111111111111111111111111111
512 2 8 43 0.002282 1111111111111111111111111111111111111111111111111111111111111111
512 2 8 44 0.002615 1111111111111111111111111111111111111111111111111111111111111111
512 2 8 45 0.002259 1111111111111111111111111111111111111111111111111111111111111111
512 2 8 46 0.002411 1111111111111111111111111111111111111111111111111111111111111111
512 2 8 47 0.002200 1111111111111111111111111111111111111111111111111111111111111111
512 2 8 48 0.002494 1111111111111111111111111111111111111111111111111111111111111111
512 2 8 49 0.002229 1111111111111111111111111111111111111111111111111111111111111111
512 2 8 50 0.002293 1111111111111111111111111111111111111111111111111111111111111111
512 2 8 51 0.002204 1111111111111111111111111111111111111111111111111111111111111111
512 2 8 52 0.002262 1111111111111111111111111111111111111111111111111111111111111111
512 2 8 53 0.002309 1111111111111111111111111111111111111111111111111111111111111111
512 2 8 54 0.002179 1111111111111111111111111111111111111111111111111111111111111111
512 2 8 55 0.002235 1111111111111111111111111111111111111111111111111111111111111111
512 2 8 56 0.002173 1111111111111111111111111111111111111111111111111111111111111111
512 2 8 57 0.002223 1111111111111111111111111111111111111111111111111111111111111111
512 2 8 58 0.002177 1111111111111111111111111111111111111111111111111111111111111111
512 2 8 59 0.002323 1111111111111111111111111111111111111111111111111111111111111111
512 2 8 60 0.002209 1111111111111111111111111111111111111111111111111111111111111111
512 2 8 61 0.002131 1111111111111111111111111111111111111111111111111111111111111111
512 2 8 62 0.002201 1111111111111111111111111111111111111111111111111111111111111111
512 2 8 63 0.002325 1111111111111111111111111111111111111111111111111111111111111111
512 2 8 64 0.002429 1111111111111111111111111111111111111111111111111111111111111111
512 2 8 65 0.002311 1111111111111111111111111111111111111111111111111111111111111111
512 2 8 66 0.002191 1111111111111111111111111111111111111111111111111111111111111111
512 2 8 67 0.002286 1111111111111111111111111111111111111111111111111111111111111111
512 2 8 68 0.002240 1111111111111111111111111111111111111111111111111111111111111111
512 2 8 69 0.002406 1111111111111111111111111111111111111111111111111111111111111111
512 2 8 70 0.002345 1111111111111111111111111111111111111111111111111111111111111111
512 2 8 71 0.002373 1111111111111111111111111111111111111111111111111111111111111111
512 2 8 72 0.002343 1111111111111111111111111111111111111111111111111111111111111111
512 2 8 73 0.002224 1111111111111111111111111111111111111111111111111111111111111111
512 2 8 74 0.002112 1111111111111111111111111111111111111111111111111111111111111111
512 2 8 75 0.002309 1111111111111111111111111111111111111111111111111111111111111111
512 2 8 76 0.002297 1111111111111111111111111111111111111111111111111111111111111111
512 2 8 77 0.002218 1111111111111111111111111111111111111111111111111111111111111111
512 2 8 78 0.002323 1111111111111111111111111111111111111111111111111111111111111111
512 2 8 79 0.002348 1111111111111111111111111111111111111111111111111111111111111111
512 2 8 80 0.002173 1111111111111111111111111111111111111111111111111111111111111111
512 2 8 81 0.002283 1111111111111111111111111111111111111111111111111111111111111111
512 2 8 82 0.002283 1111111111111111111111111111111111111111111111111111111111111111
512 2 8 83 0.002250 1111111111111111111111111111111111111111111111111111111111111111
512 2 8 84 0.002488 1111111111111111111111111111111111111111111111111111111111111111
512 2 8 85 0.002244 1111111111111111111111111111111111111111111111111111111111111111
512 2 8 86 0.002285 1111111111111111111111111111111111111111111111111111111111111111
512 2 8 87 0.002361 1111111111111111111111111111111111111111111111111111111111111111
512 2 8 88 0.002349 2111111111111111111111111111111111111111111111111111111111111111
512 2 8 89 0.002288 1111111111111111111111111111111111111111111111111111111111111111
512 2 8 90 0.002300 1111111111111111111111111111111111111111111111111111111111111111
512 2 8 91 0.002343 1111111111111111111111111111111111111111111111111111111111111111
512 2 8 92 0.002366 1111111111111111111111111111111111111111111111111111111111111111
512 2 8 93 0.002255 1111111111111111111111111111111111111111111111111111111111111111
512 2 8 94 0.002253 1111111111111111111111111111111111111111111111111111111111111111
512 2 8 95 0.002350 1111111111111111111111111111111111111111111111111111111111111111
512 2 8 96 0.002201 1111111111111111111111111111111111111111111111111111111111111111
512 2 8 97 0.002303 1111111111111111111111111111111111111111111111111111111111111111
512 2 8 98 0.002250 1111111111111111111111111111111111111111111111111111111111111111
512 2 8 99 0.002390 1111111111111111111111111111111111111111111111111111111111111111
512 2 16 0 0.002096 11111111111111111111111111111111
512 2 16 1 0.002258 11111111111111111111111111111111
512 2 16 2 0.002281 11111111111111111111111111111111
512 2 16 3 0.002216 11111111111111111111111111111111
512 2 16 4 0.002173 11111111111111111111111111111111
512 2 16 5 0.002176 11111111111111111111111111111111
512 2 16 6 0.002162 11111111111111111111111111111111
512 2 16 7 0.002152 11111111111111111111111111111111
512 2 16 8 0.002173 11111111111111111111111111111111
512 2 16 9 0.002300 11111111111111111111111111111111
512 2 16 10 0.002246 11111111111111111111111111111111
512 2 16 11 0.002269 11111111111111111111111111111111
512 2 16 12 0.002074 11111111111111111111111111111111
512 2 16 13 0.002193 11111111111111111111111111111111
512 2 16 14 0.002304 11111111111111111111111111111111
512 2 16 15 0.002128 11111111111111111111111111111111
512 2 16 16 0.002326 11111111111111111111111111111111
512 2 16 17 0.002138 11111111111111111111111111111111
512 2 16 18 0.002161 11111111111111111111111111111111
512 2 16 19 0.002011 11111111111111111111111111111111
512 2 16 20 0.002235 11111111111111111111111111111111
512 2 16 21 0.002152 11111111111111111111111111111111
512 2 16 22 0.002135 11111111111111111111111111111111
512 2 16 23 0.002059 11111111111111111111111111111111
512 2 16 24 0.002320 11111111111111111111111111111111
512 2 16 25 0.002133 11111111111111111111111111111111
512 2 16 26 0.002114 11111111111111111111111111111111
512 2 16 27 0.002190 11111111111111111111111111111111
512 2 16 28 0.002181 11111111111111111111111111111111
512 2 16 29 0.002139 11111111111111111111111111111111
512 2 16 30 0.002010 11111111111111111111111111111111
512 2 16 31 0.002239 11111111111111111111111111111111
512 2 16 32 0.002307 11111111111111111111111111111111
512 2 16 33 0.002040 11111111111111111111111111111111
512 2 16 34 0.002210 11111111111111111111111111111111
512 2 16 35 0.002211 11111111111111111111111111111111
512 2 16 36 0.002221 11111111111111111111111111111111
512 2 16 37 0.002160 11111111111111111111111111111111
512 2 16 38 0.002069 11111111111111111111111111111111
512 2 16 39 0.002249 21111111111111111111111111111111
512 2 16 40 0.002079 11111111111111111111111111111111
512 2 16 41 0.002188 11111111111111111111111111111111
512 2 16 42 0.002300 11111111111111111111111111111111
512 2 16 43 0.002209 11111111111111111111111111111111
512 2 16 44 0.002483 11111111111111111111111111111111
512 2 16 45 0.002203 11111111111111111111111111111111
512 2 16 46 0.002362 11111111111111111111111111111111
512 2 16 47 0.002130 11111111111111111111111111111111
512 2 16 48 0.002402 11111111111111111111111111111111
512 2 16 49 0.002188 11111111111111111111111111111111
512 2 16 50 0.002158 11111111111111111111111111111111
512 2 16 51 0.002164 11111111111111111111111111111111
512 2 16 52 0.002188 11111111111111111111111111111111
512 2 16 53 0.002253 11111111111111111111111111111111
512 2 16 54 0.002118 11111111111111111111111111111111
512 2 16 55 0.002139 11111111111111111111111111111111
512 2 16 56 0.002106 11111111111111111111111111111111
512 2 16 57 0.002163 11111111111111111111111111111111
512 2 16 58 0.002091 11111111111111111111111111111111
512 2 16 59 0.002257 11111111111111111111111111111111
512 2 16 60 0.002186 11111111111111111111111111111111
512 2 16 61 0.002070 11111111111111111111111111111111
512 2 16 62 0.002110 11111111111111111111111111111111
512 2 16 63 0.002273 11111111111111111111111111111111
512 2 16 64 0.002342 11111111111111111111111111111111
512 2 16 65 0.002210 11111111111111111111111111111111
512 2 16 66 0.002112 11111111111111111111111111111111
512 2 16 67 0.002758 11111111111111111111111111111111
512 2 16 68 0.002143 11111111111111111111111111111111
512 2 16 69 0.002347 11111111111111111111111111111111
512 2 16 70 0.002260 11111111111111111111111111111111
512 2 16 71 0.002290 11111111111111111111111111111111
512 2 16 72 0.002356 11111111111111111111111111111111
512 2 16 73 0.002137 11111111111111111111111111111111
512 2 16 74 0.002048 11111111111111111111111111111111
512 2 16 75 0.002280 11111111111111111111111111111111
512 2 16 76 0.002250 11111111111111111111111111111111
512 2 16 77 0.002171 11111111111111111111111111111111
512 2 16 78 0.002281 11111111111111111111111111111111
512 2 16 79 0.002311 11111111111111111111111111111111
512 2 16 80 0.002128 11111111111111111111111111111111
512 2 16 81 0.002203 11111111111111111111111111111111
512 2 16 82 0.002158 11111111111111111111111111111111
512 2 16 83 0.002142 11111111111111111111111111111111
512 2 16 84 0.002422 11111111111111111111111111111111
512 2 16 85 0.002187 11111111111111111111111111111111
512 2 16 86 0.002200 11111111111111111111111111111111
512 2 16 87 0.002292 11111111111111111111111111111111
512 2 16 88 0.002285 11111111111111111111111111111111
512 2 16 89 0.002204 11111111111111111111111111111111
512 2 16 90 0.002285 11111111111111111111111111111111
512 2 16 91 0.002280 11111111111111111111111111111111
512 2 16 92 0.002275 11111111111111111111111111111111
512 2 16 93 0.002194 11111111111111111111111111111111
512 2 16 94 0.002178 11111111111111111111111111111111
512 2 16 95 0.002258 11111111111111111111111111111111
512 2 16 96 0.002135 11111111111111111111111111111111
512 2 16 97 0.002261 11111111111111111111111111111111
512 2 16 98 0.002121 11111111111111111111111111111111
512 2 16 99 0.002332 11111111111111111111111111111111
512 2 32 0 0.002153 1111111111111111
512 2 32 1 0.002354 1111111111111111
512 2 32 2 0.002320 1111111111111111
512 2 32 3 0.002269 1111111111111111
512 2 32 4 0.002228 1111111111111111
512 2 32 5 0.002255 1111111111111111
512 2 32 6 0.002239 1111111111111111
512 2 32 7 0.002252 1111111111111111
512 2 32 8 0.002245 1111111111111111
512 2 32 9 0.002348 1111111111111111
512 2 32 10 0.002299 1111111111111111
512 2 32 11 0.002295 1111111111111111
512 2 32 12 0.002153 1111111111111111
512 2 32 13 0.002267 1111111111111111
512 2 32 14 0.002370 1111111111111111
512 2 32 15 0.002212 1111111111111111
512 2 32 16 0.002422 1111111111111111
512 2 32 17 0.002208 1111111111111111
512 2 32 18 0.002217 1111111111111111
512 2 32 19 0.002062 1111111111111111
512 2 32 20 0.002299 1111111111111111
512 2 32 21 0.002206 1111111111111111
512 2 32 22 0.002184 1111111111111111
512 2 32 23 0.002111 1111111111111111
512 2 32 24 0.002378 1111111111111111
512 2 32 25 0.002184 1111111111111111
512 2 32 26 0.002179 1111111111111111
512 2 32 27 0.002301 1111111111111111
512 2 32 28 0.002273 1111111111111111
512 2 32 29 0.002202 1111111111111111
512 2 32 30 0.002102 1111111111111111
512 2 32 31 0.002287 1111111111111111
512 2 32 32 0.002376 1111111111111111
512 2 32 33 0.002077 1111111111111111
512 2 32 34 0.002288 1111111111111111
512 2 32 35 0.002287 1111111111111111
512 2 32 36 0.002289 1111111111111111
512 2 32 37 0.002229 1111111111111111
512 2 32 38 0.002007 1111111111111111
512 2 32 39 0.002291 1111111111111111
512 2 32 40 0.002125 1111111111111111
512 2 32 41 0.002248 1111111111111111
512 2 32 42 0.002357 1111111111111111
512 2 32 43 0.002312 1111111111111111
512 2 32 44 0.002537 1111111111111111
512 2 32 45 0.002257 1111111111111111
512 2 32 46 0.002438 1111111111111111
512 2 32 47 0.002188 1111111111111111
512 2 32 48 0.002625 1111111111111111
512 2 32 49 0.002231 1111111111111111
512 2 32 50 0.002206 1111111111111111
512 2 32 51 0.002203 1111111111111111
512 2 32 52 0.002271 1111111111111111
512 2 32 53 0.002322 1111111111111111
512 2 32 54 0.002165 1111111111111111
512 2 32 55 0.002184 1111111111111111
512 2 32 56 0.002158 1111111111111111
512 2 32 57 0.002249 1111111111111111
512 2 32 58 0.002182 1111111111111111
512 2 32 59 0.002313 1111111111111111
512 2 32 60 0.002191 1111111111111111
512 2 32 61 0.002115 1111111111111111
512 2 32 62 0.002183 1111111111111111
512 2 32 63 0.002325 1111111111111111
512 2 32 64 0.002426 1111111111111111
512 2 32 65 0.002291 1111111111111111
512 2 32 66 0.002166 1111111111111111
512 2 32 67 0.002274 1111111111111111
512 2 32 68 0.002260 1111111111111111
512 2 32 69 0.002373 1111111111111111
512 2 32 70 0.002376 1111111111111111
512 2 32 71 0.002392 1111111111111111
512 2 32 72 0.002286 1111111111111111
512 2 32 73 0.002198 1111111111111111
512 2 32 74 0.002131 1111111111111111
512 2 32 75 0.002305 1111111111111111
512 2 32 76 0.002329 1111111111111111
512 2 32 77 0.002201 1111111111111111
512 2 32 78 0.002308 1111111111111111
512 2 32 79 0.002357 1111111111111111
512 2 32 80 0.002185 1111111111111111
512 2 32 81 0.002286 1111111111111111
512 2 32 82 0.002224 1111111111111111
512 2 32 83 0.002218 1111111111111111
512 2 32 84 0.002443 1111111111111111
512 2 32 85 0.002244 1111111111111111
512 2 32 86 0.002258 1111111111111111
512 2 32 87 0.002391 1111111111111111
512 2 32 88 0.002325 1111111111111111
512 2 32 89 0.002251 1111111111111111
512 2 32 90 0.002290 1111111111111111
512 2 32 91 0.002334 1111111111111111
512 2 32 92 0.002351 1111111111111111
512 2 32 93 0.002247 1111111111111111
512 2 32 94 0.002220 1111111111111111
512 2 32 95 0.002349 1111111111111111
512 2 32 96 0.002190 1111111111111111
512 2 32 97 0.002296 1111111111111111
512 2 32 98 0.002257 1111111111111111
512 2 32 99 0.002418 1111111111111111
512 4 8 0 0.005935 1111111111111111111111111111111111111111111111111111111111111111
512 4 8 1 0.006612 2222222222222222221111111111111111111111111111111111111111111111
512 4 8 2 0.006285 1111111111111111111111111111111111111111111111111111111111111111
512 4 8 3 0.006234 1111111111111111111111111111111111111111111111111111111111111111
512 4 8 4 0.005774 2222222222222222211111111111111111111111111111111111111111111111
512 4 8 5 0.006061 1111111111111111111111111111111111111111111111111111111111111111
512 4 8 6 0.005978 1111111111111111111111111111111111111111111111111111111111111111
512 4 8 7 0.005913 2211111111111111111111111111111111111111111111111111111111111111
512 4 8 8 0.005791 1111111111111111111111111111111111111111111111111111111111111111
512 4 8 9 0.006528 2222222222222222222222222221111111111111111111111111111111111111
512 4 8 10 0.006228 1111111111111111111111111111111111111111111111111111111111111111
512 4 8 11 0.006161 1111111111111111111111111111111111111111111111111111111111111111
512 4 8 12 0.005685 1111111111111111111111111111111111111111111111111111111111111111
512 4 8 13 0.006036 1111111111111111111111111111111111111111111111111111111111111111
512 4 8 14 0.006474 1111111111111111111111111111111111111111111111111111111111111111
512 4 8 15 0.005987 1111111111111111111111111111111111111111111111111111111111111111
512 4 8 16 0.006536 1111111111111111111111111111111111111111111111111111111111111111
512 4 8 17 0.006016 1111111111111111111111111111111111111111111111111111111111111111
512 4 8 18 0.006105 1111111111111111111111111111111111111111111111111111111111111111
512 4 8 19 0.005436 1111111111111111111111111111111111111111111111111111111111111111
512 4 8 20 0.006088 1111111111111111111111111111111111111111111111111111111111111111
512 4 8 21 0.005873 2111111111111111111111111111111111111111111111111111111111111111
512 4 8 22 0.005932 1111111111111111111111111111111111111111111111111111111111111111
512 4 8 23 0.005986 1111111111111111111111111111111111111111111111111111111111111111
512 4 8 24 0.006472 1111111111111111111111111111111111111111111111111111111111111111
512 4 8 25 0.005948 1111111111111111111111111111111111111111111111111111111111111111
512 4 8 26 0.006038 1111111111111111111111111111111111111111111111111111111111111111
512 4 8 27 0.006132 1111111111111111111111111111111111111111111111111111111111111111
512 4 8 28 0.006012 2222222222222222211111111111111111111111111111111111111111111111
512 4 8 29 0.005741 1111111111111111111111111111111111111111111111111111111111111111
512 4 8 30 0.005468 1111111111111111111111111111111111111111111111111111111111111111
512 4 8 31 0.006190 1111111111111111111111111111111111111111111111111111111111111111
512 4 8 32 0.006483 1111111111111111111111111111111111111111111111111111111111111111
512 4 8 33 0.005486 1111111111111111111111111111111111111111111111111111111111111111
512 4 8 34 0.006104 1111111111111111111111111111111111111111111111111111111111111111
512 4 8 35 0.006257 1111111111111111111111111111111111111111111111111111111111111111
512 4 8 36 0.006344 1111111111111111111111111111111111111111111111111111111111111111
512 4 8 37 0.006112 2222222222222222222222222222111111111111111111111111111111111111
512 4 8 38 0.005215 1111111111111111111111111111111111111111111111111111111111111111
512 4 8 39 0.006315 2221111111111111111111111111111111111111111111111111111111111111
512 4 8 40 0.005680 1111111111111111111111111111111111111111111111111111111111111111
512 4 8 41 0.006102 1111111111111111111111111111111111111111111111111111111111111111
512 4 8 42 0.006298 1111111111111111111111111111111111111111111111111111111111111111
512 4 8 43 0.006307 1111111111111111111111111111111111111111111111111111111111111111
512 4 8 44 0.007109 1111111111111111111111111111111111111111111111111111111111111111
512 4 8 45 0.006272 1111111111111111111111111111111111111111111111111111111111111111
512 4 8 46 0.006681 1111111111111111111111111111111111111111111111111111111111111111
512 4 8 47 0.005935 1111111111111111111111111111111111111111111111111111111111111111
512 4 8 48 0.006828 1111111111111111111111111111111111111111111111111111111111111111
512 4 8 49 0.006132 1111111111111111111111111111111111111111111111111111111111111111
512 4 8 50 0.005883 1111111111111111111111111111111111111111111111111111111111111111
512 4 8 51 0.005997 1111111111111111111111111111111111111111111111111111111111111111
512 4 8 52 0.006585 1111111111111111111111111111111111111111111111111111111111111111
512 4 8 53 0.006316 1111111111111111111111111111111111111111111111111111111111111111
512 4 8 54 0.005853 1111111111111111111111111111111111111111111111111111111111111111
512 4 8 55 0.005909 1111111111111111111111111111111111111111111111111111111111111111
512 4 8 56 0.005751 1111111111111111111111111111111111111111111111111111111111111111
512 4 8 57 0.005898 1111111111111111111111111111111111111111111111111111111111111111
512 4 8 58 0.005607 1111111111111111111111111111111111111111111111111111111111111111
512 4 8 59 0.006286 1111111111111111111111111111111111111111111111111111111111111111
512 4 8 60 0.005922 1111111111111111111111111111111111111111111111111111111111111111
512 4 8 61 0.005589 1111111111111111111111111111111111111111111111111111111111111111
512 4 8 62 0.005853 1111111111111111111111111111111111111111111111111111111111111111
512 4 8 63 0.006315 1111111111111111111111111111111111111111111111111111111111111111
512 4 8 64 0.006840 1111111111111111111111111111111111111111111111111111111111111111
512 4 8 65 0.006385 1111111111111111111111111111111111111111111111111111111111111111
512 4 8 66 0.005849 2222222222222222222222222222222222221111111111111111111111111111
512 4 8 67 0.006271 2222222211111111111111111111111111111111111111111111111111111111
512 4 8 68 0.005968 1111111111111111111111111111111111111111111111111111111111111111
512 4 8 69 0.006674 2222222222222222221111111111111111111111111111111111111111111111
512 4 8 70 0.006371 1111111111111111111111111111111111111111111111111111111111111111
512 4 8 71 0.006724 1111111111111111111111111111111111111111111111111111111111111111
512 4 8 72 0.006001 1111111111111111111111111111111111111111111111111111111111111111
512 4 8 73 0.006027 1111111111111111111111111111111111111111111111111111111111111111
512 4 8 74 0.005591 2222222222222222221111111111111111111111111111111111111111111111
512 4 8 75 0.006247 1111111111111111111111111111111111111111111111111111111111111111
512 4 8 76 0.006491 1111111111111111111111111111111111111111111111111111111111111111
512 4 8 77 0.006003 1111111111111111111111111111111111111111111111111111111111111111
512 4 8 78 0.006444 1111111111111111111111111111111111111111111111111111111111111111
512 4 8 79 0.006455 1111111111111111111111111111111111111111111111111111111111111111
512 4 8 80 0.006014 2222222222222222222222222222111111111111111111111111111111111111
512 4 8 81 0.006141 1111111111111111111111111111111111111111111111111111111111111111
512 4 8 82 0.006128 1111111111111111111111111111111111111111111111111111111111111111
512 4 8 83 0.005890 1111111111111111111111111111111111111111111111111111111111111111
512 4 8 84 0.006554 1111111111111111111111111111111111111111111111111111111111111111
512 4 8 85 0.005911 1111111111111111111111111111111111111111111111111111111111111111
512 4 8 86 0.006090 1111111111111111111111111111111111111111111111111111111111111111
512 4 8 87 0.006366 1111111111111111111111111111111111111111111111111111111111111111
512 4 8 88 0.006295 2222222222222222222222222222222222222222222111111111111111111111
512 4 8 89 0.005958 1111111111111111111111111111111111111111111111111111111111111111
512 4 8 90 0.006398 1111111111111111111111111111111111111111111111111111111111111111
512 4 8 91 0.006577 2222222222222222111111111111111111111111111111111111111111111111
512 4 8 92 0.006538 1111111111111111111111111111111111111111111111111111111111111111
512 4 8 93 0.006159 1111111111111111111111111111111111111111111111111111111111111111
512 4 8 94 0.006083 1111111111111111111111111111111111111111111111111111111111111111
512 4 8 95 0.006090 1111111111111111111111111111111111111111111111111111111111111111
512 4 8 96 0.005700 1111111111111111111111111111111111111111111111111111111111111111
512 4 8 97 0.006298 1111111111111111111111111111111111111111111111111111111111111111
512 4 8 98 0.006061 1111111111111111111111111111111111111111111111111111111111111111
512 4 8 99 0.006357 1111111111111111111111111111111111111111111111111111111111111111
512 4 16 0 0.005610 11111111111111111111111111111111
512 4 16 1 0.006370 22222222211111111111111111111111
512 4 16 2 0.006136 11111111111111111111111111111111
512 4 16 3 0.006077 11111111111111111111111111111111
512 4 16 4 0.005561 22222222111111111111111111111111
512 4 16 5 0.005810 11111111111111111111111111111111
512 4 16 6 0.005719 11111111111111111111111111111111
512 4 16 7 0.005793 21111111111111111111111111111111
512 4 16 8 0.005615 11111111111111111111111111111111
512 4 16 9 0.006389 22222222222221111111111111111111
512 4 16 10 0.006064 11111111111111111111111111111111
512 4 16 11 0.006042 11111111111111111111111111111111
512 4 16 12 0.005616 11111111111111111111111111111111
512 4 16 13 0.005801 11111111111111111111111111111111
512 4 16 14 0.006203 11111111111111111111111111111111
512 4 16 15 0.005827 11111111111111111111111111111111
512 4 16 16 0.006242 11111111111111111111111111111111
512 4 16 17 0.005889 11111111111111111111111111111111
512 4 16 18 0.005867 11111111111111111111111111111111
512 4 16 19 0.005374 11111111111111111111111111111111
512 4 16 20 0.005966 11111111111111111111111111111111
512 4 16 21 0.005733 11111111111111111111111111111111
512 4 16 22 0.005884 11111111111111111111111111111111
512 4 16 23 0.005288 11111111111111111111111111111111
512 4 16 24 0.006309 11111111111111111111111111111111
512 4 16 25 0.005749 11111111111111111111111111111111
512 4 16 26 0.005741 11111111111111111111111111111111
512 4 16 27 0.005850 11111111111111111111111111111111
512 4 16 28 0.005753 22222222111111111111111111111111
512 4 16 29 0.005613 11111111111111111111111111111111
512 4 16 30 0.005275 11111111111111111111111111111111
512 4 16 31 0.005859 11111111111111111111111111111111
512 4 16 32 0.006196 11111111111111111111111111111111
512 4 16 33 0.005333 11111111111111111111111111111111
512 4 16 34 0.005894 11111111111111111111111111111111
512 4 16 35 0.006059 11111111111111111111111111111111
512 4 16 36 0.005984 11111111111111111111111111111111
512 4 16 37 0.005766 22222222222222111111111111111111
512 4 16 38 0.005149 11111111111111111111111111111111
512 4 16 39 0.006050 21111111111111111111111111111111
512 4 16 40 0.005755 11111111111111111111111111111111
512 4 16 41 0.005690 11111111111111111111111111111111
512 4 16 42 0.006191 11111111111111111111111111111111
512 4 16 43 0.006097 11111111111111111111111111111111
512 4 16 44 0.006900 11111111111111111111111111111111
512 4 16 45 0.005815 11111111111111111111111111111111
512 4 16 46 0.006554 11111111111111111111111111111111
512 4 16 47 0.005676 11111111111111111111111111111111
512 4 16 48 0.006556 11111111111111111111111111111111
512 4 16 49 0.005901 11111111111111111111111111111111
512 4 16 50 0.005950 11111111111111111111111111111111
512 4 16 51 0.005798 11111111111111111111111111111111
512 4 16 52 0.006017 11111111111111111111111111111111
512 4 16 53 0.006063 11111111111111111111111111111111
512 4 16 54 0.005712 11111111111111111111111111111111
512 4 16 55 0.005659 11111111111111111111111111111111
512 4 16 56 0.005657 11111111111111111111111111111111
512 4 16 57 0.005813 11111111111111111111111111111111
512 4 16 58 0.005560 11111111111111111111111111111111
512 4 16 59 0.006162 11111111111111111111111111111111
512 4 16 60 0.005875 11111111111111111111111111111111
512 4 16 61 0.005335 11111111111111111111111111111111
512 4 16 62 0.005585 11111111111111111111111111111111
512 4 16 63 0.006012 11111111111111111111111111111111
512 4 16 64 0.006425 11111111111111111111111111111111
512 4 16 65 0.006049 11111111111111111111111111111111
512 4 16 66 0.005777 22222222222222222211111111111111
512 4 16 67 0.005929 22221111111111111111111111111111
512 4 16 68 0.005774 11111111111111111111111111111111
512 4 16 69 0.006438 22222222211111111111111111111111
512 4 16 70 0.006251 11111111111111111111111111111111
512 4 16 71 0.006196 11111111111111111111111111111111
512 4 16 72 0.006073 11111111111111111111111111111111
512 4 16 73 0.005848 11111111111111111111111111111111
512 4 16 74 0.005466 22222222211111111111111111111111
512 4 16 75 0.006168 11111111111111111111111111111111
512 4 16 76 0.006148 11111111111111111111111111111111
512 4 16 77 0.005820 11111111111111111111111111111111
512 4 16 78 0.006355 11111111111111111111111111111111
512 4 16 79 0.006176 11111111111111111111111111111111
512 4 16 80 0.005645 22222222222222111111111111111111
512 4 16 81 0.006066 11111111111111111111111111111111
512 4 16 82 0.005800 11111111111111111111111111111111
512 4 16 83 0.005743 11111111111111111111111111111111
512 4 16 84 0.006390 11111111111111111111111111111111
512 4 16 85 0.005802 11111111111111111111111111111111
512 4 16 86 0.005849 11111111111111111111111111111111
512 4 16 87 0.006310 11111111111111111111111111111111
512 4 16 88 0.006149 22222222222222222222211111111111
512 4 16 89 0.005853 11111111111111111111111111111111
512 4 16 90 0.006047 11111111111111111111111111111111
512 4 16 91 0.006473 22222222111111111111111111111111
512 4 16 92 0.006579 11111111111111111111111111111111
512 4 16 93 0.006117 11111111111111111111111111111111
512 4 16 94 0.005789 11111111111111111111111111111111
512 4 16 95 0.006112 11111111111111111111111111111111
512 4 16 96 0.005530 11111111111111111111111111111111
512 4 16 97 0.006312 11111111111111111111111111111111
512 4 16 98 0.005789 11111111111111111111111111111111
512 4 16 99 0.006435 11111111111111111111111111111111
512 4 32 0 0.006533 1111111111111111
512 4 32 1 0.006526 2222111111111111
512 4 32 2 0.006291 1111111111111111
512 4 32 3 0.006069 1111111111111111
512 4 32 4 0.005814 2222111111111111
512 4 32 5 0.006027 1111111111111111
512 4 32 6 0.006182 1111111111111111
512 4 32 7 0.006053 1111111111111111
512 4 32 8 0.005970 1111111111111111
512 4 32 9 0.006690 2222221111111111
512 4 32 10 0.006343 1111111111111111
512 4 32 11 0.006525 1111111111111111
512 4 32 12 0.005915 1111111111111111
512 4 32 13 0.006231 1111111111111111
512 4 32 14 0.006583 1111111111111111
512 4 32 15 0.005866 1111111111111111
512 4 32 16 0.006656 1111111111111111
512 4 32 17 0.006188 1111111111111111
512 4 32 18 0.006098 1111111111111111
512 4 32 19 0.005427 1111111111111111
512 4 32 20 0.006154 1111111111111111
512 4 32 21 0.005967 1111111111111111
512 4 32 22 0.006044 1111111111111111
512 4 32 23 0.005434 1111111111111111
512 4 32 24 0.006642 1111111111111111
512 4 32 25 0.006105 1111111111111111
512 4 32 26 0.006178 1111111111111111
512 4 32 27 0.006346 1111111111111111
512 4 32 28 0.006279 2222111111111111
512 4 32 29 0.005795 1111111111111111
512 4 32 30 0.005571 1111111111111111
512 4 32 31 0.006254 1111111111111111
512 4 32 32 0.006547 1111111111111111
512 4 32 33 0.005683 1111111111111111
512 4 32 34 0.006170 1111111111111111
512 4 32 35 0.006356 1111111111111111
512 4 32 36 0.006459 1111111111111111
512 4 32 37 0.006119 2222222111111111
512 4 32 38 0.005431 1111111111111111
512 4 32 39 0.006339 1111111111111111
512 4 32 40 0.006060 1111111111111111
512 4 32 41 0.005977 1111111111111111
512 4 32 42 0.006652 1111111111111111
512 4 32 43 0.006369 1111111111111111
512 4 32 44 0.007206 1111111111111111
512 4 32 45 0.006044 1111111111111111
512 4 32 46 0.006772 1111111111111111
512 4 32 47 0.006105 1111111111111111
512 4 32 48 0.006811 1111111111111111
512 4 32 49 0.006174 1111111111111111
512 4 32 50 0.005946 1111111111111111
512 4 32 51 0.006060 1111111111111111
512 4 32 52 0.006209 1111111111111111
512 4 32 53 0.006438 1111111111111111
512 4 32 54 0.006143 1111111111111111
512 4 32 55 0.005890 1111111111111111
512 4 32 56 0.006011 1111111111111111
512 4 32 57 0.006077 1111111111111111
512 4 32 58 0.005901 1111111111111111
512 4 32 59 0.006409 1111111111111111
512 4 32 60 0.006092 1111111111111111
512 4 32 61 0.005588 1111111111111111
512 4 32 62 0.006054 1111111111111111
512 4 32 63 0.006342 1111111111111111
512 4 32 64 0.006818 1111111111111111
512 4 32 65 0.006264 1111111111111111
512 4 32 66 0.005934 2222222221111111
512 4 32 67 0.006310 2211111111111111
512 4 32 68 0.006307 1111111111111111
512 4 32 69 0.006724 2222111111111111
512 4 32 70 0.006496 1111111111111111
512 4 32 71 0.006426 1111111111111111
512 4 32 72 0.006194 1111111111111111
512 4 32 73 0.006086 1111111111111111
512 4 32 74 0.005723 2222111111111111
512 4 32 75 0.006318 1111111111111111
512 4 32 76 0.006370 1111111111111111
512 4 32 77 0.006014 1111111111111111
512 4 32 78 0.006451 1111111111111111
512 4 32 79 0.006465 1111111111111111
512 4 32 80 0.005811 2222222111111111
512 4 32 81 0.006436 1111111111111111
512 4 32 82 0.006136 1111111111111111
512 4 32 83 0.006270 1111111111111111
512 4 32 84 0.006562 1111111111111111
512 4 32 85 0.006215 1111111111111111
512 4 32 86 0.006224 1111111111111111
512 4 32 87 0.006574 1111111111111111
512 4 32 88 0.006428 2222222222111111
512 4 32 89 0.006249 1111111111111111
512 4 32 90 0.006287 1111111111111111
512 4 32 91 0.006591 2222111111111111
512 4 32 92 0.006931 1111111111111111
512 4 32 93 0.006156 1111111111111111
512 4 32 94 0.006085 1111111111111111
512 4 32 95 0.006220 1111111111111111
512 4 32 96 0.005735 1111111111111111
512 4 32 97 0.006314 1111111111111111
512 4 32 98 0.006116 1111111111111111
512 4 32 99 0.007224 1111111111111111
512 8 16 0 0.018867 11111111111111111111111111111111
512 8 16 1 0.020656 22222222222222222222222222222222
512 8 16 2 0.020963 11111111111111111111111111111111
512 8 16 3 0.019981 11111111111111111111111111111111
512 8 16 4 0.018652 22222222222222222222222222222222
512 8 16 5 0.018846 11111111111111111111111111111111
512 8 16 6 0.019010 11111111111111111111111111111111
512 8 16 7 0.018457 22222222222222222222222222222222
512 8 16 8 0.019144 11111111111111111111111111111111
512 8 16 9 0.021110 22222222222222222222222222222222
512 8 16 10 0.020138 11111111111111111111111111111111
512 8 16 11 0.018982 11111111111111111111111111111111
512 8 16 12 0.018893 11111111111111111111111111111111
512 8 16 13 0.019421 11111111111111111111111111111111
512 8 16 14 0.020316 11111111111111111111111111111111
512 8 16 15 0.018702 11111111111111111111111111111111
512 8 16 16 0.020287 11111111111111111111111111111111
512 8 16 17 0.019695 11111111111111111111111111111111
512 8 16 18 0.019377 11111111111111111111111111111111
512 8 16 19 0.017041 11111111111111111111111111111111
512 8 16 20 0.019654 11111111111111111111111111111111
512 8 16 21 0.019003 22222222222222222222222222222222
512 8 16 22 0.019708 11111111111111111111111111111111
512 8 16 23 0.017418 11111111111111111111111111111111
512 8 16 24 0.021036 11111111111111111111111111111111
512 8 16 25 0.020077 11111111111111111111111111111111
512 8 16 26 0.020186 11111111111111111111111111111111
512 8 16 27 0.019989 11111111111111111111111111111111
512 8 16 28 0.018734 22222222222222222222222222222222
512 8 16 29 0.018735 11111111111111111111111111111111
512 8 16 30 0.017374 11111111111111111111111111111111
512 8 16 31 0.020173 11111111111111111111111111111111
512 8 16 32 0.022895 11111111111111111111111111111111
512 8 16 33 0.018275 11111111111111111111111111111111
512 8 16 34 0.019621 11111111111111111111111111111111
512 8 16 35 0.019927 11111111111111111111111111111111
512 8 16 36 0.020844 11111111111111111111111111111111
512 8 16 37 0.019283 22222222222222222222222222222222
512 8 16 38 0.015951 11111111111111111111111111111111
512 8 16 39 0.020472 22222222222222222222222222222222
512 8 16 40 0.017726 11111111111111111111111111111111
512 8 16 41 0.018956 11111111111111111111111111111111
512 8 16 42 0.021719 11111111111111111111111111111111
512 8 16 43 0.021176 11111111111111111111111111111111
512 8 16 44 0.024550 11111111111111111111111111111111
512 8 16 45 0.020279 11111111111111111111111111111111
512 8 16 46 0.021249 11111111111111111111111111111111
512 8 16 47 0.018012 11111111111111111111111111111111
512 8 16 48 0.023403 11111111111111111111111111111111
512 8 16 49 0.020063 11111111111111111111111111111111
512 8 16 50 0.019908 11111111111111111111111111111111
512 8 16 51 0.019726 11111111111111111111111111111111
512 8 16 52 0.020325 11111111111111111111111111111111
512 8 16 53 0.019947 11111111111111111111111111111111
512 8 16 54 0.019094 11111111111111111111111111111111
512 8 16 55 0.019554 11111111111111111111111111111111
512 8 16 56 0.018153 11111111111111111111111111111111
512 8 16 57 0.019628 11111111111111111111111111111111
512 8 16 58 0.018661 11111111111111111111111111111111
512 8 16 59 0.022098 11111111111111111111111111111111
512 8 16 60 0.019132 11111111111111111111111111111111
512 8 16 61 0.017156 11111111111111111111111111111111
512 8 16 62 0.018040 11111111111111111111111111111111
512 8 16 63 0.021740 11111111111111111111111111111111
512 8 16 64 0.021776 11111111111111111111111111111111
512 8 16 65 0.019261 11111111111111111111111111111111
512 8 16 66 0.018708 22222222222222222222222222222222
512 8 16 67 0.019613 22222222222222222222222222222222
512 8 16 68 0.018425 11111111111111111111111111111111
512 8 16 69 0.022836 22222222222222222222222222222222
512 8 16 70 0.022255 11111111111111111111111111111111
512 8 16 71 0.021030 11111111111111111111111111111111
512 8 16 72 0.019565 11111111111111111111111111111111
512 8 16 73 0.019594 11111111111111111111111111111111
512 8 16 74 0.018538 22222222222222222222222222222222
512 8 16 75 0.020718 11111111111111111111111111111111
512 8 16 76 0.020440 11111111111111111111111111111111
512 8 16 77 0.020615 11111111111111111111111111111111
512 8 16 78 0.020336 11111111111111111111111111111111
512 8 16 79 0.022218 11111111111111111111111111111111
512 8 16 80 0.018543 22222222222222222222222222222222
512 8 16 81 0.019311 11111111111111111111111111111111
512 8 16 82 0.019653 11111111111111111111111111111111
512 8 16 83 0.018660 11111111111111111111111111111111
512 8 16 84 0.020808 11111111111111111111111111111111
512 8 16 85 0.019796 11111111111111111111111111111111
512 8 16 86 0.019653 11111111111111111111111111111111
512 8 16 87 0.021655 11111111111111111111111111111111
512 8 16 88 0.021329 22222222222222222222222222222222
512 8 16 89 0.019237 11111111111111111111111111111111
512 8 16 90 0.019917 11111111111111111111111111111111
512 8 16 91 0.022415 22222222222222222222222222222222
512 8 16 92 0.022645 11111111111111111111111111111111
512 8 16 93 0.020602 11111111111111111111111111111111
512 8 16 94 0.020046 11111111111111111111111111111111
512 8 16 95 0.020607 11111111111111111111111111111111
512 8 16 96 0.018548 11111111111111111111111111111111
512 8 16 97 0.020290 11111111111111111111111111111111
512 8 16 98 0.018551 11111111111111111111111111111111
512 8 16 99 0.021090 11111111111111111111111111111111
512 8 32 0 0.019149 1111111111111111
512 8 32 1 0.022360 2222222222222222
512 8 32 2 0.021185 1111111111111111
512 8 32 3 0.020273 1111111111111111
512 8 32 4 0.019471 2222222222222222
512 8 32 5 0.020876 1111111111111111
512 8 32 6 0.019844 1111111111111111
512 8 32 7 0.020127 2222222222222222
512 8 32 8 0.020530 1111111111111111
512 8 32 9 0.022808 2222222222222222
512 8 32 10 0.021232 1111111111111111
512 8 32 11 0.020317 1111111111111111
512 8 32 12 0.019889 1111111111111111
512 8 32 13 0.020646 1111111111111111
512 8 32 14 0.022232 1111111111111111
512 8 32 15 0.020400 1111111111111111
512 8 32 16 0.021894 1111111111111111
512 8 32 17 0.019978 1111111111111111
512 8 32 18 0.019846 1111111111111111
512 8 32 19 0.018218 1111111111111111
512 8 32 20 0.021833 1111111111111111
512 8 32 21 0.020978 2222222222222222
512 8 32 22 0.019128 1111111111111111
512 8 32 23 0.018502 1111111111111111
512 8 32 24 0.022741 1111111111111111
512 8 32 25 0.019824 1111111111111111
512 8 32 26 0.020158 1111111111111111
512 8 32 27 0.020618 1111111111111111
512 8 32 28 0.019740 2222222222222222
512 8 32 29 0.018795 1111111111111111
512 8 32 30 0.018127 1111111111111111
512 8 32 31 0.019977 1111111111111111
512 8 32 32 0.022033 1111111111111111
512 8 32 33 0.018688 1111111111111111
512 8 32 34 0.021433 1111111111111111
512 8 32 35 0.020682 1111111111111111
512 8 32 36 0.020448 1111111111111111
512 8 32 37 0.020695 2222222222222222
512 8 32 38 0.016939 1111111111111111
512 8 32 39 0.020996 2222222222222222
512 8 32 40 0.019231 1111111111111111
512 8 32 41 0.019377 1111111111111111
512 8 32 42 0.021923 1111111111111111
512 8 32 43 0.021372 1111111111111111
512 8 32 44 0.024951 1111111111111111
512 8 32 45 0.020733 1111111111111111
512 8 32 46 0.022124 1111111111111111
512 8 32 47 0.018647 1111111111111111
512 8 32 48 0.023153 1111111111111111
512 8 32 49 0.020014 1111111111111111
512 8 32 50 0.020650 1111111111111111
512 8 32 51 0.020614 1111111111111111
512 8 32 52 0.020922 1111111111111111
512 8 32 53 0.021804 1111111111111111
512 8 32 54 0.019342 1111111111111111
512 8 32 55 0.019145 1111111111111111
512 8 32 56 0.019603 1111111111111111
512 8 32 57 0.019187 1111111111111111
512 8 32 58 0.020250 1111111111111111
512 8 32 59 0.021975 1111111111111111
512 8 32 60 0.019190 1111111111111111
512 8 32 61 0.017785 1111111111111111
512 8 32 62 0.019786 1111111111111111
512 8 32 63 0.021024 1111111111111111
512 8 32 64 0.022609 1111111111111111
512 8 32 65 0.020526 1111111111111111
512 8 32 66 0.018796 2222222222222222
512 8 32 67 0.020786 2222222222222222
512 8 32 68 0.020223 1111111111111111
512 8 32 69 0.022909 2222222222222222
512 8 32 70 0.021056 1111111111111111
512 8 32 71 0.021469 1111111111111111
512 8 32 72 0.020686 1111111111111111
512 8 32 73 0.020193 1111111111111111
512 8 32 74 0.018271 2222222222222222
512 8 32 75 0.020613 1111111111111111
512 8 32 76 0.020344 1111111111111111
512 8 32 77 0.021531 1111111111111111
512 8 32 78 0.021102 1111111111111111
512 8 32 79 0.021285 1111111111111111
512 8 32 80 0.019532 2222222222222222
512 8 32 81 0.020338 1111111111111111
512 8 32 82 0.021159 1111111111111111
512 8 32 83 0.020174 1111111111111111
512 8 32 84 0.022017 1111111111111111
512 8 32 85 0.019610 1111111111111111
512 8 32 86 0.020739 1111111111111111
512 8 32 87 0.021112 1111111111111111
512 8 32 88 0.021200 2222222222222222
512 8 32 89 0.020786 1111111111111111
512 8 32 90 0.020271 1111111111111111
512 8 32 91 0.021911 2222222222222222
512 8 32 92 0.021948 1111111111111111
512 8 32 93 0.020525 1111111111111111
512 8 32 94 0.019873 1111111111111111
512 8 32 95 0.021033 1111111111111111
512 8 32 96 0.019054 1111111111111111
512 8 32 97 0.020261 1111111111111111
512 8 32 98 0.019589 1111111111111111
512 8 32 99 0.022207 1111111111111111
