16 2 4 0 0.000073 2222
16 2 4 1 0.000038 1111
16 2 4 2 0.000070 2222
16 2 4 3 0.000066 1111
16 2 4 4 0.000068 2222
16 2 4 5 0.000056 2222
16 2 4 6 0.000073 2222
16 2 4 7 0.000070 2222
16 2 4 8 0.000074 1111
16 2 4 9 0.000046 2222
16 2 4 10 0.000052 0022
16 2 4 11 0.000061 1111
16 2 4 12 0.000048 0222
16 2 4 13 0.000075 2222
16 2 4 14 0.000066 1111
16 2 4 15 0.000066 2222
16 2 4 16 0.000068 1111
16 2 4 17 0.000056 2222
16 2 4 18 0.000066 2222
16 2 4 19 0.000065 2222
16 2 4 20 0.000089 2222
16 2 4 21 0.000086 2222
16 2 4 22 0.000047 2222
16 2 4 23 0.000065 0222
16 2 4 24 0.000053 2222
16 2 4 25 0.000049 2111
16 2 4 26 0.000029 1111
16 2 4 27 0.000061 0222
16 2 4 28 0.000071 1111
16 2 4 29 0.000060 2222
16 2 4 30 0.000058 2221
16 2 4 31 0.000075 2222
16 2 4 32 0.000071 1111
16 2 4 33 0.000032 2222
16 2 4 34 0.000077 2222
16 2 4 35 0.000062 2222
16 2 4 36 0.000048 2222
16 2 4 37 0.000061 2222
16 2 4 38 0.000079 2222
16 2 4 39 0.000055 1111
16 2 4 40 0.000030 1111
16 2 4 41 0.000077 1111
16 2 4 42 0.000050 2222
16 2 4 43 0.000087 2222
16 2 4 44 0.000087 2222
16 2 4 45 0.000047 1111
16 2 4 46 0.000065 2222
16 2 4 47 0.000040 0222
16 2 4 48 0.000068 0222
16 2 4 49 0.000048 1111
16 2 4 50 0.000042 2222
16 2 4 51 0.000081 1111
16 2 4 52 0.000046 2222
16 2 4 53 0.000031 0111
16 2 4 54 0.000063 2222
16 2 4 55 0.000075 2222
16 2 4 56 0.000065 0222
16 2 4 57 0.000046 2222
16 2 4 58 0.000078 0222
16 2 4 59 0.000088 1111
16 2 4 60 0.000088 2222
16 2 4 61 0.000069 1111
16 2 4 62 0.000082 2222
16 2 4 63 0.000063 0222
16 2 4 64 0.000056 2222
16 2 4 65 0.000065 2222
16 2 4 66 0.000067 2222
16 2 4 67 0.000078 0222
16 2 4 68 0.000057 0222
16 2 4 69 0.000041 2222
16 2 4 70 0.000045 2222
16 2 4 71 0.000093 2222
16 2 4 72 0.000104 1111
16 2 4 73 0.000056 1111
16 2 4 74 0.000056 2222
16 2 4 75 0.000031 0222
16 2 4 76 0.000065 0222
16 2 4 77 0.000077 2222
16 2 4 78 0.000067 1111
16 2 4 79 0.000053 2222
16 2 4 80 0.000079 2222
16 2 4 81 0.000072 2222
16 2 4 82 0.000088 2222
16 2 4 83 0.000068 1111
16 2 4 84 0.000066 2222
16 2 4 85 0.000091 2222
16 2 4 86 0.000069 0222
16 2 4 87 0.000065 2222
16 2 4 88 0.000092 2222
16 2 4 89 0.000091 2222
16 2 4 90 0.000070 2222
16 2 4 91 0.000074 1111
16 2 4 92 0.000049 1111
16 2 4 93 0.000092 1111
16 2 4 94 0.000072 1111
16 2 4 95 0.000061 2222
16 2 4 96 0.000069 2222
16 2 4 97 0.000088 2222
16 2 4 98 0.000076 2222
16 2 4 99 0.000097 1111
16 2 8 0 0.000071 22
16 2 8 1 0.000035 11
16 2 8 2 0.000062 22
16 2 8 3 0.000057 11
16 2 8 4 0.000065 22
16 2 8 5 0.000054 22
16 2 8 6 0.000069 22
16 2 8 7 0.000075 22
16 2 8 8 0.000068 11
16 2 8 9 0.000042 22
16 2 8 10 0.000048 02
16 2 8 11 0.000056 11
16 2 8 12 0.000045 22
16 2 8 13 0.000075 22
16 2 8 14 0.000065 11
16 2 8 15 0.000058 22
16 2 8 16 0.000066 11
16 2 8 17 0.000057 22
16 2 8 18 0.000071 22
16 2 8 19 0.000062 22
16 2 8 20 0.000081 22
16 2 8 21 0.000080 22
16 2 8 22 0.000043 22
16 2 8 23 0.000062 22
16 2 8 24 0.000046 22
16 2 8 25 0.000046 11
16 2 8 26 0.000027 11
16 2 8 27 0.000066 22
16 2 8 28 0.000068 11
16 2 8 29 0.000059 22
16 2 8 30 0.000063 21
16 2 8 31 0.000066 22
16 2 8 32 0.000063 11
16 2 8 33 0.000026 22
16 2 8 34 0.000074 22
16 2 8 35 0.000060 22
16 2 8 36 0.000047 22
16 2 8 37 0.000059 22
16 2 8 38 0.000072 22
16 2 8 39 0.000053 11
16 2 8 40 0.000026 11
16 2 8 41 0.000065 11
16 2 8 42 0.000043 22
16 2 8 43 0.000092 22
16 2 8 44 0.000084 22
16 2 8 45 0.000054 11
16 2 8 46 0.000056 22
16 2 8 47 0.000038 22
16 2 8 48 0.000064 22
16 2 8 49 0.000044 11
16 2 8 50 0.000042 22
16 2 8 51 0.000079 11
16 2 8 52 0.000043 22
16 2 8 53 0.000029 11
16 2 8 54 0.000061 22
16 2 8 55 0.000074 22
16 2 8 56 0.000063 22
16 2 8 57 0.000044 22
16 2 8 58 0.000077 22
16 2 8 59 0.000077 11
16 2 8 60 0.000085 22
16 2 8 61 0.000068 11
16 2 8 62 0.000081 22
16 2 8 63 0.000058 22
16 2 8 64 0.000053 22
16 2 8 65 0.000072 22
16 2 8 66 0.000065 22
16 2 8 67 0.000075 22
16 2 8 68 0.000052 22
16 2 8 69 0.000032 22
16 2 8 70 0.000037 22
16 2 8 71 0.000083 22
16 2 8 72 0.000103 11
16 2 8 73 0.000055 11
16 2 8 74 0.000054 22
16 2 8 75 0.000028 22
16 2 8 76 0.000066 22
16 2 8 77 0.000075 22
16 2 8 78 0.000063 11
16 2 8 79 0.000051 22
16 2 8 80 0.000078 22
16 2 8 81 0.000066 22
16 2 8 82 0.000084 22
16 2 8 83 0.000066 11
16 2 8 84 0.000065 22
16 2 8 85 0.000090 22
16 2 8 86 0.000069 22
16 2 8 87 0.000058 22
16 2 8 88 0.000091 22
16 2 8 89 0.000089 22
16 2 8 90 0.000062 22
16 2 8 91 0.000072 11
16 2 8 92 0.000047 11
16 2 8 93 0.000092 11
16 2 8 94 0.000067 11
16 2 8 95 0.000052 22
16 2 8 96 0.000063 22
16 2 8 97 0.000086 22
16 2 8 98 0.000071 22
16 2 8 99 0.000094 11
16 2 16 0 0.000078 2
16 2 16 1 0.000030 1
16 2 16 2 0.000072 2
16 2 16 3 0.000058 1
16 2 16 4 0.000070 2
16 2 16 5 0.000057 2
16 2 16 6 0.000073 2
16 2 16 7 0.000072 2
16 2 16 8 0.000068 1
16 2 16 9 0.000040 2
16 2 16 10 0.000048 2
16 2 16 11 0.000054 1
16 2 16 12 0.000047 2
16 2 16 13 0.000079 2
16 2 16 14 0.000066 1
16 2 16 15 0.000060 2
16 2 16 16 0.000069 1
16 2 16 17 0.000056 2
16 2 16 18 0.000073 2
16 2 16 19 0.000067 2
16 2 16 20 0.000084 2
16 2 16 21 0.000084 2
16 2 16 22 0.000047 2
16 2 16 23 0.000066 2
16 2 16 24 0.000047 2
16 2 16 25 0.000043 1
16 2 16 26 0.000026 1
16 2 16 27 0.000060 2
16 2 16 28 0.000070 1
16 2 16 29 0.000061 2
16 2 16 30 0.000056 1
16 2 16 31 0.000068 2
16 2 16 32 0.000059 1
16 2 16 33 0.000024 2
16 2 16 34 0.000068 2
16 2 16 35 0.000065 2
16 2 16 36 0.000047 2
16 2 16 37 0.000063 2
16 2 16 38 0.000072 2
16 2 16 39 0.000056 1
16 2 16 40 0.000025 1
16 2 16 41 0.000066 1
16 2 16 42 0.000044 2
16 2 16 43 0.000089 2
16 2 16 44 0.000087 2
16 2 16 45 0.000048 1
16 2 16 46 0.000059 2
16 2 16 47 0.000036 2
16 2 16 48 0.000068 2
16 2 16 49 0.000046 1
16 2 16 50 0.000042 2
16 2 16 51 0.000085 1
16 2 16 52 0.000053 2
16 2 16 53 0.000028 1
16 2 16 54 0.000064 2
16 2 16 55 0.000074 2
16 2 16 56 0.000064 2
16 2 16 57 0.000042 2
16 2 16 58 0.000079 2
16 2 16 59 0.000078 1
16 2 16 60 0.000088 2
16 2 16 61 0.000075 1
16 2 16 62 0.000083 2
16 2 16 63 0.000057 2
16 2 16 64 0.000055 2
16 2 16 65 0.000068 2
16 2 16 66 0.000069 2
16 2 16 67 0.000085 2
16 2 16 68 0.000051 2
16 2 16 69 0.000032 2
16 2 16 70 0.000035 2
16 2 16 71 0.000088 2
16 2 16 72 0.000103 1
16 2 16 73 0.000057 1
16 2 16 74 0.000056 2
16 2 16 75 0.000027 2
16 2 16 76 0.000069 2
16 2 16 77 0.000076 2
16 2 16 78 0.000067 1
16 2 16 79 0.000055 2
16 2 16 80 0.000087 2
16 2 16 81 0.000070 2
16 2 16 82 0.000097 2
16 2 16 83 0.000067 1
16 2 16 84 0.000067 2
16 2 16 85 0.000087 2
16 2 16 86 0.000072 2
16 2 16 87 0.000059 2
16 2 16 88 0.000093 2
16 2 16 89 0.000094 2
16 2 16 90 0.000064 2
16 2 16 91 0.000080 1
16 2 16 92 0.000059 1
16 2 16 93 0.000107 1
16 2 16 94 0.000066 1
16 2 16 95 0.000052 2
16 2 16 96 0.000066 2
16 2 16 97 0.000095 2
16 2 16 98 0.000074 2
16 2 16 99 0.000099 1
16 4 8 0 0.000173 22
16 4 8 1 0.000061 11
16 4 8 2 0.000130 22
16 4 8 3 0.000110 11
16 4 8 4 0.000127 22
16 4 8 5 0.000109 22
16 4 8 6 0.000145 22
16 4 8 7 0.000172 22
16 4 8 8 0.000157 11
16 4 8 9 0.000083 22
16 4 8 10 0.000108 02
16 4 8 11 0.000073 11
16 4 8 12 0.000077 22
16 4 8 13 0.000163 22
16 4 8 14 0.000142 11
16 4 8 15 0.000123 22
16 4 8 16 0.000123 11
16 4 8 17 0.000140 22
16 4 8 18 0.000123 22
16 4 8 19 0.000110 22
16 4 8 20 0.000177 22
16 4 8 21 0.000177 22
16 4 8 22 0.000080 22
16 4 8 23 0.000140 22
16 4 8 24 0.000088 22
16 4 8 25 0.000109 22
16 4 8 26 0.000040 11
16 4 8 27 0.000149 22
16 4 8 28 0.000129 11
16 4 8 29 0.000121 22
16 4 8 30 0.000136 22
16 4 8 31 0.000152 22
16 4 8 32 0.000153 11
16 4 8 33 0.000057 22
16 4 8 34 0.000172 22
16 4 8 35 0.000141 22
16 4 8 36 0.000098 22
16 4 8 37 0.000115 22
16 4 8 38 0.000181 22
16 4 8 39 0.000107 11
16 4 8 40 0.000030 11
16 4 8 41 0.000127 11
16 4 8 42 0.000090 22
16 4 8 43 0.000218 22
16 4 8 44 0.000210 22
16 4 8 45 0.000092 11
16 4 8 46 0.000088 22
16 4 8 47 0.000065 22
16 4 8 48 0.000155 22
16 4 8 49 0.000092 11
16 4 8 50 0.000060 22
16 4 8 51 0.000206 11
16 4 8 52 0.000102 22
16 4 8 53 0.000061 22
16 4 8 54 0.000126 22
16 4 8 55 0.000153 22
16 4 8 56 0.000153 22
16 4 8 57 0.000104 22
16 4 8 58 0.000188 22
16 4 8 59 0.000172 11
16 4 8 60 0.000235 22
16 4 8 61 0.000180 11
16 4 8 62 0.000221 22
16 4 8 63 0.000127 22
16 4 8 64 0.000099 22
16 4 8 65 0.000144 22
16 4 8 66 0.000141 22
16 4 8 67 0.000173 22
16 4 8 68 0.000095 22
16 4 8 69 0.000052 22
16 4 8 70 0.000069 22
16 4 8 71 0.000209 22
16 4 8 72 0.000286 11
16 4 8 73 0.000082 11
16 4 8 74 0.000119 22
16 4 8 75 0.000049 22
16 4 8 76 0.000129 22
16 4 8 77 0.000162 22
16 4 8 78 0.000134 11
16 4 8 79 0.000110 22
16 4 8 80 0.000202 22
16 4 8 81 0.000148 22
16 4 8 82 0.000215 22
16 4 8 83 0.000149 11
16 4 8 84 0.000125 22
16 4 8 85 0.000218 22
16 4 8 86 0.000130 22
16 4 8 87 0.000119 22
16 4 8 88 0.000188 22
16 4 8 89 0.000246 22
16 4 8 90 0.000123 22
16 4 8 91 0.000172 11
16 4 8 92 0.000115 11
16 4 8 93 0.000244 11
16 4 8 94 0.000149 11
16 4 8 95 0.000096 22
16 4 8 96 0.000144 22
16 4 8 97 0.000214 22
16 4 8 98 0.000145 22
16 4 8 99 0.000251 11
16 4 16 0 0.000171 2
16 4 16 1 0.000051 1
16 4 16 2 0.000136 2
16 4 16 3 0.000104 1
16 4 16 4 0.000133 2
16 4 16 5 0.000100 2
16 4 16 6 0.000153 2
16 4 16 7 0.000183 2
16 4 16 8 0.000174 1
16 4 16 9 0.000086 2
16 4 16 10 0.000115 2
16 4 16 11 0.000064 1
16 4 16 12 0.000075 2
16 4 16 13 0.000156 2
16 4 16 14 0.000137 1
16 4 16 15 0.000127 2
16 4 16 16 0.000117 1
16 4 16 17 0.000138 2
16 4 16 18 0.000126 2
16 4 16 19 0.000107 2
16 4 16 20 0.000191 2
16 4 16 21 0.000165 2
16 4 16 22 0.000077 2
16 4 16 23 0.000148 2
16 4 16 24 0.000090 2
16 4 16 25 0.000105 2
16 4 16 26 0.000038 1
16 4 16 27 0.000143 2
16 4 16 28 0.000132 1
16 4 16 29 0.000124 2
16 4 16 30 0.000135 2
16 4 16 31 0.000143 2
16 4 16 32 0.000143 1
16 4 16 33 0.000050 2
16 4 16 34 0.000170 2
16 4 16 35 0.000164 2
16 4 16 36 0.000103 2
16 4 16 37 0.000122 2
16 4 16 38 0.000191 2
16 4 16 39 0.000113 1
16 4 16 40 0.000025 1
16 4 16 41 0.000118 1
16 4 16 42 0.000086 2
16 4 16 43 0.000228 2
16 4 16 44 0.000186 2
16 4 16 45 0.000092 1
16 4 16 46 0.000090 2
16 4 16 47 0.000064 2
16 4 16 48 0.000152 2
16 4 16 49 0.000081 1
16 4 16 50 0.000060 2
16 4 16 51 0.000207 1
16 4 16 52 0.000099 2
16 4 16 53 0.000066 2
16 4 16 54 0.000127 2
16 4 16 55 0.000153 2
16 4 16 56 0.000146 2
16 4 16 57 0.000097 2
16 4 16 58 0.000195 2
16 4 16 59 0.000177 1
16 4 16 60 0.000226 2
16 4 16 61 0.000185 1
16 4 16 62 0.000210 2
16 4 16 63 0.000129 2
16 4 16 64 0.000103 2
16 4 16 65 0.000147 2
16 4 16 66 0.000152 2
16 4 16 67 0.000198 2
16 4 16 68 0.000096 2
16 4 16 69 0.000040 2
16 4 16 70 0.000067 2
16 4 16 71 0.000220 2
16 4 16 72 0.000278 1
16 4 16 73 0.000084 1
16 4 16 74 0.000124 2
16 4 16 75 0.000045 2
16 4 16 76 0.000123 2
16 4 16 77 0.000170 2
16 4 16 78 0.000144 1
16 4 16 79 0.000098 2
16 4 16 80 0.000199 2
16 4 16 81 0.000161 2
16 4 16 82 0.000220 2
16 4 16 83 0.000165 1
16 4 16 84 0.000119 2
16 4 16 85 0.000246 2
16 4 16 86 0.000140 2
16 4 16 87 0.000124 2
16 4 16 88 0.000171 2
16 4 16 89 0.000240 2
16 4 16 90 0.000126 2
16 4 16 91 0.000190 1
16 4 16 92 0.000120 1
16 4 16 93 0.000254 1
16 4 16 94 0.000154 1
16 4 16 95 0.000089 2
16 4 16 96 0.000141 2
16 4 16 97 0.000220 2
16 4 16 98 0.000148 2
16 4 16 99 0.000254 1
16 8 16 0 0.000261 2
16 8 16 1 0.000064 1
16 8 16 2 0.000213 2
16 8 16 3 0.000186 1
16 8 16 4 0.000216 2
16 8 16 5 0.000143 2
16 8 16 6 0.000207 2
16 8 16 7 0.000265 2
16 8 16 8 0.000229 1
16 8 16 9 0.000116 2
16 8 16 10 0.000155 2
16 8 16 11 0.000129 1
16 8 16 12 0.000090 2
16 8 16 13 0.000274 2
16 8 16 14 0.000209 1
16 8 16 15 0.000213 2
16 8 16 16 0.000181 1
16 8 16 17 0.000190 2
16 8 16 18 0.000147 2
16 8 16 19 0.000190 2
16 8 16 20 0.000315 2
16 8 16 21 0.000343 2
16 8 16 22 0.000129 2
16 8 16 23 0.000182 2
16 8 16 24 0.000081 2
16 8 16 25 0.000143 2
16 8 16 26 0.000043 1
16 8 16 27 0.000114 2
16 8 16 28 0.000235 1
16 8 16 29 0.000231 2
16 8 16 30 0.000122 2
16 8 16 31 0.000197 2
16 8 16 32 0.000228 1
16 8 16 33 0.000073 2
16 8 16 34 0.000208 2
16 8 16 35 0.000185 2
16 8 16 36 0.000118 2
16 8 16 37 0.000140 2
16 8 16 38 0.000206 2
16 8 16 39 0.000122 1
16 8 16 40 0.000040 1
16 8 16 41 0.000190 1
16 8 16 42 0.000131 2
16 8 16 43 0.000409 2
16 8 16 44 0.000346 2
16 8 16 45 0.000129 1
16 8 16 46 0.000143 2
16 8 16 47 0.000071 2
16 8 16 48 0.000180 2
16 8 16 49 0.000095 1
16 8 16 50 0.000101 2
16 8 16 51 0.000296 1
16 8 16 52 0.000180 2
16 8 16 53 0.000082 2
16 8 16 54 0.000176 2
16 8 16 55 0.000270 2
16 8 16 56 0.000149 2
16 8 16 57 0.000116 2
16 8 16 58 0.000281 2
16 8 16 59 0.000277 1
16 8 16 60 0.000328 2
16 8 16 61 0.000231 1
16 8 16 62 0.000270 2
16 8 16 63 0.000165 2
16 8 16 64 0.000155 2
16 8 16 65 0.000174 2
16 8 16 66 0.000229 2
16 8 16 67 0.000273 2
16 8 16 68 0.000119 2
16 8 16 69 0.000087 2
16 8 16 70 0.000106 2
16 8 16 71 0.000370 2
16 8 16 72 0.000424 1
16 8 16 73 0.000127 1
16 8 16 74 0.000147 2
16 8 16 75 0.000074 2
16 8 16 76 0.000228 2
16 8 16 77 0.000259 2
16 8 16 78 0.000204 1
16 8 16 79 0.000180 2
16 8 16 80 0.000252 2
16 8 16 81 0.000239 2
16 8 16 82 0.000379 2
16 8 16 83 0.000201 1
16 8 16 84 0.000195 2
16 8 16 85 0.000369 2
16 8 16 86 0.000186 2
16 8 16 87 0.000127 2
16 8 16 88 0.000338 2
16 8 16 89 0.000424 2
16 8 16 90 0.000202 2
16 8 16 91 0.000225 1
16 8 16 92 0.000155 1
16 8 16 93 0.000384 1
16 8 16 94 0.000231 1
16 8 16 95 0.000167 2
16 8 16 96 0.000155 2
16 8 16 97 0.000206 2
16 8 16 98 0.000257 2
16 8 16 99 0.000442 1
32 2 4 0 0.000139 22222222
32 2 4 1 0.000122 22222111
32 2 4 2 0.000146 22222222
32 2 4 3 0.000135 22222222
32 2 4 4 0.000137 22222222
32 2 4 5 0.000123 22222222
32 2 4 6 0.000164 22222222
32 2 4 7 0.000071 22222222
32 2 4 8 0.000143 22222222
32 2 4 9 0.000136 21111111
32 2 4 10 0.000136 22222222
32 2 4 11 0.000165 22222222
32 2 4 12 0.000128 22222222
32 2 4 13 0.000153 11111111
32 2 4 14 0.000132 11111111
32 2 4 15 0.000151 22222222
32 2 4 16 0.000175 11111111
32 2 4 17 0.000158 02222222
32 2 4 18 0.000137 11111111
32 2 4 19 0.000192 22222222
32 2 4 20 0.000133 22222222
32 2 4 21 0.000147 11111111
32 2 4 22 0.000173 22222222
32 2 4 23 0.000139 11111111
32 2 4 24 0.000131 11111111
32 2 4 25 0.000125 22222222
32 2 4 26 0.000144 22222222
32 2 4 27 0.000097 02222222
32 2 4 28 0.000172 22222222
32 2 4 29 0.000196 22222222
32 2 4 30 0.000137 11111111
32 2 4 31 0.000147 11111111
32 2 4 32 0.000113 22222222
32 2 4 33 0.000103 22222222
32 2 4 34 0.000162 22222222
32 2 4 35 0.000129 22222222
32 2 4 36 0.000145 22222222
32 2 4 37 0.000112 21111111
32 2 4 38 0.000143 22222222
32 2 4 39 0.000083 02211111
32 2 4 40 0.000135 22222222
32 2 4 41 0.000119 22222222
32 2 4 42 0.000140 22222222
32 2 4 43 0.000138 11111111
32 2 4 44 0.000129 22222222
32 2 4 45 0.000186 02222222
32 2 4 46 0.000149 11111111
32 2 4 47 0.000148 02111111
32 2 4 48 0.000088 02221111
32 2 4 49 0.000154 22222222
32 2 4 50 0.000159 22222211
32 2 4 51 0.000114 11111111
32 2 4 52 0.000106 02222222
32 2 4 53 0.000129 11111111
32 2 4 54 0.000101 11111111
32 2 4 55 0.000098 22222222
32 2 4 56 0.000137 22222222
32 2 4 57 0.000172 11111111
32 2 4 58 0.000164 11111111
32 2 4 59 0.000116 22222222
32 2 4 60 0.000173 22222222
32 2 4 61 0.000143 11111111
32 2 4 62 0.000133 22222222
32 2 4 63 0.000109 22222222
32 2 4 64 0.000129 22222222
32 2 4 65 0.000153 22222222
32 2 4 66 0.000133 22222222
32 2 4 67 0.000145 22222222
32 2 4 68 0.000090 22222222
32 2 4 69 0.000134 11111111
32 2 4 70 0.000093 22222211
32 2 4 71 0.000136 11111111
32 2 4 72 0.000131 11111111
32 2 4 73 0.000156 02222222
32 2 4 74 0.000141 22222222
32 2 4 75 0.000126 22222222
32 2 4 76 0.000150 02222222
32 2 4 77 0.000155 11111111
32 2 4 78 0.000124 22222222
32 2 4 79 0.000130 22222222
32 2 4 80 0.000109 02222222
32 2 4 81 0.000157 22222222
32 2 4 82 0.000147 11111111
32 2 4 83 0.000123 22111111
32 2 4 84 0.000184 02222222
32 2 4 85 0.000122 11111111
32 2 4 86 0.000124 11111111
32 2 4 87 0.000104 22222222
32 2 4 88 0.000121 22222111
32 2 4 89 0.000137 11111111
32 2 4 90 0.000146 22222222
32 2 4 91 0.000162 11111111
32 2 4 92 0.000107 11111111
32 2 4 93 0.000126 22222222
32 2 4 94 0.000130 11111111
32 2 4 95 0.000078 11111111
32 2 4 96 0.000139 11111111
32 2 4 97 0.000147 11111111
32 2 4 98 0.000185 11111111
32 2 4 99 0.000152 11111111
32 2 8 0 0.000137 2222
32 2 8 1 0.000119 2211
32 2 8 2 0.000139 2222
32 2 8 3 0.000130 2222
32 2 8 4 0.000125 2222
32 2 8 5 0.000119 2222
32 2 8 6 0.000151 2222
32 2 8 7 0.000070 2222
32 2 8 8 0.000139 2222
32 2 8 9 0.000135 1111
32 2 8 10 0.000132 2222
32 2 8 11 0.000162 2222
32 2 8 12 0.000122 2222
32 2 8 13 0.000143 1111
32 2 8 14 0.000127 1111
32 2 8 15 0.000154 2222
32 2 8 16 0.000171 1111
32 2 8 17 0.000151 2222
32 2 8 18 0.000127 1111
32 2 8 19 0.000189 2222
32 2 8 20 0.000128 2222
32 2 8 21 0.000141 1111
32 2 8 22 0.000184 2222
32 2 8 23 0.000137 1111
32 2 8 24 0.000138 1111
32 2 8 25 0.000119 2222
32 2 8 26 0.000140 2222
32 2 8 27 0.000093 2222
32 2 8 28 0.000170 2222
32 2 8 29 0.000186 2222
32 2 8 30 0.000134 1111
32 2 8 31 0.000147 1111
32 2 8 32 0.000107 2222
32 2 8 33 0.000094 2222
32 2 8 34 0.000152 2222
32 2 8 35 0.000124 2222
32 2 8 36 0.000137 2222
32 2 8 37 0.000105 1111
32 2 8 38 0.000130 2222
32 2 8 39 0.000077 2111
32 2 8 40 0.000140 2222
32 2 8 41 0.000117 2222
32 2 8 42 0.000132 2222
32 2 8 43 0.000131 1111
32 2 8 44 0.000125 2222
32 2 8 45 0.000187 2222
32 2 8 46 0.000148 1111
32 2 8 47 0.000138 2111
32 2 8 48 0.000075 2211
32 2 8 49 0.000148 2222
32 2 8 50 0.000149 2221
32 2 8 51 0.000108 1111
32 2 8 52 0.000106 2222
32 2 8 53 0.000122 1111
32 2 8 54 0.000098 1111
32 2 8 55 0.000094 2222
32 2 8 56 0.000129 2222
32 2 8 57 0.000174 1111
32 2 8 58 0.000161 1111
32 2 8 59 0.000104 2222
32 2 8 60 0.000176 2222
32 2 8 61 0.000129 1111
32 2 8 62 0.000133 2222
32 2 8 63 0.000112 2222
32 2 8 64 0.000122 2222
32 2 8 65 0.000148 2222
32 2 8 66 0.000132 2222
32 2 8 67 0.000141 2222
32 2 8 68 0.000082 2222
32 2 8 69 0.000124 1111
32 2 8 70 0.000098 2221
32 2 8 71 0.000131 1111
32 2 8 72 0.000122 1111
32 2 8 73 0.000160 2222
32 2 8 74 0.000141 2222
32 2 8 75 0.000111 2222
32 2 8 76 0.000147 2222
32 2 8 77 0.000150 1111
32 2 8 78 0.000112 2222
32 2 8 79 0.000127 2222
32 2 8 80 0.000098 2222
32 2 8 81 0.000151 2222
32 2 8 82 0.000146 1111
32 2 8 83 0.000112 2111
32 2 8 84 0.000161 2222
32 2 8 85 0.000127 1111
32 2 8 86 0.000131 1111
32 2 8 87 0.000099 2222
32 2 8 88 0.000112 2211
32 2 8 89 0.000125 1111
32 2 8 90 0.000143 2222
32 2 8 91 0.000155 1111
32 2 8 92 0.000099 1111
32 2 8 93 0.000115 2222
32 2 8 94 0.000118 1111
32 2 8 95 0.000074 1111
32 2 8 96 0.000141 1111
32 2 8 97 0.000134 1111
32 2 8 98 0.000184 1111
32 2 8 99 0.000158 1111
32 2 16 0 0.000143 22
32 2 16 1 0.000120 21
32 2 16 2 0.000136 22
32 2 16 3 0.000133 22
32 2 16 4 0.000135 22
32 2 16 5 0.000125 22
32 2 16 6 0.000156 22
32 2 16 7 0.000070 22
32 2 16 8 0.000139 22
32 2 16 9 0.000132 11
32 2 16 10 0.000130 22
32 2 16 11 0.000167 22
32 2 16 12 0.000130 22
32 2 16 13 0.000149 11
32 2 16 14 0.000132 11
32 2 16 15 0.000163 22
32 2 16 16 0.000172 11
32 2 16 17 0.000158 22
32 2 16 18 0.000135 11
32 2 16 19 0.000197 22
32 2 16 20 0.000132 22
32 2 16 21 0.000144 11
32 2 16 22 0.000172 22
32 2 16 23 0.000140 11
32 2 16 24 0.000132 11
32 2 16 25 0.000120 22
32 2 16 26 0.000146 22
32 2 16 27 0.000098 22
32 2 16 28 0.000172 22
32 2 16 29 0.000194 22
32 2 16 30 0.000138 11
32 2 16 31 0.000160 11
32 2 16 32 0.000102 22
32 2 16 33 0.000095 22
32 2 16 34 0.000157 22
32 2 16 35 0.000133 22
32 2 16 36 0.000147 22
32 2 16 37 0.000110 11
32 2 16 38 0.000140 22
32 2 16 39 0.000076 11
32 2 16 40 0.000129 22
32 2 16 41 0.000115 22
32 2 16 42 0.000138 22
32 2 16 43 0.000147 11
32 2 16 44 0.000128 22
32 2 16 45 0.000189 22
32 2 16 46 0.000150 11
32 2 16 47 0.000139 11
32 2 16 48 0.000076 21
32 2 16 49 0.000158 22
32 2 16 50 0.000158 21
32 2 16 51 0.000112 11
32 2 16 52 0.000105 22
32 2 16 53 0.000122 11
32 2 16 54 0.000102 11
32 2 16 55 0.000104 22
32 2 16 56 0.000134 22
32 2 16 57 0.000174 11
32 2 16 58 0.000166 11
32 2 16 59 0.000106 22
32 2 16 60 0.000181 22
32 2 16 61 0.000140 11
32 2 16 62 0.000137 22
32 2 16 63 0.000109 22
32 2 16 64 0.000131 22
32 2 16 65 0.000147 22
32 2 16 66 0.000134 22
32 2 16 67 0.000142 22
32 2 16 68 0.000088 22
32 2 16 69 0.000134 11
32 2 16 70 0.000093 21
32 2 16 71 0.000134 11
32 2 16 72 0.000133 11
32 2 16 73 0.000160 22
32 2 16 74 0.000141 22
32 2 16 75 0.000118 22
32 2 16 76 0.000155 22
32 2 16 77 0.000159 11
32 2 16 78 0.000111 22
32 2 16 79 0.000125 22
32 2 16 80 0.000105 22
32 2 16 81 0.000158 22
32 2 16 82 0.000148 11
32 2 16 83 0.000114 11
32 2 16 84 0.000168 22
32 2 16 85 0.000120 11
32 2 16 86 0.000118 11
32 2 16 87 0.000103 22
32 2 16 88 0.000116 21
32 2 16 89 0.000129 11
32 2 16 90 0.000146 22
32 2 16 91 0.000156 11
32 2 16 92 0.000106 11
32 2 16 93 0.000115 22
32 2 16 94 0.000122 11
32 2 16 95 0.000081 11
32 2 16 96 0.000141 11
32 2 16 97 0.000135 11
32 2 16 98 0.000190 11
32 2 16 99 0.000156 11
32 2 32 0 0.000142 2
32 2 32 1 0.000120 1
32 2 32 2 0.000139 2
32 2 32 3 0.000132 2
32 2 32 4 0.000129 2
32 2 32 5 0.000123 2
32 2 32 6 0.000156 2
32 2 32 7 0.000070 2
32 2 32 8 0.000138 2
32 2 32 9 0.000133 1
32 2 32 10 0.000133 2
32 2 32 11 0.000163 2
32 2 32 12 0.000121 2
32 2 32 13 0.000154 1
32 2 32 14 0.000135 1
32 2 32 15 0.000154 2
32 2 32 16 0.000170 1
32 2 32 17 0.000161 2
32 2 32 18 0.000132 1
32 2 32 19 0.000196 2
32 2 32 20 0.000134 2
32 2 32 21 0.000144 1
32 2 32 22 0.000170 2
32 2 32 23 0.000143 1
32 2 32 24 0.000135 1
32 2 32 25 0.000116 2
32 2 32 26 0.000146 2
32 2 32 27 0.000089 2
32 2 32 28 0.000170 2
32 2 32 29 0.000184 2
32 2 32 30 0.000136 1
32 2 32 31 0.000340 1
32 2 32 32 0.000098 2
32 2 32 33 0.000099 2
32 2 32 34 0.000161 2
32 2 32 35 0.000127 2
32 2 32 36 0.000144 2
32 2 32 37 0.000110 1
32 2 32 38 0.000134 2
32 2 32 39 0.000074 1
32 2 32 40 0.000124 2
32 2 32 41 0.000115 2
32 2 32 42 0.000137 2
32 2 32 43 0.000139 1
32 2 32 44 0.000131 2
32 2 32 45 0.000186 2
32 2 32 46 0.000146 1
32 2 32 47 0.000138 1
32 2 32 48 0.000076 1
32 2 32 49 0.000144 2
32 2 32 50 0.000158 1
32 2 32 51 0.000112 1
32 2 32 52 0.000102 2
32 2 32 53 0.000122 1
32 2 32 54 0.000099 1
32 2 32 55 0.000095 2
32 2 32 56 0.000136 2
32 2 32 57 0.000171 1
32 2 32 58 0.000163 1
32 2 32 59 0.000105 2
32 2 32 60 0.000171 2
32 2 32 61 0.000128 1
32 2 32 62 0.000136 2
32 2 32 63 0.000106 2
32 2 32 64 0.000123 2
32 2 32 65 0.000154 2
32 2 32 66 0.000131 2
32 2 32 67 0.000142 2
32 2 32 68 0.000093 2
32 2 32 69 0.000129 1
32 2 32 70 0.000090 1
32 2 32 71 0.000131 1
32 2 32 72 0.000126 1
32 2 32 73 0.000161 2
32 2 32 74 0.000140 2
32 2 32 75 0.000115 2
32 2 32 76 0.000158 2
32 2 32 77 0.000154 1
32 2 32 78 0.000109 2
32 2 32 79 0.000129 2
32 2 32 80 0.000102 2
32 2 32 81 0.000155 2
32 2 32 82 0.000155 1
32 2 32 83 0.000109 1
32 2 32 84 0.000165 2
32 2 32 85 0.000125 1
32 2 32 86 0.000120 1
32 2 32 87 0.000107 2
32 2 32 88 0.000128 1
32 2 32 89 0.000129 1
32 2 32 90 0.000141 2
32 2 32 91 0.000162 1
32 2 32 92 0.000095 1
32 2 32 93 0.000113 2
32 2 32 94 0.000126 1
32 2 32 95 0.000074 1
32 2 32 96 0.000139 1
32 2 32 97 0.000143 1
32 2 32 98 0.000193 1
32 2 32 99 0.000155 1
32 4 8 0 0.000336 2222
32 4 8 1 0.000299 2222
32 4 8 2 0.000362 2222
32 4 8 3 0.000332 2222
32 4 8 4 0.000367 2222
32 4 8 5 0.000255 2222
32 4 8 6 0.000393 2222
32 4 8 7 0.000132 2222
32 4 8 8 0.000257 2222
32 4 8 9 0.000285 2222
32 4 8 10 0.000300 2222
32 4 8 11 0.000482 2222
32 4 8 12 0.000261 2222
32 4 8 13 0.000411 1111
32 4 8 14 0.000331 1111
32 4 8 15 0.000408 2222
32 4 8 16 0.000460 1111
32 4 8 17 0.000379 2222
32 4 8 18 0.000315 1111
32 4 8 19 0.000522 2222
32 4 8 20 0.000326 2222
32 4 8 21 0.000397 1111
32 4 8 22 0.000489 2222
32 4 8 23 0.000337 1111
32 4 8 24 0.000262 1111
32 4 8 25 0.000267 2222
32 4 8 26 0.000347 2222
32 4 8 27 0.000206 2222
32 4 8 28 0.000478 2222
32 4 8 29 0.000535 2222
32 4 8 30 0.000310 1111
32 4 8 31 0.000346 1111
32 4 8 32 0.000246 2222
32 4 8 33 0.000216 2222
32 4 8 34 0.000455 2222
32 4 8 35 0.000309 2222
32 4 8 36 0.000357 2222
32 4 8 37 0.000242 2222
32 4 8 38 0.000553 2222
32 4 8 39 0.000171 2222
32 4 8 40 0.000280 2222
32 4 8 41 0.000285 2222
32 4 8 42 0.000347 2222
32 4 8 43 0.000318 1111
32 4 8 44 0.000324 2222
32 4 8 45 0.000516 2222
32 4 8 46 0.000406 1111
32 4 8 47 0.000298 2222
32 4 8 48 0.000152 2222
32 4 8 49 0.000415 2222
32 4 8 50 0.000393 2222
32 4 8 51 0.000275 1111
32 4 8 52 0.000231 2222
32 4 8 53 0.000296 1111
32 4 8 54 0.000238 1111
32 4 8 55 0.000186 2222
32 4 8 56 0.000395 2222
32 4 8 57 0.000458 1111
32 4 8 58 0.000442 1111
32 4 8 59 0.000255 2222
32 4 8 60 0.000478 2222
32 4 8 61 0.000361 1111
32 4 8 62 0.000335 2222
32 4 8 63 0.000242 2222
32 4 8 64 0.000320 2222
32 4 8 65 0.000378 2222
32 4 8 66 0.000337 2222
32 4 8 67 0.000318 2222
32 4 8 68 0.000181 2222
32 4 8 69 0.000283 1111
32 4 8 70 0.000236 2222
32 4 8 71 0.000311 1111
32 4 8 72 0.000302 1111
32 4 8 73 0.000432 2222
32 4 8 74 0.000364 2222
32 4 8 75 0.000296 2222
32 4 8 76 0.000396 2222
32 4 8 77 0.000387 1111
32 4 8 78 0.000280 2222
32 4 8 79 0.000316 2222
32 4 8 80 0.000225 2222
32 4 8 81 0.000404 2222
32 4 8 82 0.000371 1111
32 4 8 83 0.000220 2222
32 4 8 84 0.000490 2222
32 4 8 85 0.000339 1111
32 4 8 86 0.000296 1111
32 4 8 87 0.000232 2222
32 4 8 88 0.000269 2222
32 4 8 89 0.000293 1111
32 4 8 90 0.000362 2222
32 4 8 91 0.000446 1111
32 4 8 92 0.000216 1111
32 4 8 93 0.000277 2222
32 4 8 94 0.000312 1111
32 4 8 95 0.000144 1111
32 4 8 96 0.000324 1111
32 4 8 97 0.000370 1111
32 4 8 98 0.000535 1111
32 4 8 99 0.000381 1111
32 4 16 0 0.000347 22
32 4 16 1 0.000292 22
32 4 16 2 0.000339 22
32 4 16 3 0.000347 22
32 4 16 4 0.000343 22
32 4 16 5 0.000262 22
32 4 16 6 0.000380 22
32 4 16 7 0.000136 22
32 4 16 8 0.000253 22
32 4 16 9 0.000283 22
32 4 16 10 0.000330 22
32 4 16 11 0.000516 22
32 4 16 12 0.000266 22
32 4 16 13 0.000412 11
32 4 16 14 0.000315 11
32 4 16 15 0.000386 22
32 4 16 16 0.000470 11
32 4 16 17 0.000388 22
32 4 16 18 0.000313 11
32 4 16 19 0.000521 22
32 4 16 20 0.000317 22
32 4 16 21 0.000367 11
32 4 16 22 0.000465 22
32 4 16 23 0.000317 11
32 4 16 24 0.000258 11
32 4 16 25 0.000282 22
32 4 16 26 0.000366 22
32 4 16 27 0.000228 22
32 4 16 28 0.000458 22
32 4 16 29 0.000545 22
32 4 16 30 0.000316 11
32 4 16 31 0.000338 11
32 4 16 32 0.000219 22
32 4 16 33 0.000216 22
32 4 16 34 0.000461 22
32 4 16 35 0.000299 22
32 4 16 36 0.000349 22
32 4 16 37 0.000251 22
32 4 16 38 0.000373 22
32 4 16 39 0.000179 22
32 4 16 40 0.000293 22
32 4 16 41 0.000275 22
32 4 16 42 0.000340 22
32 4 16 43 0.000326 11
32 4 16 44 0.000330 22
32 4 16 45 0.000506 22
32 4 16 46 0.000408 11
32 4 16 47 0.000299 22
32 4 16 48 0.000146 22
32 4 16 49 0.000400 22
32 4 16 50 0.000404 22
32 4 16 51 0.000265 11
32 4 16 52 0.000244 22
32 4 16 53 0.000295 11
32 4 16 54 0.000243 11
32 4 16 55 0.000172 22
32 4 16 56 0.000371 22
32 4 16 57 0.000455 11
32 4 16 58 0.000436 11
32 4 16 59 0.000242 22
32 4 16 60 0.000492 22
32 4 16 61 0.000353 11
32 4 16 62 0.000345 22
32 4 16 63 0.000250 22
32 4 16 64 0.000333 22
32 4 16 65 0.000376 22
32 4 16 66 0.000324 22
32 4 16 67 0.000322 22
32 4 16 68 0.000185 22
32 4 16 69 0.000274 11
32 4 16 70 0.000231 22
32 4 16 71 0.000316 11
32 4 16 72 0.000318 11
32 4 16 73 0.000429 22
32 4 16 74 0.000356 22
32 4 16 75 0.000290 22
32 4 16 76 0.000376 22
32 4 16 77 0.000363 11
32 4 16 78 0.000263 22
32 4 16 79 0.000301 22
32 4 16 80 0.000232 22
32 4 16 81 0.000391 22
32 4 16 82 0.000368 11
32 4 16 83 0.000222 22
32 4 16 84 0.000489 22
32 4 16 85 0.000325 11
32 4 16 86 0.000259 11
32 4 16 87 0.000224 22
32 4 16 88 0.000268 22
32 4 16 89 0.000286 11
32 4 16 90 0.000380 22
32 4 16 91 0.000456 11
32 4 16 92 0.000217 11
32 4 16 93 0.000257 22
32 4 16 94 0.000319 11
32 4 16 95 0.000137 11
32 4 16 96 0.000332 11
32 4 16 97 0.000369 11
32 4 16 98 0.000549 11
32 4 16 99 0.000376 11
32 4 32 0 0.000351 2
32 4 32 1 0.000292 2
32 4 32 2 0.000338 2
32 4 32 3 0.000323 2
32 4 32 4 0.000323 2
32 4 32 5 0.000265 2
32 4 32 6 0.000372 2
32 4 32 7 0.000114 2
32 4 32 8 0.000235 2
32 4 32 9 0.000294 2
32 4 32 10 0.000312 2
32 4 32 11 0.000491 2
32 4 32 12 0.000258 2
32 4 32 13 0.000407 1
32 4 32 14 0.000312 1
32 4 32 15 0.000381 2
32 4 32 16 0.000453 1
32 4 32 17 0.000381 2
32 4 32 18 0.000311 1
32 4 32 19 0.000550 2
32 4 32 20 0.000317 2
32 4 32 21 0.000375 1
32 4 32 22 0.000492 2
32 4 32 23 0.000319 1
32 4 32 24 0.000245 1
32 4 32 25 0.000265 2
32 4 32 26 0.000363 2
32 4 32 27 0.000209 2
32 4 32 28 0.000451 2
32 4 32 29 0.000539 2
32 4 32 30 0.000308 1
32 4 32 31 0.000330 1
32 4 32 32 0.000217 2
32 4 32 33 0.000213 2
32 4 32 34 0.000435 2
32 4 32 35 0.000295 2
32 4 32 36 0.000346 2
32 4 32 37 0.000248 2
32 4 32 38 0.000359 2
32 4 32 39 0.000185 2
32 4 32 40 0.000290 2
32 4 32 41 0.000282 2
32 4 32 42 0.000340 2
32 4 32 43 0.000316 1
32 4 32 44 0.000323 2
32 4 32 45 0.000494 2
32 4 32 46 0.000410 1
32 4 32 47 0.000287 2
32 4 32 48 0.000146 2
32 4 32 49 0.000410 2
32 4 32 50 0.000396 2
32 4 32 51 0.000270 1
32 4 32 52 0.000235 2
32 4 32 53 0.000280 1
32 4 32 54 0.000236 1
32 4 32 55 0.000168 2
32 4 32 56 0.000371 2
32 4 32 57 0.000426 1
32 4 32 58 0.000439 1
32 4 32 59 0.000237 2
32 4 32 60 0.000486 2
32 4 32 61 0.000352 1
32 4 32 62 0.000344 2
32 4 32 63 0.000250 2
32 4 32 64 0.000334 2
32 4 32 65 0.000376 2
32 4 32 66 0.000327 2
32 4 32 67 0.000323 2
32 4 32 68 0.000183 2
32 4 32 69 0.000262 1
32 4 32 70 0.000225 2
32 4 32 71 0.000318 1
32 4 32 72 0.000301 1
32 4 32 73 0.000431 2
32 4 32 74 0.000359 2
32 4 32 75 0.000285 2
32 4 32 76 0.000376 2
32 4 32 77 0.000362 1
32 4 32 78 0.000270 2
32 4 32 79 0.000300 2
32 4 32 80 0.000224 2
32 4 32 81 0.000388 2
32 4 32 82 0.000381 1
32 4 32 83 0.000209 2
32 4 32 84 0.000485 2
32 4 32 85 0.000323 1
32 4 32 86 0.000257 1
32 4 32 87 0.000217 2
32 4 32 88 0.000256 2
32 4 32 89 0.000288 1
32 4 32 90 0.000389 2
32 4 32 91 0.000448 1
32 4 32 92 0.000221 1
32 4 32 93 0.000250 2
32 4 32 94 0.000312 1
32 4 32 95 0.000128 1
32 4 32 96 0.000333 1
32 4 32 97 0.000366 1
32 4 32 98 0.000529 1
32 4 32 99 0.000369 1
32 8 16 0 0.000833 22
32 8 16 1 0.000717 22
32 8 16 2 0.001011 22
32 8 16 3 0.000972 22
32 8 16 4 0.000887 22
32 8 16 5 0.000681 22
32 8 16 6 0.001041 22
32 8 16 7 0.000328 22
32 8 16 8 0.000603 22
32 8 16 9 0.000808 22
32 8 16 10 0.000901 22
32 8 16 11 0.001408 22
32 8 16 12 0.000653 22
32 8 16 13 0.001208 11
32 8 16 14 0.000803 11
32 8 16 15 0.001058 22
32 8 16 16 0.001168 11
32 8 16 17 0.001149 22
32 8 16 18 0.000817 11
32 8 16 19 0.001553 22
32 8 16 20 0.000832 22
32 8 16 21 0.001076 11
32 8 16 22 0.001364 22
32 8 16 23 0.000983 11
32 8 16 24 0.000694 11
32 8 16 25 0.000649 22
32 8 16 26 0.000966 22
32 8 16 27 0.000399 22
32 8 16 28 0.001286 22
32 8 16 29 0.001750 22
32 8 16 30 0.001390 11
32 8 16 31 0.000820 11
32 8 16 32 0.000487 22
32 8 16 33 0.000478 22
32 8 16 34 0.001193 22
32 8 16 35 0.000734 22
32 8 16 36 0.000988 22
32 8 16 37 0.000704 22
32 8 16 38 0.000960 22
32 8 16 39 0.000342 22
32 8 16 40 0.000616 22
32 8 16 41 0.000873 22
32 8 16 42 0.000898 22
32 8 16 43 0.000875 11
32 8 16 44 0.000769 22
32 8 16 45 0.001294 22
32 8 16 46 0.001004 11
32 8 16 47 0.000772 22
32 8 16 48 0.000301 22
32 8 16 49 0.000990 22
32 8 16 50 0.001137 22
32 8 16 51 0.000627 11
32 8 16 52 0.000569 22
32 8 16 53 0.000734 11
32 8 16 54 0.000629 11
32 8 16 55 0.000346 22
32 8 16 56 0.001074 22
32 8 16 57 0.001369 11
32 8 16 58 0.001161 11
32 8 16 59 0.000596 22
32 8 16 60 0.001306 22
32 8 16 61 0.000915 11
32 8 16 62 0.000848 22
32 8 16 63 0.000555 22
32 8 16 64 0.000870 22
32 8 16 65 0.001014 22
32 8 16 66 0.000898 22
32 8 16 67 0.000789 22
32 8 16 68 0.000474 22
32 8 16 69 0.000492 11
32 8 16 70 0.000615 22
32 8 16 71 0.000853 11
32 8 16 72 0.000741 11
32 8 16 73 0.001214 22
32 8 16 74 0.000740 22
32 8 16 75 0.000748 22
32 8 16 76 0.001044 22
32 8 16 77 0.000929 11
32 8 16 78 0.000627 22
32 8 16 79 0.000825 22
32 8 16 80 0.000609 22
32 8 16 81 0.001031 22
32 8 16 82 0.000878 11
32 8 16 83 0.000595 22
32 8 16 84 0.001369 22
32 8 16 85 0.001000 11
32 8 16 86 0.000699 11
32 8 16 87 0.000545 22
32 8 16 88 0.000607 22
32 8 16 89 0.000715 11
32 8 16 90 0.001054 22
32 8 16 91 0.001344 11
32 8 16 92 0.000482 11
32 8 16 93 0.000586 22
32 8 16 94 0.000845 11
32 8 16 95 0.000312 11
32 8 16 96 0.000823 11
32 8 16 97 0.000871 11
32 8 16 98 0.001481 11
32 8 16 99 0.000966 11
32 8 32 0 0.000798 2
32 8 32 1 0.000721 2
32 8 32 2 0.001041 2
32 8 32 3 0.000964 2
32 8 32 4 0.000828 2
32 8 32 5 0.000651 2
32 8 32 6 0.000983 2
32 8 32 7 0.000292 2
32 8 32 8 0.000574 2
32 8 32 9 0.000756 2
32 8 32 10 0.000915 2
32 8 32 11 0.001468 2
32 8 32 12 0.000656 2
32 8 32 13 0.001188 1
32 8 32 14 0.000829 1
32 8 32 15 0.001131 2
32 8 32 16 0.001192 1
32 8 32 17 0.001103 2
32 8 32 18 0.000791 1
32 8 32 19 0.001554 2
32 8 32 20 0.000817 2
32 8 32 21 0.001030 1
32 8 32 22 0.001391 2
32 8 32 23 0.000969 1
32 8 32 24 0.000624 1
32 8 32 25 0.000668 2
32 8 32 26 0.000906 2
32 8 32 27 0.000371 2
32 8 32 28 0.001199 2
32 8 32 29 0.001670 2
32 8 32 30 0.000701 1
32 8 32 31 0.000871 1
32 8 32 32 0.000459 2
32 8 32 33 0.000490 2
32 8 32 34 0.001251 2
32 8 32 35 0.000693 2
32 8 32 36 0.000988 2
32 8 32 37 0.000663 2
32 8 32 38 0.000964 2
32 8 32 39 0.000325 2
32 8 32 40 0.000632 2
32 8 32 41 0.000880 2
32 8 32 42 0.000936 2
32 8 32 43 0.000864 1
32 8 32 44 0.000749 2
32 8 32 45 0.001303 2
32 8 32 46 0.001032 1
32 8 32 47 0.000744 2
32 8 32 48 0.000291 2
32 8 32 49 0.000986 2
32 8 32 50 0.001133 2
32 8 32 51 0.000613 1
32 8 32 52 0.000543 2
32 8 32 53 0.000767 1
32 8 32 54 0.000612 1
32 8 32 55 0.000312 2
32 8 32 56 0.001142 2
32 8 32 57 0.001338 1
32 8 32 58 0.001187 1
32 8 32 59 0.000570 2
32 8 32 60 0.001337 2
32 8 32 61 0.000893 1
32 8 32 62 0.000890 2
32 8 32 63 0.000554 2
32 8 32 64 0.000833 2
32 8 32 65 0.000961 2
32 8 32 66 0.000860 2
32 8 32 67 0.000756 2
32 8 32 68 0.000447 2
32 8 32 69 0.000471 1
32 8 32 70 0.000602 2
32 8 32 71 0.000823 1
32 8 32 72 0.000670 1
32 8 32 73 0.001229 2
32 8 32 74 0.000745 2
32 8 32 75 0.000689 2
32 8 32 76 0.001032 2
32 8 32 77 0.000935 1
32 8 32 78 0.000641 2
32 8 32 79 0.000844 2
32 8 32 80 0.000598 2
32 8 32 81 0.000996 2
32 8 32 82 0.000867 1
32 8 32 83 0.000562 2
32 8 32 84 0.001394 2
32 8 32 85 0.000933 1
32 8 32 86 0.000637 1
32 8 32 87 0.000702 2
32 8 32 88 0.000597 2
32 8 32 89 0.000717 1
32 8 32 90 0.000980 2
32 8 32 91 0.001199 1
32 8 32 92 0.000454 1
32 8 32 93 0.000533 2
32 8 32 94 0.000870 1
32 8 32 95 0.000295 1
32 8 32 96 0.000852 1
32 8 32 97 0.000889 1
32 8 32 98 0.001495 1
32 8 32 99 0.000876 1
64 2 4 0 0.000209 2222222222222222
64 2 4 1 0.000335 2222222222222222
64 2 4 2 0.000337 2222222222222222
64 2 4 3 0.000219 2222222222222222
64 2 4 4 0.000305 1111111111111111
64 2 4 5 0.000323 0222222222222222
64 2 4 6 0.000237 2222222222222222
64 2 4 7 0.000223 2222222222222222
64 2 4 8 0.000267 2222222222222222
64 2 4 9 0.000282 2222222222222222
64 2 4 10 0.000253 2222221111111111
64 2 4 11 0.000260 1111111111111111
64 2 4 12 0.000274 2222222222222222
64 2 4 13 0.000267 1111111111111111
64 2 4 14 0.000249 1111111111111111
64 2 4 15 0.000244 2211111111111111
64 2 4 16 0.000269 2222222222222211
64 2 4 17 0.000267 1111111111111111
64 2 4 18 0.000268 0222222222222221
64 2 4 19 0.000350 2222222222222222
64 2 4 20 0.000293 2222222222222222
64 2 4 21 0.000281 1111111111111111
64 2 4 22 0.000293 2222222222222222
64 2 4 23 0.000257 2222222222222222
64 2 4 24 0.000271 2222222222222222
64 2 4 25 0.000287 1111111111111111
64 2 4 26 0.000305 1111111111111111
64 2 4 27 0.000325 1111111111111111
64 2 4 28 0.000251 1111111111111111
64 2 4 29 0.000285 2211111111111111
64 2 4 30 0.000284 2222222222222222
64 2 4 31 0.000348 2222222222222222
64 2 4 32 0.000243 2222222222111111
64 2 4 33 0.000233 0222222222222222
64 2 4 34 0.000266 2222222222222222
64 2 4 35 0.000243 1111111111111111
64 2 4 36 0.000292 2222222222222222
64 2 4 37 0.000288 2222222222222222
64 2 4 38 0.000287 1111111111111111
64 2 4 39 0.000335 2222222222222222
64 2 4 40 0.000274 2222222222222222
64 2 4 41 0.000302 2222222222222111
64 2 4 42 0.000287 1111111111111111
64 2 4 43 0.000297 1111111111111111
64 2 4 44 0.000326 1111111111111111
64 2 4 45 0.000265 2222211111111111
64 2 4 46 0.000269 2222222222222222
64 2 4 47 0.000277 2222222222222222
64 2 4 48 0.000274 2222222222111111
64 2 4 49 0.000280 2222222221111111
64 2 4 50 0.000292 2222222222222222
64 2 4 51 0.000251 2222222222222222
64 2 4 52 0.000303 1111111111111111
64 2 4 53 0.000283 0222222222222222
64 2 4 54 0.000287 1111111111111111
64 2 4 55 0.000320 2222222222222222
64 2 4 56 0.000253 1111111111111111
64 2 4 57 0.000271 1111111111111111
64 2 4 58 0.000269 1111111111111111
64 2 4 59 0.000297 2222222222222222
64 2 4 60 0.000260 2222222222222222
64 2 4 61 0.000317 1111111111111111
64 2 4 62 0.000297 2222222222222222
64 2 4 63 0.000312 2222222222222221
64 2 4 64 0.000262 2222222222222222
64 2 4 65 0.000229 2222222222222222
64 2 4 66 0.000279 2222211111111111
64 2 4 67 0.000325 2222222222222222
64 2 4 68 0.000329 2222222222222222
64 2 4 69 0.000275 2222222222222222
64 2 4 70 0.000219 0222222222211111
64 2 4 71 0.000328 0222222222222222
64 2 4 72 0.000288 2222222222222222
64 2 4 73 0.000233 1111111111111111
64 2 4 74 0.000296 0222222222222222
64 2 4 75 0.000261 1111111111111111
64 2 4 76 0.000326 0222222222222222
64 2 4 77 0.000309 1111111111111111
64 2 4 78 0.000300 2222222222222222
64 2 4 79 0.000226 2222211111111111
64 2 4 80 0.000252 0022222222222221
64 2 4 81 0.000323 2222111111111111
64 2 4 82 0.000326 2211111111111111
64 2 4 83 0.000250 2222222111111111
64 2 4 84 0.000268 2222222222222222
64 2 4 85 0.000287 2222222222222222
64 2 4 86 0.000288 2222222222222222
64 2 4 87 0.000277 2222222222222222
64 2 4 88 0.000213 0222222222222222
64 2 4 89 0.000241 1111111111111111
64 2 4 90 0.000284 2222222222222222
64 2 4 91 0.000269 2222222222221111
64 2 4 92 0.000337 2222222222222222
64 2 4 93 0.000297 2222222222222222
64 2 4 94 0.000303 2222222222222222
64 2 4 95 0.000272 2222222222222222
64 2 4 96 0.000319 2222222222222111
64 2 4 97 0.000224 2222222222222222
64 2 4 98 0.000299 0222222222222222
64 2 4 99 0.000256 2222222222222222
64 2 8 0 0.000203 22222222
64 2 8 1 0.000339 22222222
64 2 8 2 0.000305 22222222
64 2 8 3 0.000215 22222222
64 2 8 4 0.000286 11111111
64 2 8 5 0.000310 22222222
64 2 8 6 0.000224 22222222
64 2 8 7 0.000208 22222222
64 2 8 8 0.000243 22222222
64 2 8 9 0.000274 22222222
64 2 8 10 0.000247 11111111
64 2 8 11 0.000235 11111111
64 2 8 12 0.000273 22222222
64 2 8 13 0.000271 11111111
64 2 8 14 0.000241 11111111
64 2 8 15 0.000227 21111111
64 2 8 16 0.000265 22222221
64 2 8 17 0.000258 11111111
64 2 8 18 0.000277 22222221
64 2 8 19 0.000348 22222222
64 2 8 20 0.000280 22222222
64 2 8 21 0.000276 11111111
64 2 8 22 0.000284 22222222
64 2 8 23 0.000242 22222222
64 2 8 24 0.000255 22222222
64 2 8 25 0.000274 11111111
64 2 8 26 0.000300 11111111
64 2 8 27 0.000315 11111111
64 2 8 28 0.000242 11111111
64 2 8 29 0.000274 21111111
64 2 8 30 0.000294 22222222
64 2 8 31 0.000331 22222222
64 2 8 32 0.000233 22222111
64 2 8 33 0.000229 22222222
64 2 8 34 0.000265 22222222
64 2 8 35 0.000232 11111111
64 2 8 36 0.000289 22222222
64 2 8 37 0.000287 22222222
64 2 8 38 0.000287 11111111
64 2 8 39 0.000329 22222222
64 2 8 40 0.000256 22222222
64 2 8 41 0.000287 22222211
64 2 8 42 0.000280 11111111
64 2 8 43 0.000279 11111111
64 2 8 44 0.000292 11111111
64 2 8 45 0.000253 22111111
64 2 8 46 0.000267 22222222
64 2 8 47 0.000262 22222222
64 2 8 48 0.000261 22222111
64 2 8 49 0.000275 22221111
64 2 8 50 0.000277 22222222
64 2 8 51 0.000234 22222222
64 2 8 52 0.000296 11111111
64 2 8 53 0.000274 22222222
64 2 8 54 0.000289 11111111
64 2 8 55 0.000314 22222222
64 2 8 56 0.000256 11111111
64 2 8 57 0.000266 11111111
64 2 8 58 0.000275 11111111
64 2 8 59 0.000304 22222222
64 2 8 60 0.000250 22222222
64 2 8 61 0.000307 11111111
64 2 8 62 0.000289 22222222
64 2 8 63 0.000293 22222221
64 2 8 64 0.000249 22222222
64 2 8 65 0.000217 22222222
64 2 8 66 0.000281 22111111
64 2 8 67 0.000350 22222222
64 2 8 68 0.000338 22222222
64 2 8 69 0.000262 22222222
64 2 8 70 0.000209 22222111
64 2 8 71 0.000316 22222222
64 2 8 72 0.000284 22222222
64 2 8 73 0.000225 11111111
64 2 8 74 0.000289 22222222
64 2 8 75 0.000256 11111111
64 2 8 76 0.000322 22222222
64 2 8 77 0.000301 11111111
64 2 8 78 0.000296 22222222
64 2 8 79 0.000215 22111111
64 2 8 80 0.000227 02222221
64 2 8 81 0.000314 22111111
64 2 8 82 0.000319 21111111
64 2 8 83 0.000244 22211111
64 2 8 84 0.000267 22222222
64 2 8 85 0.000267 22222222
64 2 8 86 0.000285 22222222
64 2 8 87 0.000264 22222222
64 2 8 88 0.000215 22222222
64 2 8 89 0.000237 11111111
64 2 8 90 0.000275 22222222
64 2 8 91 0.000260 22222211
64 2 8 92 0.000314 22222222
64 2 8 93 0.000290 22222222
64 2 8 94 0.000292 22222222
64 2 8 95 0.000265 22222222
64 2 8 96 0.000301 22222211
64 2 8 97 0.000212 22222222
64 2 8 98 0.000291 22222222
64 2 8 99 0.000248 22222222
64 2 16 0 0.000220 2222
64 2 16 1 0.000330 2222
64 2 16 2 0.000311 2222
64 2 16 3 0.000219 2222
64 2 16 4 0.000289 1111
64 2 16 5 0.000315 2222
64 2 16 6 0.000223 2222
64 2 16 7 0.000219 2222
64 2 16 8 0.000249 2222
64 2 16 9 0.000279 2222
64 2 16 10 0.000237 1111
64 2 16 11 0.000247 1111
64 2 16 12 0.000295 2222
64 2 16 13 0.000267 1111
64 2 16 14 0.000243 1111
64 2 16 15 0.000230 1111
64 2 16 16 0.000256 2221
64 2 16 17 0.000269 1111
64 2 16 18 0.000264 2221
64 2 16 19 0.000349 2222
64 2 16 20 0.000288 2222
64 2 16 21 0.000273 1111
64 2 16 22 0.000283 2222
64 2 16 23 0.000245 2222
64 2 16 24 0.000262 2222
64 2 16 25 0.000272 1111
64 2 16 26 0.000309 1111
64 2 16 27 0.000318 1111
64 2 16 28 0.000245 1111
64 2 16 29 0.000283 1111
64 2 16 30 0.000281 2222
64 2 16 31 0.000335 2222
64 2 16 32 0.000257 2211
64 2 16 33 0.000227 2222
64 2 16 34 0.000269 2222
64 2 16 35 0.000230 1111
64 2 16 36 0.000296 2222
64 2 16 37 0.000281 2222
64 2 16 38 0.000285 1111
64 2 16 39 0.000328 2222
64 2 16 40 0.000261 2222
64 2 16 41 0.000296 2221
64 2 16 42 0.000280 1111
64 2 16 43 0.000295 1111
64 2 16 44 0.000311 1111
64 2 16 45 0.000266 2111
64 2 16 46 0.000262 2222
64 2 16 47 0.000262 2222
64 2 16 48 0.000263 2211
64 2 16 49 0.000278 2211
64 2 16 50 0.000277 2222
64 2 16 51 0.000230 2222
64 2 16 52 0.000308 1111
64 2 16 53 0.000272 2222
64 2 16 54 0.000282 1111
64 2 16 55 0.000315 2222
64 2 16 56 0.000247 1111
64 2 16 57 0.000255 1111
64 2 16 58 0.000280 1111
64 2 16 59 0.000300 2222
64 2 16 60 0.000249 2222
64 2 16 61 0.000316 1111
64 2 16 62 0.000305 2222
64 2 16 63 0.000290 2221
64 2 16 64 0.000249 2222
64 2 16 65 0.000221 2222
64 2 16 66 0.000277 2111
64 2 16 67 0.000333 2222
64 2 16 68 0.000330 2222
64 2 16 69 0.000271 2222
64 2 16 70 0.000204 2211
64 2 16 71 0.000324 2222
64 2 16 72 0.000290 2222
64 2 16 73 0.000224 1111
64 2 16 74 0.000300 2222
64 2 16 75 0.000252 1111
64 2 16 76 0.000333 2222
64 2 16 77 0.000304 1111
64 2 16 78 0.000313 2222
64 2 16 79 0.000217 2111
64 2 16 80 0.000228 2221
64 2 16 81 0.000318 2111
64 2 16 82 0.000323 1111
64 2 16 83 0.000251 2111
64 2 16 84 0.000245 2222
64 2 16 85 0.000268 2222
64 2 16 86 0.000291 2222
64 2 16 87 0.000267 2222
64 2 16 88 0.000199 2222
64 2 16 89 0.000233 1111
64 2 16 90 0.000305 2222
64 2 16 91 0.000264 2221
64 2 16 92 0.000339 2222
64 2 16 93 0.000288 2222
64 2 16 94 0.000292 2222
64 2 16 95 0.000253 2222
64 2 16 96 0.000305 2221
64 2 16 97 0.000210 2222
64 2 16 98 0.000283 2222
64 2 16 99 0.000244 2222
64 2 32 0 0.000205 22
64 2 32 1 0.000327 22
64 2 32 2 0.000318 22
64 2 32 3 0.000216 22
64 2 32 4 0.000283 11
64 2 32 5 0.000313 22
64 2 32 6 0.000228 22
64 2 32 7 0.000215 22
64 2 32 8 0.000247 22
64 2 32 9 0.000292 22
64 2 32 10 0.000242 11
64 2 32 11 0.000254 11
64 2 32 12 0.000275 22
64 2 32 13 0.000266 11
64 2 32 14 0.000240 11
64 2 32 15 0.000229 11
64 2 32 16 0.000259 21
64 2 32 17 0.000272 11
64 2 32 18 0.000269 21
64 2 32 19 0.000353 22
64 2 32 20 0.000296 22
64 2 32 21 0.000277 11
64 2 32 22 0.000286 22
64 2 32 23 0.000242 22
64 2 32 24 0.000267 22
64 2 32 25 0.000274 11
64 2 32 26 0.000308 11
64 2 32 27 0.000320 11
64 2 32 28 0.000254 11
64 2 32 29 0.000282 11
64 2 32 30 0.000285 22
64 2 32 31 0.000342 22
64 2 32 32 0.000244 21
64 2 32 33 0.000227 22
64 2 32 34 0.000268 22
64 2 32 35 0.000229 11
64 2 32 36 0.000304 22
64 2 32 37 0.000284 22
64 2 32 38 0.000285 11
64 2 32 39 0.000336 22
64 2 32 40 0.000266 22
64 2 32 41 0.000296 21
64 2 32 42 0.000283 11
64 2 32 43 0.000308 11
64 2 32 44 0.000303 11
64 2 32 45 0.000259 11
64 2 32 46 0.000262 22
64 2 32 47 0.000265 22
64 2 32 48 0.000273 21
64 2 32 49 0.000277 21
64 2 32 50 0.000282 22
64 2 32 51 0.000231 22
64 2 32 52 0.000318 11
64 2 32 53 0.000274 22
64 2 32 54 0.000288 11
64 2 32 55 0.000319 22
64 2 32 56 0.000255 11
64 2 32 57 0.000292 11
64 2 32 58 0.000267 11
64 2 32 59 0.000299 22
64 2 32 60 0.000265 22
64 2 32 61 0.000309 11
64 2 32 62 0.000298 22
64 2 32 63 0.000287 21
64 2 32 64 0.000255 22
64 2 32 65 0.000219 22
64 2 32 66 0.000273 11
64 2 32 67 0.000341 22
64 2 32 68 0.000339 22
64 2 32 69 0.000269 22
64 2 32 70 0.000207 21
64 2 32 71 0.000335 22
64 2 32 72 0.000293 22
64 2 32 73 0.000229 11
64 2 32 74 0.000296 22
64 2 32 75 0.000257 11
64 2 32 76 0.000341 22
64 2 32 77 0.000305 11
64 2 32 78 0.000300 22
64 2 32 79 0.000214 11
64 2 32 80 0.000238 21
64 2 32 81 0.000339 11
64 2 32 82 0.000320 11
64 2 32 83 0.000255 11
64 2 32 84 0.000255 22
64 2 32 85 0.000276 22
64 2 32 86 0.000291 22
64 2 32 87 0.000272 22
64 2 32 88 0.000207 22
64 2 32 89 0.000241 11
64 2 32 90 0.000286 22
64 2 32 91 0.000269 21
64 2 32 92 0.000332 22
64 2 32 93 0.000296 22
64 2 32 94 0.000296 22
64 2 32 95 0.000266 22
64 2 32 96 0.000332 21
64 2 32 97 0.000216 22
64 2 32 98 0.000298 22
64 2 32 99 0.000254 22
64 4 8 0 0.000549 22222222
64 4 8 1 0.000931 22222222
64 4 8 2 0.000836 22222222
64 4 8 3 0.000456 22222222
64 4 8 4 0.000771 11111111
64 4 8 5 0.000869 22222222
64 4 8 6 0.000603 22222222
64 4 8 7 0.000583 22222222
64 4 8 8 0.000635 22222222
64 4 8 9 0.000707 22222222
64 4 8 10 0.000636 22222222
64 4 8 11 0.000615 11111111
64 4 8 12 0.000756 22222222
64 4 8 13 0.000691 11111111
64 4 8 14 0.000623 11111111
64 4 8 15 0.000612 22222222
64 4 8 16 0.000741 22222222
64 4 8 17 0.000701 11111111
64 4 8 18 0.000697 22222222
64 4 8 19 0.000902 22222222
64 4 8 20 0.000731 22222222
64 4 8 21 0.000747 11111111
64 4 8 22 0.000758 22222222
64 4 8 23 0.000610 22222222
64 4 8 24 0.000699 22222222
64 4 8 25 0.000743 11111111
64 4 8 26 0.000795 11111111
64 4 8 27 0.000799 11111111
64 4 8 28 0.000638 11111111
64 4 8 29 0.000749 22222222
64 4 8 30 0.000707 22222222
64 4 8 31 0.000956 22222222
64 4 8 32 0.000565 22222222
64 4 8 33 0.000513 22222222
64 4 8 34 0.000673 22222222
64 4 8 35 0.000574 11111111
64 4 8 36 0.000764 22222222
64 4 8 37 0.000751 22222222
64 4 8 38 0.000746 11111111
64 4 8 39 0.000917 22222222
64 4 8 40 0.000647 22222222
64 4 8 41 0.000779 22222222
64 4 8 42 0.000678 11111111
64 4 8 43 0.000786 11111111
64 4 8 44 0.000814 11111111
64 4 8 45 0.000656 22222222
64 4 8 46 0.000657 22222222
64 4 8 47 0.000655 22222222
64 4 8 48 0.000683 22222222
64 4 8 49 0.000721 22222222
64 4 8 50 0.000729 22222222
64 4 8 51 0.000571 22222222
64 4 8 52 0.000849 11111111
64 4 8 53 0.000730 22222222
64 4 8 54 0.000764 11111111
64 4 8 55 0.000891 22222222
64 4 8 56 0.000641 11111111
64 4 8 57 0.000745 11111111
64 4 8 58 0.000649 11111111
64 4 8 59 0.000798 22222222
64 4 8 60 0.000669 22222222
64 4 8 61 0.000867 11111111
64 4 8 62 0.000780 22222222
64 4 8 63 0.000779 22222222
64 4 8 64 0.000641 22222222
64 4 8 65 0.000511 22222222
64 4 8 66 0.000664 22222222
64 4 8 67 0.000870 22222222
64 4 8 68 0.000990 22222222
64 4 8 69 0.000744 22222222
64 4 8 70 0.000492 22222222
64 4 8 71 0.000849 22222222
64 4 8 72 0.000763 22222222
64 4 8 73 0.000578 11111111
64 4 8 74 0.000800 22222222
64 4 8 75 0.000623 11111111
64 4 8 76 0.000899 22222222
64 4 8 77 0.000841 11111111
64 4 8 78 0.000862 22222222
64 4 8 79 0.000552 22222222
64 4 8 80 0.000606 02222222
64 4 8 81 0.000854 22222222
64 4 8 82 0.000853 22222222
64 4 8 83 0.000620 22222222
64 4 8 84 0.000652 22222222
64 4 8 85 0.000701 22222222
64 4 8 86 0.000803 22222222
64 4 8 87 0.000693 22222222
64 4 8 88 0.000422 22222222
64 4 8 89 0.000563 11111111
64 4 8 90 0.000730 22222222
64 4 8 91 0.000635 22222222
64 4 8 92 0.000906 22222222
64 4 8 93 0.000808 22222222
64 4 8 94 0.000761 22222222
64 4 8 95 0.000646 22222222
64 4 8 96 0.000810 22222222
64 4 8 97 0.000522 22222222
64 4 8 98 0.000758 22222222
64 4 8 99 0.000583 22222222
64 4 16 0 0.000539 2222
64 4 16 1 0.000950 2222
64 4 16 2 0.000803 2222
64 4 16 3 0.000459 2222
64 4 16 4 0.000769 1111
64 4 16 5 0.000889 2222
64 4 16 6 0.000596 2222
64 4 16 7 0.000554 2222
64 4 16 8 0.000613 2222
64 4 16 9 0.000707 2222
64 4 16 10 0.000621 2222
64 4 16 11 0.000601 1111
64 4 16 12 0.000734 2222
64 4 16 13 0.000685 1111
64 4 16 14 0.000600 1111
64 4 16 15 0.000599 2222
64 4 16 16 0.000681 2222
64 4 16 17 0.000681 1111
64 4 16 18 0.000702 2222
64 4 16 19 0.000913 2222
64 4 16 20 0.000727 2222
64 4 16 21 0.000766 1111
64 4 16 22 0.000754 2222
64 4 16 23 0.000580 2222
64 4 16 24 0.000671 2222
64 4 16 25 0.000734 1111
64 4 16 26 0.000766 1111
64 4 16 27 0.000791 1111
64 4 16 28 0.000617 1111
64 4 16 29 0.000712 2222
64 4 16 30 0.000683 2222
64 4 16 31 0.000918 2222
64 4 16 32 0.000556 2222
64 4 16 33 0.000507 2222
64 4 16 34 0.000685 2222
64 4 16 35 0.000550 1111
64 4 16 36 0.000770 2222
64 4 16 37 0.000735 2222
64 4 16 38 0.000762 1111
64 4 16 39 0.000904 2222
64 4 16 40 0.000651 2222
64 4 16 41 0.000765 2222
64 4 16 42 0.000665 1111
64 4 16 43 0.000773 1111
64 4 16 44 0.000797 1111
64 4 16 45 0.000633 2222
64 4 16 46 0.000633 2222
64 4 16 47 0.000622 2222
64 4 16 48 0.000692 2222
64 4 16 49 0.000720 2222
64 4 16 50 0.000720 2222
64 4 16 51 0.000555 2222
64 4 16 52 0.000825 1111
64 4 16 53 0.000718 2222
64 4 16 54 0.000771 1111
64 4 16 55 0.000894 2222
64 4 16 56 0.000620 1111
64 4 16 57 0.000675 1111
64 4 16 58 0.000656 1111
64 4 16 59 0.000769 2222
64 4 16 60 0.000621 2222
64 4 16 61 0.000919 1111
64 4 16 62 0.000770 2222
64 4 16 63 0.000788 2222
64 4 16 64 0.000630 2222
64 4 16 65 0.000510 2222
64 4 16 66 0.000637 2222
64 4 16 67 0.000844 2222
64 4 16 68 0.000911 2222
64 4 16 69 0.000698 2222
64 4 16 70 0.000479 2222
64 4 16 71 0.000820 2222
64 4 16 72 0.000754 2222
64 4 16 73 0.000540 1111
64 4 16 74 0.000746 2222
64 4 16 75 0.000595 1111
64 4 16 76 0.000860 2222
64 4 16 77 0.000833 1111
64 4 16 78 0.000854 2222
64 4 16 79 0.000540 2222
64 4 16 80 0.000567 2222
64 4 16 81 0.000883 2222
64 4 16 82 0.000879 2222
64 4 16 83 0.000619 2222
64 4 16 84 0.000630 2222
64 4 16 85 0.000677 2222
64 4 16 86 0.000764 2222
64 4 16 87 0.000711 2222
64 4 16 88 0.000431 2222
64 4 16 89 0.000561 1111
64 4 16 90 0.000710 2222
64 4 16 91 0.000630 2222
64 4 16 92 0.000880 2222
64 4 16 93 0.000793 2222
64 4 16 94 0.000735 2222
64 4 16 95 0.000646 2222
64 4 16 96 0.000799 2222
64 4 16 97 0.000509 2222
64 4 16 98 0.000753 2222
64 4 16 99 0.000585 2222
64 4 32 0 0.000544 22
64 4 32 1 0.000976 22
64 4 32 2 0.000801 22
64 4 32 3 0.000480 22
64 4 32 4 0.000758 11
64 4 32 5 0.000930 22
64 4 32 6 0.000601 22
64 4 32 7 0.000583 22
64 4 32 8 0.000623 22
64 4 32 9 0.000705 22
64 4 32 10 0.000629 22
64 4 32 11 0.000611 11
64 4 32 12 0.000741 22
64 4 32 13 0.000684 11
64 4 32 14 0.000618 11
64 4 32 15 0.000614 22
64 4 32 16 0.000677 22
64 4 32 17 0.000688 11
64 4 32 18 0.000705 22
64 4 32 19 0.000912 22
64 4 32 20 0.000725 22
64 4 32 21 0.000740 11
64 4 32 22 0.000739 22
64 4 32 23 0.000594 22
64 4 32 24 0.000661 22
64 4 32 25 0.000741 11
64 4 32 26 0.000783 11
64 4 32 27 0.000825 11
64 4 32 28 0.000630 11
64 4 32 29 0.000770 22
64 4 32 30 0.000702 22
64 4 32 31 0.000950 22
64 4 32 32 0.000567 22
64 4 32 33 0.000523 22
64 4 32 34 0.000682 22
64 4 32 35 0.000578 11
64 4 32 36 0.000795 22
64 4 32 37 0.000749 22
64 4 32 38 0.000749 11
64 4 32 39 0.000906 22
64 4 32 40 0.000662 22
64 4 32 41 0.000760 22
64 4 32 42 0.000666 11
64 4 32 43 0.000771 11
64 4 32 44 0.000800 11
64 4 32 45 0.000648 22
64 4 32 46 0.000652 22
64 4 32 47 0.000640 22
64 4 32 48 0.000689 22
64 4 32 49 0.000711 22
64 4 32 50 0.000706 22
64 4 32 51 0.000570 22
64 4 32 52 0.000856 11
64 4 32 53 0.000721 22
64 4 32 54 0.000779 11
64 4 32 55 0.000919 22
64 4 32 56 0.000649 11
64 4 32 57 0.000693 11
64 4 32 58 0.000645 11
64 4 32 59 0.000759 22
64 4 32 60 0.000640 22
64 4 32 61 0.000869 11
64 4 32 62 0.000798 22
64 4 32 63 0.000800 22
64 4 32 64 0.000628 22
64 4 32 65 0.000507 22
64 4 32 66 0.000667 22
64 4 32 67 0.000869 22
64 4 32 68 0.000958 22
64 4 32 69 0.000752 22
64 4 32 70 0.000487 22
64 4 32 71 0.000828 22
64 4 32 72 0.000782 22
64 4 32 73 0.000550 11
64 4 32 74 0.000795 22
64 4 32 75 0.000605 11
64 4 32 76 0.000881 22
64 4 32 77 0.000842 11
64 4 32 78 0.000899 22
64 4 32 79 0.000551 22
64 4 32 80 0.000557 22
64 4 32 81 0.000892 22
64 4 32 82 0.000895 22
64 4 32 83 0.000624 22
64 4 32 84 0.000639 22
64 4 32 85 0.000686 22
64 4 32 86 0.000792 22
64 4 32 87 0.000689 22
64 4 32 88 0.000430 22
64 4 32 89 0.000581 11
64 4 32 90 0.000761 22
64 4 32 91 0.000649 22
64 4 32 92 0.000923 22
64 4 32 93 0.000758 22
64 4 32 94 0.000773 22
64 4 32 95 0.000636 22
64 4 32 96 0.000802 22
64 4 32 97 0.000513 22
64 4 32 98 0.000769 22
64 4 32 99 0.000566 22
64 8 16 0 0.001644 2222
64 8 16 1 0.003146 2222
64 8 16 2 0.002453 2222
64 8 16 3 0.001176 2222
64 8 16 4 0.002305 1111
64 8 16 5 0.002713 2222
64 8 16 6 0.001810 2222
64 8 16 7 0.001512 2222
64 8 16 8 0.001606 2222
64 8 16 9 0.002050 2222
64 8 16 10 0.001954 2222
64 8 16 11 0.001806 1111
64 8 16 12 0.002311 2222
64 8 16 13 0.001748 1111
64 8 16 14 0.001829 1111
64 8 16 15 0.001696 2222
64 8 16 16 0.002006 2222
64 8 16 17 0.001844 1111
64 8 16 18 0.002103 2222
64 8 16 19 0.002885 2222
64 8 16 20 0.002139 2222
64 8 16 21 0.002186 1111
64 8 16 22 0.002109 2222
64 8 16 23 0.001685 2222
64 8 16 24 0.001963 2222
64 8 16 25 0.002280 1111
64 8 16 26 0.002478 1111
64 8 16 27 0.002332 1111
64 8 16 28 0.001731 1111
64 8 16 29 0.002228 2222
64 8 16 30 0.002066 2222
64 8 16 31 0.002956 2222
64 8 16 32 0.001587 2222
64 8 16 33 0.001370 2222
64 8 16 34 0.001809 2222
64 8 16 35 0.001382 1111
64 8 16 36 0.002356 2222
64 8 16 37 0.002257 2222
64 8 16 38 0.002416 1111
64 8 16 39 0.002946 2222
64 8 16 40 0.001953 2222
64 8 16 41 0.002457 2222
64 8 16 42 0.002082 1111
64 8 16 43 0.002283 1111
64 8 16 44 0.002448 1111
64 8 16 45 0.001860 2222
64 8 16 46 0.001897 2222
64 8 16 47 0.001876 2222
64 8 16 48 0.002684 2222
64 8 16 49 0.002021 2222
64 8 16 50 0.002298 2222
64 8 16 51 0.001631 2222
64 8 16 52 0.002131 1111
64 8 16 53 0.001961 2222
64 8 16 54 0.002385 1111
64 8 16 55 0.002619 2222
64 8 16 56 0.001850 1111
64 8 16 57 0.002174 1111
64 8 16 58 0.001746 1111
64 8 16 59 0.002416 2222
64 8 16 60 0.001858 2222
64 8 16 61 0.002595 1111
64 8 16 62 0.002256 2222
64 8 16 63 0.002440 2222
64 8 16 64 0.001777 2222
64 8 16 65 0.001398 2222
64 8 16 66 0.001854 2222
64 8 16 67 0.002802 2222
64 8 16 68 0.002513 2222
64 8 16 69 0.001893 2222
64 8 16 70 0.001281 2222
64 8 16 71 0.002511 2222
64 8 16 72 0.002257 2222
64 8 16 73 0.001658 1111
64 8 16 74 0.002027 2222
64 8 16 75 0.001758 1111
64 8 16 76 0.002924 2222
64 8 16 77 0.002684 1111
64 8 16 78 0.002522 2222
64 8 16 79 0.001346 2222
64 8 16 80 0.001605 2222
64 8 16 81 0.002517 2222
64 8 16 82 0.002362 2222
64 8 16 83 0.001904 2222
64 8 16 84 0.001810 2222
64 8 16 85 0.002156 2222
64 8 16 86 0.002360 2222
64 8 16 87 0.002041 2222
64 8 16 88 0.001259 2222
64 8 16 89 0.001624 1111
64 8 16 90 0.002140 2222
64 8 16 91 0.001933 2222
64 8 16 92 0.002837 2222
64 8 16 93 0.002057 2222
64 8 16 94 0.002309 2222
64 8 16 95 0.001855 2222
64 8 16 96 0.002497 2222
64 8 16 97 0.001448 2222
64 8 16 98 0.002550 2222
64 8 16 99 0.001780 2222
64 8 32 0 0.001660 22
64 8 32 1 0.003004 22
64 8 32 2 0.002562 22
64 8 32 3 0.001185 22
64 8 32 4 0.002306 11
64 8 32 5 0.002712 22
64 8 32 6 0.001773 22
64 8 32 7 0.001569 22
64 8 32 8 0.001565 22
64 8 32 9 0.002229 22
64 8 32 10 0.001945 22
64 8 32 11 0.001860 11
64 8 32 12 0.002280 22
64 8 32 13 0.001754 11
64 8 32 14 0.001890 11
64 8 32 15 0.001729 22
64 8 32 16 0.002139 22
64 8 32 17 0.001881 11
64 8 32 18 0.002106 22
64 8 32 19 0.002934 22
64 8 32 20 0.002293 22
64 8 32 21 0.002298 11
64 8 32 22 0.002114 22
64 8 32 23 0.001718 22
64 8 32 24 0.001954 22
64 8 32 25 0.002277 11
64 8 32 26 0.002410 11
64 8 32 27 0.002368 11
64 8 32 28 0.001635 11
64 8 32 29 0.002323 22
64 8 32 30 0.002154 22
64 8 32 31 0.003239 22
64 8 32 32 0.001631 22
64 8 32 33 0.001429 22
64 8 32 34 0.001878 22
64 8 32 35 0.001384 11
64 8 32 36 0.002410 22
64 8 32 37 0.002306 22
64 8 32 38 0.002419 11
64 8 32 39 0.003009 22
64 8 32 40 0.002046 22
64 8 32 41 0.002576 22
64 8 32 42 0.001977 11
64 8 32 43 0.002253 11
64 8 32 44 0.002464 11
64 8 32 45 0.001870 22
64 8 32 46 0.001888 22
64 8 32 47 0.001939 22
64 8 32 48 0.002033 22
64 8 32 49 0.002100 22
64 8 32 50 0.002199 22
64 8 32 51 0.001658 22
64 8 32 52 0.002231 11
64 8 32 53 0.001948 22
64 8 32 54 0.002337 11
64 8 32 55 0.002737 22
64 8 32 56 0.001896 11
64 8 32 57 0.002226 11
64 8 32 58 0.001772 11
64 8 32 59 0.002453 22
64 8 32 60 0.001827 22
64 8 32 61 0.002689 11
64 8 32 62 0.002286 22
64 8 32 63 0.002191 22
64 8 32 64 0.001808 22
64 8 32 65 0.001325 22
64 8 32 66 0.001836 22
64 8 32 67 0.002839 22
64 8 32 68 0.002560 22
64 8 32 69 0.001876 22
64 8 32 70 0.001305 22
64 8 32 71 0.002542 22
64 8 32 72 0.002270 22
64 8 32 73 0.001815 11
64 8 32 74 0.002038 22
64 8 32 75 0.001839 11
64 8 32 76 0.003065 22
64 8 32 77 0.002654 11
64 8 32 78 0.002693 22
64 8 32 79 0.001391 22
64 8 32 80 0.001659 22
64 8 32 81 0.002599 22
64 8 32 82 0.002393 22
64 8 32 83 0.001924 22
64 8 32 84 0.001823 22
64 8 32 85 0.002107 22
64 8 32 86 0.002352 22
64 8 32 87 0.002129 22
64 8 32 88 0.001248 22
64 8 32 89 0.001606 11
64 8 32 90 0.002030 22
64 8 32 91 0.001919 22
64 8 32 92 0.003248 22
64 8 32 93 0.002079 22
64 8 32 94 0.002194 22
64 8 32 95 0.001795 22
64 8 32 96 0.002656 22
64 8 32 97 0.001447 22
64 8 32 98 0.002555 22
64 8 32 99 0.001775 22
128 2 4 0 0.000546 22222222222222222221111111111111
128 2 4 1 0.000498 11111111111111111111111111111111
128 2 4 2 0.000575 22222222111111111111111111111111
128 2 4 3 0.000556 22222222222222222222222222222222
128 2 4 4 0.000583 02222222222222222222222222222222
128 2 4 5 0.000550 22222111111111111111111111111111
128 2 4 6 0.000624 21111111111111111111111111111111
128 2 4 7 0.000583 11111111111111111111111111111111
128 2 4 8 0.000625 22222222222222222222222222222222
128 2 4 9 0.000489 22222222222222222222222222222222
128 2 4 10 0.000631 22222222222222222222222222222222
128 2 4 11 0.000574 11111111111111111111111111111111
128 2 4 12 0.000562 22222222222222222222222222222222
128 2 4 13 0.000540 22222222222222222222222222222222
128 2 4 14 0.000661 22222222222222222222222222222222
128 2 4 15 0.000476 11111111111111111111111111111111
128 2 4 16 0.000596 22222211111111111111111111111111
128 2 4 17 0.000617 22222222222222222222222222222222
128 2 4 18 0.000608 11111111111111111111111111111111
128 2 4 19 0.000586 11111111111111111111111111111111
128 2 4 20 0.000589 11111111111111111111111111111111
128 2 4 21 0.000570 22222222222222222222222222222222
128 2 4 22 0.000626 22222222222222222222222222222222
128 2 4 23 0.000624 22111111111111111111111111111111
128 2 4 24 0.000545 22222222222222222222222222222222
128 2 4 25 0.000528 11111111111111111111111111111111
128 2 4 26 0.000632 11111111111111111111111111111111
128 2 4 27 0.000517 11111111111111111111111111111111
128 2 4 28 0.000626 11111111111111111111111111111111
128 2 4 29 0.000581 11111111111111111111111111111111
128 2 4 30 0.000516 22222222222222222222222222222222
128 2 4 31 0.000584 02222222222222222222222222222222
128 2 4 32 0.000543 11111111111111111111111111111111
128 2 4 33 0.000551 22222222222222222222222222222222
128 2 4 34 0.000574 22222222222221111111111111111111
128 2 4 35 0.000643 22222222222211111111111111111111
128 2 4 36 0.000558 02111111111111111111111111111111
128 2 4 37 0.000568 22222222222222222222222222222222
128 2 4 38 0.000614 22222222111111111111111111111111
128 2 4 39 0.000531 11111111111111111111111111111111
128 2 4 40 0.000548 00222222222222222222222111111111
128 2 4 41 0.000617 11111111111111111111111111111111
128 2 4 42 0.000620 22222222222222222222222222222222
128 2 4 43 0.000556 22222221111111111111111111111111
128 2 4 44 0.000510 22222222211111111111111111111111
128 2 4 45 0.000514 02222222111111111111111111111111
128 2 4 46 0.000574 22221111111111111111111111111111
128 2 4 47 0.000530 22211111111111111111111111111111
128 2 4 48 0.000581 22222222222222222222222222222222
128 2 4 49 0.000616 11111111111111111111111111111111
128 2 4 50 0.000617 22222222222222222222222222222222
128 2 4 51 0.000604 02222222222222222222222222222222
128 2 4 52 0.000599 22222222222222222222222222222222
128 2 4 53 0.000607 22222222222222222222222211111111
128 2 4 54 0.000597 22222222222222222222222222222222
128 2 4 55 0.000542 22222222222111111111111111111111
128 2 4 56 0.000647 22222222222222222222222222211111
128 2 4 57 0.000601 11111111111111111111111111111111
128 2 4 58 0.000621 22222222222222222222222222222222
128 2 4 59 0.000576 22222222111111111111111111111111
128 2 4 60 0.000609 22222222222222222222222222222222
128 2 4 61 0.000459 22222222222222222222211111111111
128 2 4 62 0.000610 22222222222222222222222222222222
128 2 4 63 0.000596 22111111111111111111111111111111
128 2 4 64 0.000576 22111111111111111111111111111111
128 2 4 65 0.000488 22222222111111111111111111111111
128 2 4 66 0.000559 22222222222222222211111111111111
128 2 4 67 0.000487 22222222222222222222222222222222
128 2 4 68 0.000598 11111111111111111111111111111111
128 2 4 69 0.000564 22222222222222222222222222222222
128 2 4 70 0.000563 02222111111111111111111111111111
128 2 4 71 0.000676 22222222222222222222222222222222
128 2 4 72 0.000599 22222222222111111111111111111111
128 2 4 73 0.000554 22222222222222222222222222222222
128 2 4 74 0.000558 22222222222222222222222222222222
128 2 4 75 0.000482 22222222222222222222222222222222
128 2 4 76 0.000563 22222222222222222222222222222222
128 2 4 77 0.000579 11111111111111111111111111111111
128 2 4 78 0.000507 22222222222222222222222222222222
128 2 4 79 0.000584 22222222222222222222222222222222
128 2 4 80 0.000580 22222222222222222222222222222222
128 2 4 81 0.000593 22222222222222222222222222222222
128 2 4 82 0.000661 11111111111111111111111111111111
128 2 4 83 0.000600 11111111111111111111111111111111
128 2 4 84 0.000588 22222222222222222222222222222222
128 2 4 85 0.000591 11111111111111111111111111111111
128 2 4 86 0.000505 22222222222222221111111111111111
128 2 4 87 0.000464 22222222222222222222222222222222
128 2 4 88 0.000611 22222222222222222222222222222222
128 2 4 89 0.000596 22222222222222222222222222222222
128 2 4 90 0.000557 22222222222222222222222222222222
128 2 4 91 0.000557 22222222222222222222222222222222
128 2 4 92 0.000562 22111111111111111111111111111111
128 2 4 93 0.000541 22222222222222222222222222222222
128 2 4 94 0.000477 22111111111111111111111111111111
128 2 4 95 0.000535 11111111111111111111111111111111
128 2 4 96 0.000604 11111111111111111111111111111111
128 2 4 97 0.000440 22222222222222222222221111111111
128 2 4 98 0.000647 11111111111111111111111111111111
128 2 4 99 0.000565 02222222222222222222222222222222
128 2 8 0 0.000559 2222222221111111
128 2 8 1 0.000495 1111111111111111
128 2 8 2 0.000582 2222111111111111
128 2 8 3 0.000571 2222222222222222
128 2 8 4 0.000587 2222222222222222
128 2 8 5 0.000542 2211111111111111
128 2 8 6 0.000621 1111111111111111
128 2 8 7 0.000566 1111111111111111
128 2 8 8 0.000620 2222222222222222
128 2 8 9 0.000501 2222222222222222
128 2 8 10 0.000656 2222222222222222
128 2 8 11 0.000572 1111111111111111
128 2 8 12 0.000554 2222222222222222
128 2 8 13 0.000524 2222222222222222
128 2 8 14 0.000633 2222222222222222
128 2 8 15 0.000477 1111111111111111
128 2 8 16 0.000579 2221111111111111
128 2 8 17 0.000621 2222222222222222
128 2 8 18 0.000617 1111111111111111
128 2 8 19 0.000590 1111111111111111
128 2 8 20 0.000579 1111111111111111
128 2 8 21 0.000563 2222222222222222
128 2 8 22 0.000619 2222222222222222
128 2 8 23 0.000604 2111111111111111
128 2 8 24 0.000553 2222222222222222
128 2 8 25 0.000519 1111111111111111
128 2 8 26 0.000600 1111111111111111
128 2 8 27 0.000525 1111111111111111
128 2 8 28 0.000621 1111111111111111
128 2 8 29 0.000577 1111111111111111
128 2 8 30 0.000515 2222222222222222
128 2 8 31 0.000587 2222222222222222
128 2 8 32 0.000546 1111111111111111
128 2 8 33 0.000539 2222222222222222
128 2 8 34 0.000554 2222221111111111
128 2 8 35 0.000633 2222221111111111
128 2 8 36 0.000571 2111111111111111
128 2 8 37 0.000567 2222222222222222
128 2 8 38 0.000600 2222111111111111
128 2 8 39 0.000530 1111111111111111
128 2 8 40 0.000534 0222222222211111
128 2 8 41 0.000616 1111111111111111
128 2 8 42 0.000627 2222222222222222
128 2 8 43 0.000555 2221111111111111
128 2 8 44 0.000497 2222111111111111
128 2 8 45 0.000528 2222111111111111
128 2 8 46 0.000568 2211111111111111
128 2 8 47 0.000522 2111111111111111
128 2 8 48 0.000581 2222222222222222
128 2 8 49 0.000609 1111111111111111
128 2 8 50 0.000616 2222222222222222
128 2 8 51 0.000602 2222222222222222
128 2 8 52 0.000610 2222222222222222
128 2 8 53 0.000582 2222222222221111
128 2 8 54 0.000609 2222222222222222
128 2 8 55 0.000546 2222211111111111
128 2 8 56 0.000598 2222222222222111
128 2 8 57 0.000576 1111111111111111
128 2 8 58 0.000620 2222222222222222
128 2 8 59 0.000548 2222111111111111
128 2 8 60 0.000554 2222222222222222
128 2 8 61 0.000470 2222222222111111
128 2 8 62 0.000608 2222222222222222
128 2 8 63 0.000560 2111111111111111
128 2 8 64 0.000574 2111111111111111
128 2 8 65 0.000491 2222111111111111
128 2 8 66 0.000566 2222222221111111
128 2 8 67 0.000487 2222222222222222
128 2 8 68 0.000608 1111111111111111
128 2 8 69 0.000565 2222222222222222
128 2 8 70 0.000567 2211111111111111
128 2 8 71 0.000667 2222222222222222
128 2 8 72 0.000582 2222211111111111
128 2 8 73 0.000562 2222222222222222
128 2 8 74 0.000560 2222222222222222
128 2 8 75 0.000472 2222222222222222
128 2 8 76 0.000565 2222222222222222
128 2 8 77 0.000585 1111111111111111
128 2 8 78 0.000506 2222222222222222
128 2 8 79 0.000555 2222222222222222
128 2 8 80 0.000542 2222222222222222
128 2 8 81 0.000591 2222222222222222
128 2 8 82 0.000666 1111111111111111
128 2 8 83 0.000600 1111111111111111
128 2 8 84 0.000565 2222222222222222
128 2 8 85 0.000590 1111111111111111
128 2 8 86 0.000473 2222222211111111
128 2 8 87 0.000473 2222222222222222
128 2 8 88 0.000608 2222222222222222
128 2 8 89 0.000588 2222222222222222
128 2 8 90 0.000545 2222222222222222
128 2 8 91 0.000561 2222222222222222
128 2 8 92 0.000555 2111111111111111
128 2 8 93 0.000532 2222222222222222
128 2 8 94 0.000485 2111111111111111
128 2 8 95 0.000533 1111111111111111
128 2 8 96 0.000594 1111111111111111
128 2 8 97 0.000447 2222222222211111
128 2 8 98 0.000611 1111111111111111
128 2 8 99 0.000567 2222222222222222
128 2 16 0 0.000534 22221111
128 2 16 1 0.000473 11111111
128 2 16 2 0.000576 22111111
128 2 16 3 0.000528 22222222
128 2 16 4 0.000585 22222222
128 2 16 5 0.000529 21111111
128 2 16 6 0.000620 11111111
128 2 16 7 0.000549 11111111
128 2 16 8 0.000609 22222222
128 2 16 9 0.000478 22222222
128 2 16 10 0.000624 22222222
128 2 16 11 0.000562 11111111
128 2 16 12 0.000544 22222222
128 2 16 13 0.000519 22222222
128 2 16 14 0.000608 22222222
128 2 16 15 0.000456 11111111
128 2 16 16 0.000568 21111111
128 2 16 17 0.000598 22222222
128 2 16 18 0.000596 11111111
128 2 16 19 0.000550 11111111
128 2 16 20 0.000577 11111111
128 2 16 21 0.000541 22222222
128 2 16 22 0.000606 22222222
128 2 16 23 0.000597 11111111
128 2 16 24 0.000536 22222222
128 2 16 25 0.000511 11111111
128 2 16 26 0.000585 11111111
128 2 16 27 0.000507 11111111
128 2 16 28 0.000596 11111111
128 2 16 29 0.000563 11111111
128 2 16 30 0.000500 22222222
128 2 16 31 0.000564 22222222
128 2 16 32 0.000535 11111111
128 2 16 33 0.000524 22222222
128 2 16 34 0.000558 22211111
128 2 16 35 0.000621 22211111
128 2 16 36 0.000551 11111111
128 2 16 37 0.000551 22222222
128 2 16 38 0.000581 22111111
128 2 16 39 0.000518 11111111
128 2 16 40 0.000522 22222111
128 2 16 41 0.000596 11111111
128 2 16 42 0.000588 22222222
128 2 16 43 0.000541 21111111
128 2 16 44 0.000467 22111111
128 2 16 45 0.000491 22111111
128 2 16 46 0.000543 21111111
128 2 16 47 0.000511 11111111
128 2 16 48 0.000564 22222222
128 2 16 49 0.000603 11111111
128 2 16 50 0.000599 22222222
128 2 16 51 0.000585 22222222
128 2 16 52 0.000579 22222222
128 2 16 53 0.000579 22222211
128 2 16 54 0.000608 22222222
128 2 16 55 0.000537 22111111
128 2 16 56 0.000592 22222211
128 2 16 57 0.000556 11111111
128 2 16 58 0.000599 22222222
128 2 16 59 0.000532 22111111
128 2 16 60 0.000538 22222222
128 2 16 61 0.000452 22222111
128 2 16 62 0.000605 22222222
128 2 16 63 0.000558 11111111
128 2 16 64 0.000551 11111111
128 2 16 65 0.000473 22111111
128 2 16 66 0.000551 22221111
128 2 16 67 0.000474 22222222
128 2 16 68 0.000606 11111111
128 2 16 69 0.000538 22222222
128 2 16 70 0.000546 21111111
128 2 16 71 0.000661 22222222
128 2 16 72 0.000571 22111111
128 2 16 73 0.000548 22222222
128 2 16 74 0.000539 22222222
128 2 16 75 0.000453 22222222
128 2 16 76 0.000557 22222222
128 2 16 77 0.000545 11111111
128 2 16 78 0.000492 22222222
128 2 16 79 0.000528 22222222
128 2 16 80 0.000525 22222222
128 2 16 81 0.000559 22222222
128 2 16 82 0.000638 11111111
128 2 16 83 0.000593 11111111
128 2 16 84 0.000563 22222222
128 2 16 85 0.000586 11111111
128 2 16 86 0.000475 22221111
128 2 16 87 0.000470 22222222
128 2 16 88 0.000597 22222222
128 2 16 89 0.000579 22222222
128 2 16 90 0.000529 22222222
128 2 16 91 0.000525 22222222
128 2 16 92 0.000540 11111111
128 2 16 93 0.000518 22222222
128 2 16 94 0.000453 11111111
128 2 16 95 0.000524 11111111
128 2 16 96 0.000580 11111111
128 2 16 97 0.000432 22222111
128 2 16 98 0.000601 11111111
128 2 16 99 0.000562 22222222
128 2 32 0 0.000560 2211
128 2 32 1 0.000498 1111
128 2 32 2 0.000580 2111
128 2 32 3 0.000539 2222
128 2 32 4 0.000582 2222
128 2 32 5 0.000541 1111
128 2 32 6 0.000620 1111
128 2 32 7 0.000577 1111
128 2 32 8 0.000613 2222
128 2 32 9 0.000486 2222
128 2 32 10 0.000634 2222
128 2 32 11 0.000570 1111
128 2 32 12 0.000557 2222
128 2 32 13 0.000525 2222
128 2 32 14 0.000629 2222
128 2 32 15 0.000458 1111
128 2 32 16 0.000595 1111
128 2 32 17 0.000600 2222
128 2 32 18 0.000608 1111
128 2 32 19 0.000556 1111
128 2 32 20 0.000588 1111
128 2 32 21 0.000570 2222
128 2 32 22 0.000612 2222
128 2 32 23 0.000626 1111
128 2 32 24 0.000533 2222
128 2 32 25 0.000512 1111
128 2 32 26 0.000608 1111
128 2 32 27 0.000847 1111
128 2 32 28 0.000657 1111
128 2 32 29 0.000587 1111
128 2 32 30 0.000510 2222
128 2 32 31 0.000579 2222
128 2 32 32 0.000546 1111
128 2 32 33 0.000525 2222
128 2 32 34 0.000572 2111
128 2 32 35 0.000617 2111
128 2 32 36 0.000561 1111
128 2 32 37 0.000563 2222
128 2 32 38 0.000595 2111
128 2 32 39 0.000525 1111
128 2 32 40 0.000574 2211
128 2 32 41 0.000619 1111
128 2 32 42 0.000600 2222
128 2 32 43 0.000557 1111
128 2 32 44 0.000470 2111
128 2 32 45 0.000550 2111
128 2 32 46 0.000575 1111
128 2 32 47 0.000523 1111
128 2 32 48 0.000578 2222
128 2 32 49 0.000615 1111
128 2 32 50 0.000615 2222
128 2 32 51 0.000590 2222
128 2 32 52 0.000605 2222
128 2 32 53 0.000599 2221
128 2 32 54 0.000599 2222
128 2 32 55 0.000547 2111
128 2 32 56 0.000585 2221
128 2 32 57 0.000585 1111
128 2 32 58 0.000614 2222
128 2 32 59 0.000538 2111
128 2 32 60 0.000544 2222
128 2 32 61 0.000450 2211
128 2 32 62 0.000609 2222
128 2 32 63 0.000554 1111
128 2 32 64 0.000579 1111
128 2 32 65 0.000480 2111
128 2 32 66 0.000553 2211
128 2 32 67 0.000491 2222
128 2 32 68 0.000593 1111
128 2 32 69 0.000550 2222
128 2 32 70 0.000543 1111
128 2 32 71 0.000670 2222
128 2 32 72 0.000590 2111
128 2 32 73 0.000551 2222
128 2 32 74 0.000556 2222
128 2 32 75 0.000458 2222
128 2 32 76 0.000563 2222
128 2 32 77 0.000558 1111
128 2 32 78 0.000501 2222
128 2 32 79 0.000544 2222
128 2 32 80 0.000530 2222
128 2 32 81 0.000578 2222
128 2 32 82 0.000658 1111
128 2 32 83 0.000621 1111
128 2 32 84 0.000597 2222
128 2 32 85 0.000593 1111
128 2 32 86 0.000501 2211
128 2 32 87 0.000457 2222
128 2 32 88 0.000622 2222
128 2 32 89 0.000580 2222
128 2 32 90 0.000546 2222
128 2 32 91 0.000535 2222
128 2 32 92 0.000553 1111
128 2 32 93 0.000547 2222
128 2 32 94 0.000467 1111
128 2 32 95 0.000535 1111
128 2 32 96 0.000588 1111
128 2 32 97 0.000421 2211
128 2 32 98 0.000633 1111
128 2 32 99 0.000573 2222
128 4 8 0 0.001406 2222222222222222
128 4 8 1 0.001229 1111111111111111
128 4 8 2 0.001564 2222222222222222
128 4 8 3 0.001461 2222222222222222
128 4 8 4 0.001558 2222222222222222
128 4 8 5 0.001423 2222222222222222
128 4 8 6 0.001677 2222222222222222
128 4 8 7 0.001544 1111111111111111
128 4 8 8 0.001637 2222222222222222
128 4 8 9 0.001281 2222222222222222
128 4 8 10 0.001692 2222222222222222
128 4 8 11 0.001546 1111111111111111
128 4 8 12 0.001429 2222222222222222
128 4 8 13 0.001390 2222222222222222
128 4 8 14 0.001687 2222222222222222
128 4 8 15 0.001139 1111111111111111
128 4 8 16 0.001532 2222222222222222
128 4 8 17 0.001598 2222222222222222
128 4 8 18 0.001607 1111111111111111
128 4 8 19 0.001520 1111111111111111
128 4 8 20 0.001660 1111111111111111
128 4 8 21 0.001458 2222222222222222
128 4 8 22 0.001620 2222222222222222
128 4 8 23 0.001533 2222222222222222
128 4 8 24 0.001409 2222222222222222
128 4 8 25 0.001351 1111111111111111
128 4 8 26 0.001674 1111111111111111
128 4 8 27 0.001348 1111111111111111
128 4 8 28 0.001666 1111111111111111
128 4 8 29 0.001544 1111111111111111
128 4 8 30 0.001345 2222222222222222
128 4 8 31 0.001604 2222222222222222
128 4 8 32 0.001448 1111111111111111
128 4 8 33 0.001410 2222222222222222
128 4 8 34 0.001484 2222222222222222
128 4 8 35 0.001755 2222222222222222
128 4 8 36 0.001449 2222222222222222
128 4 8 37 0.001511 2222222222222222
128 4 8 38 0.001606 2222222222222222
128 4 8 39 0.001441 1111111111111111
128 4 8 40 0.001424 0222222222222222
128 4 8 41 0.001650 1111111111111111
128 4 8 42 0.001638 2222222222222222
128 4 8 43 0.001435 2222222222222222
128 4 8 44 0.001225 2222222222222222
128 4 8 45 0.001294 2222222222222222
128 4 8 46 0.001536 2222222222222222
128 4 8 47 0.001279 2222222222222222
128 4 8 48 0.001482 2222222222222222
128 4 8 49 0.001743 1111111111111111
128 4 8 50 0.001702 2222222222222222
128 4 8 51 0.001550 2222222222222222
128 4 8 52 0.001594 2222222222222222
128 4 8 53 0.001461 2222222222222222
128 4 8 54 0.001608 2222222222222222
128 4 8 55 0.001355 2222222222222222
128 4 8 56 0.001604 2222222222222222
128 4 8 57 0.001504 1111111111111111
128 4 8 58 0.001768 2222222222222222
128 4 8 59 0.001358 2222222222222222
128 4 8 60 0.001459 2222222222222222
128 4 8 61 0.001139 2222222222222222
128 4 8 62 0.001685 2222222222222222
128 4 8 63 0.001465 2222222222222222
128 4 8 64 0.001456 2222222222222222
128 4 8 65 0.001247 2222222222222222
128 4 8 66 0.001526 2222222222222222
128 4 8 67 0.001212 2222222222222222
128 4 8 68 0.001632 1111111111111111
128 4 8 69 0.001463 2222222222222222
128 4 8 70 0.001493 2222222222222222
128 4 8 71 0.001836 2222222222222222
128 4 8 72 0.001559 2222222222222222
128 4 8 73 0.001460 2222222222222222
128 4 8 74 0.001475 2222222222222222
128 4 8 75 0.001248 2222222222222222
128 4 8 76 0.001528 2222222222222222
128 4 8 77 0.001495 1111111111111111
128 4 8 78 0.001219 2222222222222222
128 4 8 79 0.001419 2222222222222222
128 4 8 80 0.001427 2222222222222222
128 4 8 81 0.001612 2222222222222222
128 4 8 82 0.001796 1111111111111111
128 4 8 83 0.001648 1111111111111111
128 4 8 84 0.001498 2222222222222222
128 4 8 85 0.001548 1111111111111111
128 4 8 86 0.001264 2222222222222222
128 4 8 87 0.001229 2222222222222222
128 4 8 88 0.001597 2222222222222222
128 4 8 89 0.001643 2222222222222222
128 4 8 90 0.001443 2222222222222222
128 4 8 91 0.001418 2222222222222222
128 4 8 92 0.001404 2222222222222222
128 4 8 93 0.001442 2222222222222222
128 4 8 94 0.001224 2222222222222222
128 4 8 95 0.001433 1111111111111111
128 4 8 96 0.001583 1111111111111111
128 4 8 97 0.001090 2222222222222222
128 4 8 98 0.001768 1111111111111111
128 4 8 99 0.001503 2222222222222222
128 4 16 0 0.001394 22222222
128 4 16 1 0.001145 11111111
128 4 16 2 0.001537 22222222
128 4 16 3 0.001452 22222222
128 4 16 4 0.001528 22222222
128 4 16 5 0.001373 22222222
128 4 16 6 0.001649 22222222
128 4 16 7 0.001515 11111111
128 4 16 8 0.001625 22222222
128 4 16 9 0.001265 22222222
128 4 16 10 0.001728 22222222
128 4 16 11 0.001522 11111111
128 4 16 12 0.001438 22222222
128 4 16 13 0.001387 22222222
128 4 16 14 0.001730 22222222
128 4 16 15 0.001148 11111111
128 4 16 16 0.001537 22222222
128 4 16 17 0.001634 22222222
128 4 16 18 0.001569 11111111
128 4 16 19 0.001511 11111111
128 4 16 20 0.001570 11111111
128 4 16 21 0.001432 22222222
128 4 16 22 0.001617 22222222
128 4 16 23 0.001551 22222222
128 4 16 24 0.001389 22222222
128 4 16 25 0.001342 11111111
128 4 16 26 0.001578 11111111
128 4 16 27 0.001351 11111111
128 4 16 28 0.001628 11111111
128 4 16 29 0.001505 11111111
128 4 16 30 0.001380 22222222
128 4 16 31 0.001567 22222222
128 4 16 32 0.001478 11111111
128 4 16 33 0.001392 22222222
128 4 16 34 0.001466 22222222
128 4 16 35 0.001675 22222222
128 4 16 36 0.001418 22222222
128 4 16 37 0.001503 22222222
128 4 16 38 0.001579 22222222
128 4 16 39 0.001404 11111111
128 4 16 40 0.001433 22222222
128 4 16 41 0.001648 11111111
128 4 16 42 0.001593 22222222
128 4 16 43 0.001419 22222222
128 4 16 44 0.001235 22222222
128 4 16 45 0.001292 22222222
128 4 16 46 0.001533 22222222
128 4 16 47 0.001257 22222222
128 4 16 48 0.001494 22222222
128 4 16 49 0.001731 11111111
128 4 16 50 0.001650 22222222
128 4 16 51 0.001540 22222222
128 4 16 52 0.001557 22222222
128 4 16 53 0.001430 22222222
128 4 16 54 0.001602 22222222
128 4 16 55 0.001331 22222222
128 4 16 56 0.001530 22222222
128 4 16 57 0.001494 11111111
128 4 16 58 0.001763 22222222
128 4 16 59 0.001364 22222222
128 4 16 60 0.001418 22222222
128 4 16 61 0.001127 22222222
128 4 16 62 0.001578 22222222
128 4 16 63 0.001414 22222222
128 4 16 64 0.001451 22222222
128 4 16 65 0.001238 22222222
128 4 16 66 0.001469 22222222
128 4 16 67 0.001223 22222222
128 4 16 68 0.001613 11111111
128 4 16 69 0.001436 22222222
128 4 16 70 0.001546 22222222
128 4 16 71 0.001817 22222222
128 4 16 72 0.001555 22222222
128 4 16 73 0.001446 22222222
128 4 16 74 0.001437 22222222
128 4 16 75 0.001185 22222222
128 4 16 76 0.001464 22222222
128 4 16 77 0.001500 11111111
128 4 16 78 0.001175 22222222
128 4 16 79 0.001430 22222222
128 4 16 80 0.001400 22222222
128 4 16 81 0.001576 22222222
128 4 16 82 0.001788 11111111
128 4 16 83 0.001601 11111111
128 4 16 84 0.001486 22222222
128 4 16 85 0.001556 11111111
128 4 16 86 0.001234 22222222
128 4 16 87 0.001141 22222222
128 4 16 88 0.001592 22222222
128 4 16 89 0.001592 22222222
128 4 16 90 0.001449 22222222
128 4 16 91 0.001396 22222222
128 4 16 92 0.001365 22222222
128 4 16 93 0.001435 22222222
128 4 16 94 0.001219 22222222
128 4 16 95 0.001382 11111111
128 4 16 96 0.001566 11111111
128 4 16 97 0.001076 22222222
128 4 16 98 0.001693 11111111
128 4 16 99 0.001422 22222222
128 4 32 0 0.001405 2222
128 4 32 1 0.001216 1111
128 4 32 2 0.001550 2222
128 4 32 3 0.001439 2222
128 4 32 4 0.001532 2222
128 4 32 5 0.001441 2222
128 4 32 6 0.001705 2222
128 4 32 7 0.001610 1111
128 4 32 8 0.001696 2222
128 4 32 9 0.001281 2222
128 4 32 10 0.001740 2222
128 4 32 11 0.001540 1111
128 4 32 12 0.001462 2222
128 4 32 13 0.001420 2222
128 4 32 14 0.001701 2222
128 4 32 15 0.001112 1111
128 4 32 16 0.001556 2222
128 4 32 17 0.001601 2222
128 4 32 18 0.001581 1111
128 4 32 19 0.001562 1111
128 4 32 20 0.001613 1111
128 4 32 21 0.001497 2222
128 4 32 22 0.001653 2222
128 4 32 23 0.001551 2222
128 4 32 24 0.001432 2222
128 4 32 25 0.001375 1111
128 4 32 26 0.001620 1111
128 4 32 27 0.001377 1111
128 4 32 28 0.001693 1111
128 4 32 29 0.001573 1111
128 4 32 30 0.001366 2222
128 4 32 31 0.001606 2222
128 4 32 32 0.001531 1111
128 4 32 33 0.001440 2222
128 4 32 34 0.001520 2222
128 4 32 35 0.001732 2222
128 4 32 36 0.001439 2222
128 4 32 37 0.001517 2222
128 4 32 38 0.001602 2222
128 4 32 39 0.001438 1111
128 4 32 40 0.001478 2222
128 4 32 41 0.001716 1111
128 4 32 42 0.001723 2222
128 4 32 43 0.001461 2222
128 4 32 44 0.001232 2222
128 4 32 45 0.001305 2222
128 4 32 46 0.001541 2222
128 4 32 47 0.001251 2222
128 4 32 48 0.001490 2222
128 4 32 49 0.001732 1111
128 4 32 50 0.001708 2222
128 4 32 51 0.001644 2222
128 4 32 52 0.001666 2222
128 4 32 53 0.001501 2222
128 4 32 54 0.001652 2222
128 4 32 55 0.001376 2222
128 4 32 56 0.001632 2222
128 4 32 57 0.001518 1111
128 4 32 58 0.001734 2222
128 4 32 59 0.001368 2222
128 4 32 60 0.001479 2222
128 4 32 61 0.001138 2222
128 4 32 62 0.001606 2222
128 4 32 63 0.001457 2222
128 4 32 64 0.001447 2222
128 4 32 65 0.001250 2222
128 4 32 66 0.001484 2222
128 4 32 67 0.001287 2222
128 4 32 68 0.001680 1111
128 4 32 69 0.001529 2222
128 4 32 70 0.001521 2222
128 4 32 71 0.001869 2222
128 4 32 72 0.001627 2222
128 4 32 73 0.001493 2222
128 4 32 74 0.001464 2222
128 4 32 75 0.001211 2222
128 4 32 76 0.001500 2222
128 4 32 77 0.001473 1111
128 4 32 78 0.001219 2222
128 4 32 79 0.001445 2222
128 4 32 80 0.001443 2222
128 4 32 81 0.001623 2222
128 4 32 82 0.001844 1111
128 4 32 83 0.001692 1111
128 4 32 84 0.001590 2222
128 4 32 85 0.001578 1111
128 4 32 86 0.001335 2222
128 4 32 87 0.001196 2222
128 4 32 88 0.001605 2222
128 4 32 89 0.001613 2222
128 4 32 90 0.001422 2222
128 4 32 91 0.001423 2222
128 4 32 92 0.001382 2222
128 4 32 93 0.001448 2222
128 4 32 94 0.001202 2222
128 4 32 95 0.001444 1111
128 4 32 96 0.001656 1111
128 4 32 97 0.001093 2222
128 4 32 98 0.001779 1111
128 4 32 99 0.001516 2222
128 8 16 0 0.004360 22222222
128 8 16 1 0.003494 11111111
128 8 16 2 0.004381 22222222
128 8 16 3 0.004566 22222222
128 8 16 4 0.004706 22222222
128 8 16 5 0.004211 22222222
128 8 16 6 0.005689 22222222
128 8 16 7 0.005061 11111111
128 8 16 8 0.005244 22222222
128 8 16 9 0.003710 22222222
128 8 16 10 0.005787 22222222
128 8 16 11 0.004834 11111111
128 8 16 12 0.004412 22222222
128 8 16 13 0.004470 22222222
128 8 16 14 0.005795 22222222
128 8 16 15 0.003500 11111111
128 8 16 16 0.004809 22222222
128 8 16 17 0.004931 22222222
128 8 16 18 0.005127 11111111
128 8 16 19 0.004609 11111111
128 8 16 20 0.005521 11111111
128 8 16 21 0.004525 22222222
128 8 16 22 0.005178 22222222
128 8 16 23 0.005224 22222222
128 8 16 24 0.004032 22222222
128 8 16 25 0.004242 11111111
128 8 16 26 0.005207 11111111
128 8 16 27 0.004169 11111111
128 8 16 28 0.005148 11111111
128 8 16 29 0.004713 11111111
128 8 16 30 0.003922 22222222
128 8 16 31 0.005085 22222222
128 8 16 32 0.004464 11111111
128 8 16 33 0.004388 22222222
128 8 16 34 0.005075 22222222
128 8 16 35 0.005469 22222222
128 8 16 36 0.004475 22222222
128 8 16 37 0.004248 22222222
128 8 16 38 0.005142 22222222
128 8 16 39 0.004371 11111111
128 8 16 40 0.004284 22222222
128 8 16 41 0.005445 11111111
128 8 16 42 0.005320 22222222
128 8 16 43 0.004759 22222222
128 8 16 44 0.003589 22222222
128 8 16 45 0.003878 22222222
128 8 16 46 0.004996 22222222
128 8 16 47 0.003923 22222222
128 8 16 48 0.004518 22222222
128 8 16 49 0.005473 11111111
128 8 16 50 0.005494 22222222
128 8 16 51 0.004740 22222222
128 8 16 52 0.004764 22222222
128 8 16 53 0.004505 22222222
128 8 16 54 0.004988 22222222
128 8 16 55 0.004285 22222222
128 8 16 56 0.005118 22222222
128 8 16 57 0.004830 11111111
128 8 16 58 0.005425 22222222
128 8 16 59 0.004583 22222222
128 8 16 60 0.004383 22222222
128 8 16 61 0.003388 22222222
128 8 16 62 0.004804 22222222
128 8 16 63 0.004328 22222222
128 8 16 64 0.004307 22222222
128 8 16 65 0.003596 22222222
128 8 16 66 0.004612 22222222
128 8 16 67 0.003618 22222222
128 8 16 68 0.004832 11111111
128 8 16 69 0.004461 22222222
128 8 16 70 0.004587 22222222
128 8 16 71 0.006110 22222222
128 8 16 72 0.004973 22222222
128 8 16 73 0.004524 22222222
128 8 16 74 0.004741 22222222
128 8 16 75 0.003574 22222222
128 8 16 76 0.004569 22222222
128 8 16 77 0.004584 11111111
128 8 16 78 0.004174 22222222
128 8 16 79 0.004253 22222222
128 8 16 80 0.004414 22222222
128 8 16 81 0.004945 22222222
128 8 16 82 0.005783 11111111
128 8 16 83 0.005326 11111111
128 8 16 84 0.004565 22222222
128 8 16 85 0.004651 11111111
128 8 16 86 0.003783 22222222
128 8 16 87 0.003599 22222222
128 8 16 88 0.004883 22222222
128 8 16 89 0.005181 22222222
128 8 16 90 0.004426 22222222
128 8 16 91 0.004335 22222222
128 8 16 92 0.004452 22222222
128 8 16 93 0.004587 22222222
128 8 16 94 0.003346 22222222
128 8 16 95 0.004332 11111111
128 8 16 96 0.005246 11111111
128 8 16 97 0.003381 22222222
128 8 16 98 0.005532 11111111
128 8 16 99 0.004450 22222222
128 8 32 0 0.004404 2222
128 8 32 1 0.003773 1111
128 8 32 2 0.004646 2222
128 8 32 3 0.004783 2222
128 8 32 4 0.005069 2222
128 8 32 5 0.004271 2222
128 8 32 6 0.005648 2222
128 8 32 7 0.005098 1111
128 8 32 8 0.005378 2222
128 8 32 9 0.003693 2222
128 8 32 10 0.005883 2222
128 8 32 11 0.004927 1111
128 8 32 12 0.004583 2222
128 8 32 13 0.004619 2222
128 8 32 14 0.005452 2222
128 8 32 15 0.003791 1111
128 8 32 16 0.004913 2222
128 8 32 17 0.005138 2222
128 8 32 18 0.005285 1111
128 8 32 19 0.004901 1111
128 8 32 20 0.005119 1111
128 8 32 21 0.004625 2222
128 8 32 22 0.004918 2222
128 8 32 23 0.005637 2222
128 8 32 24 0.004206 2222
128 8 32 25 0.004420 1111
128 8 32 26 0.005500 1111
128 8 32 27 0.004301 1111
128 8 32 28 0.005403 1111
128 8 32 29 0.004805 1111
128 8 32 30 0.004147 2222
128 8 32 31 0.005143 2222
128 8 32 32 0.004409 1111
128 8 32 33 0.004556 2222
128 8 32 34 0.004877 2222
128 8 32 35 0.006063 2222
128 8 32 36 0.004742 2222
128 8 32 37 0.004617 2222
128 8 32 38 0.005259 2222
128 8 32 39 0.004624 1111
128 8 32 40 0.004368 2222
128 8 32 41 0.005551 1111
128 8 32 42 0.005155 2222
128 8 32 43 0.004822 2222
128 8 32 44 0.003571 2222
128 8 32 45 0.004060 2222
128 8 32 46 0.005190 2222
128 8 32 47 0.003924 2222
128 8 32 48 0.004878 2222
128 8 32 49 0.005574 1111
128 8 32 50 0.005647 2222
128 8 32 51 0.004956 2222
128 8 32 52 0.004932 2222
128 8 32 53 0.004487 2222
128 8 32 54 0.005181 2222
128 8 32 55 0.004330 2222
128 8 32 56 0.004941 2222
128 8 32 57 0.004683 1111
128 8 32 58 0.005721 2222
128 8 32 59 0.004173 2222
128 8 32 60 0.004420 2222
128 8 32 61 0.003274 2222
128 8 32 62 0.004927 2222
128 8 32 63 0.004573 2222
128 8 32 64 0.004253 2222
128 8 32 65 0.003749 2222
128 8 32 66 0.004697 2222
128 8 32 67 0.003621 2222
128 8 32 68 0.005191 1111
128 8 32 69 0.004901 2222
128 8 32 70 0.004531 2222
128 8 32 71 0.005812 2222
128 8 32 72 0.005121 2222
128 8 32 73 0.004584 2222
128 8 32 74 0.004708 2222
128 8 32 75 0.004089 2222
128 8 32 76 0.004837 2222
128 8 32 77 0.004697 1111
128 8 32 78 0.003865 2222
128 8 32 79 0.004292 2222
128 8 32 80 0.004800 2222
128 8 32 81 0.005057 2222
128 8 32 82 0.005941 1111
128 8 32 83 0.005228 1111
128 8 32 84 0.004553 2222
128 8 32 85 0.005063 1111
128 8 32 86 0.003829 2222
128 8 32 87 0.003869 2222
128 8 32 88 0.004998 2222
128 8 32 89 0.005159 2222
128 8 32 90 0.004938 2222
128 8 32 91 0.004772 2222
128 8 32 92 0.004437 2222
128 8 32 93 0.004824 2222
128 8 32 94 0.003481 2222
128 8 32 95 0.004665 1111
128 8 32 96 0.005512 1111
128 8 32 97 0.003371 2222
128 8 32 98 0.006167 1111
128 8 32 99 0.004647 2222
256 2 4 0 0.001298 2222222222222222222222222222222222222222222222222222222222222222
256 2 4 1 0.001107 0222222222222222222222222221111111111111111111111111111111111111
256 2 4 2 0.001096 2222222222222222222222222222222222222222222222222222222222222222
256 2 4 3 0.001239 0222222222222222222222222222222222222222222222222222222222222222
256 2 4 4 0.001295 2222222222222222222222222222222222222222222222222222222222222222
256 2 4 5 0.001065 1111111111111111111111111111111111111111111111111111111111111111
256 2 4 6 0.001193 2222222222222222222222222222222222222222222222222222222222222222
256 2 4 7 0.001277 1111111111111111111111111111111111111111111111111111111111111111
256 2 4 8 0.001194 2222222222222222222222222222222222221111111111111111111111111111
256 2 4 9 0.001192 2222222222222222222222222222222222222222222222222222222222222222
256 2 4 10 0.001122 1111111111111111111111111111111111111111111111111111111111111111
256 2 4 11 0.001217 0021111111111111111111111111111111111111111111111111111111111111
256 2 4 12 0.001117 2222222222222222222222222222222222211111111111111111111111111111
256 2 4 13 0.001080 0222222222222222222222222222222222222222222222222222111111111111
256 2 4 14 0.001215 2222222222222222222222222222222222222222222222222222222222222221
256 2 4 15 0.001164 1111111111111111111111111111111111111111111111111111111111111111
256 2 4 16 0.001089 2222222222222222222222222211111111111111111111111111111111111111
256 2 4 17 0.001159 1111111111111111111111111111111111111111111111111111111111111111
256 2 4 18 0.001293 2222222222222222221111111111111111111111111111111111111111111111
256 2 4 19 0.001209 2222222222222222222222222222222222222222222222222222111111111111
256 2 4 20 0.001144 2222222222222222222222222222222222222222222222222222111111111111
256 2 4 21 0.001168 1111111111111111111111111111111111111111111111111111111111111111
256 2 4 22 0.001194 2222211111111111111111111111111111111111111111111111111111111111
256 2 4 23 0.001174 2222222222222222222222222222222222222222222222222222222222222222
256 2 4 24 0.001141 2222222222222222222222222222222222222222222222222222222222222221
256 2 4 25 0.001080 0222222222222222222222222222222222222222222222222222222222222222
256 2 4 26 0.001187 1111111111111111111111111111111111111111111111111111111111111111
256 2 4 27 0.001046 0222222222222222222222222222222222222222222222222222222222222222
256 2 4 28 0.001178 2222222222222222222222222222222222222222222222222222222222221111
256 2 4 29 0.001130 2222222222222222222222222222222221111111111111111111111111111111
256 2 4 30 0.001179 2222111111111111111111111111111111111111111111111111111111111111
256 2 4 31 0.001238 1111111111111111111111111111111111111111111111111111111111111111
256 2 4 32 0.001246 0222222222222222222222222111111111111111111111111111111111111111
256 2 4 33 0.001234 2222111111111111111111111111111111111111111111111111111111111111
256 2 4 34 0.001173 1111111111111111111111111111111111111111111111111111111111111111
256 2 4 35 0.001254 2222222222222222222222222222222222222222222222222222222222222222
256 2 4 36 0.001144 2222222222111111111111111111111111111111111111111111111111111111
256 2 4 37 0.001147 1111111111111111111111111111111111111111111111111111111111111111
256 2 4 38 0.001115 2222222222222222222222222222222222222222222211111111111111111111
256 2 4 39 0.001092 0222222222222222222222222211111111111111111111111111111111111111
256 2 4 40 0.001200 2222222222222222222222222222222222222222222222222222222211111111
256 2 4 41 0.001125 2222221111111111111111111111111111111111111111111111111111111111
256 2 4 42 0.001212 2222222222222222222222222222222222222222222222222222222222222222
256 2 4 43 0.001037 2222222222222222111111111111111111111111111111111111111111111111
256 2 4 44 0.001111 1111111111111111111111111111111111111111111111111111111111111111
256 2 4 45 0.001125 2222222222222222222222222222222222222222111111111111111111111111
256 2 4 46 0.001162 0022222222222222222222222222222222222222222222222222222222222222
256 2 4 47 0.001232 1111111111111111111111111111111111111111111111111111111111111111
256 2 4 48 0.001110 0222222222222222222222222222222222222111111111111111111111111111
256 2 4 49 0.001082 1111111111111111111111111111111111111111111111111111111111111111
256 2 4 50 0.001122 1111111111111111111111111111111111111111111111111111111111111111
256 2 4 51 0.001048 0222222222222222222222222222222222222222222222222222222222222222
256 2 4 52 0.001130 2222222222111111111111111111111111111111111111111111111111111111
256 2 4 53 0.001141 2222222222222222222222222222222222222222222222222222222222222222
256 2 4 54 0.001179 2222222222222222222222222222222222211111111111111111111111111111
256 2 4 55 0.001195 2222222222222221111111111111111111111111111111111111111111111111
256 2 4 56 0.001077 2222222222222222222222222222222222222222222222222222222222222222
256 2 4 57 0.001145 2222222222222222222222222221111111111111111111111111111111111111
256 2 4 58 0.001126 2222222222111111111111111111111111111111111111111111111111111111
256 2 4 59 0.001153 2222222222222222222222222222222222222222211111111111111111111111
256 2 4 60 0.001177 1111111111111111111111111111111111111111111111111111111111111111
256 2 4 61 0.001177 2221111111111111111111111111111111111111111111111111111111111111
256 2 4 62 0.001210 2222222222222222222222222222222222222222222222222222222222222222
256 2 4 63 0.001107 1111111111111111111111111111111111111111111111111111111111111111
256 2 4 64 0.001111 0022111111111111111111111111111111111111111111111111111111111111
256 2 4 65 0.001129 2222222222222222222222221111111111111111111111111111111111111111
256 2 4 66 0.001149 2222111111111111111111111111111111111111111111111111111111111111
256 2 4 67 0.001123 2222222222222221111111111111111111111111111111111111111111111111
256 2 4 68 0.001080 0222222222222222222222222222222222222222222222222222222222222222
256 2 4 69 0.001012 1111111111111111111111111111111111111111111111111111111111111111
256 2 4 70 0.001101 2222222222222222222222222222111111111111111111111111111111111111
256 2 4 71 0.001221 2222222222222222222222222222222222222222222222222221111111111111
256 2 4 72 0.001031 2222222222222222222222222222222222222222222222222221111111111111
256 2 4 73 0.001160 0222222221111111111111111111111111111111111111111111111111111111
256 2 4 74 0.001047 2222222222221111111111111111111111111111111111111111111111111111
256 2 4 75 0.001158 2222222222222222222222222222222222222222222222222222222222222222
256 2 4 76 0.001113 1111111111111111111111111111111111111111111111111111111111111111
256 2 4 77 0.001105 1111111111111111111111111111111111111111111111111111111111111111
256 2 4 78 0.001063 1111111111111111111111111111111111111111111111111111111111111111
256 2 4 79 0.001078 0222222222222222222222222222222222222222222111111111111111111111
256 2 4 80 0.001102 2222222222222222222222222222211111111111111111111111111111111111
256 2 4 81 0.001221 2222222222222222222222222222222222222222222222222222222222222222
256 2 4 82 0.001173 1111111111111111111111111111111111111111111111111111111111111111
256 2 4 83 0.000967 2222222111111111111111111111111111111111111111111111111111111111
256 2 4 84 0.001079 2222222222222222222222222222222222222222222222222222222222111111
256 2 4 85 0.001102 1111111111111111111111111111111111111111111111111111111111111111
256 2 4 86 0.001161 2222222222222222222222222222222222222222222222222222222222222222
256 2 4 87 0.001131 2222222222222222111111111111111111111111111111111111111111111111
256 2 4 88 0.001126 1111111111111111111111111111111111111111111111111111111111111111
256 2 4 89 0.001165 1111111111111111111111111111111111111111111111111111111111111111
256 2 4 90 0.001166 2222222222222222222222222222222222222222222222222222222222222222
256 2 4 91 0.001200 1111111111111111111111111111111111111111111111111111111111111111
256 2 4 92 0.001031 2222222222222222222222222222222222222222222222222222222111111111
256 2 4 93 0.001180 1111111111111111111111111111111111111111111111111111111111111111
256 2 4 94 0.001196 2222222222222222222222222222222222222222222222222222222222222222
256 2 4 95 0.001197 2222222222222222222222222222222222222222222222222222211111111111
256 2 4 96 0.001212 0222222222222222222222222222222222222222222222222222222222222222
256 2 4 97 0.001131 2222222222222222222222222111111111111111111111111111111111111111
256 2 4 98 0.001142 2222222222222222222222222222222222222222222222222222211111111111
256 2 4 99 0.001184 2222222222222222222222222222222222222222222222222222222222222222
256 2 8 0 0.001298 22222222222222222222222222222222
256 2 8 1 0.001113 22222222222221111111111111111111
256 2 8 2 0.001102 22222222222222222222222222222211
256 2 8 3 0.001114 22222222222222222222222222222222
256 2 8 4 0.001300 22222222222222222222222222222222
256 2 8 5 0.001062 11111111111111111111111111111111
256 2 8 6 0.001194 22222222222222222222222222222222
256 2 8 7 0.001210 11111111111111111111111111111111
256 2 8 8 0.001192 22222222222222222211111111111111
256 2 8 9 0.001174 22222222222222222222222222222222
256 2 8 10 0.001149 11111111111111111111111111111111
256 2 8 11 0.001220 01111111111111111111111111111111
256 2 8 12 0.001093 22222222222222222111111111111111
256 2 8 13 0.001076 22222222222222222222222222111111
256 2 8 14 0.001240 22222222222222222222222222222221
256 2 8 15 0.001145 11111111111111111111111111111111
256 2 8 16 0.001053 22222222222221111111111111111111
256 2 8 17 0.001132 11111111111111111111111111111111
256 2 8 18 0.001288 22222222211111111111111111111111
256 2 8 19 0.001185 22222222222222222222222222111111
256 2 8 20 0.001137 22222222222222222222222222111111
256 2 8 21 0.001163 11111111111111111111111111111111
256 2 8 22 0.001192 22111111111111111111111111111111
256 2 8 23 0.001202 22222222222222222222222222222222
256 2 8 24 0.001100 22222222222222222222222222222221
256 2 8 25 0.001079 22222222222222222222222222222222
256 2 8 26 0.001161 11111111111111111111111111111111
256 2 8 27 0.001053 22222222222222222222222222222222
256 2 8 28 0.001169 22222222222222222222222222222211
256 2 8 29 0.001175 22222222222222221111111111111111
256 2 8 30 0.001210 22111111111111111111111111111111
256 2 8 31 0.001253 11111111111111111111111111111111
256 2 8 32 0.001266 22222222222211111111111111111111
256 2 8 33 0.001240 22111111111111111111111111111111
256 2 8 34 0.001181 11111111111111111111111111111111
256 2 8 35 0.001218 22222222222222222222222222222222
256 2 8 36 0.001116 22222111111111111111111111111111
256 2 8 37 0.001132 11111111111111111111111111111111
256 2 8 38 0.001110 22222222222222222222221111111111
256 2 8 39 0.001086 22222222222221111111111111111111
256 2 8 40 0.001191 22222222222222222222222222221111
256 2 8 41 0.001177 22211111111111111111111111111111
256 2 8 42 0.001235 22222222222222222222222222222222
256 2 8 43 0.001030 22222222111111111111111111111111
256 2 8 44 0.001085 11111111111111111111111111111111
256 2 8 45 0.001132 22222222222222222222111111111111
256 2 8 46 0.001152 02222222222222222222222222222222
256 2 8 47 0.001230 11111111111111111111111111111111
256 2 8 48 0.001114 22222222222222222211111111111111
256 2 8 49 0.001040 11111111111111111111111111111111
256 2 8 50 0.001095 11111111111111111111111111111111
256 2 8 51 0.001080 22222222222222222222222222222222
256 2 8 52 0.001160 22222111111111111111111111111111
256 2 8 53 0.001151 22222222222222222222222222222222
256 2 8 54 0.001195 22222222222222222111111111111111
256 2 8 55 0.001168 22222221111111111111111111111111
256 2 8 56 0.001069 22222222222222222222222222222222
256 2 8 57 0.001116 22222222222221111111111111111111
256 2 8 58 0.001136 22222111111111111111111111111111
256 2 8 59 0.001157 22222222222222222222111111111111
256 2 8 60 0.001165 11111111111111111111111111111111
256 2 8 61 0.001182 21111111111111111111111111111111
256 2 8 62 0.001197 22222222222222222222222222222222
256 2 8 63 0.001100 11111111111111111111111111111111
256 2 8 64 0.001105 02111111111111111111111111111111
256 2 8 65 0.001106 22222222222211111111111111111111
256 2 8 66 0.001113 22111111111111111111111111111111
256 2 8 67 0.001074 22222221111111111111111111111111
256 2 8 68 0.001067 22111111111111111111111111111111
256 2 8 69 0.001031 11111111111111111111111111111111
256 2 8 70 0.001147 22222222222222111111111111111111
256 2 8 71 0.001268 22222222222222222222222221111111
256 2 8 72 0.001012 22222222222222222222222221111111
256 2 8 73 0.001133 22221111111111111111111111111111
256 2 8 74 0.001023 22222211111111111111111111111111
256 2 8 75 0.001152 22222222222222222222222222222222
256 2 8 76 0.001099 11111111111111111111111111111111
256 2 8 77 0.001062 11111111111111111111111111111111
256 2 8 78 0.001063 11111111111111111111111111111111
256 2 8 79 0.001084 22222222222222222222211111111111
256 2 8 80 0.001154 22222222222222111111111111111111
256 2 8 81 0.001244 22222222222222222222222222222222
256 2 8 82 0.001159 11111111111111111111111111111111
256 2 8 83 0.000989 22211111111111111111111111111111
256 2 8 84 0.001183 22222222222222222222222222222111
256 2 8 85 0.001095 11111111111111111111111111111111
256 2 8 86 0.001173 22222222222222222222222222222222
256 2 8 87 0.001175 22222222111111111111111111111111
256 2 8 88 0.001122 11111111111111111111111111111111
256 2 8 89 0.001157 11111111111111111111111111111111
256 2 8 90 0.001163 22222222222222222222222222222222
256 2 8 91 0.001211 11111111111111111111111111111111
256 2 8 92 0.001029 22222222222222222222222222211111
256 2 8 93 0.001157 11111111111111111111111111111111
256 2 8 94 0.001183 22222222222222222222222222222222
256 2 8 95 0.001147 22222222222222222222222222111111
256 2 8 96 0.001259 22222222222222222222222222222222
256 2 8 97 0.001128 22222222222211111111111111111111
256 2 8 98 0.001139 22222222222222222222222222111111
256 2 8 99 0.001303 22222222222222222222222222222222
256 2 16 0 0.001245 2222222222222222
256 2 16 1 0.001064 2222221111111111
256 2 16 2 0.001102 2222222222222221
256 2 16 3 0.001112 2222222222222222
256 2 16 4 0.001258 2222222222222222
256 2 16 5 0.001054 1111111111111111
256 2 16 6 0.001206 2222222222222222
256 2 16 7 0.001186 1111111111111111
256 2 16 8 0.001228 2222222221111111
256 2 16 9 0.001151 2222222222222222
256 2 16 10 0.001069 1111111111111111
256 2 16 11 0.001168 1111111111111111
256 2 16 12 0.001057 2222222211111111
256 2 16 13 0.001042 2222222222222111
256 2 16 14 0.001186 2222222222222221
256 2 16 15 0.001117 1111111111111111
256 2 16 16 0.001022 2222221111111111
256 2 16 17 0.001119 1111111111111111
256 2 16 18 0.001296 2222111111111111
256 2 16 19 0.001144 2222222222222111
256 2 16 20 0.001090 2222222222222111
256 2 16 21 0.001128 1111111111111111
256 2 16 22 0.001159 2111111111111111
256 2 16 23 0.001133 2222222222222222
256 2 16 24 0.001059 2222222222222221
256 2 16 25 0.001048 2222222222222222
256 2 16 26 0.001118 1111111111111111
256 2 16 27 0.001016 2222222222222222
256 2 16 28 0.001225 2222222222222221
256 2 16 29 0.001068 2222222211111111
256 2 16 30 0.001129 2111111111111111
256 2 16 31 0.001162 1111111111111111
256 2 16 32 0.001200 2222221111111111
256 2 16 33 0.001194 2111111111111111
256 2 16 34 0.001122 1111111111111111
256 2 16 35 0.001181 2222222222222222
256 2 16 36 0.001104 2211111111111111
256 2 16 37 0.001097 1111111111111111
256 2 16 38 0.001062 2222222222211111
256 2 16 39 0.001086 2222221111111111
256 2 16 40 0.001146 2222222222222211
256 2 16 41 0.001065 2111111111111111
256 2 16 42 0.001195 2222222222222222
256 2 16 43 0.000994 2222111111111111
256 2 16 44 0.001047 1111111111111111
256 2 16 45 0.001087 2222222222111111
256 2 16 46 0.001249 2222222222222222
256 2 16 47 0.001250 1111111111111111
256 2 16 48 0.001118 2222222221111111
256 2 16 49 0.000998 1111111111111111
256 2 16 50 0.001052 1111111111111111
256 2 16 51 0.001009 2222222222222222
256 2 16 52 0.001110 2211111111111111
256 2 16 53 0.001084 2222222222222222
256 2 16 54 0.001139 2222222211111111
256 2 16 55 0.001118 2221111111111111
256 2 16 56 0.001041 2222222222222222
256 2 16 57 0.001167 2222221111111111
256 2 16 58 0.001131 2211111111111111
256 2 16 59 0.001143 2222222222111111
256 2 16 60 0.001125 1111111111111111
256 2 16 61 0.001152 1111111111111111
256 2 16 62 0.001146 2222222222222222
256 2 16 63 0.001119 1111111111111111
256 2 16 64 0.001096 2111111111111111
256 2 16 65 0.001072 2222221111111111
256 2 16 66 0.001084 2111111111111111
256 2 16 67 0.001032 2221111111111111
256 2 16 68 0.001036 2111111111111111
256 2 16 69 0.000982 1111111111111111
256 2 16 70 0.001060 2222222111111111
256 2 16 71 0.001182 2222222222221111
256 2 16 72 0.000973 2222222222221111
256 2 16 73 0.001128 2211111111111111
256 2 16 74 0.000991 2221111111111111
256 2 16 75 0.001146 2222222222222222
256 2 16 76 0.001067 1111111111111111
256 2 16 77 0.001015 1111111111111111
256 2 16 78 0.001036 1111111111111111
256 2 16 79 0.001059 2222222222111111
256 2 16 80 0.001058 2222222111111111
256 2 16 81 0.001153 2222222222222222
256 2 16 82 0.001126 1111111111111111
256 2 16 83 0.000920 2111111111111111
256 2 16 84 0.001119 2222222222222211
256 2 16 85 0.001066 1111111111111111
256 2 16 86 0.001131 2222222222222222
256 2 16 87 0.001096 2222111111111111
256 2 16 88 0.001105 1111111111111111
256 2 16 89 0.001110 1111111111111111
256 2 16 90 0.001129 2222222222222222
256 2 16 91 0.001158 1111111111111111
256 2 16 92 0.000995 2222222222222111
256 2 16 93 0.001130 1111111111111111
256 2 16 94 0.001226 2222222222222222
256 2 16 95 0.001171 2222222222222111
256 2 16 96 0.001133 2222222222222222
256 2 16 97 0.001132 2222221111111111
256 2 16 98 0.001114 2222222222222111
256 2 16 99 0.001143 2222222222222222
256 2 32 0 0.001293 22222222
256 2 32 1 0.001094 22211111
256 2 32 2 0.001095 22222221
256 2 32 3 0.001104 22222222
256 2 32 4 0.001300 22222222
256 2 32 5 0.001105 11111111
256 2 32 6 0.001193 22222222
256 2 32 7 0.001191 11111111
256 2 32 8 0.001182 22221111
256 2 32 9 0.001182 22222222
256 2 32 10 0.001117 11111111
256 2 32 11 0.001192 11111111
256 2 32 12 0.001071 22221111
256 2 32 13 0.001061 22222211
256 2 32 14 0.001222 22222221
256 2 32 15 0.001160 11111111
256 2 32 16 0.001044 22211111
256 2 32 17 0.001136 11111111
256 2 32 18 0.001283 22111111
256 2 32 19 0.001180 22222211
256 2 32 20 0.001113 22222211
256 2 32 21 0.001164 11111111
256 2 32 22 0.001171 11111111
256 2 32 23 0.001176 22222222
256 2 32 24 0.001082 22222221
256 2 32 25 0.001064 22222222
256 2 32 26 0.001143 11111111
256 2 32 27 0.001037 22222222
256 2 32 28 0.001171 22222221
256 2 32 29 0.001103 22221111
256 2 32 30 0.001165 11111111
256 2 32 31 0.001211 11111111
256 2 32 32 0.001233 22211111
256 2 32 33 0.001224 11111111
256 2 32 34 0.001161 11111111
256 2 32 35 0.001202 22222222
256 2 32 36 0.001101 21111111
256 2 32 37 0.001130 11111111
256 2 32 38 0.001091 22222111
256 2 32 39 0.001076 22211111
256 2 32 40 0.001240 22222221
256 2 32 41 0.001117 11111111
256 2 32 42 0.001256 22222222
256 2 32 43 0.001018 22111111
256 2 32 44 0.001090 11111111
256 2 32 45 0.001121 22222111
256 2 32 46 0.001142 22222222
256 2 32 47 0.001230 11111111
256 2 32 48 0.001109 22221111
256 2 32 49 0.001220 11111111
256 2 32 50 0.001078 11111111
256 2 32 51 0.001055 22222222
256 2 32 52 0.001127 21111111
256 2 32 53 0.001114 22222222
256 2 32 54 0.001175 22221111
256 2 32 55 0.001821 21111111
256 2 32 56 0.001067 22222222
256 2 32 57 0.001116 22211111
256 2 32 58 0.001108 21111111
256 2 32 59 0.001143 22222111
256 2 32 60 0.001150 11111111
256 2 32 61 0.001176 11111111
256 2 32 62 0.001181 22222222
256 2 32 63 0.001082 11111111
256 2 32 64 0.001168 11111111
256 2 32 65 0.001205 22211111
256 2 32 66 0.001150 11111111
256 2 32 67 0.001057 21111111
256 2 32 68 0.001051 11111111
256 2 32 69 0.001004 11111111
256 2 32 70 0.001103 22211111
256 2 32 71 0.001202 22222211
256 2 32 72 0.000989 22222211
256 2 32 73 0.001126 21111111
256 2 32 74 0.001020 21111111
256 2 32 75 0.001153 22222222
256 2 32 76 0.001092 11111111
256 2 32 77 0.001077 11111111
256 2 32 78 0.001082 11111111
256 2 32 79 0.001060 22222111
256 2 32 80 0.001075 22211111
256 2 32 81 0.001218 22222222
256 2 32 82 0.001153 11111111
256 2 32 83 0.000922 11111111
256 2 32 84 0.001063 22222221
256 2 32 85 0.001066 11111111
256 2 32 86 0.001161 22222222
256 2 32 87 0.001118 22111111
256 2 32 88 0.001094 11111111
256 2 32 89 0.001138 11111111
256 2 32 90 0.001205 22222222
256 2 32 91 0.001234 11111111
256 2 32 92 0.001043 22222211
256 2 32 93 0.001171 11111111
256 2 32 94 0.001182 22222222
256 2 32 95 0.001142 22222211
256 2 32 96 0.001153 22222222
256 2 32 97 0.001110 22211111
256 2 32 98 0.001142 22222211
256 2 32 99 0.001178 22222222
256 4 8 0 0.003626 22222222222222222222222222222222
256 4 8 1 0.002829 22222222222222222222222222222222
256 4 8 2 0.002988 22222222222222222222222222222222
256 4 8 3 0.002979 22222222222222222222222222222222
256 4 8 4 0.003540 22222222222222222222222222222222
256 4 8 5 0.002802 11111111111111111111111111111111
256 4 8 6 0.003291 22222222222222222222222222222222
256 4 8 7 0.003239 11111111111111111111111111111111
256 4 8 8 0.003270 22222222222222222222222222222222
256 4 8 9 0.003198 22222222222222222222222222222222
256 4 8 10 0.003011 11111111111111111111111111111111
256 4 8 11 0.003187 02222222222222222222222222222222
256 4 8 12 0.002857 22222222222222222222222222222222
256 4 8 13 0.002827 22222222222222222222222222222222
256 4 8 14 0.003284 22222222222222222222222222222222
256 4 8 15 0.003071 11111111111111111111111111111111
256 4 8 16 0.002712 22222222222222222222222222222222
256 4 8 17 0.002895 11111111111111111111111111111111
256 4 8 18 0.003458 22222222222222222222222222222222
256 4 8 19 0.003285 22222222222222222222222222222222
256 4 8 20 0.003025 22222222222222222222222222222222
256 4 8 21 0.003091 11111111111111111111111111111111
256 4 8 22 0.003237 22222222222222222222222222222222
256 4 8 23 0.003189 22222222222222222222222222222222
256 4 8 24 0.002922 22222222222222222222222222222222
256 4 8 25 0.002812 22222222222222222222222222222222
256 4 8 26 0.003181 11111111111111111111111111111111
256 4 8 27 0.002667 22222222222222222222222222222222
256 4 8 28 0.003162 22222222222222222222222222222222
256 4 8 29 0.002858 22222222222222222222222222222222
256 4 8 30 0.003199 22222222222222222222222222222222
256 4 8 31 0.003232 11111111111111111111111111111111
256 4 8 32 0.003445 22222222222222222222222222222222
256 4 8 33 0.003273 22222222222222222222222222222222
256 4 8 34 0.003043 11111111111111111111111111111111
256 4 8 35 0.003428 22222222222222222222222222222222
256 4 8 36 0.002827 22222222222222222222222222222222
256 4 8 37 0.002981 11111111111111111111111111111111
256 4 8 38 0.002917 22222222222222222222222222222222
256 4 8 39 0.002966 22222222222222222222222222222222
256 4 8 40 0.003115 22222222222222222222222222222222
256 4 8 41 0.002990 22222222222222222222222222222222
256 4 8 42 0.003267 22222222222222222222222222222222
256 4 8 43 0.002607 22222222222222222222222222222222
256 4 8 44 0.002789 11111111111111111111111111111111
256 4 8 45 0.003071 22222222222222222222222222222222
256 4 8 46 0.003182 02222222222222222222222222222222
256 4 8 47 0.003433 11111111111111111111111111111111
256 4 8 48 0.002982 22222222222222222222222222222222
256 4 8 49 0.002755 11111111111111111111111111111111
256 4 8 50 0.002949 11111111111111111111111111111111
256 4 8 51 0.002903 22222222222222222222222222222222
256 4 8 52 0.003067 22222222222222222222222222222222
256 4 8 53 0.003144 22222222222222222222222222222222
256 4 8 54 0.003259 22222222222222222222222222222222
256 4 8 55 0.003115 22222222222222222222222222222222
256 4 8 56 0.002763 22222222222222222222222222222222
256 4 8 57 0.003080 22222222222222222222222222222222
256 4 8 58 0.002874 22222222222222222222222222222222
256 4 8 59 0.003045 22222222222222222222222222222222
256 4 8 60 0.003168 11111111111111111111111111111111
256 4 8 61 0.003192 22222222222222222222222222222222
256 4 8 62 0.003174 22222222222222222222222222222222
256 4 8 63 0.002892 11111111111111111111111111111111
256 4 8 64 0.002971 02222222222222222222222222222222
256 4 8 65 0.002981 22222222222222222222222222222222
256 4 8 66 0.003057 22222222222222222222222222222222
256 4 8 67 0.002746 22222222222222222222222222222222
256 4 8 68 0.002732 22222222222222222222222222222222
256 4 8 69 0.002685 11111111111111111111111111111111
256 4 8 70 0.002989 22222222222222222222222222222222
256 4 8 71 0.003284 22222222222222222222222222222222
256 4 8 72 0.002653 22222222222222222222222222222222
256 4 8 73 0.003123 22222222222222222222222222222222
256 4 8 74 0.002580 22222222222222222222222222222222
256 4 8 75 0.003082 22222222222222222222222222222222
256 4 8 76 0.002999 11111111111111111111111111111111
256 4 8 77 0.002783 11111111111111111111111111111111
256 4 8 78 0.002886 11111111111111111111111111111111
256 4 8 79 0.002942 22222222222222222222222222222222
256 4 8 80 0.002885 22222222222222222222222222222222
256 4 8 81 0.003189 22222222222222222222222222222222
256 4 8 82 0.003265 11111111111111111111111111111111
256 4 8 83 0.002380 22222222222222222222222222222222
256 4 8 84 0.002753 22222222222222222222222222222222
256 4 8 85 0.002923 11111111111111111111111111111111
256 4 8 86 0.003239 22222222222222222222222222222222
256 4 8 87 0.002855 22222222222222222222222222222222
256 4 8 88 0.003031 11111111111111111111111111111111
256 4 8 89 0.003165 11111111111111111111111111111111
256 4 8 90 0.003232 22222222222222222222222222222222
256 4 8 91 0.003180 11111111111111111111111111111111
256 4 8 92 0.002744 22222222222222222222222222222222
256 4 8 93 0.003204 11111111111111111111111111111111
256 4 8 94 0.003172 22222222222222222222222222222222
256 4 8 95 0.003095 22222222222222222222222222222222
256 4 8 96 0.003139 22222222222222222222222222222222
256 4 8 97 0.002913 22222222222222222222222222222222
256 4 8 98 0.003111 22222222222222222222222222222222
256 4 8 99 0.003181 22222222222222222222222222222222
256 4 16 0 0.003656 2222222222222222
256 4 16 1 0.002836 2222222222222222
256 4 16 2 0.002883 2222222222222222
256 4 16 3 0.002908 2222222222222222
256 4 16 4 0.003467 2222222222222222
256 4 16 5 0.002775 1111111111111111
256 4 16 6 0.003324 2222222222222222
256 4 16 7 0.003128 1111111111111111
256 4 16 8 0.003329 2222222222222222
256 4 16 9 0.003080 2222222222222222
256 4 16 10 0.002952 1111111111111111
256 4 16 11 0.003145 2222222222222222
256 4 16 12 0.002815 2222222222222222
256 4 16 13 0.002803 2222222222222222
256 4 16 14 0.003211 2222222222222222
256 4 16 15 0.003078 1111111111111111
256 4 16 16 0.002617 2222222222222222
256 4 16 17 0.003002 1111111111111111
256 4 16 18 0.003465 2222222222222222
256 4 16 19 0.003164 2222222222222222
256 4 16 20 0.002859 2222222222222222
256 4 16 21 0.003050 1111111111111111
256 4 16 22 0.003198 2222222222222222
256 4 16 23 0.003069 2222222222222222
256 4 16 24 0.002879 2222222222222222
256 4 16 25 0.002799 2222222222222222
256 4 16 26 0.003080 1111111111111111
256 4 16 27 0.002653 2222222222222222
256 4 16 28 0.003155 2222222222222222
256 4 16 29 0.002891 2222222222222222
256 4 16 30 0.003044 2222222222222222
256 4 16 31 0.003223 1111111111111111
256 4 16 32 0.003314 2222222222222222
256 4 16 33 0.003272 2222222222222222
256 4 16 34 0.002941 1111111111111111
256 4 16 35 0.003256 2222222222222222
256 4 16 36 0.002804 2222222222222222
256 4 16 37 0.002894 1111111111111111
256 4 16 38 0.002877 2222222222222222
256 4 16 39 0.002839 2222222222222222
256 4 16 40 0.003216 2222222222222222
256 4 16 41 0.002880 2222222222222222
256 4 16 42 0.003169 2222222222222222
256 4 16 43 0.002514 2222222222222222
256 4 16 44 0.002763 1111111111111111
256 4 16 45 0.003028 2222222222222222
256 4 16 46 0.003141 2222222222222222
256 4 16 47 0.003447 1111111111111111
256 4 16 48 0.002982 2222222222222222
256 4 16 49 0.002687 1111111111111111
256 4 16 50 0.002857 1111111111111111
256 4 16 51 0.002749 2222222222222222
256 4 16 52 0.003038 2222222222222222
256 4 16 53 0.002993 2222222222222222
256 4 16 54 0.003067 2222222222222222
256 4 16 55 0.003047 2222222222222222
256 4 16 56 0.002666 2222222222222222
256 4 16 57 0.002926 2222222222222222
256 4 16 58 0.002866 2222222222222222
256 4 16 59 0.003051 2222222222222222
256 4 16 60 0.003111 1111111111111111
256 4 16 61 0.003246 2222222222222222
256 4 16 62 0.003099 2222222222222222
256 4 16 63 0.002807 1111111111111111
256 4 16 64 0.003027 2222222222222222
256 4 16 65 0.002762 2222222222222222
256 4 16 66 0.002945 2222222222222222
256 4 16 67 0.002693 2222222222222222
256 4 16 68 0.002780 2222222222222222
256 4 16 69 0.002534 1111111111111111
256 4 16 70 0.002820 2222222222222222
256 4 16 71 0.003315 2222222222222222
256 4 16 72 0.002662 2222222222222222
256 4 16 73 0.002948 2222222222222222
256 4 16 74 0.002558 2222222222222222
256 4 16 75 0.003152 2222222222222222
256 4 16 76 0.003043 1111111111111111
256 4 16 77 0.002697 1111111111111111
256 4 16 78 0.002873 1111111111111111
256 4 16 79 0.002849 2222222222222222
256 4 16 80 0.002897 2222222222222222
256 4 16 81 0.003172 2222222222222222
256 4 16 82 0.003079 1111111111111111
256 4 16 83 0.002374 2222222222222222
256 4 16 84 0.002656 2222222222222222
256 4 16 85 0.002806 1111111111111111
256 4 16 86 0.003282 2222222222222222
256 4 16 87 0.002837 2222222222222222
256 4 16 88 0.002973 1111111111111111
256 4 16 89 0.003051 1111111111111111
256 4 16 90 0.003242 2222222222222222
256 4 16 91 0.003112 1111111111111111
256 4 16 92 0.002754 2222222222222222
256 4 16 93 0.003084 1111111111111111
256 4 16 94 0.003162 2222222222222222
256 4 16 95 0.002968 2222222222222222
256 4 16 96 0.003137 2222222222222222
256 4 16 97 0.003028 2222222222222222
256 4 16 98 0.003008 2222222222222222
256 4 16 99 0.003165 2222222222222222
256 4 32 0 0.003607 22222222
256 4 32 1 0.002872 22222222
256 4 32 2 0.003143 22222222
256 4 32 3 0.003064 22222222
256 4 32 4 0.003646 22222222
256 4 32 5 0.002858 11111111
256 4 32 6 0.003373 22222222
256 4 32 7 0.003138 11111111
256 4 32 8 0.003249 22222222
256 4 32 9 0.003254 22222222
256 4 32 10 0.003025 11111111
256 4 32 11 0.003154 22222222
256 4 32 12 0.002870 22222222
256 4 32 13 0.002847 22222222
256 4 32 14 0.003432 22222222
256 4 32 15 0.003250 11111111
256 4 32 16 0.002776 22222222
256 4 32 17 0.002924 11111111
256 4 32 18 0.003500 22222222
256 4 32 19 0.003245 22222222
256 4 32 20 0.002962 22222222
256 4 32 21 0.003095 11111111
256 4 32 22 0.003363 22222222
256 4 32 23 0.003264 22222222
256 4 32 24 0.003035 22222222
256 4 32 25 0.002778 22222222
256 4 32 26 0.003184 11111111
256 4 32 27 0.002767 22222222
256 4 32 28 0.003250 22222222
256 4 32 29 0.002911 22222222
256 4 32 30 0.003128 22222222
256 4 32 31 0.003334 11111111
256 4 32 32 0.003393 22222222
256 4 32 33 0.003559 22222222
256 4 32 34 0.003065 11111111
256 4 32 35 0.003351 22222222
256 4 32 36 0.002948 22222222
256 4 32 37 0.003047 11111111
256 4 32 38 0.002946 22222222
256 4 32 39 0.002920 22222222
256 4 32 40 0.003137 22222222
256 4 32 41 0.002963 22222222
256 4 32 42 0.003315 22222222
256 4 32 43 0.002591 22222222
256 4 32 44 0.002834 11111111
256 4 32 45 0.003142 22222222
256 4 32 46 0.003155 22222222
256 4 32 47 0.003527 11111111
256 4 32 48 0.002980 22222222
256 4 32 49 0.002742 11111111
256 4 32 50 0.002974 11111111
256 4 32 51 0.002780 22222222
256 4 32 52 0.003105 22222222
256 4 32 53 0.003130 22222222
256 4 32 54 0.003212 22222222
256 4 32 55 0.003183 22222222
256 4 32 56 0.002725 22222222
256 4 32 57 0.003137 22222222
256 4 32 58 0.002955 22222222
256 4 32 59 0.003058 22222222
256 4 32 60 0.003127 11111111
256 4 32 61 0.003316 22222222
256 4 32 62 0.003161 22222222
256 4 32 63 0.003494 11111111
256 4 32 64 0.002948 22222222
256 4 32 65 0.002845 22222222
256 4 32 66 0.003038 22222222
256 4 32 67 0.002851 22222222
256 4 32 68 0.002823 22222222
256 4 32 69 0.002675 11111111
256 4 32 70 0.002893 22222222
256 4 32 71 0.003409 22222222
256 4 32 72 0.002671 22222222
256 4 32 73 0.003143 22222222
256 4 32 74 0.002648 22222222
256 4 32 75 0.003170 22222222
256 4 32 76 0.003039 11111111
256 4 32 77 0.002732 11111111
256 4 32 78 0.002848 11111111
256 4 32 79 0.002964 22222222
256 4 32 80 0.002984 22222222
256 4 32 81 0.003337 22222222
256 4 32 82 0.003144 11111111
256 4 32 83 0.002394 22222222
256 4 32 84 0.002720 22222222
256 4 32 85 0.002885 11111111
256 4 32 86 0.003250 22222222
256 4 32 87 0.002950 22222222
256 4 32 88 0.002975 11111111
256 4 32 89 0.003195 11111111
256 4 32 90 0.003268 22222222
256 4 32 91 0.003408 11111111
256 4 32 92 0.002772 22222222
256 4 32 93 0.003184 11111111
256 4 32 94 0.003201 22222222
256 4 32 95 0.003097 22222222
256 4 32 96 0.003171 22222222
256 4 32 97 0.003280 22222222
256 4 32 98 0.003068 22222222
256 4 32 99 0.003207 22222222
256 8 16 0 0.011663 2222222222222222
256 8 16 1 0.008777 2222222222222222
256 8 16 2 0.009106 2222222222222222
256 8 16 3 0.009307 2222222222222222
256 8 16 4 0.011852 2222222222222222
256 8 16 5 0.008989 1111111111111111
256 8 16 6 0.010393 2222222222222222
256 8 16 7 0.010458 1111111111111111
256 8 16 8 0.010347 2222222222222222
256 8 16 9 0.010795 2222222222222222
256 8 16 10 0.009485 1111111111111111
256 8 16 11 0.010459 2222222222222222
256 8 16 12 0.009034 2222222222222222
256 8 16 13 0.008698 2222222222222222
256 8 16 14 0.010269 2222222222222222
256 8 16 15 0.009775 1111111111111111
256 8 16 16 0.008501 2222222222222222
256 8 16 17 0.009558 1111111111111111
256 8 16 18 0.011633 2222222222222222
256 8 16 19 0.010196 2222222222222222
256 8 16 20 0.009034 2222222222222222
256 8 16 21 0.009562 1111111111111111
256 8 16 22 0.010415 2222222222222222
256 8 16 23 0.009637 2222222222222222
256 8 16 24 0.009496 2222222222222222
256 8 16 25 0.009319 2222222222222222
256 8 16 26 0.010626 1111111111111111
256 8 16 27 0.008744 2222222222222222
256 8 16 28 0.010257 2222222222222222
256 8 16 29 0.008963 2222222222222222
256 8 16 30 0.009685 2222222222222222
256 8 16 31 0.010334 1111111111111111
256 8 16 32 0.010401 2222222222222222
256 8 16 33 0.011086 2222222222222222
256 8 16 34 0.009569 1111111111111111
256 8 16 35 0.010610 2222222222222222
256 8 16 36 0.009385 2222222222222222
256 8 16 37 0.009877 1111111111111111
256 8 16 38 0.009332 2222222222222222
256 8 16 39 0.009431 2222222222222222
256 8 16 40 0.010419 2222222222222222
256 8 16 41 0.009189 2222222222222222
256 8 16 42 0.010427 2222222222222222
256 8 16 43 0.007962 2222222222222222
256 8 16 44 0.008459 1111111111111111
256 8 16 45 0.009755 2222222222222222
256 8 16 46 0.010150 2222222222222222
256 8 16 47 0.011157 1111111111111111
256 8 16 48 0.008850 2222222222222222
256 8 16 49 0.008473 1111111111111111
256 8 16 50 0.009010 1111111111111111
256 8 16 51 0.008499 2222222222222222
256 8 16 52 0.009588 2222222222222222
256 8 16 53 0.009424 2222222222222222
256 8 16 54 0.009761 2222222222222222
256 8 16 55 0.009669 2222222222222222
256 8 16 56 0.008466 2222222222222222
256 8 16 57 0.009328 2222222222222222
256 8 16 58 0.009646 2222222222222222
256 8 16 59 0.009351 2222222222222222
256 8 16 60 0.009830 1111111111111111
256 8 16 61 0.010407 2222222222222222
256 8 16 62 0.010391 2222222222222222
256 8 16 63 0.009367 1111111111111111
256 8 16 64 0.009035 2222222222222222
256 8 16 65 0.009040 2222222222222222
256 8 16 66 0.010131 2222222222222222
256 8 16 67 0.008638 2222222222222222
256 8 16 68 0.008369 2222222222222222
256 8 16 69 0.008652 1111111111111111
256 8 16 70 0.008950 2222222222222222
256 8 16 71 0.010295 2222222222222222
256 8 16 72 0.007946 2222222222222222
256 8 16 73 0.009011 2222222222222222
256 8 16 74 0.007958 2222222222222222
256 8 16 75 0.009605 2222222222222222
256 8 16 76 0.009247 1111111111111111
256 8 16 77 0.009302 1111111111111111
256 8 16 78 0.009032 1111111111111111
256 8 16 79 0.008807 2222222222222222
256 8 16 80 0.008927 2222222222222222
256 8 16 81 0.011117 2222222222222222
256 8 16 82 0.010405 1111111111111111
256 8 16 83 0.007330 2222222222222222
256 8 16 84 0.008131 2222222222222222
256 8 16 85 0.008791 1111111111111111
256 8 16 86 0.010260 2222222222222222
256 8 16 87 0.009481 2222222222222222
256 8 16 88 0.008845 1111111111111111
256 8 16 89 0.009849 1111111111111111
256 8 16 90 0.010181 2222222222222222
256 8 16 91 0.010595 1111111111111111
256 8 16 92 0.008561 2222222222222222
256 8 16 93 0.010603 1111111111111111
256 8 16 94 0.009889 2222222222222222
256 8 16 95 0.009573 2222222222222222
256 8 16 96 0.009777 2222222222222222
256 8 16 97 0.009237 2222222222222222
256 8 16 98 0.010542 2222222222222222
256 8 16 99 0.010041 2222222222222222
256 8 32 0 0.011665 22222222
256 8 32 1 0.009317 22222222
256 8 32 2 0.009446 22222222
256 8 32 3 0.009555 22222222
256 8 32 4 0.012305 22222222
256 8 32 5 0.009028 11111111
256 8 32 6 0.010450 22222222
256 8 32 7 0.010315 11111111
256 8 32 8 0.010973 22222222
256 8 32 9 0.010382 22222222
256 8 32 10 0.009582 11111111
256 8 32 11 0.010768 22222222
256 8 32 12 0.009813 22222222
256 8 32 13 0.009162 22222222
256 8 32 14 0.010504 22222222
256 8 32 15 0.009953 11111111
256 8 32 16 0.008405 22222222
256 8 32 17 0.009647 11111111
256 8 32 18 0.012530 22222222
256 8 32 19 0.011130 22222222
256 8 32 20 0.009233 22222222
256 8 32 21 0.010061 11111111
256 8 32 22 0.010362 22222222
256 8 32 23 0.010117 22222222
256 8 32 24 0.009508 22222222
256 8 32 25 0.009194 22222222
256 8 32 26 0.010478 11111111
256 8 32 27 0.009021 22222222
256 8 32 28 0.010308 22222222
256 8 32 29 0.008929 22222222
256 8 32 30 0.010238 22222222
256 8 32 31 0.010699 11111111
256 8 32 32 0.011376 22222222
256 8 32 33 0.010904 22222222
256 8 32 34 0.010487 11111111
256 8 32 35 0.011197 22222222
256 8 32 36 0.009246 22222222
256 8 32 37 0.009586 11111111
256 8 32 38 0.009496 22222222
256 8 32 39 0.009318 22222222
256 8 32 40 0.010627 22222222
256 8 32 41 0.009465 22222222
256 8 32 42 0.011066 22222222
256 8 32 43 0.008205 22222222
256 8 32 44 0.008954 11111111
256 8 32 45 0.009948 22222222
256 8 32 46 0.009953 22222222
256 8 32 47 0.011673 11111111
256 8 32 48 0.009681 22222222
256 8 32 49 0.008385 11111111
256 8 32 50 0.009653 11111111
256 8 32 51 0.009099 22222222
256 8 32 52 0.010147 22222222
256 8 32 53 0.009675 22222222
256 8 32 54 0.009453 22222222
256 8 32 55 0.010183 22222222
256 8 32 56 0.008914 22222222
256 8 32 57 0.010041 22222222
256 8 32 58 0.009835 22222222
256 8 32 59 0.009562 22222222
256 8 32 60 0.010442 11111111
256 8 32 61 0.010779 22222222
256 8 32 62 0.010707 22222222
256 8 32 63 0.009360 11111111
256 8 32 64 0.009291 22222222
256 8 32 65 0.009092 22222222
256 8 32 66 0.009918 22222222
256 8 32 67 0.008717 22222222
256 8 32 68 0.008864 22222222
256 8 32 69 0.008652 11111111
256 8 32 70 0.009326 22222222
256 8 32 71 0.010708 22222222
256 8 32 72 0.008127 22222222
256 8 32 73 0.009541 22222222
256 8 32 74 0.008582 22222222
256 8 32 75 0.009876 22222222
256 8 32 76 0.009843 11111111
256 8 32 77 0.009026 11111111
256 8 32 78 0.009002 11111111
256 8 32 79 0.009150 22222222
256 8 32 80 0.009259 22222222
256 8 32 81 0.011499 22222222
256 8 32 82 0.010612 11111111
256 8 32 83 0.006996 22222222
256 8 32 84 0.008464 22222222
256 8 32 85 0.009343 11111111
256 8 32 86 0.010547 22222222
256 8 32 87 0.009528 22222222
256 8 32 88 0.009181 11111111
256 8 32 89 0.009899 11111111
256 8 32 90 0.010613 22222222
256 8 32 91 0.011230 11111111
256 8 32 92 0.008604 22222222
256 8 32 93 0.010579 11111111
256 8 32 94 0.010804 22222222
256 8 32 95 0.010177 22222222
256 8 32 96 0.010411 22222222
256 8 32 97 0.009530 22222222
256 8 32 98 0.010375 22222222
256 8 32 99 0.010514 22222222
512 2 4 0 0.002204 11111111111111111111111111111111111111111111111111111111111111111111111111111111111111111111111111111111111111111111111111111111
512 2 4 1 0.002360 22222222222222222222222222222222222222222222222222222222222222222222222221111111111111111111111111111111111111111111111111111111
512 2 4 2 0.002334 11111111111111111111111111111111111111111111111111111111111111111111111111111111111111111111111111111111111111111111111111111111
512 2 4 3 0.002348 22222222222222222222222222222222222222222222222222222222222222222222222222222222222111111111111111111111111111111111111111111111
512 2 4 4 0.002843 22222222222222211111111111111111111111111111111111111111111111111111111111111111111111111111111111111111111111111111111111111111
512 2 4 5 0.002249 22222222222222222222222222222222222222222222222222222222222222222111111111111111111111111111111111111111111111111111111111111111
512 2 4 6 0.002240 02222222222222222222222222222222222222222221111111111111111111111111111111111111111111111111111111111111111111111111111111111111
512 2 4 7 0.002233 22221111111111111111111111111111111111111111111111111111111111111111111111111111111111111111111111111111111111111111111111111111
512 2 4 8 0.002271 22222222222222222222222222222222222222222222222222222222222222222222222222222222222222211111111111111111111111111111111111111111
512 2 4 9 0.002453 22222222222222222222222222222222222222222222222222222222222222222222222222222222222222222211111111111111111111111111111111111111
512 2 4 10 0.002314 22222222222222222111111111111111111111111111111111111111111111111111111111111111111111111111111111111111111111111111111111111111
512 2 4 11 0.002310 22222222221111111111111111111111111111111111111111111111111111111111111111111111111111111111111111111111111111111111111111111111
512 2 4 12 0.002174 22222222222222222222222222222222222222222222222222211111111111111111111111111111111111111111111111111111111111111111111111111111
512 2 4 13 0.002270 02222222222222222222222222222222222222222222222222222222222222222222222222222222222222222222222222222222222222221111111111111111
512 2 4 14 0.002410 11111111111111111111111111111111111111111111111111111111111111111111111111111111111111111111111111111111111111111111111111111111
512 2 4 15 0.002232 00022222222222222221111111111111111111111111111111111111111111111111111111111111111111111111111111111111111111111111111111111111
512 2 4 16 0.002378 02222222222222222222222222222222222222111111111111111111111111111111111111111111111111111111111111111111111111111111111111111111
512 2 4 17 0.002268 11111111111111111111111111111111111111111111111111111111111111111111111111111111111111111111111111111111111111111111111111111111
512 2 4 18 0.002243 11111111111111111111111111111111111111111111111111111111111111111111111111111111111111111111111111111111111111111111111111111111
512 2 4 19 0.002079 11111111111111111111111111111111111111111111111111111111111111111111111111111111111111111111111111111111111111111111111111111111
512 2 4 20 0.002296 11111111111111111111111111111111111111111111111111111111111111111111111111111111111111111111111111111111111111111111111111111111
512 2 4 21 0.002224 22222222222222222222222221111111111111111111111111111111111111111111111111111111111111111111111111111111111111111111111111111111
512 2 4 22 0.002214 22222222222222222222222222222222222222222222222222222222222222221111111111111111111111111111111111111111111111111111111111111111
512 2 4 23 0.002122 02222221111111111111111111111111111111111111111111111111111111111111111111111111111111111111111111111111111111111111111111111111
512 2 4 24 0.002402 22222222222222222211111111111111111111111111111111111111111111111111111111111111111111111111111111111111111111111111111111111111
512 2 4 25 0.002253 22211111111111111111111111111111111111111111111111111111111111111111111111111111111111111111111111111111111111111111111111111111
512 2 4 26 0.002199 22222222222222222222222222222222222222222222222222222222222222222222222222222222222222222222222222222222222222222222222222222222
512 2 4 27 0.002277 22222111111111111111111111111111111111111111111111111111111111111111111111111111111111111111111111111111111111111111111111111111
512 2 4 28 0.002253 22222222222222222222222222222222211111111111111111111111111111111111111111111111111111111111111111111111111111111111111111111111
512 2 4 29 0.002239 22222222222222222222222111111111111111111111111111111111111111111111111111111111111111111111111111111111111111111111111111111111
512 2 4 30 0.002107 11111111111111111111111111111111111111111111111111111111111111111111111111111111111111111111111111111111111111111111111111111111
512 2 4 31 0.002301 11111111111111111111111111111111111111111111111111111111111111111111111111111111111111111111111111111111111111111111111111111111
512 2 4 32 0.002408 22222222222222222222222222222222222222222222222222222222222222222222222222222222222222222221111111111111111111111111111111111111
512 2 4 33 0.002118 22222222222222222222222222222222222222222222222222222222222222222222222222222111111111111111111111111111111111111111111111111111
512 2 4 34 0.002263 22222222222222222222222222222221111111111111111111111111111111111111111111111111111111111111111111111111111111111111111111111111
512 2 4 35 0.002305 22222222222222222222222222222222222222222222222222111111111111111111111111111111111111111111111111111111111111111111111111111111
512 2 4 36 0.002335 22222222222222222222222222222222222221111111111111111111111111111111111111111111111111111111111111111111111111111111111111111111
512 2 4 37 0.002233 02222222222222222222222222222222222222222222222222222222222222222222211111111111111111111111111111111111111111111111111111111111
512 2 4 38 0.002092 22222222222222222222222221111111111111111111111111111111111111111111111111111111111111111111111111111111111111111111111111111111
512 2 4 39 0.002334 22222221111111111111111111111111111111111111111111111111111111111111111111111111111111111111111111111111111111111111111111111111
512 2 4 40 0.002148 22222222222222222222222221111111111111111111111111111111111111111111111111111111111111111111111111111111111111111111111111111111
512 2 4 41 0.002279 22222222222222222222222222222222222222222222222222222222222222222222222222222222222222222222222222222111111111111111111111111111
512 2 4 42 0.002792 02222222222222222111111111111111111111111111111111111111111111111111111111111111111111111111111111111111111111111111111111111111
512 2 4 43 0.002290 22222222222222222222222222222222222222222222222222222222222222222222222222222222222222222222222222222222222222222222222222222222
512 2 4 44 0.002592 22222222222222222222222222222222222222222221111111111111111111111111111111111111111111111111111111111111111111111111111111111111
512 2 4 45 0.002276 22222222222222222222222222222222222222222222222222222222222222222222222222222111111111111111111111111111111111111111111111111111
512 2 4 46 0.002414 22222222222222222222222222222222222222222222222222221111111111111111111111111111111111111111111111111111111111111111111111111111
512 2 4 47 0.002221 11111111111111111111111111111111111111111111111111111111111111111111111111111111111111111111111111111111111111111111111111111111
512 2 4 48 0.002452 22222222222222222222222222222222222111111111111111111111111111111111111111111111111111111111111111111111111111111111111111111111
512 2 4 49 0.002282 11111111111111111111111111111111111111111111111111111111111111111111111111111111111111111111111111111111111111111111111111111111
512 2 4 50 0.002201 02222222222222222211111111111111111111111111111111111111111111111111111111111111111111111111111111111111111111111111111111111111
512 2 4 51 0.002234 22222222222222222222222222222222222222222211111111111111111111111111111111111111111111111111111111111111111111111111111111111111
512 2 4 52 0.002319 22222222222222222222222222222222222222222222222222222222221111111111111111111111111111111111111111111111111111111111111111111111
512 2 4 53 0.002318 11111111111111111111111111111111111111111111111111111111111111111111111111111111111111111111111111111111111111111111111111111111
512 2 4 54 0.002241 11111111111111111111111111111111111111111111111111111111111111111111111111111111111111111111111111111111111111111111111111111111
512 2 4 55 0.002217 22222222222222222222222222222222111111111111111111111111111111111111111111111111111111111111111111111111111111111111111111111111
512 2 4 56 0.002185 02222222222222222222222222222222222222222111111111111111111111111111111111111111111111111111111111111111111111111111111111111111
512 2 4 57 0.002250 22222222222222222222222222222222222222221111111111111111111111111111111111111111111111111111111111111111111111111111111111111111
512 2 4 58 0.002211 21111111111111111111111111111111111111111111111111111111111111111111111111111111111111111111111111111111111111111111111111111111
512 2 4 59 0.002333 22222222222222222222222222222222222222222222222222222222222222222222222222222222221111111111111111111111111111111111111111111111
512 2 4 60 0.002245 11111111111111111111111111111111111111111111111111111111111111111111111111111111111111111111111111111111111111111111111111111111
512 2 4 61 0.002136 11111111111111111111111111111111111111111111111111111111111111111111111111111111111111111111111111111111111111111111111111111111
512 2 4 62 0.002220 22222222222222222222222222222222222222222222222222222222222222222222211111111111111111111111111111111111111111111111111111111111
512 2 4 63 0.002308 22222222222222221111111111111111111111111111111111111111111111111111111111111111111111111111111111111111111111111111111111111111
512 2 4 64 0.002475 22222222222222222222222222222222222222222222222222222222222222222222222222222222222222222222222222222222222222222222222211111111
512 2 4 65 0.002299 11111111111111111111111111111111111111111111111111111111111111111111111111111111111111111111111111111111111111111111111111111111
512 2 4 66 0.002210 22222222222111111111111111111111111111111111111111111111111111111111111111111111111111111111111111111111111111111111111111111111
512 2 4 67 0.002288 22222222222222221111111111111111111111111111111111111111111111111111111111111111111111111111111111111111111111111111111111111111
512 2 4 68 0.002270 11111111111111111111111111111111111111111111111111111111111111111111111111111111111111111111111111111111111111111111111111111111
512 2 4 69 0.002408 22222222222222222222222222222222222222222222222222222222222222222222222222222211111111111111111111111111111111111111111111111111
512 2 4 70 0.002359 11111111111111111111111111111111111111111111111111111111111111111111111111111111111111111111111111111111111111111111111111111111
512 2 4 71 0.002361 22222222222222222222222222222222222222222222222222222222222222222222222222222222222221111111111111111111111111111111111111111111
512 2 4 72 0.002326 22222222222222111111111111111111111111111111111111111111111111111111111111111111111111111111111111111111111111111111111111111111
512 2 4 73 0.002227 22222222222222222222222222221111111111111111111111111111111111111111111111111111111111111111111111111111111111111111111111111111
512 2 4 74 0.002166 22111111111111111111111111111111111111111111111111111111111111111111111111111111111111111111111111111111111111111111111111111111
512 2 4 75 0.002322 22221111111111111111111111111111111111111111111111111111111111111111111111111111111111111111111111111111111111111111111111111111
512 2 4 76 0.002337 11111111111111111111111111111111111111111111111111111111111111111111111111111111111111111111111111111111111111111111111111111111
512 2 4 77 0.002252 22222222222222211111111111111111111111111111111111111111111111111111111111111111111111111111111111111111111111111111111111111111
512 2 4 78 0.002382 22222222222222222222222211111111111111111111111111111111111111111111111111111111111111111111111111111111111111111111111111111111
512 2 4 79 0.002376 11111111111111111111111111111111111111111111111111111111111111111111111111111111111111111111111111111111111111111111111111111111
512 2 4 80 0.002231 02222222222222222211111111111111111111111111111111111111111111111111111111111111111111111111111111111111111111111111111111111111
512 2 4 81 0.002324 02222222222222222222222222221111111111111111111111111111111111111111111111111111111111111111111111111111111111111111111111111111
512 2 4 82 0.002241 11111111111111111111111111111111111111111111111111111111111111111111111111111111111111111111111111111111111111111111111111111111
512 2 4 83 0.002238 22222222222222222222221111111111111111111111111111111111111111111111111111111111111111111111111111111111111111111111111111111111
512 2 4 84 0.002426 22222222222222222222222222222222222222222222222222222222222222222222222222222222222222222222222222222211111111111111111111111111
512 2 4 85 0.002281 22222222222222222222222222222222222222222222222222222222222222222222221111111111111111111111111111111111111111111111111111111111
512 2 4 86 0.002325 11111111111111111111111111111111111111111111111111111111111111111111111111111111111111111111111111111111111111111111111111111111
512 2 4 87 0.002376 11111111111111111111111111111111111111111111111111111111111111111111111111111111111111111111111111111111111111111111111111111111
512 2 4 88 0.002336 22222222222222222222222222222222222222222222222222222222222222222222222222222222222221111111111111111111111111111111111111111111
512 2 4 89 0.002302 22222211111111111111111111111111111111111111111111111111111111111111111111111111111111111111111111111111111111111111111111111111
512 2 4 90 0.002315 02222222222222222222222222222222222222222222222222222222222222222222222222222222222222222222111111111111111111111111111111111111
512 2 4 91 0.002426 22222222222222222222222222221111111111111111111111111111111111111111111111111111111111111111111111111111111111111111111111111111
512 2 4 92 0.002366 22222222222222222222222222222221111111111111111111111111111111111111111111111111111111111111111111111111111111111111111111111111
512 2 4 93 0.002282 22111111111111111111111111111111111111111111111111111111111111111111111111111111111111111111111111111111111111111111111111111111
512 2 4 94 0.002254 22222222222222222222222222222222222222222222222222222222222222222222222222222222222222222222222222222222222222222222222222222222
512 2 4 95 0.002337 22222222222222222222222222222222222222222222222222222222222222222222222222222222222222222222222222222222222222211111111111111111
512 2 4 96 0.002214 11111111111111111111111111111111111111111111111111111111111111111111111111111111111111111111111111111111111111111111111111111111
512 2 4 97 0.002304 11111111111111111111111111111111111111111111111111111111111111111111111111111111111111111111111111111111111111111111111111111111
512 2 4 98 0.002273 22222222222222222222222222211111111111111111111111111111111111111111111111111111111111111111111111111111111111111111111111111111
512 2 4 99 0.002405 22222222222222222222222222222111111111111111111111111111111111111111111111111111111111111111111111111111111111111111111111111111
512 2 8 0 0.002150 1111111111111111111111111111111111111111111111111111111111111111
512 2 8 1 0.002333 2222222222222222222222222222222222221111111111111111111111111111
512 2 8 2 0.002293 1111111111111111111111111111111111111111111111111111111111111111
512 2 8 3 0.002324 2222222222222222222222222222222222222222211111111111111111111111
512 2 8 4 0.002290 2222222111111111111111111111111111111111111111111111111111111111
512 2 8 5 0.002244 2222222222222222222222222222222211111111111111111111111111111111
512 2 8 6 0.002242 2222222222222222222221111111111111111111111111111111111111111111
512 2 8 7 0.002292 2211111111111111111111111111111111111111111111111111111111111111
512 2 8 8 0.002273 2222222222222222222222222222222222222222222111111111111111111111
512 2 8 9 0.002367 2222222222222222222222222222222222222222222221111111111111111111
512 2 8 10 0.002316 2222222211111111111111111111111111111111111111111111111111111111
512 2 8 11 0.002318 2222211111111111111111111111111111111111111111111111111111111111
512 2 8 12 0.002136 2222222222222222222222222111111111111111111111111111111111111111
512 2 8 13 0.002266 2222222222222222222222222222222222222222222222222222222211111111
512 2 8 14 0.002350 1111111111111111111111111111111111111111111111111111111111111111
512 2 8 15 0.002210 0222222221111111111111111111111111111111111111111111111111111111
512 2 8 16 0.002398 2222222222222222222111111111111111111111111111111111111111111111
512 2 8 17 0.002209 1111111111111111111111111111111111111111111111111111111111111111
512 2 8 18 0.002257 1111111111111111111111111111111111111111111111111111111111111111
512 2 8 19 0.002076 1111111111111111111111111111111111111111111111111111111111111111
512 2 8 20 0.002318 1111111111111111111111111111111111111111111111111111111111111111
512 2 8 21 0.002184 2222222222221111111111111111111111111111111111111111111111111111
512 2 8 22 0.002217 2222222222222222222222222222222211111111111111111111111111111111
512 2 8 23 0.002109 2221111111111111111111111111111111111111111111111111111111111111
512 2 8 24 0.002393 2222222221111111111111111111111111111111111111111111111111111111
512 2 8 25 0.002233 2111111111111111111111111111111111111111111111111111111111111111
512 2 8 26 0.002178 2222222222222222222222222222222222222222222222222222222222222222
512 2 8 27 0.002252 2211111111111111111111111111111111111111111111111111111111111111
512 2 8 28 0.002261 2222222222222222111111111111111111111111111111111111111111111111
512 2 8 29 0.002177 2222222222211111111111111111111111111111111111111111111111111111
512 2 8 30 0.002105 1111111111111111111111111111111111111111111111111111111111111111
512 2 8 31 0.002335 1111111111111111111111111111111111111111111111111111111111111111
512 2 8 32 0.002377 2222222222222222222222222222222222222222222221111111111111111111
512 2 8 33 0.002081 2222222222222222222222222222222222222211111111111111111111111111
512 2 8 34 0.002276 2222222222222221111111111111111111111111111111111111111111111111
512 2 8 35 0.002283 2222222222222222222222222111111111111111111111111111111111111111
512 2 8 36 0.002280 2222222222222222221111111111111111111111111111111111111111111111
512 2 8 37 0.002215 2222222222222222222222222222222222111111111111111111111111111111
512 2 8 38 0.002031 2222222222221111111111111111111111111111111111111111111111111111
512 2 8 39 0.002296 2221111111111111111111111111111111111111111111111111111111111111
512 2 8 40 0.002172 2222222222221111111111111111111111111111111111111111111111111111
512 2 8 41 0.002252 2222222222222222222222222222222222222222222222222211111111111111
512 2 8 42 0.002377 2222222211111111111111111111111111111111111111111111111111111111
512 2 8 43 0.002269 2222222222222222222222222222222222222222222222222222222222222222
512 2 8 44 0.002539 2222222222222222222221111111111111111111111111111111111111111111
512 2 8 45 0.002254 2222222222222222222222222222222222222211111111111111111111111111
512 2 8 46 0.002408 2222222222222222222222222211111111111111111111111111111111111111
512 2 8 47 0.002219 1111111111111111111111111111111111111111111111111111111111111111
512 2 8 48 0.002471 2222222222222222211111111111111111111111111111111111111111111111
512 2 8 49 0.002247 1111111111111111111111111111111111111111111111111111111111111111
512 2 8 50 0.002203 2222222221111111111111111111111111111111111111111111111111111111
512 2 8 51 0.002187 2222222222222222222221111111111111111111111111111111111111111111
512 2 8 52 0.002303 2222222222222222222222222222211111111111111111111111111111111111
512 2 8 53 0.002326 1111111111111111111111111111111111111111111111111111111111111111
512 2 8 54 0.002199 1111111111111111111111111111111111111111111111111111111111111111
512 2 8 55 0.002202 1111111111111111111111111111111111111111111111111111111111111111
512 2 8 56 0.002211 2222222222222222222211111111111111111111111111111111111111111111
512 2 8 57 0.002240 2222222222222222222211111111111111111111111111111111111111111111
512 2 8 58 0.002167 1111111111111111111111111111111111111111111111111111111111111111
512 2 8 59 0.002323 2222222222222222222222222222222222222222211111111111111111111111
512 2 8 60 0.002243 1111111111111111111111111111111111111111111111111111111111111111
512 2 8 61 0.002120 1111111111111111111111111111111111111111111111111111111111111111
512 2 8 62 0.002189 2222222222222222222222222222222222111111111111111111111111111111
512 2 8 63 0.002302 2222222211111111111111111111111111111111111111111111111111111111
512 2 8 64 0.002416 2222222222222222222222222222222222222222222222222222222222221111
512 2 8 65 0.002304 1111111111111111111111111111111111111111111111111111111111111111
512 2 8 66 0.002195 2222211111111111111111111111111111111111111111111111111111111111
512 2 8 67 0.002284 2222222211111111111111111111111111111111111111111111111111111111
512 2 8 68 0.002214 1111111111111111111111111111111111111111111111111111111111111111
512 2 8 69 0.002444 2222222222222222222222222222222222222221111111111111111111111111
512 2 8 70 0.002348 1111111111111111111111111111111111111111111111111111111111111111
512 2 8 71 0.002378 2222222222222222222222222222222222222222221111111111111111111111
512 2 8 72 0.002281 2222222111111111111111111111111111111111111111111111111111111111
512 2 8 73 0.002218 2222222222222211111111111111111111111111111111111111111111111111
512 2 8 74 0.002116 2111111111111111111111111111111111111111111111111111111111111111
512 2 8 75 0.002290 2211111111111111111111111111111111111111111111111111111111111111
512 2 8 76 0.002312 1111111111111111111111111111111111111111111111111111111111111111
512 2 8 77 0.002209 2222222111111111111111111111111111111111111111111111111111111111
512 2 8 78 0.002303 2222222222221111111111111111111111111111111111111111111111111111
512 2 8 79 0.002396 1111111111111111111111111111111111111111111111111111111111111111
512 2 8 80 0.002168 2222222221111111111111111111111111111111111111111111111111111111
512 2 8 81 0.002279 2222222222222211111111111111111111111111111111111111111111111111
512 2 8 82 0.002207 1111111111111111111111111111111111111111111111111111111111111111
512 2 8 83 0.002216 2222222222211111111111111111111111111111111111111111111111111111
512 2 8 84 0.002508 2222222222222222222222222222222222222222222222222221111111111111
512 2 8 85 0.002239 2222222222222222222222222222222222211111111111111111111111111111
512 2 8 86 0.002276 1111111111111111111111111111111111111111111111111111111111111111
512 2 8 87 0.002367 1111111111111111111111111111111111111111111111111111111111111111
512 2 8 88 0.002341 2222222222222222222222222222222222222222221111111111111111111111
512 2 8 89 0.002304 2221111111111111111111111111111111111111111111111111111111111111
512 2 8 90 0.002311 2222222222222222222222222222222222222222222222111111111111111111
512 2 8 91 0.002355 2222222222222211111111111111111111111111111111111111111111111111
512 2 8 92 0.002391 2222222222222221111111111111111111111111111111111111111111111111
512 2 8 93 0.002271 2111111111111111111111111111111111111111111111111111111111111111
512 2 8 94 0.002283 1111111111111111111111111111111111111111111111111111111111111111
512 2 8 95 0.002314 2222222222222222222222222222222222222222222222222222222111111111
512 2 8 96 0.002193 1111111111111111111111111111111111111111111111111111111111111111
512 2 8 97 0.002376 1111111111111111111111111111111111111111111111111111111111111111
512 2 8 98 0.002231 2222222222222111111111111111111111111111111111111111111111111111
512 2 8 99 0.002401 2222221111111111111111111111111111111111111111111111111111111111
512 2 16 0 0.002130 11111111111111111111111111111111
512 2 16 1 0.002267 22222222222222222211111111111111
512 2 16 2 0.002253 11111111111111111111111111111111
512 2 16 3 0.002220 22222222222222222222111111111111
512 2 16 4 0.002179 22211111111111111111111111111111
512 2 16 5 0.002160 22222222222222221111111111111111
512 2 16 6 0.002167 22222222221111111111111111111111
512 2 16 7 0.002202 21111111111111111111111111111111
512 2 16 8 0.002209 22222222222222222222211111111111
512 2 16 9 0.002291 22222222222222222222221111111111
512 2 16 10 0.002244 22221111111111111111111111111111
512 2 16 11 0.002217 22111111111111111111111111111111
512 2 16 12 0.002069 22222222222211111111111111111111
512 2 16 13 0.002204 22222222222222222222222222221111
512 2 16 14 0.002276 11111111111111111111111111111111
512 2 16 15 0.002165 22221111111111111111111111111111
512 2 16 16 0.002509 22222222211111111111111111111111
512 2 16 17 0.002128 11111111111111111111111111111111
512 2 16 18 0.002145 11111111111111111111111111111111
512 2 16 19 0.002020 11111111111111111111111111111111
512 2 16 20 0.002234 11111111111111111111111111111111
512 2 16 21 0.002117 22222211111111111111111111111111
512 2 16 22 0.002152 22222222222222221111111111111111
512 2 16 23 0.002045 21111111111111111111111111111111
512 2 16 24 0.002328 22221111111111111111111111111111
512 2 16 25 0.002125 11111111111111111111111111111111
512 2 16 26 0.002115 22222222222222222222222222222222
512 2 16 27 0.002183 21111111111111111111111111111111
512 2 16 28 0.002218 22222222111111111111111111111111
512 2 16 29 0.002177 22222111111111111111111111111111
512 2 16 30 0.002077 11111111111111111111111111111111
512 2 16 31 0.002232 11111111111111111111111111111111
512 2 16 32 0.002303 22222222222222222222221111111111
512 2 16 33 0.002051 22222222222222222221111111111111
512 2 16 34 0.002202 22222221111111111111111111111111
512 2 16 35 0.002220 22222222222211111111111111111111
512 2 16 36 0.002217 22222222211111111111111111111111
512 2 16 37 0.002180 22222222222222222111111111111111
512 2 16 38 0.001962 22222211111111111111111111111111
512 2 16 39 0.002212 21111111111111111111111111111111
512 2 16 40 0.002107 22222211111111111111111111111111
512 2 16 41 0.002229 22222222222222222222222221111111
512 2 16 42 0.002283 22221111111111111111111111111111
512 2 16 43 0.002225 22222222222222222222222222222222
512 2 16 44 0.002472 22222222221111111111111111111111
512 2 16 45 0.002204 22222222222222222221111111111111
512 2 16 46 0.002349 22222222222221111111111111111111
512 2 16 47 0.002133 11111111111111111111111111111111
512 2 16 48 0.002458 22222222111111111111111111111111
512 2 16 49 0.002202 11111111111111111111111111111111
512 2 16 50 0.002129 22221111111111111111111111111111
512 2 16 51 0.002150 22222222221111111111111111111111
512 2 16 52 0.002208 22222222222222111111111111111111
512 2 16 53 0.002242 11111111111111111111111111111111
512 2 16 54 0.002118 11111111111111111111111111111111
512 2 16 55 0.002131 11111111111111111111111111111111
512 2 16 56 0.002116 22222222221111111111111111111111
512 2 16 57 0.002156 22222222221111111111111111111111
512 2 16 58 0.002087 11111111111111111111111111111111
512 2 16 59 0.002246 22222222222222222222111111111111
512 2 16 60 0.002142 11111111111111111111111111111111
512 2 16 61 0.002086 11111111111111111111111111111111
512 2 16 62 0.002119 22222222222222222111111111111111
512 2 16 63 0.002259 22221111111111111111111111111111
512 2 16 64 0.002374 22222222222222222222222222222211
512 2 16 65 0.002228 11111111111111111111111111111111
512 2 16 66 0.002136 22111111111111111111111111111111
512 2 16 67 0.002216 22221111111111111111111111111111
512 2 16 68 0.002179 11111111111111111111111111111111
512 2 16 69 0.002332 22222222222222222221111111111111
512 2 16 70 0.002272 11111111111111111111111111111111
512 2 16 71 0.002315 22222222222222222222211111111111
512 2 16 72 0.002231 22211111111111111111111111111111
512 2 16 73 0.002144 22222221111111111111111111111111
512 2 16 74 0.002032 11111111111111111111111111111111
512 2 16 75 0.002241 21111111111111111111111111111111
512 2 16 76 0.002248 11111111111111111111111111111111
512 2 16 77 0.002184 22211111111111111111111111111111
512 2 16 78 0.002234 22222211111111111111111111111111
512 2 16 79 0.002294 11111111111111111111111111111111
512 2 16 80 0.002124 22221111111111111111111111111111
512 2 16 81 0.002209 22222221111111111111111111111111
512 2 16 82 0.002171 11111111111111111111111111111111
512 2 16 83 0.002161 22222111111111111111111111111111
512 2 16 84 0.002373 22222222222222222222222221111111
512 2 16 85 0.002193 22222222222222222111111111111111
512 2 16 86 0.002188 11111111111111111111111111111111
512 2 16 87 0.002283 11111111111111111111111111111111
512 2 16 88 0.002268 22222222222222222222211111111111
512 2 16 89 0.002198 21111111111111111111111111111111
512 2 16 90 0.002270 22222222222222222222222111111111
512 2 16 91 0.002278 22222221111111111111111111111111
512 2 16 92 0.002317 22222221111111111111111111111111
512 2 16 93 0.002213 11111111111111111111111111111111
512 2 16 94 0.002218 11111111111111111111111111111111
512 2 16 95 0.002247 22222222222222222222222222211111
512 2 16 96 0.002162 11111111111111111111111111111111
512 2 16 97 0.002269 11111111111111111111111111111111
512 2 16 98 0.002147 22222211111111111111111111111111
512 2 16 99 0.002321 22211111111111111111111111111111
512 2 32 0 0.002152 1111111111111111
512 2 32 1 0.002363 2222222221111111
512 2 32 2 0.002357 1111111111111111
512 2 32 3 0.002273 2222222222111111
512 2 32 4 0.002247 2111111111111111
512 2 32 5 0.002237 2222222211111111
512 2 32 6 0.002248 2222211111111111
512 2 32 7 0.002225 1111111111111111
512 2 32 8 0.002230 2222222222111111
512 2 32 9 0.002355 2222222222211111
512 2 32 10 0.002323 2211111111111111
512 2 32 11 0.002294 2111111111111111
512 2 32 12 0.002157 2222221111111111
512 2 32 13 0.002256 2222222222222211
512 2 32 14 0.002366 1111111111111111
512 2 32 15 0.002246 2211111111111111
512 2 32 16 0.002371 2222111111111111
512 2 32 17 0.002208 1111111111111111
512 2 32 18 0.002225 1111111111111111
512 2 32 19 0.002075 1111111111111111
512 2 32 20 0.002324 1111111111111111
512 2 32 21 0.002206 2221111111111111
512 2 32 22 0.002192 2222222211111111
512 2 32 23 0.002117 1111111111111111
512 2 32 24 0.002399 2211111111111111
512 2 32 25 0.002186 1111111111111111
512 2 32 26 0.002202 2222222222222222
512 2 32 27 0.002273 1111111111111111
512 2 32 28 0.002242 2222111111111111
512 2 32 29 0.002181 2211111111111111
512 2 32 30 0.002074 1111111111111111
512 2 32 31 0.002310 1111111111111111
512 2 32 32 0.002357 2222222222211111
512 2 32 33 0.002102 2222222221111111
512 2 32 34 0.002285 2221111111111111
512 2 32 35 0.002282 2222221111111111
512 2 32 36 0.002308 2222111111111111
512 2 32 37 0.002253 2222222211111111
512 2 32 38 0.002014 2221111111111111
512 2 32 39 0.002280 1111111111111111
512 2 32 40 0.002128 2221111111111111
512 2 32 41 0.002291 2222222222221111
512 2 32 42 0.002359 2211111111111111
512 2 32 43 0.002284 2222222222222222
512 2 32 44 0.002522 2222211111111111
512 2 32 45 0.002259 2222222221111111
512 2 32 46 0.002400 2222221111111111
512 2 32 47 0.002209 1111111111111111
512 2 32 48 0.002462 2222111111111111
512 2 32 49 0.002265 1111111111111111
512 2 32 50 0.002202 2211111111111111
512 2 32 51 0.002291 2222211111111111
512 2 32 52 0.002264 2222222111111111
512 2 32 53 0.002319 1111111111111111
512 2 32 54 0.002162 1111111111111111
512 2 32 55 0.002217 1111111111111111
512 2 32 56 0.002177 2222211111111111
512 2 32 57 0.002231 2222211111111111
512 2 32 58 0.002172 1111111111111111
512 2 32 59 0.002347 2222222222111111
512 2 32 60 0.002212 1111111111111111
512 2 32 61 0.002106 1111111111111111
512 2 32 62 0.002171 2222222211111111
512 2 32 63 0.002327 2211111111111111
512 2 32 64 0.002427 2222222222222221
512 2 32 65 0.002317 1111111111111111
512 2 32 66 0.002201 2111111111111111
512 2 32 67 0.002275 2211111111111111
512 2 32 68 0.002226 1111111111111111
512 2 32 69 0.002386 2222222221111111
512 2 32 70 0.002341 1111111111111111
512 2 32 71 0.002382 2222222222111111
512 2 32 72 0.002285 2111111111111111
512 2 32 73 0.002205 2221111111111111
512 2 32 74 0.002108 1111111111111111
512 2 32 75 0.002314 1111111111111111
512 2 32 76 0.002326 1111111111111111
512 2 32 77 0.002206 2111111111111111
512 2 32 78 0.002339 2221111111111111
512 2 32 79 0.002332 1111111111111111
512 2 32 80 0.002196 2211111111111111
512 2 32 81 0.002277 2221111111111111
512 2 32 82 0.002218 1111111111111111
512 2 32 83 0.002212 2211111111111111
512 2 32 84 0.002434 2222222222221111
512 2 32 85 0.002240 2222222211111111
512 2 32 86 0.002289 1111111111111111
512 2 32 87 0.002340 1111111111111111
512 2 32 88 0.002377 2222222222111111
512 2 32 89 0.002230 1111111111111111
512 2 32 90 0.002299 2222222222211111
512 2 32 91 0.002333 2221111111111111
512 2 32 92 0.002408 2221111111111111
512 2 32 93 0.002258 1111111111111111
512 2 32 94 0.002221 1111111111111111
512 2 32 95 0.002307 2222222222222111
512 2 32 96 0.002202 1111111111111111
512 2 32 97 0.002306 1111111111111111
512 2 32 98 0.002225 2221111111111111
512 2 32 99 0.002404 2111111111111111
512 4 8 0 0.006043 1111111111111111111111111111111111111111111111111111111111111111
512 4 8 1 0.006406 2222222222222222222222222222222222222222222222222222222222222222
512 4 8 2 0.006278 1111111111111111111111111111111111111111111111111111111111111111
512 4 8 3 0.006320 2222222222222222222222222222222222222222222222222222222222222222
512 4 8 4 0.005718 2222222222222222222222222222222222222222222222222222222222222222
512 4 8 5 0.006132 2222222222222222222222222222222222222222222222222222222222222222
512 4 8 6 0.006030 2222222222222222222222222222222222222222222222222222222222222222
512 4 8 7 0.006373 2222222222222222222222222222222222222222222222222222222222222222
512 4 8 8 0.005811 2222222222222222222222222222222222222222222222222222222222222222
512 4 8 9 0.006812 2222222222222222222222222222222222222222222222222222222222222222
512 4 8 10 0.006409 2222222222222222222222222222222222222222222222222222222222222222
512 4 8 11 0.006127 2222222222222222222222222222222222222222222222222222222222222222
512 4 8 12 0.005548 2222222222222222222222222222222222222222222222222222222222222222
512 4 8 13 0.006265 2222222222222222222222222222222222222222222222222222222222222222
512 4 8 14 0.006297 1111111111111111111111111111111111111111111111111111111111111111
512 4 8 15 0.005838 0222222222222222222222222222222222222222222222222222222222222222
512 4 8 16 0.006310 2222222222222222222222222222222222222222222222222222222222222222
512 4 8 17 0.006165 1111111111111111111111111111111111111111111111111111111111111111
512 4 8 18 0.005951 1111111111111111111111111111111111111111111111111111111111111111
512 4 8 19 0.005390 1111111111111111111111111111111111111111111111111111111111111111
512 4 8 20 0.006029 1111111111111111111111111111111111111111111111111111111111111111
512 4 8 21 0.005881 2222222222222222222222222222222222222222222222222222222222222222
512 4 8 22 0.006021 2222222222222222222222222222222222222222222222222222222222222222
512 4 8 23 0.005391 2222222222222222222222222222222222222222222222222222222222222222
512 4 8 24 0.006488 2222222222222222222222222222222222222222222222222222222222222222
512 4 8 25 0.005951 2222222222222222222222222222222222222222222222222222222222222222
512 4 8 26 0.005924 2222222222222222222222222222222222222222222222222222222222222222
512 4 8 27 0.006119 2222222222222222222222222222222222222222222222222222222222222222
512 4 8 28 0.005981 2222222222222222222222222222222222222222222222222222222222222222
512 4 8 29 0.005753 2222222222222222222222222222222222222222222222222222222222222222
512 4 8 30 0.005490 1111111111111111111111111111111111111111111111111111111111111111
512 4 8 31 0.006207 1111111111111111111111111111111111111111111111111111111111111111
512 4 8 32 0.006457 2222222222222222222222222222222222222222222222222222222222222222
512 4 8 33 0.005611 2222222222222222222222222222222222222222222222222222222222222222
512 4 8 34 0.006114 2222222222222222222222222222222222222222222222222222222222222222
512 4 8 35 0.006262 2222222222222222222222222222222222222222222222222222222222222222
512 4 8 36 0.006085 2222222222222222222222222222222222222222222222222222222222222222
512 4 8 37 0.006039 2222222222222222222222222222222222222222222222222222222222222222
512 4 8 38 0.005225 2222222222222222222222222222222222222222222222222222222222222222
512 4 8 39 0.006352 2222222222222222222222222222222222222222222222222222222222222222
512 4 8 40 0.005693 2222222222222222222222222222222222222222222222222222222222222222
512 4 8 41 0.005876 2222222222222222222222222222222222222222222222222222222222222222
512 4 8 42 0.006317 2222222222222222222222222222222222222222222222222222222222222222
512 4 8 43 0.006235 2222222222222222222222222222222222222222222222222222222222222222
512 4 8 44 0.007294 2222222222222222222222222222222222222222222222222222222222222222
512 4 8 45 0.006068 2222222222222222222222222222222222222222222222222222222222222222
512 4 8 46 0.006582 2222222222222222222222222222222222222222222222222222222222222222
512 4 8 47 0.005795 1111111111111111111111111111111111111111111111111111111111111111
512 4 8 48 0.006820 2222222222222222222222222222222222222222222222222222222222222222
512 4 8 49 0.006008 1111111111111111111111111111111111111111111111111111111111111111
512 4 8 50 0.005907 2222222222222222222222222222222222222222222222222222222222222222
512 4 8 51 0.006064 2222222222222222222222222222222222222222222222222222222222222222
512 4 8 52 0.006112 2222222222222222222222222222222222222222222222222222222222222222
512 4 8 53 0.006330 1111111111111111111111111111111111111111111111111111111111111111
512 4 8 54 0.005985 1111111111111111111111111111111111111111111111111111111111111111
512 4 8 55 0.005795 2222222222222222222222222222222222222222222222222222222222222222
512 4 8 56 0.005890 2222222222222222222222222222222222222222222222222222222222222222
512 4 8 57 0.005986 2222222222222222222222222222222222222222222222222222222222222222
512 4 8 58 0.005598 2222222222222222222222222222222222222222222222222222222222222222
512 4 8 59 0.006317 2222222222222222222222222222222222222222222222222222222222222222
512 4 8 60 0.006000 1111111111111111111111111111111111111111111111111111111111111111
512 4 8 61 0.005524 1111111111111111111111111111111111111111111111111111111111111111
512 4 8 62 0.005849 2222222222222222222222222222222222222222222222222222222222222222
512 4 8 63 0.006176 2222222222222222222222222222222222222222222222222222222222222222
512 4 8 64 0.006622 2222222222222222222222222222222222222222222222222222222222222222
512 4 8 65 0.006133 1111111111111111111111111111111111111111111111111111111111111111
512 4 8 66 0.005929 2222222222222222222222222222222222222222222222222222222222222222
512 4 8 67 0.006230 2222222222222222222222222222222222222222222222222222222222222222
512 4 8 68 0.006444 1111111111111111111111111111111111111111111111111111111111111111
512 4 8 69 0.006625 2222222222222222222222222222222222222222222222222222222222222222
512 4 8 70 0.006428 1111111111111111111111111111111111111111111111111111111111111111
512 4 8 71 0.006399 2222222222222222222222222222222222222222222222222222222222222222
512 4 8 72 0.006090 2222222222222222222222222222222222222222222222222222222222222222
512 4 8 73 0.006023 2222222222222222222222222222222222222222222222222222222222222222
512 4 8 74 0.005787 2222222222222222222222222222222222222222222222222222222222222222
512 4 8 75 0.006235 2222222222222222222222222222222222222222222222222222222222222222
512 4 8 76 0.006292 1111111111111111111111111111111111111111111111111111111111111111
512 4 8 77 0.005965 2222222222222222222222222222222222222222222222222222222222222222
512 4 8 78 0.006309 2222222222222222222222222222222222222222222222222222222222222222
512 4 8 79 0.006415 1111111111111111111111111111111111111111111111111111111111111111
512 4 8 80 0.005786 2222222222222222222222222222222222222222222222222222222222222222
512 4 8 81 0.006273 2222222222222222222222222222222222222222222222222222222222222222
512 4 8 82 0.005957 1111111111111111111111111111111111111111111111111111111111111111
512 4 8 83 0.005947 2222222222222222222222222222222222222222222222222222222222222222
512 4 8 84 0.006480 2222222222222222222222222222222222222222222222222222222222222222
512 4 8 85 0.005974 2222222222222222222222222222222222222222222222222222222222222222
512 4 8 86 0.006085 1111111111111111111111111111111111111111111111111111111111111111
512 4 8 87 0.006380 1111111111111111111111111111111111111111111111111111111111111111
512 4 8 88 0.006279 2222222222222222222222222222222222222222222222222222222222222222
512 4 8 89 0.005949 2222222222222222222222222222222222222222222222222222222222222222
512 4 8 90 0.006402 2222222222222222222222222222222222222222222222222222222222222222
512 4 8 91 0.006411 2222222222222222222222222222222222222222222222222222222222222222
512 4 8 92 0.006688 2222222222222222222222222222222222222222222222222222222222222222
512 4 8 93 0.006055 2222222222222222222222222222222222222222222222222222222222222222
512 4 8 94 0.005898 2222222222222222222222222222222222222222222222222222222222222222
512 4 8 95 0.006154 2222222222222222222222222222222222222222222222222222222222222222
512 4 8 96 0.005786 1111111111111111111111111111111111111111111111111111111111111111
512 4 8 97 0.006125 1111111111111111111111111111111111111111111111111111111111111111
512 4 8 98 0.005881 2222222222222222222222222222222222222222222222222222222222222222
512 4 8 99 0.006470 2222222222222222222222222222222222222222222222222222222222222222
512 4 16 0 0.005686 11111111111111111111111111111111
512 4 16 1 0.006222 22222222222222222222222222222222
512 4 16 2 0.006170 11111111111111111111111111111111
512 4 16 3 0.005978 22222222222222222222222222222222
512 4 16 4 0.005648 22222222222222222222222222222222
512 4 16 5 0.005931 22222222222222222222222222222222
512 4 16 6 0.005999 22222222222222222222222222222222
512 4 16 7 0.005821 22222222222222222222222222222222
512 4 16 8 0.005636 22222222222222222222222222222222
512 4 16 9 0.006385 22222222222222222222222222222222
512 4 16 10 0.006287 22222222222222222222222222222222
512 4 16 11 0.006210 22222222222222222222222222222222
512 4 16 12 0.005456 22222222222222222222222222222222
512 4 16 13 0.005958 22222222222222222222222222222222
512 4 16 14 0.006059 11111111111111111111111111111111
512 4 16 15 0.005721 22222222222222222222222222222222
512 4 16 16 0.006205 22222222222222222222222222222222
512 4 16 17 0.005835 11111111111111111111111111111111
512 4 16 18 0.005725 11111111111111111111111111111111
512 4 16 19 0.005263 11111111111111111111111111111111
512 4 16 20 0.005882 11111111111111111111111111111111
512 4 16 21 0.005712 22222222222222222222222222222222
512 4 16 22 0.005709 22222222222222222222222222222222
512 4 16 23 0.005359 22222222222222222222222222222222
512 4 16 24 0.006286 22222222222222222222222222222222
512 4 16 25 0.005773 22222222222222222222222222222222
512 4 16 26 0.006124 22222222222222222222222222222222
512 4 16 27 0.005930 22222222222222222222222222222222
512 4 16 28 0.005716 22222222222222222222222222222222
512 4 16 29 0.005584 22222222222222222222222222222222
512 4 16 30 0.005417 11111111111111111111111111111111
512 4 16 31 0.006027 11111111111111111111111111111111
512 4 16 32 0.006218 22222222222222222222222222222222
512 4 16 33 0.005341 22222222222222222222222222222222
512 4 16 34 0.005970 22222222222222222222222222222222
512 4 16 35 0.006103 22222222222222222222222222222222
512 4 16 36 0.005948 22222222222222222222222222222222
512 4 16 37 0.005930 22222222222222222222222222222222
512 4 16 38 0.005184 22222222222222222222222222222222
512 4 16 39 0.006200 22222222222222222222222222222222
512 4 16 40 0.005647 22222222222222222222222222222222
512 4 16 41 0.005812 22222222222222222222222222222222
512 4 16 42 0.006128 22222222222222222222222222222222
512 4 16 43 0.006018 22222222222222222222222222222222
512 4 16 44 0.006912 22222222222222222222222222222222
512 4 16 45 0.005860 22222222222222222222222222222222
512 4 16 46 0.006594 22222222222222222222222222222222
512 4 16 47 0.005711 11111111111111111111111111111111
512 4 16 48 0.006785 22222222222222222222222222222222
512 4 16 49 0.005755 11111111111111111111111111111111
512 4 16 50 0.005817 22222222222222222222222222222222
512 4 16 51 0.005714 22222222222222222222222222222222
512 4 16 52 0.006156 22222222222222222222222222222222
512 4 16 53 0.005976 11111111111111111111111111111111
512 4 16 54 0.005797 11111111111111111111111111111111
512 4 16 55 0.005784 22222222222222222222222222222222
512 4 16 56 0.005728 22222222222222222222222222222222
512 4 16 57 0.005754 22222222222222222222222222222222
512 4 16 58 0.005586 22222222222222222222222222222222
512 4 16 59 0.006137 22222222222222222222222222222222
512 4 16 60 0.005763 11111111111111111111111111111111
512 4 16 61 0.005434 11111111111111111111111111111111
512 4 16 62 0.005603 22222222222222222222222222222222
512 4 16 63 0.006150 22222222222222222222222222222222
512 4 16 64 0.006351 22222222222222222222222222222222
512 4 16 65 0.006180 11111111111111111111111111111111
512 4 16 66 0.005714 22222222222222222222222222222222
512 4 16 67 0.006062 22222222222222222222222222222222
512 4 16 68 0.005710 11111111111111111111111111111111
512 4 16 69 0.006368 22222222222222222222222222222222
512 4 16 70 0.006250 11111111111111111111111111111111
512 4 16 71 0.006251 22222222222222222222222222222222
512 4 16 72 0.005963 22222222222222222222222222222222
512 4 16 73 0.005797 22222222222222222222222222222222
512 4 16 74 0.005759 22222222222222222222222222222222
512 4 16 75 0.006403 22222222222222222222222222222222
512 4 16 76 0.006104 11111111111111111111111111111111
512 4 16 77 0.005799 22222222222222222222222222222222
512 4 16 78 0.006315 22222222222222222222222222222222
512 4 16 79 0.006152 11111111111111111111111111111111
512 4 16 80 0.005769 22222222222222222222222222222222
512 4 16 81 0.005985 22222222222222222222222222222222
512 4 16 82 0.005768 11111111111111111111111111111111
512 4 16 83 0.005713 22222222222222222222222222222222
512 4 16 84 0.006455 22222222222222222222222222222222
512 4 16 85 0.005868 22222222222222222222222222222222
512 4 16 86 0.006099 11111111111111111111111111111111
512 4 16 87 0.006207 11111111111111111111111111111111
512 4 16 88 0.006290 22222222222222222222222222222222
512 4 16 89 0.005799 22222222222222222222222222222222
512 4 16 90 0.006157 22222222222222222222222222222222
512 4 16 91 0.006282 22222222222222222222222222222222
512 4 16 92 0.006730 22222222222222222222222222222222
512 4 16 93 0.006060 22222222222222222222222222222222
512 4 16 94 0.005960 22222222222222222222222222222222
512 4 16 95 0.005882 22222222222222222222222222222222
512 4 16 96 0.005738 11111111111111111111111111111111
512 4 16 97 0.006108 11111111111111111111111111111111
512 4 16 98 0.005934 22222222222222222222222222222222
512 4 16 99 0.006510 22222222222222222222222222222222
512 4 32 0 0.005756 1111111111111111
512 4 32 1 0.006546 2222222222222222
512 4 32 2 0.006437 1111111111111111
512 4 32 3 0.006288 2222222222222222
512 4 32 4 0.005836 2222222222222222
512 4 32 5 0.006167 2222222222222222
512 4 32 6 0.006077 2222222222222222
512 4 32 7 0.006164 2222222222222222
512 4 32 8 0.005910 2222222222222222
512 4 32 9 0.006651 2222222222222222
512 4 32 10 0.006256 2222222222222222
512 4 32 11 0.006247 2222222222222222
512 4 32 12 0.005698 2222222222222222
512 4 32 13 0.006232 2222222222222222
512 4 32 14 0.006560 1111111111111111
512 4 32 15 0.006055 2222222222222222
512 4 32 16 0.006457 2222222222222222
512 4 32 17 0.006189 1111111111111111
512 4 32 18 0.005962 1111111111111111
512 4 32 19 0.005480 1111111111111111
512 4 32 20 0.006175 1111111111111111
512 4 32 21 0.005862 2222222222222222
512 4 32 22 0.005999 2222222222222222
512 4 32 23 0.005486 2222222222222222
512 4 32 24 0.006511 2222222222222222
512 4 32 25 0.006173 2222222222222222
512 4 32 26 0.006145 2222222222222222
512 4 32 27 0.006248 2222222222222222
512 4 32 28 0.006073 2222222222222222
512 4 32 29 0.005926 2222222222222222
512 4 32 30 0.005568 1111111111111111
512 4 32 31 0.006392 1111111111111111
512 4 32 32 0.006563 2222222222222222
512 4 32 33 0.005561 2222222222222222
512 4 32 34 0.006249 2222222222222222
512 4 32 35 0.006407 2222222222222222
512 4 32 36 0.006222 2222222222222222
512 4 32 37 0.006152 2222222222222222
512 4 32 38 0.005291 2222222222222222
512 4 32 39 0.006583 2222222222222222
512 4 32 40 0.005685 2222222222222222
512 4 32 41 0.005989 2222222222222222
512 4 32 42 0.006454 2222222222222222
512 4 32 43 0.006372 2222222222222222
512 4 32 44 0.007240 2222222222222222
512 4 32 45 0.006641 2222222222222222
512 4 32 46 0.006679 2222222222222222
512 4 32 47 0.006123 1111111111111111
512 4 32 48 0.006969 2222222222222222
512 4 32 49 0.006047 1111111111111111
512 4 32 50 0.006028 2222222222222222
512 4 32 51 0.006037 2222222222222222
512 4 32 52 0.006378 2222222222222222
512 4 32 53 0.006312 1111111111111111
512 4 32 54 0.006067 1111111111111111
512 4 32 55 0.005982 2222222222222222
512 4 32 56 0.005944 2222222222222222
512 4 32 57 0.005901 2222222222222222
512 4 32 58 0.005734 2222222222222222
512 4 32 59 0.006622 2222222222222222
512 4 32 60 0.006130 1111111111111111
512 4 32 61 0.005517 1111111111111111
512 4 32 62 0.005833 2222222222222222
512 4 32 63 0.006424 2222222222222222
512 4 32 64 0.006695 2222222222222222
512 4 32 65 0.006292 1111111111111111
512 4 32 66 0.006317 2222222222222222
512 4 32 67 0.006386 2222222222222222
512 4 32 68 0.005995 1111111111111111
512 4 32 69 0.006641 2222222222222222
512 4 32 70 0.006557 1111111111111111
512 4 32 71 0.006673 2222222222222222
512 4 32 72 0.006196 2222222222222222
512 4 32 73 0.006074 2222222222222222
512 4 32 74 0.005629 2222222222222222
512 4 32 75 0.006307 2222222222222222
512 4 32 76 0.006344 1111111111111111
512 4 32 77 0.006022 2222222222222222
512 4 32 78 0.006506 2222222222222222
512 4 32 79 0.006614 1111111111111111
512 4 32 80 0.005790 2222222222222222
512 4 32 81 0.006397 2222222222222222
512 4 32 82 0.006190 1111111111111111
512 4 32 83 0.005983 2222222222222222
512 4 32 84 0.006601 2222222222222222
512 4 32 85 0.006152 2222222222222222
512 4 32 86 0.006090 1111111111111111
512 4 32 87 0.006485 1111111111111111
512 4 32 88 0.006499 2222222222222222
512 4 32 89 0.006110 2222222222222222
512 4 32 90 0.006407 2222222222222222
512 4 32 91 0.006603 2222222222222222
512 4 32 92 0.006989 2222222222222222
512 4 32 93 0.006154 2222222222222222
512 4 32 94 0.006051 2222222222222222
512 4 32 95 0.006251 2222222222222222
512 4 32 96 0.005694 1111111111111111
512 4 32 97 0.006536 1111111111111111
512 4 32 98 0.006150 2222222222222222
512 4 32 99 0.006531 2222222222222222
512 8 16 0 0.018444 11111111111111111111111111111111
512 8 16 1 0.021257 22222222222222222222222222222222
512 8 16 2 0.021826 11111111111111111111111111111111
512 8 16 3 0.019661 22222222222222222222222222222222
512 8 16 4 0.018280 22222222222222222222222222222222
512 8 16 5 0.019561 22222222222222222222222222222222
512 8 16 6 0.019156 22222222222222222222222222222222
512 8 16 7 0.019275 22222222222222222222222222222222
512 8 16 8 0.019363 22222222222222222222222222222222
512 8 16 9 0.021664 22222222222222222222222222222222
512 8 16 10 0.019895 22222222222222222222222222222222
512 8 16 11 0.019735 22222222222222222222222222222222
512 8 16 12 0.018001 22222222222222222222222222222222
512 8 16 13 0.019303 22222222222222222222222222222222
512 8 16 14 0.020366 11111111111111111111111111111111
512 8 16 15 0.018518 22222222222222222222222222222222
512 8 16 16 0.020585 22222222222222222222222222222222
512 8 16 17 0.020418 11111111111111111111111111111111
512 8 16 18 0.018709 11111111111111111111111111111111
512 8 16 19 0.016959 11111111111111111111111111111111
512 8 16 20 0.021108 11111111111111111111111111111111
512 8 16 21 0.018688 22222222222222222222222222222222
512 8 16 22 0.018691 22222222222222222222222222222222
512 8 16 23 0.017896 22222222222222222222222222222222
512 8 16 24 0.021071 22222222222222222222222222222222
512 8 16 25 0.019361 22222222222222222222222222222222
512 8 16 26 0.018897 22222222222222222222222222222222
512 8 16 27 0.019070 22222222222222222222222222222222
512 8 16 28 0.019131 22222222222222222222222222222222
512 8 16 29 0.018196 22222222222222222222222222222222
512 8 16 30 0.017607 11111111111111111111111111111111
512 8 16 31 0.019637 11111111111111111111111111111111
512 8 16 32 0.021076 22222222222222222222222222222222
512 8 16 33 0.017187 22222222222222222222222222222222
512 8 16 34 0.019793 22222222222222222222222222222222
512 8 16 35 0.019848 22222222222222222222222222222222
512 8 16 36 0.019565 22222222222222222222222222222222
512 8 16 37 0.020970 22222222222222222222222222222222
512 8 16 38 0.017716 22222222222222222222222222222222
512 8 16 39 0.020878 22222222222222222222222222222222
512 8 16 40 0.019108 22222222222222222222222222222222
512 8 16 41 0.018661 22222222222222222222222222222222
512 8 16 42 0.021143 22222222222222222222222222222222
512 8 16 43 0.019696 22222222222222222222222222222222
512 8 16 44 0.024868 22222222222222222222222222222222
512 8 16 45 0.020093 22222222222222222222222222222222
512 8 16 46 0.023992 22222222222222222222222222222222
512 8 16 47 0.017848 11111111111111111111111111111111
512 8 16 48 0.022537 22222222222222222222222222222222
512 8 16 49 0.019101 11111111111111111111111111111111
512 8 16 50 0.019716 22222222222222222222222222222222
512 8 16 51 0.019930 22222222222222222222222222222222
512 8 16 52 0.019947 22222222222222222222222222222222
512 8 16 53 0.020018 11111111111111111111111111111111
512 8 16 54 0.018671 11111111111111111111111111111111
512 8 16 55 0.019054 22222222222222222222222222222222
512 8 16 56 0.017970 22222222222222222222222222222222
512 8 16 57 0.018797 22222222222222222222222222222222
512 8 16 58 0.018272 22222222222222222222222222222222
512 8 16 59 0.020799 22222222222222222222222222222222
512 8 16 60 0.018625 11111111111111111111111111111111
512 8 16 61 0.016822 11111111111111111111111111111111
512 8 16 62 0.019016 22222222222222222222222222222222
512 8 16 63 0.021979 22222222222222222222222222222222
512 8 16 64 0.022434 22222222222222222222222222222222
512 8 16 65 0.019980 11111111111111111111111111111111
512 8 16 66 0.019743 22222222222222222222222222222222
512 8 16 67 0.019848 22222222222222222222222222222222
512 8 16 68 0.019887 11111111111111111111111111111111
512 8 16 69 0.021748 22222222222222222222222222222222
512 8 16 70 0.019685 11111111111111111111111111111111
512 8 16 71 0.020951 22222222222222222222222222222222
512 8 16 72 0.019703 22222222222222222222222222222222
512 8 16 73 0.019106 22222222222222222222222222222222
512 8 16 74 0.018461 22222222222222222222222222222222
512 8 16 75 0.020615 22222222222222222222222222222222
512 8 16 76 0.020479 11111111111111111111111111111111
512 8 16 77 0.020018 22222222222222222222222222222222
512 8 16 78 0.021051 22222222222222222222222222222222
512 8 16 79 0.022510 11111111111111111111111111111111
512 8 16 80 0.018907 22222222222222222222222222222222
512 8 16 81 0.020073 22222222222222222222222222222222
512 8 16 82 0.020259 11111111111111111111111111111111
512 8 16 83 0.019470 22222222222222222222222222222222
512 8 16 84 0.021637 22222222222222222222222222222222
512 8 16 85 0.019225 22222222222222222222222222222222
512 8 16 86 0.020209 11111111111111111111111111111111
512 8 16 87 0.020876 11111111111111111111111111111111
512 8 16 88 0.020591 22222222222222222222222222222222
512 8 16 89 0.019677 22222222222222222222222222222222
512 8 16 90 0.019617 22222222222222222222222222222222
512 8 16 91 0.021291 22222222222222222222222222222222
512 8 16 92 0.021514 22222222222222222222222222222222
512 8 16 93 0.020091 22222222222222222222222222222222
512 8 16 94 0.018997 22222222222222222222222222222222
512 8 16 95 0.020230 22222222222222222222222222222222
512 8 16 96 0.018449 11111111111111111111111111111111
512 8 16 97 0.019549 11111111111111111111111111111111
512 8 16 98 0.018734 22222222222222222222222222222222
512 8 16 99 0.022010 22222222222222222222222222222222
512 8 32 0 0.020267 1111111111111111
512 8 32 1 0.021236 2222222222222222
512 8 32 2 0.021827 1111111111111111
512 8 32 3 0.020616 2222222222222222
512 8 32 4 0.019187 2222222222222222
512 8 32 5 0.019503 2222222222222222
512 8 32 6 0.020317 2222222222222222
512 8 32 7 0.019153 2222222222222222
512 8 32 8 0.021811 2222222222222222
512 8 32 9 0.021815 2222222222222222
512 8 32 10 0.020355 2222222222222222
512 8 32 11 0.020682 2222222222222222
512 8 32 12 0.019148 2222222222222222
512 8 32 13 0.020369 2222222222222222
512 8 32 14 0.022798 1111111111111111
512 8 32 15 0.019685 2222222222222222
512 8 32 16 0.021276 2222222222222222
512 8 32 17 0.020396 1111111111111111
512 8 32 18 0.019634 1111111111111111
512 8 32 19 0.017934 1111111111111111
512 8 32 20 0.021224 1111111111111111
512 8 32 21 0.020466 2222222222222222
512 8 32 22 0.019485 2222222222222222
512 8 32 23 0.017924 2222222222222222
512 8 32 24 0.021794 2222222222222222
512 8 32 25 0.021296 2222222222222222
512 8 32 26 0.020207 2222222222222222
512 8 32 27 0.020003 2222222222222222
512 8 32 28 0.019351 2222222222222222
512 8 32 29 0.019678 2222222222222222
512 8 32 30 0.018092 1111111111111111
512 8 32 31 0.020643 1111111111111111
512 8 32 32 0.022090 2222222222222222
512 8 32 33 0.018198 2222222222222222
512 8 32 34 0.020496 2222222222222222
512 8 32 35 0.021110 2222222222222222
512 8 32 36 0.020899 2222222222222222
512 8 32 37 0.022070 2222222222222222
512 8 32 38 0.016736 2222222222222222
512 8 32 39 0.020686 2222222222222222
512 8 32 40 0.018749 2222222222222222
512 8 32 41 0.019465 2222222222222222
512 8 32 42 0.021946 2222222222222222
512 8 32 43 0.021194 2222222222222222
512 8 32 44 0.025350 2222222222222222
512 8 32 45 0.020731 2222222222222222
512 8 32 46 0.022484 2222222222222222
512 8 32 47 0.018736 1111111111111111
512 8 32 48 0.024537 2222222222222222
512 8 32 49 0.019565 1111111111111111
512 8 32 50 0.019626 2222222222222222
512 8 32 51 0.019682 2222222222222222
512 8 32 52 0.020972 2222222222222222
512 8 32 53 0.020615 1111111111111111
512 8 32 54 0.019831 1111111111111111
512 8 32 55 0.019647 2222222222222222
512 8 32 56 0.019065 2222222222222222
512 8 32 57 0.021242 2222222222222222
512 8 32 58 0.019863 2222222222222222
512 8 32 59 0.021095 2222222222222222
512 8 32 60 0.019914 1111111111111111
512 8 32 61 0.018103 1111111111111111
512 8 32 62 0.018784 2222222222222222
512 8 32 63 0.021228 2222222222222222
512 8 32 64 0.022198 2222222222222222
512 8 32 65 0.020546 1111111111111111
512 8 32 66 0.019271 2222222222222222
512 8 32 67 0.021042 2222222222222222
512 8 32 68 0.019699 1111111111111111
512 8 32 69 0.022789 2222222222222222
512 8 32 70 0.020855 1111111111111111
512 8 32 71 0.023111 2222222222222222
512 8 32 72 0.020072 2222222222222222
512 8 32 73 0.020066 2222222222222222
512 8 32 74 0.018212 2222222222222222
512 8 32 75 0.020203 2222222222222222
512 8 32 76 0.021289 1111111111111111
512 8 32 77 0.021416 2222222222222222
512 8 32 78 0.021626 2222222222222222
512 8 32 79 0.021806 1111111111111111
512 8 32 80 0.020000 2222222222222222
512 8 32 81 0.021178 2222222222222222
512 8 32 82 0.021704 1111111111111111
512 8 32 83 0.019683 2222222222222222
512 8 32 84 0.022237 2222222222222222
512 8 32 85 0.020095 2222222222222222
512 8 32 86 0.020558 1111111111111111
512 8 32 87 0.021656 1111111111111111
512 8 32 88 0.021055 2222222222222222
512 8 32 89 0.020849 2222222222222222
512 8 32 90 0.019987 2222222222222222
512 8 32 91 0.022879 2222222222222222
512 8 32 92 0.022177 2222222222222222
512 8 32 93 0.020204 2222222222222222
512 8 32 94 0.020174 2222222222222222
512 8 32 95 0.021111 2222222222222222
512 8 32 96 0.019470 1111111111111111
512 8 32 97 0.021275 1111111111111111
512 8 32 98 0.021382 2222222222222222
512 8 32 99 0.021612 2222222222222222
