16 2 4 0 0.000073 0000
16 2 4 1 0.000039 1222
16 2 4 2 0.000068 2222
16 2 4 3 0.000064 2222
16 2 4 4 0.000065 0000
16 2 4 5 0.000056 2222
16 2 4 6 0.000075 2222
16 2 4 7 0.000070 2222
16 2 4 8 0.000068 1222
16 2 4 9 0.000046 2222
16 2 4 10 0.000053 0000
16 2 4 11 0.000061 2222
16 2 4 12 0.000048 0000
16 2 4 13 0.000075 2222
16 2 4 14 0.000066 2222
16 2 4 15 0.000067 2222
16 2 4 16 0.000068 2222
16 2 4 17 0.000058 0000
16 2 4 18 0.000066 0000
16 2 4 19 0.000067 0000
16 2 4 20 0.000082 2222
16 2 4 21 0.000082 0000
16 2 4 22 0.000048 2222
16 2 4 23 0.000075 2222
16 2 4 24 0.000053 0000
16 2 4 25 0.000051 1222
16 2 4 26 0.000029 1222
16 2 4 27 0.000063 2222
16 2 4 28 0.000072 2222
16 2 4 29 0.000061 0000
16 2 4 30 0.000056 0000
16 2 4 31 0.000074 0000
16 2 4 32 0.000069 2222
16 2 4 33 0.000033 0000
16 2 4 34 0.000068 0000
16 2 4 35 0.000061 2222
16 2 4 36 0.000048 0000
16 2 4 37 0.000065 0000
16 2 4 38 0.000084 0000
16 2 4 39 0.000055 1222
16 2 4 40 0.000031 2222
16 2 4 41 0.000066 2222
16 2 4 42 0.000046 2222
16 2 4 43 0.000086 2222
16 2 4 44 0.000086 2222
16 2 4 45 0.000048 1222
16 2 4 46 0.000066 0000
16 2 4 47 0.000040 1222
16 2 4 48 0.000068 2222
16 2 4 49 0.000050 1222
16 2 4 50 0.000044 2222
16 2 4 51 0.000083 2222
16 2 4 52 0.000047 0000
16 2 4 53 0.000031 2222
16 2 4 54 0.000076 2222
16 2 4 55 0.000075 2222
16 2 4 56 0.000067 0000
16 2 4 57 0.000048 1222
16 2 4 58 0.000078 0000
16 2 4 59 0.000086 2222
16 2 4 60 0.000103 0000
16 2 4 61 0.000071 2222
16 2 4 62 0.000083 2222
16 2 4 63 0.000062 2000
16 2 4 64 0.000056 0000
16 2 4 65 0.000065 0000
16 2 4 66 0.000069 2222
16 2 4 67 0.000076 0000
16 2 4 68 0.000054 2222
16 2 4 69 0.000040 0000
16 2 4 70 0.000041 2222
16 2 4 71 0.000093 0000
16 2 4 72 0.000107 2222
16 2 4 73 0.000057 2222
16 2 4 74 0.000056 2222
16 2 4 75 0.000032 1222
16 2 4 76 0.000067 2222
16 2 4 77 0.000085 2222
16 2 4 78 0.000068 1222
16 2 4 79 0.000054 2222
16 2 4 80 0.000079 2222
16 2 4 81 0.000073 0000
16 2 4 82 0.000087 0000
16 2 4 83 0.000068 2222
16 2 4 84 0.000067 2222
16 2 4 85 0.000093 2222
16 2 4 86 0.000069 2222
16 2 4 87 0.000063 0000
16 2 4 88 0.000094 2222
16 2 4 89 0.000093 0000
16 2 4 90 0.000062 0000
16 2 4 91 0.000074 2222
16 2 4 92 0.000058 2222
16 2 4 93 0.000092 2222
16 2 4 94 0.000072 1222
16 2 4 95 0.000058 0000
16 2 4 96 0.000068 2222
16 2 4 97 0.000091 0000
16 2 4 98 0.000075 2222
16 2 4 99 0.000099 2222
16 2 8 0 0.000071 00
16 2 8 1 0.000035 22
16 2 8 2 0.000064 22
16 2 8 3 0.000059 22
16 2 8 4 0.000067 00
16 2 8 5 0.000055 22
16 2 8 6 0.000068 22
16 2 8 7 0.000070 22
16 2 8 8 0.000068 22
16 2 8 9 0.000043 22
16 2 8 10 0.000047 00
16 2 8 11 0.000055 22
16 2 8 12 0.000046 00
16 2 8 13 0.000081 22
16 2 8 14 0.000065 22
16 2 8 15 0.000068 22
16 2 8 16 0.000067 22
16 2 8 17 0.000055 00
16 2 8 18 0.000064 00
16 2 8 19 0.000064 00
16 2 8 20 0.000090 22
16 2 8 21 0.000081 00
16 2 8 22 0.000045 22
16 2 8 23 0.000064 22
16 2 8 24 0.000045 00
16 2 8 25 0.000051 22
16 2 8 26 0.000027 22
16 2 8 27 0.000059 22
16 2 8 28 0.000068 22
16 2 8 29 0.000059 00
16 2 8 30 0.000054 00
16 2 8 31 0.000066 00
16 2 8 32 0.000063 22
16 2 8 33 0.000028 00
16 2 8 34 0.000066 00
16 2 8 35 0.000059 22
16 2 8 36 0.000047 00
16 2 8 37 0.000058 00
16 2 8 38 0.000071 00
16 2 8 39 0.000054 22
16 2 8 40 0.000027 22
16 2 8 41 0.000076 22
16 2 8 42 0.000043 22
16 2 8 43 0.000085 22
16 2 8 44 0.000084 22
16 2 8 45 0.000045 22
16 2 8 46 0.000066 00
16 2 8 47 0.000037 22
16 2 8 48 0.000067 22
16 2 8 49 0.000046 22
16 2 8 50 0.000043 22
16 2 8 51 0.000081 22
16 2 8 52 0.000043 00
16 2 8 53 0.000030 22
16 2 8 54 0.000061 22
16 2 8 55 0.000072 22
16 2 8 56 0.000063 00
16 2 8 57 0.000045 22
16 2 8 58 0.000077 00
16 2 8 59 0.000076 22
16 2 8 60 0.000086 00
16 2 8 61 0.000078 22
16 2 8 62 0.000081 22
16 2 8 63 0.000059 00
16 2 8 64 0.000054 00
16 2 8 65 0.000065 00
16 2 8 66 0.000066 22
16 2 8 67 0.000076 00
16 2 8 68 0.000054 22
16 2 8 69 0.000033 00
16 2 8 70 0.000036 22
16 2 8 71 0.000094 00
16 2 8 72 0.000102 22
16 2 8 73 0.000055 22
16 2 8 74 0.000053 22
16 2 8 75 0.000028 22
16 2 8 76 0.000067 22
16 2 8 77 0.000073 22
16 2 8 78 0.000065 22
16 2 8 79 0.000052 22
16 2 8 80 0.000079 22
16 2 8 81 0.000067 00
16 2 8 82 0.000094 00
16 2 8 83 0.000069 22
16 2 8 84 0.000066 22
16 2 8 85 0.000083 22
16 2 8 86 0.000067 22
16 2 8 87 0.000056 00
16 2 8 88 0.000091 22
16 2 8 89 0.000089 00
16 2 8 90 0.000061 00
16 2 8 91 0.000082 22
16 2 8 92 0.000048 22
16 2 8 93 0.000091 22
16 2 8 94 0.000068 22
16 2 8 95 0.000056 00
16 2 8 96 0.000063 22
16 2 8 97 0.000084 00
16 2 8 98 0.000070 22
16 2 8 99 0.000094 22
16 2 16 0 0.000073 0
16 2 16 1 0.000030 2
16 2 16 2 0.000067 2
16 2 16 3 0.000057 2
16 2 16 4 0.000067 0
16 2 16 5 0.000056 2
16 2 16 6 0.000072 2
16 2 16 7 0.000071 2
16 2 16 8 0.000069 2
16 2 16 9 0.000040 2
16 2 16 10 0.000048 0
16 2 16 11 0.000055 2
16 2 16 12 0.000047 0
16 2 16 13 0.000078 2
16 2 16 14 0.000066 2
16 2 16 15 0.000061 2
16 2 16 16 0.000069 2
16 2 16 17 0.000066 0
16 2 16 18 0.000066 0
16 2 16 19 0.000066 0
16 2 16 20 0.000085 2
16 2 16 21 0.000085 0
16 2 16 22 0.000046 2
16 2 16 23 0.000066 2
16 2 16 24 0.000047 0
16 2 16 25 0.000044 2
16 2 16 26 0.000026 2
16 2 16 27 0.000060 2
16 2 16 28 0.000070 2
16 2 16 29 0.000060 0
16 2 16 30 0.000058 0
16 2 16 31 0.000067 0
16 2 16 32 0.000059 2
16 2 16 33 0.000024 0
16 2 16 34 0.000068 0
16 2 16 35 0.000062 2
16 2 16 36 0.000048 0
16 2 16 37 0.000061 0
16 2 16 38 0.000072 0
16 2 16 39 0.000057 2
16 2 16 40 0.000026 2
16 2 16 41 0.000068 2
16 2 16 42 0.000044 2
16 2 16 43 0.000092 2
16 2 16 44 0.000086 2
16 2 16 45 0.000047 2
16 2 16 46 0.000058 0
16 2 16 47 0.000036 2
16 2 16 48 0.000067 2
16 2 16 49 0.000045 2
16 2 16 50 0.000043 2
16 2 16 51 0.000084 2
16 2 16 52 0.000046 0
16 2 16 53 0.000030 2
16 2 16 54 0.000065 2
16 2 16 55 0.000074 2
16 2 16 56 0.000066 0
16 2 16 57 0.000043 2
16 2 16 58 0.000080 0
16 2 16 59 0.000082 2
16 2 16 60 0.000090 0
16 2 16 61 0.000070 2
16 2 16 62 0.000084 2
16 2 16 63 0.000059 0
16 2 16 64 0.000056 0
16 2 16 65 0.000069 0
16 2 16 66 0.000068 2
16 2 16 67 0.000078 0
16 2 16 68 0.000051 2
16 2 16 69 0.000030 0
16 2 16 70 0.000036 2
16 2 16 71 0.000098 0
16 2 16 72 0.000106 2
16 2 16 73 0.000058 2
16 2 16 74 0.000059 2
16 2 16 75 0.000036 2
16 2 16 76 0.000067 2
16 2 16 77 0.000074 2
16 2 16 78 0.000068 2
16 2 16 79 0.000056 2
16 2 16 80 0.000080 2
16 2 16 81 0.000070 0
16 2 16 82 0.000091 0
16 2 16 83 0.000070 2
16 2 16 84 0.000068 2
16 2 16 85 0.000086 2
16 2 16 86 0.000069 2
16 2 16 87 0.000058 0
16 2 16 88 0.000094 2
16 2 16 89 0.000093 0
16 2 16 90 0.000064 0
16 2 16 91 0.000077 2
16 2 16 92 0.000050 2
16 2 16 93 0.000093 2
16 2 16 94 0.000071 2
16 2 16 95 0.000052 0
16 2 16 96 0.000065 2
16 2 16 97 0.000089 0
16 2 16 98 0.000075 2
16 2 16 99 0.000100 2
16 4 8 0 0.000167 00
16 4 8 1 0.000054 22
16 4 8 2 0.000129 22
16 4 8 3 0.000110 22
16 4 8 4 0.000134 00
16 4 8 5 0.000110 22
16 4 8 6 0.000147 22
16 4 8 7 0.000179 22
16 4 8 8 0.000163 22
16 4 8 9 0.000084 22
16 4 8 10 0.000114 00
16 4 8 11 0.000075 22
16 4 8 12 0.000078 00
16 4 8 13 0.000176 22
16 4 8 14 0.000138 22
16 4 8 15 0.000119 22
16 4 8 16 0.000127 22
16 4 8 17 0.000130 00
16 4 8 18 0.000123 00
16 4 8 19 0.000104 00
16 4 8 20 0.000191 22
16 4 8 21 0.000177 00
16 4 8 22 0.000079 22
16 4 8 23 0.000146 22
16 4 8 24 0.000089 00
16 4 8 25 0.000107 22
16 4 8 26 0.000041 22
16 4 8 27 0.000150 22
16 4 8 28 0.000132 22
16 4 8 29 0.000123 00
16 4 8 30 0.000142 00
16 4 8 31 0.000159 00
16 4 8 32 0.000155 22
16 4 8 33 0.000058 00
16 4 8 34 0.000167 00
16 4 8 35 0.000136 22
16 4 8 36 0.000099 00
16 4 8 37 0.000116 00
16 4 8 38 0.000179 00
16 4 8 39 0.000116 22
16 4 8 40 0.000030 22
16 4 8 41 0.000124 22
16 4 8 42 0.000083 22
16 4 8 43 0.000220 22
16 4 8 44 0.000220 22
16 4 8 45 0.000091 22
16 4 8 46 0.000096 00
16 4 8 47 0.000065 22
16 4 8 48 0.000147 22
16 4 8 49 0.000093 22
16 4 8 50 0.000062 22
16 4 8 51 0.000211 22
16 4 8 52 0.000097 00
16 4 8 53 0.000062 22
16 4 8 54 0.000121 22
16 4 8 55 0.000146 22
16 4 8 56 0.000150 00
16 4 8 57 0.000100 22
16 4 8 58 0.000192 00
16 4 8 59 0.000169 22
16 4 8 60 0.000237 00
16 4 8 61 0.000170 22
16 4 8 62 0.000221 22
16 4 8 63 0.000119 22
16 4 8 64 0.000100 00
16 4 8 65 0.000144 00
16 4 8 66 0.000149 22
16 4 8 67 0.000176 00
16 4 8 68 0.000097 22
16 4 8 69 0.000047 00
16 4 8 70 0.000069 22
16 4 8 71 0.000226 00
16 4 8 72 0.000279 22
16 4 8 73 0.000081 22
16 4 8 74 0.000123 22
16 4 8 75 0.000054 22
16 4 8 76 0.000131 22
16 4 8 77 0.000162 22
16 4 8 78 0.000139 22
16 4 8 79 0.000101 22
16 4 8 80 0.000194 22
16 4 8 81 0.000162 00
16 4 8 82 0.000227 00
16 4 8 83 0.000157 22
16 4 8 84 0.000114 22
16 4 8 85 0.000219 22
16 4 8 86 0.000131 22
16 4 8 87 0.000119 00
16 4 8 88 0.000183 22
16 4 8 89 0.000240 00
16 4 8 90 0.000126 00
16 4 8 91 0.000170 22
16 4 8 92 0.000123 22
16 4 8 93 0.000243 22
16 4 8 94 0.000151 22
16 4 8 95 0.000097 00
16 4 8 96 0.000140 22
16 4 8 97 0.000214 00
16 4 8 98 0.000146 22
16 4 8 99 0.000251 22
16 4 16 0 0.000175 0
16 4 16 1 0.000049 2
16 4 16 2 0.000137 2
16 4 16 3 0.000113 2
16 4 16 4 0.000131 0
16 4 16 5 0.000100 2
16 4 16 6 0.000155 2
16 4 16 7 0.000183 2
16 4 16 8 0.000163 2
16 4 16 9 0.000088 2
16 4 16 10 0.000114 0
16 4 16 11 0.000064 2
16 4 16 12 0.000086 0
16 4 16 13 0.000155 2
16 4 16 14 0.000139 2
16 4 16 15 0.000122 2
16 4 16 16 0.000125 2
16 4 16 17 0.000135 0
16 4 16 18 0.000128 0
16 4 16 19 0.000111 0
16 4 16 20 0.000187 2
16 4 16 21 0.000162 0
16 4 16 22 0.000078 2
16 4 16 23 0.000146 2
16 4 16 24 0.000091 0
16 4 16 25 0.000113 2
16 4 16 26 0.000038 2
16 4 16 27 0.000135 2
16 4 16 28 0.000134 2
16 4 16 29 0.000126 0
16 4 16 30 0.000133 0
16 4 16 31 0.000145 0
16 4 16 32 0.000149 2
16 4 16 33 0.000050 0
16 4 16 34 0.000168 0
16 4 16 35 0.000144 2
16 4 16 36 0.000105 0
16 4 16 37 0.000120 0
16 4 16 38 0.000188 0
16 4 16 39 0.000111 2
16 4 16 40 0.000026 2
16 4 16 41 0.000114 2
16 4 16 42 0.000092 2
16 4 16 43 0.000219 2
16 4 16 44 0.000190 2
16 4 16 45 0.000098 2
16 4 16 46 0.000087 0
16 4 16 47 0.000063 2
16 4 16 48 0.000160 2
16 4 16 49 0.000083 2
16 4 16 50 0.000059 2
16 4 16 51 0.000212 2
16 4 16 52 0.000100 0
16 4 16 53 0.000063 2
16 4 16 54 0.000127 2
16 4 16 55 0.000160 2
16 4 16 56 0.000148 0
16 4 16 57 0.000097 2
16 4 16 58 0.000198 0
16 4 16 59 0.000176 2
16 4 16 60 0.000222 0
16 4 16 61 0.000181 2
16 4 16 62 0.000212 2
16 4 16 63 0.000127 2
16 4 16 64 0.000107 0
16 4 16 65 0.000151 0
16 4 16 66 0.000150 2
16 4 16 67 0.000182 0
16 4 16 68 0.000095 2
16 4 16 69 0.000040 0
16 4 16 70 0.000067 2
16 4 16 71 0.000217 0
16 4 16 72 0.000266 2
16 4 16 73 0.000083 2
16 4 16 74 0.000128 2
16 4 16 75 0.000046 2
16 4 16 76 0.000131 2
16 4 16 77 0.000172 2
16 4 16 78 0.000137 2
16 4 16 79 0.000094 2
16 4 16 80 0.000202 2
16 4 16 81 0.000153 0
16 4 16 82 0.000220 0
16 4 16 83 0.000155 2
16 4 16 84 0.000116 2
16 4 16 85 0.000211 2
16 4 16 86 0.000133 2
16 4 16 87 0.000124 0
16 4 16 88 0.000171 2
16 4 16 89 0.000248 0
16 4 16 90 0.000124 0
16 4 16 91 0.000180 2
16 4 16 92 0.000118 2
16 4 16 93 0.000244 2
16 4 16 94 0.000153 2
16 4 16 95 0.000091 0
16 4 16 96 0.000142 2
16 4 16 97 0.000213 0
16 4 16 98 0.000145 2
16 4 16 99 0.000266 2
16 8 16 0 0.000266 0
16 8 16 1 0.000065 2
16 8 16 2 0.000204 2
16 8 16 3 0.000189 2
16 8 16 4 0.000226 0
16 8 16 5 0.000147 2
16 8 16 6 0.000216 2
16 8 16 7 0.000276 2
16 8 16 8 0.000229 2
16 8 16 9 0.000115 2
16 8 16 10 0.000153 0
16 8 16 11 0.000132 2
16 8 16 12 0.000091 0
16 8 16 13 0.000296 2
16 8 16 14 0.000210 2
16 8 16 15 0.000208 2
16 8 16 16 0.000178 2
16 8 16 17 0.000196 0
16 8 16 18 0.000152 0
16 8 16 19 0.000186 0
16 8 16 20 0.000323 2
16 8 16 21 0.000340 0
16 8 16 22 0.000127 2
16 8 16 23 0.000177 2
16 8 16 24 0.000082 0
16 8 16 25 0.000155 2
16 8 16 26 0.000042 2
16 8 16 27 0.000116 2
16 8 16 28 0.000234 2
16 8 16 29 0.000218 0
16 8 16 30 0.000130 0
16 8 16 31 0.000204 0
16 8 16 32 0.000238 2
16 8 16 33 0.000072 0
16 8 16 34 0.000217 0
16 8 16 35 0.000182 2
16 8 16 36 0.000118 0
16 8 16 37 0.000145 0
16 8 16 38 0.000212 0
16 8 16 39 0.000120 2
16 8 16 40 0.000046 2
16 8 16 41 0.000196 2
16 8 16 42 0.000132 2
16 8 16 43 0.000409 2
16 8 16 44 0.000329 2
16 8 16 45 0.000129 2
16 8 16 46 0.000151 0
16 8 16 47 0.000070 2
16 8 16 48 0.000181 2
16 8 16 49 0.000104 2
16 8 16 50 0.000098 2
16 8 16 51 0.000297 2
16 8 16 52 0.000174 0
16 8 16 53 0.000080 2
16 8 16 54 0.000177 2
16 8 16 55 0.000259 2
16 8 16 56 0.000147 0
16 8 16 57 0.000118 2
16 8 16 58 0.000284 0
16 8 16 59 0.000290 2
16 8 16 60 0.000353 0
16 8 16 61 0.000238 2
16 8 16 62 0.000263 2
16 8 16 63 0.000178 2
16 8 16 64 0.000154 0
16 8 16 65 0.000170 0
16 8 16 66 0.000224 2
16 8 16 67 0.000273 0
16 8 16 68 0.000111 2
16 8 16 69 0.000077 0
16 8 16 70 0.000109 2
16 8 16 71 0.000348 0
16 8 16 72 0.000417 2
16 8 16 73 0.000124 2
16 8 16 74 0.000157 2
16 8 16 75 0.000067 2
16 8 16 76 0.000237 2
16 8 16 77 0.000253 2
16 8 16 78 0.000214 2
16 8 16 79 0.000191 2
16 8 16 80 0.000255 2
16 8 16 81 0.000239 0
16 8 16 82 0.000377 0
16 8 16 83 0.000196 2
16 8 16 84 0.000202 2
16 8 16 85 0.000379 2
16 8 16 86 0.000182 2
16 8 16 87 0.000130 0
16 8 16 88 0.000356 2
16 8 16 89 0.000417 0
16 8 16 90 0.000192 0
16 8 16 91 0.000221 2
16 8 16 92 0.000162 2
16 8 16 93 0.000372 2
16 8 16 94 0.000233 2
16 8 16 95 0.000168 0
16 8 16 96 0.000162 2
16 8 16 97 0.000224 0
16 8 16 98 0.000240 2
16 8 16 99 0.000438 2
32 2 4 0 0.000141 12222222
32 2 4 1 0.000124 22222222
32 2 4 2 0.000144 00000000
32 2 4 3 0.000137 22222222
32 2 4 4 0.000136 22222222
32 2 4 5 0.000123 22222222
32 2 4 6 0.000162 22200000
32 2 4 7 0.000074 22222200
32 2 4 8 0.000144 20000000
32 2 4 9 0.000144 00000000
32 2 4 10 0.000135 22222222
32 2 4 11 0.000164 00000000
32 2 4 12 0.000136 22200000
32 2 4 13 0.000151 22222200
32 2 4 14 0.000136 22222222
32 2 4 15 0.000152 22222222
32 2 4 16 0.000170 12222222
32 2 4 17 0.000155 00000000
32 2 4 18 0.000133 22222222
32 2 4 19 0.000200 00000000
32 2 4 20 0.000141 22222222
32 2 4 21 0.000145 12222222
32 2 4 22 0.000172 00000000
32 2 4 23 0.000142 22222222
32 2 4 24 0.000133 22222222
32 2 4 25 0.000128 12222222
32 2 4 26 0.000144 22222222
32 2 4 27 0.000093 00000000
32 2 4 28 0.000170 00000000
32 2 4 29 0.000188 00000000
32 2 4 30 0.000137 22222222
32 2 4 31 0.000151 22222222
32 2 4 32 0.000106 00000000
32 2 4 33 0.000102 00000000
32 2 4 34 0.000164 22222222
32 2 4 35 0.000130 00000000
32 2 4 36 0.000143 22222222
32 2 4 37 0.000112 00000000
32 2 4 38 0.000136 22222222
32 2 4 39 0.000081 22222222
32 2 4 40 0.000128 22222222
32 2 4 41 0.000124 00000000
32 2 4 42 0.000136 22222222
32 2 4 43 0.000137 22222222
32 2 4 44 0.000142 22000000
32 2 4 45 0.000187 00000000
32 2 4 46 0.000150 22222222
32 2 4 47 0.000140 00000000
32 2 4 48 0.000081 00000000
32 2 4 49 0.000161 00000000
32 2 4 50 0.000155 22222222
32 2 4 51 0.000115 22222222
32 2 4 52 0.000111 00000000
32 2 4 53 0.000131 22222000
32 2 4 54 0.000102 12222222
32 2 4 55 0.000099 22222222
32 2 4 56 0.000141 22222222
32 2 4 57 0.000184 22222222
32 2 4 58 0.000166 22222222
32 2 4 59 0.000115 22222222
32 2 4 60 0.000173 00000000
32 2 4 61 0.000134 12222222
32 2 4 62 0.000135 22222222
32 2 4 63 0.000120 22222222
32 2 4 64 0.000127 00000000
32 2 4 65 0.000148 22222222
32 2 4 66 0.000134 22222222
32 2 4 67 0.000147 00000000
32 2 4 68 0.000090 00000000
32 2 4 69 0.000129 12222222
32 2 4 70 0.000135 22222222
32 2 4 71 0.000136 20000000
32 2 4 72 0.000124 22222222
32 2 4 73 0.000160 00000000
32 2 4 74 0.000143 22222222
32 2 4 75 0.000121 22222222
32 2 4 76 0.000152 22222222
32 2 4 77 0.000156 22222222
32 2 4 78 0.000120 00000000
32 2 4 79 0.000130 22222222
32 2 4 80 0.000103 12222222
32 2 4 81 0.000161 22222222
32 2 4 82 0.000151 12222222
32 2 4 83 0.000117 22222222
32 2 4 84 0.000169 00000000
32 2 4 85 0.000124 22222222
32 2 4 86 0.000121 22222222
32 2 4 87 0.000103 12222222
32 2 4 88 0.000124 22222222
32 2 4 89 0.000130 22222222
32 2 4 90 0.000144 00000000
32 2 4 91 0.000157 12222222
32 2 4 92 0.000108 22222222
32 2 4 93 0.000121 22220000
32 2 4 94 0.000131 22222222
32 2 4 95 0.000078 12000000
32 2 4 96 0.000138 22222222
32 2 4 97 0.000143 12222220
32 2 4 98 0.000193 22222222
32 2 4 99 0.000157 12222222
32 2 8 0 0.000137 2222
32 2 8 1 0.000122 2222
32 2 8 2 0.000138 0000
32 2 8 3 0.000130 2222
32 2 8 4 0.000129 2222
32 2 8 5 0.000119 2222
32 2 8 6 0.000154 2000
32 2 8 7 0.000070 2220
32 2 8 8 0.000140 0000
32 2 8 9 0.000137 0000
32 2 8 10 0.000123 2222
32 2 8 11 0.000162 0000
32 2 8 12 0.000122 2000
32 2 8 13 0.000147 2220
32 2 8 14 0.000128 2222
32 2 8 15 0.000155 2222
32 2 8 16 0.000168 2222
32 2 8 17 0.000152 0000
32 2 8 18 0.000136 2222
32 2 8 19 0.000193 0000
32 2 8 20 0.000128 2222
32 2 8 21 0.000145 2222
32 2 8 22 0.000168 0000
32 2 8 23 0.000137 2222
32 2 8 24 0.000129 2222
32 2 8 25 0.000115 2222
32 2 8 26 0.000144 2222
32 2 8 27 0.000092 0000
32 2 8 28 0.000171 0000
32 2 8 29 0.000184 0000
32 2 8 30 0.000143 2222
32 2 8 31 0.000148 2222
32 2 8 32 0.000107 0000
32 2 8 33 0.000096 0000
32 2 8 34 0.000154 2222
32 2 8 35 0.000126 0000
32 2 8 36 0.000138 2222
32 2 8 37 0.000107 0000
32 2 8 38 0.000131 2222
32 2 8 39 0.000081 0000
32 2 8 40 0.000122 2222
32 2 8 41 0.000112 0000
32 2 8 42 0.000132 2222
32 2 8 43 0.000133 2222
32 2 8 44 0.000137 2000
32 2 8 45 0.000186 0000
32 2 8 46 0.000142 2222
32 2 8 47 0.000134 0000
32 2 8 48 0.000074 0000
32 2 8 49 0.000150 0000
32 2 8 50 0.000164 2222
32 2 8 51 0.000115 2222
32 2 8 52 0.000102 0000
32 2 8 53 0.000122 2200
32 2 8 54 0.000097 2222
32 2 8 55 0.000095 2222
32 2 8 56 0.000152 2222
32 2 8 57 0.000172 2222
32 2 8 58 0.000165 2222
32 2 8 59 0.000104 2222
32 2 8 60 0.000167 0000
32 2 8 61 0.000125 2222
32 2 8 62 0.000131 2222
32 2 8 63 0.000113 2222
32 2 8 64 0.000125 0000
32 2 8 65 0.000145 2222
32 2 8 66 0.000136 2222
32 2 8 67 0.000139 0000
32 2 8 68 0.000083 0000
32 2 8 69 0.000133 2222
32 2 8 70 0.000093 2222
32 2 8 71 0.000130 0000
32 2 8 72 0.000124 2222
32 2 8 73 0.000156 0000
32 2 8 74 0.000140 2222
32 2 8 75 0.000112 2222
32 2 8 76 0.000149 2222
32 2 8 77 0.000158 2222
32 2 8 78 0.000118 0000
32 2 8 79 0.000124 2222
32 2 8 80 0.000102 2222
32 2 8 81 0.000151 2222
32 2 8 82 0.000150 2222
32 2 8 83 0.000122 2222
32 2 8 84 0.000164 0000
32 2 8 85 0.000119 2222
32 2 8 86 0.000124 2222
32 2 8 87 0.000103 2222
32 2 8 88 0.000111 2222
32 2 8 89 0.000132 2222
32 2 8 90 0.000142 0000
32 2 8 91 0.000156 2222
32 2 8 92 0.000099 2222
32 2 8 93 0.000111 2200
32 2 8 94 0.000120 2222
32 2 8 95 0.000075 2000
32 2 8 96 0.000141 2222
32 2 8 97 0.000137 2220
32 2 8 98 0.000183 2222
32 2 8 99 0.000158 2222
32 2 16 0 0.000145 22
32 2 16 1 0.000123 22
32 2 16 2 0.000137 00
32 2 16 3 0.000133 22
32 2 16 4 0.000132 22
32 2 16 5 0.000130 22
32 2 16 6 0.000156 00
32 2 16 7 0.000073 20
32 2 16 8 0.000156 00
32 2 16 9 0.000134 00
32 2 16 10 0.000130 22
32 2 16 11 0.000166 00
32 2 16 12 0.000125 00
32 2 16 13 0.000158 20
32 2 16 14 0.000137 22
32 2 16 15 0.000156 22
32 2 16 16 0.000171 22
32 2 16 17 0.000158 00
32 2 16 18 0.000133 22
32 2 16 19 0.000198 00
32 2 16 20 0.000136 22
32 2 16 21 0.000152 22
32 2 16 22 0.000172 00
32 2 16 23 0.000141 22
32 2 16 24 0.000132 22
32 2 16 25 0.000119 22
32 2 16 26 0.000147 22
32 2 16 27 0.000092 00
32 2 16 28 0.000173 00
32 2 16 29 0.000187 00
32 2 16 30 0.000137 22
32 2 16 31 0.000167 22
32 2 16 32 0.000104 00
32 2 16 33 0.000097 00
32 2 16 34 0.000155 22
32 2 16 35 0.000129 00
32 2 16 36 0.000142 22
32 2 16 37 0.000111 00
32 2 16 38 0.000137 22
32 2 16 39 0.000077 00
32 2 16 40 0.000123 22
32 2 16 41 0.000115 00
32 2 16 42 0.000137 22
32 2 16 43 0.000141 22
32 2 16 44 0.000129 00
32 2 16 45 0.000202 00
32 2 16 46 0.000150 22
32 2 16 47 0.000140 00
32 2 16 48 0.000075 00
32 2 16 49 0.000150 00
32 2 16 50 0.000153 22
32 2 16 51 0.000123 22
32 2 16 52 0.000108 00
32 2 16 53 0.000127 20
32 2 16 54 0.000101 22
32 2 16 55 0.000103 22
32 2 16 56 0.000136 22
32 2 16 57 0.000175 22
32 2 16 58 0.000167 22
32 2 16 59 0.000107 22
32 2 16 60 0.000178 00
32 2 16 61 0.000130 22
32 2 16 62 0.000136 22
32 2 16 63 0.000113 22
32 2 16 64 0.000126 00
32 2 16 65 0.000153 22
32 2 16 66 0.000132 22
32 2 16 67 0.000143 00
32 2 16 68 0.000091 00
32 2 16 69 0.000131 22
32 2 16 70 0.000094 22
32 2 16 71 0.000134 00
32 2 16 72 0.000127 22
32 2 16 73 0.000165 00
32 2 16 74 0.000137 22
32 2 16 75 0.000116 22
32 2 16 76 0.000163 22
32 2 16 77 0.000158 22
32 2 16 78 0.000118 00
32 2 16 79 0.000127 22
32 2 16 80 0.000104 22
32 2 16 81 0.000157 22
32 2 16 82 0.000154 22
32 2 16 83 0.000111 22
32 2 16 84 0.000171 00
32 2 16 85 0.000131 22
32 2 16 86 0.000122 22
32 2 16 87 0.000104 22
32 2 16 88 0.000128 22
32 2 16 89 0.000136 22
32 2 16 90 0.000142 00
32 2 16 91 0.000158 22
32 2 16 92 0.000107 22
32 2 16 93 0.000114 20
32 2 16 94 0.000127 22
32 2 16 95 0.000075 00
32 2 16 96 0.000141 22
32 2 16 97 0.000137 20
32 2 16 98 0.000186 22
32 2 16 99 0.000164 22
32 2 32 0 0.000146 2
32 2 32 1 0.000122 2
32 2 32 2 0.000131 0
32 2 32 3 0.000132 2
32 2 32 4 0.000134 2
32 2 32 5 0.000121 2
32 2 32 6 0.000166 0
32 2 32 7 0.000069 0
32 2 32 8 0.000137 0
32 2 32 9 0.000134 0
32 2 32 10 0.000129 2
32 2 32 11 0.000172 0
32 2 32 12 0.000123 0
32 2 32 13 0.000148 0
32 2 32 14 0.000133 2
32 2 32 15 0.000154 2
32 2 32 16 0.000170 2
32 2 32 17 0.000156 0
32 2 32 18 0.000132 2
32 2 32 19 0.000204 0
32 2 32 20 0.000132 2
32 2 32 21 0.000143 2
32 2 32 22 0.000172 0
32 2 32 23 0.000139 2
32 2 32 24 0.000132 2
32 2 32 25 0.000120 2
32 2 32 26 0.000146 2
32 2 32 27 0.000090 0
32 2 32 28 0.000172 0
32 2 32 29 0.000191 0
32 2 32 30 0.000137 2
32 2 32 31 0.000149 2
32 2 32 32 0.000106 0
32 2 32 33 0.000093 0
32 2 32 34 0.000154 2
32 2 32 35 0.000130 0
32 2 32 36 0.000141 2
32 2 32 37 0.000109 0
32 2 32 38 0.000136 2
32 2 32 39 0.000075 0
32 2 32 40 0.000129 2
32 2 32 41 0.000114 0
32 2 32 42 0.000138 2
32 2 32 43 0.000136 2
32 2 32 44 0.000141 0
32 2 32 45 0.000185 0
32 2 32 46 0.000151 2
32 2 32 47 0.000139 0
32 2 32 48 0.000074 0
32 2 32 49 0.000150 0
32 2 32 50 0.000157 2
32 2 32 51 0.000112 2
32 2 32 52 0.000104 0
32 2 32 53 0.000126 0
32 2 32 54 0.000099 2
32 2 32 55 0.000091 2
32 2 32 56 0.000144 2
32 2 32 57 0.000178 2
32 2 32 58 0.000163 2
32 2 32 59 0.000112 2
32 2 32 60 0.000171 0
32 2 32 61 0.000130 2
32 2 32 62 0.000135 2
32 2 32 63 0.000110 2
32 2 32 64 0.000122 0
32 2 32 65 0.000147 2
32 2 32 66 0.000131 2
32 2 32 67 0.000140 0
32 2 32 68 0.000084 0
32 2 32 69 0.000130 2
32 2 32 70 0.000098 2
32 2 32 71 0.000131 0
32 2 32 72 0.000132 2
32 2 32 73 0.000160 0
32 2 32 74 0.000134 2
32 2 32 75 0.000117 2
32 2 32 76 0.000153 2
32 2 32 77 0.000154 2
32 2 32 78 0.000109 0
32 2 32 79 0.000125 2
32 2 32 80 0.000102 2
32 2 32 81 0.000162 2
32 2 32 82 0.000150 2
32 2 32 83 0.000111 2
32 2 32 84 0.000165 0
32 2 32 85 0.000120 2
32 2 32 86 0.000120 2
32 2 32 87 0.000101 2
32 2 32 88 0.000114 2
32 2 32 89 0.000132 2
32 2 32 90 0.000141 0
32 2 32 91 0.000159 2
32 2 32 92 0.000097 2
32 2 32 93 0.000117 0
32 2 32 94 0.000120 2
32 2 32 95 0.000082 0
32 2 32 96 0.000141 2
32 2 32 97 0.000137 0
32 2 32 98 0.000195 2
32 2 32 99 0.000155 2
32 4 8 0 0.000343 2222
32 4 8 1 0.000302 2222
32 4 8 2 0.000360 0000
32 4 8 3 0.000328 2222
32 4 8 4 0.000362 2222
32 4 8 5 0.000262 2222
32 4 8 6 0.000419 2222
32 4 8 7 0.000129 2222
32 4 8 8 0.000261 2222
32 4 8 9 0.000287 0000
32 4 8 10 0.000304 2222
32 4 8 11 0.000483 0000
32 4 8 12 0.000267 2222
32 4 8 13 0.000427 2222
32 4 8 14 0.000318 2222
32 4 8 15 0.000394 2222
32 4 8 16 0.000506 2222
32 4 8 17 0.000397 0000
32 4 8 18 0.000315 2222
32 4 8 19 0.000527 0000
32 4 8 20 0.000317 2222
32 4 8 21 0.000371 2222
32 4 8 22 0.000492 0000
32 4 8 23 0.000339 2222
32 4 8 24 0.000260 2222
32 4 8 25 0.000267 2222
32 4 8 26 0.000346 2222
32 4 8 27 0.000206 0000
32 4 8 28 0.000473 0000
32 4 8 29 0.000552 0000
32 4 8 30 0.000315 2222
32 4 8 31 0.000338 2222
32 4 8 32 0.000242 0000
32 4 8 33 0.000220 0000
32 4 8 34 0.000455 2222
32 4 8 35 0.000315 0000
32 4 8 36 0.000371 2222
32 4 8 37 0.000244 0000
32 4 8 38 0.000347 2222
32 4 8 39 0.000178 2222
32 4 8 40 0.000288 2222
32 4 8 41 0.000292 0000
32 4 8 42 0.000341 2222
32 4 8 43 0.000325 2222
32 4 8 44 0.000331 2222
32 4 8 45 0.000523 0000
32 4 8 46 0.000409 2222
32 4 8 47 0.000303 0000
32 4 8 48 0.000151 0000
32 4 8 49 0.000418 0000
32 4 8 50 0.000401 2222
32 4 8 51 0.000280 2222
32 4 8 52 0.000237 0000
32 4 8 53 0.000294 2222
32 4 8 54 0.000243 2222
32 4 8 55 0.000189 2222
32 4 8 56 0.000381 2222
32 4 8 57 0.000466 2222
32 4 8 58 0.000437 2222
32 4 8 59 0.000248 2222
32 4 8 60 0.000502 0000
32 4 8 61 0.000362 2222
32 4 8 62 0.000344 2222
32 4 8 63 0.000242 2222
32 4 8 64 0.000327 0000
32 4 8 65 0.000395 2222
32 4 8 66 0.000341 2222
32 4 8 67 0.000319 0000
32 4 8 68 0.000181 0000
32 4 8 69 0.000292 2222
32 4 8 70 0.000243 2222
32 4 8 71 0.000307 2222
32 4 8 72 0.000307 2222
32 4 8 73 0.000425 0000
32 4 8 74 0.000366 2222
32 4 8 75 0.000297 2222
32 4 8 76 0.000401 2222
32 4 8 77 0.000364 2222
32 4 8 78 0.000288 0000
32 4 8 79 0.000303 2222
32 4 8 80 0.000222 2222
32 4 8 81 0.000406 2222
32 4 8 82 0.000376 2222
32 4 8 83 0.000218 2222
32 4 8 84 0.000553 0000
32 4 8 85 0.000343 2222
32 4 8 86 0.000263 2222
32 4 8 87 0.000242 2222
32 4 8 88 0.000259 2222
32 4 8 89 0.000291 2222
32 4 8 90 0.000372 0000
32 4 8 91 0.000444 2222
32 4 8 92 0.000216 2222
32 4 8 93 0.000276 2222
32 4 8 94 0.000324 2222
32 4 8 95 0.000148 2222
32 4 8 96 0.000323 2222
32 4 8 97 0.000372 2222
32 4 8 98 0.000527 2222
32 4 8 99 0.000377 2222
32 4 16 0 0.000351 22
32 4 16 1 0.000286 22
32 4 16 2 0.000349 00
32 4 16 3 0.000324 22
32 4 16 4 0.000337 22
32 4 16 5 0.000263 22
32 4 16 6 0.000388 22
32 4 16 7 0.000125 22
32 4 16 8 0.000249 22
32 4 16 9 0.000289 00
32 4 16 10 0.000316 22
32 4 16 11 0.000485 00
32 4 16 12 0.000269 22
32 4 16 13 0.000440 22
32 4 16 14 0.000322 22
32 4 16 15 0.000395 22
32 4 16 16 0.000452 22
32 4 16 17 0.000385 00
32 4 16 18 0.000327 22
32 4 16 19 0.000533 00
32 4 16 20 0.000324 22
32 4 16 21 0.000364 22
32 4 16 22 0.000469 00
32 4 16 23 0.000332 22
32 4 16 24 0.000250 22
32 4 16 25 0.000276 22
32 4 16 26 0.000351 22
32 4 16 27 0.000210 00
32 4 16 28 0.000459 00
32 4 16 29 0.000547 00
32 4 16 30 0.000309 22
32 4 16 31 0.000335 22
32 4 16 32 0.000223 00
32 4 16 33 0.000216 00
32 4 16 34 0.000444 22
32 4 16 35 0.000308 00
32 4 16 36 0.000348 22
32 4 16 37 0.000251 00
32 4 16 38 0.000357 22
32 4 16 39 0.000173 22
32 4 16 40 0.000291 22
32 4 16 41 0.000274 00
32 4 16 42 0.000354 22
32 4 16 43 0.000320 22
32 4 16 44 0.000330 22
32 4 16 45 0.000504 00
32 4 16 46 0.000425 22
32 4 16 47 0.000307 00
32 4 16 48 0.000147 00
32 4 16 49 0.000406 00
32 4 16 50 0.000386 22
32 4 16 51 0.000266 22
32 4 16 52 0.000239 00
32 4 16 53 0.000291 22
32 4 16 54 0.000246 22
32 4 16 55 0.000173 22
32 4 16 56 0.000375 22
32 4 16 57 0.000436 22
32 4 16 58 0.000447 22
32 4 16 59 0.000247 22
32 4 16 60 0.000488 00
32 4 16 61 0.000355 22
32 4 16 62 0.000361 22
32 4 16 63 0.000254 22
32 4 16 64 0.000330 00
32 4 16 65 0.000377 22
32 4 16 66 0.000333 22
32 4 16 67 0.000324 00
32 4 16 68 0.000189 00
32 4 16 69 0.000264 22
32 4 16 70 0.000232 22
32 4 16 71 0.000319 22
32 4 16 72 0.000310 22
32 4 16 73 0.000440 00
32 4 16 74 0.000362 22
32 4 16 75 0.000296 22
32 4 16 76 0.000371 22
32 4 16 77 0.000365 22
32 4 16 78 0.000273 00
32 4 16 79 0.000314 22
32 4 16 80 0.000230 22
32 4 16 81 0.000387 22
32 4 16 82 0.000384 22
32 4 16 83 0.000207 22
32 4 16 84 0.000489 00
32 4 16 85 0.000331 22
32 4 16 86 0.000254 22
32 4 16 87 0.000221 22
32 4 16 88 0.000265 22
32 4 16 89 0.000287 22
32 4 16 90 0.000378 00
32 4 16 91 0.000451 22
32 4 16 92 0.000219 22
32 4 16 93 0.000253 22
32 4 16 94 0.000304 22
32 4 16 95 0.000139 22
32 4 16 96 0.000337 22
32 4 16 97 0.000393 22
32 4 16 98 0.000538 22
32 4 16 99 0.000379 22
32 4 32 0 0.000355 2
32 4 32 1 0.000292 2
32 4 32 2 0.000339 0
32 4 32 3 0.000332 2
32 4 32 4 0.000325 2
32 4 32 5 0.000255 2
32 4 32 6 0.000382 2
32 4 32 7 0.000116 2
32 4 32 8 0.000247 2
32 4 32 9 0.000281 0
32 4 32 10 0.000323 2
32 4 32 11 0.000514 0
32 4 32 12 0.000268 2
32 4 32 13 0.000425 2
32 4 32 14 0.000318 2
32 4 32 15 0.000392 2
32 4 32 16 0.000473 2
32 4 32 17 0.000390 0
32 4 32 18 0.000311 2
32 4 32 19 0.000530 0
32 4 32 20 0.000319 2
32 4 32 21 0.000371 2
32 4 32 22 0.000466 0
32 4 32 23 0.000316 2
32 4 32 24 0.000261 2
32 4 32 25 0.000269 2
32 4 32 26 0.000346 2
32 4 32 27 0.000205 0
32 4 32 28 0.000452 0
32 4 32 29 0.000545 0
32 4 32 30 0.000315 2
32 4 32 31 0.000342 2
32 4 32 32 0.000220 0
32 4 32 33 0.000212 0
32 4 32 34 0.000429 2
32 4 32 35 0.000309 0
32 4 32 36 0.000361 2
32 4 32 37 0.000251 0
32 4 32 38 0.000348 2
32 4 32 39 0.000174 2
32 4 32 40 0.000286 2
32 4 32 41 0.000287 0
32 4 32 42 0.000334 2
32 4 32 43 0.000330 2
32 4 32 44 0.000321 2
32 4 32 45 0.000493 0
32 4 32 46 0.000404 2
32 4 32 47 0.000299 0
32 4 32 48 0.000146 0
32 4 32 49 0.000390 0
32 4 32 50 0.000395 2
32 4 32 51 0.000283 2
32 4 32 52 0.000245 0
32 4 32 53 0.000276 2
32 4 32 54 0.000237 2
32 4 32 55 0.000171 2
32 4 32 56 0.000392 2
32 4 32 57 0.000442 2
32 4 32 58 0.000451 2
32 4 32 59 0.000255 2
32 4 32 60 0.000475 0
32 4 32 61 0.000362 2
32 4 32 62 0.000348 2
32 4 32 63 0.000247 2
32 4 32 64 0.000359 0
32 4 32 65 0.000368 2
32 4 32 66 0.000341 2
32 4 32 67 0.000316 0
32 4 32 68 0.000182 0
32 4 32 69 0.000271 2
32 4 32 70 0.000228 2
32 4 32 71 0.000314 2
32 4 32 72 0.000296 2
32 4 32 73 0.000432 0
32 4 32 74 0.000366 2
32 4 32 75 0.000301 2
32 4 32 76 0.000379 2
32 4 32 77 0.000360 2
32 4 32 78 0.000263 0
32 4 32 79 0.000298 2
32 4 32 80 0.000226 2
32 4 32 81 0.000389 2
32 4 32 82 0.000390 2
32 4 32 83 0.000206 2
32 4 32 84 0.000498 0
32 4 32 85 0.000320 2
32 4 32 86 0.000253 2
32 4 32 87 0.000224 2
32 4 32 88 0.000258 2
32 4 32 89 0.000282 2
32 4 32 90 0.000382 0
32 4 32 91 0.000448 2
32 4 32 92 0.000214 2
32 4 32 93 0.000249 2
32 4 32 94 0.000311 2
32 4 32 95 0.000127 2
32 4 32 96 0.000333 2
32 4 32 97 0.000359 2
32 4 32 98 0.000532 2
32 4 32 99 0.000374 2
32 8 16 0 0.000837 22
32 8 16 1 0.000712 22
32 8 16 2 0.000990 00
32 8 16 3 0.001013 22
32 8 16 4 0.000878 22
32 8 16 5 0.000671 22
32 8 16 6 0.001041 22
32 8 16 7 0.000318 22
32 8 16 8 0.000594 22
32 8 16 9 0.000784 00
32 8 16 10 0.000907 22
32 8 16 11 0.001413 00
32 8 16 12 0.000637 22
32 8 16 13 0.001202 22
32 8 16 14 0.000856 22
32 8 16 15 0.001067 22
32 8 16 16 0.001222 22
32 8 16 17 0.001079 00
32 8 16 18 0.000798 22
32 8 16 19 0.001613 00
32 8 16 20 0.000827 22
32 8 16 21 0.001029 22
32 8 16 22 0.001340 00
32 8 16 23 0.000924 22
32 8 16 24 0.000718 22
32 8 16 25 0.000653 22
32 8 16 26 0.000920 22
32 8 16 27 0.000389 00
32 8 16 28 0.001301 00
32 8 16 29 0.001640 00
32 8 16 30 0.000697 22
32 8 16 31 0.000850 22
32 8 16 32 0.000481 00
32 8 16 33 0.000491 00
32 8 16 34 0.001238 22
32 8 16 35 0.000759 00
32 8 16 36 0.000972 22
32 8 16 37 0.000655 00
32 8 16 38 0.000974 22
32 8 16 39 0.000994 22
32 8 16 40 0.000952 22
32 8 16 41 0.000844 00
32 8 16 42 0.000937 22
32 8 16 43 0.000907 22
32 8 16 44 0.000776 22
32 8 16 45 0.001321 00
32 8 16 46 0.001005 22
32 8 16 47 0.000748 00
32 8 16 48 0.000298 00
32 8 16 49 0.001053 00
32 8 16 50 0.001102 22
32 8 16 51 0.000635 22
32 8 16 52 0.000581 00
32 8 16 53 0.000751 22
32 8 16 54 0.000631 22
32 8 16 55 0.000340 22
32 8 16 56 0.001084 22
32 8 16 57 0.001388 22
32 8 16 58 0.001209 22
32 8 16 59 0.000561 22
32 8 16 60 0.001249 00
32 8 16 61 0.000887 22
32 8 16 62 0.000866 22
32 8 16 63 0.000544 22
32 8 16 64 0.000868 00
32 8 16 65 0.001016 22
32 8 16 66 0.000897 22
32 8 16 67 0.000849 00
32 8 16 68 0.000470 00
32 8 16 69 0.000493 22
32 8 16 70 0.000623 22
32 8 16 71 0.000857 22
32 8 16 72 0.000760 22
32 8 16 73 0.001197 00
32 8 16 74 0.000749 22
32 8 16 75 0.000701 22
32 8 16 76 0.001042 22
32 8 16 77 0.000935 22
32 8 16 78 0.000644 00
32 8 16 79 0.000833 22
32 8 16 80 0.000582 22
32 8 16 81 0.001013 22
32 8 16 82 0.000889 22
32 8 16 83 0.000563 22
32 8 16 84 0.001379 00
32 8 16 85 0.000950 22
32 8 16 86 0.000668 22
32 8 16 87 0.000550 22
32 8 16 88 0.000616 22
32 8 16 89 0.000739 22
32 8 16 90 0.000987 00
32 8 16 91 0.001315 22
32 8 16 92 0.000492 22
32 8 16 93 0.000576 22
32 8 16 94 0.000861 22
32 8 16 95 0.000310 22
32 8 16 96 0.000901 22
32 8 16 97 0.000859 22
32 8 16 98 0.001481 22
32 8 16 99 0.000881 22
32 8 32 0 0.000825 2
32 8 32 1 0.000709 2
32 8 32 2 0.001033 0
32 8 32 3 0.000960 2
32 8 32 4 0.000854 2
32 8 32 5 0.000661 2
32 8 32 6 0.000991 2
32 8 32 7 0.000286 2
32 8 32 8 0.000612 2
32 8 32 9 0.000782 0
32 8 32 10 0.000929 2
32 8 32 11 0.001433 0
32 8 32 12 0.000618 2
32 8 32 13 0.001214 2
32 8 32 14 0.000846 2
32 8 32 15 0.001052 2
32 8 32 16 0.001213 2
32 8 32 17 0.001152 0
32 8 32 18 0.000797 2
32 8 32 19 0.001557 0
32 8 32 20 0.000802 2
32 8 32 21 0.001050 2
32 8 32 22 0.001357 0
32 8 32 23 0.000944 2
32 8 32 24 0.000622 2
32 8 32 25 0.000633 2
32 8 32 26 0.000960 2
32 8 32 27 0.000376 0
32 8 32 28 0.001264 0
32 8 32 29 0.001772 0
32 8 32 30 0.000687 2
32 8 32 31 0.000802 2
32 8 32 32 0.000452 0
32 8 32 33 0.000481 0
32 8 32 34 0.001242 2
32 8 32 35 0.000721 0
32 8 32 36 0.000971 2
32 8 32 37 0.000665 0
32 8 32 38 0.000971 2
32 8 32 39 0.000333 2
32 8 32 40 0.000616 2
32 8 32 41 0.000806 0
32 8 32 42 0.000913 2
32 8 32 43 0.000885 2
32 8 32 44 0.000765 2
32 8 32 45 0.001264 0
32 8 32 46 0.001025 2
32 8 32 47 0.000798 0
32 8 32 48 0.000295 0
32 8 32 49 0.001004 0
32 8 32 50 0.001118 2
32 8 32 51 0.000658 2
32 8 32 52 0.000576 0
32 8 32 53 0.000729 2
32 8 32 54 0.000628 2
32 8 32 55 0.000319 2
32 8 32 56 0.001072 2
32 8 32 57 0.001400 2
32 8 32 58 0.001197 2
32 8 32 59 0.000575 2
32 8 32 60 0.001422 0
32 8 32 61 0.000912 2
32 8 32 62 0.000887 2
32 8 32 63 0.000534 2
32 8 32 64 0.000833 0
32 8 32 65 0.000971 2
32 8 32 66 0.000823 2
32 8 32 67 0.000785 0
32 8 32 68 0.000447 0
32 8 32 69 0.000485 2
32 8 32 70 0.000585 2
32 8 32 71 0.000807 2
32 8 32 72 0.000666 2
32 8 32 73 0.001255 0
32 8 32 74 0.000719 2
32 8 32 75 0.000647 2
32 8 32 76 0.001029 2
32 8 32 77 0.000971 2
32 8 32 78 0.000632 0
32 8 32 79 0.000874 2
32 8 32 80 0.000602 2
32 8 32 81 0.000955 2
32 8 32 82 0.000878 2
32 8 32 83 0.000595 2
32 8 32 84 0.001543 0
32 8 32 85 0.000886 2
32 8 32 86 0.000642 2
32 8 32 87 0.000535 2
32 8 32 88 0.000612 2
32 8 32 89 0.000742 2
32 8 32 90 0.000985 0
32 8 32 91 0.001269 2
32 8 32 92 0.000461 2
32 8 32 93 0.000552 2
32 8 32 94 0.000863 2
32 8 32 95 0.000294 2
32 8 32 96 0.000846 2
32 8 32 97 0.000915 2
32 8 32 98 0.001492 2
32 8 32 99 0.000871 2
64 2 4 0 0.000210 0000000000000000
64 2 4 1 0.000335 2222222222222222
64 2 4 2 0.000313 2222222222222222
64 2 4 3 0.000215 2222222220000000
64 2 4 4 0.000292 2222222222222222
64 2 4 5 0.000321 1222222222222222
64 2 4 6 0.000237 2222222222222200
64 2 4 7 0.000220 2222222222222222
64 2 4 8 0.000259 2222200000000000
64 2 4 9 0.000284 2222222222222222
64 2 4 10 0.000253 1120000000000000
64 2 4 11 0.000244 1120000000000000
64 2 4 12 0.000280 2222222222222220
64 2 4 13 0.000271 1222222222222222
64 2 4 14 0.000250 2222222222222222
64 2 4 15 0.000247 2222222222222222
64 2 4 16 0.000269 0000000000000000
64 2 4 17 0.000271 2222222222222222
64 2 4 18 0.000263 0000000000000000
64 2 4 19 0.000352 0000000000000000
64 2 4 20 0.000290 1222222222222222
64 2 4 21 0.000285 2222222222222222
64 2 4 22 0.000296 2222222222222222
64 2 4 23 0.000247 2220000000000000
64 2 4 24 0.000269 2222222222222222
64 2 4 25 0.000275 2222222222222222
64 2 4 26 0.000313 2222222222222222
64 2 4 27 0.000327 2222222222222222
64 2 4 28 0.000250 2222222222200000
64 2 4 29 0.000287 2222222222222222
64 2 4 30 0.000282 2222222222222222
64 2 4 31 0.000346 2222222222222222
64 2 4 32 0.000240 2222200000000000
64 2 4 33 0.000229 2220000000000000
64 2 4 34 0.000268 1222222222222222
64 2 4 35 0.000233 2220000000000000
64 2 4 36 0.000296 2222222222222222
64 2 4 37 0.000281 2222222222220000
64 2 4 38 0.000300 1222222222222222
64 2 4 39 0.000333 2222222222222222
64 2 4 40 0.000262 0000000000000000
64 2 4 41 0.000298 2222222222222222
64 2 4 42 0.000288 2222222222222222
64 2 4 43 0.000295 2222222222222222
64 2 4 44 0.000301 2222222222222222
64 2 4 45 0.000265 2222222222222222
64 2 4 46 0.000268 2222200000000000
64 2 4 47 0.000281 2222222222222222
64 2 4 48 0.000270 2222222222222222
64 2 4 49 0.000286 2222222222222222
64 2 4 50 0.000314 2222222200000000
64 2 4 51 0.000251 1222222222222222
64 2 4 52 0.000320 2222222222222222
64 2 4 53 0.000288 2222222222222222
64 2 4 54 0.000303 2222222222222222
64 2 4 55 0.000329 0000000000000000
64 2 4 56 0.000255 2200000000000000
64 2 4 57 0.000273 2000000000000000
64 2 4 58 0.000269 2222222200000000
64 2 4 59 0.000298 2222222222222222
64 2 4 60 0.000260 1222222222222222
64 2 4 61 0.000321 1222222222222222
64 2 4 62 0.000301 2222200000000000
64 2 4 63 0.000301 0000000000000000
64 2 4 64 0.000262 2222222222222222
64 2 4 65 0.000229 0000000000000000
64 2 4 66 0.000284 2222222222222222
64 2 4 67 0.000332 2222222222222222
64 2 4 68 0.000333 2222000000000000
64 2 4 69 0.000281 2222222222222222
64 2 4 70 0.000213 0000000000000000
64 2 4 71 0.000324 2222222222222222
64 2 4 72 0.000291 2222222200000000
64 2 4 73 0.000240 2222000000000000
64 2 4 74 0.000305 1222222222222222
64 2 4 75 0.000259 2222222222222222
64 2 4 76 0.000333 2222222222222222
64 2 4 77 0.000313 2222222222222222
64 2 4 78 0.000304 0000000000000000
64 2 4 79 0.000223 0000000000000000
64 2 4 80 0.000245 2000000000000000
64 2 4 81 0.000326 2222222222220000
64 2 4 82 0.000334 0000000000000000
64 2 4 83 0.000257 2222222222220000
64 2 4 84 0.000286 2222222222222222
64 2 4 85 0.000294 2222222222222222
64 2 4 86 0.000291 0000000000000000
64 2 4 87 0.000279 0000000000000000
64 2 4 88 0.000216 2222222000000000
64 2 4 89 0.000241 2222222222222220
64 2 4 90 0.000291 2222222222222222
64 2 4 91 0.000270 0000000000000000
64 2 4 92 0.000328 2222222222222222
64 2 4 93 0.000295 0000000000000000
64 2 4 94 0.000308 2222222222220000
64 2 4 95 0.000278 2222222222222222
64 2 4 96 0.000308 2222222222222222
64 2 4 97 0.000226 2200000000000000
64 2 4 98 0.000297 2000000000000000
64 2 4 99 0.000255 0000000000000000
64 2 8 0 0.000201 00000000
64 2 8 1 0.000331 22222222
64 2 8 2 0.000310 22222222
64 2 8 3 0.000212 22220000
64 2 8 4 0.000276 22222222
64 2 8 5 0.000312 22222222
64 2 8 6 0.000228 22222220
64 2 8 7 0.000209 22222222
64 2 8 8 0.000238 22000000
64 2 8 9 0.000275 22222222
64 2 8 10 0.000248 10000000
64 2 8 11 0.000235 10000000
64 2 8 12 0.000272 22222220
64 2 8 13 0.000259 22222222
64 2 8 14 0.000241 22222222
64 2 8 15 0.000255 22222222
64 2 8 16 0.000268 00000000
64 2 8 17 0.000260 22222222
64 2 8 18 0.000258 00000000
64 2 8 19 0.000345 00000000
64 2 8 20 0.000284 22222222
64 2 8 21 0.000281 22222222
64 2 8 22 0.000281 22222222
64 2 8 23 0.000249 20000000
64 2 8 24 0.000268 22222222
64 2 8 25 0.000264 22222222
64 2 8 26 0.000295 22222222
64 2 8 27 0.000317 22222222
64 2 8 28 0.000240 22222000
64 2 8 29 0.000275 22222222
64 2 8 30 0.000273 22222222
64 2 8 31 0.000339 22222222
64 2 8 32 0.000236 22000000
64 2 8 33 0.000223 20000000
64 2 8 34 0.000262 22222222
64 2 8 35 0.000225 20000000
64 2 8 36 0.000294 22222222
64 2 8 37 0.000288 22222200
64 2 8 38 0.000284 22222222
64 2 8 39 0.000328 22222222
64 2 8 40 0.000256 00000000
64 2 8 41 0.000286 22222222
64 2 8 42 0.000279 22222222
64 2 8 43 0.000279 22222222
64 2 8 44 0.000300 22222222
64 2 8 45 0.000255 22222222
64 2 8 46 0.000265 22000000
64 2 8 47 0.000258 22222222
64 2 8 48 0.000270 22222222
64 2 8 49 0.000277 22222222
64 2 8 50 0.000277 22220000
64 2 8 51 0.000237 22222222
64 2 8 52 0.000300 22222222
64 2 8 53 0.000274 22222222
64 2 8 54 0.000285 22222222
64 2 8 55 0.000317 00000000
64 2 8 56 0.000254 20000000
64 2 8 57 0.000269 00000000
64 2 8 58 0.000274 22220000
64 2 8 59 0.000291 22222222
64 2 8 60 0.000248 22222222
64 2 8 61 0.000326 22222222
64 2 8 62 0.000289 22000000
64 2 8 63 0.000282 00000000
64 2 8 64 0.000252 22222222
64 2 8 65 0.000214 00000000
64 2 8 66 0.000276 22222222
64 2 8 67 0.000323 22222222
64 2 8 68 0.000339 22000000
64 2 8 69 0.000264 22222222
64 2 8 70 0.000207 00000000
64 2 8 71 0.000319 22222222
64 2 8 72 0.000286 22220000
64 2 8 73 0.000232 22000000
64 2 8 74 0.000287 22222222
64 2 8 75 0.000256 22222222
64 2 8 76 0.000330 22222222
64 2 8 77 0.000301 22222222
64 2 8 78 0.000301 00000000
64 2 8 79 0.000213 00000000
64 2 8 80 0.000229 00000000
64 2 8 81 0.000313 22222200
64 2 8 82 0.000321 00000000
64 2 8 83 0.000250 22222200
64 2 8 84 0.000261 22222222
64 2 8 85 0.000270 22222222
64 2 8 86 0.000288 00000000
64 2 8 87 0.000264 00000000
64 2 8 88 0.000206 22200000
64 2 8 89 0.000247 22222220
64 2 8 90 0.000283 22222222
64 2 8 91 0.000259 00000000
64 2 8 92 0.000313 22222222
64 2 8 93 0.000291 00000000
64 2 8 94 0.000290 22222200
64 2 8 95 0.000260 22222222
64 2 8 96 0.000310 22222222
64 2 8 97 0.000219 20000000
64 2 8 98 0.000288 00000000
64 2 8 99 0.000247 00000000
64 2 16 0 0.000201 0000
64 2 16 1 0.000332 2222
64 2 16 2 0.000310 2222
64 2 16 3 0.000217 2200
64 2 16 4 0.000284 2222
64 2 16 5 0.000316 2222
64 2 16 6 0.000224 2220
64 2 16 7 0.000215 2222
64 2 16 8 0.000238 2000
64 2 16 9 0.000278 2222
64 2 16 10 0.000243 0000
64 2 16 11 0.000243 0000
64 2 16 12 0.000270 2220
64 2 16 13 0.000266 2222
64 2 16 14 0.000241 2222
64 2 16 15 0.000230 2222
64 2 16 16 0.000255 0000
64 2 16 17 0.000264 2222
64 2 16 18 0.000274 0000
64 2 16 19 0.000353 0000
64 2 16 20 0.000281 2222
64 2 16 21 0.000276 2222
64 2 16 22 0.000286 2222
64 2 16 23 0.000244 0000
64 2 16 24 0.000260 2222
64 2 16 25 0.000277 2222
64 2 16 26 0.000304 2222
64 2 16 27 0.000315 2222
64 2 16 28 0.000249 2200
64 2 16 29 0.000279 2222
64 2 16 30 0.000279 2222
64 2 16 31 0.000337 2222
64 2 16 32 0.000235 2000
64 2 16 33 0.000223 0000
64 2 16 34 0.000275 2222
64 2 16 35 0.000230 0000
64 2 16 36 0.000290 2222
64 2 16 37 0.000278 2220
64 2 16 38 0.000282 2222
64 2 16 39 0.000330 2222
64 2 16 40 0.000253 0000
64 2 16 41 0.000295 2222
64 2 16 42 0.000284 2222
64 2 16 43 0.000292 2222
64 2 16 44 0.000296 2222
64 2 16 45 0.000272 2222
64 2 16 46 0.000264 2000
64 2 16 47 0.000266 2222
64 2 16 48 0.000262 2222
64 2 16 49 0.000289 2222
64 2 16 50 0.000277 2200
64 2 16 51 0.000230 2222
64 2 16 52 0.000302 2222
64 2 16 53 0.000276 2222
64 2 16 54 0.000277 2222
64 2 16 55 0.000321 0000
64 2 16 56 0.000250 0000
64 2 16 57 0.000257 0000
64 2 16 58 0.000265 2200
64 2 16 59 0.000301 2222
64 2 16 60 0.000240 2222
64 2 16 61 0.000309 2222
64 2 16 62 0.000293 2000
64 2 16 63 0.000285 0000
64 2 16 64 0.000248 2222
64 2 16 65 0.000217 0000
64 2 16 66 0.000270 2222
64 2 16 67 0.000327 2222
64 2 16 68 0.000332 2000
64 2 16 69 0.000269 2222
64 2 16 70 0.000210 0000
64 2 16 71 0.000323 2222
64 2 16 72 0.000294 2200
64 2 16 73 0.000230 2000
64 2 16 74 0.000291 2222
64 2 16 75 0.000262 2222
64 2 16 76 0.000325 2222
64 2 16 77 0.000300 2222
64 2 16 78 0.000300 0000
64 2 16 79 0.000220 0000
64 2 16 80 0.000233 0000
64 2 16 81 0.000318 2220
64 2 16 82 0.000321 0000
64 2 16 83 0.000253 2220
64 2 16 84 0.000253 2222
64 2 16 85 0.000267 2222
64 2 16 86 0.000288 0000
64 2 16 87 0.000265 0000
64 2 16 88 0.000200 2000
64 2 16 89 0.000234 2220
64 2 16 90 0.000286 2222
64 2 16 91 0.000266 0000
64 2 16 92 0.000325 2222
64 2 16 93 0.000292 0000
64 2 16 94 0.000288 2220
64 2 16 95 0.000257 2222
64 2 16 96 0.000309 2222
64 2 16 97 0.000211 0000
64 2 16 98 0.000285 0000
64 2 16 99 0.000241 0000
64 2 32 0 0.000211 00
64 2 32 1 0.000336 22
64 2 32 2 0.000313 22
64 2 32 3 0.000223 20
64 2 32 4 0.000279 22
64 2 32 5 0.000321 22
64 2 32 6 0.000224 20
64 2 32 7 0.000218 22
64 2 32 8 0.000243 00
64 2 32 9 0.000281 22
64 2 32 10 0.000241 00
64 2 32 11 0.000243 00
64 2 32 12 0.000280 20
64 2 32 13 0.000266 22
64 2 32 14 0.000237 22
64 2 32 15 0.000238 22
64 2 32 16 0.000252 00
64 2 32 17 0.000263 22
64 2 32 18 0.000267 00
64 2 32 19 0.000356 00
64 2 32 20 0.000287 22
64 2 32 21 0.000274 22
64 2 32 22 0.000286 22
64 2 32 23 0.000251 00
64 2 32 24 0.000262 22
64 2 32 25 0.000278 22
64 2 32 26 0.000306 22
64 2 32 27 0.000326 22
64 2 32 28 0.000250 20
64 2 32 29 0.000286 22
64 2 32 30 0.000285 22
64 2 32 31 0.000366 22
64 2 32 32 0.000237 00
64 2 32 33 0.000227 00
64 2 32 34 0.000270 22
64 2 32 35 0.000235 00
64 2 32 36 0.000300 22
64 2 32 37 0.000281 20
64 2 32 38 0.000288 22
64 2 32 39 0.000362 22
64 2 32 40 0.000256 00
64 2 32 41 0.000301 22
64 2 32 42 0.000284 22
64 2 32 43 0.000302 22
64 2 32 44 0.000295 22
64 2 32 45 0.000266 22
64 2 32 46 0.000269 00
64 2 32 47 0.000262 22
64 2 32 48 0.000275 22
64 2 32 49 0.000279 22
64 2 32 50 0.000288 20
64 2 32 51 0.000231 22
64 2 32 52 0.000314 22
64 2 32 53 0.000276 22
64 2 32 54 0.000284 22
64 2 32 55 0.000331 00
64 2 32 56 0.000250 00
64 2 32 57 0.000254 00
64 2 32 58 0.000268 20
64 2 32 59 0.000306 22
64 2 32 60 0.000256 22
64 2 32 61 0.000312 22
64 2 32 62 0.000293 00
64 2 32 63 0.000285 00
64 2 32 64 0.000252 22
64 2 32 65 0.000222 00
64 2 32 66 0.000273 22
64 2 32 67 0.000332 22
64 2 32 68 0.000335 00
64 2 32 69 0.000267 22
64 2 32 70 0.000209 00
64 2 32 71 0.000326 22
64 2 32 72 0.000297 20
64 2 32 73 0.000229 00
64 2 32 74 0.000295 22
64 2 32 75 0.000260 22
64 2 32 76 0.000343 22
64 2 32 77 0.000311 22
64 2 32 78 0.000305 00
64 2 32 79 0.000216 00
64 2 32 80 0.000234 00
64 2 32 81 0.000317 20
64 2 32 82 0.000326 00
64 2 32 83 0.000251 20
64 2 32 84 0.000253 22
64 2 32 85 0.000271 22
64 2 32 86 0.000291 00
64 2 32 87 0.000267 00
64 2 32 88 0.000213 00
64 2 32 89 0.000238 20
64 2 32 90 0.000283 22
64 2 32 91 0.000273 00
64 2 32 92 0.000341 22
64 2 32 93 0.000293 00
64 2 32 94 0.000298 20
64 2 32 95 0.000258 22
64 2 32 96 0.000320 22
64 2 32 97 0.000212 00
64 2 32 98 0.000289 00
64 2 32 99 0.000244 00
64 4 8 0 0.000557 00000000
64 4 8 1 0.000951 22222222
64 4 8 2 0.000826 22222222
64 4 8 3 0.000458 22222222
64 4 8 4 0.001352 22222222
64 4 8 5 0.000915 22222222
64 4 8 6 0.000606 22222222
64 4 8 7 0.000572 22222222
64 4 8 8 0.000647 22222222
64 4 8 9 0.000723 22222222
64 4 8 10 0.000623 12222222
64 4 8 11 0.000628 12222222
64 4 8 12 0.000744 22222222
64 4 8 13 0.000690 22222222
64 4 8 14 0.000601 22222222
64 4 8 15 0.000601 22222222
64 4 8 16 0.000691 00000000
64 4 8 17 0.000710 22222222
64 4 8 18 0.000694 00000000
64 4 8 19 0.000912 00000000
64 4 8 20 0.000730 22222222
64 4 8 21 0.000744 22222222
64 4 8 22 0.000735 22222222
64 4 8 23 0.000598 22222222
64 4 8 24 0.000710 22222222
64 4 8 25 0.000742 22222222
64 4 8 26 0.000813 22222222
64 4 8 27 0.000803 22222222
64 4 8 28 0.000653 22222222
64 4 8 29 0.000730 22222222
64 4 8 30 0.000713 22222222
64 4 8 31 0.000984 22222222
64 4 8 32 0.000570 22222222
64 4 8 33 0.000516 22222222
64 4 8 34 0.000686 22222222
64 4 8 35 0.000559 22222222
64 4 8 36 0.000767 22222222
64 4 8 37 0.000750 22222222
64 4 8 38 0.000753 22222222
64 4 8 39 0.000953 22222222
64 4 8 40 0.000654 00000000
64 4 8 41 0.000766 22222222
64 4 8 42 0.000677 22222222
64 4 8 43 0.000795 22222222
64 4 8 44 0.000796 22222222
64 4 8 45 0.000661 22222222
64 4 8 46 0.000638 22222222
64 4 8 47 0.000644 22222222
64 4 8 48 0.000719 22222222
64 4 8 49 0.000726 22222222
64 4 8 50 0.000715 22222222
64 4 8 51 0.000596 22222222
64 4 8 52 0.000822 22222222
64 4 8 53 0.000762 22222222
64 4 8 54 0.000790 22222222
64 4 8 55 0.000907 00000000
64 4 8 56 0.000632 22222222
64 4 8 57 0.000714 22222222
64 4 8 58 0.000639 22222222
64 4 8 59 0.000832 22222222
64 4 8 60 0.000649 22222222
64 4 8 61 0.000875 22222222
64 4 8 62 0.000767 22222222
64 4 8 63 0.000796 00000000
64 4 8 64 0.000637 22222222
64 4 8 65 0.000507 00000000
64 4 8 66 0.000670 22222222
64 4 8 67 0.000861 22222222
64 4 8 68 0.000952 22222222
64 4 8 69 0.000715 22222222
64 4 8 70 0.000507 00000000
64 4 8 71 0.000821 22222222
64 4 8 72 0.000767 22222222
64 4 8 73 0.000559 22222222
64 4 8 74 0.000770 22222222
64 4 8 75 0.000618 22222222
64 4 8 76 0.000903 22222222
64 4 8 77 0.000842 22222222
64 4 8 78 0.000888 00000000
64 4 8 79 0.000548 00000000
64 4 8 80 0.000568 22222222
64 4 8 81 0.000837 22222222
64 4 8 82 0.000861 00000000
64 4 8 83 0.000621 22222222
64 4 8 84 0.000648 22222222
64 4 8 85 0.000716 22222222
64 4 8 86 0.000804 00000000
64 4 8 87 0.000704 00000000
64 4 8 88 0.000428 22222222
64 4 8 89 0.000563 22222222
64 4 8 90 0.000741 22222222
64 4 8 91 0.000634 00000000
64 4 8 92 0.000904 22222222
64 4 8 93 0.000783 00000000
64 4 8 94 0.000746 22222222
64 4 8 95 0.000672 22222222
64 4 8 96 0.000794 22222222
64 4 8 97 0.000522 22222222
64 4 8 98 0.000759 22222222
64 4 8 99 0.000581 00000000
64 4 16 0 0.000547 0000
64 4 16 1 0.000983 2222
64 4 16 2 0.000812 2222
64 4 16 3 0.000472 2222
64 4 16 4 0.000760 2222
64 4 16 5 0.000931 2222
64 4 16 6 0.000585 2222
64 4 16 7 0.000564 2222
64 4 16 8 0.000621 2222
64 4 16 9 0.000708 2222
64 4 16 10 0.000627 2222
64 4 16 11 0.000609 2222
64 4 16 12 0.000744 2222
64 4 16 13 0.000688 2222
64 4 16 14 0.000593 2222
64 4 16 15 0.000592 2222
64 4 16 16 0.000680 0000
64 4 16 17 0.000708 2222
64 4 16 18 0.000697 0000
64 4 16 19 0.000902 0000
64 4 16 20 0.000717 2222
64 4 16 21 0.000739 2222
64 4 16 22 0.000741 2222
64 4 16 23 0.000598 2222
64 4 16 24 0.000687 2222
64 4 16 25 0.000741 2222
64 4 16 26 0.000797 2222
64 4 16 27 0.000798 2222
64 4 16 28 0.000619 2222
64 4 16 29 0.000744 2222
64 4 16 30 0.000690 2222
64 4 16 31 0.000958 2222
64 4 16 32 0.000553 2222
64 4 16 33 0.000519 2222
64 4 16 34 0.000666 2222
64 4 16 35 0.000550 2222
64 4 16 36 0.000761 2222
64 4 16 37 0.000735 2222
64 4 16 38 0.000749 2222
64 4 16 39 0.000940 2222
64 4 16 40 0.000649 0000
64 4 16 41 0.000760 2222
64 4 16 42 0.000655 2222
64 4 16 43 0.000789 2222
64 4 16 44 0.000804 2222
64 4 16 45 0.000648 2222
64 4 16 46 0.000639 2222
64 4 16 47 0.000652 2222
64 4 16 48 0.000674 2222
64 4 16 49 0.000724 2222
64 4 16 50 0.000722 2222
64 4 16 51 0.000566 2222
64 4 16 52 0.000831 2222
64 4 16 53 0.000713 2222
64 4 16 54 0.000752 2222
64 4 16 55 0.000889 0000
64 4 16 56 0.000615 2222
64 4 16 57 0.000697 2222
64 4 16 58 0.000644 2222
64 4 16 59 0.000766 2222
64 4 16 60 0.000641 2222
64 4 16 61 0.000864 2222
64 4 16 62 0.000760 2222
64 4 16 63 0.000789 0000
64 4 16 64 0.000630 2222
64 4 16 65 0.000506 0000
64 4 16 66 0.000660 2222
64 4 16 67 0.000862 2222
64 4 16 68 0.000922 2222
64 4 16 69 0.000703 2222
64 4 16 70 0.000479 0000
64 4 16 71 0.000830 2222
64 4 16 72 0.000763 2222
64 4 16 73 0.000539 2222
64 4 16 74 0.000747 2222
64 4 16 75 0.000601 2222
64 4 16 76 0.000872 2222
64 4 16 77 0.000832 2222
64 4 16 78 0.000856 0000
64 4 16 79 0.000532 0000
64 4 16 80 0.000551 2222
64 4 16 81 0.000848 2222
64 4 16 82 0.000839 0000
64 4 16 83 0.000615 2222
64 4 16 84 0.000659 2222
64 4 16 85 0.000690 2222
64 4 16 86 0.000781 0000
64 4 16 87 0.000718 0000
64 4 16 88 0.000428 2222
64 4 16 89 0.000557 2222
64 4 16 90 0.000724 2222
64 4 16 91 0.000636 0000
64 4 16 92 0.000884 2222
64 4 16 93 0.000769 0000
64 4 16 94 0.000738 2222
64 4 16 95 0.000624 2222
64 4 16 96 0.000822 2222
64 4 16 97 0.000507 2222
64 4 16 98 0.000770 2222
64 4 16 99 0.000578 0000
64 4 32 0 0.000551 00
64 4 32 1 0.000964 22
64 4 32 2 0.000837 22
64 4 32 3 0.000463 22
64 4 32 4 0.000793 22
64 4 32 5 0.000894 22
64 4 32 6 0.000583 22
64 4 32 7 0.000608 22
64 4 32 8 0.000627 22
64 4 32 9 0.000697 22
64 4 32 10 0.000630 22
64 4 32 11 0.000616 22
64 4 32 12 0.000761 22
64 4 32 13 0.000714 22
64 4 32 14 0.000594 22
64 4 32 15 0.000591 22
64 4 32 16 0.000684 00
64 4 32 17 0.000690 22
64 4 32 18 0.000717 00
64 4 32 19 0.000928 00
64 4 32 20 0.000746 22
64 4 32 21 0.000764 22
64 4 32 22 0.000759 22
64 4 32 23 0.000596 22
64 4 32 24 0.000665 22
64 4 32 25 0.000743 22
64 4 32 26 0.000792 22
64 4 32 27 0.000817 22
64 4 32 28 0.000644 22
64 4 32 29 0.000725 22
64 4 32 30 0.000718 22
64 4 32 31 0.000943 22
64 4 32 32 0.000574 22
64 4 32 33 0.000525 22
64 4 32 34 0.000688 22
64 4 32 35 0.000562 22
64 4 32 36 0.000783 22
64 4 32 37 0.000761 22
64 4 32 38 0.000756 22
64 4 32 39 0.000913 22
64 4 32 40 0.000682 00
64 4 32 41 0.000799 22
64 4 32 42 0.000678 22
64 4 32 43 0.000812 22
64 4 32 44 0.000817 22
64 4 32 45 0.000644 22
64 4 32 46 0.000642 22
64 4 32 47 0.000638 22
64 4 32 48 0.000695 22
64 4 32 49 0.000714 22
64 4 32 50 0.000718 22
64 4 32 51 0.000565 22
64 4 32 52 0.000857 22
64 4 32 53 0.000725 22
64 4 32 54 0.000770 22
64 4 32 55 0.000930 00
64 4 32 56 0.000634 22
64 4 32 57 0.000685 22
64 4 32 58 0.000654 22
64 4 32 59 0.000773 22
64 4 32 60 0.000654 22
64 4 32 61 0.000877 22
64 4 32 62 0.000774 22
64 4 32 63 0.000817 00
64 4 32 64 0.000625 22
64 4 32 65 0.000508 00
64 4 32 66 0.000660 22
64 4 32 67 0.000890 22
64 4 32 68 0.000960 22
64 4 32 69 0.000708 22
64 4 32 70 0.000481 00
64 4 32 71 0.000870 22
64 4 32 72 0.000776 22
64 4 32 73 0.000554 22
64 4 32 74 0.000755 22
64 4 32 75 0.000620 22
64 4 32 76 0.000870 22
64 4 32 77 0.000867 22
64 4 32 78 0.000881 00
64 4 32 79 0.000545 00
64 4 32 80 0.000565 22
64 4 32 81 0.000865 22
64 4 32 82 0.000858 00
64 4 32 83 0.000622 22
64 4 32 84 0.000656 22
64 4 32 85 0.000702 22
64 4 32 86 0.000812 00
64 4 32 87 0.000681 00
64 4 32 88 0.000437 22
64 4 32 89 0.000564 22
64 4 32 90 0.000739 22
64 4 32 91 0.000644 00
64 4 32 92 0.000909 22
64 4 32 93 0.000763 00
64 4 32 94 0.000753 22
64 4 32 95 0.000637 22
64 4 32 96 0.000821 22
64 4 32 97 0.000523 22
64 4 32 98 0.000768 22
64 4 32 99 0.000583 00
64 8 16 0 0.001643 0000
64 8 16 1 0.002874 2222
64 8 16 2 0.002424 2222
64 8 16 3 0.001209 2222
64 8 16 4 0.002269 2222
64 8 16 5 0.002599 2222
64 8 16 6 0.001716 2222
64 8 16 7 0.001593 2222
64 8 16 8 0.001609 2222
64 8 16 9 0.002135 2222
64 8 16 10 0.001915 2222
64 8 16 11 0.001796 2222
64 8 16 12 0.002324 2222
64 8 16 13 0.001799 2222
64 8 16 14 0.001831 2222
64 8 16 15 0.001971 2222
64 8 16 16 0.002025 0000
64 8 16 17 0.002004 2222
64 8 16 18 0.002099 0000
64 8 16 19 0.002895 0000
64 8 16 20 0.002141 2222
64 8 16 21 0.002227 2222
64 8 16 22 0.002109 2222
64 8 16 23 0.001704 2222
64 8 16 24 0.001969 2222
64 8 16 25 0.002308 2222
64 8 16 26 0.002430 2222
64 8 16 27 0.002330 2222
64 8 16 28 0.001598 2222
64 8 16 29 0.002167 2222
64 8 16 30 0.002053 2222
64 8 16 31 0.002938 2222
64 8 16 32 0.001573 2222
64 8 16 33 0.001424 2222
64 8 16 34 0.001836 2222
64 8 16 35 0.001457 2222
64 8 16 36 0.002264 2222
64 8 16 37 0.002225 2222
64 8 16 38 0.002382 2222
64 8 16 39 0.002936 2222
64 8 16 40 0.001932 0000
64 8 16 41 0.002540 2222
64 8 16 42 0.001904 2222
64 8 16 43 0.002227 2222
64 8 16 44 0.002640 2222
64 8 16 45 0.001865 2222
64 8 16 46 0.001893 2222
64 8 16 47 0.001834 2222
64 8 16 48 0.002069 2222
64 8 16 49 0.002004 2222
64 8 16 50 0.002160 2222
64 8 16 51 0.001595 2222
64 8 16 52 0.002259 2222
64 8 16 53 0.002077 2222
64 8 16 54 0.002507 2222
64 8 16 55 0.002739 0000
64 8 16 56 0.001942 2222
64 8 16 57 0.002239 2222
64 8 16 58 0.001751 2222
64 8 16 59 0.002411 2222
64 8 16 60 0.001883 2222
64 8 16 61 0.002674 2222
64 8 16 62 0.002271 2222
64 8 16 63 0.002347 0000
64 8 16 64 0.001810 2222
64 8 16 65 0.001395 0000
64 8 16 66 0.001841 2222
64 8 16 67 0.002838 2222
64 8 16 68 0.002492 2222
64 8 16 69 0.001917 2222
64 8 16 70 0.001357 0000
64 8 16 71 0.002527 2222
64 8 16 72 0.002206 2222
64 8 16 73 0.001617 2222
64 8 16 74 0.002136 2222
64 8 16 75 0.001786 2222
64 8 16 76 0.002959 2222
64 8 16 77 0.002596 2222
64 8 16 78 0.002493 0000
64 8 16 79 0.001373 0000
64 8 16 80 0.001605 2222
64 8 16 81 0.002572 2222
64 8 16 82 0.002474 0000
64 8 16 83 0.001844 2222
64 8 16 84 0.001822 2222
64 8 16 85 0.002193 2222
64 8 16 86 0.002346 0000
64 8 16 87 0.002169 0000
64 8 16 88 0.001202 2222
64 8 16 89 0.001641 2222
64 8 16 90 0.002006 2222
64 8 16 91 0.001879 0000
64 8 16 92 0.003097 2222
64 8 16 93 0.002090 0000
64 8 16 94 0.002229 2222
64 8 16 95 0.001898 2222
64 8 16 96 0.002613 2222
64 8 16 97 0.001449 2222
64 8 16 98 0.002595 2222
64 8 16 99 0.001756 0000
64 8 32 0 0.001711 00
64 8 32 1 0.002948 22
64 8 32 2 0.002590 22
64 8 32 3 0.001150 22
64 8 32 4 0.002360 22
64 8 32 5 0.002684 22
64 8 32 6 0.001743 22
64 8 32 7 0.001548 22
64 8 32 8 0.001589 22
64 8 32 9 0.002187 22
64 8 32 10 0.002053 22
64 8 32 11 0.001923 22
64 8 32 12 0.002268 22
64 8 32 13 0.001737 22
64 8 32 14 0.001983 22
64 8 32 15 0.001754 22
64 8 32 16 0.002118 00
64 8 32 17 0.001891 22
64 8 32 18 0.002182 00
64 8 32 19 0.002866 00
64 8 32 20 0.002205 22
64 8 32 21 0.002376 22
64 8 32 22 0.002124 22
64 8 32 23 0.001616 22
64 8 32 24 0.001943 22
64 8 32 25 0.002276 22
64 8 32 26 0.002506 22
64 8 32 27 0.002405 22
64 8 32 28 0.001571 22
64 8 32 29 0.002329 22
64 8 32 30 0.002122 22
64 8 32 31 0.003143 22
64 8 32 32 0.001597 22
64 8 32 33 0.001398 22
64 8 32 34 0.001950 22
64 8 32 35 0.001367 22
64 8 32 36 0.002298 22
64 8 32 37 0.002474 22
64 8 32 38 0.002384 22
64 8 32 39 0.003228 22
64 8 32 40 0.001969 00
64 8 32 41 0.002580 22
64 8 32 42 0.001934 22
64 8 32 43 0.002259 22
64 8 32 44 0.002563 22
64 8 32 45 0.001868 22
64 8 32 46 0.001878 22
64 8 32 47 0.001866 22
64 8 32 48 0.002115 22
64 8 32 49 0.002011 22
64 8 32 50 0.002194 22
64 8 32 51 0.001671 22
64 8 32 52 0.002181 22
64 8 32 53 0.002768 22
64 8 32 54 0.002466 22
64 8 32 55 0.002724 00
64 8 32 56 0.001911 22
64 8 32 57 0.002271 22
64 8 32 58 0.001802 22
64 8 32 59 0.002417 22
64 8 32 60 0.001933 22
64 8 32 61 0.002657 22
64 8 32 62 0.002278 22
64 8 32 63 0.002232 00
64 8 32 64 0.001919 22
64 8 32 65 0.001329 00
64 8 32 66 0.001849 22
64 8 32 67 0.002946 22
64 8 32 68 0.002534 22
64 8 32 69 0.001935 22
64 8 32 70 0.001312 00
64 8 32 71 0.002646 22
64 8 32 72 0.002259 22
64 8 32 73 0.001668 22
64 8 32 74 0.002111 22
64 8 32 75 0.001816 22
64 8 32 76 0.003258 22
64 8 32 77 0.002714 22
64 8 32 78 0.002741 00
64 8 32 79 0.001454 00
64 8 32 80 0.001646 22
64 8 32 81 0.002727 22
64 8 32 82 0.002375 00
64 8 32 83 0.001854 22
64 8 32 84 0.001859 22
64 8 32 85 0.002123 22
64 8 32 86 0.002376 00
64 8 32 87 0.002079 00
64 8 32 88 0.001229 22
64 8 32 89 0.001616 22
64 8 32 90 0.002123 22
64 8 32 91 0.001952 00
64 8 32 92 0.003023 22
64 8 32 93 0.002114 00
64 8 32 94 0.002266 22
64 8 32 95 0.001890 22
64 8 32 96 0.002668 22
64 8 32 97 0.001465 22
64 8 32 98 0.002813 22
64 8 32 99 0.001822 00
128 2 4 0 0.000551 22222222222222222200000000000000
128 2 4 1 0.000495 12222222220000000000000000000000
128 2 4 2 0.000576 22222222222222222222222222222222
128 2 4 3 0.000548 22222222222222222222222222222222
128 2 4 4 0.000588 00000000000000000000000000000000
128 2 4 5 0.000552 22222222222222222222222222200000
128 2 4 6 0.000633 11222222222222222222222222222222
128 2 4 7 0.000590 22222222222222222222222222222222
128 2 4 8 0.000627 00000000000000000000000000000000
128 2 4 9 0.000493 20000000000000000000000000000000
128 2 4 10 0.000651 22222222222222222222222222222222
128 2 4 11 0.000574 22220000000000000000000000000000
128 2 4 12 0.000562 12222222222222222222222222222222
128 2 4 13 0.000530 12222222222222222222222222222222
128 2 4 14 0.000636 22222222000000000000000000000000
128 2 4 15 0.000486 22222222222222222222222222222222
128 2 4 16 0.000592 22222222222222222000000000000000
128 2 4 17 0.000610 00000000000000000000000000000000
128 2 4 18 0.000612 22222222222222222222222222222222
128 2 4 19 0.000573 22222222222222220000000000000000
128 2 4 20 0.000593 22222222222222222222222000000000
128 2 4 21 0.000570 22222222222222222222220000000000
128 2 4 22 0.000632 22222222222222222222222222222222
128 2 4 23 0.000626 22222222222222222222222222222222
128 2 4 24 0.000541 22222222220000000000000000000000
128 2 4 25 0.000532 22222222222222222222222222222222
128 2 4 26 0.000621 22222222222222222222222222222222
128 2 4 27 0.000524 22222222222222222222222222222222
128 2 4 28 0.000631 22222222222222222222222000000000
128 2 4 29 0.000575 22200000000000000000000000000000
128 2 4 30 0.000519 00000000000000000000000000000000
128 2 4 31 0.000584 22222222222222222222222222222222
128 2 4 32 0.000554 22222222222222000000000000000000
128 2 4 33 0.000559 22222222222222222222222222220000
128 2 4 34 0.000576 22222222222222222222222222222222
128 2 4 35 0.000644 22222222222222222222222222222220
128 2 4 36 0.000567 22222222222222222222222222222222
128 2 4 37 0.000567 00000000000000000000000000000000
128 2 4 38 0.000606 00000000000000000000000000000000
128 2 4 39 0.000540 22222222000000000000000000000000
128 2 4 40 0.000545 00000000000000000000000000000000
128 2 4 41 0.000622 22222222222222222222222222222222
128 2 4 42 0.000616 22222222222222222222222222222222
128 2 4 43 0.000574 22222222222222222222222222222220
128 2 4 44 0.000481 22222000000000000000000000000000
128 2 4 45 0.000515 00000000000000000000000000000000
128 2 4 46 0.000579 22222222222222222222222222222222
128 2 4 47 0.000532 00000000000000000000000000000000
128 2 4 48 0.000579 00000000000000000000000000000000
128 2 4 49 0.000624 22222222222222222222222222222222
128 2 4 50 0.000618 22200000000000000000000000000000
128 2 4 51 0.000609 00000000000000000000000000000000
128 2 4 52 0.000596 00000000000000000000000000000000
128 2 4 53 0.000594 00000000000000000000000000000000
128 2 4 54 0.000601 22222222200000000000000000000000
128 2 4 55 0.000547 22222222222222222222200000000000
128 2 4 56 0.000600 22222222222222222222222222222222
128 2 4 57 0.000585 22000000000000000000000000000000
128 2 4 58 0.000622 22222222222222222222222222222222
128 2 4 59 0.000545 22222222222222222222222222220000
128 2 4 60 0.000571 22222222222222222222222222222222
128 2 4 61 0.000466 22222222222222222220000000000000
128 2 4 62 0.000604 00000000000000000000000000000000
128 2 4 63 0.000572 22222222222222222222222222222222
128 2 4 64 0.000569 22222222222222222222000000000000
128 2 4 65 0.000486 00000000000000000000000000000000
128 2 4 66 0.000566 00000000000000000000000000000000
128 2 4 67 0.000486 00000000000000000000000000000000
128 2 4 68 0.000597 12222222222222222222222222220000
128 2 4 69 0.000560 22222222222222222222222222222222
128 2 4 70 0.000577 12222222222222222222222222222222
128 2 4 71 0.000676 12222222222222222222222222222222
128 2 4 72 0.000604 22222222222222222222222222222222
128 2 4 73 0.000559 00000000000000000000000000000000
128 2 4 74 0.000561 22222222222222222222222222222222
128 2 4 75 0.000479 22222222222222000000000000000000
128 2 4 76 0.000573 20000000000000000000000000000000
128 2 4 77 0.000585 22222222222222222222222222222222
128 2 4 78 0.000516 22222200000000000000000000000000
128 2 4 79 0.000569 22222222222222222222222222222222
128 2 4 80 0.000535 00000000000000000000000000000000
128 2 4 81 0.000610 22222222222222222222222222222222
128 2 4 82 0.000664 22222222222222222222222222222222
128 2 4 83 0.000603 22222222222222222222222222222222
128 2 4 84 0.000576 22200000000000000000000000000000
128 2 4 85 0.000591 22222222222222222200000000000000
128 2 4 86 0.000501 20000000000000000000000000000000
128 2 4 87 0.000466 22222222222222222220000000000000
128 2 4 88 0.000616 22222222222222222222222222222222
128 2 4 89 0.000592 22222222222222222222222222222222
128 2 4 90 0.000561 00000000000000000000000000000000
128 2 4 91 0.000559 00000000000000000000000000000000
128 2 4 92 0.000564 22222222222220000000000000000000
128 2 4 93 0.000548 22222222222222222222222222222222
128 2 4 94 0.000479 11122222222200000000000000000000
128 2 4 95 0.000539 22222222222222220000000000000000
128 2 4 96 0.000587 12222222222222222222222222222222
128 2 4 97 0.000444 00000000000000000000000000000000
128 2 4 98 0.000634 12222222222222222222222222222222
128 2 4 99 0.000560 00000000000000000000000000000000
128 2 8 0 0.000571 2222222220000000
128 2 8 1 0.000496 2222200000000000
128 2 8 2 0.000585 2222222222222222
128 2 8 3 0.000548 2222222222222222
128 2 8 4 0.000586 0000000000000000
128 2 8 5 0.000548 2222222222222000
128 2 8 6 0.000622 1222222222222222
128 2 8 7 0.000569 2222222222222222
128 2 8 8 0.000627 0000000000000000
128 2 8 9 0.000500 0000000000000000
128 2 8 10 0.000639 2222222222222222
128 2 8 11 0.000574 2200000000000000
128 2 8 12 0.000563 2222222222222222
128 2 8 13 0.000532 2222222222222222
128 2 8 14 0.000634 2222000000000000
128 2 8 15 0.000476 2222222222222222
128 2 8 16 0.000582 2222222200000000
128 2 8 17 0.000606 0000000000000000
128 2 8 18 0.000607 2222222222222222
128 2 8 19 0.000575 2222222200000000
128 2 8 20 0.000571 2222222222200000
128 2 8 21 0.000571 2222222222200000
128 2 8 22 0.000620 2222222222222222
128 2 8 23 0.000616 2222222222222222
128 2 8 24 0.000551 2222200000000000
128 2 8 25 0.000522 2222222222222222
128 2 8 26 0.000620 2222222222222222
128 2 8 27 0.000522 2222222222222222
128 2 8 28 0.000623 2222222222200000
128 2 8 29 0.000576 2000000000000000
128 2 8 30 0.000516 0000000000000000
128 2 8 31 0.000590 2222222222222222
128 2 8 32 0.000542 2222222000000000
128 2 8 33 0.000543 2222222222222200
128 2 8 34 0.000564 2222222222222222
128 2 8 35 0.000643 2222222222222220
128 2 8 36 0.000565 2222222222222222
128 2 8 37 0.000573 0000000000000000
128 2 8 38 0.000600 0000000000000000
128 2 8 39 0.000534 2222000000000000
128 2 8 40 0.000539 0000000000000000
128 2 8 41 0.000615 2222222222222222
128 2 8 42 0.000602 2222222222222222
128 2 8 43 0.000557 2222222222222220
128 2 8 44 0.000495 2200000000000000
128 2 8 45 0.000519 0000000000000000
128 2 8 46 0.000569 2222222222222222
128 2 8 47 0.000525 0000000000000000
128 2 8 48 0.000581 0000000000000000
128 2 8 49 0.000619 2222222222222222
128 2 8 50 0.000619 2000000000000000
128 2 8 51 0.000601 0000000000000000
128 2 8 52 0.000597 0000000000000000
128 2 8 53 0.000580 0000000000000000
128 2 8 54 0.000608 2222000000000000
128 2 8 55 0.000550 2222222222000000
128 2 8 56 0.000602 2222222222222222
128 2 8 57 0.000578 2000000000000000
128 2 8 58 0.000628 2222222222222200
128 2 8 59 0.000548 2222222222222200
128 2 8 60 0.000558 2222222222222222
128 2 8 61 0.000474 2222222220000000
128 2 8 62 0.000613 0000000000000000
128 2 8 63 0.000583 2222222222222222
128 2 8 64 0.000567 2222222222000000
128 2 8 65 0.000489 0000000000000000
128 2 8 66 0.000567 0000000000000000
128 2 8 67 0.000489 0000000000000000
128 2 8 68 0.000598 2222222222222200
128 2 8 69 0.000545 2222222222222222
128 2 8 70 0.000571 2222222222222222
128 2 8 71 0.000681 2222222222222222
128 2 8 72 0.000591 2222222222222222
128 2 8 73 0.000557 0000000000000000
128 2 8 74 0.000557 2222222222222222
128 2 8 75 0.000473 2222222000000000
128 2 8 76 0.000566 0000000000000000
128 2 8 77 0.000585 2222222222222222
128 2 8 78 0.000505 2220000000000000
128 2 8 79 0.000559 2222222222222222
128 2 8 80 0.000570 0000000000000000
128 2 8 81 0.000588 2222222222222222
128 2 8 82 0.000665 2222222222222222
128 2 8 83 0.000600 2222222222222222
128 2 8 84 0.000571 2000000000000000
128 2 8 85 0.000599 2222222220000000
128 2 8 86 0.000484 0000000000000000
128 2 8 87 0.000472 2222222220000000
128 2 8 88 0.000607 2222222222222222
128 2 8 89 0.000589 2222222222222222
128 2 8 90 0.000544 0000000000000000
128 2 8 91 0.000548 0000000000000000
128 2 8 92 0.000558 2222220000000000
128 2 8 93 0.000536 2222222222222222
128 2 8 94 0.000483 1222220000000000
128 2 8 95 0.000543 2222222200000000
128 2 8 96 0.000604 2222222222222222
128 2 8 97 0.000440 0000000000000000
128 2 8 98 0.000627 2222222222222222
128 2 8 99 0.000562 0000000000000000
128 2 16 0 0.000541 22220000
128 2 16 1 0.000479 22000000
128 2 16 2 0.000572 22222222
128 2 16 3 0.000545 22222222
128 2 16 4 0.000572 00000000
128 2 16 5 0.000530 22222200
128 2 16 6 0.000613 22222222
128 2 16 7 0.000554 22222222
128 2 16 8 0.000608 00000000
128 2 16 9 0.000478 00000000
128 2 16 10 0.000619 22222222
128 2 16 11 0.000560 20000000
128 2 16 12 0.000543 22222222
128 2 16 13 0.000521 22222222
128 2 16 14 0.000607 22000000
128 2 16 15 0.000464 22222222
128 2 16 16 0.000575 22220000
128 2 16 17 0.000592 00000000
128 2 16 18 0.000599 22222222
128 2 16 19 0.000543 22220000
128 2 16 20 0.000582 22222000
128 2 16 21 0.000548 22222000
128 2 16 22 0.000613 22222222
128 2 16 23 0.000594 22222222
128 2 16 24 0.000532 22000000
128 2 16 25 0.000512 22222222
128 2 16 26 0.000584 22222222
128 2 16 27 0.000508 22222222
128 2 16 28 0.000595 22222000
128 2 16 29 0.000566 00000000
128 2 16 30 0.000500 00000000
128 2 16 31 0.000571 22222222
128 2 16 32 0.000539 22200000
128 2 16 33 0.000521 22222220
128 2 16 34 0.000569 22222222
128 2 16 35 0.000624 22222220
128 2 16 36 0.000552 22222222
128 2 16 37 0.000554 00000000
128 2 16 38 0.000578 00000000
128 2 16 39 0.000560 22000000
128 2 16 40 0.000523 00000000
128 2 16 41 0.000615 22222222
128 2 16 42 0.000588 22222222
128 2 16 43 0.000545 22222220
128 2 16 44 0.000468 20000000
128 2 16 45 0.000495 00000000
128 2 16 46 0.000560 22222222
128 2 16 47 0.000510 00000000
128 2 16 48 0.000573 00000000
128 2 16 49 0.000597 22222222
128 2 16 50 0.000600 00000000
128 2 16 51 0.000591 00000000
128 2 16 52 0.000587 00000000
128 2 16 53 0.000582 00000000
128 2 16 54 0.000587 22000000
128 2 16 55 0.000534 22222000
128 2 16 56 0.000587 22222222
128 2 16 57 0.000567 00000000
128 2 16 58 0.000603 22222220
128 2 16 59 0.000535 22222220
128 2 16 60 0.000542 22222222
128 2 16 61 0.000451 22220000
128 2 16 62 0.000607 00000000
128 2 16 63 0.000550 22222222
128 2 16 64 0.000578 22222000
128 2 16 65 0.000478 00000000
128 2 16 66 0.000549 00000000
128 2 16 67 0.000478 00000000
128 2 16 68 0.000590 22222220
128 2 16 69 0.000542 22222222
128 2 16 70 0.000544 22222222
128 2 16 71 0.000669 22222222
128 2 16 72 0.000573 22222222
128 2 16 73 0.000539 00000000
128 2 16 74 0.000544 22222222
128 2 16 75 0.000454 22200000
128 2 16 76 0.000553 00000000
128 2 16 77 0.000552 22222222
128 2 16 78 0.000497 20000000
128 2 16 79 0.000560 22222222
128 2 16 80 0.000524 00000000
128 2 16 81 0.000573 22222222
128 2 16 82 0.000633 22222222
128 2 16 83 0.000593 22222222
128 2 16 84 0.000575 00000000
128 2 16 85 0.000600 22220000
128 2 16 86 0.000482 00000000
128 2 16 87 0.000455 22220000
128 2 16 88 0.000612 22222222
128 2 16 89 0.000572 22222222
128 2 16 90 0.000553 00000000
128 2 16 91 0.000521 00000000
128 2 16 92 0.000549 22200000
128 2 16 93 0.000523 22222222
128 2 16 94 0.000450 22200000
128 2 16 95 0.000525 22220000
128 2 16 96 0.000587 22222222
128 2 16 97 0.000424 00000000
128 2 16 98 0.000636 22222222
128 2 16 99 0.000549 00000000
128 2 32 0 0.000553 2200
128 2 32 1 0.000484 2000
128 2 32 2 0.000577 2222
128 2 32 3 0.000546 2222
128 2 32 4 0.000585 0000
128 2 32 5 0.000543 2220
128 2 32 6 0.000632 2222
128 2 32 7 0.000574 2222
128 2 32 8 0.000620 0000
128 2 32 9 0.000488 0000
128 2 32 10 0.000642 2222
128 2 32 11 0.000568 0000
128 2 32 12 0.000558 2222
128 2 32 13 0.000521 2222
128 2 32 14 0.000642 2000
128 2 32 15 0.000460 2222
128 2 32 16 0.000591 2200
128 2 32 17 0.000606 0000
128 2 32 18 0.000609 2222
128 2 32 19 0.000561 2200
128 2 32 20 0.000583 2200
128 2 32 21 0.000562 2200
128 2 32 22 0.000623 2222
128 2 32 23 0.000603 2222
128 2 32 24 0.000533 2000
128 2 32 25 0.000513 2222
128 2 32 26 0.000608 2222
128 2 32 27 0.000510 2222
128 2 32 28 0.000621 2200
128 2 32 29 0.000581 0000
128 2 32 30 0.000507 0000
128 2 32 31 0.000591 2222
128 2 32 32 0.000544 2000
128 2 32 33 0.000537 2220
128 2 32 34 0.000574 2222
128 2 32 35 0.000623 2220
128 2 32 36 0.000568 2222
128 2 32 37 0.000566 0000
128 2 32 38 0.000600 0000
128 2 32 39 0.000524 2000
128 2 32 40 0.000539 0000
128 2 32 41 0.000625 2222
128 2 32 42 0.000611 2222
128 2 32 43 0.000563 2220
128 2 32 44 0.000471 0000
128 2 32 45 0.000505 0000
128 2 32 46 0.000567 2222
128 2 32 47 0.000520 0000
128 2 32 48 0.000574 0000
128 2 32 49 0.000612 2222
128 2 32 50 0.000606 0000
128 2 32 51 0.000594 0000
128 2 32 52 0.000599 0000
128 2 32 53 0.000599 0000
128 2 32 54 0.000622 2000
128 2 32 55 0.000539 2200
128 2 32 56 0.000597 2222
128 2 32 57 0.000568 0000
128 2 32 58 0.000620 2220
128 2 32 59 0.000545 2220
128 2 32 60 0.000548 2222
128 2 32 61 0.000476 2200
128 2 32 62 0.000618 0000
128 2 32 63 0.000559 2222
128 2 32 64 0.000572 2200
128 2 32 65 0.000478 0000
128 2 32 66 0.000559 0000
128 2 32 67 0.000483 0000
128 2 32 68 0.000609 2220
128 2 32 69 0.000558 2222
128 2 32 70 0.000568 2222
128 2 32 71 0.000673 2222
128 2 32 72 0.000585 2222
128 2 32 73 0.000562 0000
128 2 32 74 0.000564 2222
128 2 32 75 0.000468 2000
128 2 32 76 0.000566 0000
128 2 32 77 0.000564 2222
128 2 32 78 0.000504 0000
128 2 32 79 0.000540 2222
128 2 32 80 0.000537 0000
128 2 32 81 0.000588 2222
128 2 32 82 0.000660 2222
128 2 32 83 0.000607 2222
128 2 32 84 0.000577 0000
128 2 32 85 0.000592 2200
128 2 32 86 0.000487 0000
128 2 32 87 0.000459 2200
128 2 32 88 0.000609 2222
128 2 32 89 0.000576 2222
128 2 32 90 0.000534 0000
128 2 32 91 0.000533 0000
128 2 32 92 0.000561 2000
128 2 32 93 0.000532 2222
128 2 32 94 0.000463 2000
128 2 32 95 0.000554 2200
128 2 32 96 0.000594 2222
128 2 32 97 0.000424 0000
128 2 32 98 0.000622 2222
128 2 32 99 0.000579 0000
128 4 8 0 0.001432 2222222222222222
128 4 8 1 0.001214 2222222222222222
128 4 8 2 0.001613 2222222222222222
128 4 8 3 0.001484 2222222222222222
128 4 8 4 0.001583 0000000000000000
128 4 8 5 0.001404 2222222222222222
128 4 8 6 0.001723 1222222222222222
128 4 8 7 0.001589 2222222222222222
128 4 8 8 0.001665 0000000000000000
128 4 8 9 0.001320 2222222222222222
128 4 8 10 0.001721 2222222222222222
128 4 8 11 0.001601 2222222222222222
128 4 8 12 0.001449 2222222222222222
128 4 8 13 0.001408 2222222222222222
128 4 8 14 0.001733 2222222222222222
128 4 8 15 0.001131 2222222222222222
128 4 8 16 0.001556 2222222222222222
128 4 8 17 0.001623 0000000000000000
128 4 8 18 0.001683 2222222222222222
128 4 8 19 0.001521 2222222222222222
128 4 8 20 0.001642 2222222222222222
128 4 8 21 0.001499 2222222222222222
128 4 8 22 0.001651 2222222222222222
128 4 8 23 0.001544 2222222222222222
128 4 8 24 0.001453 2222222222222222
128 4 8 25 0.001338 2222222222222222
128 4 8 26 0.001609 2222222222222222
128 4 8 27 0.001359 2222222222222222
128 4 8 28 0.001672 2222222222222222
128 4 8 29 0.001540 2222222222222222
128 4 8 30 0.001327 0000000000000000
128 4 8 31 0.001597 2222222222222222
128 4 8 32 0.001462 2222222222222222
128 4 8 33 0.001416 2222222222222222
128 4 8 34 0.001483 2222222222222222
128 4 8 35 0.001772 2222222222222222
128 4 8 36 0.001548 2222222222222222
128 4 8 37 0.001536 0000000000000000
128 4 8 38 0.001618 0000000000000000
128 4 8 39 0.001433 2222222222222222
128 4 8 40 0.001438 0000000000000000
128 4 8 41 0.001725 2222222222222222
128 4 8 42 0.001627 2222222222222222
128 4 8 43 0.001455 2222222222222222
128 4 8 44 0.001267 2222222222222222
128 4 8 45 0.001323 0000000000000000
128 4 8 46 0.001516 2222222222222222
128 4 8 47 0.001321 0000000000000000
128 4 8 48 0.001520 0000000000000000
128 4 8 49 0.001680 2222222222222222
128 4 8 50 0.001695 2222222222222222
128 4 8 51 0.001556 0000000000000000
128 4 8 52 0.001615 0000000000000000
128 4 8 53 0.001509 0000000000000000
128 4 8 54 0.001622 2222222222222222
128 4 8 55 0.001396 2222222222222222
128 4 8 56 0.001564 2222222222222222
128 4 8 57 0.001506 2222222222222222
128 4 8 58 0.001716 2222222222222222
128 4 8 59 0.001379 2222222222222222
128 4 8 60 0.001469 2222222222222222
128 4 8 61 0.001132 2222222222222222
128 4 8 62 0.001678 0000000000000000
128 4 8 63 0.001441 2222222222222222
128 4 8 64 0.001472 2222222222222222
128 4 8 65 0.001290 0000000000000000
128 4 8 66 0.001484 0000000000000000
128 4 8 67 0.001238 0000000000000000
128 4 8 68 0.001709 2222222222222222
128 4 8 69 0.001484 2222222222222222
128 4 8 70 0.001501 2222222222222222
128 4 8 71 0.001863 2222222222222222
128 4 8 72 0.001651 2222222222222222
128 4 8 73 0.001488 0000000000000000
128 4 8 74 0.001462 2222222222222222
128 4 8 75 0.001281 2222222222222222
128 4 8 76 0.001563 2222222222222222
128 4 8 77 0.001529 2222222222222222
128 4 8 78 0.001202 2222222222222222
128 4 8 79 0.001450 2222222222222222
128 4 8 80 0.001442 0000000000000000
128 4 8 81 0.001597 2222222222222222
128 4 8 82 0.001824 2222222222222222
128 4 8 83 0.001886 2222222222222222
128 4 8 84 0.001503 2222222222222222
128 4 8 85 0.001611 2222222222222222
128 4 8 86 0.001283 2222222222222222
128 4 8 87 0.001159 2222222222222222
128 4 8 88 0.001652 2222222222222222
128 4 8 89 0.001626 2222222222222222
128 4 8 90 0.001478 0000000000000000
128 4 8 91 0.001409 0000000000000000
128 4 8 92 0.001381 2222222222222222
128 4 8 93 0.001459 2222222222222222
128 4 8 94 0.001217 1222222222222222
128 4 8 95 0.001427 2222222222222222
128 4 8 96 0.001583 2222222222222222
128 4 8 97 0.001124 0000000000000000
128 4 8 98 0.001785 2222222222222222
128 4 8 99 0.001514 0000000000000000
128 4 16 0 0.001384 22222222
128 4 16 1 0.001166 22222222
128 4 16 2 0.001552 22222222
128 4 16 3 0.001410 22222222
128 4 16 4 0.001527 00000000
128 4 16 5 0.001383 22222222
128 4 16 6 0.001731 22222222
128 4 16 7 0.001525 22222222
128 4 16 8 0.001630 00000000
128 4 16 9 0.001298 22222222
128 4 16 10 0.001734 22222222
128 4 16 11 0.001560 22222222
128 4 16 12 0.001415 22222222
128 4 16 13 0.001469 22222222
128 4 16 14 0.001742 22222222
128 4 16 15 0.001104 22222222
128 4 16 16 0.001561 22222222
128 4 16 17 0.001621 00000000
128 4 16 18 0.001538 22222222
128 4 16 19 0.001556 22222222
128 4 16 20 0.001598 22222222
128 4 16 21 0.001460 22222222
128 4 16 22 0.001623 22222222
128 4 16 23 0.001559 22222222
128 4 16 24 0.001387 22222222
128 4 16 25 0.001336 22222222
128 4 16 26 0.001633 22222222
128 4 16 27 0.001351 22222222
128 4 16 28 0.001627 22222222
128 4 16 29 0.001510 22222222
128 4 16 30 0.001350 00000000
128 4 16 31 0.001659 22222222
128 4 16 32 0.001475 22222222
128 4 16 33 0.001397 22222222
128 4 16 34 0.001528 22222222
128 4 16 35 0.001675 22222222
128 4 16 36 0.001430 22222222
128 4 16 37 0.001501 00000000
128 4 16 38 0.001575 00000000
128 4 16 39 0.001400 22222222
128 4 16 40 0.001488 00000000
128 4 16 41 0.001680 22222222
128 4 16 42 0.001734 22222222
128 4 16 43 0.001439 22222222
128 4 16 44 0.001243 22222222
128 4 16 45 0.001321 00000000
128 4 16 46 0.001512 22222222
128 4 16 47 0.001234 00000000
128 4 16 48 0.001488 00000000
128 4 16 49 0.001671 22222222
128 4 16 50 0.001735 22222222
128 4 16 51 0.001525 00000000
128 4 16 52 0.001560 00000000
128 4 16 53 0.002073 00000000
128 4 16 54 0.001579 22222222
128 4 16 55 0.001336 22222222
128 4 16 56 0.001538 22222222
128 4 16 57 0.001512 22222222
128 4 16 58 0.001690 22222222
128 4 16 59 0.001341 22222222
128 4 16 60 0.001462 22222222
128 4 16 61 0.001120 22222222
128 4 16 62 0.001604 00000000
128 4 16 63 0.001443 22222222
128 4 16 64 0.001449 22222222
128 4 16 65 0.001280 00000000
128 4 16 66 0.001473 00000000
128 4 16 67 0.001203 00000000
128 4 16 68 0.001633 22222222
128 4 16 69 0.001435 22222222
128 4 16 70 0.001479 22222222
128 4 16 71 0.001819 22222222
128 4 16 72 0.001572 22222222
128 4 16 73 0.001488 00000000
128 4 16 74 0.001429 22222222
128 4 16 75 0.001199 22222222
128 4 16 76 0.001483 22222222
128 4 16 77 0.001492 22222222
128 4 16 78 0.001195 22222222
128 4 16 79 0.001425 22222222
128 4 16 80 0.001427 00000000
128 4 16 81 0.001606 22222222
128 4 16 82 0.001905 22222222
128 4 16 83 0.001652 22222222
128 4 16 84 0.001496 22222222
128 4 16 85 0.001531 22222222
128 4 16 86 0.001293 22222222
128 4 16 87 0.001154 22222222
128 4 16 88 0.001654 22222222
128 4 16 89 0.001627 22222222
128 4 16 90 0.001453 00000000
128 4 16 91 0.001404 00000000
128 4 16 92 0.001360 22222222
128 4 16 93 0.001411 22222222
128 4 16 94 0.001191 22222222
128 4 16 95 0.001409 22222222
128 4 16 96 0.001566 22222222
128 4 16 97 0.001087 00000000
128 4 16 98 0.001699 22222222
128 4 16 99 0.001436 00000000
128 4 32 0 0.001420 2222
128 4 32 1 0.001192 2222
128 4 32 2 0.001561 2222
128 4 32 3 0.001452 2222
128 4 32 4 0.001567 0000
128 4 32 5 0.001449 2222
128 4 32 6 0.001804 2222
128 4 32 7 0.001579 2222
128 4 32 8 0.001683 0000
128 4 32 9 0.001271 2222
128 4 32 10 0.001747 2222
128 4 32 11 0.001551 2222
128 4 32 12 0.001464 2222
128 4 32 13 0.001415 2222
128 4 32 14 0.001710 2222
128 4 32 15 0.001133 2222
128 4 32 16 0.001589 2222
128 4 32 17 0.001658 0000
128 4 32 18 0.001642 2222
128 4 32 19 0.001608 2222
128 4 32 20 0.001643 2222
128 4 32 21 0.001550 2222
128 4 32 22 0.001645 2222
128 4 32 23 0.001563 2222
128 4 32 24 0.001444 2222
128 4 32 25 0.001397 2222
128 4 32 26 0.001629 2222
128 4 32 27 0.001384 2222
128 4 32 28 0.001654 2222
128 4 32 29 0.001548 2222
128 4 32 30 0.001363 0000
128 4 32 31 0.001612 2222
128 4 32 32 0.001462 2222
128 4 32 33 0.001459 2222
128 4 32 34 0.001532 2222
128 4 32 35 0.001692 2222
128 4 32 36 0.001483 2222
128 4 32 37 0.001520 0000
128 4 32 38 0.001642 0000
128 4 32 39 0.001503 2222
128 4 32 40 0.001453 0000
128 4 32 41 0.001660 2222
128 4 32 42 0.001636 2222
128 4 32 43 0.001475 2222
128 4 32 44 0.001252 2222
128 4 32 45 0.001314 0000
128 4 32 46 0.001580 2222
128 4 32 47 0.001290 0000
128 4 32 48 0.001564 0000
128 4 32 49 0.001711 2222
128 4 32 50 0.001676 2222
128 4 32 51 0.001625 0000
128 4 32 52 0.001604 0000
128 4 32 53 0.001481 0000
128 4 32 54 0.001636 2222
128 4 32 55 0.001363 2222
128 4 32 56 0.001598 2222
128 4 32 57 0.001554 2222
128 4 32 58 0.001744 2222
128 4 32 59 0.001389 2222
128 4 32 60 0.001460 2222
128 4 32 61 0.001146 2222
128 4 32 62 0.001597 0000
128 4 32 63 0.001452 2222
128 4 32 64 0.001549 2222
128 4 32 65 0.001309 0000
128 4 32 66 0.001510 0000
128 4 32 67 0.001251 0000
128 4 32 68 0.001695 2222
128 4 32 69 0.001562 2222
128 4 32 70 0.001500 2222
128 4 32 71 0.001857 2222
128 4 32 72 0.001680 2222
128 4 32 73 0.001521 0000
128 4 32 74 0.001529 2222
128 4 32 75 0.001223 2222
128 4 32 76 0.001537 2222
128 4 32 77 0.001515 2222
128 4 32 78 0.001212 2222
128 4 32 79 0.001473 2222
128 4 32 80 0.001491 0000
128 4 32 81 0.001666 2222
128 4 32 82 0.001815 2222
128 4 32 83 0.001682 2222
128 4 32 84 0.001583 2222
128 4 32 85 0.001582 2222
128 4 32 86 0.001267 2222
128 4 32 87 0.001198 2222
128 4 32 88 0.001616 2222
128 4 32 89 0.001624 2222
128 4 32 90 0.001432 0000
128 4 32 91 0.001464 0000
128 4 32 92 0.001383 2222
128 4 32 93 0.001476 2222
128 4 32 94 0.001221 2222
128 4 32 95 0.001445 2222
128 4 32 96 0.001592 2222
128 4 32 97 0.001094 0000
128 4 32 98 0.001764 2222
128 4 32 99 0.001488 0000
128 8 16 0 0.004444 22222222
128 8 16 1 0.003652 22222222
128 8 16 2 0.004565 22222222
128 8 16 3 0.004436 22222222
128 8 16 4 0.004838 00000000
128 8 16 5 0.004316 22222222
128 8 16 6 0.005564 22222222
128 8 16 7 0.004983 22222222
128 8 16 8 0.005322 00000000
128 8 16 9 0.003744 22222222
128 8 16 10 0.005602 22222222
128 8 16 11 0.005124 22222222
128 8 16 12 0.004577 22222222
128 8 16 13 0.004277 22222222
128 8 16 14 0.005712 22222222
128 8 16 15 0.003604 22222222
128 8 16 16 0.004661 22222222
128 8 16 17 0.004992 00000000
128 8 16 18 0.005271 22222222
128 8 16 19 0.004688 22222222
128 8 16 20 0.005283 22222222
128 8 16 21 0.004472 22222222
128 8 16 22 0.004993 22222222
128 8 16 23 0.005242 22222222
128 8 16 24 0.004101 22222222
128 8 16 25 0.004253 22222222
128 8 16 26 0.005619 22222222
128 8 16 27 0.004378 22222222
128 8 16 28 0.005476 22222222
128 8 16 29 0.004722 22222222
128 8 16 30 0.003955 00000000
128 8 16 31 0.005284 22222222
128 8 16 32 0.004457 22222222
128 8 16 33 0.004154 22222222
128 8 16 34 0.004753 22222222
128 8 16 35 0.005427 22222222
128 8 16 36 0.004504 22222222
128 8 16 37 0.004292 00000000
128 8 16 38 0.005336 00000000
128 8 16 39 0.004322 22222222
128 8 16 40 0.004323 00000000
128 8 16 41 0.005463 22222222
128 8 16 42 0.005220 22222222
128 8 16 43 0.004842 22222222
128 8 16 44 0.003700 22222222
128 8 16 45 0.004097 00000000
128 8 16 46 0.005378 22222222
128 8 16 47 0.003871 00000000
128 8 16 48 0.004651 00000000
128 8 16 49 0.005556 22222222
128 8 16 50 0.005811 22222222
128 8 16 51 0.004997 00000000
128 8 16 52 0.005046 00000000
128 8 16 53 0.004437 00000000
128 8 16 54 0.005146 22222222
128 8 16 55 0.004141 22222222
128 8 16 56 0.004953 22222222
128 8 16 57 0.005026 22222222
128 8 16 58 0.005667 22222222
128 8 16 59 0.004246 22222222
128 8 16 60 0.004283 22222222
128 8 16 61 0.003283 22222222
128 8 16 62 0.005053 00000000
128 8 16 63 0.004514 22222222
128 8 16 64 0.004242 22222222
128 8 16 65 0.003886 00000000
128 8 16 66 0.004541 00000000
128 8 16 67 0.003929 00000000
128 8 16 68 0.005261 22222222
128 8 16 69 0.004559 22222222
128 8 16 70 0.004489 22222222
128 8 16 71 0.005751 22222222
128 8 16 72 0.005110 22222222
128 8 16 73 0.004615 00000000
128 8 16 74 0.004559 22222222
128 8 16 75 0.003495 22222222
128 8 16 76 0.004921 22222222
128 8 16 77 0.004603 22222222
128 8 16 78 0.004001 22222222
128 8 16 79 0.004294 22222222
128 8 16 80 0.004439 00000000
128 8 16 81 0.004865 22222222
128 8 16 82 0.005865 22222222
128 8 16 83 0.005296 22222222
128 8 16 84 0.004596 22222222
128 8 16 85 0.004856 22222222
128 8 16 86 0.003657 22222222
128 8 16 87 0.003565 22222222
128 8 16 88 0.005019 22222222
128 8 16 89 0.005388 22222222
128 8 16 90 0.004434 00000000
128 8 16 91 0.004585 00000000
128 8 16 92 0.004528 22222222
128 8 16 93 0.004423 22222222
128 8 16 94 0.003317 22222222
128 8 16 95 0.004486 22222222
128 8 16 96 0.005010 22222222
128 8 16 97 0.003307 00000000
128 8 16 98 0.005751 22222222
128 8 16 99 0.004791 00000000
128 8 32 0 0.004486 2222
128 8 32 1 0.003841 2222
128 8 32 2 0.004880 2222
128 8 32 3 0.004567 2222
128 8 32 4 0.005101 0000
128 8 32 5 0.004432 2222
128 8 32 6 0.005904 2222
128 8 32 7 0.005072 2222
128 8 32 8 0.005300 0000
128 8 32 9 0.003700 2222
128 8 32 10 0.006299 2222
128 8 32 11 0.005098 2222
128 8 32 12 0.004670 2222
128 8 32 13 0.004569 2222
128 8 32 14 0.005366 2222
128 8 32 15 0.003826 2222
128 8 32 16 0.004934 2222
128 8 32 17 0.005117 0000
128 8 32 18 0.005266 2222
128 8 32 19 0.004780 2222
128 8 32 20 0.005311 2222
128 8 32 21 0.004679 2222
128 8 32 22 0.005047 2222
128 8 32 23 0.005164 2222
128 8 32 24 0.004305 2222
128 8 32 25 0.004677 2222
128 8 32 26 0.005697 2222
128 8 32 27 0.004241 2222
128 8 32 28 0.005736 2222
128 8 32 29 0.005149 2222
128 8 32 30 0.004024 0000
128 8 32 31 0.005273 2222
128 8 32 32 0.004572 2222
128 8 32 33 0.004630 2222
128 8 32 34 0.004866 2222
128 8 32 35 0.005565 2222
128 8 32 36 0.004766 2222
128 8 32 37 0.004539 0000
128 8 32 38 0.005374 0000
128 8 32 39 0.004817 2222
128 8 32 40 0.004496 0000
128 8 32 41 0.005631 2222
128 8 32 42 0.005192 2222
128 8 32 43 0.004788 2222
128 8 32 44 0.003546 2222
128 8 32 45 0.003971 0000
128 8 32 46 0.005040 2222
128 8 32 47 0.003937 0000
128 8 32 48 0.005075 0000
128 8 32 49 0.005524 2222
128 8 32 50 0.005605 2222
128 8 32 51 0.004960 0000
128 8 32 52 0.004991 0000
128 8 32 53 0.004806 0000
128 8 32 54 0.005477 2222
128 8 32 55 0.004401 2222
128 8 32 56 0.004835 2222
128 8 32 57 0.004903 2222
128 8 32 58 0.005524 2222
128 8 32 59 0.004215 2222
128 8 32 60 0.004526 2222
128 8 32 61 0.003379 2222
128 8 32 62 0.005232 0000
128 8 32 63 0.004513 2222
128 8 32 64 0.004367 2222
128 8 32 65 0.003833 0000
128 8 32 66 0.004595 0000
128 8 32 67 0.003729 0000
128 8 32 68 0.005026 2222
128 8 32 69 0.004736 2222
128 8 32 70 0.004575 2222
128 8 32 71 0.006043 2222
128 8 32 72 0.005060 2222
128 8 32 73 0.004953 0000
128 8 32 74 0.004831 2222
128 8 32 75 0.003444 2222
128 8 32 76 0.004870 2222
128 8 32 77 0.004748 2222
128 8 32 78 0.003983 2222
128 8 32 79 0.004764 2222
128 8 32 80 0.004487 0000
128 8 32 81 0.005443 2222
128 8 32 82 0.005941 2222
128 8 32 83 0.005250 2222
128 8 32 84 0.004823 2222
128 8 32 85 0.004856 2222
128 8 32 86 0.003735 2222
128 8 32 87 0.003675 2222
128 8 32 88 0.005252 2222
128 8 32 89 0.005432 2222
128 8 32 90 0.004680 0000
128 8 32 91 0.004438 0000
128 8 32 92 0.004448 2222
128 8 32 93 0.004731 2222
128 8 32 94 0.003499 2222
128 8 32 95 0.004442 2222
128 8 32 96 0.005157 2222
128 8 32 97 0.003545 0000
128 8 32 98 0.005793 2222
128 8 32 99 0.004740 0000
256 2 4 0 0.001306 1222222222222222222222222222222222222222222222222222222222222222
256 2 4 1 0.001100 0000000000000000000000000000000000000000000000000000000000000000
256 2 4 2 0.001108 2222222222222222222222222222222222222222222222222222222222222222
256 2 4 3 0.001189 0000000000000000000000000000000000000000000000000000000000000000
256 2 4 4 0.001306 1222222222222222222222220000000000000000000000000000000000000000
256 2 4 5 0.001089 2222222222222222222200000000000000000000000000000000000000000000
256 2 4 6 0.001259 2222222222222222222222222222222222222222222222222222222222222222
256 2 4 7 0.001214 2222222222222222222222222222222222222222222222222222222222222222
256 2 4 8 0.001229 2222222222222222222222222222222222222222222222222222222222222222
256 2 4 9 0.001179 0000000000000000000000000000000000000000000000000000000000000000
256 2 4 10 0.001116 1222222222222222222222222222222200000000000000000000000000000000
256 2 4 11 0.001207 0000000000000000000000000000000000000000000000000000000000000000
256 2 4 12 0.001095 2222222222222222222222222222222222222222222222222222222222222222
256 2 4 13 0.001069 0000000000000000000000000000000000000000000000000000000000000000
256 2 4 14 0.001202 1222222000000000000000000000000000000000000000000000000000000000
256 2 4 15 0.001171 2222222222222222222222222222222222222222222222222222222222222222
256 2 4 16 0.001044 0000000000000000000000000000000000000000000000000000000000000000
256 2 4 17 0.001136 2222222222222222222222222222222222222222222222222200000000000000
256 2 4 18 0.001284 2222222222222222222222222222222222222222222222222222222222222222
256 2 4 19 0.001200 0000000000000000000000000000000000000000000000000000000000000000
256 2 4 20 0.001151 1222222222222222222222222222222222222222200000000000000000000000
256 2 4 21 0.001170 1222222222222222222222222222222200000000000000000000000000000000
256 2 4 22 0.001261 0000000000000000000000000000000000000000000000000000000000000000
256 2 4 23 0.001166 0000000000000000000000000000000000000000000000000000000000000000
256 2 4 24 0.001129 2222222222222222222222220000000000000000000000000000000000000000
256 2 4 25 0.001078 2200000000000000000000000000000000000000000000000000000000000000
256 2 4 26 0.001162 2222220000000000000000000000000000000000000000000000000000000000
256 2 4 27 0.001055 2000000000000000000000000000000000000000000000000000000000000000
256 2 4 28 0.001169 2222222222222222222222222222222222200000000000000000000000000000
256 2 4 29 0.001111 2222222220000000000000000000000000000000000000000000000000000000
256 2 4 30 0.001198 2222222220000000000000000000000000000000000000000000000000000000
256 2 4 31 0.001256 2222222222222222222222222222222222222222222222222222222222222222
256 2 4 32 0.001277 0000000000000000000000000000000000000000000000000000000000000000
256 2 4 33 0.001230 2222222222222222222222222222222222222222222222222200000000000000
256 2 4 34 0.001175 2222222222222222222222222222222222222222222222222222222222222222
256 2 4 35 0.001204 0000000000000000000000000000000000000000000000000000000000000000
256 2 4 36 0.001117 0000000000000000000000000000000000000000000000000000000000000000
256 2 4 37 0.001132 1222222222222222222222222222222200000000000000000000000000000000
256 2 4 38 0.001112 2222222222222000000000000000000000000000000000000000000000000000
256 2 4 39 0.001123 2222222222222222222222222222222222222222222222222222200000000000
256 2 4 40 0.001212 2222222222222222222222222222222222222222222222222222222222222222
256 2 4 41 0.001123 0000000000000000000000000000000000000000000000000000000000000000
256 2 4 42 0.001249 2222222222222222222222222222222222222222222222222222222222222222
256 2 4 43 0.001026 2222222222222222220000000000000000000000000000000000000000000000
256 2 4 44 0.001107 2222200000000000000000000000000000000000000000000000000000000000
256 2 4 45 0.001156 2222222222222222222222222000000000000000000000000000000000000000
256 2 4 46 0.001197 2222222222000000000000000000000000000000000000000000000000000000
256 2 4 47 0.001275 1222222222222222222222222222222222222222222222222222222222222222
256 2 4 48 0.001145 0000000000000000000000000000000000000000000000000000000000000000
256 2 4 49 0.001052 2222222222222222222222222222222222222222222200000000000000000000
256 2 4 50 0.001180 2222222222222222222222220000000000000000000000000000000000000000
256 2 4 51 0.001054 2222222222222222222222222222222222222222222222222222222222222222
256 2 4 52 0.001143 2222222222222222000000000000000000000000000000000000000000000000
256 2 4 53 0.001138 1222222222222200000000000000000000000000000000000000000000000000
256 2 4 54 0.001184 2222222222222222222222222222222222222222222222222222222200000000
256 2 4 55 0.001162 2222222222222222222222222200000000000000000000000000000000000000
256 2 4 56 0.001081 2222222222222222222222222222222222222222222222222222222222200000
256 2 4 57 0.001751 2222222222222222000000000000000000000000000000000000000000000000
256 2 4 58 0.001130 2222222222222222222222222222222222222220000000000000000000000000
256 2 4 59 0.001145 1222222222222222222222222222222222222222222222222222222200000000
256 2 4 60 0.001180 1222000000000000000000000000000000000000000000000000000000000000
256 2 4 61 0.001242 2222222000000000000000000000000000000000000000000000000000000000
256 2 4 62 0.001219 2222222222222000000000000000000000000000000000000000000000000000
256 2 4 63 0.001112 2222222222222222222222222222222222222222222222222222222220000000
256 2 4 64 0.001114 0000000000000000000000000000000000000000000000000000000000000000
256 2 4 65 0.001149 2222222222222222222000000000000000000000000000000000000000000000
256 2 4 66 0.001127 0000000000000000000000000000000000000000000000000000000000000000
256 2 4 67 0.001085 1222222222222222222222000000000000000000000000000000000000000000
256 2 4 68 0.001068 0000000000000000000000000000000000000000000000000000000000000000
256 2 4 69 0.001029 2222222222222222222222222222222222222222222222222222222222222220
256 2 4 70 0.001103 2222222222222222000000000000000000000000000000000000000000000000
256 2 4 71 0.001230 2222222222222222222200000000000000000000000000000000000000000000
256 2 4 72 0.001080 0000000000000000000000000000000000000000000000000000000000000000
256 2 4 73 0.001194 0000000000000000000000000000000000000000000000000000000000000000
256 2 4 74 0.001062 1222222222222222222222222222222222222222222222222222222222200000
256 2 4 75 0.001169 1222222222222222222222222222222222222222222222222000000000000000
256 2 4 76 0.001097 2222222222222222222222222222222222222222222222222222000000000000
256 2 4 77 0.001060 2000000000000000000000000000000000000000000000000000000000000000
256 2 4 78 0.001084 2222222222222222222222222222222222222222222222222222222222222222
256 2 4 79 0.001076 2220000000000000000000000000000000000000000000000000000000000000
256 2 4 80 0.001112 0000000000000000000000000000000000000000000000000000000000000000
256 2 4 81 0.001210 0000000000000000000000000000000000000000000000000000000000000000
256 2 4 82 0.001184 2222222222222222222222222222222222222222222222222222222200000000
256 2 4 83 0.000974 0000000000000000000000000000000000000000000000000000000000000000
256 2 4 84 0.001119 1222222220000000000000000000000000000000000000000000000000000000
256 2 4 85 0.001095 1222200000000000000000000000000000000000000000000000000000000000
256 2 4 86 0.001164 0000000000000000000000000000000000000000000000000000000000000000
256 2 4 87 0.001142 2222222222222222222222222222222222222222222222222222222222222222
256 2 4 88 0.001135 2222222222222222222222200000000000000000000000000000000000000000
256 2 4 89 0.001169 2222222222222222222222222222222222222222222222222222222222222222
256 2 4 90 0.001169 0000000000000000000000000000000000000000000000000000000000000000
256 2 4 91 0.001205 1222222222222222222222222222222222222222222222222222222222222222
256 2 4 92 0.001026 0000000000000000000000000000000000000000000000000000000000000000
256 2 4 93 0.001164 2222222222222222222222222222222222222222222222222222200000000000
256 2 4 94 0.001211 2222222222222222222222222222222222222222222222222222000000000000
256 2 4 95 0.001196 2222222222222222222222222222222222222222222222222222222222222222
256 2 4 96 0.001166 0000000000000000000000000000000000000000000000000000000000000000
256 2 4 97 0.001123 2222222222222222222200000000000000000000000000000000000000000000
256 2 4 98 0.001156 0000000000000000000000000000000000000000000000000000000000000000
256 2 4 99 0.001202 0000000000000000000000000000000000000000000000000000000000000000
256 2 8 0 0.001300 22222222222222222222222222222222
256 2 8 1 0.001098 00000000000000000000000000000000
256 2 8 2 0.001165 22222222222222222222222222222222
256 2 8 3 0.001137 00000000000000000000000000000000
256 2 8 4 0.001330 22222222222200000000000000000000
256 2 8 5 0.001070 22222222220000000000000000000000
256 2 8 6 0.001194 22222222222222222222222222222222
256 2 8 7 0.001271 22222222222222222222222222222222
256 2 8 8 0.001200 22222222222222222222222222222222
256 2 8 9 0.001170 00000000000000000000000000000000
256 2 8 10 0.001115 22222222222222220000000000000000
256 2 8 11 0.001192 00000000000000000000000000000000
256 2 8 12 0.001123 22222222222222222222222222222222
256 2 8 13 0.001061 00000000000000000000000000000000
256 2 8 14 0.001228 22200000000000000000000000000000
256 2 8 15 0.001191 22222222222222222222222222222222
256 2 8 16 0.001048 00000000000000000000000000000000
256 2 8 17 0.001117 22222222222222222222222220000000
256 2 8 18 0.001286 22222222222222222222222222222222
256 2 8 19 0.001198 00000000000000000000000000000000
256 2 8 20 0.001147 22222222222222222222000000000000
256 2 8 21 0.001167 22222222222222220000000000000000
256 2 8 22 0.001192 00000000000000000000000000000000
256 2 8 23 0.001160 00000000000000000000000000000000
256 2 8 24 0.001111 22222222222200000000000000000000
256 2 8 25 0.001074 20000000000000000000000000000000
256 2 8 26 0.001153 22200000000000000000000000000000
256 2 8 27 0.001030 00000000000000000000000000000000
256 2 8 28 0.001175 22222222222222222000000000000000
256 2 8 29 0.001167 22220000000000000000000000000000
256 2 8 30 0.001217 22220000000000000000000000000000
256 2 8 31 0.001231 22222222222222222222222222222222
256 2 8 32 0.001268 00000000000000000000000000000000
256 2 8 33 0.001213 22222222222222222222222220000000
256 2 8 34 0.001198 22222222222222222222222222222222
256 2 8 35 0.001213 00000000000000000000000000000000
256 2 8 36 0.001144 00000000000000000000000000000000
256 2 8 37 0.001129 22222222222222220000000000000000
256 2 8 38 0.001152 22222200000000000000000000000000
256 2 8 39 0.001122 22222222222222222222222222000000
256 2 8 40 0.001184 22222222222222222222222222222222
256 2 8 41 0.001130 00000000000000000000000000000000
256 2 8 42 0.001211 22222222222200000000000000000000
256 2 8 43 0.001020 22222222200000000000000000000000
256 2 8 44 0.001093 22000000000000000000000000000000
256 2 8 45 0.001130 22222222222200000000000000000000
256 2 8 46 0.001146 22222000000000000000000000000000
256 2 8 47 0.001255 22222222222222222222222222222222
256 2 8 48 0.001106 00000000000000000000000000000000
256 2 8 49 0.001048 22222222222222222222220000000000
256 2 8 50 0.001124 22222222222200000000000000000000
256 2 8 51 0.001035 22222222222222222222222222222222
256 2 8 52 0.001154 22222222000000000000000000000000
256 2 8 53 0.001183 22222220000000000000000000000000
256 2 8 54 0.001217 22222222222222222222222222220000
256 2 8 55 0.001191 22222222222220000000000000000000
256 2 8 56 0.001069 22222222222222222222222222222000
256 2 8 57 0.001163 22222222000000000000000000000000
256 2 8 58 0.001123 22222222222222222220000000000000
256 2 8 59 0.001166 22222222222222222222222222220000
256 2 8 60 0.001167 22000000000000000000000000000000
256 2 8 61 0.001189 22200000000000000000000000000000
256 2 8 62 0.001197 22222200000000000000000000000000
256 2 8 63 0.001109 22222222222222222222222222220000
256 2 8 64 0.001113 00000000000000000000000000000000
256 2 8 65 0.001096 22222222200000000000000000000000
256 2 8 66 0.001119 00000000000000000000000000000000
256 2 8 67 0.001082 22222222222000000000000000000000
256 2 8 68 0.001062 00000000000000000000000000000000
256 2 8 69 0.001029 22222222222222222222222222222220
256 2 8 70 0.001099 22222222000000000000000000000000
256 2 8 71 0.001219 22222222220000000000000000000000
256 2 8 72 0.001015 00000000000000000000000000000000
256 2 8 73 0.001177 00000000000000000000000000000000
256 2 8 74 0.001036 22222222222222222222222222222000
256 2 8 75 0.001153 22222222222222222222222200000000
256 2 8 76 0.001119 22222222222222222222222222000000
256 2 8 77 0.001060 00000000000000000000000000000000
256 2 8 78 0.001075 22222222222222222222222222222222
256 2 8 79 0.001082 20000000000000000000000000000000
256 2 8 80 0.001090 00000000000000000000000000000000
256 2 8 81 0.001202 00000000000000000000000000000000
256 2 8 82 0.001159 20000000000000000000000000000000
256 2 8 83 0.000948 00000000000000000000000000000000
256 2 8 84 0.001111 22220000000000000000000000000000
256 2 8 85 0.001090 22000000000000000000000000000000
256 2 8 86 0.001166 00000000000000000000000000000000
256 2 8 87 0.001205 22222222222222222222222222222222
256 2 8 88 0.001132 22222222222000000000000000000000
256 2 8 89 0.001159 22222222222222222222222222222222
256 2 8 90 0.001157 00000000000000000000000000000000
256 2 8 91 0.001209 22222222222222222222222222222222
256 2 8 92 0.001032 00000000000000000000000000000000
256 2 8 93 0.001161 22222222222222222222222222000000
256 2 8 94 0.001190 22222222222222222222222222000000
256 2 8 95 0.001150 22222222222222222222222222222222
256 2 8 96 0.001181 00000000000000000000000000000000
256 2 8 97 0.001132 22222222220000000000000000000000
256 2 8 98 0.001149 00000000000000000000000000000000
256 2 8 99 0.001183 00000000000000000000000000000000
256 2 16 0 0.001255 2222222222222222
256 2 16 1 0.001073 0000000000000000
256 2 16 2 0.001057 2222222222222222
256 2 16 3 0.001086 0000000000000000
256 2 16 4 0.001264 2222220000000000
256 2 16 5 0.001040 2222200000000000
256 2 16 6 0.001168 2222222222222222
256 2 16 7 0.001167 2222222222222222
256 2 16 8 0.001167 2222222222222222
256 2 16 9 0.001148 0000000000000000
256 2 16 10 0.001070 2222222200000000
256 2 16 11 0.001177 0000000000000000
256 2 16 12 0.001072 2222222222222222
256 2 16 13 0.001047 0000000000000000
256 2 16 14 0.001158 2000000000000000
256 2 16 15 0.001219 2222222222222222
256 2 16 16 0.001020 0000000000000000
256 2 16 17 0.001106 2222222222220000
256 2 16 18 0.001284 2222222222222222
256 2 16 19 0.001153 0000000000000000
256 2 16 20 0.001091 2222222222000000
256 2 16 21 0.001159 2222222200000000
256 2 16 22 0.001152 0000000000000000
256 2 16 23 0.001126 0000000000000000
256 2 16 24 0.001078 2222220000000000
256 2 16 25 0.001039 0000000000000000
256 2 16 26 0.001124 2000000000000000
256 2 16 27 0.000993 0000000000000000
256 2 16 28 0.001156 2222222200000000
256 2 16 29 0.001067 2200000000000000
256 2 16 30 0.001174 2200000000000000
256 2 16 31 0.001218 2222222222222222
256 2 16 32 0.001200 0000000000000000
256 2 16 33 0.001200 2222222222220000
256 2 16 34 0.001130 2222222222222222
256 2 16 35 0.001160 0000000000000000
256 2 16 36 0.001079 0000000000000000
256 2 16 37 0.001093 2222222200000000
256 2 16 38 0.001070 2220000000000000
256 2 16 39 0.001066 2222222222222000
256 2 16 40 0.001192 2222222222222222
256 2 16 41 0.001076 0000000000000000
256 2 16 42 0.001186 2222220000000000
256 2 16 43 0.001001 2222000000000000
256 2 16 44 0.001074 2000000000000000
256 2 16 45 0.001094 2222220000000000
256 2 16 46 0.001134 2200000000000000
256 2 16 47 0.001224 2222222222222222
256 2 16 48 0.001080 0000000000000000
256 2 16 49 0.001047 2222222222200000
256 2 16 50 0.001112 2222220000000000
256 2 16 51 0.001038 2222222222222222
256 2 16 52 0.001134 2222000000000000
256 2 16 53 0.001098 2220000000000000
256 2 16 54 0.001139 2222222222222200
256 2 16 55 0.001116 2222220000000000
256 2 16 56 0.001039 2222222222222200
256 2 16 57 0.001101 2222000000000000
256 2 16 58 0.001083 2222222220000000
256 2 16 59 0.001128 2222222222222200
256 2 16 60 0.001131 2000000000000000
256 2 16 61 0.001181 2000000000000000
256 2 16 62 0.001203 2220000000000000
256 2 16 63 0.001062 2222222222222200
256 2 16 64 0.001067 0000000000000000
256 2 16 65 0.001060 2222000000000000
256 2 16 66 0.001086 0000000000000000
256 2 16 67 0.001036 2222200000000000
256 2 16 68 0.001033 0000000000000000
256 2 16 69 0.000998 2222222222222220
256 2 16 70 0.001077 2222000000000000
256 2 16 71 0.001203 2222200000000000
256 2 16 72 0.000999 0000000000000000
256 2 16 73 0.001115 0000000000000000
256 2 16 74 0.001002 2222222222222200
256 2 16 75 0.001157 2222222222220000
256 2 16 76 0.001093 2222222222222000
256 2 16 77 0.001057 0000000000000000
256 2 16 78 0.001058 2222222222222222
256 2 16 79 0.001046 0000000000000000
256 2 16 80 0.001058 0000000000000000
256 2 16 81 0.001165 0000000000000000
256 2 16 82 0.001136 0000000000000000
256 2 16 83 0.000907 0000000000000000
256 2 16 84 0.001042 2200000000000000
256 2 16 85 0.001052 2000000000000000
256 2 16 86 0.001138 0000000000000000
256 2 16 87 0.001102 2222222222222222
256 2 16 88 0.001097 2222200000000000
256 2 16 89 0.001134 2222222222222222
256 2 16 90 0.001129 0000000000000000
256 2 16 91 0.001157 2222222222222222
256 2 16 92 0.000999 0000000000000000
256 2 16 93 0.001145 2222222222222000
256 2 16 94 0.001149 2222222222222000
256 2 16 95 0.001124 2222222222222222
256 2 16 96 0.001131 0000000000000000
256 2 16 97 0.001087 2222200000000000
256 2 16 98 0.001144 0000000000000000
256 2 16 99 0.001155 0000000000000000
256 2 32 0 0.001281 22222222
256 2 32 1 0.001104 00000000
256 2 32 2 0.001102 22222222
256 2 32 3 0.001147 00000000
256 2 32 4 0.001365 22200000
256 2 32 5 0.001094 22000000
256 2 32 6 0.001235 22222222
256 2 32 7 0.001231 22222222
256 2 32 8 0.001204 22222222
256 2 32 9 0.001184 00000000
256 2 32 10 0.001110 22220000
256 2 32 11 0.001202 00000000
256 2 32 12 0.001068 22222222
256 2 32 13 0.001072 00000000
256 2 32 14 0.001210 00000000
256 2 32 15 0.001140 22222222
256 2 32 16 0.001056 00000000
256 2 32 17 0.001198 22222200
256 2 32 18 0.001313 22222222
256 2 32 19 0.001209 00000000
256 2 32 20 0.001120 22222000
256 2 32 21 0.001220 22220000
256 2 32 22 0.001190 00000000
256 2 32 23 0.001168 00000000
256 2 32 24 0.001092 22200000
256 2 32 25 0.001062 00000000
256 2 32 26 0.001144 00000000
256 2 32 27 0.001094 00000000
256 2 32 28 0.001222 22220000
256 2 32 29 0.001100 20000000
256 2 32 30 0.001173 20000000
256 2 32 31 0.001191 22222222
256 2 32 32 0.001245 00000000
256 2 32 33 0.001228 22222200
256 2 32 34 0.001156 22222222
256 2 32 35 0.001219 00000000
256 2 32 36 0.001123 00000000
256 2 32 37 0.001152 22220000
256 2 32 38 0.001100 20000000
256 2 32 39 0.001077 22222200
256 2 32 40 0.001256 22222222
256 2 32 41 0.001107 00000000
256 2 32 42 0.001239 22200000
256 2 32 43 0.001034 22000000
256 2 32 44 0.001102 00000000
256 2 32 45 0.001124 22200000
256 2 32 46 0.001157 20000000
256 2 32 47 0.001300 22222222
256 2 32 48 0.001128 00000000
256 2 32 49 0.001068 22222000
256 2 32 50 0.001076 22200000
256 2 32 51 0.001049 22222222
256 2 32 52 0.001126 22000000
256 2 32 53 0.001128 20000000
256 2 32 54 0.001172 22222220
256 2 32 55 0.001138 22200000
256 2 32 56 0.001080 22222220
256 2 32 57 0.001127 22000000
256 2 32 58 0.001119 22220000
256 2 32 59 0.001145 22222220
256 2 32 60 0.001151 00000000
256 2 32 61 0.001176 00000000
256 2 32 62 0.001179 20000000
256 2 32 63 0.001085 22222220
256 2 32 64 0.001123 00000000
256 2 32 65 0.001113 22000000
256 2 32 66 0.001119 00000000
256 2 32 67 0.001058 22000000
256 2 32 68 0.001062 00000000
256 2 32 69 0.001018 22222220
256 2 32 70 0.001093 22000000
256 2 32 71 0.001206 22000000
256 2 32 72 0.000982 00000000
256 2 32 73 0.001130 00000000
256 2 32 74 0.001055 22222220
256 2 32 75 0.001164 22222200
256 2 32 76 0.001096 22222200
256 2 32 77 0.001044 00000000
256 2 32 78 0.001062 22222222
256 2 32 79 0.001084 00000000
256 2 32 80 0.001077 00000000
256 2 32 81 0.001181 00000000
256 2 32 82 0.001162 00000000
256 2 32 83 0.000923 00000000
256 2 32 84 0.001083 20000000
256 2 32 85 0.001077 00000000
256 2 32 86 0.001190 00000000
256 2 32 87 0.001120 22222222
256 2 32 88 0.001097 22000000
256 2 32 89 0.001143 22222222
256 2 32 90 0.001166 00000000
256 2 32 91 0.001192 22222222
256 2 32 92 0.001022 00000000
256 2 32 93 0.001157 22222200
256 2 32 94 0.001185 22222200
256 2 32 95 0.001194 22222222
256 2 32 96 0.001198 00000000
256 2 32 97 0.001114 22000000
256 2 32 98 0.001169 00000000
256 2 32 99 0.001180 00000000
256 4 8 0 0.003604 22222222222222222222222222222222
256 4 8 1 0.002876 00000000000000000000000000000000
256 4 8 2 0.002939 22222222222222222222222222222222
256 4 8 3 0.003043 00000000000000000000000000000000
256 4 8 4 0.003572 22222222222222222222222222222222
256 4 8 5 0.002873 22222222222222222222222222222222
256 4 8 6 0.003244 22222222222222222222222222222222
256 4 8 7 0.003232 22222222222222222222222222222222
256 4 8 8 0.003300 22222222222222222222222222222222
256 4 8 9 0.003176 00000000000000000000000000000000
256 4 8 10 0.003002 22222222222222222000000000000000
256 4 8 11 0.003183 00000000000000000000000000000000
256 4 8 12 0.002920 22222222222222222222222222222222
256 4 8 13 0.002966 00000000000000000000000000000000
256 4 8 14 0.003268 22222222222222222222222222222222
256 4 8 15 0.003092 22222222222222222222222222222222
256 4 8 16 0.002723 00000000000000000000000000000000
256 4 8 17 0.002978 22222222222222222222222222222222
256 4 8 18 0.003628 22222222222222222222222222222222
256 4 8 19 0.003206 00000000000000000000000000000000
256 4 8 20 0.003043 22222222222222222222222222222222
256 4 8 21 0.003122 22222222222222222222222222222222
256 4 8 22 0.003301 00000000000000000000000000000000
256 4 8 23 0.003165 00000000000000000000000000000000
256 4 8 24 0.002950 22222222222222222222222222222222
256 4 8 25 0.002876 22222222222222222222222222222222
256 4 8 26 0.003154 22222222222222222222222222222222
256 4 8 27 0.002692 22222222222222222222222222222222
256 4 8 28 0.003190 22222222222222222222222222222222
256 4 8 29 0.002955 22222222222222222222222222222222
256 4 8 30 0.003138 22222222222222222222222222222222
256 4 8 31 0.003206 22222222222222222222222222222222
256 4 8 32 0.003436 00000000000000000000000000000000
256 4 8 33 0.003317 22222222222222222222222222222222
256 4 8 34 0.003044 22222222222222222222222222222222
256 4 8 35 0.003377 00000000000000000000000000000000
256 4 8 36 0.002808 00000000000000000000000000000000
256 4 8 37 0.002986 22222222222222222222222222222222
256 4 8 38 0.002908 22222222222222222222222222222222
256 4 8 39 0.002987 22222222222222222222222222222222
256 4 8 40 0.003149 22222222222222222222222222222222
256 4 8 41 0.003002 00000000000000000000000000000000
256 4 8 42 0.003235 22222222222222222222222222222222
256 4 8 43 0.002582 22222222222222222222222222222222
256 4 8 44 0.002818 22222222222222222222222222222222
256 4 8 45 0.003114 22222222222222222222222222222222
256 4 8 46 0.003170 22222222222222222222222222222222
256 4 8 47 0.003544 22222222222222222222222222222222
256 4 8 48 0.002950 00000000000000000000000000000000
256 4 8 49 0.003455 22222222222222222222222222222222
256 4 8 50 0.002941 22222222222222222222222222222222
256 4 8 51 0.002800 22222222222222222222222222222222
256 4 8 52 0.003037 22222222222222222222222222222222
256 4 8 53 0.003077 22222222222222222222222222222222
256 4 8 54 0.003126 22222222222222222222222222222222
256 4 8 55 0.003224 22222222222222222222222222222222
256 4 8 56 0.002734 22222222222222222222222222222222
256 4 8 57 0.002992 22222222222222222222222222222222
256 4 8 58 0.002930 22222222222222222222222222222222
256 4 8 59 0.003025 22222222222222222222222222222222
256 4 8 60 0.003274 22222222222222222222222222222222
256 4 8 61 0.003236 22222222222222222222222222222222
256 4 8 62 0.003167 22222222222222222222222222222222
256 4 8 63 0.002847 22222222222222222222222222222222
256 4 8 64 0.002920 00000000000000000000000000000000
256 4 8 65 0.002932 22222222222222222222222222222222
256 4 8 66 0.003027 00000000000000000000000000000000
256 4 8 67 0.002776 22222222222222222222222222222222
256 4 8 68 0.002875 00000000000000000000000000000000
256 4 8 69 0.002650 22222222222222222222222222222222
256 4 8 70 0.002914 22222222222222222222222222222222
256 4 8 71 0.003307 22222222222222222222222222222222
256 4 8 72 0.002721 00000000000000000000000000000000
256 4 8 73 0.003112 00000000000000000000000000000000
256 4 8 74 0.002610 22222222222222222222222222222222
256 4 8 75 0.003013 22222222222222222222222222222222
256 4 8 76 0.003044 22222222222222222222222222222222
256 4 8 77 0.002742 22222222222222222222222222222222
256 4 8 78 0.002920 22222222222222222222222222222222
256 4 8 79 0.002926 22222222222222222222222222222222
256 4 8 80 0.002965 00000000000000000000000000000000
256 4 8 81 0.003243 00000000000000000000000000000000
256 4 8 82 0.003170 22222222222222222222222222222222
256 4 8 83 0.002394 00000000000000000000000000000000
256 4 8 84 0.002806 22222222222222222222222222222222
256 4 8 85 0.002855 22222222222222222222222222222222
256 4 8 86 0.003246 00000000000000000000000000000000
256 4 8 87 0.002909 22222222222222222222222222222222
256 4 8 88 0.003060 22222222222222222222222222222222
256 4 8 89 0.003152 22222222222222222222222222222222
256 4 8 90 0.003190 00000000000000000000000000000000
256 4 8 91 0.003226 22222222222222222222222222222222
256 4 8 92 0.002749 00000000000000000000000000000000
256 4 8 93 0.003309 22222222222222222222222222222222
256 4 8 94 0.003210 22222222222222222222222222222222
256 4 8 95 0.003147 22222222222222222222222222222222
256 4 8 96 0.003125 00000000000000000000000000000000
256 4 8 97 0.003073 22222222222222222222222222222222
256 4 8 98 0.003211 00000000000000000000000000000000
256 4 8 99 0.003208 00000000000000000000000000000000
256 4 16 0 0.003548 2222222222222222
256 4 16 1 0.002807 0000000000000000
256 4 16 2 0.002952 2222222222222222
256 4 16 3 0.002896 0000000000000000
256 4 16 4 0.003523 2222222222222222
256 4 16 5 0.002768 2222222222222222
256 4 16 6 0.003213 2222222222222222
256 4 16 7 0.003096 2222222222222222
256 4 16 8 0.003186 2222222222222222
256 4 16 9 0.003218 0000000000000000
256 4 16 10 0.003035 2222222200000000
256 4 16 11 0.003073 0000000000000000
256 4 16 12 0.002838 2222222222222222
256 4 16 13 0.002883 0000000000000000
256 4 16 14 0.003274 2222222222222222
256 4 16 15 0.003143 2222222222222222
256 4 16 16 0.002679 0000000000000000
256 4 16 17 0.002950 2222222222222222
256 4 16 18 0.003433 2222222222222222
256 4 16 19 0.003185 0000000000000000
256 4 16 20 0.002859 2222222222222222
256 4 16 21 0.003105 2222222222222222
256 4 16 22 0.003216 0000000000000000
256 4 16 23 0.003078 0000000000000000
256 4 16 24 0.002910 2222222222222222
256 4 16 25 0.002726 2222222222222222
256 4 16 26 0.003163 2222222222222222
256 4 16 27 0.002665 2222222222222222
256 4 16 28 0.003132 2222222222222222
256 4 16 29 0.002814 2222222222222222
256 4 16 30 0.003260 2222222222222222
256 4 16 31 0.003172 2222222222222222
256 4 16 32 0.003293 0000000000000000
256 4 16 33 0.003271 2222222222222222
256 4 16 34 0.002973 2222222222222222
256 4 16 35 0.003284 0000000000000000
256 4 16 36 0.002874 0000000000000000
256 4 16 37 0.002898 2222222222222222
256 4 16 38 0.002886 2222222222222222
256 4 16 39 0.002845 2222222222222222
256 4 16 40 0.003122 2222222222222222
256 4 16 41 0.002883 0000000000000000
256 4 16 42 0.003189 2222222222222222
256 4 16 43 0.002575 2222222222222222
256 4 16 44 0.002739 2222222222222222
256 4 16 45 0.003022 2222222222222222
256 4 16 46 0.003164 2222222222222222
256 4 16 47 0.003431 2222222222222222
256 4 16 48 0.003102 0000000000000000
256 4 16 49 0.002733 2222222222222222
256 4 16 50 0.002872 2222222222222222
256 4 16 51 0.002762 2222222222222222
256 4 16 52 0.002957 2222222222222222
256 4 16 53 0.003051 2222222222222222
256 4 16 54 0.003158 2222222222222222
256 4 16 55 0.003060 2222222222222222
256 4 16 56 0.002670 2222222222222222
256 4 16 57 0.002970 2222222222222222
256 4 16 58 0.002916 2222222222222222
256 4 16 59 0.003076 2222222222222222
256 4 16 60 0.003134 2222222222222222
256 4 16 61 0.003138 2222222222222222
256 4 16 62 0.003104 2222222222222222
256 4 16 63 0.002752 2222222222222222
256 4 16 64 0.002864 0000000000000000
256 4 16 65 0.002794 2222222222222222
256 4 16 66 0.002942 0000000000000000
256 4 16 67 0.002681 2222222222222222
256 4 16 68 0.002795 0000000000000000
256 4 16 69 0.002548 2222222222222222
256 4 16 70 0.002836 2222222222222222
256 4 16 71 0.003239 2222222222222222
256 4 16 72 0.002697 0000000000000000
256 4 16 73 0.002991 0000000000000000
256 4 16 74 0.002600 2222222222222222
256 4 16 75 0.002990 2222222222222222
256 4 16 76 0.002961 2222222222222222
256 4 16 77 0.002685 2222222222222222
256 4 16 78 0.002780 2222222222222222
256 4 16 79 0.002850 2222222222222222
256 4 16 80 0.002908 0000000000000000
256 4 16 81 0.003217 0000000000000000
256 4 16 82 0.003092 2222222222222222
256 4 16 83 0.002375 0000000000000000
256 4 16 84 0.002692 2222222222222222
256 4 16 85 0.002806 2222222222222222
256 4 16 86 0.003178 0000000000000000
256 4 16 87 0.002850 2222222222222222
256 4 16 88 0.003041 2222222222222222
256 4 16 89 0.003129 2222222222222222
256 4 16 90 0.003174 0000000000000000
256 4 16 91 0.003650 2222222222222222
256 4 16 92 0.002725 0000000000000000
256 4 16 93 0.003098 2222222222222222
256 4 16 94 0.003134 2222222222222222
256 4 16 95 0.003035 2222222222222222
256 4 16 96 0.003211 0000000000000000
256 4 16 97 0.002968 2222222222222222
256 4 16 98 0.002985 0000000000000000
256 4 16 99 0.003183 0000000000000000
256 4 32 0 0.003746 22222222
256 4 32 1 0.002900 00000000
256 4 32 2 0.003015 22222222
256 4 32 3 0.003013 00000000
256 4 32 4 0.003642 22222222
256 4 32 5 0.002879 22222222
256 4 32 6 0.003287 22222222
256 4 32 7 0.003176 22222222
256 4 32 8 0.003350 22222222
256 4 32 9 0.003293 00000000
256 4 32 10 0.003066 22220000
256 4 32 11 0.003192 00000000
256 4 32 12 0.002910 22222222
256 4 32 13 0.002895 00000000
256 4 32 14 0.003338 22222222
256 4 32 15 0.003216 22222222
256 4 32 16 0.002770 00000000
256 4 32 17 0.002956 22222222
256 4 32 18 0.003508 22222222
256 4 32 19 0.003295 00000000
256 4 32 20 0.002969 22222222
256 4 32 21 0.003134 22222222
256 4 32 22 0.003546 00000000
256 4 32 23 0.003318 00000000
256 4 32 24 0.003071 22222222
256 4 32 25 0.002829 22222222
256 4 32 26 0.003319 22222222
256 4 32 27 0.002786 22222222
256 4 32 28 0.003334 22222222
256 4 32 29 0.002967 22222222
256 4 32 30 0.003174 22222222
256 4 32 31 0.003374 22222222
256 4 32 32 0.003428 00000000
256 4 32 33 0.003393 22222222
256 4 32 34 0.003082 22222222
256 4 32 35 0.003454 00000000
256 4 32 36 0.002954 00000000
256 4 32 37 0.003057 22222222
256 4 32 38 0.002936 22222222
256 4 32 39 0.003098 22222222
256 4 32 40 0.003194 22222222
256 4 32 41 0.003008 00000000
256 4 32 42 0.003300 22222222
256 4 32 43 0.002675 22222222
256 4 32 44 0.002847 22222222
256 4 32 45 0.003079 22222222
256 4 32 46 0.003159 22222222
256 4 32 47 0.003615 22222222
256 4 32 48 0.002992 00000000
256 4 32 49 0.002759 22222222
256 4 32 50 0.002945 22222222
256 4 32 51 0.002871 22222222
256 4 32 52 0.003016 22222222
256 4 32 53 0.003003 22222222
256 4 32 54 0.003208 22222222
256 4 32 55 0.003265 22222222
256 4 32 56 0.002708 22222222
256 4 32 57 0.003013 22222222
256 4 32 58 0.002990 22222222
256 4 32 59 0.003096 22222222
256 4 32 60 0.003116 22222222
256 4 32 61 0.003248 22222222
256 4 32 62 0.003245 22222222
256 4 32 63 0.002928 22222222
256 4 32 64 0.002995 00000000
256 4 32 65 0.002925 22222222
256 4 32 66 0.003055 00000000
256 4 32 67 0.002734 22222222
256 4 32 68 0.002818 00000000
256 4 32 69 0.002668 22222222
256 4 32 70 0.002934 22222222
256 4 32 71 0.003390 22222222
256 4 32 72 0.002720 00000000
256 4 32 73 0.003089 00000000
256 4 32 74 0.002749 22222222
256 4 32 75 0.003090 22222222
256 4 32 76 0.003031 22222222
256 4 32 77 0.002779 22222222
256 4 32 78 0.002899 22222222
256 4 32 79 0.002896 22222222
256 4 32 80 0.003056 00000000
256 4 32 81 0.003290 00000000
256 4 32 82 0.003273 22222222
256 4 32 83 0.002489 00000000
256 4 32 84 0.002731 22222222
256 4 32 85 0.002907 22222222
256 4 32 86 0.003277 00000000
256 4 32 87 0.002979 22222222
256 4 32 88 0.003035 22222222
256 4 32 89 0.003121 22222222
256 4 32 90 0.003244 00000000
256 4 32 91 0.003262 22222222
256 4 32 92 0.002789 00000000
256 4 32 93 0.003223 22222222
256 4 32 94 0.003125 22222222
256 4 32 95 0.003062 22222222
256 4 32 96 0.003298 00000000
256 4 32 97 0.002989 22222222
256 4 32 98 0.003103 00000000
256 4 32 99 0.003303 00000000
256 8 16 0 0.012612 2222222222222222
256 8 16 1 0.008793 0000000000000000
256 8 16 2 0.009165 2222222222222222
256 8 16 3 0.009363 0000000000000000
256 8 16 4 0.012064 2222222222222222
256 8 16 5 0.009036 2222222222222222
256 8 16 6 0.010287 2222222222222222
256 8 16 7 0.010249 2222222222222222
256 8 16 8 0.010237 2222222222222222
256 8 16 9 0.010204 0000000000000000
256 8 16 10 0.009478 2222222222222222
256 8 16 11 0.011077 0000000000000000
256 8 16 12 0.009097 2222222222222222
256 8 16 13 0.009011 0000000000000000
256 8 16 14 0.010700 2222222222222222
256 8 16 15 0.009804 2222222222222222
256 8 16 16 0.008316 0000000000000000
256 8 16 17 0.009921 2222222222222222
256 8 16 18 0.012722 2222222222222222
256 8 16 19 0.010379 0000000000000000
256 8 16 20 0.009782 2222222222222222
256 8 16 21 0.009897 2222222222222222
256 8 16 22 0.010365 0000000000000000
256 8 16 23 0.009625 0000000000000000
256 8 16 24 0.009581 2222222222222222
256 8 16 25 0.008933 2222222222222222
256 8 16 26 0.010104 2222222222222222
256 8 16 27 0.008835 2222222222222222
256 8 16 28 0.010509 2222222222222222
256 8 16 29 0.009074 2222222222222222
256 8 16 30 0.010211 2222222222222222
256 8 16 31 0.010825 2222222222222222
256 8 16 32 0.010446 0000000000000000
256 8 16 33 0.010935 2222222222222222
256 8 16 34 0.009727 2222222222222222
256 8 16 35 0.011154 0000000000000000
256 8 16 36 0.008881 0000000000000000
256 8 16 37 0.009279 2222222222222222
256 8 16 38 0.009419 2222222222222222
256 8 16 39 0.009279 2222222222222222
256 8 16 40 0.010087 2222222222222222
256 8 16 41 0.009015 0000000000000000
256 8 16 42 0.011036 2222222222222222
256 8 16 43 0.007801 2222222222222222
256 8 16 44 0.008858 2222222222222222
256 8 16 45 0.009817 2222222222222222
256 8 16 46 0.010070 2222222222222222
256 8 16 47 0.012638 2222222222222222
256 8 16 48 0.008822 0000000000000000
256 8 16 49 0.008428 2222222222222222
256 8 16 50 0.009553 2222222222222222
256 8 16 51 0.009001 2222222222222222
256 8 16 52 0.009657 2222222222222222
256 8 16 53 0.010525 2222222222222222
256 8 16 54 0.009386 2222222222222222
256 8 16 55 0.009925 2222222222222222
256 8 16 56 0.008675 2222222222222222
256 8 16 57 0.009398 2222222222222222
256 8 16 58 0.010290 2222222222222222
256 8 16 59 0.009742 2222222222222222
256 8 16 60 0.010124 2222222222222222
256 8 16 61 0.010568 2222222222222222
256 8 16 62 0.010237 2222222222222222
256 8 16 63 0.009204 2222222222222222
256 8 16 64 0.008966 0000000000000000
256 8 16 65 0.009075 2222222222222222
256 8 16 66 0.009946 0000000000000000
256 8 16 67 0.008457 2222222222222222
256 8 16 68 0.008719 0000000000000000
256 8 16 69 0.008076 2222222222222222
256 8 16 70 0.009367 2222222222222222
256 8 16 71 0.010859 2222222222222222
256 8 16 72 0.008121 0000000000000000
256 8 16 73 0.008922 0000000000000000
256 8 16 74 0.008288 2222222222222222
256 8 16 75 0.009571 2222222222222222
256 8 16 76 0.009216 2222222222222222
256 8 16 77 0.009105 2222222222222222
256 8 16 78 0.009114 2222222222222222
256 8 16 79 0.009095 2222222222222222
256 8 16 80 0.008893 0000000000000000
256 8 16 81 0.011084 0000000000000000
256 8 16 82 0.010503 2222222222222222
256 8 16 83 0.007424 0000000000000000
256 8 16 84 0.008511 2222222222222222
256 8 16 85 0.009136 2222222222222222
256 8 16 86 0.010377 0000000000000000
256 8 16 87 0.009776 2222222222222222
256 8 16 88 0.009136 2222222222222222
256 8 16 89 0.010134 2222222222222222
256 8 16 90 0.010924 0000000000000000
256 8 16 91 0.010576 2222222222222222
256 8 16 92 0.008386 0000000000000000
256 8 16 93 0.009932 2222222222222222
256 8 16 94 0.009686 2222222222222222
256 8 16 95 0.009698 2222222222222222
256 8 16 96 0.009877 0000000000000000
256 8 16 97 0.009094 2222222222222222
256 8 16 98 0.009942 0000000000000000
256 8 16 99 0.010066 0000000000000000
256 8 32 0 0.011948 22222222
256 8 32 1 0.009193 00000000
256 8 32 2 0.009718 22222222
256 8 32 3 0.009717 00000000
256 8 32 4 0.012596 22222222
256 8 32 5 0.009535 22222222
256 8 32 6 0.010685 22222222
256 8 32 7 0.010278 22222222
256 8 32 8 0.010898 22222222
256 8 32 9 0.010631 00000000
256 8 32 10 0.010626 22222222
256 8 32 11 0.010739 00000000
256 8 32 12 0.009920 22222222
256 8 32 13 0.009497 00000000
256 8 32 14 0.011243 22222222
256 8 32 15 0.010773 22222222
256 8 32 16 0.008626 00000000
256 8 32 17 0.009774 22222222
256 8 32 18 0.012197 22222222
256 8 32 19 0.010530 00000000
256 8 32 20 0.010220 22222222
256 8 32 21 0.010126 22222222
256 8 32 22 0.010652 00000000
256 8 32 23 0.010300 00000000
256 8 32 24 0.010625 22222222
256 8 32 25 0.009246 22222222
256 8 32 26 0.010227 22222222
256 8 32 27 0.008796 22222222
256 8 32 28 0.010406 22222222
256 8 32 29 0.009044 22222222
256 8 32 30 0.010121 22222222
256 8 32 31 0.010530 22222222
256 8 32 32 0.011059 00000000
256 8 32 33 0.011451 22222222
256 8 32 34 0.009983 22222222
256 8 32 35 0.011008 00000000
256 8 32 36 0.009329 00000000
256 8 32 37 0.009626 22222222
256 8 32 38 0.009737 22222222
256 8 32 39 0.009425 22222222
256 8 32 40 0.010466 22222222
256 8 32 41 0.009170 00000000
256 8 32 42 0.010791 22222222
256 8 32 43 0.008039 22222222
256 8 32 44 0.009202 22222222
256 8 32 45 0.010030 22222222
256 8 32 46 0.010229 22222222
256 8 32 47 0.011227 22222222
256 8 32 48 0.009163 00000000
256 8 32 49 0.008415 22222222
256 8 32 50 0.009578 22222222
256 8 32 51 0.009205 22222222
256 8 32 52 0.009707 22222222
256 8 32 53 0.010254 22222222
256 8 32 54 0.009767 22222222
256 8 32 55 0.010189 22222222
256 8 32 56 0.008857 22222222
256 8 32 57 0.009727 22222222
256 8 32 58 0.010125 22222222
256 8 32 59 0.009863 22222222
256 8 32 60 0.011049 22222222
256 8 32 61 0.010769 22222222
256 8 32 62 0.010624 22222222
256 8 32 63 0.010249 22222222
256 8 32 64 0.009133 00000000
256 8 32 65 0.009996 22222222
256 8 32 66 0.010063 00000000
256 8 32 67 0.008623 22222222
256 8 32 68 0.008840 00000000
256 8 32 69 0.008955 22222222
256 8 32 70 0.009744 22222222
256 8 32 71 0.010715 22222222
256 8 32 72 0.008578 00000000
256 8 32 73 0.009204 00000000
256 8 32 74 0.008209 22222222
256 8 32 75 0.010765 22222222
256 8 32 76 0.009673 22222222
256 8 32 77 0.008857 22222222
256 8 32 78 0.009131 22222222
256 8 32 79 0.009616 22222222
256 8 32 80 0.010164 00000000
256 8 32 81 0.011145 00000000
256 8 32 82 0.011001 22222222
256 8 32 83 0.007231 00000000
256 8 32 84 0.008767 22222222
256 8 32 85 0.009394 22222222
256 8 32 86 0.010563 00000000
256 8 32 87 0.009627 22222222
256 8 32 88 0.009440 22222222
256 8 32 89 0.010282 22222222
256 8 32 90 0.010823 00000000
256 8 32 91 0.011330 22222222
256 8 32 92 0.008660 00000000
256 8 32 93 0.010304 22222222
256 8 32 94 0.010138 22222222
256 8 32 95 0.009898 22222222
256 8 32 96 0.010505 00000000
256 8 32 97 0.010039 22222222
256 8 32 98 0.010266 00000000
256 8 32 99 0.010355 00000000
512 2 4 0 0.002221 12222220000000000000000000000000000000000000000000000000000000000000000000000000000000000000000000000000000000000000000000000000
512 2 4 1 0.002351 00000000000000000000000000000000000000000000000000000000000000000000000000000000000000000000000000000000000000000000000000000000
512 2 4 2 0.002358 22222222222222222000000000000000000000000000000000000000000000000000000000000000000000000000000000000000000000000000000000000000
512 2 4 3 0.002340 22222000000000000000000000000000000000000000000000000000000000000000000000000000000000000000000000000000000000000000000000000000
512 2 4 4 0.002227 00000000000000000000000000000000000000000000000000000000000000000000000000000000000000000000000000000000000000000000000000000000
512 2 4 5 0.002255 22222222222222222200000000000000000000000000000000000000000000000000000000000000000000000000000000000000000000000000000000000000
512 2 4 6 0.002265 20000000000000000000000000000000000000000000000000000000000000000000000000000000000000000000000000000000000000000000000000000000
512 2 4 7 0.002274 00000000000000000000000000000000000000000000000000000000000000000000000000000000000000000000000000000000000000000000000000000000
512 2 4 8 0.002270 22222222222222222222222000000000000000000000000000000000000000000000000000000000000000000000000000000000000000000000000000000000
512 2 4 9 0.002396 00000000000000000000000000000000000000000000000000000000000000000000000000000000000000000000000000000000000000000000000000000000
512 2 4 10 0.002311 12222222220000000000000000000000000000000000000000000000000000000000000000000000000000000000000000000000000000000000000000000000
512 2 4 11 0.002315 22222222222222222222222222222222222222222222220000000000000000000000000000000000000000000000000000000000000000000000000000000000
512 2 4 12 0.002169 22222222222222222222222222222222222222222222222222222222222222222222222222222222222222222222222222222222222222200000000000000000
512 2 4 13 0.002274 22222222222222222222222222222222222222222222222222222222222222222222222222222222222222222222222222222222222222222222222222222222
512 2 4 14 0.002395 12222222222222222222222222222222222222222222222222222222222222222222222222220000000000000000000000000000000000000000000000000000
512 2 4 15 0.002281 20000000000000000000000000000000000000000000000000000000000000000000000000000000000000000000000000000000000000000000000000000000
512 2 4 16 0.002378 22222222222222222222222222222222222222222000000000000000000000000000000000000000000000000000000000000000000000000000000000000000
512 2 4 17 0.002238 22222222222222222222222222222222222222222222222222222222222222222222222222222222222222222222222222222222000000000000000000000000
512 2 4 18 0.002244 12222222222222222222222222222222222222222222222222222222222200000000000000000000000000000000000000000000000000000000000000000000
512 2 4 19 0.002105 12222222222222222222222222222222222222222220000000000000000000000000000000000000000000000000000000000000000000000000000000000000
512 2 4 20 0.002380 22000000000000000000000000000000000000000000000000000000000000000000000000000000000000000000000000000000000000000000000000000000
512 2 4 21 0.002255 00000000000000000000000000000000000000000000000000000000000000000000000000000000000000000000000000000000000000000000000000000000
512 2 4 22 0.002207 12222222222222222220000000000000000000000000000000000000000000000000000000000000000000000000000000000000000000000000000000000000
512 2 4 23 0.002126 22222222222222222222222222222222200000000000000000000000000000000000000000000000000000000000000000000000000000000000000000000000
512 2 4 24 0.002392 22222222222200000000000000000000000000000000000000000000000000000000000000000000000000000000000000000000000000000000000000000000
512 2 4 25 0.002272 22222222222222222222222222222222222222222222222222000000000000000000000000000000000000000000000000000000000000000000000000000000
512 2 4 26 0.002207 22222222222222222222222222222222222000000000000000000000000000000000000000000000000000000000000000000000000000000000000000000000
512 2 4 27 0.002283 22222222222222222222222222000000000000000000000000000000000000000000000000000000000000000000000000000000000000000000000000000000
512 2 4 28 0.002339 00000000000000000000000000000000000000000000000000000000000000000000000000000000000000000000000000000000000000000000000000000000
512 2 4 29 0.002226 22222222222222222222222222222222222222200000000000000000000000000000000000000000000000000000000000000000000000000000000000000000
512 2 4 30 0.002120 12222222222222222222222222222222222222222222222222222222222222222222222222222222222222222222222222222000000000000000000000000000
512 2 4 31 0.002305 22222222220000000000000000000000000000000000000000000000000000000000000000000000000000000000000000000000000000000000000000000000
512 2 4 32 0.002403 22222222222222222222222222222222222222222222222222222222222222222222222222222222222200000000000000000000000000000000000000000000
512 2 4 33 0.002133 22222222222222222222222222222222222222222222222222222222222222222222222222220000000000000000000000000000000000000000000000000000
512 2 4 34 0.002290 22222222222222222222222222222222222222222222222222222222222222222222222222222222222222222220000000000000000000000000000000000000
512 2 4 35 0.002319 22222222222222222222222222222222222222222222222222222222222222222222222222222220000000000000000000000000000000000000000000000000
512 2 4 36 0.002317 22222222222222222222222222222222222222222222222222222222222222222222222222222222222222222222222222222222222222222222222222222222
512 2 4 37 0.002241 00000000000000000000000000000000000000000000000000000000000000000000000000000000000000000000000000000000000000000000000000000000
512 2 4 38 0.002052 22222222222222222222222222222222000000000000000000000000000000000000000000000000000000000000000000000000000000000000000000000000
512 2 4 39 0.002299 00000000000000000000000000000000000000000000000000000000000000000000000000000000000000000000000000000000000000000000000000000000
512 2 4 40 0.002140 12222222220000000000000000000000000000000000000000000000000000000000000000000000000000000000000000000000000000000000000000000000
512 2 4 41 0.002255 22222222222222222222222222222222222222222222222222222222222222222222222222222222222222222222222222000000000000000000000000000000
512 2 4 42 0.002434 22222222222222222222222222222222222222222222222222222222222222222222222222222222222222222220000000000000000000000000000000000000
512 2 4 43 0.002283 22222222222222222222222222220000000000000000000000000000000000000000000000000000000000000000000000000000000000000000000000000000
512 2 4 44 0.002577 22222222222222222222222222222222222222222222222222222222222222222222222222222222222222222222222222222222222222222222222222222222
512 2 4 45 0.002348 12222222222222222222222222222222222222222222222222222222222222222222222222222222222222222222222222222222222222222222222200000000
512 2 4 46 0.002419 22222222222222222222222222222222222222222222220000000000000000000000000000000000000000000000000000000000000000000000000000000000
512 2 4 47 0.002221 22222222222222222222222222200000000000000000000000000000000000000000000000000000000000000000000000000000000000000000000000000000
512 2 4 48 0.002456 22222222222222222222222200000000000000000000000000000000000000000000000000000000000000000000000000000000000000000000000000000000
512 2 4 49 0.002259 12222222222222222222222222222222222222222222222222000000000000000000000000000000000000000000000000000000000000000000000000000000
512 2 4 50 0.002245 22222222000000000000000000000000000000000000000000000000000000000000000000000000000000000000000000000000000000000000000000000000
512 2 4 51 0.002235 22222222222222222222222222222222222222222222222222222222222222222222222220000000000000000000000000000000000000000000000000000000
512 2 4 52 0.002313 22200000000000000000000000000000000000000000000000000000000000000000000000000000000000000000000000000000000000000000000000000000
512 2 4 53 0.002338 22222200000000000000000000000000000000000000000000000000000000000000000000000000000000000000000000000000000000000000000000000000
512 2 4 54 0.002258 22222222222222222222222222222222222000000000000000000000000000000000000000000000000000000000000000000000000000000000000000000000
512 2 4 55 0.002320 12222222000000000000000000000000000000000000000000000000000000000000000000000000000000000000000000000000000000000000000000000000
512 2 4 56 0.002215 22222222000000000000000000000000000000000000000000000000000000000000000000000000000000000000000000000000000000000000000000000000
512 2 4 57 0.002255 22222222200000000000000000000000000000000000000000000000000000000000000000000000000000000000000000000000000000000000000000000000
512 2 4 58 0.002175 22222222222222222222222222222222222222222222222222222222222222222222222222222222222220000000000000000000000000000000000000000000
512 2 4 59 0.002332 22000000000000000000000000000000000000000000000000000000000000000000000000000000000000000000000000000000000000000000000000000000
512 2 4 60 0.002246 20000000000000000000000000000000000000000000000000000000000000000000000000000000000000000000000000000000000000000000000000000000
512 2 4 61 0.002147 22222220000000000000000000000000000000000000000000000000000000000000000000000000000000000000000000000000000000000000000000000000
512 2 4 62 0.002217 22200000000000000000000000000000000000000000000000000000000000000000000000000000000000000000000000000000000000000000000000000000
512 2 4 63 0.002312 22222222222222222222222222222222222222222222222222222222222200000000000000000000000000000000000000000000000000000000000000000000
512 2 4 64 0.002635 22222222222222222222222222222222222222222222222222222200000000000000000000000000000000000000000000000000000000000000000000000000
512 2 4 65 0.002321 22222222222222222222222222222222222222222222222000000000000000000000000000000000000000000000000000000000000000000000000000000000
512 2 4 66 0.002234 00000000000000000000000000000000000000000000000000000000000000000000000000000000000000000000000000000000000000000000000000000000
512 2 4 67 0.002279 00000000000000000000000000000000000000000000000000000000000000000000000000000000000000000000000000000000000000000000000000000000
512 2 4 68 0.002230 22222222222222222222222200000000000000000000000000000000000000000000000000000000000000000000000000000000000000000000000000000000
512 2 4 69 0.002422 00000000000000000000000000000000000000000000000000000000000000000000000000000000000000000000000000000000000000000000000000000000
512 2 4 70 0.002367 22222222222222222222222222222222222222220000000000000000000000000000000000000000000000000000000000000000000000000000000000000000
512 2 4 71 0.002375 22222222222222222222222222222222222222222200000000000000000000000000000000000000000000000000000000000000000000000000000000000000
512 2 4 72 0.002294 22222222222222222222222222222222220000000000000000000000000000000000000000000000000000000000000000000000000000000000000000000000
512 2 4 73 0.002219 22222222222222222222222222222200000000000000000000000000000000000000000000000000000000000000000000000000000000000000000000000000
512 2 4 74 0.002163 00000000000000000000000000000000000000000000000000000000000000000000000000000000000000000000000000000000000000000000000000000000
512 2 4 75 0.002346 22222222222222222220000000000000000000000000000000000000000000000000000000000000000000000000000000000000000000000000000000000000
512 2 4 76 0.002346 22222222222222222222222222222222222222222222222222222222222222222222200000000000000000000000000000000000000000000000000000000000
512 2 4 77 0.002254 22222222222222222222222222222222220000000000000000000000000000000000000000000000000000000000000000000000000000000000000000000000
512 2 4 78 0.002339 22222222222222222222222222222222222222222222222222222222222222222222222222222222222222222222222222222222222222222222222222222222
512 2 4 79 0.002371 22222222222222222222222222222222222200000000000000000000000000000000000000000000000000000000000000000000000000000000000000000000
512 2 4 80 0.002265 00000000000000000000000000000000000000000000000000000000000000000000000000000000000000000000000000000000000000000000000000000000
512 2 4 81 0.002283 20000000000000000000000000000000000000000000000000000000000000000000000000000000000000000000000000000000000000000000000000000000
512 2 4 82 0.002261 12222222222000000000000000000000000000000000000000000000000000000000000000000000000000000000000000000000000000000000000000000000
512 2 4 83 0.002240 22222222222222222222222222222222222222222200000000000000000000000000000000000000000000000000000000000000000000000000000000000000
512 2 4 84 0.002431 22222222222222222222222222222222222000000000000000000000000000000000000000000000000000000000000000000000000000000000000000000000
512 2 4 85 0.002310 22222222222222222222222222222222222222222222222222222222222222222222222222222222222222222222222222222222222222222222222222222222
512 2 4 86 0.002279 22222222222220000000000000000000000000000000000000000000000000000000000000000000000000000000000000000000000000000000000000000000
512 2 4 87 0.002369 22222222222222222222222222222222222222222222200000000000000000000000000000000000000000000000000000000000000000000000000000000000
512 2 4 88 0.002320 00000000000000000000000000000000000000000000000000000000000000000000000000000000000000000000000000000000000000000000000000000000
512 2 4 89 0.002340 22222222222222222222222222222222222222222222222220000000000000000000000000000000000000000000000000000000000000000000000000000000
512 2 4 90 0.002292 22222222200000000000000000000000000000000000000000000000000000000000000000000000000000000000000000000000000000000000000000000000
512 2 4 91 0.002360 00000000000000000000000000000000000000000000000000000000000000000000000000000000000000000000000000000000000000000000000000000000
512 2 4 92 0.002356 22222222200000000000000000000000000000000000000000000000000000000000000000000000000000000000000000000000000000000000000000000000
512 2 4 93 0.002271 12222222222200000000000000000000000000000000000000000000000000000000000000000000000000000000000000000000000000000000000000000000
512 2 4 94 0.002418 12222222222222222222222222222000000000000000000000000000000000000000000000000000000000000000000000000000000000000000000000000000
512 2 4 95 0.002321 22222222222222222222222222220000000000000000000000000000000000000000000000000000000000000000000000000000000000000000000000000000
512 2 4 96 0.002216 22222222222222222222222222222222222222222222222222222222222222222222222222222000000000000000000000000000000000000000000000000000
512 2 4 97 0.002310 12222222222222222222222222222222222222222222222222222222222222222222222222222220000000000000000000000000000000000000000000000000
512 2 4 98 0.002242 22222222222200000000000000000000000000000000000000000000000000000000000000000000000000000000000000000000000000000000000000000000
512 2 4 99 0.002412 22222222222222222222222222222222200000000000000000000000000000000000000000000000000000000000000000000000000000000000000000000000
512 2 8 0 0.002155 2220000000000000000000000000000000000000000000000000000000000000
512 2 8 1 0.002334 0000000000000000000000000000000000000000000000000000000000000000
512 2 8 2 0.002299 2222222200000000000000000000000000000000000000000000000000000000
512 2 8 3 0.002318 2200000000000000000000000000000000000000000000000000000000000000
512 2 8 4 0.002293 0000000000000000000000000000000000000000000000000000000000000000
512 2 8 5 0.002307 2222222220000000000000000000000000000000000000000000000000000000
512 2 8 6 0.002214 0000000000000000000000000000000000000000000000000000000000000000
512 2 8 7 0.002220 0000000000000000000000000000000000000000000000000000000000000000
512 2 8 8 0.002266 2222222222200000000000000000000000000000000000000000000000000000
512 2 8 9 0.002357 0000000000000000000000000000000000000000000000000000000000000000
512 2 8 10 0.002395 2222200000000000000000000000000000000000000000000000000000000000
512 2 8 11 0.002298 2222222222222222222222200000000000000000000000000000000000000000
512 2 8 12 0.002148 2222222222222222222222222222222222222222222222222222222000000000
512 2 8 13 0.002280 2222222222222222222222222222222222222222222222222222222222222222
512 2 8 14 0.002337 2222222222222222222222222222222222222200000000000000000000000000
512 2 8 15 0.002311 0000000000000000000000000000000000000000000000000000000000000000
512 2 8 16 0.002446 2222222222222222222200000000000000000000000000000000000000000000
512 2 8 17 0.002238 2222222222222222222222222222222222222222222222222222000000000000
512 2 8 18 0.002227 2222222222222222222222222222220000000000000000000000000000000000
512 2 8 19 0.002076 2222222222222222222220000000000000000000000000000000000000000000
512 2 8 20 0.002306 2000000000000000000000000000000000000000000000000000000000000000
512 2 8 21 0.002218 0000000000000000000000000000000000000000000000000000000000000000
512 2 8 22 0.002242 2222222220000000000000000000000000000000000000000000000000000000
512 2 8 23 0.002159 2222222222222222000000000000000000000000000000000000000000000000
512 2 8 24 0.002395 2222220000000000000000000000000000000000000000000000000000000000
512 2 8 25 0.002244 2222222222222222222222222000000000000000000000000000000000000000
512 2 8 26 0.002188 2222222222222222200000000000000000000000000000000000000000000000
512 2 8 27 0.002276 2222222222222000000000000000000000000000000000000000000000000000
512 2 8 28 0.002266 0000000000000000000000000000000000000000000000000000000000000000
512 2 8 29 0.002190 2222222222222222222000000000000000000000000000000000000000000000
512 2 8 30 0.002214 2222222222222222222222222222222222222222222222222200000000000000
512 2 8 31 0.002303 2222200000000000000000000000000000000000000000000000000000000000
512 2 8 32 0.002380 2222222222222222222222222222222222222222220000000000000000000000
512 2 8 33 0.002093 2222222222222222222222222222222222222200000000000000000000000000
512 2 8 34 0.002305 2222222222222222222222222222222222222222222220000000000000000000
512 2 8 35 0.002289 2222222222222222222222222222222222222000000000000000000000000000
512 2 8 36 0.002320 2222222222222222222222222222222222222222222222222222222222222222
512 2 8 37 0.002227 0000000000000000000000000000000000000000000000000000000000000000
512 2 8 38 0.002051 2222222222222222000000000000000000000000000000000000000000000000
512 2 8 39 0.002287 0000000000000000000000000000000000000000000000000000000000000000
512 2 8 40 0.002153 2222200000000000000000000000000000000000000000000000000000000000
512 2 8 41 0.002309 2222222222222222222222222222222222222222222222222000000000000000
512 2 8 42 0.002399 2222222222222222222222222222222222222222222220000000000000000000
512 2 8 43 0.002276 2222222222222200000000000000000000000000000000000000000000000000
512 2 8 44 0.002551 2222222222222222222222222222222222222222222222222222222222222222
512 2 8 45 0.002250 2222222222222222222222222222222222222222222222222222222222220000
512 2 8 46 0.003086 2222222222222222222000000000000000000000000000000000000000000000
512 2 8 47 0.002204 2222222222222000000000000000000000000000000000000000000000000000
512 2 8 48 0.002550 2222222222220000000000000000000000000000000000000000000000000000
512 2 8 49 0.002256 2222222222222222222222222000000000000000000000000000000000000000
512 2 8 50 0.002210 2222000000000000000000000000000000000000000000000000000000000000
512 2 8 51 0.002284 2222222222222222222222222222222222220000000000000000000000000000
512 2 8 52 0.002314 2000000000000000000000000000000000000000000000000000000000000000
512 2 8 53 0.002322 2220000000000000000000000000000000000000000000000000000000000000
512 2 8 54 0.002220 2222222222222222200000000000000000000000000000000000000000000000
512 2 8 55 0.002201 2222000000000000000000000000000000000000000000000000000000000000
512 2 8 56 0.002256 2222000000000000000000000000000000000000000000000000000000000000
512 2 8 57 0.002251 2222000000000000000000000000000000000000000000000000000000000000
512 2 8 58 0.002258 2222222222222222222222222222222222222222220000000000000000000000
512 2 8 59 0.002304 2000000000000000000000000000000000000000000000000000000000000000
512 2 8 60 0.002226 0000000000000000000000000000000000000000000000000000000000000000
512 2 8 61 0.002107 2220000000000000000000000000000000000000000000000000000000000000
512 2 8 62 0.002236 2000000000000000000000000000000000000000000000000000000000000000
512 2 8 63 0.002321 2222222222222222222222222222220000000000000000000000000000000000
512 2 8 64 0.002515 2222222222222222222222222220000000000000000000000000000000000000
512 2 8 65 0.002275 2222222222222222222222200000000000000000000000000000000000000000
512 2 8 66 0.002187 0000000000000000000000000000000000000000000000000000000000000000
512 2 8 67 0.002245 0000000000000000000000000000000000000000000000000000000000000000
512 2 8 68 0.002237 2222222222220000000000000000000000000000000000000000000000000000
512 2 8 69 0.002494 0000000000000000000000000000000000000000000000000000000000000000
512 2 8 70 0.002504 2222222222222222222200000000000000000000000000000000000000000000
512 2 8 71 0.002366 2222222222222222222220000000000000000000000000000000000000000000
512 2 8 72 0.002337 2222222222222222200000000000000000000000000000000000000000000000
512 2 8 73 0.002225 2222222222222220000000000000000000000000000000000000000000000000
512 2 8 74 0.002109 0000000000000000000000000000000000000000000000000000000000000000
512 2 8 75 0.002399 2222222220000000000000000000000000000000000000000000000000000000
512 2 8 76 0.002321 2222222222222222222222222222222222000000000000000000000000000000
512 2 8 77 0.002231 2222222222222222200000000000000000000000000000000000000000000000
512 2 8 78 0.002313 2222222222222222222222222222222222222222222222222222222222222222
512 2 8 79 0.002443 2222222222222222220000000000000000000000000000000000000000000000
512 2 8 80 0.002183 0000000000000000000000000000000000000000000000000000000000000000
512 2 8 81 0.002274 0000000000000000000000000000000000000000000000000000000000000000
512 2 8 82 0.002227 2222200000000000000000000000000000000000000000000000000000000000
512 2 8 83 0.002219 2222222222222222222220000000000000000000000000000000000000000000
512 2 8 84 0.002466 2222222222222222200000000000000000000000000000000000000000000000
512 2 8 85 0.002286 2222222222222222222222222222222222222222222222222222222222222222
512 2 8 86 0.002706 2222220000000000000000000000000000000000000000000000000000000000
512 2 8 87 0.002389 2222222222222222220000000000000000000000000000000000000000000000
512 2 8 88 0.002331 0000000000000000000000000000000000000000000000000000000000000000
512 2 8 89 0.002363 2222222222222222222222220000000000000000000000000000000000000000
512 2 8 90 0.002293 2222000000000000000000000000000000000000000000000000000000000000
512 2 8 91 0.002372 0000000000000000000000000000000000000000000000000000000000000000
512 2 8 92 0.002383 2222000000000000000000000000000000000000000000000000000000000000
512 2 8 93 0.002276 2222220000000000000000000000000000000000000000000000000000000000
512 2 8 94 0.002281 2222222222222200000000000000000000000000000000000000000000000000
512 2 8 95 0.002357 2222222222222200000000000000000000000000000000000000000000000000
512 2 8 96 0.002209 2222222222222222222222222222222222222200000000000000000000000000
512 2 8 97 0.002304 2222222222222222222222222222222222222220000000000000000000000000
512 2 8 98 0.002227 2222220000000000000000000000000000000000000000000000000000000000
512 2 8 99 0.002401 2222222222222222000000000000000000000000000000000000000000000000
512 2 16 0 0.002108 20000000000000000000000000000000
512 2 16 1 0.002266 00000000000000000000000000000000
512 2 16 2 0.002266 22220000000000000000000000000000
512 2 16 3 0.002238 20000000000000000000000000000000
512 2 16 4 0.002163 00000000000000000000000000000000
512 2 16 5 0.002180 22220000000000000000000000000000
512 2 16 6 0.002152 00000000000000000000000000000000
512 2 16 7 0.002164 00000000000000000000000000000000
512 2 16 8 0.002185 22222000000000000000000000000000
512 2 16 9 0.002287 00000000000000000000000000000000
512 2 16 10 0.002261 22000000000000000000000000000000
512 2 16 11 0.002227 22222222222000000000000000000000
512 2 16 12 0.002101 22222222222222222222222222200000
512 2 16 13 0.002282 22222222222222222222222222222222
512 2 16 14 0.002315 22222222222222222220000000000000
512 2 16 15 0.002129 00000000000000000000000000000000
512 2 16 16 0.002317 22222222220000000000000000000000
512 2 16 17 0.002158 22222222222222222222222222000000
512 2 16 18 0.002183 22222222222222200000000000000000
512 2 16 19 0.002002 22222222220000000000000000000000
512 2 16 20 0.002254 00000000000000000000000000000000
512 2 16 21 0.002118 00000000000000000000000000000000
512 2 16 22 0.002179 22220000000000000000000000000000
512 2 16 23 0.002075 22222222000000000000000000000000
512 2 16 24 0.002323 22200000000000000000000000000000
512 2 16 25 0.002135 22222220000000000000000000000000
512 2 16 26 0.002113 22222222000000000000000000000000
512 2 16 27 0.002216 22222200000000000000000000000000
512 2 16 28 0.002203 00000000000000000000000000000000
512 2 16 29 0.002195 22222222200000000000000000000000
512 2 16 30 0.002054 22222222222222222222222220000000
512 2 16 31 0.002264 22000000000000000000000000000000
512 2 16 32 0.002324 22222222222222222222200000000000
512 2 16 33 0.002039 22222222222222222220000000000000
512 2 16 34 0.002246 22222222222222222222220000000000
512 2 16 35 0.002243 22222222222222222200000000000000
512 2 16 36 0.002244 22222222222222222222222222222222
512 2 16 37 0.002176 00000000000000000000000000000000
512 2 16 38 0.001990 22222222000000000000000000000000
512 2 16 39 0.002254 00000000000000000000000000000000
512 2 16 40 0.002169 22000000000000000000000000000000
512 2 16 41 0.002232 22222222222222222222222200000000
512 2 16 42 0.002304 22222222222222222222220000000000
512 2 16 43 0.002216 22222220000000000000000000000000
512 2 16 44 0.002466 22222222222222222222222222222222
512 2 16 45 0.002195 22222222222222222222222222222200
512 2 16 46 0.002402 22222222200000000000000000000000
512 2 16 47 0.002142 22222200000000000000000000000000
512 2 16 48 0.002421 22222200000000000000000000000000
512 2 16 49 0.002202 22222222222200000000000000000000
512 2 16 50 0.002170 22000000000000000000000000000000
512 2 16 51 0.002192 22222222222222222200000000000000
512 2 16 52 0.002211 00000000000000000000000000000000
512 2 16 53 0.002245 20000000000000000000000000000000
512 2 16 54 0.002337 22222222000000000000000000000000
512 2 16 55 0.002135 22000000000000000000000000000000
512 2 16 56 0.002111 22000000000000000000000000000000
512 2 16 57 0.002164 22000000000000000000000000000000
512 2 16 58 0.002134 22222222222222222222200000000000
512 2 16 59 0.002248 00000000000000000000000000000000
512 2 16 60 0.002156 00000000000000000000000000000000
512 2 16 61 0.002075 20000000000000000000000000000000
512 2 16 62 0.002122 00000000000000000000000000000000
512 2 16 63 0.002361 22222222222222200000000000000000
512 2 16 64 0.002358 22222222222220000000000000000000
512 2 16 65 0.002224 22222222222000000000000000000000
512 2 16 66 0.002140 00000000000000000000000000000000
512 2 16 67 0.002206 00000000000000000000000000000000
512 2 16 68 0.002297 22222200000000000000000000000000
512 2 16 69 0.002353 00000000000000000000000000000000
512 2 16 70 0.002263 22222222220000000000000000000000
512 2 16 71 0.002305 22222222220000000000000000000000
512 2 16 72 0.002215 22222222000000000000000000000000
512 2 16 73 0.002173 22222220000000000000000000000000
512 2 16 74 0.002103 00000000000000000000000000000000
512 2 16 75 0.002250 22220000000000000000000000000000
512 2 16 76 0.002297 22222222222222222000000000000000
512 2 16 77 0.002166 22222222000000000000000000000000
512 2 16 78 0.002288 22222222222222222222222222222222
512 2 16 79 0.002357 22222222200000000000000000000000
512 2 16 80 0.002141 00000000000000000000000000000000
512 2 16 81 0.002211 00000000000000000000000000000000
512 2 16 82 0.002182 22000000000000000000000000000000
512 2 16 83 0.002165 22222222220000000000000000000000
512 2 16 84 0.002413 22222222000000000000000000000000
512 2 16 85 0.002211 22222222222222222222222222222222
512 2 16 86 0.002222 22200000000000000000000000000000
512 2 16 87 0.002282 22222222200000000000000000000000
512 2 16 88 0.002252 00000000000000000000000000000000
512 2 16 89 0.002186 22222222222200000000000000000000
512 2 16 90 0.002248 22000000000000000000000000000000
512 2 16 91 0.002292 00000000000000000000000000000000
512 2 16 92 0.002300 22000000000000000000000000000000
512 2 16 93 0.002216 22200000000000000000000000000000
512 2 16 94 0.002179 22222220000000000000000000000000
512 2 16 95 0.002300 22222220000000000000000000000000
512 2 16 96 0.002252 22222222222222222220000000000000
512 2 16 97 0.002339 22222222222222222220000000000000
512 2 16 98 0.002140 22200000000000000000000000000000
512 2 16 99 0.002326 22222222000000000000000000000000
512 2 32 0 0.002168 0000000000000000
512 2 32 1 0.002396 0000000000000000
512 2 32 2 0.002393 2200000000000000
512 2 32 3 0.002280 0000000000000000
512 2 32 4 0.002235 0000000000000000
512 2 32 5 0.002238 2200000000000000
512 2 32 6 0.002225 0000000000000000
512 2 32 7 0.002263 0000000000000000
512 2 32 8 0.002282 2200000000000000
512 2 32 9 0.002401 0000000000000000
512 2 32 10 0.002295 2000000000000000
512 2 32 11 0.002309 2222200000000000
512 2 32 12 0.002165 2222222222222000
512 2 32 13 0.002336 2222222222222222
512 2 32 14 0.002531 2222222220000000
512 2 32 15 0.002213 0000000000000000
512 2 32 16 0.002367 2222200000000000
512 2 32 17 0.002190 2222222222222000
512 2 32 18 0.002229 2222222000000000
512 2 32 19 0.002142 2222200000000000
512 2 32 20 0.002401 0000000000000000
512 2 32 21 0.002212 0000000000000000
512 2 32 22 0.002241 2200000000000000
512 2 32 23 0.002104 2222000000000000
512 2 32 24 0.002381 2000000000000000
512 2 32 25 0.002186 2220000000000000
512 2 32 26 0.002268 2222000000000000
512 2 32 27 0.002261 2220000000000000
512 2 32 28 0.002282 0000000000000000
512 2 32 29 0.002328 2222000000000000
512 2 32 30 0.002102 2222222222220000
512 2 32 31 0.002359 2000000000000000
512 2 32 32 0.002375 2222222222000000
512 2 32 33 0.002105 2222222220000000
512 2 32 34 0.002267 2222222222200000
512 2 32 35 0.002311 2222222220000000
512 2 32 36 0.002295 2222222222222222
512 2 32 37 0.002253 0000000000000000
512 2 32 38 0.002022 2222000000000000
512 2 32 39 0.002295 0000000000000000
512 2 32 40 0.002124 2000000000000000
512 2 32 41 0.002260 2222222222220000
512 2 32 42 0.002449 2222222222200000
512 2 32 43 0.002273 2220000000000000
512 2 32 44 0.002573 2222222222222222
512 2 32 45 0.002280 2222222222222220
512 2 32 46 0.002412 2222000000000000
512 2 32 47 0.002197 2220000000000000
512 2 32 48 0.002496 2220000000000000
512 2 32 49 0.002256 2222220000000000
512 2 32 50 0.002210 2000000000000000
512 2 32 51 0.002233 2222222220000000
512 2 32 52 0.002266 0000000000000000
512 2 32 53 0.002323 0000000000000000
512 2 32 54 0.002159 2222000000000000
512 2 32 55 0.002196 2000000000000000
512 2 32 56 0.002239 2000000000000000
512 2 32 57 0.002292 2000000000000000
512 2 32 58 0.002182 2222222222000000
512 2 32 59 0.002364 0000000000000000
512 2 32 60 0.002230 0000000000000000
512 2 32 61 0.002120 0000000000000000
512 2 32 62 0.002171 0000000000000000
512 2 32 63 0.002327 2222222000000000
512 2 32 64 0.003067 2222220000000000
512 2 32 65 0.002335 2222200000000000
512 2 32 66 0.002180 0000000000000000
512 2 32 67 0.002276 0000000000000000
512 2 32 68 0.002237 2220000000000000
512 2 32 69 0.002475 0000000000000000
512 2 32 70 0.002373 2222200000000000
512 2 32 71 0.002375 2222200000000000
512 2 32 72 0.002279 2222000000000000
512 2 32 73 0.002209 2220000000000000
512 2 32 74 0.002124 0000000000000000
512 2 32 75 0.002421 2200000000000000
512 2 32 76 0.002317 2222222200000000
512 2 32 77 0.002241 2222000000000000
512 2 32 78 0.002316 2222222222222222
512 2 32 79 0.002374 2222000000000000
512 2 32 80 0.002201 0000000000000000
512 2 32 81 0.002326 0000000000000000
512 2 32 82 0.002249 2000000000000000
512 2 32 83 0.002232 2222200000000000
512 2 32 84 0.002437 2222000000000000
512 2 32 85 0.002243 2222222222222222
512 2 32 86 0.002278 2000000000000000
512 2 32 87 0.002376 2222000000000000
512 2 32 88 0.002388 0000000000000000
512 2 32 89 0.002252 2222220000000000
512 2 32 90 0.002358 2000000000000000
512 2 32 91 0.002333 0000000000000000
512 2 32 92 0.002380 2000000000000000
512 2 32 93 0.002263 2000000000000000
512 2 32 94 0.002225 2220000000000000
512 2 32 95 0.002439 2220000000000000
512 2 32 96 0.002250 2222222220000000
512 2 32 97 0.002300 2222222220000000
512 2 32 98 0.002205 2000000000000000
512 2 32 99 0.002407 2222000000000000
512 4 8 0 0.005797 2222222222222222222222222222222222222222222222222222222222222222
512 4 8 1 0.006431 0000000000000000000000000000000000000000000000000000000000000000
512 4 8 2 0.006283 2222222222222222222222222222222222222222222222222222222222222222
512 4 8 3 0.006339 2222222222222222222222222222222222222222222222222222222222222222
512 4 8 4 0.005890 0000000000000000000000000000000000000000000000000000000000000000
512 4 8 5 0.006102 2222222222222222222222222222222222222222222222222222222222222222
512 4 8 6 0.005965 2222222222222222222222222222222222222222222222222222222222222222
512 4 8 7 0.006048 0000000000000000000000000000000000000000000000000000000000000000
512 4 8 8 0.006043 2222222222222222222222222222222222222222222222222222222222222222
512 4 8 9 0.006855 0000000000000000000000000000000000000000000000000000000000000000
512 4 8 10 0.006337 2222222222222222222222222222222222222222222222222222222222222222
512 4 8 11 0.006432 2222222222222222222222222222222222222222222222222222222222222222
512 4 8 12 0.005653 2222222222222222222222222222222222222222222222222222222222222222
512 4 8 13 0.006167 2222222222222222222222222222222222222222222222222222222222222222
512 4 8 14 0.006317 2222222222222222222222222222222222222222222222222222222222222222
512 4 8 15 0.005924 2222222222222222222222222222222222222222222222222222222222222222
512 4 8 16 0.006385 2222222222222222222222222222222222222222222222222222222222222222
512 4 8 17 0.006102 2222222222222222222222222222222222222222222222222222222222222222
512 4 8 18 0.006095 2222222222222222222222222222222222222222222222222222222222222222
512 4 8 19 0.005464 2222222222222222222222222222222222222222222222222222222222222222
512 4 8 20 0.006082 2222222222222222222222222222222222222222222222222222222222222222
512 4 8 21 0.006015 0000000000000000000000000000000000000000000000000000000000000000
512 4 8 22 0.006048 2222222222222222222222222222222222222222222222222222222222222222
512 4 8 23 0.005413 2222222222222222222222222222222222222222222222222222222222222222
512 4 8 24 0.006685 2222222222222222222222222222222222222222222222222222222222222222
512 4 8 25 0.005944 2222222222222222222222222222222222222222222222222222222222222222
512 4 8 26 0.005983 2222222222222222222222222222222222222222222222222222222222222222
512 4 8 27 0.006129 2222222222222222222222222222222222222222222222222222222222222222
512 4 8 28 0.005990 0000000000000000000000000000000000000000000000000000000000000000
512 4 8 29 0.005960 2222222222222222222222222222222222222222222222222222222222222222
512 4 8 30 0.005561 2222222222222222222222222222222222222222222222222222222222222222
512 4 8 31 0.006263 2222222222222222222222222222222222222222222222222222222222222222
512 4 8 32 0.006380 2222222222222222222222222222222222222222222222222222222222222222
512 4 8 33 0.005686 2222222222222222222222222222222222222222222222222222222222222222
512 4 8 34 0.006153 2222222222222222222222222222222222222222222222222222222222222222
512 4 8 35 0.006411 2222222222222222222222222222222222222222222222222222222222222222
512 4 8 36 0.006211 2222222222222222222222222222222222222222222222222222222222222222
512 4 8 37 0.006010 0000000000000000000000000000000000000000000000000000000000000000
512 4 8 38 0.005280 2222222222222222222222222222222222222222222222222222222222222222
512 4 8 39 0.006320 0000000000000000000000000000000000000000000000000000000000000000
512 4 8 40 0.005822 2222222222222222222222222222222222222222222222222222222222222222
512 4 8 41 0.005775 2222222222222222222222222222222222222222222222222222222222222222
512 4 8 42 0.006417 2222222222222222222222222222222222222222222222222222222222222222
512 4 8 43 0.006201 2222222222222222222222222222222222222222222222222222222222222222
512 4 8 44 0.007448 2222222222222222222222222222222222222222222222222222222222222222
512 4 8 45 0.006374 2222222222222222222222222222222222222222222222222222222222222222
512 4 8 46 0.006778 2222222222222222222222222222222222222222222222222222222222222222
512 4 8 47 0.006422 2222222222222222222222222222222222222222222222222222222222222222
512 4 8 48 0.007390 2222222222222222222222222222222222222222222222222222222222222222
512 4 8 49 0.006203 2222222222222222222222222222222222222222222222222222222222222222
512 4 8 50 0.005960 2222222222222222222222222222222222222222222222222222222222222222
512 4 8 51 0.006162 2222222222222222222222222222222222222222222222222222222222222222
512 4 8 52 0.006225 2222222222222222222222222222222222222222222222222222222222222222
512 4 8 53 0.006301 2222222222222222222222222222222222222222222222222222222222222222
512 4 8 54 0.005965 2222222222222222222222222222222222222222222222222222222222222222
512 4 8 55 0.005867 2222222222222222222222222222222222222222222222222222222222222222
512 4 8 56 0.005862 2222222222222222222222222222222222222222222222222222222222222222
512 4 8 57 0.005965 2222222222222222222222222222222222222222222222222222222222222222
512 4 8 58 0.005762 2222222222222222222222222222222222222222222222222222222222222222
512 4 8 59 0.006297 2222222222222222222222222222222222222222222222222222222222222222
512 4 8 60 0.006423 2222222222222222222222222222222222222222222222222222222222222222
512 4 8 61 0.005529 2222222222222222222222222222222222222222222222222222222222222222
512 4 8 62 0.005799 2222222222222222222222222222222222222222222222222222222222222222
512 4 8 63 0.006332 2222222222222222222222222222222222222222222222222222222222222222
512 4 8 64 0.006613 2222222222222222222222222222222222222222222222222222222222222222
512 4 8 65 0.006227 2222222222222222222222222222222222222222222222222222222222222222
512 4 8 66 0.005964 0000000000000000000000000000000000000000000000000000000000000000
512 4 8 67 0.006262 0000000000000000000000000000000000000000000000000000000000000000
512 4 8 68 0.006050 2222222222222222222222222222222222222222222222222222222222222222
512 4 8 69 0.006705 0000000000000000000000000000000000000000000000000000000000000000
512 4 8 70 0.006270 2222222222222222222222222222222222222222222222222222222222222222
512 4 8 71 0.006560 2222222222222222222222222222222222222222222222222222222222222222
512 4 8 72 0.006082 2222222222222222222222222222222222222222222222222222222222222222
512 4 8 73 0.006082 2222222222222222222222222222222222222222222222222222222222222222
512 4 8 74 0.005539 0000000000000000000000000000000000000000000000000000000000000000
512 4 8 75 0.006347 2222222222222222222222222222222222222222222222222222222222222222
512 4 8 76 0.006423 2222222222222222222222222222222222222222222222222222222222222222
512 4 8 77 0.006011 2222222222222222222222222222222222222222222222222222222222222222
512 4 8 78 0.006698 2222222222222222222222222222222222222222222222222222222222222222
512 4 8 79 0.006415 2222222222222222222222222222222222222222222222222222222222222222
512 4 8 80 0.005821 0000000000000000000000000000000000000000000000000000000000000000
512 4 8 81 0.006256 2222222222222222222222222222222222222222222222222222222222222222
512 4 8 82 0.006077 2222222222222222222222222222222222220000000000000000000000000000
512 4 8 83 0.005946 2222222222222222222222222222222222222222222222222222222222222222
512 4 8 84 0.006685 2222222222222222222222222222222222222222222222222222222222222222
512 4 8 85 0.005998 2222222222222222222222222222222222222222222222222222222222222222
512 4 8 86 0.006324 2222222222222222222222222222222222222222222222222222222222222222
512 4 8 87 0.006521 2222222222222222222222222222222222222222222222222222222222222222
512 4 8 88 0.006382 0000000000000000000000000000000000000000000000000000000000000000
512 4 8 89 0.006025 2222222222222222222222222222222222222222222222222222222222222222
512 4 8 90 0.006242 2222222222222222222222222222222222222222222222222222222222222222
512 4 8 91 0.006742 0000000000000000000000000000000000000000000000000000000000000000
512 4 8 92 0.006657 2222222222222222222222222222222222222222222222222222222222222222
512 4 8 93 0.006267 2222222222222222222222222222222222222222222222222222222222222222
512 4 8 94 0.006433 2222222222222222222222222222222222222222222222222222222222222222
512 4 8 95 0.006158 2222222222222222222222222222222222222222222222222222222222222222
512 4 8 96 0.005830 2222222222222222222222222222222222222222222222222222222222222222
512 4 8 97 0.006269 2222222222222222222222222222222222222222222222222222222222222222
512 4 8 98 0.006270 2222222222222222222222222222222222222222222222222222222222222222
512 4 8 99 0.006598 2222222222222222222222222222222222222222222222222222222222222222
512 4 16 0 0.005681 22222222222222222222222222222222
512 4 16 1 0.006197 00000000000000000000000000000000
512 4 16 2 0.006122 22222222222222222222222222222222
512 4 16 3 0.005919 22222222222222222222222222222222
512 4 16 4 0.005774 00000000000000000000000000000000
512 4 16 5 0.006032 22222222222222222222222222222222
512 4 16 6 0.005983 22222222222222222222222222222222
512 4 16 7 0.005842 00000000000000000000000000000000
512 4 16 8 0.005911 22222222222222222222222222222222
512 4 16 9 0.006377 00000000000000000000000000000000
512 4 16 10 0.006223 22222222222222222222222222222222
512 4 16 11 0.006089 22222222222222222222222222222222
512 4 16 12 0.005494 22222222222222222222222222222222
512 4 16 13 0.006029 22222222222222222222222222222222
512 4 16 14 0.006149 22222222222222222222222222222222
512 4 16 15 0.005731 22222222222222222222222222222222
512 4 16 16 0.006198 22222222222222222222222222222222
512 4 16 17 0.006035 22222222222222222222222222222222
512 4 16 18 0.006017 22222222222222222222222222222222
512 4 16 19 0.005341 22222222222222222222222222222222
512 4 16 20 0.005972 22222222222222222222222222222222
512 4 16 21 0.005767 00000000000000000000000000000000
512 4 16 22 0.005756 22222222222222222222222222222222
512 4 16 23 0.005305 22222222222222222222222222222222
512 4 16 24 0.006315 22222222222222222222222222222222
512 4 16 25 0.005885 22222222222222222222222222222222
512 4 16 26 0.005776 22222222222222222222222222222222
512 4 16 27 0.005991 22222222222222222222222222222222
512 4 16 28 0.005763 00000000000000000000000000000000
512 4 16 29 0.005612 22222222222222222222222222222222
512 4 16 30 0.005269 22222222222222222222222222222222
512 4 16 31 0.006117 22222222222222222222222222222222
512 4 16 32 0.006222 22222222222222222222222222222222
512 4 16 33 0.005384 22222222222222222222222222222222
512 4 16 34 0.005827 22222222222222222222222222222222
512 4 16 35 0.006127 22222222222222222222222222222222
512 4 16 36 0.005992 22222222222222222222222222222222
512 4 16 37 0.005898 00000000000000000000000000000000
512 4 16 38 0.005170 22222222222222222222222222222222
512 4 16 39 0.006164 00000000000000000000000000000000
512 4 16 40 0.005700 22222222222222222222222222222222
512 4 16 41 0.005674 22222222222222222222222222222222
512 4 16 42 0.006189 22222222222222222222222222222222
512 4 16 43 0.006024 22222222222222222222222222222222
512 4 16 44 0.006854 22222222222222222222222222222222
512 4 16 45 0.005991 22222222222222222222222222222222
512 4 16 46 0.006457 22222222222222222222222222222222
512 4 16 47 0.005757 22222222222222222222222222222222
512 4 16 48 0.006556 22222222222222222222222222222222
512 4 16 49 0.005752 22222222222222222222222222222222
512 4 16 50 0.005732 22222222222222222222222222222222
512 4 16 51 0.005744 22222222222222222222222222222222
512 4 16 52 0.006160 22222222222222222222222222222222
512 4 16 53 0.006085 22222222222222222222222222222222
512 4 16 54 0.005770 22222222222222222222222222222222
512 4 16 55 0.005718 22222222222222222222222222222222
512 4 16 56 0.005672 22222222222222222222222222222222
512 4 16 57 0.005752 22222222222222222222222222222222
512 4 16 58 0.005456 22222222222222222222222222222222
512 4 16 59 0.006379 22222222222222222222222222222222
512 4 16 60 0.005942 22222222222222222222222222222222
512 4 16 61 0.005520 22222222222222222222222222222222
512 4 16 62 0.005703 22222222222222222222222222222222
512 4 16 63 0.006043 22222222222222222222222222222222
512 4 16 64 0.006396 22222222222222222222222222222222
512 4 16 65 0.005999 22222222222222222222222222222222
512 4 16 66 0.006338 00000000000000000000000000000000
512 4 16 67 0.006160 00000000000000000000000000000000
512 4 16 68 0.005931 22222222222222222222222222222222
512 4 16 69 0.006744 00000000000000000000000000000000
512 4 16 70 0.006584 22222222222222222222222222222222
512 4 16 71 0.006230 22222222222222222222222222222222
512 4 16 72 0.006012 22222222222222222222222222222222
512 4 16 73 0.006279 22222222222222222222222222222222
512 4 16 74 0.005737 00000000000000000000000000000000
512 4 16 75 0.006182 22222222222222222222222222222222
512 4 16 76 0.006152 22222222222222222222222222222222
512 4 16 77 0.005891 22222222222222222222222222222222
512 4 16 78 0.006161 22222222222222222222222222222222
512 4 16 79 0.006448 22222222222222222222222222222222
512 4 16 80 0.005555 00000000000000000000000000000000
512 4 16 81 0.006134 22222222222222222222222222222222
512 4 16 82 0.005745 22222222222222222200000000000000
512 4 16 83 0.005805 22222222222222222222222222222222
512 4 16 84 0.006369 22222222222222222222222222222222
512 4 16 85 0.005902 22222222222222222222222222222222
512 4 16 86 0.006161 22222222222222222222222222222222
512 4 16 87 0.006353 22222222222222222222222222222222
512 4 16 88 0.006118 00000000000000000000000000000000
512 4 16 89 0.005893 22222222222222222222222222222222
512 4 16 90 0.006259 22222222222222222222222222222222
512 4 16 91 0.006507 00000000000000000000000000000000
512 4 16 92 0.006538 22222222222222222222222222222222
512 4 16 93 0.005889 22222222222222222222222222222222
512 4 16 94 0.005811 22222222222222222222222222222222
512 4 16 95 0.005896 22222222222222222222222222222222
512 4 16 96 0.005703 22222222222222222222222222222222
512 4 16 97 0.006091 22222222222222222222222222222222
512 4 16 98 0.005869 22222222222222222222222222222222
512 4 16 99 0.006297 22222222222222222222222222222222
512 4 32 0 0.006004 2222222222222222
512 4 32 1 0.006587 0000000000000000
512 4 32 2 0.006522 2222222222222222
512 4 32 3 0.006429 2222222222222222
512 4 32 4 0.005928 0000000000000000
512 4 32 5 0.006069 2222222222222222
512 4 32 6 0.006253 2222222222222222
512 4 32 7 0.005954 0000000000000000
512 4 32 8 0.005992 2222222222222222
512 4 32 9 0.006925 0000000000000000
512 4 32 10 0.006480 2222222222222222
512 4 32 11 0.006272 2222222222222222
512 4 32 12 0.005741 2222222222222222
512 4 32 13 0.006184 2222222222222222
512 4 32 14 0.006423 2222222222222222
512 4 32 15 0.005974 2222222222222222
512 4 32 16 0.006723 2222222222222222
512 4 32 17 0.006105 2222222222222222
512 4 32 18 0.006144 2222222222222222
512 4 32 19 0.005554 2222222222222222
512 4 32 20 0.006205 2222222222222222
512 4 32 21 0.005899 0000000000000000
512 4 32 22 0.005945 2222222222222222
512 4 32 23 0.005563 2222222222222222
512 4 32 24 0.006848 2222222222222222
512 4 32 25 0.006098 2222222222222222
512 4 32 26 0.006057 2222222222222222
512 4 32 27 0.006379 2222222222222222
512 4 32 28 0.005932 0000000000000000
512 4 32 29 0.005843 2222222222222222
512 4 32 30 0.005516 2222222222222222
512 4 32 31 0.006259 2222222222222222
512 4 32 32 0.006554 2222222222222222
512 4 32 33 0.005839 2222222222222222
512 4 32 34 0.006059 2222222222222222
512 4 32 35 0.006387 2222222222222222
512 4 32 36 0.006246 2222222222222222
512 4 32 37 0.006131 0000000000000000
512 4 32 38 0.005426 2222222222222222
512 4 32 39 0.006293 0000000000000000
512 4 32 40 0.005790 2222222222222222
512 4 32 41 0.005972 2222222222222222
512 4 32 42 0.006547 2222222222222222
512 4 32 43 0.006256 2222222222222222
512 4 32 44 0.007250 2222222222222222
512 4 32 45 0.006256 2222222222222222
512 4 32 46 0.006757 2222222222222222
512 4 32 47 0.006025 2222222222222222
512 4 32 48 0.006845 2222222222222222
512 4 32 49 0.006138 2222222222222222
512 4 32 50 0.005953 2222222222222222
512 4 32 51 0.006051 2222222222222222
512 4 32 52 0.006164 2222222222222222
512 4 32 53 0.006712 2222222222222222
512 4 32 54 0.005956 2222222222222222
512 4 32 55 0.006052 2222222222222222
512 4 32 56 0.006006 2222222222222222
512 4 32 57 0.005985 2222222222222222
512 4 32 58 0.005910 2222222222222222
512 4 32 59 0.006460 2222222222222222
512 4 32 60 0.006084 2222222222222222
512 4 32 61 0.005631 2222222222222222
512 4 32 62 0.005823 2222222222222222
512 4 32 63 0.006340 2222222222222222
512 4 32 64 0.006875 2222222222222222
512 4 32 65 0.006350 2222222222222222
512 4 32 66 0.005921 0000000000000000
512 4 32 67 0.006377 0000000000000000
512 4 32 68 0.006076 2222222222222222
512 4 32 69 0.006711 0000000000000000
512 4 32 70 0.006611 2222222222222222
512 4 32 71 0.006484 2222222222222222
512 4 32 72 0.006293 2222222222222222
512 4 32 73 0.006077 2222222222222222
512 4 32 74 0.005744 0000000000000000
512 4 32 75 0.006379 2222222222222222
512 4 32 76 0.006329 2222222222222222
512 4 32 77 0.006087 2222222222222222
512 4 32 78 0.006631 2222222222222222
512 4 32 79 0.006630 2222222222222222
512 4 32 80 0.005947 0000000000000000
512 4 32 81 0.006533 2222222222222222
512 4 32 82 0.006138 2222222220000000
512 4 32 83 0.006045 2222222222222222
512 4 32 84 0.006674 2222222222222222
512 4 32 85 0.006059 2222222222222222
512 4 32 86 0.006166 2222222222222222
512 4 32 87 0.006637 2222222222222222
512 4 32 88 0.006659 0000000000000000
512 4 32 89 0.006120 2222222222222222
512 4 32 90 0.006405 2222222222222222
512 4 32 91 0.006610 0000000000000000
512 4 32 92 0.006653 2222222222222222
512 4 32 93 0.006518 2222222222222222
512 4 32 94 0.005954 2222222222222222
512 4 32 95 0.006245 2222222222222222
512 4 32 96 0.005728 2222222222222222
512 4 32 97 0.006496 2222222222222222
512 4 32 98 0.006029 2222222222222222
512 4 32 99 0.006878 2222222222222222
512 8 16 0 0.018639 22222222222222222222222222222222
512 8 16 1 0.020792 00000000000000000000000000000000
512 8 16 2 0.020304 22222222222222222222222222222222
512 8 16 3 0.019831 22222222222222222222222222222222
512 8 16 4 0.018903 00000000000000000000000000000000
512 8 16 5 0.020342 22222222222222222222222222222222
512 8 16 6 0.019472 22222222222222222222222222222222
512 8 16 7 0.019527 00000000000000000000000000000000
512 8 16 8 0.019744 22222222222222222222222222222222
512 8 16 9 0.021253 00000000000000000000000000000000
512 8 16 10 0.020669 22222222222222222222222222222222
512 8 16 11 0.020510 22222222222222222222222222222222
512 8 16 12 0.018603 22222222222222222222222222222222
512 8 16 13 0.019368 22222222222222222222222222222222
512 8 16 14 0.020737 22222222222222222222222222222222
512 8 16 15 0.018285 22222222222222222222222222222222
512 8 16 16 0.020465 22222222222222222222222222222222
512 8 16 17 0.019210 22222222222222222222222222222222
512 8 16 18 0.018972 22222222222222222222222222222222
512 8 16 19 0.017643 22222222222222222222222222222222
512 8 16 20 0.020794 22222222222222222222222222222222
512 8 16 21 0.019408 00000000000000000000000000000000
512 8 16 22 0.019635 22222222222222222222222222222222
512 8 16 23 0.018472 22222222222222222222222222222222
512 8 16 24 0.022400 22222222222222222222222222222222
512 8 16 25 0.018625 22222222222222222222222222222222
512 8 16 26 0.019463 22222222222222222222222222222222
512 8 16 27 0.021551 22222222222222222222222222222222
512 8 16 28 0.020081 00000000000000000000000000000000
512 8 16 29 0.019577 22222222222222222222222222222222
512 8 16 30 0.018043 22222222222222222222222222222222
512 8 16 31 0.019541 22222222222222222222222222222222
512 8 16 32 0.020789 22222222222222222222222222222222
512 8 16 33 0.018324 22222222222222222222222222222222
512 8 16 34 0.020754 22222222222222222222222222222222
512 8 16 35 0.019827 22222222222222222222222222222222
512 8 16 36 0.020411 22222222222222222222222222222222
512 8 16 37 0.021482 00000000000000000000000000000000
512 8 16 38 0.016333 22222222222222222222222222222222
512 8 16 39 0.020061 00000000000000000000000000000000
512 8 16 40 0.018170 22222222222222222222222222222222
512 8 16 41 0.018858 22222222222222222222222222222222
512 8 16 42 0.020679 22222222222222222222222222222222
512 8 16 43 0.019908 22222222222222222222222222222222
512 8 16 44 0.023709 22222222222222222222222222222222
512 8 16 45 0.019949 22222222222222222222222222222222
512 8 16 46 0.021673 22222222222222222222222222222222
512 8 16 47 0.018289 22222222222222222222222222222222
512 8 16 48 0.022985 22222222222222222222222222222222
512 8 16 49 0.019157 22222222222222222222222222222222
512 8 16 50 0.020251 22222222222222222222222222222222
512 8 16 51 0.019491 22222222222222222222222222222222
512 8 16 52 0.020183 22222222222222222222222222222222
512 8 16 53 0.020792 22222222222222222222222222222222
512 8 16 54 0.018546 22222222222222222222222222222222
512 8 16 55 0.019971 22222222222222222222222222222222
512 8 16 56 0.018369 22222222222222222222222222222222
512 8 16 57 0.019676 22222222222222222222222222222222
512 8 16 58 0.019551 22222222222222222222222222222222
512 8 16 59 0.022076 22222222222222222222222222222222
512 8 16 60 0.018962 22222222222222222222222222222222
512 8 16 61 0.019874 22222222222222222222222222222222
512 8 16 62 0.018643 22222222222222222222222222222222
512 8 16 63 0.020216 22222222222222222222222222222222
512 8 16 64 0.023020 22222222222222222222222222222222
512 8 16 65 0.019773 22222222222222222222222222222222
512 8 16 66 0.018785 00000000000000000000000000000000
512 8 16 67 0.020403 00000000000000000000000000000000
512 8 16 68 0.018547 22222222222222222222222222222222
512 8 16 69 0.022542 00000000000000000000000000000000
512 8 16 70 0.020071 22222222222222222222222222222222
512 8 16 71 0.021854 22222222222222222222222222222222
512 8 16 72 0.019493 22222222222222222222222222222222
512 8 16 73 0.019142 22222222222222222222222222222222
512 8 16 74 0.017150 00000000000000000000000000000000
512 8 16 75 0.020730 22222222222222222222222222222222
512 8 16 76 0.021558 22222222222222222222222222222222
512 8 16 77 0.019922 22222222222222222222222222222222
512 8 16 78 0.021347 22222222222222222222222222222222
512 8 16 79 0.020333 22222222222222222222222222222222
512 8 16 80 0.019599 00000000000000000000000000000000
512 8 16 81 0.019398 22222222222222222222222222222222
512 8 16 82 0.019695 22222222222222222222222222222222
512 8 16 83 0.018865 22222222222222222222222222222222
512 8 16 84 0.021398 22222222222222222222222222222222
512 8 16 85 0.019529 22222222222222222222222222222222
512 8 16 86 0.020389 22222222222222222222222222222222
512 8 16 87 0.021622 22222222222222222222222222222222
512 8 16 88 0.021425 00000000000000000000000000000000
512 8 16 89 0.019344 22222222222222222222222222222222
512 8 16 90 0.020796 22222222222222222222222222222222
512 8 16 91 0.021925 00000000000000000000000000000000
512 8 16 92 0.021317 22222222222222222222222222222222
512 8 16 93 0.019993 22222222222222222222222222222222
512 8 16 94 0.019590 22222222222222222222222222222222
512 8 16 95 0.020281 22222222222222222222222222222222
512 8 16 96 0.018562 22222222222222222222222222222222
512 8 16 97 0.020447 22222222222222222222222222222222
512 8 16 98 0.019588 22222222222222222222222222222222
512 8 16 99 0.021448 22222222222222222222222222222222
512 8 32 0 0.019734 2222222222222222
512 8 32 1 0.023313 0000000000000000
512 8 32 2 0.021359 2222222222222222
512 8 32 3 0.020943 2222222222222222
512 8 32 4 0.020205 0000000000000000
512 8 32 5 0.020407 2222222222222222
512 8 32 6 0.021533 2222222222222222
512 8 32 7 0.019451 0000000000000000
512 8 32 8 0.020754 2222222222222222
512 8 32 9 0.022153 0000000000000000
512 8 32 10 0.021350 2222222222222222
512 8 32 11 0.020868 2222222222222222
512 8 32 12 0.019352 2222222222222222
512 8 32 13 0.020573 2222222222222222
512 8 32 14 0.021627 2222222222222222
512 8 32 15 0.019167 2222222222222222
512 8 32 16 0.022044 2222222222222222
512 8 32 17 0.020559 2222222222222222
512 8 32 18 0.020779 2222222222222222
512 8 32 19 0.018261 2222222222222222
512 8 32 20 0.020396 2222222222222222
512 8 32 21 0.021371 0000000000000000
512 8 32 22 0.019507 2222222222222222
512 8 32 23 0.018426 2222222222222222
512 8 32 24 0.022226 2222222222222222
512 8 32 25 0.019936 2222222222222222
512 8 32 26 0.022630 2222222222222222
512 8 32 27 0.020189 2222222222222222
512 8 32 28 0.019728 0000000000000000
512 8 32 29 0.019041 2222222222222222
512 8 32 30 0.018643 2222222222222222
512 8 32 31 0.019943 2222222222222222
512 8 32 32 0.022559 2222222222222222
512 8 32 33 0.018367 2222222222222222
512 8 32 34 0.020547 2222222222222222
512 8 32 35 0.022675 2222222222222222
512 8 32 36 0.020771 2222222222222222
512 8 32 37 0.021135 0000000000000000
512 8 32 38 0.017336 2222222222222222
512 8 32 39 0.021746 0000000000000000
512 8 32 40 0.018935 2222222222222222
512 8 32 41 0.019715 2222222222222222
512 8 32 42 0.023395 2222222222222222
512 8 32 43 0.021339 2222222222222222
512 8 32 44 0.024149 2222222222222222
512 8 32 45 0.020330 2222222222222222
512 8 32 46 0.022324 2222222222222222
512 8 32 47 0.018904 2222222222222222
512 8 32 48 0.024275 2222222222222222
512 8 32 49 0.019709 2222222222222222
512 8 32 50 0.020111 2222222222222222
512 8 32 51 0.020686 2222222222222222
512 8 32 52 0.021610 2222222222222222
512 8 32 53 0.020896 2222222222222222
512 8 32 54 0.019500 2222222222222222
512 8 32 55 0.019815 2222222222222222
512 8 32 56 0.019521 2222222222222222
512 8 32 57 0.019488 2222222222222222
512 8 32 58 0.019731 2222222222222222
512 8 32 59 0.022219 2222222222222222
512 8 32 60 0.019807 2222222222222222
512 8 32 61 0.018180 2222222222222222
512 8 32 62 0.019053 2222222222222222
512 8 32 63 0.021963 2222222222222222
512 8 32 64 0.023162 2222222222222222
512 8 32 65 0.020560 2222222222222222
512 8 32 66 0.020325 0000000000000000
512 8 32 67 0.020656 0000000000000000
512 8 32 68 0.020269 2222222222222222
512 8 32 69 0.022584 0000000000000000
512 8 32 70 0.021651 2222222222222222
512 8 32 71 0.022569 2222222222222222
512 8 32 72 0.020176 2222222222222222
512 8 32 73 0.020042 2222222222222222
512 8 32 74 0.018107 0000000000000000
512 8 32 75 0.020966 2222222222222222
512 8 32 76 0.020838 2222222222222222
512 8 32 77 0.020786 2222222222222222
512 8 32 78 0.021268 2222222222222222
512 8 32 79 0.021323 2222222222222222
512 8 32 80 0.020031 0000000000000000
512 8 32 81 0.020237 2222222222222222
512 8 32 82 0.020471 2222222222222222
512 8 32 83 0.020828 2222222222222222
512 8 32 84 0.024892 2222222222222222
512 8 32 85 0.020638 2222222222222222
512 8 32 86 0.021058 2222222222222222
512 8 32 87 0.022117 2222222222222222
512 8 32 88 0.021364 0000000000000000
512 8 32 89 0.020675 2222222222222222
512 8 32 90 0.020439 2222222222222222
512 8 32 91 0.022113 0000000000000000
512 8 32 92 0.022926 2222222222222222
512 8 32 93 0.021277 2222222222222222
512 8 32 94 0.019831 2222222222222222
512 8 32 95 0.020723 2222222222222222
512 8 32 96 0.019946 2222222222222222
512 8 32 97 0.021224 2222222222222222
512 8 32 98 0.019426 2222222222222222
512 8 32 99 0.021406 2222222222222222
