16 2 4 0 0.000238 2222
16 2 4 1 0.000174 1222
16 2 4 2 0.000224 0000
16 2 4 3 0.000219 1222
16 2 4 4 0.000226 2222
16 2 4 5 0.000210 1222
16 2 4 6 0.000226 1222
16 2 4 7 0.000239 1222
16 2 4 8 0.000224 1222
16 2 4 9 0.000185 1222
16 2 4 10 0.000216 2000
16 2 4 11 0.000223 1222
16 2 4 12 0.000198 1222
16 2 4 13 0.000226 0000
16 2 4 14 0.000233 1222
16 2 4 15 0.000242 1222
16 2 4 16 0.000236 1222
16 2 4 17 0.000222 2222
16 2 4 18 0.000216 2222
16 2 4 19 0.000221 2222
16 2 4 20 0.000267 1222
16 2 4 21 0.000276 2222
16 2 4 22 0.000197 1222
16 2 4 23 0.000212 1222
16 2 4 24 0.000232 2222
16 2 4 25 0.000202 1122
16 2 4 26 0.000170 1222
16 2 4 27 0.000220 0000
16 2 4 28 0.000237 1222
16 2 4 29 0.000226 2222
16 2 4 30 0.000223 2222
16 2 4 31 0.000260 2222
16 2 4 32 0.000228 1222
16 2 4 33 0.000187 2222
16 2 4 34 0.000251 2222
16 2 4 35 0.000220 0000
16 2 4 36 0.000223 2222
16 2 4 37 0.000243 2222
16 2 4 38 0.000234 2222
16 2 4 39 0.000206 1222
16 2 4 40 0.000157 1222
16 2 4 41 0.000224 1222
16 2 4 42 0.000186 0000
16 2 4 43 0.000268 0000
16 2 4 44 0.000269 0000
16 2 4 45 0.000216 1222
16 2 4 46 0.000245 2222
16 2 4 47 0.000192 0000
16 2 4 48 0.000231 0000
16 2 4 49 0.000201 1222
16 2 4 50 0.000194 0000
16 2 4 51 0.000247 1222
16 2 4 52 0.000199 2222
16 2 4 53 0.000154 0000
16 2 4 54 0.000231 0000
16 2 4 55 0.000266 0000
16 2 4 56 0.000246 2222
16 2 4 57 0.000186 1222
16 2 4 58 0.000252 1222
16 2 4 59 0.000244 1222
16 2 4 60 0.000266 2222
16 2 4 61 0.000226 1222
16 2 4 62 0.000240 1222
16 2 4 63 0.000209 1222
16 2 4 64 0.000236 2222
16 2 4 65 0.000225 2222
16 2 4 66 0.000243 1222
16 2 4 67 0.000254 1222
16 2 4 68 0.000207 0000
16 2 4 69 0.000203 2222
16 2 4 70 0.000176 0000
16 2 4 71 0.000274 2222
16 2 4 72 0.000296 1222
16 2 4 73 0.000222 1222
16 2 4 74 0.000209 0000
16 2 4 75 0.000145 1122
16 2 4 76 0.000231 0000
16 2 4 77 0.000257 1222
16 2 4 78 0.000218 1222
16 2 4 79 0.000211 0000
16 2 4 80 0.000261 0000
16 2 4 81 0.000244 2222
16 2 4 82 0.000278 2222
16 2 4 83 0.000232 1222
16 2 4 84 0.000219 0000
16 2 4 85 0.000284 1222
16 2 4 86 0.000241 0000
16 2 4 87 0.000233 2222
16 2 4 88 0.000280 0000
16 2 4 89 0.000276 2222
16 2 4 90 0.000213 2222
16 2 4 91 0.000243 1222
16 2 4 92 0.000231 1222
16 2 4 93 0.000256 1222
16 2 4 94 0.000255 1222
16 2 4 95 0.000237 2222
16 2 4 96 0.000225 1222
16 2 4 97 0.000277 2222
16 2 4 98 0.000234 0000
16 2 4 99 0.000254 1222
16 2 8 0 0.000229 22
16 2 8 1 0.000174 22
16 2 8 2 0.000220 00
16 2 8 3 0.000209 22
16 2 8 4 0.000220 22
16 2 8 5 0.000205 22
16 2 8 6 0.000228 22
16 2 8 7 0.000237 22
16 2 8 8 0.000217 22
16 2 8 9 0.000180 22
16 2 8 10 0.000234 00
16 2 8 11 0.000214 22
16 2 8 12 0.000193 22
16 2 8 13 0.000224 00
16 2 8 14 0.000360 22
16 2 8 15 0.000233 22
16 2 8 16 0.000231 22
16 2 8 17 0.000219 22
16 2 8 18 0.000215 22
16 2 8 19 0.000216 22
16 2 8 20 0.000266 22
16 2 8 21 0.000267 22
16 2 8 22 0.000190 22
16 2 8 23 0.000206 22
16 2 8 24 0.000220 22
16 2 8 25 0.000185 12
16 2 8 26 0.000164 22
16 2 8 27 0.000215 00
16 2 8 28 0.000234 22
16 2 8 29 0.000214 22
16 2 8 30 0.000218 22
16 2 8 31 0.000249 22
16 2 8 32 0.000220 22
16 2 8 33 0.000168 22
16 2 8 34 0.000241 22
16 2 8 35 0.000212 00
16 2 8 36 0.000216 22
16 2 8 37 0.000232 22
16 2 8 38 0.000226 22
16 2 8 39 0.000203 22
16 2 8 40 0.000156 22
16 2 8 41 0.000218 22
16 2 8 42 0.000180 00
16 2 8 43 0.000257 00
16 2 8 44 0.000274 00
16 2 8 45 0.000212 22
16 2 8 46 0.000233 22
16 2 8 47 0.000180 00
16 2 8 48 0.000226 00
16 2 8 49 0.000192 22
16 2 8 50 0.000195 00
16 2 8 51 0.000241 22
16 2 8 52 0.000192 22
16 2 8 53 0.000149 00
16 2 8 54 0.000234 00
16 2 8 55 0.000256 00
16 2 8 56 0.000239 00
16 2 8 57 0.000181 22
16 2 8 58 0.000250 22
16 2 8 59 0.000242 22
16 2 8 60 0.000259 22
16 2 8 61 0.000220 22
16 2 8 62 0.000240 22
16 2 8 63 0.000210 22
16 2 8 64 0.000226 22
16 2 8 65 0.000226 22
16 2 8 66 0.000243 22
16 2 8 67 0.000248 22
16 2 8 68 0.000210 00
16 2 8 69 0.000197 22
16 2 8 70 0.000170 00
16 2 8 71 0.000269 22
16 2 8 72 0.000292 22
16 2 8 73 0.000207 22
16 2 8 74 0.000211 00
16 2 8 75 0.000137 12
16 2 8 76 0.000226 00
16 2 8 77 0.000253 22
16 2 8 78 0.000216 22
16 2 8 79 0.000203 00
16 2 8 80 0.000264 00
16 2 8 81 0.000230 22
16 2 8 82 0.000280 22
16 2 8 83 0.000236 22
16 2 8 84 0.000213 00
16 2 8 85 0.000269 22
16 2 8 86 0.000239 00
16 2 8 87 0.000231 22
16 2 8 88 0.000280 00
16 2 8 89 0.000267 22
16 2 8 90 0.000211 22
16 2 8 91 0.000242 22
16 2 8 92 0.000221 22
16 2 8 93 0.000252 22
16 2 8 94 0.000243 22
16 2 8 95 0.000232 22
16 2 8 96 0.000225 22
16 2 8 97 0.000273 22
16 2 8 98 0.000224 00
16 2 8 99 0.000253 22
16 2 16 0 0.000234 2
16 2 16 1 0.000158 2
16 2 16 2 0.000207 0
16 2 16 3 0.000202 2
16 2 16 4 0.000212 2
16 2 16 5 0.000201 2
16 2 16 6 0.000219 2
16 2 16 7 0.000233 2
16 2 16 8 0.000208 2
16 2 16 9 0.000175 2
16 2 16 10 0.000204 0
16 2 16 11 0.000210 2
16 2 16 12 0.000189 2
16 2 16 13 0.000217 0
16 2 16 14 0.000227 2
16 2 16 15 0.000229 2
16 2 16 16 0.000223 2
16 2 16 17 0.000208 2
16 2 16 18 0.000207 2
16 2 16 19 0.000207 2
16 2 16 20 0.000263 2
16 2 16 21 0.000258 2
16 2 16 22 0.000192 2
16 2 16 23 0.000200 2
16 2 16 24 0.000219 2
16 2 16 25 0.000186 2
16 2 16 26 0.000166 2
16 2 16 27 0.000208 0
16 2 16 28 0.000223 2
16 2 16 29 0.000208 2
16 2 16 30 0.000213 2
16 2 16 31 0.000242 2
16 2 16 32 0.000213 2
16 2 16 33 0.000164 2
16 2 16 34 0.000238 2
16 2 16 35 0.000208 0
16 2 16 36 0.000209 2
16 2 16 37 0.000229 2
16 2 16 38 0.000225 2
16 2 16 39 0.000201 2
16 2 16 40 0.000155 2
16 2 16 41 0.000212 2
16 2 16 42 0.000171 0
16 2 16 43 0.000253 0
16 2 16 44 0.000261 0
16 2 16 45 0.000208 2
16 2 16 46 0.000231 2
16 2 16 47 0.000173 0
16 2 16 48 0.000216 0
16 2 16 49 0.000190 2
16 2 16 50 0.000187 0
16 2 16 51 0.000235 2
16 2 16 52 0.000192 2
16 2 16 53 0.000144 0
16 2 16 54 0.000219 0
16 2 16 55 0.000262 0
16 2 16 56 0.000225 0
16 2 16 57 0.000183 2
16 2 16 58 0.000240 2
16 2 16 59 0.000251 2
16 2 16 60 0.000247 2
16 2 16 61 0.000212 2
16 2 16 62 0.000230 2
16 2 16 63 0.000199 2
16 2 16 64 0.000226 2
16 2 16 65 0.000212 2
16 2 16 66 0.000236 2
16 2 16 67 0.000241 2
16 2 16 68 0.000196 0
16 2 16 69 0.000187 2
16 2 16 70 0.000167 0
16 2 16 71 0.000260 2
16 2 16 72 0.000282 2
16 2 16 73 0.000197 2
16 2 16 74 0.000202 0
16 2 16 75 0.000135 2
16 2 16 76 0.000216 0
16 2 16 77 0.000248 2
16 2 16 78 0.000208 2
16 2 16 79 0.000197 0
16 2 16 80 0.000250 0
16 2 16 81 0.000227 2
16 2 16 82 0.000273 2
16 2 16 83 0.000231 2
16 2 16 84 0.000203 0
16 2 16 85 0.000266 2
16 2 16 86 0.000235 0
16 2 16 87 0.000227 2
16 2 16 88 0.000284 0
16 2 16 89 0.000256 2
16 2 16 90 0.000204 2
16 2 16 91 0.000233 2
16 2 16 92 0.000222 2
16 2 16 93 0.000240 2
16 2 16 94 0.000234 2
16 2 16 95 0.000220 2
16 2 16 96 0.000213 2
16 2 16 97 0.000269 2
16 2 16 98 0.000219 0
16 2 16 99 0.000243 2
16 4 8 0 0.000352 22
16 4 8 1 0.000190 22
16 4 8 2 0.000291 00
16 4 8 3 0.000275 22
16 4 8 4 0.000306 22
16 4 8 5 0.000315 22
16 4 8 6 0.000312 22
16 4 8 7 0.000379 22
16 4 8 8 0.000355 22
16 4 8 9 0.000229 22
16 4 8 10 0.000273 22
16 4 8 11 0.000236 22
16 4 8 12 0.000224 22
16 4 8 13 0.000351 00
16 4 8 14 0.000316 22
16 4 8 15 0.000317 22
16 4 8 16 0.000329 22
16 4 8 17 0.000294 22
16 4 8 18 0.000298 22
16 4 8 19 0.000274 22
16 4 8 20 0.000409 22
16 4 8 21 0.000402 22
16 4 8 22 0.000207 22
16 4 8 23 0.000294 22
16 4 8 24 0.000273 22
16 4 8 25 0.000251 12
16 4 8 26 0.000157 22
16 4 8 27 0.000342 00
16 4 8 28 0.000332 22
16 4 8 29 0.000304 22
16 4 8 30 0.000349 22
16 4 8 31 0.000367 22
16 4 8 32 0.000335 22
16 4 8 33 0.000187 22
16 4 8 34 0.000387 22
16 4 8 35 0.000331 00
16 4 8 36 0.000301 22
16 4 8 37 0.000319 22
16 4 8 38 0.000388 22
16 4 8 39 0.000301 22
16 4 8 40 0.000154 22
16 4 8 41 0.000316 22
16 4 8 42 0.000215 00
16 4 8 43 0.000451 00
16 4 8 44 0.000451 00
16 4 8 45 0.000251 22
16 4 8 46 0.000256 22
16 4 8 47 0.000202 00
16 4 8 48 0.000323 00
16 4 8 49 0.000247 22
16 4 8 50 0.000203 00
16 4 8 51 0.000420 22
16 4 8 52 0.000291 22
16 4 8 53 0.000196 00
16 4 8 54 0.000315 00
16 4 8 55 0.000378 00
16 4 8 56 0.000319 22
16 4 8 57 0.000239 22
16 4 8 58 0.000414 22
16 4 8 59 0.000365 22
16 4 8 60 0.000428 22
16 4 8 61 0.000360 22
16 4 8 62 0.000425 22
16 4 8 63 0.000276 22
16 4 8 64 0.000290 22
16 4 8 65 0.000323 22
16 4 8 66 0.000356 22
16 4 8 67 0.000380 22
16 4 8 68 0.000237 00
16 4 8 69 0.000202 22
16 4 8 70 0.000217 00
16 4 8 71 0.000389 22
16 4 8 72 0.000525 22
16 4 8 73 0.000240 22
16 4 8 74 0.000299 00
16 4 8 75 0.000155 12
16 4 8 76 0.000309 00
16 4 8 77 0.000359 22
16 4 8 78 0.000290 22
16 4 8 79 0.000287 00
16 4 8 80 0.000399 00
16 4 8 81 0.000347 22
16 4 8 82 0.000457 22
16 4 8 83 0.000340 22
16 4 8 84 0.000296 00
16 4 8 85 0.000420 22
16 4 8 86 0.000338 00
16 4 8 87 0.000305 22
16 4 8 88 0.000429 00
16 4 8 89 0.000460 22
16 4 8 90 0.000300 22
16 4 8 91 0.000357 22
16 4 8 92 0.000311 22
16 4 8 93 0.000437 22
16 4 8 94 0.000392 22
16 4 8 95 0.000284 22
16 4 8 96 0.000310 22
16 4 8 97 0.000455 22
16 4 8 98 0.000310 00
16 4 8 99 0.000438 22
16 4 16 0 0.000356 2
16 4 16 1 0.000177 2
16 4 16 2 0.000288 0
16 4 16 3 0.000252 2
16 4 16 4 0.000299 2
16 4 16 5 0.000282 2
16 4 16 6 0.000304 2
16 4 16 7 0.000370 2
16 4 16 8 0.000348 2
16 4 16 9 0.000209 2
16 4 16 10 0.000262 2
16 4 16 11 0.000220 2
16 4 16 12 0.000218 2
16 4 16 13 0.000325 0
16 4 16 14 0.000313 2
16 4 16 15 0.000315 2
16 4 16 16 0.000289 2
16 4 16 17 0.000287 2
16 4 16 18 0.000278 2
16 4 16 19 0.000267 2
16 4 16 20 0.000407 2
16 4 16 21 0.000376 2
16 4 16 22 0.000199 2
16 4 16 23 0.000273 2
16 4 16 24 0.000292 2
16 4 16 25 0.000240 2
16 4 16 26 0.000135 2
16 4 16 27 0.000317 0
16 4 16 28 0.000319 2
16 4 16 29 0.000303 2
16 4 16 30 0.000331 2
16 4 16 31 0.000323 2
16 4 16 32 0.000327 2
16 4 16 33 0.000178 2
16 4 16 34 0.000376 2
16 4 16 35 0.000318 0
16 4 16 36 0.000291 2
16 4 16 37 0.000310 2
16 4 16 38 0.000378 2
16 4 16 39 0.000278 2
16 4 16 40 0.000143 2
16 4 16 41 0.000297 2
16 4 16 42 0.000206 0
16 4 16 43 0.000421 0
16 4 16 44 0.000423 0
16 4 16 45 0.000242 2
16 4 16 46 0.000257 2
16 4 16 47 0.000205 0
16 4 16 48 0.000340 0
16 4 16 49 0.000231 2
16 4 16 50 0.000205 0
16 4 16 51 0.000396 2
16 4 16 52 0.000290 2
16 4 16 53 0.000197 0
16 4 16 54 0.000309 0
16 4 16 55 0.000354 0
16 4 16 56 0.000316 2
16 4 16 57 0.000232 2
16 4 16 58 0.000412 2
16 4 16 59 0.000344 2
16 4 16 60 0.000449 2
16 4 16 61 0.000353 2
16 4 16 62 0.000413 2
16 4 16 63 0.000294 2
16 4 16 64 0.000289 2
16 4 16 65 0.000310 2
16 4 16 66 0.000342 2
16 4 16 67 0.000375 2
16 4 16 68 0.000220 0
16 4 16 69 0.000179 2
16 4 16 70 0.000211 0
16 4 16 71 0.000406 2
16 4 16 72 0.000497 2
16 4 16 73 0.000222 2
16 4 16 74 0.000294 0
16 4 16 75 0.000148 2
16 4 16 76 0.000282 0
16 4 16 77 0.000346 2
16 4 16 78 0.000289 2
16 4 16 79 0.000263 0
16 4 16 80 0.000389 0
16 4 16 81 0.000323 2
16 4 16 82 0.000472 2
16 4 16 83 0.000329 2
16 4 16 84 0.000269 0
16 4 16 85 0.000440 2
16 4 16 86 0.000337 0
16 4 16 87 0.000287 2
16 4 16 88 0.000398 0
16 4 16 89 0.000463 2
16 4 16 90 0.000282 2
16 4 16 91 0.000347 2
16 4 16 92 0.000308 2
16 4 16 93 0.000466 2
16 4 16 94 0.000345 2
16 4 16 95 0.000267 2
16 4 16 96 0.000321 2
16 4 16 97 0.000431 2
16 4 16 98 0.000299 0
16 4 16 99 0.000447 2
16 8 16 0 0.000466 2
16 8 16 1 0.000168 2
16 8 16 2 0.000381 0
16 8 16 3 0.000330 2
16 8 16 4 0.000394 2
16 8 16 5 0.000331 2
16 8 16 6 0.000400 2
16 8 16 7 0.000484 2
16 8 16 8 0.000439 2
16 8 16 9 0.000258 2
16 8 16 10 0.000334 2
16 8 16 11 0.000272 2
16 8 16 12 0.000220 2
16 8 16 13 0.000516 0
16 8 16 14 0.000388 2
16 8 16 15 0.000416 2
16 8 16 16 0.000365 2
16 8 16 17 0.000368 2
16 8 16 18 0.000310 2
16 8 16 19 0.000380 2
16 8 16 20 0.000570 2
16 8 16 21 0.000546 2
16 8 16 22 0.000298 2
16 8 16 23 0.000331 2
16 8 16 24 0.000238 2
16 8 16 25 0.000298 2
16 8 16 26 0.000157 2
16 8 16 27 0.000292 0
16 8 16 28 0.000413 2
16 8 16 29 0.000423 2
16 8 16 30 0.000354 2
16 8 16 31 0.000402 2
16 8 16 32 0.000431 2
16 8 16 33 0.000198 2
16 8 16 34 0.000430 2
16 8 16 35 0.000402 0
16 8 16 36 0.000341 2
16 8 16 37 0.000338 2
16 8 16 38 0.000408 2
16 8 16 39 0.000282 2
16 8 16 40 0.000139 2
16 8 16 41 0.000376 2
16 8 16 42 0.000279 0
16 8 16 43 0.000645 0
16 8 16 44 0.000602 0
16 8 16 45 0.000301 2
16 8 16 46 0.000323 2
16 8 16 47 0.000207 0
16 8 16 48 0.000311 0
16 8 16 49 0.000262 2
16 8 16 50 0.000245 0
16 8 16 51 0.000512 2
16 8 16 52 0.000391 2
16 8 16 53 0.000218 0
16 8 16 54 0.000335 0
16 8 16 55 0.000509 0
16 8 16 56 0.000358 2
16 8 16 57 0.000270 2
16 8 16 58 0.000551 2
16 8 16 59 0.000482 2
16 8 16 60 0.000586 2
16 8 16 61 0.000450 2
16 8 16 62 0.000487 2
16 8 16 63 0.000342 2
16 8 16 64 0.000337 2
16 8 16 65 0.000335 2
16 8 16 66 0.000441 2
16 8 16 67 0.000490 2
16 8 16 68 0.000240 0
16 8 16 69 0.000208 2
16 8 16 70 0.000238 0
16 8 16 71 0.000606 2
16 8 16 72 0.000726 2
16 8 16 73 0.000271 2
16 8 16 74 0.000335 0
16 8 16 75 0.000159 2
16 8 16 76 0.000397 0
16 8 16 77 0.000494 2
16 8 16 78 0.000397 2
16 8 16 79 0.000329 0
16 8 16 80 0.000491 0
16 8 16 81 0.000454 2
16 8 16 82 0.000646 2
16 8 16 83 0.000427 2
16 8 16 84 0.000346 0
16 8 16 85 0.000627 2
16 8 16 86 0.000357 0
16 8 16 87 0.000302 2
16 8 16 88 0.000593 0
16 8 16 89 0.000685 2
16 8 16 90 0.000339 2
16 8 16 91 0.000426 2
16 8 16 92 0.000362 2
16 8 16 93 0.000639 2
16 8 16 94 0.000459 2
16 8 16 95 0.000331 2
16 8 16 96 0.000349 2
16 8 16 97 0.000446 2
16 8 16 98 0.000388 0
16 8 16 99 0.000686 2
32 2 4 0 0.000484 00000000
32 2 4 1 0.000473 00000000
32 2 4 2 0.000536 22222222
32 2 4 3 0.000517 00000000
32 2 4 4 0.000521 12222222
32 2 4 5 0.000499 00000000
32 2 4 6 0.000531 12222222
32 2 4 7 0.000430 00000000
32 2 4 8 0.000493 12222222
32 2 4 9 0.000507 22222222
32 2 4 10 0.000490 00000000
32 2 4 11 0.000512 22222222
32 2 4 12 0.000497 00000000
32 2 4 13 0.000523 12222222
32 2 4 14 0.000494 12222222
32 2 4 15 0.000528 12222222
32 2 4 16 0.000536 12222222
32 2 4 17 0.000526 12222222
32 2 4 18 0.000475 12222222
32 2 4 19 0.000581 22222222
32 2 4 20 0.000503 00000000
32 2 4 21 0.000508 12222222
32 2 4 22 0.000553 22222222
32 2 4 23 0.000535 12222222
32 2 4 24 0.000503 12222222
32 2 4 25 0.000473 00000000
32 2 4 26 0.000506 12222222
32 2 4 27 0.000431 22222222
32 2 4 28 0.000533 22222222
32 2 4 29 0.000567 22222222
32 2 4 30 0.000511 12222222
32 2 4 31 0.000529 12222222
32 2 4 32 0.000446 22222222
32 2 4 33 0.000484 22222222
32 2 4 34 0.000548 12222222
32 2 4 35 0.000516 22222222
32 2 4 36 0.000526 12222222
32 2 4 37 0.000450 22222222
32 2 4 38 0.000494 12222222
32 2 4 39 0.000403 00000000
32 2 4 40 0.000503 12222222
32 2 4 41 0.000507 22222222
32 2 4 42 0.000505 12222222
32 2 4 43 0.000525 12222222
32 2 4 44 0.000497 00000000
32 2 4 45 0.000549 12222222
32 2 4 46 0.000527 12222222
32 2 4 47 0.000489 22222222
32 2 4 48 0.000433 22222222
32 2 4 49 0.000517 22222222
32 2 4 50 0.000529 00000000
32 2 4 51 0.000510 12222222
32 2 4 52 0.000453 22222222
32 2 4 53 0.000477 12222222
32 2 4 54 0.000450 12222222
32 2 4 55 0.000456 00000000
32 2 4 56 0.000494 12222222
32 2 4 57 0.000579 12222222
32 2 4 58 0.000552 12222222
32 2 4 59 0.000496 00000000
32 2 4 60 0.000537 22222222
32 2 4 61 0.000486 12222222
32 2 4 62 0.000507 00000000
32 2 4 63 0.000457 12222222
32 2 4 64 0.000449 22222222
32 2 4 65 0.000505 00000000
32 2 4 66 0.000473 12222222
32 2 4 67 0.000513 22222222
32 2 4 68 0.000442 22222222
32 2 4 69 0.000505 12222222
32 2 4 70 0.000451 00000000
32 2 4 71 0.000488 12222222
32 2 4 72 0.000475 12222222
32 2 4 73 0.000555 12222222
32 2 4 74 0.000514 12222220
32 2 4 75 0.000496 12222222
32 2 4 76 0.000528 12222222
32 2 4 77 0.000545 12222222
32 2 4 78 0.000492 22222222
32 2 4 79 0.000490 12222222
32 2 4 80 0.000439 12222222
32 2 4 81 0.000534 00000000
32 2 4 82 0.000503 12222222
32 2 4 83 0.000493 00000000
32 2 4 84 0.000521 12222222
32 2 4 85 0.000485 12222222
32 2 4 86 0.000511 12222222
32 2 4 87 0.000459 12000000
32 2 4 88 0.000514 00000000
32 2 4 89 0.000486 12222222
32 2 4 90 0.000473 22222222
32 2 4 91 0.000534 12222222
32 2 4 92 0.000465 12222222
32 2 4 93 0.000499 00000000
32 2 4 94 0.000507 12222222
32 2 4 95 0.000415 11222222
32 2 4 96 0.000496 12222222
32 2 4 97 0.000522 11222222
32 2 4 98 0.000561 12222222
32 2 4 99 0.000520 11222222
32 2 8 0 0.000475 0000
32 2 8 1 0.000463 0000
32 2 8 2 0.000512 2222
32 2 8 3 0.000506 0000
32 2 8 4 0.000544 2222
32 2 8 5 0.000482 0000
32 2 8 6 0.000517 2222
32 2 8 7 0.000423 0000
32 2 8 8 0.000477 2222
32 2 8 9 0.000498 2222
32 2 8 10 0.000456 0000
32 2 8 11 0.000503 2222
32 2 8 12 0.000484 0000
32 2 8 13 0.000511 2222
32 2 8 14 0.000480 2222
32 2 8 15 0.000514 2222
32 2 8 16 0.000526 2222
32 2 8 17 0.000517 2222
32 2 8 18 0.000470 2222
32 2 8 19 0.000571 2222
32 2 8 20 0.000477 0000
32 2 8 21 0.000496 2222
32 2 8 22 0.000539 2222
32 2 8 23 0.000524 2222
32 2 8 24 0.000495 2222
32 2 8 25 0.000464 0000
32 2 8 26 0.000502 2222
32 2 8 27 0.000418 2222
32 2 8 28 0.000536 2222
32 2 8 29 0.000558 2222
32 2 8 30 0.000485 2222
32 2 8 31 0.000535 2222
32 2 8 32 0.000435 2222
32 2 8 33 0.000450 2222
32 2 8 34 0.000530 2222
32 2 8 35 0.000502 2222
32 2 8 36 0.000532 2222
32 2 8 37 0.000420 2222
32 2 8 38 0.000478 2222
32 2 8 39 0.000393 0000
32 2 8 40 0.000482 2222
32 2 8 41 0.000489 2222
32 2 8 42 0.000500 2222
32 2 8 43 0.000508 2222
32 2 8 44 0.000508 0000
32 2 8 45 0.000541 2222
32 2 8 46 0.000508 2222
32 2 8 47 0.000486 2222
32 2 8 48 0.000420 2222
32 2 8 49 0.000518 2222
32 2 8 50 0.000516 0000
32 2 8 51 0.000465 2222
32 2 8 52 0.000456 2222
32 2 8 53 0.000467 2222
32 2 8 54 0.000434 2222
32 2 8 55 0.000458 0000
32 2 8 56 0.000480 2222
32 2 8 57 0.000559 2222
32 2 8 58 0.000547 2222
32 2 8 59 0.000468 0000
32 2 8 60 0.000535 2222
32 2 8 61 0.000472 2222
32 2 8 62 0.000487 0000
32 2 8 63 0.000466 2222
32 2 8 64 0.000434 2222
32 2 8 65 0.000492 0000
32 2 8 66 0.000472 2222
32 2 8 67 0.000493 2222
32 2 8 68 0.000434 2222
32 2 8 69 0.000488 2222
32 2 8 70 0.000442 0000
32 2 8 71 0.000488 2222
32 2 8 72 0.000462 2222
32 2 8 73 0.000532 2222
32 2 8 74 0.000507 2220
32 2 8 75 0.000469 2222
32 2 8 76 0.000520 2222
32 2 8 77 0.000539 2222
32 2 8 78 0.000470 2222
32 2 8 79 0.000492 2222
32 2 8 80 0.000425 2222
32 2 8 81 0.000522 0000
32 2 8 82 0.000506 2222
32 2 8 83 0.000468 0000
32 2 8 84 0.000519 2222
32 2 8 85 0.000474 2222
32 2 8 86 0.000490 2222
32 2 8 87 0.000461 2000
32 2 8 88 0.000477 0000
32 2 8 89 0.000471 2222
32 2 8 90 0.000480 2222
32 2 8 91 0.000502 2222
32 2 8 92 0.000446 2222
32 2 8 93 0.000478 0000
32 2 8 94 0.000478 2222
32 2 8 95 0.000400 1222
32 2 8 96 0.000481 2222
32 2 8 97 0.000509 1222
32 2 8 98 0.000574 2222
32 2 8 99 0.000492 1222
32 2 16 0 0.000463 00
32 2 16 1 0.000464 00
32 2 16 2 0.000481 22
32 2 16 3 0.000502 00
32 2 16 4 0.000495 22
32 2 16 5 0.000470 00
32 2 16 6 0.000530 22
32 2 16 7 0.000400 00
32 2 16 8 0.000471 22
32 2 16 9 0.000500 22
32 2 16 10 0.000444 00
32 2 16 11 0.000489 22
32 2 16 12 0.000473 00
32 2 16 13 0.000486 22
32 2 16 14 0.000470 22
32 2 16 15 0.000493 22
32 2 16 16 0.000517 22
32 2 16 17 0.000506 22
32 2 16 18 0.000453 22
32 2 16 19 0.000561 22
32 2 16 20 0.000460 00
32 2 16 21 0.000481 22
32 2 16 22 0.000531 22
32 2 16 23 0.000503 22
32 2 16 24 0.000478 22
32 2 16 25 0.000443 00
32 2 16 26 0.000488 22
32 2 16 27 0.000407 22
32 2 16 28 0.000523 22
32 2 16 29 0.000545 22
32 2 16 30 0.000483 22
32 2 16 31 0.000514 22
32 2 16 32 0.000422 22
32 2 16 33 0.000434 22
32 2 16 34 0.000519 22
32 2 16 35 0.000487 22
32 2 16 36 0.000528 22
32 2 16 37 0.000413 22
32 2 16 38 0.000466 22
32 2 16 39 0.000374 00
32 2 16 40 0.000469 22
32 2 16 41 0.000475 22
32 2 16 42 0.000494 22
32 2 16 43 0.000493 22
32 2 16 44 0.000476 00
32 2 16 45 0.000531 22
32 2 16 46 0.000497 22
32 2 16 47 0.000486 22
32 2 16 48 0.000405 22
32 2 16 49 0.000485 22
32 2 16 50 0.000523 00
32 2 16 51 0.000453 22
32 2 16 52 0.000433 22
32 2 16 53 0.000459 22
32 2 16 54 0.000423 22
32 2 16 55 0.000434 00
32 2 16 56 0.000473 22
32 2 16 57 0.000544 22
32 2 16 58 0.000536 22
32 2 16 59 0.000457 00
32 2 16 60 0.000519 22
32 2 16 61 0.000466 22
32 2 16 62 0.000470 00
32 2 16 63 0.000437 22
32 2 16 64 0.000433 22
32 2 16 65 0.000477 00
32 2 16 66 0.000453 22
32 2 16 67 0.000483 22
32 2 16 68 0.000417 22
32 2 16 69 0.000488 22
32 2 16 70 0.000404 00
32 2 16 71 0.000464 22
32 2 16 72 0.000463 22
32 2 16 73 0.000518 22
32 2 16 74 0.000487 20
32 2 16 75 0.000474 22
32 2 16 76 0.000507 22
32 2 16 77 0.000524 22
32 2 16 78 0.000458 22
32 2 16 79 0.000467 22
32 2 16 80 0.000425 22
32 2 16 81 0.000505 00
32 2 16 82 0.000477 22
32 2 16 83 0.000474 00
32 2 16 84 0.000502 22
32 2 16 85 0.000455 22
32 2 16 86 0.000489 22
32 2 16 87 0.000439 00
32 2 16 88 0.000475 00
32 2 16 89 0.000455 22
32 2 16 90 0.000454 22
32 2 16 91 0.000511 22
32 2 16 92 0.000433 22
32 2 16 93 0.000459 00
32 2 16 94 0.000493 22
32 2 16 95 0.000375 22
32 2 16 96 0.000465 22
32 2 16 97 0.000510 22
32 2 16 98 0.000537 22
32 2 16 99 0.000493 22
32 2 32 0 0.000467 0
32 2 32 1 0.000442 0
32 2 32 2 0.000496 2
32 2 32 3 0.000487 0
32 2 32 4 0.000485 2
32 2 32 5 0.000492 0
32 2 32 6 0.000501 2
32 2 32 7 0.000392 0
32 2 32 8 0.000472 2
32 2 32 9 0.000472 2
32 2 32 10 0.000437 0
32 2 32 11 0.000493 2
32 2 32 12 0.000455 0
32 2 32 13 0.000482 2
32 2 32 14 0.000457 2
32 2 32 15 0.000484 2
32 2 32 16 0.000516 2
32 2 32 17 0.000495 2
32 2 32 18 0.000444 2
32 2 32 19 0.000561 2
32 2 32 20 0.000445 0
32 2 32 21 0.000482 2
32 2 32 22 0.000519 2
32 2 32 23 0.000499 2
32 2 32 24 0.000513 2
32 2 32 25 0.000428 0
32 2 32 26 0.000487 2
32 2 32 27 0.000393 2
32 2 32 28 0.000493 2
32 2 32 29 0.000545 2
32 2 32 30 0.000466 2
32 2 32 31 0.000498 2
32 2 32 32 0.000425 2
32 2 32 33 0.000418 2
32 2 32 34 0.000508 2
32 2 32 35 0.000492 2
32 2 32 36 0.000494 2
32 2 32 37 0.000410 2
32 2 32 38 0.000457 2
32 2 32 39 0.000348 0
32 2 32 40 0.000471 2
32 2 32 41 0.000473 2
32 2 32 42 0.000483 2
32 2 32 43 0.000506 2
32 2 32 44 0.000463 0
32 2 32 45 0.000523 2
32 2 32 46 0.000502 2
32 2 32 47 0.000464 2
32 2 32 48 0.000406 2
32 2 32 49 0.000519 2
32 2 32 50 0.000522 0
32 2 32 51 0.000459 2
32 2 32 52 0.000428 2
32 2 32 53 0.000450 2
32 2 32 54 0.000423 2
32 2 32 55 0.000432 0
32 2 32 56 0.000469 2
32 2 32 57 0.000538 2
32 2 32 58 0.000555 2
32 2 32 59 0.000469 0
32 2 32 60 0.000526 2
32 2 32 61 0.000471 2
32 2 32 62 0.000477 0
32 2 32 63 0.000437 2
32 2 32 64 0.000423 2
32 2 32 65 0.000481 0
32 2 32 66 0.000445 2
32 2 32 67 0.000480 2
32 2 32 68 0.000419 2
32 2 32 69 0.000472 2
32 2 32 70 0.000399 0
32 2 32 71 0.000465 2
32 2 32 72 0.000445 2
32 2 32 73 0.000519 2
32 2 32 74 0.000482 0
32 2 32 75 0.000453 2
32 2 32 76 0.000507 2
32 2 32 77 0.000517 2
32 2 32 78 0.000451 2
32 2 32 79 0.000467 2
32 2 32 80 0.000410 2
32 2 32 81 0.000500 0
32 2 32 82 0.000480 2
32 2 32 83 0.000454 0
32 2 32 84 0.000509 2
32 2 32 85 0.000444 2
32 2 32 86 0.000478 2
32 2 32 87 0.000453 0
32 2 32 88 0.000463 0
32 2 32 89 0.000452 2
32 2 32 90 0.000458 2
32 2 32 91 0.000489 2
32 2 32 92 0.000427 2
32 2 32 93 0.000464 0
32 2 32 94 0.000466 2
32 2 32 95 0.000371 2
32 2 32 96 0.000458 2
32 2 32 97 0.000488 2
32 2 32 98 0.000538 2
32 2 32 99 0.000486 2
32 4 8 0 0.000743 0000
32 4 8 1 0.000710 0000
32 4 8 2 0.000800 2222
32 4 8 3 0.000796 0000
32 4 8 4 0.000820 2222
32 4 8 5 0.000671 0000
32 4 8 6 0.000873 2222
32 4 8 7 0.000475 0000
32 4 8 8 0.000645 2222
32 4 8 9 0.000700 2222
32 4 8 10 0.000697 0000
32 4 8 11 0.000872 2222
32 4 8 12 0.000628 0000
32 4 8 13 0.000851 2222
32 4 8 14 0.000736 2222
32 4 8 15 0.000823 2222
32 4 8 16 0.000896 2222
32 4 8 17 0.000871 2222
32 4 8 18 0.000698 2222
32 4 8 19 0.001027 2222
32 4 8 20 0.000683 0000
32 4 8 21 0.000797 2222
32 4 8 22 0.000904 2222
32 4 8 23 0.000762 2222
32 4 8 24 0.000708 2222
32 4 8 25 0.000632 0000
32 4 8 26 0.000788 2222
32 4 8 27 0.000552 2222
32 4 8 28 0.000857 2222
32 4 8 29 0.000981 2222
32 4 8 30 0.000727 2222
32 4 8 31 0.000770 2222
32 4 8 32 0.000635 2222
32 4 8 33 0.000594 2222
32 4 8 34 0.000886 2222
32 4 8 35 0.000766 2222
32 4 8 36 0.000831 2222
32 4 8 37 0.000589 2222
32 4 8 38 0.000740 2222
32 4 8 39 0.000506 0000
32 4 8 40 0.000704 2222
32 4 8 41 0.000708 2222
32 4 8 42 0.000767 2222
32 4 8 43 0.000810 2222
32 4 8 44 0.000773 0000
32 4 8 45 0.000948 2222
32 4 8 46 0.000859 2222
32 4 8 47 0.000688 2222
32 4 8 48 0.000538 2222
32 4 8 49 0.000806 2222
32 4 8 50 0.000848 0000
32 4 8 51 0.000686 2222
32 4 8 52 0.000607 2222
32 4 8 53 0.000710 2222
32 4 8 54 0.000580 2222
32 4 8 55 0.000621 0000
32 4 8 56 0.000763 2222
32 4 8 57 0.000942 2222
32 4 8 58 0.000911 2222
32 4 8 59 0.000666 0000
32 4 8 60 0.000928 2222
32 4 8 61 0.000747 2222
32 4 8 62 0.000765 0000
32 4 8 63 0.000659 2222
32 4 8 64 0.000687 2222
32 4 8 65 0.000814 0000
32 4 8 66 0.000745 2222
32 4 8 67 0.000733 2222
32 4 8 68 0.000550 2222
32 4 8 69 0.000715 2222
32 4 8 70 0.000657 0000
32 4 8 71 0.000712 2222
32 4 8 72 0.000728 2222
32 4 8 73 0.000884 2222
32 4 8 74 0.000787 2222
32 4 8 75 0.000697 2222
32 4 8 76 0.000813 2222
32 4 8 77 0.000840 2222
32 4 8 78 0.000706 2222
32 4 8 79 0.000715 2222
32 4 8 80 0.000618 2222
32 4 8 81 0.000829 0000
32 4 8 82 0.000817 2222
32 4 8 83 0.000647 0000
32 4 8 84 0.000941 2222
32 4 8 85 0.000732 2222
32 4 8 86 0.000700 2222
32 4 8 87 0.000635 2222
32 4 8 88 0.000684 0000
32 4 8 89 0.000676 2222
32 4 8 90 0.000761 2222
32 4 8 91 0.000875 2222
32 4 8 92 0.000608 2222
32 4 8 93 0.000724 0000
32 4 8 94 0.000717 2222
32 4 8 95 0.000491 1222
32 4 8 96 0.000729 2222
32 4 8 97 0.000801 1222
32 4 8 98 0.000991 2222
32 4 8 99 0.000756 1222
32 4 16 0 0.000744 00
32 4 16 1 0.000677 00
32 4 16 2 0.000760 22
32 4 16 3 0.000774 00
32 4 16 4 0.000825 22
32 4 16 5 0.000686 00
32 4 16 6 0.000836 22
32 4 16 7 0.000455 00
32 4 16 8 0.000607 22
32 4 16 9 0.000715 22
32 4 16 10 0.000689 00
32 4 16 11 0.000935 22
32 4 16 12 0.000612 00
32 4 16 13 0.000834 22
32 4 16 14 0.000689 22
32 4 16 15 0.000817 22
32 4 16 16 0.000876 22
32 4 16 17 0.000806 22
32 4 16 18 0.000709 22
32 4 16 19 0.000948 22
32 4 16 20 0.000699 00
32 4 16 21 0.000765 22
32 4 16 22 0.000905 22
32 4 16 23 0.000737 22
32 4 16 24 0.000686 22
32 4 16 25 0.000614 00
32 4 16 26 0.000776 22
32 4 16 27 0.000538 22
32 4 16 28 0.000854 22
32 4 16 29 0.000997 22
32 4 16 30 0.000694 22
32 4 16 31 0.000778 22
32 4 16 32 0.000590 22
32 4 16 33 0.000604 22
32 4 16 34 0.000861 22
32 4 16 35 0.000767 22
32 4 16 36 0.000786 22
32 4 16 37 0.000613 22
32 4 16 38 0.000727 22
32 4 16 39 0.000495 00
32 4 16 40 0.000684 22
32 4 16 41 0.000705 22
32 4 16 42 0.000751 22
32 4 16 43 0.000746 22
32 4 16 44 0.000743 00
32 4 16 45 0.000900 22
32 4 16 46 0.000837 22
32 4 16 47 0.000683 22
32 4 16 48 0.000501 22
32 4 16 49 0.000783 22
32 4 16 50 0.000789 00
32 4 16 51 0.000678 22
32 4 16 52 0.000599 22
32 4 16 53 0.000671 22
32 4 16 54 0.000568 22
32 4 16 55 0.000582 00
32 4 16 56 0.000751 22
32 4 16 57 0.000902 22
32 4 16 58 0.000894 22
32 4 16 59 0.000644 00
32 4 16 60 0.000954 22
32 4 16 61 0.000729 22
32 4 16 62 0.000786 00
32 4 16 63 0.000609 22
32 4 16 64 0.000664 22
32 4 16 65 0.001298 00
32 4 16 66 0.000718 22
32 4 16 67 0.000713 22
32 4 16 68 0.000545 22
32 4 16 69 0.000681 22
32 4 16 70 0.000623 00
32 4 16 71 0.000692 22
32 4 16 72 0.000681 22
32 4 16 73 0.000863 22
32 4 16 74 0.000750 22
32 4 16 75 0.000677 22
32 4 16 76 0.000779 22
32 4 16 77 0.000809 22
32 4 16 78 0.000661 22
32 4 16 79 0.000659 22
32 4 16 80 0.000570 22
32 4 16 81 0.000785 00
32 4 16 82 0.000786 22
32 4 16 83 0.000619 00
32 4 16 84 0.000865 22
32 4 16 85 0.000727 22
32 4 16 86 0.000670 22
32 4 16 87 0.000609 22
32 4 16 88 0.000656 00
32 4 16 89 0.000686 22
32 4 16 90 0.000732 22
32 4 16 91 0.000850 22
32 4 16 92 0.000582 22
32 4 16 93 0.000679 00
32 4 16 94 0.000696 22
32 4 16 95 0.000449 22
32 4 16 96 0.000712 22
32 4 16 97 0.000780 22
32 4 16 98 0.000970 22
32 4 16 99 0.000751 22
32 4 32 0 0.000721 0
32 4 32 1 0.000693 0
32 4 32 2 0.000741 2
32 4 32 3 0.000757 0
32 4 32 4 0.000765 2
32 4 32 5 0.000656 0
32 4 32 6 0.000817 2
32 4 32 7 0.000423 0
32 4 32 8 0.000582 2
32 4 32 9 0.000679 2
32 4 32 10 0.000675 0
32 4 32 11 0.000879 2
32 4 32 12 0.000605 0
32 4 32 13 0.000825 2
32 4 32 14 0.000752 2
32 4 32 15 0.000792 2
32 4 32 16 0.000900 2
32 4 32 17 0.000788 2
32 4 32 18 0.000687 2
32 4 32 19 0.000965 2
32 4 32 20 0.000684 0
32 4 32 21 0.000766 2
32 4 32 22 0.000891 2
32 4 32 23 0.000732 2
32 4 32 24 0.000649 2
32 4 32 25 0.000611 0
32 4 32 26 0.000758 2
32 4 32 27 0.000536 2
32 4 32 28 0.000835 2
32 4 32 29 0.000973 2
32 4 32 30 0.000685 2
32 4 32 31 0.000758 2
32 4 32 32 0.000582 2
32 4 32 33 0.000574 2
32 4 32 34 0.000863 2
32 4 32 35 0.000761 2
32 4 32 36 0.000786 2
32 4 32 37 0.000599 2
32 4 32 38 0.000720 2
32 4 32 39 0.000482 0
32 4 32 40 0.000677 2
32 4 32 41 0.000700 2
32 4 32 42 0.000734 2
32 4 32 43 0.000759 2
32 4 32 44 0.000731 0
32 4 32 45 0.000927 2
32 4 32 46 0.000843 2
32 4 32 47 0.000657 2
32 4 32 48 0.000493 2
32 4 32 49 0.000819 2
32 4 32 50 0.000811 0
32 4 32 51 0.000660 2
32 4 32 52 0.000597 2
32 4 32 53 0.000662 2
32 4 32 54 0.000566 2
32 4 32 55 0.000563 0
32 4 32 56 0.000761 2
32 4 32 57 0.000923 2
32 4 32 58 0.000917 2
32 4 32 59 0.000635 0
32 4 32 60 0.000929 2
32 4 32 61 0.000770 2
32 4 32 62 0.000744 0
32 4 32 63 0.000606 2
32 4 32 64 0.000646 2
32 4 32 65 0.000794 0
32 4 32 66 0.000677 2
32 4 32 67 0.000691 2
32 4 32 68 0.000522 2
32 4 32 69 0.000668 2
32 4 32 70 0.000621 0
32 4 32 71 0.000683 2
32 4 32 72 0.000664 2
32 4 32 73 0.000927 2
32 4 32 74 0.000759 2
32 4 32 75 0.000695 2
32 4 32 76 0.000764 2
32 4 32 77 0.000806 2
32 4 32 78 0.000656 2
32 4 32 79 0.000670 2
32 4 32 80 0.000565 2
32 4 32 81 0.000788 0
32 4 32 82 0.000762 2
32 4 32 83 0.000595 0
32 4 32 84 0.000872 2
32 4 32 85 0.000696 2
32 4 32 86 0.000663 2
32 4 32 87 0.000607 2
32 4 32 88 0.000648 0
32 4 32 89 0.000667 2
32 4 32 90 0.000732 2
32 4 32 91 0.000864 2
32 4 32 92 0.000573 2
32 4 32 93 0.000663 0
32 4 32 94 0.000688 2
32 4 32 95 0.000405 2
32 4 32 96 0.000696 2
32 4 32 97 0.000777 2
32 4 32 98 0.000966 2
32 4 32 99 0.000739 2
32 8 16 0 0.001301 00
32 8 16 1 0.001231 00
32 8 16 2 0.001487 22
32 8 16 3 0.001514 00
32 8 16 4 0.001379 22
32 8 16 5 0.001116 00
32 8 16 6 0.001514 22
32 8 16 7 0.000699 00
32 8 16 8 0.000986 22
32 8 16 9 0.001221 22
32 8 16 10 0.001313 00
32 8 16 11 0.001907 22
32 8 16 12 0.000993 00
32 8 16 13 0.001809 22
32 8 16 14 0.001356 22
32 8 16 15 0.001497 22
32 8 16 16 0.001704 22
32 8 16 17 0.001605 22
32 8 16 18 0.001218 22
32 8 16 19 0.002124 22
32 8 16 20 0.001239 00
32 8 16 21 0.001473 22
32 8 16 22 0.001868 22
32 8 16 23 0.001425 22
32 8 16 24 0.001130 22
32 8 16 25 0.001118 00
32 8 16 26 0.001414 22
32 8 16 27 0.000776 22
32 8 16 28 0.001743 22
32 8 16 29 0.002245 22
32 8 16 30 0.001165 22
32 8 16 31 0.001425 22
32 8 16 32 0.000902 22
32 8 16 33 0.000899 22
32 8 16 34 0.001738 22
32 8 16 35 0.001286 22
32 8 16 36 0.001530 22
32 8 16 37 0.001044 22
32 8 16 38 0.001427 22
32 8 16 39 0.000600 00
32 8 16 40 0.001130 22
32 8 16 41 0.001343 22
32 8 16 42 0.001396 22
32 8 16 43 0.001412 22
32 8 16 44 0.001211 00
32 8 16 45 0.001773 22
32 8 16 46 0.001497 22
32 8 16 47 0.001149 22
32 8 16 48 0.000672 22
32 8 16 49 0.001417 22
32 8 16 50 0.001609 00
32 8 16 51 0.001184 22
32 8 16 52 0.000979 22
32 8 16 53 0.001197 22
32 8 16 54 0.001034 22
32 8 16 55 0.000777 00
32 8 16 56 0.001546 22
32 8 16 57 0.001956 22
32 8 16 58 0.001714 22
32 8 16 59 0.001020 00
32 8 16 60 0.001808 22
32 8 16 61 0.001363 22
32 8 16 62 0.001294 00
32 8 16 63 0.000954 22
32 8 16 64 0.001256 22
32 8 16 65 0.001535 00
32 8 16 66 0.001313 22
32 8 16 67 0.001266 22
32 8 16 68 0.000840 22
32 8 16 69 0.000913 22
32 8 16 70 0.001078 00
32 8 16 71 0.001288 22
32 8 16 72 0.001131 22
32 8 16 73 0.001820 22
32 8 16 74 0.001234 22
32 8 16 75 0.001189 22
32 8 16 76 0.001487 22
32 8 16 77 0.001486 22
32 8 16 78 0.001141 22
32 8 16 79 0.001248 22
32 8 16 80 0.001021 22
32 8 16 81 0.001454 00
32 8 16 82 0.001393 22
32 8 16 83 0.001044 00
32 8 16 84 0.001883 22
32 8 16 85 0.001411 22
32 8 16 86 0.001242 22
32 8 16 87 0.000957 22
32 8 16 88 0.001088 00
32 8 16 89 0.001106 22
32 8 16 90 0.001373 22
32 8 16 91 0.001759 22
32 8 16 92 0.000862 22
32 8 16 93 0.001065 00
32 8 16 94 0.001275 22
32 8 16 95 0.000637 22
32 8 16 96 0.001254 22
32 8 16 97 0.001462 22
32 8 16 98 0.002077 22
32 8 16 99 0.001291 22
32 8 32 0 0.001248 0
32 8 32 1 0.001192 0
32 8 32 2 0.001487 2
32 8 32 3 0.001544 0
32 8 32 4 0.001361 2
32 8 32 5 0.001119 0
32 8 32 6 0.001532 2
32 8 32 7 0.000653 0
32 8 32 8 0.000997 2
32 8 32 9 0.001285 2
32 8 32 10 0.001406 0
32 8 32 11 0.001923 2
32 8 32 12 0.000959 0
32 8 32 13 0.001824 2
32 8 32 14 0.001316 2
32 8 32 15 0.001569 2
32 8 32 16 0.001798 2
32 8 32 17 0.001623 2
32 8 32 18 0.001317 2
32 8 32 19 0.002123 2
32 8 32 20 0.001269 0
32 8 32 21 0.001484 2
32 8 32 22 0.001946 2
32 8 32 23 0.001445 2
32 8 32 24 0.001124 2
32 8 32 25 0.001034 0
32 8 32 26 0.001456 2
32 8 32 27 0.000720 2
32 8 32 28 0.001676 2
32 8 32 29 0.002342 2
32 8 32 30 0.001183 2
32 8 32 31 0.001362 2
32 8 32 32 0.000834 2
32 8 32 33 0.000901 2
32 8 32 34 0.001851 2
32 8 32 35 0.001286 2
32 8 32 36 0.001586 2
32 8 32 37 0.001052 2
32 8 32 38 0.001481 2
32 8 32 39 0.000592 0
32 8 32 40 0.001144 2
32 8 32 41 0.001335 2
32 8 32 42 0.001397 2
32 8 32 43 0.001439 2
32 8 32 44 0.001185 0
32 8 32 45 0.001874 2
32 8 32 46 0.001588 2
32 8 32 47 0.001173 2
32 8 32 48 0.000659 2
32 8 32 49 0.001499 2
32 8 32 50 0.001655 0
32 8 32 51 0.001131 2
32 8 32 52 0.000947 2
32 8 32 53 0.001220 2
32 8 32 54 0.001018 2
32 8 32 55 0.000736 0
32 8 32 56 0.001555 2
32 8 32 57 0.002025 2
32 8 32 58 0.001703 2
32 8 32 59 0.001013 0
32 8 32 60 0.001857 2
32 8 32 61 0.001354 2
32 8 32 62 0.001297 0
32 8 32 63 0.000938 2
32 8 32 64 0.001229 2
32 8 32 65 0.001514 0
32 8 32 66 0.001270 2
32 8 32 67 0.001223 2
32 8 32 68 0.000875 2
32 8 32 69 0.000956 2
32 8 32 70 0.000997 0
32 8 32 71 0.001334 2
32 8 32 72 0.001082 2
32 8 32 73 0.001852 2
32 8 32 74 0.001223 2
32 8 32 75 0.001184 2
32 8 32 76 0.001524 2
32 8 32 77 0.001509 2
32 8 32 78 0.001126 2
32 8 32 79 0.001302 2
32 8 32 80 0.000980 2
32 8 32 81 0.001478 0
32 8 32 82 0.001361 2
32 8 32 83 0.001020 0
32 8 32 84 0.001950 2
32 8 32 85 0.001418 2
32 8 32 86 0.001137 2
32 8 32 87 0.000935 2
32 8 32 88 0.001052 0
32 8 32 89 0.001148 2
32 8 32 90 0.001478 2
32 8 32 91 0.001730 2
32 8 32 92 0.000819 2
32 8 32 93 0.001049 0
32 8 32 94 0.001270 2
32 8 32 95 0.000599 2
32 8 32 96 0.001228 2
32 8 32 97 0.001407 2
32 8 32 98 0.002143 2
32 8 32 99 0.001295 2
64 2 4 0 0.000946 2222222222222222
64 2 4 1 0.001115 0000000000000000
64 2 4 2 0.001101 1222222222222222
64 2 4 3 0.000961 1222222222200000
64 2 4 4 0.001066 1222222222222222
64 2 4 5 0.001103 1122222222222222
64 2 4 6 0.001000 1222222222222222
64 2 4 7 0.000976 1222222222222222
64 2 4 8 0.001002 1222222222222222
64 2 4 9 0.001037 0000000000000000
64 2 4 10 0.001023 0000000000000000
64 2 4 11 0.000998 1222222222222222
64 2 4 12 0.001097 0000000000000000
64 2 4 13 0.001027 1222222222222222
64 2 4 14 0.000979 1222222222222222
64 2 4 15 0.000963 1222222222222222
64 2 4 16 0.001036 2222222222222222
64 2 4 17 0.001031 1222222222222222
64 2 4 18 0.001011 2222222222222222
64 2 4 19 0.001129 2222222222222222
64 2 4 20 0.001053 1122222222222222
64 2 4 21 0.001048 1222222222222222
64 2 4 22 0.001039 0000000000000000
64 2 4 23 0.001043 0000000000000000
64 2 4 24 0.000992 0000000000000000
64 2 4 25 0.000997 1222222222222222
64 2 4 26 0.001048 1222222222222222
64 2 4 27 0.001104 1222222222222222
64 2 4 28 0.001005 1222222222222222
64 2 4 29 0.001027 0000000000000000
64 2 4 30 0.001089 0000000000000000
64 2 4 31 0.001151 1222222222222222
64 2 4 32 0.001008 0000000000000000
64 2 4 33 0.000976 0000000000000000
64 2 4 34 0.001057 1222222222222222
64 2 4 35 0.000968 1222222222222222
64 2 4 36 0.001049 0000000000000000
64 2 4 37 0.001035 1222222222222222
64 2 4 38 0.001056 1222222222222222
64 2 4 39 0.001131 1222222222222222
64 2 4 40 0.001042 2222222222222222
64 2 4 41 0.001082 0000000000000000
64 2 4 42 0.001047 1222222222222222
64 2 4 43 0.001041 1222222222222222
64 2 4 44 0.001097 1222222222222222
64 2 4 45 0.000992 0000000000000000
64 2 4 46 0.001017 1222222222222222
64 2 4 47 0.001010 1222222222222222
64 2 4 48 0.001017 0000000000000000
64 2 4 49 0.001081 1222222222222222
64 2 4 50 0.001080 0000000000000000
64 2 4 51 0.000976 0000000000000000
64 2 4 52 0.001114 1222222222222222
64 2 4 53 0.001022 1222222222222222
64 2 4 54 0.001040 1222222222222222
64 2 4 55 0.001117 2222222222222222
64 2 4 56 0.000993 1222222222222222
64 2 4 57 0.001037 1222222222222222
64 2 4 58 0.001014 1222222222222222
64 2 4 59 0.001024 0000000000000000
64 2 4 60 0.001002 1222222222222222
64 2 4 61 0.001172 1222222222222222
64 2 4 62 0.001084 1222222222222222
64 2 4 63 0.001078 2222222222222222
64 2 4 64 0.001004 0000000000000000
64 2 4 65 0.000968 2222222222222000
64 2 4 66 0.001027 0000000000000000
64 2 4 67 0.001124 0000000000000000
64 2 4 68 0.001103 1222222222222222
64 2 4 69 0.001037 1222222222222222
64 2 4 70 0.000948 2222220000000000
64 2 4 71 0.001068 0000000000000000
64 2 4 72 0.001027 0000000000000000
64 2 4 73 0.000989 1222222222222222
64 2 4 74 0.001032 0000000000000000
64 2 4 75 0.000997 1222222222222222
64 2 4 76 0.001089 1222222222222222
64 2 4 77 0.001177 1222222222222222
64 2 4 78 0.001129 2222222222222222
64 2 4 79 0.000923 2222222222222222
64 2 4 80 0.000980 0000000000000000
64 2 4 81 0.001088 0000000000000000
64 2 4 82 0.001094 2222222222222222
64 2 4 83 0.000991 0000000000000000
64 2 4 84 0.001009 1222222222222222
64 2 4 85 0.001042 1222222222222222
64 2 4 86 0.001053 2222222222222222
64 2 4 87 0.001015 2222222222222222
64 2 4 88 0.000975 1222222222222222
64 2 4 89 0.000993 1222222222222222
64 2 4 90 0.001054 1222222222222222
64 2 4 91 0.001052 2222222222222222
64 2 4 92 0.001127 0000000000000000
64 2 4 93 0.001064 2222222222222222
64 2 4 94 0.001035 1222222222222222
64 2 4 95 0.001037 0000000000000000
64 2 4 96 0.001067 1222222222222222
64 2 4 97 0.000966 0000000000000000
64 2 4 98 0.001031 0000000000000000
64 2 4 99 0.000991 2222222222222222
64 2 8 0 0.000873 22222222
64 2 8 1 0.001091 00000000
64 2 8 2 0.001079 22222222
64 2 8 3 0.000929 22222000
64 2 8 4 0.001031 22222222
64 2 8 5 0.001086 12222222
64 2 8 6 0.000963 22222222
64 2 8 7 0.000942 22222222
64 2 8 8 0.000997 22222222
64 2 8 9 0.001022 00000000
64 2 8 10 0.000991 00000000
64 2 8 11 0.000982 22222222
64 2 8 12 0.001054 00000000
64 2 8 13 0.000996 22222222
64 2 8 14 0.000938 22222222
64 2 8 15 0.000925 22222222
64 2 8 16 0.001002 22222222
64 2 8 17 0.001001 22222222
64 2 8 18 0.000991 22222222
64 2 8 19 0.001092 22222222
64 2 8 20 0.001017 12222222
64 2 8 21 0.001013 22222222
64 2 8 22 0.001019 00000000
64 2 8 23 0.000982 00000000
64 2 8 24 0.000958 00000000
64 2 8 25 0.000989 22222222
64 2 8 26 0.001037 22222222
64 2 8 27 0.001145 22222222
64 2 8 28 0.001015 22222222
64 2 8 29 0.001019 00000000
64 2 8 30 0.001016 00000000
64 2 8 31 0.001101 22222222
64 2 8 32 0.000993 00000000
64 2 8 33 0.000947 00000000
64 2 8 34 0.000998 22222222
64 2 8 35 0.000943 22222222
64 2 8 36 0.001022 00000000
64 2 8 37 0.000998 22222222
64 2 8 38 0.001029 22222222
64 2 8 39 0.001092 22222222
64 2 8 40 0.000989 22222222
64 2 8 41 0.001045 00000000
64 2 8 42 0.001008 22222222
64 2 8 43 0.001036 22222222
64 2 8 44 0.001132 22222222
64 2 8 45 0.000986 00000000
64 2 8 46 0.000989 22222222
64 2 8 47 0.001000 22222222
64 2 8 48 0.001042 00000000
64 2 8 49 0.001027 22222222
64 2 8 50 0.001070 00000000
64 2 8 51 0.000946 00000000
64 2 8 52 0.001070 22222222
64 2 8 53 0.000989 22222222
64 2 8 54 0.001022 22222222
64 2 8 55 0.001148 22222222
64 2 8 56 0.000977 22222222
64 2 8 57 0.001015 22222222
64 2 8 58 0.001014 22222222
64 2 8 59 0.001038 00000000
64 2 8 60 0.000980 22222222
64 2 8 61 0.001102 22222222
64 2 8 62 0.001033 22222222
64 2 8 63 0.001047 22222222
64 2 8 64 0.000995 00000000
64 2 8 65 0.000936 22222200
64 2 8 66 0.000975 00000000
64 2 8 67 0.001099 00000000
64 2 8 68 0.001084 22222222
64 2 8 69 0.000985 22222222
64 2 8 70 0.000916 22200000
64 2 8 71 0.001038 00000000
64 2 8 72 0.001002 00000000
64 2 8 73 0.000971 22222222
64 2 8 74 0.001023 00000000
64 2 8 75 0.000961 22222222
64 2 8 76 0.001061 22222222
64 2 8 77 0.001093 22222222
64 2 8 78 0.001084 22222222
64 2 8 79 0.001407 22222222
64 2 8 80 0.000968 00000000
64 2 8 81 0.001056 00000000
64 2 8 82 0.001068 22222222
64 2 8 83 0.000959 00000000
64 2 8 84 0.000983 22222222
64 2 8 85 0.001015 22222222
64 2 8 86 0.001000 22222222
64 2 8 87 0.000990 22222222
64 2 8 88 0.000948 22222222
64 2 8 89 0.000936 22222222
64 2 8 90 0.001032 22222222
64 2 8 91 0.001005 22222222
64 2 8 92 0.001070 00000000
64 2 8 93 0.001010 22222222
64 2 8 94 0.001008 22222222
64 2 8 95 0.001021 00000000
64 2 8 96 0.001026 22222222
64 2 8 97 0.000929 00000000
64 2 8 98 0.001007 00000000
64 2 8 99 0.000959 22222222
64 2 16 0 0.000847 2222
64 2 16 1 0.001076 0000
64 2 16 2 0.001035 2222
64 2 16 3 0.000887 2200
64 2 16 4 0.001003 2222
64 2 16 5 0.001049 2222
64 2 16 6 0.000926 2222
64 2 16 7 0.000933 2222
64 2 16 8 0.000949 2222
64 2 16 9 0.000972 0000
64 2 16 10 0.000967 0000
64 2 16 11 0.000959 2222
64 2 16 12 0.001095 0000
64 2 16 13 0.000976 2222
64 2 16 14 0.000907 2222
64 2 16 15 0.000952 2222
64 2 16 16 0.000982 2222
64 2 16 17 0.000999 2222
64 2 16 18 0.000968 2222
64 2 16 19 0.001063 2222
64 2 16 20 0.000996 2222
64 2 16 21 0.000986 2222
64 2 16 22 0.000984 0000
64 2 16 23 0.000966 0000
64 2 16 24 0.000955 0000
64 2 16 25 0.000976 2222
64 2 16 26 0.000994 2222
64 2 16 27 0.001056 2222
64 2 16 28 0.000920 2222
64 2 16 29 0.000980 0000
64 2 16 30 0.001003 0000
64 2 16 31 0.001102 2222
64 2 16 32 0.000990 0000
64 2 16 33 0.000955 0000
64 2 16 34 0.000998 2222
64 2 16 35 0.000946 2222
64 2 16 36 0.000994 0000
64 2 16 37 0.001004 2222
64 2 16 38 0.001015 2222
64 2 16 39 0.001059 2222
64 2 16 40 0.000989 2222
64 2 16 41 0.001012 0000
64 2 16 42 0.000976 2222
64 2 16 43 0.000987 2222
64 2 16 44 0.001024 2222
64 2 16 45 0.000944 0000
64 2 16 46 0.000966 2222
64 2 16 47 0.000951 2222
64 2 16 48 0.000958 0000
64 2 16 49 0.000992 2222
64 2 16 50 0.001023 0000
64 2 16 51 0.000923 0000
64 2 16 52 0.001034 2222
64 2 16 53 0.000970 2222
64 2 16 54 0.001003 2222
64 2 16 55 0.001048 2222
64 2 16 56 0.000933 2222
64 2 16 57 0.000994 2222
64 2 16 58 0.001032 2222
64 2 16 59 0.001004 0000
64 2 16 60 0.000947 2222
64 2 16 61 0.001065 2222
64 2 16 62 0.001004 2222
64 2 16 63 0.001061 2222
64 2 16 64 0.000964 0000
64 2 16 65 0.000931 2220
64 2 16 66 0.000965 0000
64 2 16 67 0.001088 0000
64 2 16 68 0.001054 2222
64 2 16 69 0.000964 2222
64 2 16 70 0.000893 2000
64 2 16 71 0.001016 0000
64 2 16 72 0.000989 0000
64 2 16 73 0.000948 2222
64 2 16 74 0.001000 0000
64 2 16 75 0.000960 2222
64 2 16 76 0.001039 2222
64 2 16 77 0.001052 2222
64 2 16 78 0.001071 2222
64 2 16 79 0.000894 2222
64 2 16 80 0.000947 0000
64 2 16 81 0.001054 0000
64 2 16 82 0.001048 2222
64 2 16 83 0.000948 0000
64 2 16 84 0.000947 2222
64 2 16 85 0.000982 2222
64 2 16 86 0.000991 2222
64 2 16 87 0.000964 2222
64 2 16 88 0.000916 2222
64 2 16 89 0.000944 2222
64 2 16 90 0.000997 2222
64 2 16 91 0.000964 2222
64 2 16 92 0.001037 0000
64 2 16 93 0.000971 2222
64 2 16 94 0.000970 2222
64 2 16 95 0.000974 0000
64 2 16 96 0.001010 2222
64 2 16 97 0.000915 0000
64 2 16 98 0.000983 0000
64 2 16 99 0.000930 2222
64 2 32 0 0.000844 22
64 2 32 1 0.001067 00
64 2 32 2 0.001035 22
64 2 32 3 0.000882 20
64 2 32 4 0.001004 22
64 2 32 5 0.001047 22
64 2 32 6 0.000963 22
64 2 32 7 0.000908 22
64 2 32 8 0.000947 22
64 2 32 9 0.000972 00
64 2 32 10 0.000953 00
64 2 32 11 0.000957 22
64 2 32 12 0.001003 00
64 2 32 13 0.000992 22
64 2 32 14 0.000893 22
64 2 32 15 0.000889 22
64 2 32 16 0.000970 22
64 2 32 17 0.000972 22
64 2 32 18 0.000958 22
64 2 32 19 0.001055 22
64 2 32 20 0.000991 22
64 2 32 21 0.000983 22
64 2 32 22 0.000981 00
64 2 32 23 0.000988 00
64 2 32 24 0.000970 00
64 2 32 25 0.000973 22
64 2 32 26 0.001012 22
64 2 32 27 0.001075 22
64 2 32 28 0.000932 22
64 2 32 29 0.000979 00
64 2 32 30 0.000994 00
64 2 32 31 0.001072 22
64 2 32 32 0.000951 00
64 2 32 33 0.000923 00
64 2 32 34 0.000971 22
64 2 32 35 0.000906 22
64 2 32 36 0.000991 00
64 2 32 37 0.000974 22
64 2 32 38 0.001007 22
64 2 32 39 0.001061 22
64 2 32 40 0.000972 22
64 2 32 41 0.001006 00
64 2 32 42 0.000976 22
64 2 32 43 0.000979 22
64 2 32 44 0.001025 22
64 2 32 45 0.000932 00
64 2 32 46 0.000959 22
64 2 32 47 0.000941 22
64 2 32 48 0.000958 00
64 2 32 49 0.000977 22
64 2 32 50 0.001020 00
64 2 32 51 0.000957 00
64 2 32 52 0.001058 22
64 2 32 53 0.000963 22
64 2 32 54 0.000980 22
64 2 32 55 0.001106 22
64 2 32 56 0.000935 22
64 2 32 57 0.000975 22
64 2 32 58 0.000958 22
64 2 32 59 0.000976 00
64 2 32 60 0.000935 22
64 2 32 61 0.001043 22
64 2 32 62 0.001018 22
64 2 32 63 0.001013 22
64 2 32 64 0.000941 00
64 2 32 65 0.000912 20
64 2 32 66 0.000945 00
64 2 32 67 0.001089 00
64 2 32 68 0.001119 22
64 2 32 69 0.000974 22
64 2 32 70 0.000893 00
64 2 32 71 0.001054 00
64 2 32 72 0.001010 00
64 2 32 73 0.000941 22
64 2 32 74 0.000984 00
64 2 32 75 0.000941 22
64 2 32 76 0.001042 22
64 2 32 77 0.001033 22
64 2 32 78 0.001070 22
64 2 32 79 0.000880 22
64 2 32 80 0.000942 00
64 2 32 81 0.001064 00
64 2 32 82 0.001061 22
64 2 32 83 0.000948 00
64 2 32 84 0.000961 22
64 2 32 85 0.000979 22
64 2 32 86 0.000976 22
64 2 32 87 0.000959 22
64 2 32 88 0.000918 22
64 2 32 89 0.000908 22
64 2 32 90 0.001009 22
64 2 32 91 0.000980 22
64 2 32 92 0.001038 00
64 2 32 93 0.000967 22
64 2 32 94 0.000974 22
64 2 32 95 0.000969 00
64 2 32 96 0.001001 22
64 2 32 97 0.000895 00
64 2 32 98 0.000983 00
64 2 32 99 0.000926 22
64 4 8 0 0.001324 22222222
64 4 8 1 0.001896 00000000
64 4 8 2 0.001697 22222222
64 4 8 3 0.001279 22222222
64 4 8 4 0.001668 22222222
64 4 8 5 0.001783 12222222
64 4 8 6 0.001467 22222222
64 4 8 7 0.001444 22222222
64 4 8 8 0.001450 22222222
64 4 8 9 0.001568 00000000
64 4 8 10 0.001453 00000000
64 4 8 11 0.001510 22222222
64 4 8 12 0.001651 00000000
64 4 8 13 0.001512 22222222
64 4 8 14 0.001343 22222222
64 4 8 15 0.001366 22222222
64 4 8 16 0.001543 22222222
64 4 8 17 0.001557 22222222
64 4 8 18 0.001555 22222222
64 4 8 19 0.001790 22222222
64 4 8 20 0.001560 12222222
64 4 8 21 0.001630 22222222
64 4 8 22 0.001570 00000000
64 4 8 23 0.001459 00000000
64 4 8 24 0.001505 00000000
64 4 8 25 0.001518 22222222
64 4 8 26 0.001608 22222222
64 4 8 27 0.001711 22222222
64 4 8 28 0.001442 22222222
64 4 8 29 0.001581 00000000
64 4 8 30 0.001581 00000000
64 4 8 31 0.001874 22222222
64 4 8 32 0.001457 00000000
64 4 8 33 0.001342 00000000
64 4 8 34 0.001527 22222222
64 4 8 35 0.001349 22222222
64 4 8 36 0.001633 00000000
64 4 8 37 0.001597 22222222
64 4 8 38 0.001652 22222222
64 4 8 39 0.001842 22222222
64 4 8 40 0.001498 22222222
64 4 8 41 0.001627 00000000
64 4 8 42 0.001511 22222222
64 4 8 43 0.001609 22222222
64 4 8 44 0.001676 22222222
64 4 8 45 0.001504 00000000
64 4 8 46 0.001486 22222222
64 4 8 47 0.001504 22222222
64 4 8 48 0.001527 00000000
64 4 8 49 0.001564 22222222
64 4 8 50 0.001611 00000000
64 4 8 51 0.001387 00000000
64 4 8 52 0.001731 22222222
64 4 8 53 0.001533 22222222
64 4 8 54 0.001635 22222222
64 4 8 55 0.001812 22222222
64 4 8 56 0.001429 22222222
64 4 8 57 0.001582 22222222
64 4 8 58 0.001439 22222222
64 4 8 59 0.001590 00000000
64 4 8 60 0.001466 22222222
64 4 8 61 0.001777 22222222
64 4 8 62 0.001635 22222222
64 4 8 63 0.001679 22222222
64 4 8 64 0.001482 00000000
64 4 8 65 0.001262 22222222
64 4 8 66 0.001450 00000000
64 4 8 67 0.001807 00000000
64 4 8 68 0.001799 22222222
64 4 8 69 0.001554 22222222
64 4 8 70 0.001279 22222222
64 4 8 71 0.001641 00000000
64 4 8 72 0.001622 00000000
64 4 8 73 0.001370 22222222
64 4 8 74 0.001570 00000000
64 4 8 75 0.001438 22222222
64 4 8 76 0.001801 22222222
64 4 8 77 0.001744 22222222
64 4 8 78 0.001822 22222222
64 4 8 79 0.001308 22222222
64 4 8 80 0.001399 00000000
64 4 8 81 0.001742 00000000
64 4 8 82 0.001731 22222222
64 4 8 83 0.001465 00000000
64 4 8 84 0.001455 22222222
64 4 8 85 0.001531 22222222
64 4 8 86 0.001608 22222222
64 4 8 87 0.001500 22222222
64 4 8 88 0.001259 22222222
64 4 8 89 0.001393 22222222
64 4 8 90 0.001606 22222222
64 4 8 91 0.001482 22222222
64 4 8 92 0.001830 00000000
64 4 8 93 0.001652 22222222
64 4 8 94 0.001570 22222222
64 4 8 95 0.001485 00000000
64 4 8 96 0.001664 22222222
64 4 8 97 0.001341 00000000
64 4 8 98 0.001631 00000000
64 4 8 99 0.001387 22222222
64 4 16 0 0.001295 2222
64 4 16 1 0.001817 0000
64 4 16 2 0.001668 2222
64 4 16 3 0.001241 2222
64 4 16 4 0.001638 2222
64 4 16 5 0.001750 2222
64 4 16 6 0.001396 2222
64 4 16 7 0.001386 2222
64 4 16 8 0.001407 2222
64 4 16 9 0.001545 0000
64 4 16 10 0.001392 0000
64 4 16 11 0.001446 2222
64 4 16 12 0.001711 0000
64 4 16 13 0.001479 2222
64 4 16 14 0.001318 2222
64 4 16 15 0.001326 2222
64 4 16 16 0.001529 2222
64 4 16 17 0.001511 2222
64 4 16 18 0.001522 2222
64 4 16 19 0.001799 2222
64 4 16 20 0.001561 2222
64 4 16 21 0.001580 2222
64 4 16 22 0.001589 0000
64 4 16 23 0.001411 0000
64 4 16 24 0.001460 0000
64 4 16 25 0.001479 2222
64 4 16 26 0.001571 2222
64 4 16 27 0.001695 2222
64 4 16 28 0.001459 2222
64 4 16 29 0.001544 0000
64 4 16 30 0.001566 0000
64 4 16 31 0.001828 2222
64 4 16 32 0.001394 0000
64 4 16 33 0.001320 0000
64 4 16 34 0.001502 2222
64 4 16 35 0.001337 2222
64 4 16 36 0.001573 0000
64 4 16 37 0.001540 2222
64 4 16 38 0.001610 2222
64 4 16 39 0.001799 2222
64 4 16 40 0.001480 2222
64 4 16 41 0.001580 0000
64 4 16 42 0.001506 2222
64 4 16 43 0.001572 2222
64 4 16 44 0.001656 2222
64 4 16 45 0.001476 0000
64 4 16 46 0.001450 2222
64 4 16 47 0.001445 2222
64 4 16 48 0.001489 0000
64 4 16 49 0.001533 2222
64 4 16 50 0.001589 0000
64 4 16 51 0.001376 0000
64 4 16 52 0.001691 2222
64 4 16 53 0.001483 2222
64 4 16 54 0.001616 2222
64 4 16 55 0.001806 2222
64 4 16 56 0.001361 2222
64 4 16 57 0.001517 2222
64 4 16 58 0.001399 2222
64 4 16 59 0.001574 0000
64 4 16 60 0.001416 2222
64 4 16 61 0.001736 2222
64 4 16 62 0.001598 2222
64 4 16 63 0.001639 2222
64 4 16 64 0.001440 0000
64 4 16 65 0.001254 2222
64 4 16 66 0.001420 0000
64 4 16 67 0.001745 0000
64 4 16 68 0.001756 2222
64 4 16 69 0.001511 2222
64 4 16 70 0.001233 2222
64 4 16 71 0.001599 0000
64 4 16 72 0.001579 0000
64 4 16 73 0.001344 2222
64 4 16 74 0.001541 0000
64 4 16 75 0.001400 2222
64 4 16 76 0.001724 2222
64 4 16 77 0.001769 2222
64 4 16 78 0.001785 2222
64 4 16 79 0.001231 2222
64 4 16 80 0.001374 0000
64 4 16 81 0.001695 0000
64 4 16 82 0.001666 2222
64 4 16 83 0.001430 0000
64 4 16 84 0.001424 2222
64 4 16 85 0.001507 2222
64 4 16 86 0.001603 2222
64 4 16 87 0.001484 2222
64 4 16 88 0.001238 2222
64 4 16 89 0.001339 2222
64 4 16 90 0.001589 2222
64 4 16 91 0.001459 2222
64 4 16 92 0.001747 0000
64 4 16 93 0.001546 2222
64 4 16 94 0.001551 2222
64 4 16 95 0.001461 0000
64 4 16 96 0.001694 2222
64 4 16 97 0.001308 0000
64 4 16 98 0.001557 0000
64 4 16 99 0.001360 2222
64 4 32 0 0.001314 22
64 4 32 1 0.001835 00
64 4 32 2 0.001699 22
64 4 32 3 0.001242 22
64 4 32 4 0.001628 22
64 4 32 5 0.001757 22
64 4 32 6 0.001410 22
64 4 32 7 0.001413 22
64 4 32 8 0.001437 22
64 4 32 9 0.001543 00
64 4 32 10 0.001443 00
64 4 32 11 0.001461 22
64 4 32 12 0.001639 00
64 4 32 13 0.001489 22
64 4 32 14 0.001344 22
64 4 32 15 0.001339 22
64 4 32 16 0.001524 22
64 4 32 17 0.001521 22
64 4 32 18 0.001541 22
64 4 32 19 0.001804 22
64 4 32 20 0.001551 22
64 4 32 21 0.001602 22
64 4 32 22 0.001550 00
64 4 32 23 0.001418 00
64 4 32 24 0.001452 00
64 4 32 25 0.001530 22
64 4 32 26 0.001587 22
64 4 32 27 0.002298 22
64 4 32 28 0.001439 22
64 4 32 29 0.001572 00
64 4 32 30 0.001559 00
64 4 32 31 0.001859 22
64 4 32 32 0.001411 00
64 4 32 33 0.001350 00
64 4 32 34 0.001500 22
64 4 32 35 0.001345 22
64 4 32 36 0.001580 00
64 4 32 37 0.001537 22
64 4 32 38 0.001618 22
64 4 32 39 0.001832 22
64 4 32 40 0.001447 22
64 4 32 41 0.001626 00
64 4 32 42 0.001493 22
64 4 32 43 0.001653 22
64 4 32 44 0.001660 22
64 4 32 45 0.001504 00
64 4 32 46 0.001453 22
64 4 32 47 0.001447 22
64 4 32 48 0.001517 00
64 4 32 49 0.001540 22
64 4 32 50 0.001597 00
64 4 32 51 0.001363 00
64 4 32 52 0.001716 22
64 4 32 53 0.001521 22
64 4 32 54 0.001613 22
64 4 32 55 0.001825 22
64 4 32 56 0.001395 22
64 4 32 57 0.001545 22
64 4 32 58 0.001406 22
64 4 32 59 0.001566 00
64 4 32 60 0.001470 22
64 4 32 61 0.001791 22
64 4 32 62 0.001613 22
64 4 32 63 0.001653 22
64 4 32 64 0.001449 00
64 4 32 65 0.001235 22
64 4 32 66 0.001409 00
64 4 32 67 0.001785 00
64 4 32 68 0.001783 22
64 4 32 69 0.001526 22
64 4 32 70 0.001260 22
64 4 32 71 0.001623 00
64 4 32 72 0.001584 00
64 4 32 73 0.001342 22
64 4 32 74 0.001556 00
64 4 32 75 0.001400 22
64 4 32 76 0.001757 22
64 4 32 77 0.001718 22
64 4 32 78 0.001876 22
64 4 32 79 0.001233 22
64 4 32 80 0.001375 00
64 4 32 81 0.001729 00
64 4 32 82 0.001703 22
64 4 32 83 0.001450 00
64 4 32 84 0.001443 22
64 4 32 85 0.001500 22
64 4 32 86 0.001592 22
64 4 32 87 0.001508 22
64 4 32 88 0.001243 22
64 4 32 89 0.001404 22
64 4 32 90 0.001599 22
64 4 32 91 0.001458 22
64 4 32 92 0.001765 00
64 4 32 93 0.001564 22
64 4 32 94 0.001566 22
64 4 32 95 0.001459 00
64 4 32 96 0.001630 22
64 4 32 97 0.001302 00
64 4 32 98 0.001606 00
64 4 32 99 0.001356 22
64 8 16 0 0.002489 2222
64 8 16 1 0.004135 0000
64 8 16 2 0.003606 2222
64 8 16 3 0.002109 2222
64 8 16 4 0.003417 2222
64 8 16 5 0.003733 2222
64 8 16 6 0.002838 2222
64 8 16 7 0.002587 2222
64 8 16 8 0.002562 2222
64 8 16 9 0.003128 0000
64 8 16 10 0.002934 0000
64 8 16 11 0.002826 2222
64 8 16 12 0.003458 0000
64 8 16 13 0.002779 2222
64 8 16 14 0.002774 2222
64 8 16 15 0.002599 2222
64 8 16 16 0.003037 2222
64 8 16 17 0.003051 2222
64 8 16 18 0.003117 2222
64 8 16 19 0.003950 2222
64 8 16 20 0.003192 2222
64 8 16 21 0.003221 2222
64 8 16 22 0.003181 0000
64 8 16 23 0.002596 0000
64 8 16 24 0.002899 0000
64 8 16 25 0.003261 2222
64 8 16 26 0.003431 2222
64 8 16 27 0.003569 2222
64 8 16 28 0.002468 2222
64 8 16 29 0.003276 0000
64 8 16 30 0.003195 0000
64 8 16 31 0.004085 2222
64 8 16 32 0.002706 0000
64 8 16 33 0.002341 0000
64 8 16 34 0.002890 2222
64 8 16 35 0.002246 2222
64 8 16 36 0.003254 0000
64 8 16 37 0.003285 2222
64 8 16 38 0.003574 2222
64 8 16 39 0.004077 2222
64 8 16 40 0.002947 2222
64 8 16 41 0.003642 0000
64 8 16 42 0.002912 2222
64 8 16 43 0.003169 2222
64 8 16 44 0.003476 2222
64 8 16 45 0.002924 0000
64 8 16 46 0.002807 2222
64 8 16 47 0.002855 2222
64 8 16 48 0.003102 0000
64 8 16 49 0.003050 2222
64 8 16 50 0.003294 0000
64 8 16 51 0.002689 0000
64 8 16 52 0.003235 2222
64 8 16 53 0.002884 2222
64 8 16 54 0.003413 2222
64 8 16 55 0.003847 2222
64 8 16 56 0.002794 2222
64 8 16 57 0.003271 2222
64 8 16 58 0.002726 2222
64 8 16 59 0.003379 0000
64 8 16 60 0.002897 2222
64 8 16 61 0.003894 2222
64 8 16 62 0.003347 2222
64 8 16 63 0.003518 2222
64 8 16 64 0.002815 0000
64 8 16 65 0.002301 2222
64 8 16 66 0.002634 0000
64 8 16 67 0.003934 0000
64 8 16 68 0.003683 2222
64 8 16 69 0.002766 2222
64 8 16 70 0.002279 2222
64 8 16 71 0.003680 0000
64 8 16 72 0.003195 0000
64 8 16 73 0.002617 2222
64 8 16 74 0.003029 0000
64 8 16 75 0.002791 2222
64 8 16 76 0.004284 2222
64 8 16 77 0.003765 2222
64 8 16 78 0.003927 2222
64 8 16 79 0.002196 2222
64 8 16 80 0.002567 0000
64 8 16 81 0.003633 0000
64 8 16 82 0.003452 2222
64 8 16 83 0.002922 0000
64 8 16 84 0.002868 2222
64 8 16 85 0.003088 2222
64 8 16 86 0.003326 2222
64 8 16 87 0.003042 2222
64 8 16 88 0.002227 2222
64 8 16 89 0.002656 2222
64 8 16 90 0.003029 2222
64 8 16 91 0.002976 2222
64 8 16 92 0.004106 0000
64 8 16 93 0.003059 2222
64 8 16 94 0.003158 2222
64 8 16 95 0.002845 0000
64 8 16 96 0.003578 2222
64 8 16 97 0.002421 0000
64 8 16 98 0.003560 0000
64 8 16 99 0.002675 2222
64 8 32 0 0.002534 22
64 8 32 1 0.004112 00
64 8 32 2 0.003594 22
64 8 32 3 0.002067 22
64 8 32 4 0.003553 22
64 8 32 5 0.003808 22
64 8 32 6 0.002854 22
64 8 32 7 0.002978 22
64 8 32 8 0.002588 22
64 8 32 9 0.003132 00
64 8 32 10 0.003007 00
64 8 32 11 0.002954 22
64 8 32 12 0.003471 00
64 8 32 13 0.002776 22
64 8 32 14 0.002776 22
64 8 32 15 0.002551 22
64 8 32 16 0.003175 22
64 8 32 17 0.002957 22
64 8 32 18 0.003147 22
64 8 32 19 0.004176 22
64 8 32 20 0.003270 22
64 8 32 21 0.003278 22
64 8 32 22 0.003251 00
64 8 32 23 0.002583 00
64 8 32 24 0.002888 00
64 8 32 25 0.003193 22
64 8 32 26 0.003452 22
64 8 32 27 0.003527 22
64 8 32 28 0.002644 22
64 8 32 29 0.003251 00
64 8 32 30 0.003148 00
64 8 32 31 0.004154 22
64 8 32 32 0.002707 00
64 8 32 33 0.002469 00
64 8 32 34 0.002908 22
64 8 32 35 0.002263 22
64 8 32 36 0.003341 00
64 8 32 37 0.003346 22
64 8 32 38 0.003596 22
64 8 32 39 0.004121 22
64 8 32 40 0.003106 22
64 8 32 41 0.003606 00
64 8 32 42 0.002983 22
64 8 32 43 0.003186 22
64 8 32 44 0.003633 22
64 8 32 45 0.002923 00
64 8 32 46 0.002872 22
64 8 32 47 0.002876 22
64 8 32 48 0.003146 00
64 8 32 49 0.003053 22
64 8 32 50 0.003429 00
64 8 32 51 0.002730 00
64 8 32 52 0.003346 22
64 8 32 53 0.002939 22
64 8 32 54 0.003557 22
64 8 32 55 0.004005 22
64 8 32 56 0.002856 22
64 8 32 57 0.003286 22
64 8 32 58 0.002736 22
64 8 32 59 0.003381 00
64 8 32 60 0.002864 22
64 8 32 61 0.003860 22
64 8 32 62 0.003306 22
64 8 32 63 0.003459 22
64 8 32 64 0.002952 00
64 8 32 65 0.002253 22
64 8 32 66 0.002738 00
64 8 32 67 0.004012 00
64 8 32 68 0.003653 22
64 8 32 69 0.002927 22
64 8 32 70 0.002332 22
64 8 32 71 0.003572 00
64 8 32 72 0.003329 00
64 8 32 73 0.002650 22
64 8 32 74 0.003106 00
64 8 32 75 0.002994 22
64 8 32 76 0.004167 22
64 8 32 77 0.003839 22
64 8 32 78 0.003790 22
64 8 32 79 0.002214 22
64 8 32 80 0.002748 00
64 8 32 81 0.003987 00
64 8 32 82 0.003481 22
64 8 32 83 0.002829 00
64 8 32 84 0.002874 22
64 8 32 85 0.003155 22
64 8 32 86 0.003397 22
64 8 32 87 0.003104 22
64 8 32 88 0.002266 22
64 8 32 89 0.002718 22
64 8 32 90 0.003183 22
64 8 32 91 0.002969 22
64 8 32 92 0.004158 00
64 8 32 93 0.003092 22
64 8 32 94 0.003340 22
64 8 32 95 0.002875 00
64 8 32 96 0.003717 22
64 8 32 97 0.002470 00
64 8 32 98 0.003667 00
64 8 32 99 0.002794 22
128 2 4 0 0.002064 12222222222222222222222222222222
128 2 4 1 0.001960 12222222222222222222222222222000
128 2 4 2 0.002091 12222222222222222222222222222222
128 2 4 3 0.002085 12222222222222222222222222222222
128 2 4 4 0.002171 12222222222222222222222222222222
128 2 4 5 0.002090 12222222222222222222222222222222
128 2 4 6 0.002170 11222222222222222222222222222222
128 2 4 7 0.002139 12222222222222222222222222222222
128 2 4 8 0.002284 22222222222222222222222222222222
128 2 4 9 0.002019 00000000000000000000000000000000
128 2 4 10 0.002201 12222222222222222222222222222222
128 2 4 11 0.002111 12220000000000000000000000000000
128 2 4 12 0.002091 00000000000000000000000000000000
128 2 4 13 0.002031 12222222222222222222222222222222
128 2 4 14 0.002231 12222222222222222222222222222222
128 2 4 15 0.001964 12222222222222222000000000000000
128 2 4 16 0.002154 12222222222222222222222222222222
128 2 4 17 0.002170 22222222222222222222222222222222
128 2 4 18 0.002167 12222220000000000000000000000000
128 2 4 19 0.002088 12222222222222222222222222222222
128 2 4 20 0.002138 12222222222222222222222222222222
128 2 4 21 0.002177 00000000000000000000000000000000
128 2 4 22 0.002207 12222222222222222222222222222222
128 2 4 23 0.002273 00000000000000000000000000000000
128 2 4 24 0.002089 00000000000000000000000000000000
128 2 4 25 0.002053 12222222222222222222222222222222
128 2 4 26 0.002147 12222222222222222222222222222222
128 2 4 27 0.002016 12222222222222222222222222222222
128 2 4 28 0.002175 12222222222222222222222222222222
128 2 4 29 0.002164 12222222222222222222222222222222
128 2 4 30 0.002037 22222222222222222222222222222222
128 2 4 31 0.002126 00000000000000000000000000000000
128 2 4 32 0.002112 12222222222222222222222222222222
128 2 4 33 0.002085 00000000000000000000000000000000
128 2 4 34 0.002192 12222222222222222222222222222222
128 2 4 35 0.002203 00000000000000000000000000000000
128 2 4 36 0.002111 00000000000000000000000000000000
128 2 4 37 0.002106 22222222222222222222222222222222
128 2 4 38 0.002122 22222222222222222222222222222222
128 2 4 39 0.002064 12222222222222222222222222222222
128 2 4 40 0.002230 22222222222222222222222222222222
128 2 4 41 0.002229 12222222222222222222222222222222
128 2 4 42 0.002174 00000000000000000000000000000000
128 2 4 43 0.002100 12222222222222222222222222222222
128 2 4 44 0.002031 12222222222222222222222222222222
128 2 4 45 0.002066 12222222222222222222222222222222
128 2 4 46 0.002151 00000000000000000000000000000000
128 2 4 47 0.002153 22222222222222222222222222222222
128 2 4 48 0.002179 22222222222222222222222222222222
128 2 4 49 0.002276 12222222222222222222222222222222
128 2 4 50 0.002246 00000000000000000000000000000000
128 2 4 51 0.002166 12222222222222222222222222222222
128 2 4 52 0.002186 22222222222222222222222222222222
128 2 4 53 0.002150 22222222222222222222222222222222
128 2 4 54 0.002158 12222222222222222222222222222222
128 2 4 55 0.002058 00000000000000000000000000000000
128 2 4 56 0.002167 00000000000000000000000000000000
128 2 4 57 0.002095 12222222222222222222222222222222
128 2 4 58 0.002197 00000000000000000000000000000000
128 2 4 59 0.002074 00000000000000000000000000000000
128 2 4 60 0.002099 00000000000000000000000000000000
128 2 4 61 0.001936 12222222222222222222222222000000
128 2 4 62 0.002141 22222222222222222222222222222222
128 2 4 63 0.002101 12222222222222222222222222222222
128 2 4 64 0.002111 12222222222220000000000000000000
128 2 4 65 0.002020 22222222222222222222222222222222
128 2 4 66 0.002241 22222200000000000000000000000000
128 2 4 67 0.002652 22222222222222222222222222222222
128 2 4 68 0.002199 12222222222222222222222222222222
128 2 4 69 0.002149 00000000000000000000000000000000
128 2 4 70 0.002122 12222222222222222222222222222222
128 2 4 71 0.002297 00000000000000000000000000000000
128 2 4 72 0.002119 00000000000000000000000000000000
128 2 4 73 0.002063 22222222222222222222222222222222
128 2 4 74 0.002124 12222222222222222222222222222222
128 2 4 75 0.001968 00000000000000000000000000000000
128 2 4 76 0.002133 12000000000000000000000000000000
128 2 4 77 0.002127 12222222222222222222222222222222
128 2 4 78 0.002093 12222222222222222222222222222222
128 2 4 79 0.002103 00000000000000000000000000000000
128 2 4 80 0.002059 22222222222222222222222222222222
128 2 4 81 0.002150 12222222222222222222222222222222
128 2 4 82 0.002212 12222222222222222222222222222222
128 2 4 83 0.002274 12222222222222222222222222222222
128 2 4 84 0.002177 00000000000000000000000000000000
128 2 4 85 0.002146 12222222222222222222222222222222
128 2 4 86 0.001994 00000000000000000000000000000000
128 2 4 87 0.002020 12222222222222222222222222222222
128 2 4 88 0.002175 00000000000000000000000000000000
128 2 4 89 0.002128 12222222222222222222222222222222
128 2 4 90 0.002139 22222222222222222222222222222222
128 2 4 91 0.002092 22222222222222222222222222222222
128 2 4 92 0.002106 00000000000000000000000000000000
128 2 4 93 0.002059 00000000000000000000000000000000
128 2 4 94 0.001996 00000000000000000000000000000000
128 2 4 95 0.002101 12222222222222222222222222222222
128 2 4 96 0.002150 12222222222222222222222222222222
128 2 4 97 0.001981 22222222222222222222222222222222
128 2 4 98 0.002146 12222222222222222222222222222222
128 2 4 99 0.002107 22222222222222222222222222222222
128 2 8 0 0.002030 2222222222222222
128 2 8 1 0.001901 2222222222222200
128 2 8 2 0.002022 2222222222222222
128 2 8 3 0.002028 2222222222222222
128 2 8 4 0.002066 2222222222222222
128 2 8 5 0.002029 2222222222222222
128 2 8 6 0.002094 1222222222222222
128 2 8 7 0.002064 2222222222222222
128 2 8 8 0.002156 2222222222222222
128 2 8 9 0.001947 0000000000000000
128 2 8 10 0.002133 2222222222222222
128 2 8 11 0.002099 2200000000000000
128 2 8 12 0.002042 0000000000000000
128 2 8 13 0.001967 2222222222222222
128 2 8 14 0.002166 2222222222222222
128 2 8 15 0.001903 2222222200000000
128 2 8 16 0.002036 2222222222222222
128 2 8 17 0.002122 2222222222222222
128 2 8 18 0.002144 2220000000000000
128 2 8 19 0.002024 2222222222222222
128 2 8 20 0.002109 2222222222222222
128 2 8 21 0.002044 0000000000000000
128 2 8 22 0.002136 2222222222222222
128 2 8 23 0.002118 0000000000000000
128 2 8 24 0.002013 0000000000000000
128 2 8 25 0.001970 2222222222222222
128 2 8 26 0.002081 2222222222222222
128 2 8 27 0.002077 2222222222222222
128 2 8 28 0.002126 2222222222222222
128 2 8 29 0.002054 2222222222222222
128 2 8 30 0.001989 2222222222222222
128 2 8 31 0.002068 0000000000000000
128 2 8 32 0.002049 2222222222222222
128 2 8 33 0.002141 0000000000000000
128 2 8 34 0.002163 2222222222222222
128 2 8 35 0.002141 0000000000000000
128 2 8 36 0.002070 0000000000000000
128 2 8 37 0.002044 2222222222222222
128 2 8 38 0.002060 2222222222222222
128 2 8 39 0.002003 2222222222222222
128 2 8 40 0.002006 2222222222222222
128 2 8 41 0.002150 2222222222222222
128 2 8 42 0.002085 0000000000000000
128 2 8 43 0.002037 2222222222222222
128 2 8 44 0.001946 2222222222222222
128 2 8 45 0.002011 2222222222222222
128 2 8 46 0.002072 0000000000000000
128 2 8 47 0.001989 2222222222222222
128 2 8 48 0.002058 2222222222222222
128 2 8 49 0.002098 2222222222222222
128 2 8 50 0.002149 0000000000000000
128 2 8 51 0.002128 2222222222222222
128 2 8 52 0.002243 2222222222222222
128 2 8 53 0.002199 2222222222222222
128 2 8 54 0.002215 2222222222222222
128 2 8 55 0.002068 0000000000000000
128 2 8 56 0.002123 0000000000000000
128 2 8 57 0.002067 2222222222222222
128 2 8 58 0.002117 0000000000000000
128 2 8 59 0.001990 0000000000000000
128 2 8 60 0.002037 0000000000000000
128 2 8 61 0.001867 2222222222222000
128 2 8 62 0.002082 2222222222222222
128 2 8 63 0.002132 2222222222222222
128 2 8 64 0.002105 2222220000000000
128 2 8 65 0.001959 2222222222222222
128 2 8 66 0.002027 2220000000000000
128 2 8 67 0.001976 2222222222222222
128 2 8 68 0.002048 2222222222222222
128 2 8 69 0.002101 0000000000000000
128 2 8 70 0.002064 2222222222222222
128 2 8 71 0.002241 0000000000000000
128 2 8 72 0.002058 0000000000000000
128 2 8 73 0.002079 2222222222222222
128 2 8 74 0.002078 2222222222222222
128 2 8 75 0.001908 0000000000000000
128 2 8 76 0.002073 2000000000000000
128 2 8 77 0.002045 2222222222222222
128 2 8 78 0.001982 2222222222222222
128 2 8 79 0.002109 0000000000000000
128 2 8 80 0.001995 2222222222222222
128 2 8 81 0.002075 2222222222222222
128 2 8 82 0.002147 2222222222222222
128 2 8 83 0.002074 2222222222222222
128 2 8 84 0.002105 0000000000000000
128 2 8 85 0.002191 2222222222222222
128 2 8 86 0.001928 0000000000000000
128 2 8 87 0.002014 2222222222222222
128 2 8 88 0.002110 0000000000000000
128 2 8 89 0.002070 2222222222222222
128 2 8 90 0.002048 2222222222222222
128 2 8 91 0.002006 2222222222222222
128 2 8 92 0.002039 0000000000000000
128 2 8 93 0.002040 0000000000000000
128 2 8 94 0.001991 0000000000000000
128 2 8 95 0.002047 2222222222222222
128 2 8 96 0.002077 2222222222222222
128 2 8 97 0.001926 2222222222222222
128 2 8 98 0.002099 2222222222222222
128 2 8 99 0.002045 2222222222222222
128 2 16 0 0.001958 22222222
128 2 16 1 0.001849 22222220
128 2 16 2 0.001968 22222222
128 2 16 3 0.001967 22222222
128 2 16 4 0.002097 22222222
128 2 16 5 0.001954 22222222
128 2 16 6 0.002049 22222222
128 2 16 7 0.002017 22222222
128 2 16 8 0.002110 22222222
128 2 16 9 0.001897 00000000
128 2 16 10 0.002091 22222222
128 2 16 11 0.001992 20000000
128 2 16 12 0.001966 00000000
128 2 16 13 0.001894 22222222
128 2 16 14 0.002113 22222222
128 2 16 15 0.001863 22220000
128 2 16 16 0.002106 22222222
128 2 16 17 0.002119 22222222
128 2 16 18 0.002060 20000000
128 2 16 19 0.002016 22222222
128 2 16 20 0.002126 22222222
128 2 16 21 0.001990 00000000
128 2 16 22 0.002145 22222222
128 2 16 23 0.002075 00000000
128 2 16 24 0.001966 00000000
128 2 16 25 0.001947 22222222
128 2 16 26 0.002035 22222222
128 2 16 27 0.001889 22222222
128 2 16 28 0.002053 22222222
128 2 16 29 0.002052 22222222
128 2 16 30 0.001930 22222222
128 2 16 31 0.002075 00000000
128 2 16 32 0.001998 22222222
128 2 16 33 0.001967 00000000
128 2 16 34 0.001992 22222222
128 2 16 35 0.002069 00000000
128 2 16 36 0.002026 00000000
128 2 16 37 0.001979 22222222
128 2 16 38 0.002027 22222222
128 2 16 39 0.002075 22222222
128 2 16 40 0.002030 22222222
128 2 16 41 0.002144 22222222
128 2 16 42 0.002085 00000000
128 2 16 43 0.001966 22222222
128 2 16 44 0.001894 22222222
128 2 16 45 0.001933 22222222
128 2 16 46 0.002011 00000000
128 2 16 47 0.001930 22222222
128 2 16 48 0.002129 22222222
128 2 16 49 0.002136 22222222
128 2 16 50 0.002177 00000000
128 2 16 51 0.002039 22222222
128 2 16 52 0.002099 22222222
128 2 16 53 0.002080 22222222
128 2 16 54 0.002090 22222222
128 2 16 55 0.001939 00000000
128 2 16 56 0.002040 00000000
128 2 16 57 0.002035 22222222
128 2 16 58 0.002072 00000000
128 2 16 59 0.001953 00000000
128 2 16 60 0.001988 00000000
128 2 16 61 0.001815 22222200
128 2 16 62 0.002015 22222222
128 2 16 63 0.001988 22222222
128 2 16 64 0.002007 22200000
128 2 16 65 0.001988 22222222
128 2 16 66 0.002031 20000000
128 2 16 67 0.002063 22222222
128 2 16 68 0.002005 22222222
128 2 16 69 0.001991 00000000
128 2 16 70 0.001985 22222222
128 2 16 71 0.002160 00000000
128 2 16 72 0.002018 00000000
128 2 16 73 0.001949 22222222
128 2 16 74 0.002012 22222222
128 2 16 75 0.001862 00000000
128 2 16 76 0.002026 00000000
128 2 16 77 0.002000 22222222
128 2 16 78 0.001923 22222222
128 2 16 79 0.002001 00000000
128 2 16 80 0.001971 22222222
128 2 16 81 0.002035 22222222
128 2 16 82 0.002099 22222222
128 2 16 83 0.002029 22222222
128 2 16 84 0.002044 00000000
128 2 16 85 0.002044 22222222
128 2 16 86 0.001947 00000000
128 2 16 87 0.001958 22222222
128 2 16 88 0.002044 00000000
128 2 16 89 0.002004 22222222
128 2 16 90 0.001983 22222222
128 2 16 91 0.001940 22222222
128 2 16 92 0.002002 00000000
128 2 16 93 0.001977 00000000
128 2 16 94 0.001880 00000000
128 2 16 95 0.001976 22222222
128 2 16 96 0.002031 22222222
128 2 16 97 0.001850 22222222
128 2 16 98 0.002037 22222222
128 2 16 99 0.002105 22222222
128 2 32 0 0.002030 2222
128 2 32 1 0.001853 2220
128 2 32 2 0.001970 2222
128 2 32 3 0.001963 2222
128 2 32 4 0.002033 2222
128 2 32 5 0.001957 2222
128 2 32 6 0.002210 2222
128 2 32 7 0.002020 2222
128 2 32 8 0.002103 2222
128 2 32 9 0.001885 0000
128 2 32 10 0.002122 2222
128 2 32 11 0.002009 0000
128 2 32 12 0.002584 0000
128 2 32 13 0.001913 2222
128 2 32 14 0.002131 2222
128 2 32 15 0.001850 2200
128 2 32 16 0.002043 2222
128 2 32 17 0.002034 2222
128 2 32 18 0.002091 0000
128 2 32 19 0.001983 2222
128 2 32 20 0.002044 2222
128 2 32 21 0.001988 0000
128 2 32 22 0.002102 2222
128 2 32 23 0.002077 0000
128 2 32 24 0.001956 0000
128 2 32 25 0.001905 2222
128 2 32 26 0.002027 2222
128 2 32 27 0.001902 2222
128 2 32 28 0.002082 2222
128 2 32 29 0.002030 2222
128 2 32 30 0.001913 2222
128 2 32 31 0.002012 0000
128 2 32 32 0.001999 2222
128 2 32 33 0.001951 0000
128 2 32 34 0.002058 2222
128 2 32 35 0.002111 0000
128 2 32 36 0.002002 0000
128 2 32 37 0.001992 2222
128 2 32 38 0.002024 2222
128 2 32 39 0.001953 2222
128 2 32 40 0.001949 2222
128 2 32 41 0.002095 2222
128 2 32 42 0.002025 0000
128 2 32 43 0.002089 2222
128 2 32 44 0.001975 2222
128 2 32 45 0.001920 2222
128 2 32 46 0.002007 0000
128 2 32 47 0.001922 2222
128 2 32 48 0.002017 2222
128 2 32 49 0.002045 2222
128 2 32 50 0.002089 0000
128 2 32 51 0.002014 2222
128 2 32 52 0.002064 2222
128 2 32 53 0.002042 2222
128 2 32 54 0.002156 2222
128 2 32 55 0.002007 0000
128 2 32 56 0.002091 0000
128 2 32 57 0.001971 2222
128 2 32 58 0.002068 0000
128 2 32 59 0.001937 0000
128 2 32 60 0.001994 0000
128 2 32 61 0.001802 2220
128 2 32 62 0.002093 2222
128 2 32 63 0.002137 2222
128 2 32 64 0.002052 2000
128 2 32 65 0.001944 2222
128 2 32 66 0.001967 0000
128 2 32 67 0.001950 2222
128 2 32 68 0.001999 2222
128 2 32 69 0.001975 0000
128 2 32 70 0.001990 2222
128 2 32 71 0.002188 0000
128 2 32 72 0.002033 0000
128 2 32 73 0.002002 2222
128 2 32 74 0.002026 2222
128 2 32 75 0.001851 0000
128 2 32 76 0.002016 0000
128 2 32 77 0.001986 2222
128 2 32 78 0.001933 2222
128 2 32 79 0.002082 0000
128 2 32 80 0.001943 2222
128 2 32 81 0.002024 2222
128 2 32 82 0.002112 2222
128 2 32 83 0.002034 2222
128 2 32 84 0.002076 0000
128 2 32 85 0.002133 2222
128 2 32 86 0.001910 0000
128 2 32 87 0.001895 2222
128 2 32 88 0.002053 0000
128 2 32 89 0.002014 2222
128 2 32 90 0.001977 2222
128 2 32 91 0.001946 2222
128 2 32 92 0.001997 0000
128 2 32 93 0.001976 0000
128 2 32 94 0.001876 0000
128 2 32 95 0.001967 2222
128 2 32 96 0.002041 2222
128 2 32 97 0.001856 2222
128 2 32 98 0.002041 2222
128 2 32 99 0.001999 2222
128 4 8 0 0.003133 2222222222222222
128 4 8 1 0.002812 2222222222222222
128 4 8 2 0.003246 2222222222222222
128 4 8 3 0.003178 2222222222222222
128 4 8 4 0.003415 2222222222222222
128 4 8 5 0.003127 2222222222222222
128 4 8 6 0.003717 1222222222222222
128 4 8 7 0.003371 2222222222222222
128 4 8 8 0.003589 2222222222222222
128 4 8 9 0.002942 0000000000000000
128 4 8 10 0.003597 2222222222222222
128 4 8 11 0.003322 2222222222222222
128 4 8 12 0.003236 0000000000000000
128 4 8 13 0.003125 2222222222222222
128 4 8 14 0.003662 2222222222222222
128 4 8 15 0.002747 2222222222222222
128 4 8 16 0.003243 2222222222222222
128 4 8 17 0.003428 2222222222222222
128 4 8 18 0.003478 2222222222222222
128 4 8 19 0.003284 2222222222222222
128 4 8 20 0.003418 2222222222222222
128 4 8 21 0.003218 0000000000000000
128 4 8 22 0.003423 2222222222222222
128 4 8 23 0.003381 0000000000000000
128 4 8 24 0.003218 0000000000000000
128 4 8 25 0.003041 2222222222222222
128 4 8 26 0.003367 2222222222222222
128 4 8 27 0.003027 2222222222222222
128 4 8 28 0.003514 2222222222222222
128 4 8 29 0.003435 2222222222222222
128 4 8 30 0.003082 2222222222222222
128 4 8 31 0.003389 0000000000000000
128 4 8 32 0.003230 2222222222222222
128 4 8 33 0.003296 0000000000000000
128 4 8 34 0.003201 2222222222222222
128 4 8 35 0.003637 0000000000000000
128 4 8 36 0.003258 0000000000000000
128 4 8 37 0.003249 2222222222222222
128 4 8 38 0.003346 2222222222222222
128 4 8 39 0.003205 2222222222222222
128 4 8 40 0.003216 2222222222222222
128 4 8 41 0.003578 2222222222222222
128 4 8 42 0.003363 0000000000000000
128 4 8 43 0.003236 2222222222222222
128 4 8 44 0.002997 2222222222222222
128 4 8 45 0.003140 2222222222222222
128 4 8 46 0.003305 0000000000000000
128 4 8 47 0.003119 2222222222222222
128 4 8 48 0.003312 2222222222222222
128 4 8 49 0.003516 2222222222222222
128 4 8 50 0.003576 0000000000000000
128 4 8 51 0.003542 2222222222222222
128 4 8 52 0.003440 2222222222222222
128 4 8 53 0.003287 2222222222222222
128 4 8 54 0.003418 2222222222222222
128 4 8 55 0.003029 0000000000000000
128 4 8 56 0.003343 0000000000000000
128 4 8 57 0.003225 2222222222222222
128 4 8 58 0.003685 0000000000000000
128 4 8 59 0.003102 0000000000000000
128 4 8 60 0.003269 0000000000000000
128 4 8 61 0.002807 2222222222222222
128 4 8 62 0.003425 2222222222222222
128 4 8 63 0.003231 2222222222222222
128 4 8 64 0.003444 2222222222222222
128 4 8 65 0.003163 2222222222222222
128 4 8 66 0.003186 2222222222222222
128 4 8 67 0.002968 2222222222222222
128 4 8 68 0.003308 2222222222222222
128 4 8 69 0.003433 0000000000000000
128 4 8 70 0.003285 2222222222222222
128 4 8 71 0.003786 0000000000000000
128 4 8 72 0.003365 0000000000000000
128 4 8 73 0.003180 2222222222222222
128 4 8 74 0.003269 2222222222222222
128 4 8 75 0.002953 0000000000000000
128 4 8 76 0.003324 2222222222222222
128 4 8 77 0.003347 2222222222222222
128 4 8 78 0.002993 2222222222222222
128 4 8 79 0.003214 0000000000000000
128 4 8 80 0.003173 2222222222222222
128 4 8 81 0.003390 2222222222222222
128 4 8 82 0.003654 2222222222222222
128 4 8 83 0.003436 2222222222222222
128 4 8 84 0.003358 0000000000000000
128 4 8 85 0.003302 2222222222222222
128 4 8 86 0.002937 0000000000000000
128 4 8 87 0.002911 2222222222222222
128 4 8 88 0.003436 0000000000000000
128 4 8 89 0.003414 2222222222222222
128 4 8 90 0.003235 2222222222222222
128 4 8 91 0.003235 2222222222222222
128 4 8 92 0.003086 0000000000000000
128 4 8 93 0.003201 0000000000000000
128 4 8 94 0.002914 0000000000000000
128 4 8 95 0.003180 2222222222222222
128 4 8 96 0.003429 2222222222222222
128 4 8 97 0.002789 2222222222222222
128 4 8 98 0.003496 2222222222222222
128 4 8 99 0.003222 2222222222222222
128 4 16 0 0.003095 22222222
128 4 16 1 0.002818 22222222
128 4 16 2 0.003215 22222222
128 4 16 3 0.003112 22222222
128 4 16 4 0.003319 22222222
128 4 16 5 0.003066 22222222
128 4 16 6 0.003346 22222222
128 4 16 7 0.003239 22222222
128 4 16 8 0.003481 22222222
128 4 16 9 0.002960 00000000
128 4 16 10 0.003474 22222222
128 4 16 11 0.003284 22222222
128 4 16 12 0.003106 00000000
128 4 16 13 0.003051 22222222
128 4 16 14 0.003522 22222222
128 4 16 15 0.002651 22222222
128 4 16 16 0.003133 22222222
128 4 16 17 0.003333 22222222
128 4 16 18 0.003422 22222222
128 4 16 19 0.003216 22222222
128 4 16 20 0.003290 22222222
128 4 16 21 0.003130 00000000
128 4 16 22 0.003392 22222222
128 4 16 23 0.003340 00000000
128 4 16 24 0.003088 00000000
128 4 16 25 0.002967 22222222
128 4 16 26 0.003309 22222222
128 4 16 27 0.002948 22222222
128 4 16 28 0.003364 22222222
128 4 16 29 0.003205 22222222
128 4 16 30 0.003151 22222222
128 4 16 31 0.003434 00000000
128 4 16 32 0.003189 22222222
128 4 16 33 0.003077 00000000
128 4 16 34 0.003147 22222222
128 4 16 35 0.003435 00000000
128 4 16 36 0.003133 00000000
128 4 16 37 0.003283 22222222
128 4 16 38 0.003284 22222222
128 4 16 39 0.003123 22222222
128 4 16 40 0.003064 22222222
128 4 16 41 0.003518 22222222
128 4 16 42 0.003309 00000000
128 4 16 43 0.003214 22222222
128 4 16 44 0.002860 22222222
128 4 16 45 0.002956 22222222
128 4 16 46 0.003231 00000000
128 4 16 47 0.002912 22222222
128 4 16 48 0.003199 22222222
128 4 16 49 0.003444 22222222
128 4 16 50 0.003432 00000000
128 4 16 51 0.003285 22222222
128 4 16 52 0.003370 22222222
128 4 16 53 0.003191 22222222
128 4 16 54 0.003313 22222222
128 4 16 55 0.002979 00000000
128 4 16 56 0.003264 00000000
128 4 16 57 0.003123 22222222
128 4 16 58 0.003477 00000000
128 4 16 59 0.003033 00000000
128 4 16 60 0.003108 00000000
128 4 16 61 0.002733 22222222
128 4 16 62 0.003248 22222222
128 4 16 63 0.003151 22222222
128 4 16 64 0.003278 22222222
128 4 16 65 0.002956 22222222
128 4 16 66 0.003078 22222222
128 4 16 67 0.002890 22222222
128 4 16 68 0.003380 22222222
128 4 16 69 0.003345 00000000
128 4 16 70 0.003174 22222222
128 4 16 71 0.003645 00000000
128 4 16 72 0.003487 00000000
128 4 16 73 0.003129 22222222
128 4 16 74 0.003151 22222222
128 4 16 75 0.002839 00000000
128 4 16 76 0.003244 22222222
128 4 16 77 0.003177 22222222
128 4 16 78 0.002880 22222222
128 4 16 79 0.003129 00000000
128 4 16 80 0.003083 22222222
128 4 16 81 0.003330 22222222
128 4 16 82 0.003519 22222222
128 4 16 83 0.003312 22222222
128 4 16 84 0.003283 00000000
128 4 16 85 0.003285 22222222
128 4 16 86 0.002817 00000000
128 4 16 87 0.002811 22222222
128 4 16 88 0.003330 00000000
128 4 16 89 0.003300 22222222
128 4 16 90 0.003049 22222222
128 4 16 91 0.003078 22222222
128 4 16 92 0.003112 00000000
128 4 16 93 0.003154 00000000
128 4 16 94 0.002825 00000000
128 4 16 95 0.003061 22222222
128 4 16 96 0.003285 22222222
128 4 16 97 0.002693 22222222
128 4 16 98 0.003487 22222222
128 4 16 99 0.003138 22222222
128 4 32 0 0.003096 2222
128 4 32 1 0.002766 2222
128 4 32 2 0.003312 2222
128 4 32 3 0.003151 2222
128 4 32 4 0.003327 2222
128 4 32 5 0.003091 2222
128 4 32 6 0.003423 2222
128 4 32 7 0.003314 2222
128 4 32 8 0.003559 2222
128 4 32 9 0.002882 0000
128 4 32 10 0.003668 2222
128 4 32 11 0.003289 2222
128 4 32 12 0.003151 0000
128 4 32 13 0.003083 2222
128 4 32 14 0.003568 2222
128 4 32 15 0.002807 2222
128 4 32 16 0.003245 2222
128 4 32 17 0.003349 2222
128 4 32 18 0.003383 2222
128 4 32 19 0.003301 2222
128 4 32 20 0.003414 2222
128 4 32 21 0.003212 0000
128 4 32 22 0.003413 2222
128 4 32 23 0.003358 0000
128 4 32 24 0.003125 0000
128 4 32 25 0.003060 2222
128 4 32 26 0.003406 2222
128 4 32 27 0.002972 2222
128 4 32 28 0.003437 2222
128 4 32 29 0.003309 2222
128 4 32 30 0.003094 2222
128 4 32 31 0.003335 0000
128 4 32 32 0.003254 2222
128 4 32 33 0.003063 0000
128 4 32 34 0.003168 2222
128 4 32 35 0.003463 0000
128 4 32 36 0.003206 0000
128 4 32 37 0.003341 2222
128 4 32 38 0.003363 2222
128 4 32 39 0.003144 2222
128 4 32 40 0.003106 2222
128 4 32 41 0.003539 2222
128 4 32 42 0.003400 0000
128 4 32 43 0.003145 2222
128 4 32 44 0.002911 2222
128 4 32 45 0.003010 2222
128 4 32 46 0.003303 0000
128 4 32 47 0.002962 2222
128 4 32 48 0.003274 2222
128 4 32 49 0.003458 2222
128 4 32 50 0.003523 0000
128 4 32 51 0.003321 2222
128 4 32 52 0.003434 2222
128 4 32 53 0.003220 2222
128 4 32 54 0.003375 2222
128 4 32 55 0.003026 0000
128 4 32 56 0.003303 0000
128 4 32 57 0.003172 2222
128 4 32 58 0.003497 0000
128 4 32 59 0.003036 0000
128 4 32 60 0.003192 0000
128 4 32 61 0.002756 2222
128 4 32 62 0.003307 2222
128 4 32 63 0.003140 2222
128 4 32 64 0.003199 2222
128 4 32 65 0.003017 2222
128 4 32 66 0.003132 2222
128 4 32 67 0.002933 2222
128 4 32 68 0.003331 2222
128 4 32 69 0.003191 0000
128 4 32 70 0.003174 2222
128 4 32 71 0.003684 0000
128 4 32 72 0.003296 0000
128 4 32 73 0.003191 2222
128 4 32 74 0.003218 2222
128 4 32 75 0.002877 0000
128 4 32 76 0.003303 2222
128 4 32 77 0.003157 2222
128 4 32 78 0.002919 2222
128 4 32 79 0.003174 0000
128 4 32 80 0.003172 2222
128 4 32 81 0.003365 2222
128 4 32 82 0.003581 2222
128 4 32 83 0.003347 2222
128 4 32 84 0.003340 0000
128 4 32 85 0.003347 2222
128 4 32 86 0.002871 0000
128 4 32 87 0.002837 2222
128 4 32 88 0.003316 0000
128 4 32 89 0.003400 2222
128 4 32 90 0.003124 2222
128 4 32 91 0.003164 2222
128 4 32 92 0.003049 0000
128 4 32 93 0.003148 0000
128 4 32 94 0.002855 0000
128 4 32 95 0.003067 2222
128 4 32 96 0.003404 2222
128 4 32 97 0.002745 2222
128 4 32 98 0.003482 2222
128 4 32 99 0.003214 2222
128 8 16 0 0.006640 22222222
128 8 16 1 0.005491 22222222
128 8 16 2 0.006548 22222222
128 8 16 3 0.006604 22222222
128 8 16 4 0.007160 22222222
128 8 16 5 0.006449 22222222
128 8 16 6 0.007806 22222222
128 8 16 7 0.007369 22222222
128 8 16 8 0.007646 22222222
128 8 16 9 0.005629 00000000
128 8 16 10 0.007935 22222222
128 8 16 11 0.007191 22222222
128 8 16 12 0.006548 00000000
128 8 16 13 0.006335 22222222
128 8 16 14 0.007710 22222222
128 8 16 15 0.005972 22222222
128 8 16 16 0.007172 22222222
128 8 16 17 0.007425 22222222
128 8 16 18 0.007654 22222222
128 8 16 19 0.007115 22222222
128 8 16 20 0.007415 22222222
128 8 16 21 0.006670 00000000
128 8 16 22 0.007392 22222222
128 8 16 23 0.007636 00000000
128 8 16 24 0.006224 00000000
128 8 16 25 0.006172 22222222
128 8 16 26 0.007793 22222222
128 8 16 27 0.006170 22222222
128 8 16 28 0.007466 22222222
128 8 16 29 0.007019 22222222
128 8 16 30 0.006081 22222222
128 8 16 31 0.007264 00000000
128 8 16 32 0.007106 22222222
128 8 16 33 0.006539 00000000
128 8 16 34 0.007207 22222222
128 8 16 35 0.007947 00000000
128 8 16 36 0.007029 00000000
128 8 16 37 0.006638 22222222
128 8 16 38 0.007443 22222222
128 8 16 39 0.006453 22222222
128 8 16 40 0.006577 22222222
128 8 16 41 0.007965 22222222
128 8 16 42 0.007512 00000000
128 8 16 43 0.007078 22222222
128 8 16 44 0.005980 22222222
128 8 16 45 0.006148 22222222
128 8 16 46 0.007215 00000000
128 8 16 47 0.006254 22222222
128 8 16 48 0.006915 22222222
128 8 16 49 0.007722 22222222
128 8 16 50 0.008203 00000000
128 8 16 51 0.007288 22222222
128 8 16 52 0.007275 22222222
128 8 16 53 0.007108 22222222
128 8 16 54 0.007455 22222222
128 8 16 55 0.006383 00000000
128 8 16 56 0.007155 00000000
128 8 16 57 0.006814 22222222
128 8 16 58 0.007963 00000000
128 8 16 59 0.006211 00000000
128 8 16 60 0.006602 00000000
128 8 16 61 0.005362 22222222
128 8 16 62 0.007150 22222222
128 8 16 63 0.006479 22222222
128 8 16 64 0.006661 22222222
128 8 16 65 0.006067 22222222
128 8 16 66 0.006769 22222222
128 8 16 67 0.005755 22222222
128 8 16 68 0.007544 22222222
128 8 16 69 0.006828 00000000
128 8 16 70 0.006943 22222222
128 8 16 71 0.008750 00000000
128 8 16 72 0.007503 00000000
128 8 16 73 0.006850 22222222
128 8 16 74 0.007035 22222222
128 8 16 75 0.005620 00000000
128 8 16 76 0.007446 22222222
128 8 16 77 0.006881 22222222
128 8 16 78 0.006208 22222222
128 8 16 79 0.006591 00000000
128 8 16 80 0.006693 22222222
128 8 16 81 0.007191 22222222
128 8 16 82 0.008210 22222222
128 8 16 83 0.007550 22222222
128 8 16 84 0.006907 00000000
128 8 16 85 0.006921 22222222
128 8 16 86 0.005678 00000000
128 8 16 87 0.005729 22222222
128 8 16 88 0.007365 00000000
128 8 16 89 0.007336 22222222
128 8 16 90 0.006597 22222222
128 8 16 91 0.006952 22222222
128 8 16 92 0.006608 00000000
128 8 16 93 0.006925 00000000
128 8 16 94 0.005438 00000000
128 8 16 95 0.007027 22222222
128 8 16 96 0.007246 22222222
128 8 16 97 0.005571 22222222
128 8 16 98 0.007794 22222222
128 8 16 99 0.006952 22222222
128 8 32 0 0.006875 2222
128 8 32 1 0.005767 2222
128 8 32 2 0.006861 2222
128 8 32 3 0.007113 2222
128 8 32 4 0.007344 2222
128 8 32 5 0.006471 2222
128 8 32 6 0.008528 2222
128 8 32 7 0.007313 2222
128 8 32 8 0.007789 2222
128 8 32 9 0.005710 0000
128 8 32 10 0.008081 2222
128 8 32 11 0.007222 2222
128 8 32 12 0.006772 0000
128 8 32 13 0.006477 2222
128 8 32 14 0.008055 2222
128 8 32 15 0.005539 2222
128 8 32 16 0.007678 2222
128 8 32 17 0.007680 2222
128 8 32 18 0.007704 2222
128 8 32 19 0.007070 2222
128 8 32 20 0.007617 2222
128 8 32 21 0.007011 0000
128 8 32 22 0.007759 2222
128 8 32 23 0.007556 0000
128 8 32 24 0.006426 0000
128 8 32 25 0.006506 2222
128 8 32 26 0.008054 2222
128 8 32 27 0.006174 2222
128 8 32 28 0.007554 2222
128 8 32 29 0.007029 2222
128 8 32 30 0.006240 2222
128 8 32 31 0.007618 0000
128 8 32 32 0.006868 2222
128 8 32 33 0.006409 0000
128 8 32 34 0.007041 2222
128 8 32 35 0.008110 0000
128 8 32 36 0.006996 0000
128 8 32 37 0.006780 2222
128 8 32 38 0.007715 2222
128 8 32 39 0.006817 2222
128 8 32 40 0.006550 2222
128 8 32 41 0.008248 2222
128 8 32 42 0.007671 0000
128 8 32 43 0.007084 2222
128 8 32 44 0.005718 2222
128 8 32 45 0.006183 2222
128 8 32 46 0.007293 0000
128 8 32 47 0.006125 2222
128 8 32 48 0.006951 2222
128 8 32 49 0.008036 2222
128 8 32 50 0.008212 0000
128 8 32 51 0.007340 2222
128 8 32 52 0.007615 2222
128 8 32 53 0.007117 2222
128 8 32 54 0.007629 2222
128 8 32 55 0.006705 0000
128 8 32 56 0.007545 0000
128 8 32 57 0.006823 2222
128 8 32 58 0.007849 0000
128 8 32 59 0.006418 0000
128 8 32 60 0.006652 0000
128 8 32 61 0.005472 2222
128 8 32 62 0.007336 2222
128 8 32 63 0.006766 2222
128 8 32 64 0.006474 2222
128 8 32 65 0.006660 2222
128 8 32 66 0.006878 2222
128 8 32 67 0.005992 2222
128 8 32 68 0.007383 2222
128 8 32 69 0.007001 0000
128 8 32 70 0.006994 2222
128 8 32 71 0.008479 0000
128 8 32 72 0.007391 0000
128 8 32 73 0.007260 2222
128 8 32 74 0.006993 2222
128 8 32 75 0.005492 0000
128 8 32 76 0.007238 2222
128 8 32 77 0.007229 2222
128 8 32 78 0.006022 2222
128 8 32 79 0.006871 0000
128 8 32 80 0.006697 2222
128 8 32 81 0.007380 2222
128 8 32 82 0.008724 2222
128 8 32 83 0.007576 2222
128 8 32 84 0.007148 0000
128 8 32 85 0.007337 2222
128 8 32 86 0.005790 0000
128 8 32 87 0.005690 2222
128 8 32 88 0.007320 0000
128 8 32 89 0.007385 2222
128 8 32 90 0.006975 2222
128 8 32 91 0.006902 2222
128 8 32 92 0.006698 0000
128 8 32 93 0.007059 0000
128 8 32 94 0.005604 0000
128 8 32 95 0.006805 2222
128 8 32 96 0.007747 2222
128 8 32 97 0.005566 2222
128 8 32 98 0.008017 2222
128 8 32 99 0.007218 2222
256 2 4 0 0.004483 1222222222222222222222222222222222222222222222222222222222222222
256 2 4 1 0.004345 1222222222222222000000000000000000000000000000000000000000000000
256 2 4 2 0.004204 1222222222222222222222222222222222222222222222222222222222222222
256 2 4 3 0.004186 2222222222222222222222222222222222222222222222222222222222222222
256 2 4 4 0.004450 0000000000000000000000000000000000000000000000000000000000000000
256 2 4 5 0.004189 1222222222222222222222222222222222222222222222222222222222222222
256 2 4 6 0.004346 1222222222222222222222222222222222222222222222222222222222222222
256 2 4 7 0.004484 1222222222222222222222222222222222222222222222222222222222222222
256 2 4 8 0.004309 0000000000000000000000000000000000000000000000000000000000000000
256 2 4 9 0.004363 2222222222222222222222222222222222222222222222222222222222222222
256 2 4 10 0.004179 1222222222222222222222222222222200000000000000000000000000000000
256 2 4 11 0.004319 2222222222222222222222222222222222222222222222222222222222222222
256 2 4 12 0.004122 0000000000000000000000000000000000000000000000000000000000000000
256 2 4 13 0.004129 1222222222222222222222222222222222222222222222222222222222222220
256 2 4 14 0.004305 1222222222222222222222222222222222222222222222222222222222222222
256 2 4 15 0.004299 1222222222222222222222222222222222222222222222222222222222222222
256 2 4 16 0.004145 2222222222222222222222222222222222222222222222222222222222222222
256 2 4 17 0.004139 1222222222222222222222222200000000000000000000000000000000000000
256 2 4 18 0.004459 0000000000000000000000000000000000000000000000000000000000000000
256 2 4 19 0.004318 2222222222222222200000000000000000000000000000000000000000000000
256 2 4 20 0.004242 0000000000000000000000000000000000000000000000000000000000000000
256 2 4 21 0.004295 1222222222222222222222222222222222222222222222222222222222222222
256 2 4 22 0.004387 2222222222222222222222222222222222222222222222222222222222222222
256 2 4 23 0.004340 2222222222222222222222222222222222222222222222222222222222222222
256 2 4 24 0.004227 1222222222222222222222222222222222222222222222222222222222222222
256 2 4 25 0.004178 1222222222222222222222222222222222222222222222222222222222222222
256 2 4 26 0.004384 1222222222222222222222222222222222222222222222222222222222222222
256 2 4 27 0.004277 1222222222222222222222222222222222222222222222222222222222222222
256 2 4 28 0.004348 0000000000000000000000000000000000000000000000000000000000000000
256 2 4 29 0.004232 1222222222222222222222222222222222222222222222222222222222222222
256 2 4 30 0.004284 1222222222222222222222222222222222222222222222222222222222222222
256 2 4 31 0.004291 1222222000000000000000000000000000000000000000000000000000000000
256 2 4 32 0.004370 1222222222222222222222222222222222222222222222222222222222222222
256 2 4 33 0.004341 0000000000000000000000000000000000000000000000000000000000000000
256 2 4 34 0.004336 1222222222222222222222222222222222222222222222222222222222222222
256 2 4 35 0.004307 2222222222222222222222222222222222222222222222222222222222222222
256 2 4 36 0.004187 2222222222222222222222222222222222222222222222222222222222222222
256 2 4 37 0.004184 1122222222222222222222222222222222222222222222222222222222222222
256 2 4 38 0.004240 0000000000000000000000000000000000000000000000000000000000000000
256 2 4 39 0.004339 0000000000000000000000000000000000000000000000000000000000000000
256 2 4 40 0.004259 1222222222222222222222222222222222222222222222222222222222200000
256 2 4 41 0.004198 2222222222222222222222222222222222222222222222222222222222222222
256 2 4 42 0.004289 0000000000000000000000000000000000000000000000000000000000000000
256 2 4 43 0.004279 1222222222222222222222222222222222222222222222222222222222222222
256 2 4 44 0.004136 1222222222222222222222222222222222222222222222222222222222222222
256 2 4 45 0.004232 0000000000000000000000000000000000000000000000000000000000000000
256 2 4 46 0.004191 1122222222222222222222222222222222222222222222222222222222222222
256 2 4 47 0.004448 1222222222222222222222222222222222222222222222222222222222222222
256 2 4 48 0.004258 1222222222222222222222222222222222222222222222222222222222222222
256 2 4 49 0.004074 1222222222222222222222222222222222222222222222222222220000000000
256 2 4 50 0.004227 1222222222222222222222222222222222222222200000000000000000000000
256 2 4 51 0.004122 0000000000000000000000000000000000000000000000000000000000000000
256 2 4 52 0.004284 1222222222222222222222222222222222222222222222222222222222222222
256 2 4 53 0.004229 1122222222222222222222222222222222222222222222222222222222222222
256 2 4 54 0.004347 1222222222222222222222222222222222222222222222222222222222222222
256 2 4 55 0.004265 1222222222222222222222222222222222222222222222222222222222222222
256 2 4 56 0.004115 0000000000000000000000000000000000000000000000000000000000000000
256 2 4 57 0.004267 1222222222222222222222222222222222222222222200000000000000000000
256 2 4 58 0.004220 1222222222222222222222222222222222222222222222222222200000000000
256 2 4 59 0.004263 0000000000000000000000000000000000000000000000000000000000000000
256 2 4 60 0.004248 1222222222222222222222222222222222222222222222222222222222222222
256 2 4 61 0.004295 1222222222222222222222222222222222222222222222222222222222222222
256 2 4 62 0.004241 0000000000000000000000000000000000000000000000000000000000000000
256 2 4 63 0.004166 1222222222222222222222222222222222222222222222222222222222222222
256 2 4 64 0.004129 2222222222222222222222222222222222222222222222222222222222222222
256 2 4 65 0.004162 0000000000000000000000000000000000000000000000000000000000000000
256 2 4 66 0.004239 2222222222222222222222222222222222222222222222222222222222222222
256 2 4 67 0.004204 0000000000000000000000000000000000000000000000000000000000000000
256 2 4 68 0.004074 1222222222222222222222222222222222222222222222222222222222222222
256 2 4 69 0.004091 1222222222222222222222222222222222222222222222222222222222222222
256 2 4 70 0.004184 0000000000000000000000000000000000000000000000000000000000000000
256 2 4 71 0.004341 0000000000000000000000000000000000000000000000000000000000000000
256 2 4 72 0.004035 2222222222222222222222222222222222222222222222222222222222222222
256 2 4 73 0.004249 2222222222222222222222222222222222222222222222222222222222222222
256 2 4 74 0.004121 1222222222222222222222222222222222222222222222222222222222222222
256 2 4 75 0.004280 1122222222222222222222222222222222222222222222222222222222222222
256 2 4 76 0.004188 1222222222222222222222222222222222222222222222222222222222222222
256 2 4 77 0.004110 1222222222222222222222222222222222222222222222222222222222222222
256 2 4 78 0.004202 1222222222222222222222222222222222222222222222222222222222222222
256 2 4 79 0.004134 1222222222222222222222222222222222222222222222222222222222222222
256 2 4 80 0.004228 2222222222222222222222222222222222222222222222222222222222222222
256 2 4 81 0.004301 2222222222222222222222222222222222222222222222222222222222222222
256 2 4 82 0.004306 1222222222222222222222222222222222222222222222222222222222222222
256 2 4 83 0.004021 2222222222222222222222222222222222222222222222222222222222222222
256 2 4 84 0.004171 0000000000000000000000000000000000000000000000000000000000000000
256 2 4 85 0.004180 1222222222222222222222222222222222222222222222222222222222222222
256 2 4 86 0.004440 2222222222222222222222222222222222222222222222222222222222222222
256 2 4 87 0.004263 1222222222222222222222222222222222222222222222222222222222222222
256 2 4 88 0.004236 1222222222222222222222222222222222222222222222222222222222222222
256 2 4 89 0.004352 1222222222222222222222222222222222222222222222222222222222222222
256 2 4 90 0.004317 2222222222222222222222222222222222222222222222222222222222222222
256 2 4 91 0.004281 1222222222222222222222222222222222222222222222222222222222220000
256 2 4 92 0.004058 2222222222222222222222222222222222222222222222222222222222222222
256 2 4 93 0.004232 1222222222222222222222222222222222222222222222222222222222222222
256 2 4 94 0.004269 0000000000000000000000000000000000000000000000000000000000000000
256 2 4 95 0.004327 1222222222222222222222222222222222222222222222222222222222222222
256 2 4 96 0.004249 2222222222222222222222222222222222222222222222222222222222222222
256 2 4 97 0.004184 0000000000000000000000000000000000000000000000000000000000000000
256 2 4 98 0.004338 2222222222222222222222222222222222222222222222222222222222222222
256 2 4 99 0.004293 2222222222222222222222222222222222222222222222222222222222222222
256 2 8 0 0.004290 22222222222222222222222222222222
256 2 8 1 0.004136 22222222000000000000000000000000
256 2 8 2 0.004122 22222222222222222222222222222222
256 2 8 3 0.004042 22222222222222222222222222222222
256 2 8 4 0.004334 00000000000000000000000000000000
256 2 8 5 0.004013 22222222222222222222222222222222
256 2 8 6 0.004187 22222222222222222222222222222222
256 2 8 7 0.004240 22222222222222222222222222222222
256 2 8 8 0.004192 00000000000000000000000000000000
256 2 8 9 0.004239 22222222222222222222222222222222
256 2 8 10 0.004054 22222222222222220000000000000000
256 2 8 11 0.004189 00000000000000000000000000000000
256 2 8 12 0.004005 00000000000000000000000000000000
256 2 8 13 0.004041 22222222222222222222222222222220
256 2 8 14 0.004170 22222222222222222222222222222222
256 2 8 15 0.004189 22222222222222222222222222222222
256 2 8 16 0.004083 22222222222222222222222222222222
256 2 8 17 0.004639 22222222222220000000000000000000
256 2 8 18 0.004331 00000000000000000000000000000000
256 2 8 19 0.004197 22222222000000000000000000000000
256 2 8 20 0.004155 00000000000000000000000000000000
256 2 8 21 0.004222 22222222222222222222222222222222
256 2 8 22 0.004255 22222222222222222222222222222222
256 2 8 23 0.004177 22222222222222222222222222222222
256 2 8 24 0.004110 22222222222222222222222222222222
256 2 8 25 0.004118 22222222222222222222222222222222
256 2 8 26 0.004141 22222222222222222222222222222222
256 2 8 27 0.003952 22222222222222222222222222222222
256 2 8 28 0.004162 00000000000000000000000000000000
256 2 8 29 0.004067 22222222222222222222222222222222
256 2 8 30 0.004287 22222222222222222222222222222222
256 2 8 31 0.004159 22200000000000000000000000000000
256 2 8 32 0.004275 22222222222222222222222222222222
256 2 8 33 0.004163 00000000000000000000000000000000
256 2 8 34 0.004161 22222222222222222222222222222222
256 2 8 35 0.004150 22222222222222222222222222222222
256 2 8 36 0.004119 22222222222222222222222222222222
256 2 8 37 0.004078 12222222222222222222222222222222
256 2 8 38 0.004102 00000000000000000000000000000000
256 2 8 39 0.004051 00000000000000000000000000000000
256 2 8 40 0.004134 22222222222222222222222222222000
256 2 8 41 0.004077 22222222222222222222222222222222
256 2 8 42 0.004174 00000000000000000000000000000000
256 2 8 43 0.004057 22222222222222222222222222222222
256 2 8 44 0.004047 22222222222222222222222222222222
256 2 8 45 0.004076 00000000000000000000000000000000
256 2 8 46 0.004054 12222222222222222222222222222222
256 2 8 47 0.004283 22222222222222222222222222222222
256 2 8 48 0.004156 22222222222222222222222222222222
256 2 8 49 0.003962 22222222222222222222222222200000
256 2 8 50 0.004140 22222222222222222222000000000000
256 2 8 51 0.003930 00000000000000000000000000000000
256 2 8 52 0.004096 22222222222222222222222222222222
256 2 8 53 0.004128 12222222222222222222222222222222
256 2 8 54 0.004123 22222222222222222222222222222222
256 2 8 55 0.004125 22222222222222222222222222222222
256 2 8 56 0.004006 00000000000000000000000000000000
256 2 8 57 0.004146 22222222222222222222220000000000
256 2 8 58 0.004074 22222222222222222222222222000000
256 2 8 59 0.004090 00000000000000000000000000000000
256 2 8 60 0.004153 22222222222222222222222222222222
256 2 8 61 0.004202 22222222222222222222222222222222
256 2 8 62 0.004149 00000000000000000000000000000000
256 2 8 63 0.004042 22222222222222222222222222222222
256 2 8 64 0.004020 00000000000000000000000000000000
256 2 8 65 0.004141 00000000000000000000000000000000
256 2 8 66 0.004290 22222222222222222222222222222222
256 2 8 67 0.004076 00000000000000000000000000000000
256 2 8 68 0.003967 22222222222222222222222222222222
256 2 8 69 0.003979 22222222222222222222222222222222
256 2 8 70 0.004148 00000000000000000000000000000000
256 2 8 71 0.004299 00000000000000000000000000000000
256 2 8 72 0.003949 22222222222222222222222222222222
256 2 8 73 0.004119 22222222222222222222222222222222
256 2 8 74 0.003975 22222222222222222222222222222222
256 2 8 75 0.004166 12222222222222222222222222222222
256 2 8 76 0.004033 22222222222222222222222222222222
256 2 8 77 0.003998 22222222222222222222222222222222
256 2 8 78 0.004174 22222222222222222222222222222222
256 2 8 79 0.004026 22222222222222222222222222222222
256 2 8 80 0.004123 22222222222222222222222222222222
256 2 8 81 0.004197 22222222222222222222222222222222
256 2 8 82 0.004201 22222222222222222222222222222222
256 2 8 83 0.003871 22222222222222222222222222222222
256 2 8 84 0.004035 00000000000000000000000000000000
256 2 8 85 0.004091 22222222222222222222222222222222
256 2 8 86 0.004106 22222222222222222222222222222222
256 2 8 87 0.004079 22222222222222222222222222222222
256 2 8 88 0.004118 22222222222222222222222222222222
256 2 8 89 0.004227 22222222222222222222222222222222
256 2 8 90 0.004186 22222222222222222222222222222222
256 2 8 91 0.004166 22222222222222222222222222222200
256 2 8 92 0.003971 22222222222222222222222222222222
256 2 8 93 0.004124 22222222222222222222222222222222
256 2 8 94 0.004154 00000000000000000000000000000000
256 2 8 95 0.004177 22222222222222222222222222222222
256 2 8 96 0.004121 22222222222222222222222222000000
256 2 8 97 0.004066 00000000000000000000000000000000
256 2 8 98 0.004193 22222222222222222222222222222222
256 2 8 99 0.004147 22222222222222222222222222222222
256 2 16 0 0.004181 2222222222222222
256 2 16 1 0.003961 2222000000000000
256 2 16 2 0.003978 2222222222222222
256 2 16 3 0.003966 2222222222222222
256 2 16 4 0.004172 0000000000000000
256 2 16 5 0.003884 2222222222222222
256 2 16 6 0.004099 2222222222222222
256 2 16 7 0.004065 2222222222222222
256 2 16 8 0.004062 0000000000000000
256 2 16 9 0.004084 2222222222222222
256 2 16 10 0.004112 2222222200000000
256 2 16 11 0.004057 0000000000000000
256 2 16 12 0.003951 0000000000000000
256 2 16 13 0.003944 2222222222222220
256 2 16 14 0.004022 2222222222222222
256 2 16 15 0.003967 2222222222222222
256 2 16 16 0.003904 2222222222222222
256 2 16 17 0.003887 2222220000000000
256 2 16 18 0.004272 0000000000000000
256 2 16 19 0.004036 2222000000000000
256 2 16 20 0.003990 0000000000000000
256 2 16 21 0.004039 2222222222222222
256 2 16 22 0.004124 2222222222222222
256 2 16 23 0.004052 2222222222222222
256 2 16 24 0.003964 2222222222222222
256 2 16 25 0.003913 2222222222222222
256 2 16 26 0.004033 2222222222222222
256 2 16 27 0.003805 2222222222222222
256 2 16 28 0.004080 0000000000000000
256 2 16 29 0.003938 2222222222222222
256 2 16 30 0.004045 2222222222222222
256 2 16 31 0.004023 2000000000000000
256 2 16 32 0.004153 2222222222222222
256 2 16 33 0.004102 0000000000000000
256 2 16 34 0.004033 2222222222222222
256 2 16 35 0.004089 2222222222222222
256 2 16 36 0.003952 2222222222222222
256 2 16 37 0.003947 2222222222222222
256 2 16 38 0.003937 0000000000000000
256 2 16 39 0.003901 0000000000000000
256 2 16 40 0.003992 2222222222222200
256 2 16 41 0.003940 2222222222222222
256 2 16 42 0.004080 0000000000000000
256 2 16 43 0.003867 2222222222222222
256 2 16 44 0.003893 2222222222222222
256 2 16 45 0.003959 0000000000000000
256 2 16 46 0.003959 2222222222222222
256 2 16 47 0.004103 2222222222222222
256 2 16 48 0.003978 2222222222222222
256 2 16 49 0.003885 2222222222222000
256 2 16 50 0.003970 2222222222000000
256 2 16 51 0.003799 0000000000000000
256 2 16 52 0.004007 2222222222222222
256 2 16 53 0.004040 2222222222222222
256 2 16 54 0.004057 2222222222222222
256 2 16 55 0.003987 2222222222222222
256 2 16 56 0.003865 0000000000000000
256 2 16 57 0.004037 2222222222200000
256 2 16 58 0.003965 2222222222222000
256 2 16 59 0.004026 0000000000000000
256 2 16 60 0.003981 2222222222222222
256 2 16 61 0.004029 2222222222222222
256 2 16 62 0.004009 0000000000000000
256 2 16 63 0.003907 2222222222222222
256 2 16 64 0.003912 0000000000000000
256 2 16 65 0.003911 0000000000000000
256 2 16 66 0.003951 2222222222222222
256 2 16 67 0.003924 0000000000000000
256 2 16 68 0.003891 2222222222222222
256 2 16 69 0.003880 2222222222222222
256 2 16 70 0.003940 0000000000000000
256 2 16 71 0.004054 0000000000000000
256 2 16 72 0.003757 2222222222222222
256 2 16 73 0.004031 2222222222222222
256 2 16 74 0.003880 2222222222222222
256 2 16 75 0.004040 2222222222222222
256 2 16 76 0.003931 2222222222222222
256 2 16 77 0.003865 2222222222222222
256 2 16 78 0.003953 2222222222222222
256 2 16 79 0.003868 2222222222222222
256 2 16 80 0.004044 2222222222222222
256 2 16 81 0.004091 2222222222222222
256 2 16 82 0.004077 2222222222222222
256 2 16 83 0.003791 2222222222222222
256 2 16 84 0.003895 0000000000000000
256 2 16 85 0.003934 2222222222222222
256 2 16 86 0.003986 2222222222222222
256 2 16 87 0.003961 2222222222222222
256 2 16 88 0.003993 2222222222222222
256 2 16 89 0.004071 2222222222222222
256 2 16 90 0.004062 2222222222222222
256 2 16 91 0.004178 2222222222222220
256 2 16 92 0.003821 2222222222222222
256 2 16 93 0.004034 2222222222222222
256 2 16 94 0.004016 0000000000000000
256 2 16 95 0.004083 2222222222222222
256 2 16 96 0.003988 2222222222222000
256 2 16 97 0.003935 0000000000000000
256 2 16 98 0.003999 2222222222222222
256 2 16 99 0.004028 2222222222222222
256 2 32 0 0.004215 22222222
256 2 32 1 0.003982 22000000
256 2 32 2 0.003977 22222222
256 2 32 3 0.003963 22222222
256 2 32 4 0.004271 00000000
256 2 32 5 0.003929 22222222
256 2 32 6 0.004333 22222222
256 2 32 7 0.004170 22222222
256 2 32 8 0.004072 00000000
256 2 32 9 0.004115 22222222
256 2 32 10 0.003948 22220000
256 2 32 11 0.004103 00000000
256 2 32 12 0.003940 00000000
256 2 32 13 0.004052 22222220
256 2 32 14 0.004095 22222222
256 2 32 15 0.003987 22222222
256 2 32 16 0.003919 22222222
256 2 32 17 0.003940 22200000
256 2 32 18 0.004452 00000000
256 2 32 19 0.004098 22000000
256 2 32 20 0.004033 00000000
256 2 32 21 0.004094 22222222
256 2 32 22 0.004129 22222222
256 2 32 23 0.004091 22222222
256 2 32 24 0.004010 22222222
256 2 32 25 0.004052 22222222
256 2 32 26 0.004065 22222222
256 2 32 27 0.003827 22222222
256 2 32 28 0.004078 00000000
256 2 32 29 0.003997 22222222
256 2 32 30 0.004227 22222222
256 2 32 31 0.004050 00000000
256 2 32 32 0.004148 22222222
256 2 32 33 0.004076 00000000
256 2 32 34 0.004073 22222222
256 2 32 35 0.004021 22222222
256 2 32 36 0.004016 22222222
256 2 32 37 0.003968 22222222
256 2 32 38 0.004005 00000000
256 2 32 39 0.003917 00000000
256 2 32 40 0.004096 22222220
256 2 32 41 0.003998 22222222
256 2 32 42 0.004107 00000000
256 2 32 43 0.003879 22222222
256 2 32 44 0.003918 22222222
256 2 32 45 0.003986 00000000
256 2 32 46 0.003987 22222222
256 2 32 47 0.004206 22222222
256 2 32 48 0.004010 22222222
256 2 32 49 0.003841 22222200
256 2 32 50 0.004105 22222000
256 2 32 51 0.003867 00000000
256 2 32 52 0.004013 22222222
256 2 32 53 0.004039 22222222
256 2 32 54 0.004076 22222222
256 2 32 55 0.004011 22222222
256 2 32 56 0.003894 00000000
256 2 32 57 0.004063 22222000
256 2 32 58 0.004015 22222200
256 2 32 59 0.004019 00000000
256 2 32 60 0.004015 22222222
256 2 32 61 0.004070 22222222
256 2 32 62 0.004030 00000000
256 2 32 63 0.003973 22222222
256 2 32 64 0.003914 00000000
256 2 32 65 0.003937 00000000
256 2 32 66 0.003969 22222222
256 2 32 67 0.003984 00000000
256 2 32 68 0.003918 22222222
256 2 32 69 0.003896 22222222
256 2 32 70 0.003956 00000000
256 2 32 71 0.004100 00000000
256 2 32 72 0.003780 22222222
256 2 32 73 0.004052 22222222
256 2 32 74 0.003874 22222222
256 2 32 75 0.004039 22222222
256 2 32 76 0.003948 22222222
256 2 32 77 0.003906 22222222
256 2 32 78 0.004029 22222222
256 2 32 79 0.004106 22222222
256 2 32 80 0.004058 22222222
256 2 32 81 0.004113 22222222
256 2 32 82 0.004103 22222222
256 2 32 83 0.003769 22222222
256 2 32 84 0.003915 00000000
256 2 32 85 0.003944 22222222
256 2 32 86 0.004009 22222222
256 2 32 87 0.003992 22222222
256 2 32 88 0.003995 22222222
256 2 32 89 0.004092 22222222
256 2 32 90 0.004081 22222222
256 2 32 91 0.004093 22222220
256 2 32 92 0.003847 22222222
256 2 32 93 0.004017 22222222
256 2 32 94 0.004063 00000000
256 2 32 95 0.004043 22222222
256 2 32 96 0.004028 22222200
256 2 32 97 0.004017 00000000
256 2 32 98 0.004007 22222222
256 2 32 99 0.004035 22222222
256 4 8 0 0.007500 22222222222222222222222222222222
256 4 8 1 0.006946 22222222222222222222222222222222
256 4 8 2 0.006543 22222222222222222222222222222222
256 4 8 3 0.006769 22222222222222222222222222222222
256 4 8 4 0.007307 00000000000000000000000000000000
256 4 8 5 0.006404 22222222222222222222222222222222
256 4 8 6 0.007012 22222222222222222222222222222222
256 4 8 7 0.006849 22222222222222222222222222222222
256 4 8 8 0.006811 00000000000000000000000000000000
256 4 8 9 0.006903 22222222222222222222222222222222
256 4 8 10 0.006600 22222222222222222222222222222222
256 4 8 11 0.006700 22222222222222222222222222222222
256 4 8 12 0.006569 00000000000000000000000000000000
256 4 8 13 0.006350 22222222222222222222222222222222
256 4 8 14 0.006922 22222222222222222222222222222222
256 4 8 15 0.006698 22222222222222222222222222222222
256 4 8 16 0.006320 22222222222222222222222222222222
256 4 8 17 0.006345 22222222222222222222222222222222
256 4 8 18 0.007222 00000000000000000000000000000000
256 4 8 19 0.006944 22222222222222222222222222222222
256 4 8 20 0.006559 00000000000000000000000000000000
256 4 8 21 0.006802 22222222222222222222222222222222
256 4 8 22 0.007031 22222222222222222222222222222222
256 4 8 23 0.006818 22222222222222222222222222222222
256 4 8 24 0.006768 22222222222222222222222222222222
256 4 8 25 0.006421 22222222222222222222222222222222
256 4 8 26 0.006746 22222222222222222222222222222222
256 4 8 27 0.006184 22222222222222222222222222222222
256 4 8 28 0.006823 00000000000000000000000000000000
256 4 8 29 0.006587 22222222222222222222222222222222
256 4 8 30 0.006799 22222222222222222222222222222222
256 4 8 31 0.006895 22222222222222222222222222222222
256 4 8 32 0.006939 22222222222222222222222222222222
256 4 8 33 0.006922 00000000000000000000000000000000
256 4 8 34 0.006742 22222222222222222222222222222222
256 4 8 35 0.006778 22222222222222222222222222222222
256 4 8 36 0.006664 22222222222222222222222222222222
256 4 8 37 0.006480 12222222222222222222222222222222
256 4 8 38 0.006539 00000000000000000000000000000000
256 4 8 39 0.006411 00000000000000000000000000000000
256 4 8 40 0.006665 22222222222222222222222222222222
256 4 8 41 0.006600 22222222222222222222222222222222
256 4 8 42 0.006848 00000000000000000000000000000000
256 4 8 43 0.006195 22222222222222222222222222222222
256 4 8 44 0.006501 22222222222222222222222222222222
256 4 8 45 0.006673 00000000000000000000000000000000
256 4 8 46 0.006650 12222222222222222222222222222222
256 4 8 47 0.007016 22222222222222222222222222222222
256 4 8 48 0.006701 22222222222222222222222222222222
256 4 8 49 0.006208 22222222222222222222222222222222
256 4 8 50 0.006768 22222222222222222222222222222222
256 4 8 51 0.006152 00000000000000000000000000000000
256 4 8 52 0.006685 22222222222222222222222222222222
256 4 8 53 0.006851 12222222222222222222222222222222
256 4 8 54 0.006656 22222222222222222222222222222222
256 4 8 55 0.006833 22222222222222222222222222222222
256 4 8 56 0.006160 00000000000000000000000000000000
256 4 8 57 0.006565 22222222222222222222222222222222
256 4 8 58 0.006674 22222222222222222222222222222222
256 4 8 59 0.006582 00000000000000000000000000000000
256 4 8 60 0.006574 22222222222222222222222222222222
256 4 8 61 0.006815 22222222222222222222222222222222
256 4 8 62 0.006599 00000000000000000000000000000000
256 4 8 63 0.006409 22222222222222222222222222222222
256 4 8 64 0.006489 22222222222222222222222222222222
256 4 8 65 0.006449 00000000000000000000000000000000
256 4 8 66 0.006584 22222222222222222222222222222222
256 4 8 67 0.006273 00000000000000000000000000000000
256 4 8 68 0.006327 22222222222222222222222222222222
256 4 8 69 0.006133 22222222222222222222222222222222
256 4 8 70 0.006393 00000000000000000000000000000000
256 4 8 71 0.006980 00000000000000000000000000000000
256 4 8 72 0.006075 22222222222222222222222222222222
256 4 8 73 0.006547 22222222222222222222222222222222
256 4 8 74 0.006086 22222222222222222222222222222222
256 4 8 75 0.006651 12222222222222222222222222222222
256 4 8 76 0.006514 22222222222222222222222222222222
256 4 8 77 0.006234 22222222222222222222222222222222
256 4 8 78 0.006375 22222222222222222222222222222222
256 4 8 79 0.006360 22222222222222222222222222222222
256 4 8 80 0.006481 22222222222222222222222222222222
256 4 8 81 0.006977 22222222222222222222222222222222
256 4 8 82 0.006922 22222222222222222222222222222222
256 4 8 83 0.005719 22222222222222222222222222222222
256 4 8 84 0.006357 00000000000000000000000000000000
256 4 8 85 0.006469 22222222222222222222222222222222
256 4 8 86 0.006758 22222222222222222222222222222222
256 4 8 87 0.006387 22222222222222222222222222222222
256 4 8 88 0.006499 22222222222222222222222222222222
256 4 8 89 0.006808 22222222222222222222222222222222
256 4 8 90 0.006941 22222222222222222222222222222222
256 4 8 91 0.006838 22222222222222222222222222222222
256 4 8 92 0.006177 22222222222222222222222222222222
256 4 8 93 0.006763 22222222222222222222222222222222
256 4 8 94 0.006714 00000000000000000000000000000000
256 4 8 95 0.006687 22222222222222222222222222222222
256 4 8 96 0.006760 22222222222222222222222222222222
256 4 8 97 0.006479 00000000000000000000000000000000
256 4 8 98 0.006801 22222222222222222222222222222222
256 4 8 99 0.006712 22222222222222222222222222222222
256 4 16 0 0.007134 2222222222222222
256 4 16 1 0.006274 2222222222222222
256 4 16 2 0.006427 2222222222222222
256 4 16 3 0.006268 2222222222222222
256 4 16 4 0.007044 0000000000000000
256 4 16 5 0.006121 2222222222222222
256 4 16 6 0.006718 2222222222222222
256 4 16 7 0.006964 2222222222222222
256 4 16 8 0.006594 0000000000000000
256 4 16 9 0.006971 2222222222222222
256 4 16 10 0.006421 2222222222222222
256 4 16 11 0.006551 2222222222222222
256 4 16 12 0.006177 0000000000000000
256 4 16 13 0.006285 2222222222222222
256 4 16 14 0.006791 2222222222222222
256 4 16 15 0.006474 2222222222222222
256 4 16 16 0.006151 2222222222222222
256 4 16 17 0.006210 2222222222222222
256 4 16 18 0.007014 0000000000000000
256 4 16 19 0.006742 2222222222222222
256 4 16 20 0.006320 0000000000000000
256 4 16 21 0.006550 2222222222222222
256 4 16 22 0.006803 2222222222222222
256 4 16 23 0.006547 2222222222222222
256 4 16 24 0.006377 2222222222222222
256 4 16 25 0.006249 2222222222222222
256 4 16 26 0.006571 2222222222222222
256 4 16 27 0.005987 2222222222222222
256 4 16 28 0.006662 0000000000000000
256 4 16 29 0.006245 2222222222222222
256 4 16 30 0.006569 2222222222222222
256 4 16 31 0.006577 2222222222222222
256 4 16 32 0.006825 2222222222222222
256 4 16 33 0.006898 0000000000000000
256 4 16 34 0.006510 2222222222222222
256 4 16 35 0.006656 2222222222222222
256 4 16 36 0.006259 2222222222222222
256 4 16 37 0.006323 2222222222222222
256 4 16 38 0.006340 0000000000000000
256 4 16 39 0.006186 0000000000000000
256 4 16 40 0.006414 2222222222222222
256 4 16 41 0.006289 2222222222222222
256 4 16 42 0.006597 0000000000000000
256 4 16 43 0.006038 2222222222222222
256 4 16 44 0.006142 2222222222222222
256 4 16 45 0.006582 0000000000000000
256 4 16 46 0.006405 2222222222222222
256 4 16 47 0.006880 2222222222222222
256 4 16 48 0.006602 2222222222222222
256 4 16 49 0.005926 2222222222222222
256 4 16 50 0.006263 2222222222222222
256 4 16 51 0.006170 0000000000000000
256 4 16 52 0.006393 2222222222222222
256 4 16 53 0.006476 2222222222222222
256 4 16 54 0.006548 2222222222222222
256 4 16 55 0.006503 2222222222222222
256 4 16 56 0.006068 0000000000000000
256 4 16 57 0.006392 2222222222222222
256 4 16 58 0.006334 2222222222222222
256 4 16 59 0.006420 0000000000000000
256 4 16 60 0.006502 2222222222222222
256 4 16 61 0.006627 2222222222222222
256 4 16 62 0.007111 0000000000000000
256 4 16 63 0.006159 2222222222222222
256 4 16 64 0.006202 0000000000000000
256 4 16 65 0.006181 0000000000000000
256 4 16 66 0.006359 2222222222222222
256 4 16 67 0.006141 0000000000000000
256 4 16 68 0.005998 2222222222222222
256 4 16 69 0.005928 2222222222222222
256 4 16 70 0.006217 0000000000000000
256 4 16 71 0.006984 0000000000000000
256 4 16 72 0.005847 2222222222222222
256 4 16 73 0.006542 2222222222222222
256 4 16 74 0.005914 2222222222222222
256 4 16 75 0.006478 2222222222222222
256 4 16 76 0.006278 2222222222222222
256 4 16 77 0.006093 2222222222222222
256 4 16 78 0.006297 2222222222222222
256 4 16 79 0.006135 2222222222222222
256 4 16 80 0.006329 2222222222222222
256 4 16 81 0.006832 2222222222222222
256 4 16 82 0.006589 2222222222222222
256 4 16 83 0.005618 2222222222222222
256 4 16 84 0.006164 0000000000000000
256 4 16 85 0.006233 2222222222222222
256 4 16 86 0.006705 2222222222222222
256 4 16 87 0.006517 2222222222222222
256 4 16 88 0.006342 2222222222222222
256 4 16 89 0.006627 2222222222222222
256 4 16 90 0.006737 2222222222222222
256 4 16 91 0.006687 2222222222222222
256 4 16 92 0.006042 2222222222222222
256 4 16 93 0.006591 2222222222222222
256 4 16 94 0.006601 0000000000000000
256 4 16 95 0.006463 2222222222222222
256 4 16 96 0.006456 2222222222222222
256 4 16 97 0.006330 0000000000000000
256 4 16 98 0.006505 2222222222222222
256 4 16 99 0.006710 2222222222222222
256 4 32 0 0.007222 22222222
256 4 32 1 0.006450 22222222
256 4 32 2 0.006528 22222222
256 4 32 3 0.006408 22222222
256 4 32 4 0.007282 00000000
256 4 32 5 0.006283 22222222
256 4 32 6 0.006886 22222222
256 4 32 7 0.006726 22222222
256 4 32 8 0.006852 00000000
256 4 32 9 0.006717 22222222
256 4 32 10 0.006421 22222222
256 4 32 11 0.006785 22222222
256 4 32 12 0.006313 00000000
256 4 32 13 0.006298 22222222
256 4 32 14 0.006908 22222222
256 4 32 15 0.006627 22222222
256 4 32 16 0.006382 22222222
256 4 32 17 0.006251 22222222
256 4 32 18 0.007158 00000000
256 4 32 19 0.006810 22222222
256 4 32 20 0.006467 00000000
256 4 32 21 0.006675 22222222
256 4 32 22 0.006918 22222222
256 4 32 23 0.006695 22222222
256 4 32 24 0.006569 22222222
256 4 32 25 0.006347 22222222
256 4 32 26 0.006811 22222222
256 4 32 27 0.006153 22222222
256 4 32 28 0.006921 00000000
256 4 32 29 0.006455 22222222
256 4 32 30 0.006665 22222222
256 4 32 31 0.006799 22222222
256 4 32 32 0.006918 22222222
256 4 32 33 0.006905 00000000
256 4 32 34 0.006568 22222222
256 4 32 35 0.006822 22222222
256 4 32 36 0.006362 22222222
256 4 32 37 0.006405 22222222
256 4 32 38 0.006400 00000000
256 4 32 39 0.006368 00000000
256 4 32 40 0.006523 22222222
256 4 32 41 0.006586 22222222
256 4 32 42 0.006720 00000000
256 4 32 43 0.006067 22222222
256 4 32 44 0.006253 22222222
256 4 32 45 0.006664 00000000
256 4 32 46 0.006676 22222222
256 4 32 47 0.007100 22222222
256 4 32 48 0.006634 22222222
256 4 32 49 0.006009 22222222
256 4 32 50 0.006608 22222222
256 4 32 51 0.006099 00000000
256 4 32 52 0.006627 22222222
256 4 32 53 0.006647 22222222
256 4 32 54 0.006748 22222222
256 4 32 55 0.006603 22222222
256 4 32 56 0.006138 00000000
256 4 32 57 0.006521 22222222
256 4 32 58 0.006462 22222222
256 4 32 59 0.006572 00000000
256 4 32 60 0.006499 22222222
256 4 32 61 0.006756 22222222
256 4 32 62 0.006514 00000000
256 4 32 63 0.006249 22222222
256 4 32 64 0.006369 00000000
256 4 32 65 0.006362 00000000
256 4 32 66 0.006480 22222222
256 4 32 67 0.006261 00000000
256 4 32 68 0.006101 22222222
256 4 32 69 0.006032 22222222
256 4 32 70 0.006598 00000000
256 4 32 71 0.007038 00000000
256 4 32 72 0.006020 22222222
256 4 32 73 0.006519 22222222
256 4 32 74 0.006031 22222222
256 4 32 75 0.006733 22222222
256 4 32 76 0.006386 22222222
256 4 32 77 0.006157 22222222
256 4 32 78 0.006380 22222222
256 4 32 79 0.006244 22222222
256 4 32 80 0.006601 22222222
256 4 32 81 0.006777 22222222
256 4 32 82 0.006751 22222222
256 4 32 83 0.005649 22222222
256 4 32 84 0.006187 00000000
256 4 32 85 0.006348 22222222
256 4 32 86 0.006725 22222222
256 4 32 87 0.006357 22222222
256 4 32 88 0.006503 22222222
256 4 32 89 0.006652 22222222
256 4 32 90 0.006934 22222222
256 4 32 91 0.006749 22222222
256 4 32 92 0.006220 22222222
256 4 32 93 0.006664 22222222
256 4 32 94 0.006707 00000000
256 4 32 95 0.006589 22222222
256 4 32 96 0.006688 22222222
256 4 32 97 0.006471 00000000
256 4 32 98 0.006651 22222222
256 4 32 99 0.006687 22222222
256 8 16 0 0.016641 2222222222222222
256 8 16 1 0.013642 2222222222222222
256 8 16 2 0.013887 2222222222222222
256 8 16 3 0.014183 2222222222222222
256 8 16 4 0.017123 0000000000000000
256 8 16 5 0.013135 2222222222222222
256 8 16 6 0.014817 2222222222222222
256 8 16 7 0.015984 2222222222222222
256 8 16 8 0.015546 0000000000000000
256 8 16 9 0.016277 2222222222222222
256 8 16 10 0.014474 2222222222222222
256 8 16 11 0.015768 2222222222222222
256 8 16 12 0.013463 0000000000000000
256 8 16 13 0.014122 2222222222222222
256 8 16 14 0.015497 2222222222222222
256 8 16 15 0.014574 2222222222222222
256 8 16 16 0.012954 2222222222222222
256 8 16 17 0.014007 2222222222222222
256 8 16 18 0.017052 0000000000000000
256 8 16 19 0.015189 2222222222222222
256 8 16 20 0.014037 0000000000000000
256 8 16 21 0.014646 2222222222222222
256 8 16 22 0.015232 2222222222222222
256 8 16 23 0.014494 2222222222222222
256 8 16 24 0.014147 2222222222222222
256 8 16 25 0.014326 2222222222222222
256 8 16 26 0.014528 2222222222222222
256 8 16 27 0.013058 2222222222222222
256 8 16 28 0.015318 0000000000000000
256 8 16 29 0.013421 2222222222222222
256 8 16 30 0.015356 2222222222222222
256 8 16 31 0.015719 2222222222222222
256 8 16 32 0.016362 2222222222222222
256 8 16 33 0.015709 0000000000000000
256 8 16 34 0.014466 2222222222222222
256 8 16 35 0.015520 2222222222222222
256 8 16 36 0.013768 2222222222222222
256 8 16 37 0.013931 2222222222222222
256 8 16 38 0.014359 0000000000000000
256 8 16 39 0.013531 0000000000000000
256 8 16 40 0.015327 2222222222222222
256 8 16 41 0.013528 2222222222222222
256 8 16 42 0.015304 0000000000000000
256 8 16 43 0.012151 2222222222222222
256 8 16 44 0.013188 2222222222222222
256 8 16 45 0.014556 0000000000000000
256 8 16 46 0.014738 2222222222222222
256 8 16 47 0.016440 2222222222222222
256 8 16 48 0.013572 2222222222222222
256 8 16 49 0.012524 2222222222222222
256 8 16 50 0.013551 2222222222222222
256 8 16 51 0.012920 0000000000000000
256 8 16 52 0.014039 2222222222222222
256 8 16 53 0.014304 2222222222222222
256 8 16 54 0.014364 2222222222222222
256 8 16 55 0.014811 2222222222222222
256 8 16 56 0.013547 0000000000000000
256 8 16 57 0.014859 2222222222222222
256 8 16 58 0.014642 2222222222222222
256 8 16 59 0.014685 0000000000000000
256 8 16 60 0.014497 2222222222222222
256 8 16 61 0.015454 2222222222222222
256 8 16 62 0.014937 0000000000000000
256 8 16 63 0.013989 2222222222222222
256 8 16 64 0.013628 2222222222222222
256 8 16 65 0.013580 0000000000000000
256 8 16 66 0.014940 2222222222222222
256 8 16 67 0.013064 0000000000000000
256 8 16 68 0.012746 2222222222222222
256 8 16 69 0.012917 2222222222222222
256 8 16 70 0.013449 0000000000000000
256 8 16 71 0.015165 0000000000000000
256 8 16 72 0.012477 2222222222222222
256 8 16 73 0.014498 2222222222222222
256 8 16 74 0.012703 2222222222222222
256 8 16 75 0.014282 2222222222222222
256 8 16 76 0.013767 2222222222222222
256 8 16 77 0.013096 2222222222222222
256 8 16 78 0.013715 2222222222222222
256 8 16 79 0.013414 2222222222222222
256 8 16 80 0.014026 2222222222222222
256 8 16 81 0.015939 2222222222222222
256 8 16 82 0.015188 2222222222222222
256 8 16 83 0.010789 2222222222222222
256 8 16 84 0.012824 0000000000000000
256 8 16 85 0.013444 2222222222222222
256 8 16 86 0.015218 2222222222222222
256 8 16 87 0.013865 2222222222222222
256 8 16 88 0.013733 2222222222222222
256 8 16 89 0.014984 2222222222222222
256 8 16 90 0.015889 2222222222222222
256 8 16 91 0.015172 2222222222222222
256 8 16 92 0.013355 2222222222222222
256 8 16 93 0.015066 2222222222222222
256 8 16 94 0.014666 0000000000000000
256 8 16 95 0.014393 2222222222222222
256 8 16 96 0.014780 2222222222222222
256 8 16 97 0.014162 0000000000000000
256 8 16 98 0.014797 2222222222222222
256 8 16 99 0.014760 2222222222222222
256 8 32 0 0.016628 22222222
256 8 32 1 0.013924 22222222
256 8 32 2 0.013979 22222222
256 8 32 3 0.014557 22222222
256 8 32 4 0.017492 00000000
256 8 32 5 0.013952 22222222
256 8 32 6 0.014842 22222222
256 8 32 7 0.015220 22222222
256 8 32 8 0.015369 00000000
256 8 32 9 0.015308 22222222
256 8 32 10 0.014160 22222222
256 8 32 11 0.015662 22222222
256 8 32 12 0.013555 00000000
256 8 32 13 0.013789 22222222
256 8 32 14 0.015017 22222222
256 8 32 15 0.014950 22222222
256 8 32 16 0.013128 22222222
256 8 32 17 0.013928 22222222
256 8 32 18 0.017145 00000000
256 8 32 19 0.015092 22222222
256 8 32 20 0.014632 00000000
256 8 32 21 0.014772 22222222
256 8 32 22 0.015484 22222222
256 8 32 23 0.014812 22222222
256 8 32 24 0.014201 22222222
256 8 32 25 0.013802 22222222
256 8 32 26 0.015490 22222222
256 8 32 27 0.013161 22222222
256 8 32 28 0.015103 00000000
256 8 32 29 0.013518 22222222
256 8 32 30 0.015087 22222222
256 8 32 31 0.015585 22222222
256 8 32 32 0.015255 22222222
256 8 32 33 0.015827 00000000
256 8 32 34 0.014688 22222222
256 8 32 35 0.015993 22222222
256 8 32 36 0.013773 22222222
256 8 32 37 0.013958 22222222
256 8 32 38 0.014613 00000000
256 8 32 39 0.013825 00000000
256 8 32 40 0.014928 22222222
256 8 32 41 0.013935 22222222
256 8 32 42 0.015538 00000000
256 8 32 43 0.012809 22222222
256 8 32 44 0.013602 22222222
256 8 32 45 0.015233 00000000
256 8 32 46 0.014495 22222222
256 8 32 47 0.016300 22222222
256 8 32 48 0.014337 22222222
256 8 32 49 0.012916 22222222
256 8 32 50 0.014472 22222222
256 8 32 51 0.013836 00000000
256 8 32 52 0.015147 22222222
256 8 32 53 0.014478 22222222
256 8 32 54 0.014806 22222222
256 8 32 55 0.014746 22222222
256 8 32 56 0.013438 00000000
256 8 32 57 0.014101 22222222
256 8 32 58 0.015054 22222222
256 8 32 59 0.014311 00000000
256 8 32 60 0.015514 22222222
256 8 32 61 0.015326 22222222
256 8 32 62 0.015202 00000000
256 8 32 63 0.014041 22222222
256 8 32 64 0.013531 22222222
256 8 32 65 0.013693 00000000
256 8 32 66 0.014753 22222222
256 8 32 67 0.013873 00000000
256 8 32 68 0.012725 22222222
256 8 32 69 0.012845 22222222
256 8 32 70 0.013892 00000000
256 8 32 71 0.015475 00000000
256 8 32 72 0.012482 22222222
256 8 32 73 0.013905 22222222
256 8 32 74 0.012565 22222222
256 8 32 75 0.014634 22222222
256 8 32 76 0.013889 22222222
256 8 32 77 0.013311 22222222
256 8 32 78 0.014202 22222222
256 8 32 79 0.013552 22222222
256 8 32 80 0.014182 22222222
256 8 32 81 0.016314 22222222
256 8 32 82 0.015586 22222222
256 8 32 83 0.011453 22222222
256 8 32 84 0.013017 00000000
256 8 32 85 0.013785 22222222
256 8 32 86 0.015117 22222222
256 8 32 87 0.014216 22222222
256 8 32 88 0.013783 22222222
256 8 32 89 0.014813 22222222
256 8 32 90 0.016188 22222222
256 8 32 91 0.015592 22222222
256 8 32 92 0.013438 22222222
256 8 32 93 0.015545 22222222
256 8 32 94 0.016301 00000000
256 8 32 95 0.015269 22222222
256 8 32 96 0.015009 22222222
256 8 32 97 0.014083 00000000
256 8 32 98 0.014925 22222222
256 8 32 99 0.015020 22222222
512 2 4 0 0.008529 12222222222222222222222222222222222222222222222222222222222222222222222222222222000000000000000000000000000000000000000000000000
512 2 4 1 0.008603 22222222222222222222222222222222222222222222222222222222222222222222222222222222222222222222222222222222222222222222222222222222
512 2 4 2 0.008809 12222222222222222222222222222222222222222222222222222222222222222222222222222222222222222222222222222222222222222222222222222222
512 2 4 3 0.008603 00000000000000000000000000000000000000000000000000000000000000000000000000000000000000000000000000000000000000000000000000000000
512 2 4 4 0.008698 22222222220000000000000000000000000000000000000000000000000000000000000000000000000000000000000000000000000000000000000000000000
512 2 4 5 0.008572 00000000000000000000000000000000000000000000000000000000000000000000000000000000000000000000000000000000000000000000000000000000
512 2 4 6 0.008616 12222222222222222222222222222222222222222222222222222200000000000000000000000000000000000000000000000000000000000000000000000000
512 2 4 7 0.008612 22222222222222222222222222222222220000000000000000000000000000000000000000000000000000000000000000000000000000000000000000000000
512 2 4 8 0.008578 00000000000000000000000000000000000000000000000000000000000000000000000000000000000000000000000000000000000000000000000000000000
512 2 4 9 0.008873 22222222222222222222222222222222222222222222222222222222222222222222222222222222222222222222222222222222222222222222222222222222
512 2 4 10 0.008663 12222222222222222220000000000000000000000000000000000000000000000000000000000000000000000000000000000000000000000000000000000000
512 2 4 11 0.008818 12222222222222222222222222222222222222222222222222222222222222222222222222222222222222222222222222222222222222222222222222222222
512 2 4 12 0.008717 00000000000000000000000000000000000000000000000000000000000000000000000000000000000000000000000000000000000000000000000000000000
512 2 4 13 0.008619 12222222222222222222222222222222222222222220000000000000000000000000000000000000000000000000000000000000000000000000000000000000
512 2 4 14 0.008993 12222222222222222222222222222222222222222222222222222222222222222222222222222222222222222222222222222222222222222222222222222222
512 2 4 15 0.008395 00000000000000000000000000000000000000000000000000000000000000000000000000000000000000000000000000000000000000000000000000000000
512 2 4 16 0.008751 12222222222222222222222222222222222222222222222222222222222222222222222222222222222222222222222222222222222222222222222222222222
512 2 4 17 0.008649 12222222222222222222222222222222222222222220000000000000000000000000000000000000000000000000000000000000000000000000000000000000
512 2 4 18 0.008536 12222222222222222222222222222222222222222222222222222222222222222222222222222222222222222222222222222222222222222222222222222222
512 2 4 19 0.008403 12222222222222222222222222200000000000000000000000000000000000000000000000000000000000000000000000000000000000000000000000000000
512 2 4 20 0.008717 12222222222222222222222222222222222222222222222222222222222222222222222222222222222222222222222222222222222222222222222222222222
512 2 4 21 0.008701 22222222222222222222222222222222222222222222222222222222222222222222222222222222222222222222222200000000000000000000000000000000
512 2 4 22 0.008451 12222222222222222222222222222222222222222222222222222222222222222222222222222222222222222222222222222222222222222222222222222222
512 2 4 23 0.008479 12222222222222222222222222222222222222222222222222222222222222222222222222222220000000000000000000000000000000000000000000000000
512 2 4 24 0.008831 00000000000000000000000000000000000000000000000000000000000000000000000000000000000000000000000000000000000000000000000000000000
512 2 4 25 0.008799 12222222222222222222222222222222222222222222222222222222222222222222222222222222222222222222222222222222222222222222222222222222
512 2 4 26 0.008466 12222222222222222222222222222222222222222222222222222222222222222222222222222222222222222222222222222222222222222222222222222222
512 2 4 27 0.008760 00000000000000000000000000000000000000000000000000000000000000000000000000000000000000000000000000000000000000000000000000000000
512 2 4 28 0.008568 22222222222222222222222222222222222222222222222222222222222222222222222222222222222222222222222222222222222000000000000000000000
512 2 4 29 0.008624 00000000000000000000000000000000000000000000000000000000000000000000000000000000000000000000000000000000000000000000000000000000
512 2 4 30 0.008353 12222222222222222222222222222222222222222222222222222222222222222222222222222222222222222222222222222222222222222222222222222222
512 2 4 31 0.008687 12222222222222222222222222222222222222222222222222222222222222222222222222222222222222222222222222222222222000000000000000000000
512 2 4 32 0.008876 12222222222222222222222222222222222222222222222222222222222222220000000000000000000000000000000000000000000000000000000000000000
512 2 4 33 0.008560 12222222222222222222222222222222222222222222222220000000000000000000000000000000000000000000000000000000000000000000000000000000
512 2 4 34 0.008552 00000000000000000000000000000000000000000000000000000000000000000000000000000000000000000000000000000000000000000000000000000000
512 2 4 35 0.008739 00000000000000000000000000000000000000000000000000000000000000000000000000000000000000000000000000000000000000000000000000000000
512 2 4 36 0.008722 00000000000000000000000000000000000000000000000000000000000000000000000000000000000000000000000000000000000000000000000000000000
512 2 4 37 0.008714 22222222222222222222222220000000000000000000000000000000000000000000000000000000000000000000000000000000000000000000000000000000
512 2 4 38 0.008255 12220000000000000000000000000000000000000000000000000000000000000000000000000000000000000000000000000000000000000000000000000000
512 2 4 39 0.008741 22222222222222222222222222222222222222222222222222222222222222222222222222222222222222222222222222222222222222222222222222222222
512 2 4 40 0.008356 12222222222222222222222222222222222222222222222222222222222222222222222222220000000000000000000000000000000000000000000000000000
512 2 4 41 0.008754 00000000000000000000000000000000000000000000000000000000000000000000000000000000000000000000000000000000000000000000000000000000
512 2 4 42 0.008700 00000000000000000000000000000000000000000000000000000000000000000000000000000000000000000000000000000000000000000000000000000000
512 2 4 43 0.008835 12222222222222222222222222222222222222222222222222222222222222222222222222222222222222222222222200000000000000000000000000000000
512 2 4 44 0.008933 00000000000000000000000000000000000000000000000000000000000000000000000000000000000000000000000000000000000000000000000000000000
512 2 4 45 0.008924 00000000000000000000000000000000000000000000000000000000000000000000000000000000000000000000000000000000000000000000000000000000
512 2 4 46 0.008764 12222222222222222222222222222222222222222222222222222222222222222222222222222222222222222222222222222222222222222222222222222222
512 2 4 47 0.008556 12222222222222222222222222222222222222222222222222222222000000000000000000000000000000000000000000000000000000000000000000000000
512 2 4 48 0.008829 12222222222222222222222222222222222222222222222222222222222222222222222222222222222222222222222222222222222222222222222222222222
512 2 4 49 0.008843 11222222222222222222222222222222222222222222222222222222222222222222222222222222222222222222222222222222222222222222222222222222
512 2 4 50 0.008783 12222222222222222222222222222222222222222222222222222222222222222222222222222222222222222222222222222222222222222222222222222222
512 2 4 51 0.008485 00000000000000000000000000000000000000000000000000000000000000000000000000000000000000000000000000000000000000000000000000000000
512 2 4 52 0.008601 12222222222222222222222222222222222222222222222222222222222222222222222222222222222222222222222222222222222222222222222222222222
512 2 4 53 0.008691 12222222222222222222222222222222222222222222222222222222222222222222222222222222222222222222222222222222222222222222222222222222
512 2 4 54 0.008549 12222222222222222222222222222222222222222222222222222222222200000000000000000000000000000000000000000000000000000000000000000000
512 2 4 55 0.008669 00000000000000000000000000000000000000000000000000000000000000000000000000000000000000000000000000000000000000000000000000000000
512 2 4 56 0.008565 12222222222222222222222222222222222222222222222222222222222222222222222222222222222222222222222222222222222222222222222222222222
512 2 4 57 0.008694 12222222200000000000000000000000000000000000000000000000000000000000000000000000000000000000000000000000000000000000000000000000
512 2 4 58 0.008575 12222222222222222222222222222222222222222222222222222222222222222222222222222222222222222222222222222222222222222222222222222222
512 2 4 59 0.008583 12222222222222222222222222222222222222222222222222222222222222222222222222222222222222222222222222222222222222222222222222222222
512 2 4 60 0.008655 12222222222222222222222222222222222222222222222222222222222222222222222222222222222222222222222222222222222222222222222222222222
512 2 4 61 0.008387 12222222222222222222200000000000000000000000000000000000000000000000000000000000000000000000000000000000000000000000000000000000
512 2 4 62 0.008677 00000000000000000000000000000000000000000000000000000000000000000000000000000000000000000000000000000000000000000000000000000000
512 2 4 63 0.008623 00000000000000000000000000000000000000000000000000000000000000000000000000000000000000000000000000000000000000000000000000000000
512 2 4 64 0.009065 12222222222222222222222222222222222222222222222222222222222222222222222222222222222222222222222222222222222222222222222222222222
512 2 4 65 0.008630 12222222222222222222222222222222222222222222222222222222222222222222222222222222222222222222222222222222222222222222222222222222
512 2 4 66 0.008721 22222222222222222222222222222222222222222222222222222222222222222222222222222222222222222222222222222222222222222222222222222222
512 2 4 67 0.008730 22222222222222222222222222222222222222222222222222222222222222222222222222222222222222222222222222222222222222222222222222222222
512 2 4 68 0.008629 12222222222222222222222222222222222222222222222222222222222222222222222222222222222222222222222222222222222222222222222222222222
512 2 4 69 0.008675 22222222222222222222222222222222222220000000000000000000000000000000000000000000000000000000000000000000000000000000000000000000
512 2 4 70 0.008558 12222222222222222222222222222222222222222222222222222222222222222222222222220000000000000000000000000000000000000000000000000000
512 2 4 71 0.008932 00000000000000000000000000000000000000000000000000000000000000000000000000000000000000000000000000000000000000000000000000000000
512 2 4 72 0.008507 12222222222222222222222222222222222222222222222222222222222222222222222222222222222222222222222222222222222222222222222222222222
512 2 4 73 0.008635 00000000000000000000000000000000000000000000000000000000000000000000000000000000000000000000000000000000000000000000000000000000
512 2 4 74 0.008445 22222222222222222222222222222222222222222222222222222222222222222222222222222222222222222222222222222222222222222222222222222222
512 2 4 75 0.008653 12222222222222222222222222222222222222222222222222222222222222222222222222222222222222222222222222222222222222222222222222222222
512 2 4 76 0.008737 12222222222222222222222222222222222222222222222222222222222222222222222222222222222222222222222222222222222222222222222222222222
512 2 4 77 0.008475 00000000000000000000000000000000000000000000000000000000000000000000000000000000000000000000000000000000000000000000000000000000
512 2 4 78 0.008862 12222222222222222222222222222222222222222222222222222222222222222222222222222222222222222222222222222222222222222222222222222222
512 2 4 79 0.008642 12222222222222222222222222222222222222222222222222222222222222222222222222222222222222222222222222222222222222222222222222222222
512 2 4 80 0.008616 12222222222222222222222222222222222222222222222222222222222222222220000000000000000000000000000000000000000000000000000000000000
512 2 4 81 0.008589 00000000000000000000000000000000000000000000000000000000000000000000000000000000000000000000000000000000000000000000000000000000
512 2 4 82 0.008912 12222222222222222222222222222222222222222222222222222222222222222222222222222222222222222222222222222222222222222222222222222222
512 2 4 83 0.008559 12222222222222220000000000000000000000000000000000000000000000000000000000000000000000000000000000000000000000000000000000000000
512 2 4 84 0.008971 12222222222222222222222222222222222222222222222222222222222222222222222222222222222222222222222222222222222222222222222222222222
512 2 4 85 0.008649 00000000000000000000000000000000000000000000000000000000000000000000000000000000000000000000000000000000000000000000000000000000
512 2 4 86 0.008884 12222222222222222222222222222222222222222222222222222222222222222222222222222222222222222222222222222222222222222222222222222222
512 2 4 87 0.008758 12222222222222222222222222222222222222222222222222222222222222222222222222222222222222222222222222222222222222222222222222222222
512 2 4 88 0.008781 22222222222222222222222222222222222222222222222222222222222222222222222222222222222222222222222222222222222222222222222222222222
512 2 4 89 0.008813 12222222222222222222222222222222222222222222222222222222222222222222222222222222222222222222222222222222222222222222222222222222
512 2 4 90 0.008652 12222222222222222222222222222222222222222222222222222222222222222222222222222222222222222222222222222222222222222222222222222222
512 2 4 91 0.008606 22222222222222222222222222222222222222222222222222222222222222222222222222222222222222222222222222222222222222222222222222222222
512 2 4 92 0.008782 12222222222222222222222222222222222222200000000000000000000000000000000000000000000000000000000000000000000000000000000000000000
512 2 4 93 0.008541 12222222222220000000000000000000000000000000000000000000000000000000000000000000000000000000000000000000000000000000000000000000
512 2 4 94 0.008641 00000000000000000000000000000000000000000000000000000000000000000000000000000000000000000000000000000000000000000000000000000000
512 2 4 95 0.008591 00000000000000000000000000000000000000000000000000000000000000000000000000000000000000000000000000000000000000000000000000000000
512 2 4 96 0.008566 12222222222222222222222222222222222222222222222222222222222222222222222222222222222222222222222222222222222222222222222222222222
512 2 4 97 0.008646 12222222222222222222222222222222222222222222222222222222222222222222222222222222222222222222222222222222222222222222222222222222
512 2 4 98 0.008557 00000000000000000000000000000000000000000000000000000000000000000000000000000000000000000000000000000000000000000000000000000000
512 2 4 99 0.008900 12222222222222222222222222222222222222222222222222222220000000000000000000000000000000000000000000000000000000000000000000000000
512 2 8 0 0.008199 2222222222222222222222222222222222222222000000000000000000000000
512 2 8 1 0.008286 2222222222222222222222222222222222222222222222222222222222222222
512 2 8 2 0.008400 2222222222222222222222222222222222222222222222222222222222222222
512 2 8 3 0.008231 0000000000000000000000000000000000000000000000000000000000000000
512 2 8 4 0.008279 2222200000000000000000000000000000000000000000000000000000000000
512 2 8 5 0.008211 0000000000000000000000000000000000000000000000000000000000000000
512 2 8 6 0.008288 2222222222222222222222222220000000000000000000000000000000000000
512 2 8 7 0.008197 2222222222222222200000000000000000000000000000000000000000000000
512 2 8 8 0.008266 0000000000000000000000000000000000000000000000000000000000000000
512 2 8 9 0.008510 2222222222222222222222222222222222222222222222222222222222222222
512 2 8 10 0.008323 2222222220000000000000000000000000000000000000000000000000000000
512 2 8 11 0.008757 2222222222222222222222222222222222222222222222222222222222222222
512 2 8 12 0.008135 0000000000000000000000000000000000000000000000000000000000000000
512 2 8 13 0.008500 2222222222222222222220000000000000000000000000000000000000000000
512 2 8 14 0.008389 2222222222222222222222222222222222222222222222222222222222222222
512 2 8 15 0.008211 0000000000000000000000000000000000000000000000000000000000000000
512 2 8 16 0.008544 2222222222222222222222222222222222222222222222222222222222222222
512 2 8 17 0.008329 2222222222222222222220000000000000000000000000000000000000000000
512 2 8 18 0.008154 2222222222222222222222222222222222222222222222222222222222222222
512 2 8 19 0.008003 2222222222222000000000000000000000000000000000000000000000000000
512 2 8 20 0.008527 2222222222222222222222222222222222222222222222222222222222222222
512 2 8 21 0.008202 2222222222222222222222222222222222222222222222220000000000000000
512 2 8 22 0.008210 2222222222222222222222222222222222222222222222222222222222222222
512 2 8 23 0.008049 2222222222222222222222222222222222222220000000000000000000000000
512 2 8 24 0.009178 0000000000000000000000000000000000000000000000000000000000000000
512 2 8 25 0.008184 2222222222222222222222222222222222222222222222222222222222222222
512 2 8 26 0.008462 2222222222222222222222222222222222222222222222222222222222222222
512 2 8 27 0.008346 0000000000000000000000000000000000000000000000000000000000000000
512 2 8 28 0.008384 2222222222222222222222222222222222222222222222222222200000000000
512 2 8 29 0.008182 0000000000000000000000000000000000000000000000000000000000000000
512 2 8 30 0.008111 2222222222222222222222222222222222222222222222222222222222222222
512 2 8 31 0.008233 2222222222222222222222222222222222222222222222222222200000000000
512 2 8 32 0.008366 2222222222222222222222222222222200000000000000000000000000000000
512 2 8 33 0.008111 2222222222222222222222220000000000000000000000000000000000000000
512 2 8 34 0.008233 0000000000000000000000000000000000000000000000000000000000000000
512 2 8 35 0.008375 0000000000000000000000000000000000000000000000000000000000000000
512 2 8 36 0.008416 0000000000000000000000000000000000000000000000000000000000000000
512 2 8 37 0.008158 2222222222220000000000000000000000000000000000000000000000000000
512 2 8 38 0.008131 2200000000000000000000000000000000000000000000000000000000000000
512 2 8 39 0.008351 2222222222222222222222222222222222222222222222222222222222222222
512 2 8 40 0.008291 2222222222222222222222222222222222222200000000000000000000000000
512 2 8 41 0.008194 0000000000000000000000000000000000000000000000000000000000000000
512 2 8 42 0.008580 0000000000000000000000000000000000000000000000000000000000000000
512 2 8 43 0.008218 2222222222222222222222222222222222222222222222220000000000000000
512 2 8 44 0.008701 0000000000000000000000000000000000000000000000000000000000000000
512 2 8 45 0.008219 0000000000000000000000000000000000000000000000000000000000000000
512 2 8 46 0.008451 2222222222222222222222222222222222222222222222222222222222222222
512 2 8 47 0.008204 2222222222222222222222222222000000000000000000000000000000000000
512 2 8 48 0.008640 2222222222222222222222222222222222222222222222222222222222222222
512 2 8 49 0.008259 1222222222222222222222222222222222222222222222222222222222222222
512 2 8 50 0.008251 2222222222222222222222222222222222222222222222222222222222222222
512 2 8 51 0.008251 0000000000000000000000000000000000000000000000000000000000000000
512 2 8 52 0.008342 2222222222222222222222222222222222222222222222222222222222222222
512 2 8 53 0.008261 2222222222222222222222222222222222222222222222222222222222222222
512 2 8 54 0.008222 2222222222222222222222222222220000000000000000000000000000000000
512 2 8 55 0.008367 0000000000000000000000000000000000000000000000000000000000000000
512 2 8 56 0.008129 2222222222222222222222222222222222222222222222222222222222222222
512 2 8 57 0.008251 2222000000000000000000000000000000000000000000000000000000000000
512 2 8 58 0.008103 2222222222222222222222222222222222222222222222222222222222222222
512 2 8 59 0.008341 2222222222222222222222222222222222222222222222222222222222222222
512 2 8 60 0.008236 2222222222222222222222222222222222222222222222222222222222222222
512 2 8 61 0.008047 2222222222000000000000000000000000000000000000000000000000000000
512 2 8 62 0.008189 0000000000000000000000000000000000000000000000000000000000000000
512 2 8 63 0.008409 0000000000000000000000000000000000000000000000000000000000000000
512 2 8 64 0.008461 2222222222222222222222222222222222222222222222222222222222222222
512 2 8 65 0.008317 2222222222222222222222222222222222222222222222222222222222222222
512 2 8 66 0.008269 2222222222222222222222222222222222222222222222222222222222222222
512 2 8 67 0.008262 2222222222222222222222222222222222222222222222222222222222222222
512 2 8 68 0.008466 2222222222222222222222222222222222222222222222222222222222222222
512 2 8 69 0.008305 2222222222222222220000000000000000000000000000000000000000000000
512 2 8 70 0.008533 2222222222222222222222222222222222222200000000000000000000000000
512 2 8 71 0.008378 0000000000000000000000000000000000000000000000000000000000000000
512 2 8 72 0.008184 2222222222222222222222222222222222222222222222222222222222222222
512 2 8 73 0.008271 0000000000000000000000000000000000000000000000000000000000000000
512 2 8 74 0.007990 2222222222222222222222222222222222222222222222222222222222222222
512 2 8 75 0.008368 2222222222222222222222222222222222222222222222222222222222222222
512 2 8 76 0.008362 2222222222222222222222222222222222222222222222222222222222222222
512 2 8 77 0.008113 0000000000000000000000000000000000000000000000000000000000000000
512 2 8 78 0.008353 2222222222222222222222222222222222222222222222222222222222222222
512 2 8 79 0.008341 2222222222222222222222222222222222222222222222222222222222222222
512 2 8 80 0.008147 2222222222222222222222222222222220000000000000000000000000000000
512 2 8 81 0.008447 0000000000000000000000000000000000000000000000000000000000000000
512 2 8 82 0.008262 2222222222222222222222222222222222222222222222222222222222222222
512 2 8 83 0.008360 2222222200000000000000000000000000000000000000000000000000000000
512 2 8 84 0.008528 2222222222222222222222222222222222222222222222222222222222222222
512 2 8 85 0.008484 0000000000000000000000000000000000000000000000000000000000000000
512 2 8 86 0.008369 2222222222222222222222222222222222222222222222222222222222222222
512 2 8 87 0.008717 2222222222222222222222222222222222222222222222222222222222222222
512 2 8 88 0.008401 2222222222222222222222222222222222222222222222222222222222222222
512 2 8 89 0.008266 2222222222222222222222222222222222222222222222222222222222222222
512 2 8 90 0.008908 2222222222222222222222222222222222222222222222222222222222222222
512 2 8 91 0.008198 2222222222222222222222222222222222222222222222222222222222222222
512 2 8 92 0.008960 2222222222222222222000000000000000000000000000000000000000000000
512 2 8 93 0.008251 2222220000000000000000000000000000000000000000000000000000000000
512 2 8 94 0.008268 0000000000000000000000000000000000000000000000000000000000000000
512 2 8 95 0.008250 0000000000000000000000000000000000000000000000000000000000000000
512 2 8 96 0.008289 2222222222222222222222222222222222222222222222222222222222222222
512 2 8 97 0.008266 2222222222222222222222222222222222222222222222222222222222222222
512 2 8 98 0.008422 0000000000000000000000000000000000000000000000000000000000000000
512 2 8 99 0.008470 2222222222222222222222222220000000000000000000000000000000000000
512 2 16 0 0.007842 22222222222222222222000000000000
512 2 16 1 0.008177 22222222222222222222222222222222
512 2 16 2 0.008086 22222222222222222222222222222222
512 2 16 3 0.008057 00000000000000000000000000000000
512 2 16 4 0.007887 22000000000000000000000000000000
512 2 16 5 0.008021 00000000000000000000000000000000
512 2 16 6 0.007907 22222222222220000000000000000000
512 2 16 7 0.007971 22222222000000000000000000000000
512 2 16 8 0.008137 00000000000000000000000000000000
512 2 16 9 0.008065 22222222222222222222222222222222
512 2 16 10 0.008194 22220000000000000000000000000000
512 2 16 11 0.008060 22222222222222222222222222222222
512 2 16 12 0.008356 00000000000000000000000000000000
512 2 16 13 0.008224 22222222220000000000000000000000
512 2 16 14 0.008411 22222222222222222222222222222222
512 2 16 15 0.007789 00000000000000000000000000000000
512 2 16 16 0.008193 22222222222222222222222222222222
512 2 16 17 0.007996 22222222220000000000000000000000
512 2 16 18 0.007952 22222222222222222222222222222222
512 2 16 19 0.007766 22222200000000000000000000000000
512 2 16 20 0.008149 22222222222222222222222222222222
512 2 16 21 0.007933 22222222222222222222222200000000
512 2 16 22 0.007858 22222222222222222222222222222222
512 2 16 23 0.007863 22222222222222222220000000000000
512 2 16 24 0.008383 00000000000000000000000000000000
512 2 16 25 0.008119 22222222222222222222222222222222
512 2 16 26 0.007964 22222222222222222222222222222222
512 2 16 27 0.008376 00000000000000000000000000000000
512 2 16 28 0.007949 22222222222222222222222222000000
512 2 16 29 0.007996 00000000000000000000000000000000
512 2 16 30 0.007843 22222222222222222222222222222222
512 2 16 31 0.008005 22222222222222222222222222000000
512 2 16 32 0.008177 22222222222222220000000000000000
512 2 16 33 0.007800 22222222222200000000000000000000
512 2 16 34 0.008009 00000000000000000000000000000000
512 2 16 35 0.008631 00000000000000000000000000000000
512 2 16 36 0.008202 00000000000000000000000000000000
512 2 16 37 0.007877 22222200000000000000000000000000
512 2 16 38 0.007771 20000000000000000000000000000000
512 2 16 39 0.008081 22222222222222222222222222222222
512 2 16 40 0.007853 22222222222222222220000000000000
512 2 16 41 0.007975 00000000000000000000000000000000
512 2 16 42 0.008051 00000000000000000000000000000000
512 2 16 43 0.008039 22222222222222222222222200000000
512 2 16 44 0.008353 00000000000000000000000000000000
512 2 16 45 0.008066 00000000000000000000000000000000
512 2 16 46 0.008190 22222222222222222222222222222222
512 2 16 47 0.007871 22222222222222000000000000000000
512 2 16 48 0.008294 22222222222222222222222222222222
512 2 16 49 0.007972 22222222222222222222222222222222
512 2 16 50 0.008080 22222222222222222222222222222222
512 2 16 51 0.007905 00000000000000000000000000000000
512 2 16 52 0.007879 22222222222222222222222222222222
512 2 16 53 0.008151 22222222222222222222222222222222
512 2 16 54 0.007973 22222222222222200000000000000000
512 2 16 55 0.007949 00000000000000000000000000000000
512 2 16 56 0.007985 22222222222222222222222222222222
512 2 16 57 0.007938 22000000000000000000000000000000
512 2 16 58 0.007872 22222222222222222222222222222222
512 2 16 59 0.008075 22222222222222222222222222222222
512 2 16 60 0.007960 22222222222222222222222222222222
512 2 16 61 0.007778 22222000000000000000000000000000
512 2 16 62 0.008152 00000000000000000000000000000000
512 2 16 63 0.008012 00000000000000000000000000000000
512 2 16 64 0.008278 22222222222222222222222222222222
512 2 16 65 0.008040 22222222222222222222222222222222
512 2 16 66 0.007900 22222222222222222222222222222222
512 2 16 67 0.008082 22222222222222222222222222222222
512 2 16 68 0.007928 22222222222222222222222222222222
512 2 16 69 0.008041 22222222200000000000000000000000
512 2 16 70 0.008245 22222222222222222220000000000000
512 2 16 71 0.008118 00000000000000000000000000000000
512 2 16 72 0.007948 22222222222222222222222222222222
512 2 16 73 0.008089 00000000000000000000000000000000
512 2 16 74 0.007689 22222222222222222222222222222222
512 2 16 75 0.008091 22222222222222222222222222222222
512 2 16 76 0.008035 22222222222222222222222222222222
512 2 16 77 0.007974 00000000000000000000000000000000
512 2 16 78 0.008512 22222222222222222222222222222222
512 2 16 79 0.008040 22222222222222222222222222222222
512 2 16 80 0.008027 22222222222222220000000000000000
512 2 16 81 0.008115 00000000000000000000000000000000
512 2 16 82 0.007983 22222222222222222222222222222222
512 2 16 83 0.007971 22220000000000000000000000000000
512 2 16 84 0.008323 22222222222222222222222222222222
512 2 16 85 0.008047 00000000000000000000000000000000
512 2 16 86 0.007968 22222222222222222222222222222222
512 2 16 87 0.008153 22222222222222222222222222222222
512 2 16 88 0.008131 22222222222222222222222222222222
512 2 16 89 0.008035 22222222222222222222222222222222
512 2 16 90 0.008061 22222222222222222222222222222222
512 2 16 91 0.008094 22222222222222222222222222222222
512 2 16 92 0.008075 22222222200000000000000000000000
512 2 16 93 0.007932 22200000000000000000000000000000
512 2 16 94 0.008197 00000000000000000000000000000000
512 2 16 95 0.008119 00000000000000000000000000000000
512 2 16 96 0.007844 22222222222222222222222222222222
512 2 16 97 0.008323 22222222222222222222222222222222
512 2 16 98 0.007967 00000000000000000000000000000000
512 2 16 99 0.008334 22222222222220000000000000000000
512 2 32 0 0.007919 2222222222000000
512 2 32 1 0.008151 2222222222222222
512 2 32 2 0.008244 2222222222222222
512 2 32 3 0.008148 0000000000000000
512 2 32 4 0.007983 2000000000000000
512 2 32 5 0.008314 0000000000000000
512 2 32 6 0.008002 2222220000000000
512 2 32 7 0.007998 2222000000000000
512 2 32 8 0.008145 0000000000000000
512 2 32 9 0.008180 2222222222222222
512 2 32 10 0.008057 2200000000000000
512 2 32 11 0.008299 2222222222222222
512 2 32 12 0.007946 0000000000000000
512 2 32 13 0.008039 2222200000000000
512 2 32 14 0.008198 2222222222222222
512 2 32 15 0.007908 0000000000000000
512 2 32 16 0.008164 2222222222222222
512 2 32 17 0.008321 2222200000000000
512 2 32 18 0.007992 2222222222222222
512 2 32 19 0.007868 2220000000000000
512 2 32 20 0.008763 2222222222222222
512 2 32 21 0.008208 2222222222220000
512 2 32 22 0.007925 2222222222222222
512 2 32 23 0.007903 2222222220000000
512 2 32 24 0.008362 0000000000000000
512 2 32 25 0.007960 2222222222222222
512 2 32 26 0.008312 2222222222222222
512 2 32 27 0.008141 0000000000000000
512 2 32 28 0.008038 2222222222222000
512 2 32 29 0.008040 0000000000000000
512 2 32 30 0.007928 2222222222222222
512 2 32 31 0.008060 2222222222222000
512 2 32 32 0.008244 2222222200000000
512 2 32 33 0.007872 2222220000000000
512 2 32 34 0.008072 0000000000000000
512 2 32 35 0.008141 0000000000000000
512 2 32 36 0.008161 0000000000000000
512 2 32 37 0.007974 2220000000000000
512 2 32 38 0.007763 0000000000000000
512 2 32 39 0.008197 2222222222222222
512 2 32 40 0.007843 2222222220000000
512 2 32 41 0.008049 0000000000000000
512 2 32 42 0.008324 0000000000000000
512 2 32 43 0.008094 2222222222220000
512 2 32 44 0.008614 0000000000000000
512 2 32 45 0.008058 0000000000000000
512 2 32 46 0.008375 2222222222222222
512 2 32 47 0.007946 2222222000000000
512 2 32 48 0.008303 2222222222222222
512 2 32 49 0.008144 2222222222222222
512 2 32 50 0.008049 2222222222222222
512 2 32 51 0.007932 0000000000000000
512 2 32 52 0.008028 2222222222222222
512 2 32 53 0.008145 2222222222222222
512 2 32 54 0.007994 2222222000000000
512 2 32 55 0.007969 0000000000000000
512 2 32 56 0.008120 2222222222222222
512 2 32 57 0.008012 2000000000000000
512 2 32 58 0.008015 2222222222222222
512 2 32 59 0.008068 2222222222222222
512 2 32 60 0.008168 2222222222222222
512 2 32 61 0.007854 2200000000000000
512 2 32 62 0.008647 0000000000000000
512 2 32 63 0.008136 0000000000000000
512 2 32 64 0.008382 2222222222222222
512 2 32 65 0.008104 2222222222222222
512 2 32 66 0.007953 2222222222222222
512 2 32 67 0.008200 2222222222222222
512 2 32 68 0.007998 2222222222222222
512 2 32 69 0.008313 2222000000000000
512 2 32 70 0.008086 2222222220000000
512 2 32 71 0.008323 0000000000000000
512 2 32 72 0.007989 2222222222222222
512 2 32 73 0.008052 0000000000000000
512 2 32 74 0.007759 2222222222222222
512 2 32 75 0.008244 2222222222222222
512 2 32 76 0.008075 2222222222222222
512 2 32 77 0.007963 0000000000000000
512 2 32 78 0.008187 2222222222222222
512 2 32 79 0.008201 2222222222222222
512 2 32 80 0.007972 2222222200000000
512 2 32 81 0.008085 0000000000000000
512 2 32 82 0.008318 2222222222222222
512 2 32 83 0.008012 2200000000000000
512 2 32 84 0.008412 2222222222222222
512 2 32 85 0.008120 0000000000000000
512 2 32 86 0.008057 2222222222222222
512 2 32 87 0.008265 2222222222222222
512 2 32 88 0.008258 2222222222222222
512 2 32 89 0.008049 2222222222222222
512 2 32 90 0.008326 2222222222222222
512 2 32 91 0.008020 2222222222222222
512 2 32 92 0.008256 2222000000000000
512 2 32 93 0.008040 2000000000000000
512 2 32 94 0.008083 0000000000000000
512 2 32 95 0.008329 0000000000000000
512 2 32 96 0.007929 2222222222222222
512 2 32 97 0.008154 2222222222222222
512 2 32 98 0.008029 0000000000000000
512 2 32 99 0.008190 2222220000000000
512 4 8 0 0.013116 2222222222222222222222222222222222222222222222222222222222222222
512 4 8 1 0.013685 2222222222222222222222222222222222222222222222222222222222222222
512 4 8 2 0.013898 2222222222222222222222222222222222222222222222222222222222222222
512 4 8 3 0.013483 0000000000000000000000000000000000000000000000000000000000000000
512 4 8 4 0.012829 2222222222222222222222222222222222222222222222222222222222222222
512 4 8 5 0.013150 0000000000000000000000000000000000000000000000000000000000000000
512 4 8 6 0.013405 2222222222222222222222222222222222222222222222222222222222222222
512 4 8 7 0.013143 2222222222222222222222222222222222222222222222222222222222222222
512 4 8 8 0.013012 0000000000000000000000000000000000000000000000000000000000000000
512 4 8 9 0.014047 2222222222222222222222222222222222222222222222222222222222222222
512 4 8 10 0.013636 2222222222222222222222222222222222222222222222222222222222222222
512 4 8 11 0.013528 2222222222222222222222222222222222222222222222222222222222222222
512 4 8 12 0.012829 0000000000000000000000000000000000000000000000000000000000000000
512 4 8 13 0.013807 2222222222222222222222222222222222222222222222222222222222222222
512 4 8 14 0.013727 2222222222222222222222222222222222222222222222222222222222222222
512 4 8 15 0.013015 0000000000000000000000000000000000000000000000000000000000000000
512 4 8 16 0.013642 2222222222222222222222222222222222222222222222222222222222222222
512 4 8 17 0.013412 2222222222222222222222222222222222222222222222222222222222222222
512 4 8 18 0.013011 2222222222222222222222222222222222222222222222222222222222222222
512 4 8 19 0.012410 2222222222222222222222222222222222222222222222222222222222222222
512 4 8 20 0.013726 2222222222222222222222222222222222222222222222222222222222222222
512 4 8 21 0.013098 2222222222222222222222222222222222222222222222222222222222222222
512 4 8 22 0.013115 2222222222222222222222222222222222222222222222222222222222222222
512 4 8 23 0.012676 2222222222222222222222222222222222222222222222222222222222222222
512 4 8 24 0.014157 0000000000000000000000000000000000000000000000000000000000000000
512 4 8 25 0.013212 2222222222222222222222222222222222222222222222222222222222222222
512 4 8 26 0.013177 2222222222222222222222222222222222222222222222222222222222222222
512 4 8 27 0.013750 0000000000000000000000000000000000000000000000000000000000000000
512 4 8 28 0.013266 2222222222222222222222222222222222222222222222222222222222222222
512 4 8 29 0.012925 0000000000000000000000000000000000000000000000000000000000000000
512 4 8 30 0.012494 2222222222222222222222222222222222222222222222222222222222222222
512 4 8 31 0.013449 2222222222222222222222222222222222222222222222222222222222222222
512 4 8 32 0.013777 2222222222222222222222222222222222222222222222222222222222222222
512 4 8 33 0.012605 2222222222222222222222222222222222222222222222222222222222222222
512 4 8 34 0.013311 0000000000000000000000000000000000000000000000000000000000000000
512 4 8 35 0.013686 0000000000000000000000000000000000000000000000000000000000000000
512 4 8 36 0.013580 0000000000000000000000000000000000000000000000000000000000000000
512 4 8 37 0.013130 2222222222222222222222222222222222222222222222222222222222222222
512 4 8 38 0.012184 2222222222222222222222222222222222222222222222222222222222222222
512 4 8 39 0.013603 2222222222222222222222222222222222222222222222222222222222222222
512 4 8 40 0.012711 2222222222222222222222222222222222222222222222222222222222222222
512 4 8 41 0.012990 0000000000000000000000000000000000000000000000000000000000000000
512 4 8 42 0.013755 0000000000000000000000000000000000000000000000000000000000000000
512 4 8 43 0.013455 2222222222222222222222222222222222222222222222222222222222222222
512 4 8 44 0.014915 0000000000000000000000000000000000000000000000000000000000000000
512 4 8 45 0.013335 0000000000000000000000000000000000000000000000000000000000000000
512 4 8 46 0.013962 2222222222222222222222222222222222222222222222222222222222222222
512 4 8 47 0.013471 2222222222222222222222222222222222222222222222222222222222222222
512 4 8 48 0.014347 2222222222222222222222222222222222222222222222222222222222222222
512 4 8 49 0.013185 1222222222222222222222222222222222222222222222222222222222222222
512 4 8 50 0.013167 2222222222222222222222222222222222222222222222222222222222222222
512 4 8 51 0.013313 0000000000000000000000000000000000000000000000000000000000000000
512 4 8 52 0.013595 2222222222222222222222222222222222222222222222222222222222222222
512 4 8 53 0.013942 2222222222222222222222222222222222222222222222222222222222222222
512 4 8 54 0.013425 2222222222222222222222222222222222222222222222222222222222222222
512 4 8 55 0.013151 0000000000000000000000000000000000000000000000000000000000000000
512 4 8 56 0.013063 2222222222222222222222222222222222222222222222222222222222222222
512 4 8 57 0.013282 2222222222222222222222222222222222222222222222222222222222222222
512 4 8 58 0.012765 2222222222222222222222222222222222222222222222222222222222222222
512 4 8 59 0.013644 2222222222222222222222222222222222222222222222222222222222222222
512 4 8 60 0.013342 2222222222222222222222222222222222222222222222222222222222222222
512 4 8 61 0.012597 2222222222222222222222222222222222222222222222222222222222222222
512 4 8 62 0.012942 0000000000000000000000000000000000000000000000000000000000000000
512 4 8 63 0.013417 0000000000000000000000000000000000000000000000000000000000000000
512 4 8 64 0.014183 2222222222222222222222222222222222222222222222222222222222222222
512 4 8 65 0.013687 2222222222222222222222222222222222222222222222222222222222222222
512 4 8 66 0.013211 2222222222222222222222222222222222222222222222222222222222222222
512 4 8 67 0.013963 2222222222222222222222222222222222222222222222222222222222222222
512 4 8 68 0.013135 2222222222222222222222222222222222222222222222222222222222222222
512 4 8 69 0.014239 2222222222222222222222222222222222222222222222222222222222222222
512 4 8 70 0.013424 2222222222222222222222222222222222222222222222222222222222222222
512 4 8 71 0.013764 0000000000000000000000000000000000000000000000000000000000000000
512 4 8 72 0.013317 2222222222222222222222222222222222222222222222222222222222222222
512 4 8 73 0.013424 0000000000000000000000000000000000000000000000000000000000000000
512 4 8 74 0.012433 2222222222222222222222222222222222222222222222222222222222222222
512 4 8 75 0.013741 2222222222222222222222222222222222222222222222222222222222222222
512 4 8 76 0.013601 2222222222222222222222222222222222222222222222222222222222222222
512 4 8 77 0.013156 0000000000000000000000000000000000000000000000000000000000000000
512 4 8 78 0.013925 2222222222222222222222222222222222222222222222222222222222222222
512 4 8 79 0.013497 2222222222222222222222222222222222222222222222222222222222222222
512 4 8 80 0.012921 2222222222222222222222222222222222222222222222222222222222222222
512 4 8 81 0.013519 0000000000000000000000000000000000000000000000000000000000000000
512 4 8 82 0.013268 2222222222222222222222222222222222222222222222222222222222222222
512 4 8 83 0.013367 2222222222222222222222222222222222222222222222222222222222222222
512 4 8 84 0.014164 2222222222222222222222222222222222222222222222222222222222222222
512 4 8 85 0.013605 0000000000000000000000000000000000000000000000000000000000000000
512 4 8 86 0.013200 2222222222222222222222222222222222222222222222222222222222222222
512 4 8 87 0.013853 2222222222222222222222222222222222222222222222222222222222222222
512 4 8 88 0.013712 2222222222222222222222222222222222222222222222222222222222222222
512 4 8 89 0.013177 2222222222222222222222222222222222222222222222222222222222222222
512 4 8 90 0.013743 2222222222222222222222222222222222222222222222222222222222222222
512 4 8 91 0.013584 2222222222222222222222222222222222222222222222222222222222222222
512 4 8 92 0.013709 2222222222222222222222222222222222222222222222222222222222222222
512 4 8 93 0.013577 2222222222222222222222222222222222222222222222222222222222222222
512 4 8 94 0.013264 0000000000000000000000000000000000000000000000000000000000000000
512 4 8 95 0.013355 0000000000000000000000000000000000000000000000000000000000000000
512 4 8 96 0.012892 2222222222222222222222222222222222222222222222222222222222222222
512 4 8 97 0.013344 2222222222222222222222222222222222222222222222222222222222222222
512 4 8 98 0.013391 0000000000000000000000000000000000000000000000000000000000000000
512 4 8 99 0.014116 2222222222222222222222222222222222222222222222222222222222222222
512 4 16 0 0.012801 22222222222222222222222222222222
512 4 16 1 0.013232 22222222222222222222222222222222
512 4 16 2 0.013393 22222222222222222222222222222222
512 4 16 3 0.013256 00000000000000000000000000000000
512 4 16 4 0.012470 22222222222222222222222222222222
512 4 16 5 0.012998 00000000000000000000000000000000
512 4 16 6 0.012763 22222222222222222222222222222222
512 4 16 7 0.012736 22222222222222222222222222222222
512 4 16 8 0.012837 00000000000000000000000000000000
512 4 16 9 0.013788 22222222222222222222222222222222
512 4 16 10 0.013220 22222222222222222222222222222222
512 4 16 11 0.013199 22222222222222222222222222222222
512 4 16 12 0.012755 00000000000000000000000000000000
512 4 16 13 0.012916 22222222222222222222222222222222
512 4 16 14 0.013179 22222222222222222222222222222222
512 4 16 15 0.012987 00000000000000000000000000000000
512 4 16 16 0.013336 22222222222222222222222222222222
512 4 16 17 0.013011 22222222222222222222222222222222
512 4 16 18 0.012676 22222222222222222222222222222222
512 4 16 19 0.012126 22222222222222222222222222222222
512 4 16 20 0.013251 22222222222222222222222222222222
512 4 16 21 0.012990 22222222222222222222222222222222
512 4 16 22 0.012641 22222222222222222222222222222222
512 4 16 23 0.012220 22222222222222222222222222222222
512 4 16 24 0.013766 00000000000000000000000000000000
512 4 16 25 0.012613 22222222222222222222222222222222
512 4 16 26 0.012951 22222222222222222222222222222222
512 4 16 27 0.013119 00000000000000000000000000000000
512 4 16 28 0.012857 22222222222222222222222222222222
512 4 16 29 0.012665 00000000000000000000000000000000
512 4 16 30 0.012499 22222222222222222222222222222222
512 4 16 31 0.013126 22222222222222222222222222222222
512 4 16 32 0.013913 22222222222222222222222222222222
512 4 16 33 0.012391 22222222222222222222222222222222
512 4 16 34 0.013060 00000000000000000000000000000000
512 4 16 35 0.013233 00000000000000000000000000000000
512 4 16 36 0.013065 00000000000000000000000000000000
512 4 16 37 0.012762 22222222222222222222222222222222
512 4 16 38 0.011922 22222222222222222222222222222222
512 4 16 39 0.013316 22222222222222222222222222222222
512 4 16 40 0.012531 22222222222222222222222222222222
512 4 16 41 0.012679 00000000000000000000000000000000
512 4 16 42 0.013383 00000000000000000000000000000000
512 4 16 43 0.012921 22222222222222222222222222222222
512 4 16 44 0.014191 00000000000000000000000000000000
512 4 16 45 0.012978 00000000000000000000000000000000
512 4 16 46 0.013641 22222222222222222222222222222222
512 4 16 47 0.012768 22222222222222222222222222222222
512 4 16 48 0.013668 22222222222222222222222222222222
512 4 16 49 0.012859 22222222222222222222222222222222
512 4 16 50 0.012703 22222222222222222222222222222222
512 4 16 51 0.012770 00000000000000000000000000000000
512 4 16 52 0.012784 22222222222222222222222222222222
512 4 16 53 0.013383 22222222222222222222222222222222
512 4 16 54 0.012929 22222222222222222222222222222222
512 4 16 55 0.012848 00000000000000000000000000000000
512 4 16 56 0.012844 22222222222222222222222222222222
512 4 16 57 0.012633 22222222222222222222222222222222
512 4 16 58 0.012455 22222222222222222222222222222222
512 4 16 59 0.013247 22222222222222222222222222222222
512 4 16 60 0.012836 22222222222222222222222222222222
512 4 16 61 0.012302 22222222222222222222222222222222
512 4 16 62 0.012718 00000000000000000000000000000000
512 4 16 63 0.012978 00000000000000000000000000000000
512 4 16 64 0.013653 22222222222222222222222222222222
512 4 16 65 0.013058 22222222222222222222222222222222
512 4 16 66 0.012713 22222222222222222222222222222222
512 4 16 67 0.012998 22222222222222222222222222222222
512 4 16 68 0.012736 22222222222222222222222222222222
512 4 16 69 0.013475 22222222222222222222222222222222
512 4 16 70 0.013582 22222222222222222222222222222222
512 4 16 71 0.013439 00000000000000000000000000000000
512 4 16 72 0.012879 22222222222222222222222222222222
512 4 16 73 0.013038 00000000000000000000000000000000
512 4 16 74 0.012342 22222222222222222222222222222222
512 4 16 75 0.013143 22222222222222222222222222222222
512 4 16 76 0.013230 22222222222222222222222222222222
512 4 16 77 0.012771 00000000000000000000000000000000
512 4 16 78 0.013365 22222222222222222222222222222222
512 4 16 79 0.013416 22222222222222222222222222222222
512 4 16 80 0.012710 22222222222222222222222222222222
512 4 16 81 0.013408 00000000000000000000000000000000
512 4 16 82 0.012919 22222222222222222222222222222222
512 4 16 83 0.013389 22222222222222222222222222222222
512 4 16 84 0.013785 22222222222222222222222222222222
512 4 16 85 0.012949 00000000000000000000000000000000
512 4 16 86 0.012891 22222222222222222222222222222222
512 4 16 87 0.013663 22222222222222222222222222222222
512 4 16 88 0.013539 22222222222222222222222222222222
512 4 16 89 0.013241 22222222222222222222222222222222
512 4 16 90 0.013573 22222222222222222222222222222222
512 4 16 91 0.013895 22222222222222222222222222222222
512 4 16 92 0.013638 22222222222222222222222222222222
512 4 16 93 0.013161 22222222222222222222222222222222
512 4 16 94 0.013027 00000000000000000000000000000000
512 4 16 95 0.013160 00000000000000000000000000000000
512 4 16 96 0.012766 22222222222222222222222222222222
512 4 16 97 0.013311 22222222222222222222222222222222
512 4 16 98 0.012769 00000000000000000000000000000000
512 4 16 99 0.013305 22222222222222222222222222222222
512 4 32 0 0.012908 2222222222222222
512 4 32 1 0.013542 2222222222222222
512 4 32 2 0.013519 2222222222222222
512 4 32 3 0.013223 0000000000000000
512 4 32 4 0.013148 2222222222222222
512 4 32 5 0.013168 0000000000000000
512 4 32 6 0.013014 2222222222222222
512 4 32 7 0.012896 2222222222222222
512 4 32 8 0.012902 0000000000000000
512 4 32 9 0.013691 2222222222222222
512 4 32 10 0.013513 2222222222222222
512 4 32 11 0.013322 2222222222222222
512 4 32 12 0.012671 0000000000000000
512 4 32 13 0.013141 2222222222222222
512 4 32 14 0.013625 2222222222222222
512 4 32 15 0.013186 0000000000000000
512 4 32 16 0.013564 2222222222222222
512 4 32 17 0.013163 2222222222222222
512 4 32 18 0.012957 2222222222222222
512 4 32 19 0.012302 2222222222222222
512 4 32 20 0.013284 2222222222222222
512 4 32 21 0.012897 2222222222222222
512 4 32 22 0.013237 2222222222222222
512 4 32 23 0.012435 2222222222222222
512 4 32 24 0.013826 0000000000000000
512 4 32 25 0.012958 2222222222222222
512 4 32 26 0.013115 2222222222222222
512 4 32 27 0.013530 0000000000000000
512 4 32 28 0.012908 2222222222222222
512 4 32 29 0.012922 0000000000000000
512 4 32 30 0.012423 2222222222222222
512 4 32 31 0.013266 2222222222222222
512 4 32 32 0.013625 2222222222222222
512 4 32 33 0.012483 2222222222222222
512 4 32 34 0.013088 0000000000000000
512 4 32 35 0.013547 0000000000000000
512 4 32 36 0.013442 0000000000000000
512 4 32 37 0.013335 2222222222222222
512 4 32 38 0.012110 2222222222222222
512 4 32 39 0.013440 2222222222222222
512 4 32 40 0.012912 2222222222222222
512 4 32 41 0.012915 0000000000000000
512 4 32 42 0.013604 0000000000000000
512 4 32 43 0.013294 2222222222222222
512 4 32 44 0.014544 0000000000000000
512 4 32 45 0.013150 0000000000000000
512 4 32 46 0.013766 2222222222222222
512 4 32 47 0.013067 2222222222222222
512 4 32 48 0.013957 2222222222222222
512 4 32 49 0.012987 2222222222222222
512 4 32 50 0.013146 2222222222222222
512 4 32 51 0.013264 0000000000000000
512 4 32 52 0.013021 2222222222222222
512 4 32 53 0.013124 2222222222222222
512 4 32 54 0.012946 2222222222222222
512 4 32 55 0.013147 0000000000000000
512 4 32 56 0.012854 2222222222222222
512 4 32 57 0.012958 2222222222222222
512 4 32 58 0.012605 2222222222222222
512 4 32 59 0.013285 2222222222222222
512 4 32 60 0.013266 2222222222222222
512 4 32 61 0.012402 2222222222222222
512 4 32 62 0.012953 0000000000000000
512 4 32 63 0.013350 0000000000000000
512 4 32 64 0.013944 2222222222222222
512 4 32 65 0.013595 2222222222222222
512 4 32 66 0.013022 2222222222222222
512 4 32 67 0.013231 2222222222222222
512 4 32 68 0.012970 2222222222222222
512 4 32 69 0.013714 2222222222222222
512 4 32 70 0.013642 2222222222222222
512 4 32 71 0.013589 0000000000000000
512 4 32 72 0.013131 2222222222222222
512 4 32 73 0.013087 0000000000000000
512 4 32 74 0.012416 2222222222222222
512 4 32 75 0.013286 2222222222222222
512 4 32 76 0.013425 2222222222222222
512 4 32 77 0.013113 0000000000000000
512 4 32 78 0.013543 2222222222222222
512 4 32 79 0.013442 2222222222222222
512 4 32 80 0.012765 2222222222222222
512 4 32 81 0.013552 0000000000000000
512 4 32 82 0.013360 2222222222222222
512 4 32 83 0.013026 2222222222222222
512 4 32 84 0.013995 2222222222222222
512 4 32 85 0.013192 0000000000000000
512 4 32 86 0.013056 2222222222222222
512 4 32 87 0.013699 2222222222222222
512 4 32 88 0.013757 2222222222222222
512 4 32 89 0.013258 2222222222222222
512 4 32 90 0.013566 2222222222222222
512 4 32 91 0.013631 2222222222222222
512 4 32 92 0.014012 2222222222222222
512 4 32 93 0.013088 2222222222222222
512 4 32 94 0.013013 0000000000000000
512 4 32 95 0.013203 0000000000000000
512 4 32 96 0.012825 2222222222222222
512 4 32 97 0.013263 2222222222222222
512 4 32 98 0.013035 0000000000000000
512 4 32 99 0.013649 2222222222222222
512 8 16 0 0.027756 22222222222222222222222222222222
512 8 16 1 0.030035 22222222222222222222222222222222
512 8 16 2 0.030169 22222222222222222222222222222222
512 8 16 3 0.029611 00000000000000000000000000000000
512 8 16 4 0.028637 22222222222222222222222222222222
512 8 16 5 0.029333 00000000000000000000000000000000
512 8 16 6 0.028525 22222222222222222222222222222222
512 8 16 7 0.029474 22222222222222222222222222222222
512 8 16 8 0.030616 00000000000000000000000000000000
512 8 16 9 0.030835 22222222222222222222222222222222
512 8 16 10 0.030011 22222222222222222222222222222222
512 8 16 11 0.029008 22222222222222222222222222222222
512 8 16 12 0.028330 00000000000000000000000000000000
512 8 16 13 0.029689 22222222222222222222222222222222
512 8 16 14 0.031647 22222222222222222222222222222222
512 8 16 15 0.028274 00000000000000000000000000000000
512 8 16 16 0.030928 22222222222222222222222222222222
512 8 16 17 0.028744 22222222222222222222222222222222
512 8 16 18 0.028936 22222222222222222222222222222222
512 8 16 19 0.026473 22222222222222222222222222222222
512 8 16 20 0.030890 22222222222222222222222222222222
512 8 16 21 0.028562 22222222222222222222222222222222
512 8 16 22 0.029338 22222222222222222222222222222222
512 8 16 23 0.028514 22222222222222222222222222222222
512 8 16 24 0.030980 00000000000000000000000000000000
512 8 16 25 0.028867 22222222222222222222222222222222
512 8 16 26 0.030263 22222222222222222222222222222222
512 8 16 27 0.030720 00000000000000000000000000000000
512 8 16 28 0.029208 22222222222222222222222222222222
512 8 16 29 0.028702 00000000000000000000000000000000
512 8 16 30 0.026994 22222222222222222222222222222222
512 8 16 31 0.030188 22222222222222222222222222222222
512 8 16 32 0.030908 22222222222222222222222222222222
512 8 16 33 0.026926 22222222222222222222222222222222
512 8 16 34 0.029302 00000000000000000000000000000000
512 8 16 35 0.030687 00000000000000000000000000000000
512 8 16 36 0.030455 00000000000000000000000000000000
512 8 16 37 0.030038 22222222222222222222222222222222
512 8 16 38 0.025273 22222222222222222222222222222222
512 8 16 39 0.029744 22222222222222222222222222222222
512 8 16 40 0.027674 22222222222222222222222222222222
512 8 16 41 0.029966 00000000000000000000000000000000
512 8 16 42 0.029888 00000000000000000000000000000000
512 8 16 43 0.029374 22222222222222222222222222222222
512 8 16 44 0.034171 00000000000000000000000000000000
512 8 16 45 0.029363 00000000000000000000000000000000
512 8 16 46 0.032081 22222222222222222222222222222222
512 8 16 47 0.028479 22222222222222222222222222222222
512 8 16 48 0.032359 22222222222222222222222222222222
512 8 16 49 0.028816 22222222222222222222222222222222
512 8 16 50 0.028658 22222222222222222222222222222222
512 8 16 51 0.029040 00000000000000000000000000000000
512 8 16 52 0.030555 22222222222222222222222222222222
512 8 16 53 0.029626 22222222222222222222222222222222
512 8 16 54 0.029547 22222222222222222222222222222222
512 8 16 55 0.029796 00000000000000000000000000000000
512 8 16 56 0.028423 22222222222222222222222222222222
512 8 16 57 0.029230 22222222222222222222222222222222
512 8 16 58 0.027778 22222222222222222222222222222222
512 8 16 59 0.030966 22222222222222222222222222222222
512 8 16 60 0.028494 22222222222222222222222222222222
512 8 16 61 0.026950 22222222222222222222222222222222
512 8 16 62 0.028464 00000000000000000000000000000000
512 8 16 63 0.030262 00000000000000000000000000000000
512 8 16 64 0.032429 22222222222222222222222222222222
512 8 16 65 0.029653 22222222222222222222222222222222
512 8 16 66 0.028956 22222222222222222222222222222222
512 8 16 67 0.029910 22222222222222222222222222222222
512 8 16 68 0.028590 22222222222222222222222222222222
512 8 16 69 0.032223 22222222222222222222222222222222
512 8 16 70 0.031585 22222222222222222222222222222222
512 8 16 71 0.030633 00000000000000000000000000000000
512 8 16 72 0.028525 22222222222222222222222222222222
512 8 16 73 0.029530 00000000000000000000000000000000
512 8 16 74 0.027328 22222222222222222222222222222222
512 8 16 75 0.029446 22222222222222222222222222222222
512 8 16 76 0.030360 22222222222222222222222222222222
512 8 16 77 0.029053 00000000000000000000000000000000
512 8 16 78 0.032552 22222222222222222222222222222222
512 8 16 79 0.030181 22222222222222222222222222222222
512 8 16 80 0.028342 22222222222222222222222222222222
512 8 16 81 0.029242 00000000000000000000000000000000
512 8 16 82 0.030277 22222222222222222222222222222222
512 8 16 83 0.029492 22222222222222222222222222222222
512 8 16 84 0.031917 22222222222222222222222222222222
512 8 16 85 0.028919 00000000000000000000000000000000
512 8 16 86 0.030124 22222222222222222222222222222222
512 8 16 87 0.030623 22222222222222222222222222222222
512 8 16 88 0.030587 22222222222222222222222222222222
512 8 16 89 0.029004 22222222222222222222222222222222
512 8 16 90 0.029135 22222222222222222222222222222222
512 8 16 91 0.030440 22222222222222222222222222222222
512 8 16 92 0.032021 22222222222222222222222222222222
512 8 16 93 0.030025 22222222222222222222222222222222
512 8 16 94 0.030480 00000000000000000000000000000000
512 8 16 95 0.029756 00000000000000000000000000000000
512 8 16 96 0.027592 22222222222222222222222222222222
512 8 16 97 0.030562 22222222222222222222222222222222
512 8 16 98 0.028600 00000000000000000000000000000000
512 8 16 99 0.030734 22222222222222222222222222222222
512 8 32 0 0.029654 2222222222222222
512 8 32 1 0.031061 2222222222222222
512 8 32 2 0.031156 2222222222222222
512 8 32 3 0.029405 0000000000000000
512 8 32 4 0.028434 2222222222222222
512 8 32 5 0.028839 0000000000000000
512 8 32 6 0.029280 2222222222222222
512 8 32 7 0.029386 2222222222222222
512 8 32 8 0.029747 0000000000000000
512 8 32 9 0.032547 2222222222222222
512 8 32 10 0.030234 2222222222222222
512 8 32 11 0.029910 2222222222222222
512 8 32 12 0.029369 0000000000000000
512 8 32 13 0.030308 2222222222222222
512 8 32 14 0.031416 2222222222222222
512 8 32 15 0.029272 0000000000000000
512 8 32 16 0.031031 2222222222222222
512 8 32 17 0.029711 2222222222222222
512 8 32 18 0.028778 2222222222222222
512 8 32 19 0.026851 2222222222222222
512 8 32 20 0.030807 2222222222222222
512 8 32 21 0.028644 2222222222222222
512 8 32 22 0.030805 2222222222222222
512 8 32 23 0.027382 2222222222222222
512 8 32 24 0.032188 0000000000000000
512 8 32 25 0.028905 2222222222222222
512 8 32 26 0.028912 2222222222222222
512 8 32 27 0.030089 0000000000000000
512 8 32 28 0.030555 2222222222222222
512 8 32 29 0.028234 0000000000000000
512 8 32 30 0.027666 2222222222222222
512 8 32 31 0.028886 2222222222222222
512 8 32 32 0.031682 2222222222222222
512 8 32 33 0.028331 2222222222222222
512 8 32 34 0.030418 0000000000000000
512 8 32 35 0.030203 0000000000000000
512 8 32 36 0.030674 0000000000000000
512 8 32 37 0.029385 2222222222222222
512 8 32 38 0.025496 2222222222222222
512 8 32 39 0.030176 2222222222222222
512 8 32 40 0.027215 2222222222222222
512 8 32 41 0.029052 0000000000000000
512 8 32 42 0.030473 0000000000000000
512 8 32 43 0.030941 2222222222222222
512 8 32 44 0.034143 0000000000000000
512 8 32 45 0.030364 0000000000000000
512 8 32 46 0.032216 2222222222222222
512 8 32 47 0.028595 2222222222222222
512 8 32 48 0.033569 2222222222222222
512 8 32 49 0.028814 2222222222222222
512 8 32 50 0.029204 2222222222222222
512 8 32 51 0.029135 0000000000000000
512 8 32 52 0.030721 2222222222222222
512 8 32 53 0.029820 2222222222222222
512 8 32 54 0.029178 2222222222222222
512 8 32 55 0.028646 0000000000000000
512 8 32 56 0.028626 2222222222222222
512 8 32 57 0.028740 2222222222222222
512 8 32 58 0.028248 2222222222222222
512 8 32 59 0.030983 2222222222222222
512 8 32 60 0.030302 2222222222222222
512 8 32 61 0.029006 2222222222222222
512 8 32 62 0.028373 0000000000000000
512 8 32 63 0.030087 0000000000000000
512 8 32 64 0.032180 2222222222222222
512 8 32 65 0.029560 2222222222222222
512 8 32 66 0.029636 2222222222222222
512 8 32 67 0.030611 2222222222222222
512 8 32 68 0.029402 2222222222222222
512 8 32 69 0.032658 2222222222222222
512 8 32 70 0.031181 2222222222222222
512 8 32 71 0.031533 0000000000000000
512 8 32 72 0.028921 2222222222222222
512 8 32 73 0.030479 0000000000000000
512 8 32 74 0.027195 2222222222222222
512 8 32 75 0.030975 2222222222222222
512 8 32 76 0.030346 2222222222222222
512 8 32 77 0.031429 0000000000000000
512 8 32 78 0.030896 2222222222222222
512 8 32 79 0.031237 2222222222222222
512 8 32 80 0.028749 2222222222222222
512 8 32 81 0.029997 0000000000000000
512 8 32 82 0.030686 2222222222222222
512 8 32 83 0.028598 2222222222222222
512 8 32 84 0.032784 2222222222222222
512 8 32 85 0.029831 0000000000000000
512 8 32 86 0.029911 2222222222222222
512 8 32 87 0.031333 2222222222222222
512 8 32 88 0.032750 2222222222222222
512 8 32 89 0.030095 2222222222222222
512 8 32 90 0.029286 2222222222222222
512 8 32 91 0.030720 2222222222222222
512 8 32 92 0.031441 2222222222222222
512 8 32 93 0.030500 2222222222222222
512 8 32 94 0.031538 0000000000000000
512 8 32 95 0.029821 0000000000000000
512 8 32 96 0.028792 2222222222222222
512 8 32 97 0.030063 2222222222222222
512 8 32 98 0.029179 0000000000000000
512 8 32 99 0.030902 2222222222222222
