16 2 4 0 0.000088 2222
16 2 4 1 0.000040 1222
16 2 4 2 0.000068 2222
16 2 4 3 0.000061 2222
16 2 4 4 0.000063 2222
16 2 4 5 0.000054 2222
16 2 4 6 0.000069 2122
16 2 4 7 0.000067 2222
16 2 4 8 0.000064 1222
16 2 4 9 0.000044 2222
16 2 4 10 0.000051 0022
16 2 4 11 0.000058 2221
16 2 4 12 0.000050 2222
16 2 4 13 0.000072 2222
16 2 4 14 0.000064 2222
16 2 4 15 0.000063 2222
16 2 4 16 0.000067 2222
16 2 4 17 0.000055 2222
16 2 4 18 0.000065 2222
16 2 4 19 0.000063 2122
16 2 4 20 0.000081 2222
16 2 4 21 0.000079 2222
16 2 4 22 0.000044 2222
16 2 4 23 0.000062 2222
16 2 4 24 0.000051 2221
16 2 4 25 0.000046 1222
16 2 4 26 0.000029 1222
16 2 4 27 0.000060 0222
16 2 4 28 0.000067 2222
16 2 4 29 0.000057 2222
16 2 4 30 0.000055 2222
16 2 4 31 0.000071 2222
16 2 4 32 0.000065 2222
16 2 4 33 0.000031 2222
16 2 4 34 0.000067 2222
16 2 4 35 0.000060 2222
16 2 4 36 0.000047 2222
16 2 4 37 0.000059 2222
16 2 4 38 0.000069 2222
16 2 4 39 0.000053 1222
16 2 4 40 0.000028 2122
16 2 4 41 0.000063 2222
16 2 4 42 0.000045 2222
16 2 4 43 0.000085 2122
16 2 4 44 0.000083 2222
16 2 4 45 0.000048 1222
16 2 4 46 0.000063 2222
16 2 4 47 0.000038 0222
16 2 4 48 0.000065 0222
16 2 4 49 0.000047 1222
16 2 4 50 0.000042 2222
16 2 4 51 0.000089 2222
16 2 4 52 0.000045 2212
16 2 4 53 0.000030 0122
16 2 4 54 0.000060 2212
16 2 4 55 0.000070 2222
16 2 4 56 0.000065 0222
16 2 4 57 0.000045 1222
16 2 4 58 0.000075 2222
16 2 4 59 0.000072 2222
16 2 4 60 0.000085 2122
16 2 4 61 0.000067 2222
16 2 4 62 0.000079 2222
16 2 4 63 0.000059 2222
16 2 4 64 0.000054 2212
16 2 4 65 0.000064 2222
16 2 4 66 0.000064 2212
16 2 4 67 0.000076 2222
16 2 4 68 0.000052 0222
16 2 4 69 0.000038 2212
16 2 4 70 0.000037 2222
16 2 4 71 0.000088 2222
16 2 4 72 0.000100 2212
16 2 4 73 0.000054 2222
16 2 4 74 0.000059 2222
16 2 4 75 0.000031 1222
16 2 4 76 0.000065 0222
16 2 4 77 0.000071 2222
16 2 4 78 0.000064 1222
16 2 4 79 0.000051 2222
16 2 4 80 0.000076 2222
16 2 4 81 0.000070 2222
16 2 4 82 0.000085 2222
16 2 4 83 0.000067 2221
16 2 4 84 0.000071 2222
16 2 4 85 0.000085 2222
16 2 4 86 0.000065 0222
16 2 4 87 0.000060 2122
16 2 4 88 0.000087 2222
16 2 4 89 0.000088 2222
16 2 4 90 0.000060 2222
16 2 4 91 0.000074 2222
16 2 4 92 0.000048 2212
16 2 4 93 0.000088 2212
16 2 4 94 0.000070 1222
16 2 4 95 0.000064 2222
16 2 4 96 0.000065 2222
16 2 4 97 0.000084 2221
16 2 4 98 0.000074 2222
16 2 4 99 0.000094 2222
16 2 8 0 0.000073 22
16 2 8 1 0.000033 22
16 2 8 2 0.000059 22
16 2 8 3 0.000056 22
16 2 8 4 0.000063 22
16 2 8 5 0.000053 22
16 2 8 6 0.000065 12
16 2 8 7 0.000066 22
16 2 8 8 0.000064 22
16 2 8 9 0.000040 22
16 2 8 10 0.000051 02
16 2 8 11 0.000053 21
16 2 8 12 0.000043 22
16 2 8 13 0.000072 22
16 2 8 14 0.000063 22
16 2 8 15 0.000057 22
16 2 8 16 0.000064 22
16 2 8 17 0.000053 22
16 2 8 18 0.000067 22
16 2 8 19 0.000060 12
16 2 8 20 0.000077 22
16 2 8 21 0.000076 22
16 2 8 22 0.000043 22
16 2 8 23 0.000061 22
16 2 8 24 0.000043 21
16 2 8 25 0.000043 22
16 2 8 26 0.000026 22
16 2 8 27 0.000055 22
16 2 8 28 0.000065 22
16 2 8 29 0.000056 22
16 2 8 30 0.000052 22
16 2 8 31 0.000062 22
16 2 8 32 0.000065 22
16 2 8 33 0.000026 22
16 2 8 34 0.000062 22
16 2 8 35 0.000056 22
16 2 8 36 0.000045 22
16 2 8 37 0.000057 22
16 2 8 38 0.000070 22
16 2 8 39 0.000052 22
16 2 8 40 0.000025 12
16 2 8 41 0.000061 22
16 2 8 42 0.000042 22
16 2 8 43 0.000082 12
16 2 8 44 0.000080 22
16 2 8 45 0.000044 22
16 2 8 46 0.000055 22
16 2 8 47 0.000036 22
16 2 8 48 0.000066 22
16 2 8 49 0.000043 22
16 2 8 50 0.000039 22
16 2 8 51 0.000078 22
16 2 8 52 0.000042 22
16 2 8 53 0.000028 12
16 2 8 54 0.000094 22
16 2 8 55 0.000075 22
16 2 8 56 0.000060 22
16 2 8 57 0.000042 22
16 2 8 58 0.000073 22
16 2 8 59 0.000070 22
16 2 8 60 0.000082 12
16 2 8 61 0.000093 22
16 2 8 62 0.000085 22
16 2 8 63 0.000058 22
16 2 8 64 0.000057 22
16 2 8 65 0.000063 22
16 2 8 66 0.000067 22
16 2 8 67 0.000072 22
16 2 8 68 0.000050 22
16 2 8 69 0.000051 22
16 2 8 70 0.000036 22
16 2 8 71 0.000083 22
16 2 8 72 0.000098 22
16 2 8 73 0.000054 22
16 2 8 74 0.000056 22
16 2 8 75 0.000027 22
16 2 8 76 0.000061 22
16 2 8 77 0.000108 22
16 2 8 78 0.000063 22
16 2 8 79 0.000049 22
16 2 8 80 0.000076 22
16 2 8 81 0.000065 22
16 2 8 82 0.000083 22
16 2 8 83 0.000063 21
16 2 8 84 0.000063 22
16 2 8 85 0.000119 22
16 2 8 86 0.000065 22
16 2 8 87 0.000054 12
16 2 8 88 0.000086 22
16 2 8 89 0.000085 22
16 2 8 90 0.000058 22
16 2 8 91 0.000069 22
16 2 8 92 0.000071 22
16 2 8 93 0.000092 22
16 2 8 94 0.000061 22
16 2 8 95 0.000050 22
16 2 8 96 0.000067 22
16 2 8 97 0.000082 21
16 2 8 98 0.000071 22
16 2 8 99 0.000090 22
16 2 16 0 0.000089 2
16 2 16 1 0.000030 2
16 2 16 2 0.000064 2
16 2 16 3 0.000050 2
16 2 16 4 0.000065 2
16 2 16 5 0.000054 2
16 2 16 6 0.000068 2
16 2 16 7 0.000085 2
16 2 16 8 0.000070 2
16 2 16 9 0.000039 2
16 2 16 10 0.000042 2
16 2 16 11 0.000049 1
16 2 16 12 0.000042 2
16 2 16 13 0.000075 2
16 2 16 14 0.000065 2
16 2 16 15 0.000082 2
16 2 16 16 0.000072 2
16 2 16 17 0.000051 2
16 2 16 18 0.000063 2
16 2 16 19 0.000063 2
16 2 16 20 0.000079 2
16 2 16 21 0.000078 2
16 2 16 22 0.000041 2
16 2 16 23 0.000091 2
16 2 16 24 0.000042 1
16 2 16 25 0.000042 2
16 2 16 26 0.000024 2
16 2 16 27 0.000053 2
16 2 16 28 0.000069 2
16 2 16 29 0.000059 2
16 2 16 30 0.000051 2
16 2 16 31 0.000099 2
16 2 16 32 0.000055 2
16 2 16 33 0.000024 2
16 2 16 34 0.000067 2
16 2 16 35 0.000055 2
16 2 16 36 0.000043 2
16 2 16 37 0.000059 2
16 2 16 38 0.000071 2
16 2 16 39 0.000074 2
16 2 16 40 0.000025 2
16 2 16 41 0.000065 2
16 2 16 42 0.000040 2
16 2 16 43 0.000085 2
16 2 16 44 0.000084 2
16 2 16 45 0.000042 2
16 2 16 46 0.000057 2
16 2 16 47 0.000054 2
16 2 16 48 0.000064 2
16 2 16 49 0.000041 2
16 2 16 50 0.000039 2
16 2 16 51 0.000081 2
16 2 16 52 0.000041 2
16 2 16 53 0.000028 2
16 2 16 54 0.000062 2
16 2 16 55 0.000072 2
16 2 16 56 0.000082 2
16 2 16 57 0.000041 2
16 2 16 58 0.000076 2
16 2 16 59 0.000074 2
16 2 16 60 0.000090 2
16 2 16 61 0.000064 2
16 2 16 62 0.000090 2
16 2 16 63 0.000087 2
16 2 16 64 0.000050 2
16 2 16 65 0.000064 2
16 2 16 66 0.000065 2
16 2 16 67 0.000074 2
16 2 16 68 0.000044 2
16 2 16 69 0.000029 2
16 2 16 70 0.000035 2
16 2 16 71 0.000132 2
16 2 16 72 0.000105 2
16 2 16 73 0.000064 2
16 2 16 74 0.000051 2
16 2 16 75 0.000026 2
16 2 16 76 0.000064 2
16 2 16 77 0.000073 2
16 2 16 78 0.000069 2
16 2 16 79 0.000055 2
16 2 16 80 0.000076 2
16 2 16 81 0.000064 2
16 2 16 82 0.000085 2
16 2 16 83 0.000066 1
16 2 16 84 0.000064 2
16 2 16 85 0.000090 2
16 2 16 86 0.000074 2
16 2 16 87 0.000056 2
16 2 16 88 0.000091 2
16 2 16 89 0.000090 2
16 2 16 90 0.000056 2
16 2 16 91 0.000071 2
16 2 16 92 0.000044 2
16 2 16 93 0.000134 2
16 2 16 94 0.000067 2
16 2 16 95 0.000048 2
16 2 16 96 0.000060 2
16 2 16 97 0.000085 1
16 2 16 98 0.000071 2
16 2 16 99 0.000095 2
16 4 8 0 0.000223 22
16 4 8 1 0.000053 22
16 4 8 2 0.000126 22
16 4 8 3 0.000107 22
16 4 8 4 0.000122 22
16 4 8 5 0.000105 22
16 4 8 6 0.000190 22
16 4 8 7 0.000170 22
16 4 8 8 0.000156 22
16 4 8 9 0.000081 22
16 4 8 10 0.000104 02
16 4 8 11 0.000074 22
16 4 8 12 0.000098 22
16 4 8 13 0.000172 22
16 4 8 14 0.000133 22
16 4 8 15 0.000114 22
16 4 8 16 0.000118 22
16 4 8 17 0.000124 22
16 4 8 18 0.000177 22
16 4 8 19 0.000100 22
16 4 8 20 0.000179 22
16 4 8 21 0.000167 22
16 4 8 22 0.000074 22
16 4 8 23 0.000140 22
16 4 8 24 0.000110 22
16 4 8 25 0.000104 22
16 4 8 26 0.000039 22
16 4 8 27 0.000142 22
16 4 8 28 0.000124 22
16 4 8 29 0.000123 22
16 4 8 30 0.000198 22
16 4 8 31 0.000155 22
16 4 8 32 0.000150 22
16 4 8 33 0.000055 22
16 4 8 34 0.000157 22
16 4 8 35 0.000147 22
16 4 8 36 0.000098 22
16 4 8 37 0.000109 22
16 4 8 38 0.000178 22
16 4 8 39 0.000102 22
16 4 8 40 0.000029 22
16 4 8 41 0.000133 22
16 4 8 42 0.000084 22
16 4 8 43 0.000204 22
16 4 8 44 0.000201 22
16 4 8 45 0.000086 22
16 4 8 46 0.000083 22
16 4 8 47 0.000083 22
16 4 8 48 0.000158 22
16 4 8 49 0.000087 22
16 4 8 50 0.000058 22
16 4 8 51 0.000196 22
16 4 8 52 0.000092 22
16 4 8 53 0.000066 22
16 4 8 54 0.000138 22
16 4 8 55 0.000140 22
16 4 8 56 0.000143 22
16 4 8 57 0.000095 22
16 4 8 58 0.000181 22
16 4 8 59 0.000247 22
16 4 8 60 0.000212 22
16 4 8 61 0.000164 22
16 4 8 62 0.000200 22
16 4 8 63 0.000116 22
16 4 8 64 0.000152 22
16 4 8 65 0.000139 22
16 4 8 66 0.000136 22
16 4 8 67 0.000175 22
16 4 8 68 0.000091 22
16 4 8 69 0.000046 22
16 4 8 70 0.000101 22
16 4 8 71 0.000202 22
16 4 8 72 0.000255 22
16 4 8 73 0.000078 22
16 4 8 74 0.000114 22
16 4 8 75 0.000046 22
16 4 8 76 0.000148 22
16 4 8 77 0.000157 22
16 4 8 78 0.000127 22
16 4 8 79 0.000102 22
16 4 8 80 0.000179 22
16 4 8 81 0.000216 22
16 4 8 82 0.000203 22
16 4 8 83 0.000150 22
16 4 8 84 0.000106 22
16 4 8 85 0.000192 22
16 4 8 86 0.000184 22
16 4 8 87 0.000115 22
16 4 8 88 0.000178 22
16 4 8 89 0.000227 22
16 4 8 90 0.000116 22
16 4 8 91 0.000218 22
16 4 8 92 0.000110 22
16 4 8 93 0.000226 22
16 4 8 94 0.000140 22
16 4 8 95 0.000094 22
16 4 8 96 0.000131 22
16 4 8 97 0.000232 22
16 4 8 98 0.000130 22
16 4 8 99 0.000232 22
16 4 16 0 0.000169 2
16 4 16 1 0.000047 2
16 4 16 2 0.000175 2
16 4 16 3 0.000097 2
16 4 16 4 0.000128 2
16 4 16 5 0.000097 2
16 4 16 6 0.000154 2
16 4 16 7 0.000211 2
16 4 16 8 0.000160 2
16 4 16 9 0.000079 2
16 4 16 10 0.000118 2
16 4 16 11 0.000061 2
16 4 16 12 0.000075 2
16 4 16 13 0.000187 2
16 4 16 14 0.000140 2
16 4 16 15 0.000118 2
16 4 16 16 0.000117 2
16 4 16 17 0.000132 2
16 4 16 18 0.000115 2
16 4 16 19 0.000099 2
16 4 16 20 0.000266 2
16 4 16 21 0.000160 2
16 4 16 22 0.000080 2
16 4 16 23 0.000149 2
16 4 16 24 0.000085 2
16 4 16 25 0.000103 2
16 4 16 26 0.000035 2
16 4 16 27 0.000198 2
16 4 16 28 0.000126 2
16 4 16 29 0.000120 2
16 4 16 30 0.000122 2
16 4 16 31 0.000142 2
16 4 16 32 0.000140 2
16 4 16 33 0.000066 2
16 4 16 34 0.000183 2
16 4 16 35 0.000139 2
16 4 16 36 0.000094 2
16 4 16 37 0.000117 2
16 4 16 38 0.000191 2
16 4 16 39 0.000106 2
16 4 16 40 0.000043 2
16 4 16 41 0.000103 2
16 4 16 42 0.000077 2
16 4 16 43 0.000222 2
16 4 16 44 0.000185 2
16 4 16 45 0.000084 2
16 4 16 46 0.000113 2
16 4 16 47 0.000071 2
16 4 16 48 0.000147 2
16 4 16 49 0.000079 2
16 4 16 50 0.000065 2
16 4 16 51 0.000196 2
16 4 16 52 0.000091 2
16 4 16 53 0.000067 2
16 4 16 54 0.000150 2
16 4 16 55 0.000154 2
16 4 16 56 0.000146 2
16 4 16 57 0.000092 2
16 4 16 58 0.000190 2
16 4 16 59 0.000187 2
16 4 16 60 0.000252 2
16 4 16 61 0.000171 2
16 4 16 62 0.000210 2
16 4 16 63 0.000116 2
16 4 16 64 0.000094 2
16 4 16 65 0.000222 2
16 4 16 66 0.000144 2
16 4 16 67 0.000182 2
16 4 16 68 0.000087 2
16 4 16 69 0.000040 2
16 4 16 70 0.000070 2
16 4 16 71 0.000201 2
16 4 16 72 0.000331 2
16 4 16 73 0.000076 2
16 4 16 74 0.000119 2
16 4 16 75 0.000044 2
16 4 16 76 0.000120 2
16 4 16 77 0.000166 2
16 4 16 78 0.000175 2
16 4 16 79 0.000084 2
16 4 16 80 0.000195 2
16 4 16 81 0.000153 2
16 4 16 82 0.000220 2
16 4 16 83 0.000197 2
16 4 16 84 0.000111 2
16 4 16 85 0.000211 2
16 4 16 86 0.000134 2
16 4 16 87 0.000125 2
16 4 16 88 0.000167 2
16 4 16 89 0.000330 2
16 4 16 90 0.000124 2
16 4 16 91 0.000171 2
16 4 16 92 0.000116 2
16 4 16 93 0.000236 2
16 4 16 94 0.000161 2
16 4 16 95 0.000106 2
16 4 16 96 0.000140 2
16 4 16 97 0.000204 2
16 4 16 98 0.000141 2
16 4 16 99 0.000247 2
16 8 16 0 0.000372 2
16 8 16 1 0.000068 2
16 8 16 2 0.000193 2
16 8 16 3 0.000177 2
16 8 16 4 0.000208 2
16 8 16 5 0.000192 2
16 8 16 6 0.000189 2
16 8 16 7 0.000259 2
16 8 16 8 0.000218 2
16 8 16 9 0.000110 2
16 8 16 10 0.000144 2
16 8 16 11 0.000173 2
16 8 16 12 0.000091 2
16 8 16 13 0.000270 2
16 8 16 14 0.000199 2
16 8 16 15 0.000202 2
16 8 16 16 0.000263 2
16 8 16 17 0.000182 2
16 8 16 18 0.000138 2
16 8 16 19 0.000174 2
16 8 16 20 0.000313 2
16 8 16 21 0.000398 2
16 8 16 22 0.000131 2
16 8 16 23 0.000173 2
16 8 16 24 0.000080 2
16 8 16 25 0.000143 2
16 8 16 26 0.000041 2
16 8 16 27 0.000182 2
16 8 16 28 0.000223 2
16 8 16 29 0.000213 2
16 8 16 30 0.000127 2
16 8 16 31 0.000187 2
16 8 16 32 0.000331 2
16 8 16 33 0.000069 2
16 8 16 34 0.000208 2
16 8 16 35 0.000164 2
16 8 16 36 0.000115 2
16 8 16 37 0.000139 2
16 8 16 38 0.000290 2
16 8 16 39 0.000116 2
16 8 16 40 0.000038 2
16 8 16 41 0.000188 2
16 8 16 42 0.000118 2
16 8 16 43 0.000455 2
16 8 16 44 0.000323 2
16 8 16 45 0.000131 2
16 8 16 46 0.000148 2
16 8 16 47 0.000069 2
16 8 16 48 0.000167 2
16 8 16 49 0.000132 2
16 8 16 50 0.000096 2
16 8 16 51 0.000287 2
16 8 16 52 0.000172 2
16 8 16 53 0.000079 2
16 8 16 54 0.000173 2
16 8 16 55 0.000285 2
16 8 16 56 0.000139 2
16 8 16 57 0.000115 2
16 8 16 58 0.000280 2
16 8 16 59 0.000376 2
16 8 16 60 0.000326 2
16 8 16 61 0.000232 2
16 8 16 62 0.000259 2
16 8 16 63 0.000184 2
16 8 16 64 0.000145 2
16 8 16 65 0.000154 2
16 8 16 66 0.000213 2
16 8 16 67 0.000257 2
16 8 16 68 0.000109 2
16 8 16 69 0.000113 2
16 8 16 70 0.000101 2
16 8 16 71 0.000345 2
16 8 16 72 0.000416 2
16 8 16 73 0.000153 2
16 8 16 74 0.000151 2
16 8 16 75 0.000068 2
16 8 16 76 0.000225 2
16 8 16 77 0.000248 2
16 8 16 78 0.000203 2
16 8 16 79 0.000209 2
16 8 16 80 0.000255 2
16 8 16 81 0.000237 2
16 8 16 82 0.000393 2
16 8 16 83 0.000226 2
16 8 16 84 0.000189 2
16 8 16 85 0.000378 2
16 8 16 86 0.000182 2
16 8 16 87 0.000192 2
16 8 16 88 0.000360 2
16 8 16 89 0.000420 2
16 8 16 90 0.000181 2
16 8 16 91 0.000295 2
16 8 16 92 0.000151 2
16 8 16 93 0.000378 2
16 8 16 94 0.000223 2
16 8 16 95 0.000166 2
16 8 16 96 0.000151 2
16 8 16 97 0.000191 2
16 8 16 98 0.000235 2
16 8 16 99 0.000429 2
32 2 4 0 0.000200 22221222
32 2 4 1 0.000118 22222122
32 2 4 2 0.000139 22222222
32 2 4 3 0.000129 22222222
32 2 4 4 0.000132 22222222
32 2 4 5 0.000122 21222222
32 2 4 6 0.000177 22222122
32 2 4 7 0.000081 21222222
32 2 4 8 0.000141 20222222
32 2 4 9 0.000132 21222222
32 2 4 10 0.000130 22222222
32 2 4 11 0.000165 22222212
32 2 4 12 0.000127 22222122
32 2 4 13 0.000237 22221222
32 2 4 14 0.000128 22222222
32 2 4 15 0.000150 22222222
32 2 4 16 0.000173 12222222
32 2 4 17 0.000154 02222222
32 2 4 18 0.000128 22222222
32 2 4 19 0.000255 22222222
32 2 4 20 0.000131 22222222
32 2 4 21 0.000141 12222222
32 2 4 22 0.000168 22222222
32 2 4 23 0.000141 22222222
32 2 4 24 0.000168 22222222
32 2 4 25 0.000119 22222222
32 2 4 26 0.000144 22222222
32 2 4 27 0.000089 02222212
32 2 4 28 0.000165 22222222
32 2 4 29 0.000183 22222222
32 2 4 30 0.000160 22222222
32 2 4 31 0.000151 22222222
32 2 4 32 0.000102 22122222
32 2 4 33 0.000102 22222222
32 2 4 34 0.000158 22222222
32 2 4 35 0.000126 22222222
32 2 4 36 0.000138 22222222
32 2 4 37 0.000157 22222222
32 2 4 38 0.000130 22212221
32 2 4 39 0.000078 02122222
32 2 4 40 0.000123 22222222
32 2 4 41 0.000117 22222222
32 2 4 42 0.000134 22222221
32 2 4 43 0.000186 22222222
32 2 4 44 0.000134 22212221
32 2 4 45 0.000183 22122222
32 2 4 46 0.000142 22222222
32 2 4 47 0.000137 01222222
32 2 4 48 0.000079 02222221
32 2 4 49 0.000166 22222222
32 2 4 50 0.000175 22212212
32 2 4 51 0.000109 22222222
32 2 4 52 0.000102 02222222
32 2 4 53 0.000124 22222022
32 2 4 54 0.000098 12122112
32 2 4 55 0.000100 22222222
32 2 4 56 0.000184 22222222
32 2 4 57 0.000169 22222211
32 2 4 58 0.000158 22222222
32 2 4 59 0.000111 22222222
32 2 4 60 0.000171 22222222
32 2 4 61 0.000136 12222222
32 2 4 62 0.000196 21222222
32 2 4 63 0.000108 22222222
32 2 4 64 0.000122 22211222
32 2 4 65 0.000150 22222222
32 2 4 66 0.000128 21222221
32 2 4 67 0.000140 22221222
32 2 4 68 0.000085 22222022
32 2 4 69 0.000181 12211222
32 2 4 70 0.000090 22222211
32 2 4 71 0.000131 22222222
32 2 4 72 0.000120 22222222
32 2 4 73 0.000155 22221222
32 2 4 74 0.000137 22222222
32 2 4 75 0.000186 22222211
32 2 4 76 0.000152 22222222
32 2 4 77 0.000150 22222222
32 2 4 78 0.000118 22222222
32 2 4 79 0.000129 22222122
32 2 4 80 0.000099 12222222
32 2 4 81 0.000182 22222222
32 2 4 82 0.000150 12222222
32 2 4 83 0.000112 22222222
32 2 4 84 0.000162 22222222
32 2 4 85 0.000124 22222222
32 2 4 86 0.000117 22222222
32 2 4 87 0.000101 12222222
32 2 4 88 0.000166 21222122
32 2 4 89 0.000123 22222222
32 2 4 90 0.000141 22222222
32 2 4 91 0.000161 12222212
32 2 4 92 0.000104 22122222
32 2 4 93 0.000119 22222222
32 2 4 94 0.000206 22222222
32 2 4 95 0.000075 12222222
32 2 4 96 0.000138 22122222
32 2 4 97 0.000137 12212220
32 2 4 98 0.000184 22222222
32 2 4 99 0.000159 12212222
32 2 8 0 0.000205 2222
32 2 8 1 0.000113 2212
32 2 8 2 0.000138 2222
32 2 8 3 0.000124 2222
32 2 8 4 0.000123 2222
32 2 8 5 0.000117 1222
32 2 8 6 0.000182 2212
32 2 8 7 0.000075 1222
32 2 8 8 0.000131 0222
32 2 8 9 0.000123 1222
32 2 8 10 0.000129 2222
32 2 8 11 0.000157 2222
32 2 8 12 0.000118 2212
32 2 8 13 0.000225 2222
32 2 8 14 0.000121 2222
32 2 8 15 0.000146 2222
32 2 8 16 0.000168 2222
32 2 8 17 0.000155 2222
32 2 8 18 0.000125 2222
32 2 8 19 0.000274 2222
32 2 8 20 0.000124 2222
32 2 8 21 0.000136 2222
32 2 8 22 0.000166 2222
32 2 8 23 0.000134 2222
32 2 8 24 0.000126 2222
32 2 8 25 0.000175 2222
32 2 8 26 0.000136 2222
32 2 8 27 0.000089 2222
32 2 8 28 0.000166 2222
32 2 8 29 0.000178 2222
32 2 8 30 0.000131 2222
32 2 8 31 0.000219 2222
32 2 8 32 0.000098 2222
32 2 8 33 0.000095 2222
32 2 8 34 0.000149 2222
32 2 8 35 0.000123 2222
32 2 8 36 0.000135 2222
32 2 8 37 0.000130 2222
32 2 8 38 0.000132 2121
32 2 8 39 0.000073 2222
32 2 8 40 0.000116 2222
32 2 8 41 0.000108 2222
32 2 8 42 0.000127 2221
32 2 8 43 0.000129 2222
32 2 8 44 0.000186 2121
32 2 8 45 0.000185 2222
32 2 8 46 0.000139 2222
32 2 8 47 0.000133 1222
32 2 8 48 0.000071 2221
32 2 8 49 0.000148 2222
32 2 8 50 0.000187 2122
32 2 8 51 0.000108 2222
32 2 8 52 0.000098 2222
32 2 8 53 0.000116 2202
32 2 8 54 0.000095 2212
32 2 8 55 0.000092 2222
32 2 8 56 0.000126 2222
32 2 8 57 0.000240 2221
32 2 8 58 0.000161 2222
32 2 8 59 0.000100 2222
32 2 8 60 0.000163 2222
32 2 8 61 0.000123 2222
32 2 8 62 0.000127 1222
32 2 8 63 0.000124 2222
32 2 8 64 0.000140 2122
32 2 8 65 0.000142 2222
32 2 8 66 0.000125 1221
32 2 8 67 0.000134 2222
32 2 8 68 0.000079 2202
32 2 8 69 0.000121 2122
32 2 8 70 0.000138 2221
32 2 8 71 0.000125 2222
32 2 8 72 0.000120 2222
32 2 8 73 0.000153 2222
32 2 8 74 0.000135 2222
32 2 8 75 0.000109 2221
32 2 8 76 0.000153 2222
32 2 8 77 0.000179 2222
32 2 8 78 0.000109 2222
32 2 8 79 0.000118 2212
32 2 8 80 0.000095 2222
32 2 8 81 0.000146 2222
32 2 8 82 0.000145 2222
32 2 8 83 0.000173 2222
32 2 8 84 0.000160 2222
32 2 8 85 0.000119 2222
32 2 8 86 0.000114 2222
32 2 8 87 0.000097 2222
32 2 8 88 0.000109 1212
32 2 8 89 0.000149 2222
32 2 8 90 0.000158 2222
32 2 8 91 0.000148 2222
32 2 8 92 0.000096 2222
32 2 8 93 0.000114 2222
32 2 8 94 0.000113 2222
32 2 8 95 0.000070 2222
32 2 8 96 0.000203 2222
32 2 8 97 0.000130 2120
32 2 8 98 0.000177 2222
32 2 8 99 0.000152 2122
32 2 16 0 0.000138 22
32 2 16 1 0.000122 22
32 2 16 2 0.000203 22
32 2 16 3 0.000133 22
32 2 16 4 0.000127 22
32 2 16 5 0.000120 22
32 2 16 6 0.000153 22
32 2 16 7 0.000066 22
32 2 16 8 0.000139 22
32 2 16 9 0.000173 22
32 2 16 10 0.000132 22
32 2 16 11 0.000167 22
32 2 16 12 0.000121 22
32 2 16 13 0.000145 22
32 2 16 14 0.000126 22
32 2 16 15 0.000198 22
32 2 16 16 0.000168 22
32 2 16 17 0.000156 22
32 2 16 18 0.000130 22
32 2 16 19 0.000193 22
32 2 16 20 0.000192 22
32 2 16 21 0.000145 22
32 2 16 22 0.000168 22
32 2 16 23 0.000137 22
32 2 16 24 0.000135 22
32 2 16 25 0.000117 22
32 2 16 26 0.000186 22
32 2 16 27 0.000095 22
32 2 16 28 0.000173 22
32 2 16 29 0.000181 22
32 2 16 30 0.000134 22
32 2 16 31 0.000174 22
32 2 16 32 0.000098 22
32 2 16 33 0.000091 22
32 2 16 34 0.000155 22
32 2 16 35 0.000124 22
32 2 16 36 0.000139 22
32 2 16 37 0.000111 22
32 2 16 38 0.000204 11
32 2 16 39 0.000074 22
32 2 16 40 0.000119 22
32 2 16 41 0.000113 22
32 2 16 42 0.000134 21
32 2 16 43 0.000138 22
32 2 16 44 0.000135 11
32 2 16 45 0.000214 22
32 2 16 46 0.000144 22
32 2 16 47 0.000135 22
32 2 16 48 0.000069 21
32 2 16 49 0.000144 22
32 2 16 50 0.000162 12
32 2 16 51 0.000137 22
32 2 16 52 0.000102 22
32 2 16 53 0.000120 22
32 2 16 54 0.000100 22
32 2 16 55 0.000092 22
32 2 16 56 0.000132 22
32 2 16 57 0.000232 21
32 2 16 58 0.000170 22
32 2 16 59 0.000103 22
32 2 16 60 0.000170 22
32 2 16 61 0.000126 22
32 2 16 62 0.000131 22
32 2 16 63 0.000133 22
32 2 16 64 0.000129 12
32 2 16 65 0.000146 22
32 2 16 66 0.000127 21
32 2 16 67 0.000139 22
32 2 16 68 0.000078 22
32 2 16 69 0.000125 12
32 2 16 70 0.000139 21
32 2 16 71 0.000130 22
32 2 16 72 0.000124 22
32 2 16 73 0.000158 22
32 2 16 74 0.000135 22
32 2 16 75 0.000111 21
32 2 16 76 0.000182 22
32 2 16 77 0.000166 22
32 2 16 78 0.000114 22
32 2 16 79 0.000122 22
32 2 16 80 0.000101 22
32 2 16 81 0.000157 22
32 2 16 82 0.000160 22
32 2 16 83 0.000129 22
32 2 16 84 0.000166 22
32 2 16 85 0.000117 22
32 2 16 86 0.000129 22
32 2 16 87 0.000099 22
32 2 16 88 0.000109 22
32 2 16 89 0.000206 22
32 2 16 90 0.000145 22
32 2 16 91 0.000155 22
32 2 16 92 0.000098 22
32 2 16 93 0.000110 22
32 2 16 94 0.000116 22
32 2 16 95 0.000071 22
32 2 16 96 0.000189 22
32 2 16 97 0.000133 10
32 2 16 98 0.000188 22
32 2 16 99 0.000151 12
32 2 32 0 0.000139 2
32 2 32 1 0.000139 2
32 2 32 2 0.000152 2
32 2 32 3 0.000130 2
32 2 32 4 0.000128 2
32 2 32 5 0.000120 2
32 2 32 6 0.000153 2
32 2 32 7 0.000066 2
32 2 32 8 0.000215 2
32 2 32 9 0.000127 2
32 2 32 10 0.000130 2
32 2 32 11 0.000162 2
32 2 32 12 0.000121 2
32 2 32 13 0.000148 2
32 2 32 14 0.000193 2
32 2 32 15 0.000155 2
32 2 32 16 0.000169 2
32 2 32 17 0.000157 2
32 2 32 18 0.000129 2
32 2 32 19 0.000193 2
32 2 32 20 0.000174 2
32 2 32 21 0.000140 2
32 2 32 22 0.000169 2
32 2 32 23 0.000137 2
32 2 32 24 0.000128 2
32 2 32 25 0.000117 2
32 2 32 26 0.000183 2
32 2 32 27 0.000087 2
32 2 32 28 0.000168 2
32 2 32 29 0.000184 2
32 2 32 30 0.000136 2
32 2 32 31 0.000174 2
32 2 32 32 0.000100 2
32 2 32 33 0.000091 2
32 2 32 34 0.000150 2
32 2 32 35 0.000129 2
32 2 32 36 0.000138 2
32 2 32 37 0.000105 2
32 2 32 38 0.000210 1
32 2 32 39 0.000072 2
32 2 32 40 0.000124 2
32 2 32 41 0.000113 2
32 2 32 42 0.000134 1
32 2 32 43 0.000137 2
32 2 32 44 0.000135 1
32 2 32 45 0.000211 2
32 2 32 46 0.000144 2
32 2 32 47 0.000134 2
32 2 32 48 0.000073 1
32 2 32 49 0.000147 2
32 2 32 50 0.000154 2
32 2 32 51 0.000137 2
32 2 32 52 0.000101 2
32 2 32 53 0.000118 2
32 2 32 54 0.000100 2
32 2 32 55 0.000089 2
32 2 32 56 0.000129 2
32 2 32 57 0.000226 1
32 2 32 58 0.000162 2
32 2 32 59 0.000101 2
32 2 32 60 0.000175 2
32 2 32 61 0.000128 2
32 2 32 62 0.000129 2
32 2 32 63 0.000126 2
32 2 32 64 0.000141 2
32 2 32 65 0.000146 2
32 2 32 66 0.000131 1
32 2 32 67 0.000139 2
32 2 32 68 0.000082 2
32 2 32 69 0.000123 2
32 2 32 70 0.000139 1
32 2 32 71 0.000130 2
32 2 32 72 0.000122 2
32 2 32 73 0.000157 2
32 2 32 74 0.000133 2
32 2 32 75 0.000109 1
32 2 32 76 0.000202 2
32 2 32 77 0.000156 2
32 2 32 78 0.000105 2
32 2 32 79 0.000122 2
32 2 32 80 0.000100 2
32 2 32 81 0.000150 2
32 2 32 82 0.000151 2
32 2 32 83 0.000141 2
32 2 32 84 0.000162 2
32 2 32 85 0.000116 2
32 2 32 86 0.000118 2
32 2 32 87 0.000104 2
32 2 32 88 0.000110 2
32 2 32 89 0.000170 2
32 2 32 90 0.000151 2
32 2 32 91 0.000156 2
32 2 32 92 0.000094 2
32 2 32 93 0.000113 2
32 2 32 94 0.000115 2
32 2 32 95 0.000070 2
32 2 32 96 0.000210 2
32 2 32 97 0.000134 0
32 2 32 98 0.000192 2
32 2 32 99 0.000151 2
32 4 8 0 0.000333 2222
32 4 8 1 0.000367 2222
32 4 8 2 0.000341 2222
32 4 8 3 0.000319 2222
32 4 8 4 0.000411 2222
32 4 8 5 0.000247 2222
32 4 8 6 0.000382 2222
32 4 8 7 0.000126 2222
32 4 8 8 0.000303 2222
32 4 8 9 0.000288 2222
32 4 8 10 0.000305 2222
32 4 8 11 0.000466 2222
32 4 8 12 0.000317 2222
32 4 8 13 0.000417 2222
32 4 8 14 0.000329 2222
32 4 8 15 0.000486 2222
32 4 8 16 0.000437 2222
32 4 8 17 0.000377 2222
32 4 8 18 0.000425 2222
32 4 8 19 0.000507 2222
32 4 8 20 0.000312 2222
32 4 8 21 0.000459 2222
32 4 8 22 0.000482 2222
32 4 8 23 0.000324 2222
32 4 8 24 0.000324 2222
32 4 8 25 0.000265 2222
32 4 8 26 0.000339 2222
32 4 8 27 0.000199 2222
32 4 8 28 0.000561 2222
32 4 8 29 0.000563 2222
32 4 8 30 0.000298 2222
32 4 8 31 0.000419 2222
32 4 8 32 0.000230 2222
32 4 8 33 0.000213 2222
32 4 8 34 0.000438 2222
32 4 8 35 0.000344 2222
32 4 8 36 0.000372 2222
32 4 8 37 0.000238 2222
32 4 8 38 0.000444 2222
32 4 8 39 0.000168 2222
32 4 8 40 0.000276 2222
32 4 8 41 0.000281 2222
32 4 8 42 0.000441 2222
32 4 8 43 0.000303 2222
32 4 8 44 0.000313 2222
32 4 8 45 0.000606 2222
32 4 8 46 0.000387 2222
32 4 8 47 0.000290 2222
32 4 8 48 0.000150 2222
32 4 8 49 0.000512 2222
32 4 8 50 0.000371 2222
32 4 8 51 0.000264 2222
32 4 8 52 0.000285 2222
32 4 8 53 0.000283 2222
32 4 8 54 0.000238 2222
32 4 8 55 0.000188 2222
32 4 8 56 0.000412 2222
32 4 8 57 0.000448 2221
32 4 8 58 0.000419 2222
32 4 8 59 0.000272 2222
32 4 8 60 0.000476 2222
32 4 8 61 0.000354 2222
32 4 8 62 0.000352 2222
32 4 8 63 0.000260 2222
32 4 8 64 0.000333 2222
32 4 8 65 0.000371 2222
32 4 8 66 0.000420 2222
32 4 8 67 0.000318 2222
32 4 8 68 0.000183 2222
32 4 8 69 0.000272 2222
32 4 8 70 0.000296 2221
32 4 8 71 0.000310 2222
32 4 8 72 0.000303 2222
32 4 8 73 0.000460 2222
32 4 8 74 0.000374 2222
32 4 8 75 0.000279 2221
32 4 8 76 0.000365 2222
32 4 8 77 0.000476 2222
32 4 8 78 0.000267 2222
32 4 8 79 0.000295 2222
32 4 8 80 0.000220 2222
32 4 8 81 0.000452 2222
32 4 8 82 0.000354 2222
32 4 8 83 0.000225 2222
32 4 8 84 0.000590 2222
32 4 8 85 0.000310 2222
32 4 8 86 0.000259 2222
32 4 8 87 0.000220 2222
32 4 8 88 0.000337 2222
32 4 8 89 0.000275 2222
32 4 8 90 0.000363 2222
32 4 8 91 0.000540 2222
32 4 8 92 0.000209 2222
32 4 8 93 0.000275 2222
32 4 8 94 0.000299 2222
32 4 8 95 0.000187 2222
32 4 8 96 0.000321 2222
32 4 8 97 0.000357 2222
32 4 8 98 0.000575 2222
32 4 8 99 0.000362 2222
32 4 16 0 0.000353 22
32 4 16 1 0.000285 22
32 4 16 2 0.000434 22
32 4 16 3 0.000314 22
32 4 16 4 0.000334 22
32 4 16 5 0.000310 22
32 4 16 6 0.000386 22
32 4 16 7 0.000116 22
32 4 16 8 0.000248 22
32 4 16 9 0.000323 22
32 4 16 10 0.000319 22
32 4 16 11 0.000474 22
32 4 16 12 0.000257 22
32 4 16 13 0.000497 22
32 4 16 14 0.000308 22
32 4 16 15 0.000383 22
32 4 16 16 0.000563 22
32 4 16 17 0.000380 22
32 4 16 18 0.000310 22
32 4 16 19 0.000618 22
32 4 16 20 0.000322 22
32 4 16 21 0.000361 22
32 4 16 22 0.000580 22
32 4 16 23 0.000314 22
32 4 16 24 0.000253 22
32 4 16 25 0.000305 22
32 4 16 26 0.000354 22
32 4 16 27 0.000206 22
32 4 16 28 0.000454 22
32 4 16 29 0.000629 22
32 4 16 30 0.000307 22
32 4 16 31 0.000325 22
32 4 16 32 0.000317 22
32 4 16 33 0.000216 22
32 4 16 34 0.000434 22
32 4 16 35 0.000309 22
32 4 16 36 0.000373 22
32 4 16 37 0.000248 22
32 4 16 38 0.000358 22
32 4 16 39 0.000227 22
32 4 16 40 0.000290 22
32 4 16 41 0.000274 22
32 4 16 42 0.000334 22
32 4 16 43 0.000410 22
32 4 16 44 0.000324 22
32 4 16 45 0.000501 22
32 4 16 46 0.000511 22
32 4 16 47 0.000301 22
32 4 16 48 0.000147 22
32 4 16 49 0.000387 22
32 4 16 50 0.000465 22
32 4 16 51 0.000268 22
32 4 16 52 0.000234 22
32 4 16 53 0.000326 22
32 4 16 54 0.000243 22
32 4 16 55 0.000174 22
32 4 16 56 0.000375 22
32 4 16 57 0.000528 21
32 4 16 58 0.000455 22
32 4 16 59 0.000237 22
32 4 16 60 0.000590 22
32 4 16 61 0.000353 22
32 4 16 62 0.000345 22
32 4 16 63 0.000248 22
32 4 16 64 0.000358 22
32 4 16 65 0.000370 22
32 4 16 66 0.000326 22
32 4 16 67 0.000426 22
32 4 16 68 0.000179 22
32 4 16 69 0.000262 22
32 4 16 70 0.000226 21
32 4 16 71 0.000408 22
32 4 16 72 0.000295 22
32 4 16 73 0.000433 22
32 4 16 74 0.000446 22
32 4 16 75 0.000295 21
32 4 16 76 0.000367 22
32 4 16 77 0.000368 22
32 4 16 78 0.000305 22
32 4 16 79 0.000295 22
32 4 16 80 0.000226 22
32 4 16 81 0.000449 22
32 4 16 82 0.000368 22
32 4 16 83 0.000204 22
32 4 16 84 0.000478 22
32 4 16 85 0.000374 22
32 4 16 86 0.000250 22
32 4 16 87 0.000218 22
32 4 16 88 0.000257 22
32 4 16 89 0.000337 22
32 4 16 90 0.000370 22
32 4 16 91 0.000438 22
32 4 16 92 0.000324 22
32 4 16 93 0.000252 22
32 4 16 94 0.000304 22
32 4 16 95 0.000134 22
32 4 16 96 0.000423 22
32 4 16 97 0.000365 22
32 4 16 98 0.000545 22
32 4 16 99 0.000487 22
32 4 32 0 0.000347 2
32 4 32 1 0.000279 2
32 4 32 2 0.000422 2
32 4 32 3 0.000318 2
32 4 32 4 0.000322 2
32 4 32 5 0.000258 2
32 4 32 6 0.000464 2
32 4 32 7 0.000109 2
32 4 32 8 0.000232 2
32 4 32 9 0.000285 2
32 4 32 10 0.000424 2
32 4 32 11 0.000468 2
32 4 32 12 0.000257 2
32 4 32 13 0.000515 2
32 4 32 14 0.000320 2
32 4 32 15 0.000378 2
32 4 32 16 0.000543 2
32 4 32 17 0.000408 2
32 4 32 18 0.000306 2
32 4 32 19 0.000618 2
32 4 32 20 0.000310 2
32 4 32 21 0.000357 2
32 4 32 22 0.000583 2
32 4 32 23 0.000315 2
32 4 32 24 0.000244 2
32 4 32 25 0.000256 2
32 4 32 26 0.000455 2
32 4 32 27 0.000202 2
32 4 32 28 0.000453 2
32 4 32 29 0.000647 2
32 4 32 30 0.000310 2
32 4 32 31 0.000328 2
32 4 32 32 0.000269 2
32 4 32 33 0.000214 2
32 4 32 34 0.000438 2
32 4 32 35 0.000291 2
32 4 32 36 0.000446 2
32 4 32 37 0.000252 2
32 4 32 38 0.000351 2
32 4 32 39 0.000211 2
32 4 32 40 0.000283 2
32 4 32 41 0.000278 2
32 4 32 42 0.000333 2
32 4 32 43 0.000416 2
32 4 32 44 0.000330 2
32 4 32 45 0.000505 2
32 4 32 46 0.000530 2
32 4 32 47 0.000290 2
32 4 32 48 0.000142 2
32 4 32 49 0.000391 2
32 4 32 50 0.000457 2
32 4 32 51 0.000271 2
32 4 32 52 0.000233 2
32 4 32 53 0.000294 2
32 4 32 54 0.000272 2
32 4 32 55 0.000167 2
32 4 32 56 0.000364 2
32 4 32 57 0.000539 1
32 4 32 58 0.000441 2
32 4 32 59 0.000234 2
32 4 32 60 0.000584 2
32 4 32 61 0.000358 2
32 4 32 62 0.000341 2
32 4 32 63 0.000259 2
32 4 32 64 0.000365 2
32 4 32 65 0.000369 2
32 4 32 66 0.000336 2
32 4 32 67 0.000422 2
32 4 32 68 0.000188 2
32 4 32 69 0.000258 2
32 4 32 70 0.000224 1
32 4 32 71 0.000410 2
32 4 32 72 0.000289 2
32 4 32 73 0.000442 2
32 4 32 74 0.000437 2
32 4 32 75 0.000293 1
32 4 32 76 0.000370 2
32 4 32 77 0.000364 2
32 4 32 78 0.000313 2
32 4 32 79 0.000294 2
32 4 32 80 0.000223 2
32 4 32 81 0.000442 2
32 4 32 82 0.000375 2
32 4 32 83 0.000205 2
32 4 32 84 0.000476 2
32 4 32 85 0.000374 2
32 4 32 86 0.000257 2
32 4 32 87 0.000224 2
32 4 32 88 0.000258 2
32 4 32 89 0.000345 2
32 4 32 90 0.000375 2
32 4 32 91 0.000446 2
32 4 32 92 0.000297 2
32 4 32 93 0.000248 2
32 4 32 94 0.000296 2
32 4 32 95 0.000128 2
32 4 32 96 0.000419 2
32 4 32 97 0.000367 2
32 4 32 98 0.000529 2
32 4 32 99 0.000471 2
32 8 16 0 0.000811 22
32 8 16 1 0.000815 22
32 8 16 2 0.001018 22
32 8 16 3 0.000951 22
32 8 16 4 0.001069 22
32 8 16 5 0.000654 22
32 8 16 6 0.001091 22
32 8 16 7 0.000343 22
32 8 16 8 0.000591 22
32 8 16 9 0.000807 22
32 8 16 10 0.000896 22
32 8 16 11 0.001518 22
32 8 16 12 0.000759 22
32 8 16 13 0.001367 22
32 8 16 14 0.000796 22
32 8 16 15 0.001173 22
32 8 16 16 0.001300 22
32 8 16 17 0.001242 22
32 8 16 18 0.000788 22
32 8 16 19 0.001619 22
32 8 16 20 0.000923 22
32 8 16 21 0.001107 22
32 8 16 22 0.001443 22
32 8 16 23 0.000913 22
32 8 16 24 0.000743 22
32 8 16 25 0.000678 22
32 8 16 26 0.000945 22
32 8 16 27 0.000440 22
32 8 16 28 0.001258 22
32 8 16 29 0.001693 22
32 8 16 30 0.000721 22
32 8 16 31 0.000885 22
32 8 16 32 0.000510 22
32 8 16 33 0.000494 22
32 8 16 34 0.001230 22
32 8 16 35 0.000767 22
32 8 16 36 0.000971 22
32 8 16 37 0.000651 22
32 8 16 38 0.001020 22
32 8 16 39 0.000329 22
32 8 16 40 0.000611 22
32 8 16 41 0.000810 22
32 8 16 42 0.000892 22
32 8 16 43 0.000901 22
32 8 16 44 0.000755 22
32 8 16 45 0.001294 22
32 8 16 46 0.001005 22
32 8 16 47 0.000734 22
32 8 16 48 0.000297 22
32 8 16 49 0.000988 22
32 8 16 50 0.001095 22
32 8 16 51 0.000656 22
32 8 16 52 0.000556 22
32 8 16 53 0.000768 22
32 8 16 54 0.000621 22
32 8 16 55 0.000341 22
32 8 16 56 0.001091 22
32 8 16 57 0.001347 22
32 8 16 58 0.001203 22
32 8 16 59 0.000562 22
32 8 16 60 0.001341 22
32 8 16 61 0.000890 22
32 8 16 62 0.000843 22
32 8 16 63 0.000547 22
32 8 16 64 0.000891 22
32 8 16 65 0.001003 22
32 8 16 66 0.000894 22
32 8 16 67 0.000795 22
32 8 16 68 0.000482 22
32 8 16 69 0.000469 22
32 8 16 70 0.000623 22
32 8 16 71 0.000830 22
32 8 16 72 0.000722 22
32 8 16 73 0.001261 22
32 8 16 74 0.000736 22
32 8 16 75 0.000708 22
32 8 16 76 0.001038 22
32 8 16 77 0.000922 22
32 8 16 78 0.000661 22
32 8 16 79 0.000834 22
32 8 16 80 0.000619 22
32 8 16 81 0.001028 22
32 8 16 82 0.000913 22
32 8 16 83 0.000582 22
32 8 16 84 0.001485 22
32 8 16 85 0.000934 22
32 8 16 86 0.000680 22
32 8 16 87 0.000531 22
32 8 16 88 0.000634 22
32 8 16 89 0.000696 22
32 8 16 90 0.001031 22
32 8 16 91 0.001277 22
32 8 16 92 0.000479 22
32 8 16 93 0.000576 22
32 8 16 94 0.000876 22
32 8 16 95 0.000311 22
32 8 16 96 0.000871 22
32 8 16 97 0.000868 22
32 8 16 98 0.001460 22
32 8 16 99 0.000900 22
32 8 32 0 0.000794 2
32 8 32 1 0.000727 2
32 8 32 2 0.000997 2
32 8 32 3 0.001020 2
32 8 32 4 0.000815 2
32 8 32 5 0.000665 2
32 8 32 6 0.000964 2
32 8 32 7 0.000292 2
32 8 32 8 0.000582 2
32 8 32 9 0.000764 2
32 8 32 10 0.000890 2
32 8 32 11 0.001436 2
32 8 32 12 0.000622 2
32 8 32 13 0.001294 2
32 8 32 14 0.000798 2
32 8 32 15 0.001366 2
32 8 32 16 0.001235 2
32 8 32 17 0.001066 2
32 8 32 18 0.000787 2
32 8 32 19 0.001526 2
32 8 32 20 0.000803 2
32 8 32 21 0.001013 2
32 8 32 22 0.001364 2
32 8 32 23 0.000916 2
32 8 32 24 0.000628 2
32 8 32 25 0.000635 2
32 8 32 26 0.000907 2
32 8 32 27 0.000368 2
32 8 32 28 0.001169 2
32 8 32 29 0.001800 2
32 8 32 30 0.000679 2
32 8 32 31 0.000800 2
32 8 32 32 0.000452 2
32 8 32 33 0.000498 2
32 8 32 34 0.001214 2
32 8 32 35 0.000704 2
32 8 32 36 0.000967 2
32 8 32 37 0.000659 2
32 8 32 38 0.000983 2
32 8 32 39 0.000326 2
32 8 32 40 0.000622 2
32 8 32 41 0.000820 2
32 8 32 42 0.000893 2
32 8 32 43 0.000865 2
32 8 32 44 0.000772 2
32 8 32 45 0.001264 2
32 8 32 46 0.000995 2
32 8 32 47 0.000751 2
32 8 32 48 0.000291 2
32 8 32 49 0.000994 2
32 8 32 50 0.001109 2
32 8 32 51 0.000619 2
32 8 32 52 0.000544 2
32 8 32 53 0.000737 2
32 8 32 54 0.000613 2
32 8 32 55 0.000330 2
32 8 32 56 0.001140 2
32 8 32 57 0.001337 2
32 8 32 58 0.001145 2
32 8 32 59 0.000567 2
32 8 32 60 0.001303 2
32 8 32 61 0.000886 2
32 8 32 62 0.000828 2
32 8 32 63 0.000550 2
32 8 32 64 0.000907 2
32 8 32 65 0.000966 2
32 8 32 66 0.000858 2
32 8 32 67 0.000753 2
32 8 32 68 0.000467 2
32 8 32 69 0.000474 2
32 8 32 70 0.000582 2
32 8 32 71 0.000872 2
32 8 32 72 0.000683 2
32 8 32 73 0.001243 2
32 8 32 74 0.000733 2
32 8 32 75 0.000662 2
32 8 32 76 0.001064 2
32 8 32 77 0.000916 2
32 8 32 78 0.000643 2
32 8 32 79 0.000811 2
32 8 32 80 0.000576 2
32 8 32 81 0.000934 2
32 8 32 82 0.000860 2
32 8 32 83 0.000562 2
32 8 32 84 0.001392 2
32 8 32 85 0.000906 2
32 8 32 86 0.000631 2
32 8 32 87 0.000541 2
32 8 32 88 0.000695 2
32 8 32 89 0.000688 2
32 8 32 90 0.000984 2
32 8 32 91 0.001292 2
32 8 32 92 0.000479 2
32 8 32 93 0.000537 2
32 8 32 94 0.000856 2
32 8 32 95 0.000300 2
32 8 32 96 0.000842 2
32 8 32 97 0.000866 2
32 8 32 98 0.001463 2
32 8 32 99 0.000886 2
64 2 4 0 0.000207 2222221221222202
64 2 4 1 0.000330 2222222212222222
64 2 4 2 0.000310 2222222222221221
64 2 4 3 0.000214 2222222220021222
64 2 4 4 0.000290 2222222222222222
64 2 4 5 0.000323 1222222222222222
64 2 4 6 0.000232 2222222222222102
64 2 4 7 0.000220 2222222222222222
64 2 4 8 0.000250 2222222222222222
64 2 4 9 0.000279 2222122222222222
64 2 4 10 0.000246 2222222222222222
64 2 4 11 0.000243 1122022222222222
64 2 4 12 0.000268 2222222222222220
64 2 4 13 0.000266 1212122222222222
64 2 4 14 0.000251 2222222222222222
64 2 4 15 0.000238 2222122222222222
64 2 4 16 0.000274 2122222222222221
64 2 4 17 0.000261 2222222212221222
64 2 4 18 0.000269 0222222222222222
64 2 4 19 0.000340 2222222212222222
64 2 4 20 0.000292 1222222222222222
64 2 4 21 0.000283 2122222222222212
64 2 4 22 0.000287 2222122222222222
64 2 4 23 0.000247 2220222222222122
64 2 4 24 0.000266 2222222222222112
64 2 4 25 0.000275 2222221212222222
64 2 4 26 0.000306 2222222212222122
64 2 4 27 0.000323 2222222222122222
64 2 4 28 0.000253 2222222222202222
64 2 4 29 0.000279 2222212222222212
64 2 4 30 0.000283 2222212222222221
64 2 4 31 0.000339 2222222222222222
64 2 4 32 0.000240 2222222222222222
64 2 4 33 0.000227 0222222222222221
64 2 4 34 0.000266 1222222222222122
64 2 4 35 0.000231 2222222022222222
64 2 4 36 0.000297 2222222222222222
64 2 4 37 0.000280 2222222222222222
64 2 4 38 0.000285 1222222222222222
64 2 4 39 0.000330 2222222222222222
64 2 4 40 0.000267 2222222222222222
64 2 4 41 0.000295 2222222222222121
64 2 4 42 0.000286 2222222122222222
64 2 4 43 0.000287 2222222212222222
64 2 4 44 0.000304 2222222222222222
64 2 4 45 0.000259 2222212222121122
64 2 4 46 0.000266 2212202222222222
64 2 4 47 0.000274 2212222221222222
64 2 4 48 0.000274 2222222222122222
64 2 4 49 0.000277 2222222221222222
64 2 4 50 0.000287 2222222202222222
64 2 4 51 0.000234 2222222222222222
64 2 4 52 0.000309 2221222222222222
64 2 4 53 0.000282 2222222222222222
64 2 4 54 0.000289 2222222222222221
64 2 4 55 0.000314 2222222222222222
64 2 4 56 0.000250 2222222222222222
64 2 4 57 0.000270 2222222222222212
64 2 4 58 0.000266 2221222222211222
64 2 4 59 0.000295 2222222222222122
64 2 4 60 0.000260 1222222222222222
64 2 4 61 0.000323 1222212222222122
64 2 4 62 0.000292 2222222222222012
64 2 4 63 0.000303 2222222222122221
64 2 4 64 0.000257 2212221222222222
64 2 4 65 0.000231 2222222222222222
64 2 4 66 0.000273 2222211222122222
64 2 4 67 0.000323 2222222222222222
64 2 4 68 0.000326 2221222222222222
64 2 4 69 0.000275 2222221122222222
64 2 4 70 0.000219 0222222222222222
64 2 4 71 0.000322 0222222222222222
64 2 4 72 0.000338 2222222202222222
64 2 4 73 0.000248 2222221222222122
64 2 4 74 0.000287 0222222222222222
64 2 4 75 0.000260 2221222222222222
64 2 4 76 0.000325 2222222222222122
64 2 4 77 0.000314 2222222212222222
64 2 4 78 0.000297 2222222222222222
64 2 4 79 0.000218 2222222222202222
64 2 4 80 0.000271 0022222222222212
64 2 4 81 0.000322 2222122222222222
64 2 4 82 0.000325 2222221222222222
64 2 4 83 0.000247 2222221222220122
64 2 4 84 0.000296 2222212222212221
64 2 4 85 0.000287 2222222222222222
64 2 4 86 0.000287 2220222222122222
64 2 4 87 0.000274 2221222222222222
64 2 4 88 0.000213 2222122022222222
64 2 4 89 0.000238 2212222222222222
64 2 4 90 0.000283 2222222222222222
64 2 4 91 0.000267 2222222122222222
64 2 4 92 0.000328 2222222222222222
64 2 4 93 0.000300 2221222222222222
64 2 4 94 0.000308 2222222222222222
64 2 4 95 0.000268 2221222222222222
64 2 4 96 0.000326 2222222222222122
64 2 4 97 0.000221 2202222222222222
64 2 4 98 0.000291 0222222222222122
64 2 4 99 0.000247 2222222222222222
64 2 8 0 0.000202 22221222
64 2 8 1 0.000321 22222222
64 2 8 2 0.000310 22222221
64 2 8 3 0.000211 22220222
64 2 8 4 0.000271 22222222
64 2 8 5 0.000363 22222222
64 2 8 6 0.000227 22222212
64 2 8 7 0.000203 22222222
64 2 8 8 0.000237 22222222
64 2 8 9 0.000268 22222222
64 2 8 10 0.000238 12222222
64 2 8 11 0.000235 12222222
64 2 8 12 0.000266 22222220
64 2 8 13 0.000257 22222222
64 2 8 14 0.000236 22222222
64 2 8 15 0.000234 22222222
64 2 8 16 0.000252 12222221
64 2 8 17 0.000254 22222222
64 2 8 18 0.000259 22222222
64 2 8 19 0.000343 22222222
64 2 8 20 0.000274 22222222
64 2 8 21 0.000269 12222222
64 2 8 22 0.000278 22222222
64 2 8 23 0.000235 20222212
64 2 8 24 0.000266 22222212
64 2 8 25 0.000259 22222222
64 2 8 26 0.000290 22222212
64 2 8 27 0.000310 22222222
64 2 8 28 0.000244 22222022
64 2 8 29 0.000271 22122222
64 2 8 30 0.000269 22122221
64 2 8 31 0.000331 22222222
64 2 8 32 0.000232 22222222
64 2 8 33 0.000224 22222221
64 2 8 34 0.000260 22222212
64 2 8 35 0.000230 22202222
64 2 8 36 0.000288 22222222
64 2 8 37 0.000274 22222222
64 2 8 38 0.000276 22222222
64 2 8 39 0.000328 22222222
64 2 8 40 0.000259 22222222
64 2 8 41 0.000290 22222211
64 2 8 42 0.000270 22212222
64 2 8 43 0.000285 22222222
64 2 8 44 0.000288 22222222
64 2 8 45 0.000254 22122212
64 2 8 46 0.000260 22022222
64 2 8 47 0.000254 22221222
64 2 8 48 0.000253 22222222
64 2 8 49 0.000270 22221222
64 2 8 50 0.000271 22222222
64 2 8 51 0.000225 22222222
64 2 8 52 0.000294 21222222
64 2 8 53 0.000389 22222222
64 2 8 54 0.000278 22222221
64 2 8 55 0.000310 22222222
64 2 8 56 0.000246 22222222
64 2 8 57 0.000250 22222222
64 2 8 58 0.000260 21222122
64 2 8 59 0.000300 22222212
64 2 8 60 0.000247 22222222
64 2 8 61 0.000301 22122212
64 2 8 62 0.000283 22222202
64 2 8 63 0.000279 22222221
64 2 8 64 0.000249 22222222
64 2 8 65 0.000213 22222222
64 2 8 66 0.000268 22122222
64 2 8 67 0.000320 22222222
64 2 8 68 0.000322 21222222
64 2 8 69 0.000260 22212222
64 2 8 70 0.000205 22222222
64 2 8 71 0.000311 22222222
64 2 8 72 0.000281 22222222
64 2 8 73 0.000228 22222212
64 2 8 74 0.000284 22222222
64 2 8 75 0.000246 21222222
64 2 8 76 0.000321 22222212
64 2 8 77 0.000298 22222222
64 2 8 78 0.000301 22222222
64 2 8 79 0.000211 22222022
64 2 8 80 0.000230 02222222
64 2 8 81 0.000310 22222222
64 2 8 82 0.000320 22222222
64 2 8 83 0.000241 22222212
64 2 8 84 0.000253 22122121
64 2 8 85 0.000267 22222222
64 2 8 86 0.000288 20222222
64 2 8 87 0.000262 21222222
64 2 8 88 0.000205 22202222
64 2 8 89 0.000233 22222222
64 2 8 90 0.000281 22222222
64 2 8 91 0.000259 22212222
64 2 8 92 0.000315 22222222
64 2 8 93 0.000292 21222222
64 2 8 94 0.000293 22222222
64 2 8 95 0.000255 21222222
64 2 8 96 0.000303 22222212
64 2 8 97 0.000212 22222222
64 2 8 98 0.000287 22222212
64 2 8 99 0.000244 22222222
64 2 16 0 0.000200 2222
64 2 16 1 0.000331 2222
64 2 16 2 0.000310 2221
64 2 16 3 0.000212 2222
64 2 16 4 0.000274 2222
64 2 16 5 0.000307 2222
64 2 16 6 0.000218 2222
64 2 16 7 0.000229 2222
64 2 16 8 0.000240 2222
64 2 16 9 0.000273 2222
64 2 16 10 0.000241 2222
64 2 16 11 0.000241 2222
64 2 16 12 0.000268 2220
64 2 16 13 0.000264 2222
64 2 16 14 0.000242 2222
64 2 16 15 0.000230 2222
64 2 16 16 0.000254 2221
64 2 16 17 0.000267 2222
64 2 16 18 0.000263 2222
64 2 16 19 0.000344 2222
64 2 16 20 0.000287 2222
64 2 16 21 0.000273 2222
64 2 16 22 0.000282 2222
64 2 16 23 0.000242 0222
64 2 16 24 0.000257 2222
64 2 16 25 0.000270 2222
64 2 16 26 0.000326 2222
64 2 16 27 0.000322 2222
64 2 16 28 0.000247 2202
64 2 16 29 0.000278 2222
64 2 16 30 0.000276 2221
64 2 16 31 0.000332 2222
64 2 16 32 0.000237 2222
64 2 16 33 0.000221 2221
64 2 16 34 0.000263 2222
64 2 16 35 0.000230 2022
64 2 16 36 0.000292 2222
64 2 16 37 0.000276 2222
64 2 16 38 0.000285 2222
64 2 16 39 0.000323 2222
64 2 16 40 0.000258 2222
64 2 16 41 0.000296 2221
64 2 16 42 0.000280 2122
64 2 16 43 0.000290 2222
64 2 16 44 0.000285 2222
64 2 16 45 0.000264 2222
64 2 16 46 0.000264 2222
64 2 16 47 0.000260 2222
64 2 16 48 0.000264 2222
64 2 16 49 0.000279 2222
64 2 16 50 0.000281 2222
64 2 16 51 0.000227 2222
64 2 16 52 0.000304 1222
64 2 16 53 0.000279 2222
64 2 16 54 0.000280 2221
64 2 16 55 0.000325 2222
64 2 16 56 0.000251 2222
64 2 16 57 0.000268 2222
64 2 16 58 0.000279 1212
64 2 16 59 0.000294 2222
64 2 16 60 0.000252 2222
64 2 16 61 0.000316 2222
64 2 16 62 0.000285 2222
64 2 16 63 0.000281 2221
64 2 16 64 0.000251 2222
64 2 16 65 0.000217 2222
64 2 16 66 0.000266 2222
64 2 16 67 0.000323 2222
64 2 16 68 0.000327 1222
64 2 16 69 0.000269 2122
64 2 16 70 0.000202 2222
64 2 16 71 0.000323 2222
64 2 16 72 0.000287 2222
64 2 16 73 0.000224 2222
64 2 16 74 0.000289 2222
64 2 16 75 0.000255 1222
64 2 16 76 0.000331 2222
64 2 16 77 0.000297 2222
64 2 16 78 0.000301 2222
64 2 16 79 0.000209 2202
64 2 16 80 0.000228 2222
64 2 16 81 0.000317 2222
64 2 16 82 0.000328 2222
64 2 16 83 0.000243 2222
64 2 16 84 0.000252 2211
64 2 16 85 0.000262 2222
64 2 16 86 0.000288 0222
64 2 16 87 0.000261 1222
64 2 16 88 0.000204 2022
64 2 16 89 0.000237 2222
64 2 16 90 0.000286 2222
64 2 16 91 0.000266 2122
64 2 16 92 0.000321 2222
64 2 16 93 0.000289 1222
64 2 16 94 0.000298 2222
64 2 16 95 0.000258 1222
64 2 16 96 0.000308 2222
64 2 16 97 0.000210 2222
64 2 16 98 0.000288 2222
64 2 16 99 0.000243 2222
64 2 32 0 0.000204 22
64 2 32 1 0.000332 22
64 2 32 2 0.000316 21
64 2 32 3 0.000220 22
64 2 32 4 0.000278 22
64 2 32 5 0.000314 22
64 2 32 6 0.000226 22
64 2 32 7 0.000224 22
64 2 32 8 0.000242 22
64 2 32 9 0.000281 22
64 2 32 10 0.000242 22
64 2 32 11 0.000243 22
64 2 32 12 0.000282 20
64 2 32 13 0.000267 22
64 2 32 14 0.000237 22
64 2 32 15 0.000228 22
64 2 32 16 0.000258 21
64 2 32 17 0.000263 22
64 2 32 18 0.000268 22
64 2 32 19 0.000345 22
64 2 32 20 0.000296 22
64 2 32 21 0.000275 22
64 2 32 22 0.000290 22
64 2 32 23 0.000247 22
64 2 32 24 0.000266 22
64 2 32 25 0.000271 22
64 2 32 26 0.000310 22
64 2 32 27 0.000321 22
64 2 32 28 0.000252 22
64 2 32 29 0.000281 22
64 2 32 30 0.000280 21
64 2 32 31 0.000348 22
64 2 32 32 0.000244 22
64 2 32 33 0.000226 21
64 2 32 34 0.000271 22
64 2 32 35 0.000245 02
64 2 32 36 0.000298 22
64 2 32 37 0.000287 22
64 2 32 38 0.000285 22
64 2 32 39 0.000333 22
64 2 32 40 0.000283 22
64 2 32 41 0.000296 21
64 2 32 42 0.000281 12
64 2 32 43 0.000292 22
64 2 32 44 0.000298 22
64 2 32 45 0.000260 22
64 2 32 46 0.000265 22
64 2 32 47 0.000265 22
64 2 32 48 0.000279 22
64 2 32 49 0.000278 22
64 2 32 50 0.000285 22
64 2 32 51 0.000234 22
64 2 32 52 0.000323 22
64 2 32 53 0.000270 22
64 2 32 54 0.000287 21
64 2 32 55 0.000322 22
64 2 32 56 0.000254 22
64 2 32 57 0.000254 22
64 2 32 58 0.000269 22
64 2 32 59 0.000302 22
64 2 32 60 0.000253 22
64 2 32 61 0.000316 22
64 2 32 62 0.000294 22
64 2 32 63 0.000292 21
64 2 32 64 0.000260 22
64 2 32 65 0.000220 22
64 2 32 66 0.000272 22
64 2 32 67 0.000327 22
64 2 32 68 0.000334 22
64 2 32 69 0.000272 12
64 2 32 70 0.000207 22
64 2 32 71 0.000322 22
64 2 32 72 0.000294 22
64 2 32 73 0.000233 22
64 2 32 74 0.000295 22
64 2 32 75 0.000260 22
64 2 32 76 0.000336 22
64 2 32 77 0.000305 22
64 2 32 78 0.000304 22
64 2 32 79 0.000228 22
64 2 32 80 0.000229 22
64 2 32 81 0.000318 22
64 2 32 82 0.000325 22
64 2 32 83 0.000253 22
64 2 32 84 0.000260 21
64 2 32 85 0.000274 22
64 2 32 86 0.000292 22
64 2 32 87 0.000273 22
64 2 32 88 0.000212 02
64 2 32 89 0.000250 22
64 2 32 90 0.000281 22
64 2 32 91 0.000272 12
64 2 32 92 0.000331 22
64 2 32 93 0.000296 22
64 2 32 94 0.000295 22
64 2 32 95 0.000257 22
64 2 32 96 0.000323 22
64 2 32 97 0.000216 22
64 2 32 98 0.000290 22
64 2 32 99 0.000253 22
64 4 8 0 0.000530 22222222
64 4 8 1 0.000930 22222222
64 4 8 2 0.000843 22222222
64 4 8 3 0.000448 22222222
64 4 8 4 0.000763 22222222
64 4 8 5 0.000864 22222222
64 4 8 6 0.000588 22222222
64 4 8 7 0.000576 22222222
64 4 8 8 0.000628 22222222
64 4 8 9 0.000707 22222222
64 4 8 10 0.000619 22222222
64 4 8 11 0.000618 12222222
64 4 8 12 0.000732 22222222
64 4 8 13 0.000666 22222222
64 4 8 14 0.000582 22222222
64 4 8 15 0.000603 22222222
64 4 8 16 0.000696 22222222
64 4 8 17 0.000669 22222222
64 4 8 18 0.000697 22222222
64 4 8 19 0.001033 22222222
64 4 8 20 0.000723 22222222
64 4 8 21 0.000740 22222222
64 4 8 22 0.000746 22222222
64 4 8 23 0.000586 22222222
64 4 8 24 0.000690 22222222
64 4 8 25 0.000746 22222222
64 4 8 26 0.000806 22222222
64 4 8 27 0.000805 22222222
64 4 8 28 0.000636 22222222
64 4 8 29 0.000737 22222222
64 4 8 30 0.000717 22222222
64 4 8 31 0.000946 22222222
64 4 8 32 0.000544 22222222
64 4 8 33 0.000502 22222222
64 4 8 34 0.000652 22222222
64 4 8 35 0.000538 22222222
64 4 8 36 0.000774 22222222
64 4 8 37 0.000757 22222222
64 4 8 38 0.000734 22222222
64 4 8 39 0.000907 22222222
64 4 8 40 0.000648 22222222
64 4 8 41 0.000770 22222222
64 4 8 42 0.000666 22222222
64 4 8 43 0.000784 22222222
64 4 8 44 0.000780 22222222
64 4 8 45 0.000668 22222212
64 4 8 46 0.000626 22222222
64 4 8 47 0.000662 22222222
64 4 8 48 0.000696 22222222
64 4 8 49 0.000704 22222222
64 4 8 50 0.000707 22222222
64 4 8 51 0.000549 22222222
64 4 8 52 0.000821 22222222
64 4 8 53 0.000703 22222222
64 4 8 54 0.000755 22222222
64 4 8 55 0.000897 22222222
64 4 8 56 0.000621 22222222
64 4 8 57 0.000703 22222222
64 4 8 58 0.000632 22222222
64 4 8 59 0.000811 22222222
64 4 8 60 0.000631 22222222
64 4 8 61 0.000912 22222222
64 4 8 62 0.000774 22222222
64 4 8 63 0.000795 22222222
64 4 8 64 0.000627 22222222
64 4 8 65 0.000500 22222222
64 4 8 66 0.000653 22222222
64 4 8 67 0.000857 22222222
64 4 8 68 0.000961 22222222
64 4 8 69 0.000728 22212222
64 4 8 70 0.000488 22222222
64 4 8 71 0.000811 22222222
64 4 8 72 0.000751 22222222
64 4 8 73 0.000549 22222222
64 4 8 74 0.000752 22222222
64 4 8 75 0.000606 22222222
64 4 8 76 0.000889 22222222
64 4 8 77 0.000835 22222222
64 4 8 78 0.000851 22222222
64 4 8 79 0.000525 22222222
64 4 8 80 0.000553 02222222
64 4 8 81 0.000839 22222222
64 4 8 82 0.000879 22222222
64 4 8 83 0.000632 22222222
64 4 8 84 0.000683 22222222
64 4 8 85 0.000720 22222222
64 4 8 86 0.000807 22222222
64 4 8 87 0.000705 22222222
64 4 8 88 0.000419 22222222
64 4 8 89 0.000558 22222222
64 4 8 90 0.000755 22222222
64 4 8 91 0.000614 22222222
64 4 8 92 0.000890 22222222
64 4 8 93 0.000759 22222222
64 4 8 94 0.000730 22222222
64 4 8 95 0.000630 22222222
64 4 8 96 0.000828 22222222
64 4 8 97 0.000501 22222222
64 4 8 98 0.000765 22222222
64 4 8 99 0.000556 22222222
64 4 16 0 0.000564 2222
64 4 16 1 0.000926 2222
64 4 16 2 0.000797 2222
64 4 16 3 0.000459 2222
64 4 16 4 0.000780 2222
64 4 16 5 0.000887 2222
64 4 16 6 0.000593 2222
64 4 16 7 0.000546 2222
64 4 16 8 0.000624 2222
64 4 16 9 0.000722 2222
64 4 16 10 0.000639 2222
64 4 16 11 0.000602 2222
64 4 16 12 0.000735 2222
64 4 16 13 0.000683 2222
64 4 16 14 0.000592 2222
64 4 16 15 0.000589 2222
64 4 16 16 0.000679 2222
64 4 16 17 0.000683 2222
64 4 16 18 0.000725 2222
64 4 16 19 0.000928 2222
64 4 16 20 0.000716 2222
64 4 16 21 0.000737 2222
64 4 16 22 0.000724 2222
64 4 16 23 0.000585 2222
64 4 16 24 0.000662 2222
64 4 16 25 0.000739 2222
64 4 16 26 0.000776 2222
64 4 16 27 0.000791 2222
64 4 16 28 0.000621 2222
64 4 16 29 0.000725 2222
64 4 16 30 0.000689 2222
64 4 16 31 0.000928 2222
64 4 16 32 0.000576 2222
64 4 16 33 0.000514 2222
64 4 16 34 0.000712 2222
64 4 16 35 0.000544 2222
64 4 16 36 0.000796 2222
64 4 16 37 0.000750 2222
64 4 16 38 0.000771 2222
64 4 16 39 0.000907 2222
64 4 16 40 0.000662 2222
64 4 16 41 0.000763 2222
64 4 16 42 0.000685 2222
64 4 16 43 0.000807 2222
64 4 16 44 0.000786 2222
64 4 16 45 0.000671 2222
64 4 16 46 0.000640 2222
64 4 16 47 0.000627 2222
64 4 16 48 0.000690 2222
64 4 16 49 0.000727 2222
64 4 16 50 0.000710 2222
64 4 16 51 0.000558 2222
64 4 16 52 0.000812 2222
64 4 16 53 0.000721 2222
64 4 16 54 0.000782 2222
64 4 16 55 0.000921 2222
64 4 16 56 0.000604 2222
64 4 16 57 0.000684 2222
64 4 16 58 0.000643 2222
64 4 16 59 0.000786 2222
64 4 16 60 0.000617 2222
64 4 16 61 0.000878 2222
64 4 16 62 0.000771 2222
64 4 16 63 0.000779 2222
64 4 16 64 0.000621 2222
64 4 16 65 0.000503 2222
64 4 16 66 0.000669 2222
64 4 16 67 0.000918 2222
64 4 16 68 0.000903 2222
64 4 16 69 0.000694 2122
64 4 16 70 0.000473 2222
64 4 16 71 0.000813 2222
64 4 16 72 0.000759 2222
64 4 16 73 0.000534 2222
64 4 16 74 0.000746 2222
64 4 16 75 0.000600 2222
64 4 16 76 0.000862 2222
64 4 16 77 0.000860 2222
64 4 16 78 0.000875 2222
64 4 16 79 0.000525 2222
64 4 16 80 0.000589 2222
64 4 16 81 0.000901 2222
64 4 16 82 0.000867 2222
64 4 16 83 0.000607 2222
64 4 16 84 0.000653 2222
64 4 16 85 0.000671 2222
64 4 16 86 0.000777 2222
64 4 16 87 0.000703 2222
64 4 16 88 0.000432 2222
64 4 16 89 0.000554 2222
64 4 16 90 0.000745 2222
64 4 16 91 0.000632 2222
64 4 16 92 0.000895 2222
64 4 16 93 0.000783 2222
64 4 16 94 0.000758 2222
64 4 16 95 0.000625 2222
64 4 16 96 0.000784 2222
64 4 16 97 0.000509 2222
64 4 16 98 0.000775 2222
64 4 16 99 0.000582 2222
64 4 32 0 0.000553 22
64 4 32 1 0.000963 22
64 4 32 2 0.000852 22
64 4 32 3 0.000461 22
64 4 32 4 0.000790 22
64 4 32 5 0.000901 22
64 4 32 6 0.000614 22
64 4 32 7 0.000568 22
64 4 32 8 0.000633 22
64 4 32 9 0.000704 22
64 4 32 10 0.000629 22
64 4 32 11 0.000610 22
64 4 32 12 0.000767 22
64 4 32 13 0.000685 22
64 4 32 14 0.000624 22
64 4 32 15 0.000596 22
64 4 32 16 0.000675 22
64 4 32 17 0.000689 22
64 4 32 18 0.000710 22
64 4 32 19 0.000913 22
64 4 32 20 0.000741 22
64 4 32 21 0.000738 22
64 4 32 22 0.000744 22
64 4 32 23 0.000601 22
64 4 32 24 0.000682 22
64 4 32 25 0.000748 22
64 4 32 26 0.000795 22
64 4 32 27 0.000796 22
64 4 32 28 0.000638 22
64 4 32 29 0.000716 22
64 4 32 30 0.000702 22
64 4 32 31 0.000952 22
64 4 32 32 0.000561 22
64 4 32 33 0.000521 22
64 4 32 34 0.000678 22
64 4 32 35 0.000554 22
64 4 32 36 0.000796 22
64 4 32 37 0.000742 22
64 4 32 38 0.000767 22
64 4 32 39 0.000957 22
64 4 32 40 0.000662 22
64 4 32 41 0.000797 22
64 4 32 42 0.000668 22
64 4 32 43 0.000780 22
64 4 32 44 0.000808 22
64 4 32 45 0.000670 22
64 4 32 46 0.000641 22
64 4 32 47 0.000665 22
64 4 32 48 0.000688 22
64 4 32 49 0.000716 22
64 4 32 50 0.000706 22
64 4 32 51 0.000579 22
64 4 32 52 0.000836 22
64 4 32 53 0.000743 22
64 4 32 54 0.000775 22
64 4 32 55 0.000948 22
64 4 32 56 0.000625 22
64 4 32 57 0.000701 22
64 4 32 58 0.000652 22
64 4 32 59 0.000799 22
64 4 32 60 0.000637 22
64 4 32 61 0.000872 22
64 4 32 62 0.000803 22
64 4 32 63 0.000838 22
64 4 32 64 0.000627 22
64 4 32 65 0.000513 22
64 4 32 66 0.000650 22
64 4 32 67 0.000873 22
64 4 32 68 0.000971 22
64 4 32 69 0.000704 12
64 4 32 70 0.000483 22
64 4 32 71 0.000810 22
64 4 32 72 0.000811 22
64 4 32 73 0.000554 22
64 4 32 74 0.000780 22
64 4 32 75 0.000608 22
64 4 32 76 0.000884 22
64 4 32 77 0.000826 22
64 4 32 78 0.000866 22
64 4 32 79 0.000538 22
64 4 32 80 0.000569 22
64 4 32 81 0.000856 22
64 4 32 82 0.000860 22
64 4 32 83 0.000629 22
64 4 32 84 0.000657 22
64 4 32 85 0.000685 22
64 4 32 86 0.000801 22
64 4 32 87 0.000695 22
64 4 32 88 0.000436 22
64 4 32 89 0.000566 22
64 4 32 90 0.000743 22
64 4 32 91 0.000633 22
64 4 32 92 0.001002 22
64 4 32 93 0.000761 22
64 4 32 94 0.000762 22
64 4 32 95 0.000630 22
64 4 32 96 0.000802 22
64 4 32 97 0.000519 22
64 4 32 98 0.000797 22
64 4 32 99 0.000583 22
64 8 16 0 0.001750 2222
64 8 16 1 0.002907 2222
64 8 16 2 0.002372 2222
64 8 16 3 0.001168 2222
64 8 16 4 0.002206 2222
64 8 16 5 0.002742 2222
64 8 16 6 0.001803 2222
64 8 16 7 0.001573 2222
64 8 16 8 0.001618 2222
64 8 16 9 0.002160 2222
64 8 16 10 0.001933 2222
64 8 16 11 0.001911 2222
64 8 16 12 0.002286 2222
64 8 16 13 0.001798 2222
64 8 16 14 0.001942 2222
64 8 16 15 0.001716 2222
64 8 16 16 0.002046 2222
64 8 16 17 0.001923 2222
64 8 16 18 0.002133 2222
64 8 16 19 0.002813 2222
64 8 16 20 0.002192 2222
64 8 16 21 0.002199 2222
64 8 16 22 0.002092 2222
64 8 16 23 0.001732 2222
64 8 16 24 0.002070 2222
64 8 16 25 0.002275 2222
64 8 16 26 0.002443 2222
64 8 16 27 0.002388 2222
64 8 16 28 0.001592 2222
64 8 16 29 0.002157 2222
64 8 16 30 0.002238 2222
64 8 16 31 0.002933 2222
64 8 16 32 0.001608 2222
64 8 16 33 0.001383 2222
64 8 16 34 0.001835 2222
64 8 16 35 0.001394 2222
64 8 16 36 0.002439 2222
64 8 16 37 0.002262 2222
64 8 16 38 0.002336 2222
64 8 16 39 0.002952 2222
64 8 16 40 0.001944 2222
64 8 16 41 0.002473 2222
64 8 16 42 0.001883 2222
64 8 16 43 0.002218 2222
64 8 16 44 0.002462 2222
64 8 16 45 0.001930 2222
64 8 16 46 0.001842 2222
64 8 16 47 0.001865 2222
64 8 16 48 0.002172 2222
64 8 16 49 0.001967 2222
64 8 16 50 0.002090 2222
64 8 16 51 0.001654 2222
64 8 16 52 0.002128 2222
64 8 16 53 0.002032 2222
64 8 16 54 0.002336 2222
64 8 16 55 0.002697 2222
64 8 16 56 0.001835 2222
64 8 16 57 0.002170 2222
64 8 16 58 0.001913 2222
64 8 16 59 0.002462 2222
64 8 16 60 0.001950 2222
64 8 16 61 0.002575 2222
64 8 16 62 0.002376 2222
64 8 16 63 0.002336 2222
64 8 16 64 0.001799 2222
64 8 16 65 0.001328 2222
64 8 16 66 0.001874 2222
64 8 16 67 0.002786 2222
64 8 16 68 0.002661 2222
64 8 16 69 0.001886 2222
64 8 16 70 0.001323 2222
64 8 16 71 0.003364 2222
64 8 16 72 0.002261 2222
64 8 16 73 0.001638 2222
64 8 16 74 0.002035 2222
64 8 16 75 0.001845 2222
64 8 16 76 0.002902 2222
64 8 16 77 0.002728 2222
64 8 16 78 0.002674 2222
64 8 16 79 0.001330 2222
64 8 16 80 0.001643 2222
64 8 16 81 0.002626 2222
64 8 16 82 0.002462 2222
64 8 16 83 0.001822 2222
64 8 16 84 0.001796 2222
64 8 16 85 0.002118 2222
64 8 16 86 0.002349 2222
64 8 16 87 0.002094 2222
64 8 16 88 0.001264 2222
64 8 16 89 0.001579 2222
64 8 16 90 0.001975 2222
64 8 16 91 0.001902 2222
64 8 16 92 0.003189 2222
64 8 16 93 0.002213 2222
64 8 16 94 0.002284 2222
64 8 16 95 0.001880 2222
64 8 16 96 0.002718 2222
64 8 16 97 0.001489 2222
64 8 16 98 0.002501 2222
64 8 16 99 0.001771 2222
64 8 32 0 0.001647 22
64 8 32 1 0.002927 22
64 8 32 2 0.002627 22
64 8 32 3 0.001193 22
64 8 32 4 0.002479 22
64 8 32 5 0.002626 22
64 8 32 6 0.001817 22
64 8 32 7 0.001540 22
64 8 32 8 0.001574 22
64 8 32 9 0.002097 22
64 8 32 10 0.001939 22
64 8 32 11 0.001828 22
64 8 32 12 0.002292 22
64 8 32 13 0.001787 22
64 8 32 14 0.001892 22
64 8 32 15 0.001745 22
64 8 32 16 0.002073 22
64 8 32 17 0.001952 22
64 8 32 18 0.002097 22
64 8 32 19 0.003024 22
64 8 32 20 0.002213 22
64 8 32 21 0.002207 22
64 8 32 22 0.002223 22
64 8 32 23 0.001770 22
64 8 32 24 0.001947 22
64 8 32 25 0.002449 22
64 8 32 26 0.002486 22
64 8 32 27 0.002386 22
64 8 32 28 0.001673 22
64 8 32 29 0.002188 22
64 8 32 30 0.002199 22
64 8 32 31 0.002973 22
64 8 32 32 0.001595 22
64 8 32 33 0.001351 22
64 8 32 34 0.001823 22
64 8 32 35 0.001372 22
64 8 32 36 0.002372 22
64 8 32 37 0.002467 22
64 8 32 38 0.002410 22
64 8 32 39 0.002933 22
64 8 32 40 0.001950 22
64 8 32 41 0.002584 22
64 8 32 42 0.001979 22
64 8 32 43 0.002251 22
64 8 32 44 0.002537 22
64 8 32 45 0.001871 22
64 8 32 46 0.001913 22
64 8 32 47 0.001944 22
64 8 32 48 0.002069 22
64 8 32 49 0.001999 22
64 8 32 50 0.002201 22
64 8 32 51 0.001810 22
64 8 32 52 0.002198 22
64 8 32 53 0.001943 22
64 8 32 54 0.002314 22
64 8 32 55 0.002840 22
64 8 32 56 0.001901 22
64 8 32 57 0.002236 22
64 8 32 58 0.001827 22
64 8 32 59 0.002547 22
64 8 32 60 0.001822 22
64 8 32 61 0.002670 22
64 8 32 62 0.002213 22
64 8 32 63 0.002204 22
64 8 32 64 0.001819 22
64 8 32 65 0.001346 22
64 8 32 66 0.001932 22
64 8 32 67 0.002871 22
64 8 32 68 0.002529 22
64 8 32 69 0.001929 22
64 8 32 70 0.001331 22
64 8 32 71 0.002529 22
64 8 32 72 0.002351 22
64 8 32 73 0.001712 22
64 8 32 74 0.002064 22
64 8 32 75 0.001905 22
64 8 32 76 0.002970 22
64 8 32 77 0.002637 22
64 8 32 78 0.002589 22
64 8 32 79 0.001389 22
64 8 32 80 0.001635 22
64 8 32 81 0.002583 22
64 8 32 82 0.002383 22
64 8 32 83 0.001855 22
64 8 32 84 0.001944 22
64 8 32 85 0.002099 22
64 8 32 86 0.002330 22
64 8 32 87 0.002041 22
64 8 32 88 0.001305 22
64 8 32 89 0.001621 22
64 8 32 90 0.002024 22
64 8 32 91 0.001889 22
64 8 32 92 0.002956 22
64 8 32 93 0.002291 22
64 8 32 94 0.002290 22
64 8 32 95 0.001908 22
64 8 32 96 0.002619 22
64 8 32 97 0.001436 22
64 8 32 98 0.002598 22
64 8 32 99 0.001783 22
128 2 4 0 0.000543 22222222222122222221222212222222
128 2 4 1 0.000498 12222222222222222222122222222222
128 2 4 2 0.000571 22222222122122222221222222222222
128 2 4 3 0.000563 22222221221222222222122222212222
128 2 4 4 0.000579 22222222222222222222222222222212
128 2 4 5 0.000546 22221222222222222222212222222222
128 2 4 6 0.000624 11222222222222222222222222222222
128 2 4 7 0.000590 21222222222222221222222222222222
128 2 4 8 0.000645 22222222222221221222222222222221
128 2 4 9 0.000491 20222222222222222220121222122222
128 2 4 10 0.000641 22222122222222222222222222222212
128 2 4 11 0.000570 22220222222212212222222222222122
128 2 4 12 0.000564 21222222222222222222222222122121
128 2 4 13 0.000561 12212222222222222222222222222222
128 2 4 14 0.000678 22222222222222222222222222222222
128 2 4 15 0.000478 22222222222222222222222222222222
128 2 4 16 0.000587 22222111212222222222222222222222
128 2 4 17 0.000591 22222222222222222222222212222222
128 2 4 18 0.000610 22222222222212222222222222222222
128 2 4 19 0.000563 22222222212222222222222222222222
128 2 4 20 0.000586 22222221222222222222222222222222
128 2 4 21 0.000574 22222222222222222212220222222222
128 2 4 22 0.000629 22212222212222222222222222222222
128 2 4 23 0.000654 22222222222221222222222222122222
128 2 4 24 0.000539 22222222222222221222222222222221
128 2 4 25 0.000534 22122221212221222222222222121222
128 2 4 26 0.000608 22222222222222222122122212222222
128 2 4 27 0.000518 21221222222222222222121212222222
128 2 4 28 0.000625 22122222222222222222222222222212
128 2 4 29 0.000578 22202222222122222222222222222222
128 2 4 30 0.000521 22222222222222222222022222222222
128 2 4 31 0.000576 02222222222222222222222212222222
128 2 4 32 0.000548 22222222122222012222222222222222
128 2 4 33 0.000549 22212222112122222222222222222222
128 2 4 34 0.000569 22222222222222122222222222122212
128 2 4 35 0.000647 22222222222212222222222222222220
128 2 4 36 0.000559 02212122222222222222222222222222
128 2 4 37 0.000573 22202222222222222222222222222222
128 2 4 38 0.000604 22222222222222212122222222222222
128 2 4 39 0.000575 22222222222222221222222222212222
128 2 4 40 0.000543 00212222122222222222222222222222
128 2 4 41 0.000614 22222222222222222222222222222222
128 2 4 42 0.000609 22222222122222222122222222222222
128 2 4 43 0.000560 22212122222222222122212222122220
128 2 4 44 0.000491 22222022222222221222222122122222
128 2 4 45 0.000510 22222222122221222222122222222222
128 2 4 46 0.000603 22221222222222222222222222222212
128 2 4 47 0.000520 22222222222222222122222222222222
128 2 4 48 0.000580 22222222222212222222122222222222
128 2 4 49 0.000612 22222221221222212222222222222222
128 2 4 50 0.000612 22222222222222222222222222222202
128 2 4 51 0.000618 22222222222212222222222222222222
128 2 4 52 0.000603 22221222222222222220222222222222
128 2 4 53 0.000604 22222222221222222222222212222222
128 2 4 54 0.000595 22222222202222222222222222222222
128 2 4 55 0.000541 22222222121222212222222222222222
128 2 4 56 0.000603 22222222222222221222222222222222
128 2 4 57 0.000586 22022222222222221222220222222222
128 2 4 58 0.000618 22222222222222222221222222222122
128 2 4 59 0.000544 22222212222222222221222222220222
128 2 4 60 0.000565 21222222222222222222222122222222
128 2 4 61 0.000461 22122221122222222210212222222222
128 2 4 62 0.000605 22222222022202222222222222122222
128 2 4 63 0.000563 22222212222222222222222222222222
128 2 4 64 0.000561 22222222212222222222222222102222
128 2 4 65 0.000485 22222222122222221222222122222222
128 2 4 66 0.000561 22222222222222122212222222222222
128 2 4 67 0.000537 22222122222212222221221222222222
128 2 4 68 0.000602 12222222222221222222221122222222
128 2 4 69 0.000572 22222222222222222222221222222222
128 2 4 70 0.000551 12222122222212222222222222222222
128 2 4 71 0.000682 22222222222222222222222221222222
128 2 4 72 0.000602 22222222222122222222222221222222
128 2 4 73 0.000555 22222222222222222222222222121122
128 2 4 74 0.000569 22222222222212222222222222122222
128 2 4 75 0.000477 22222222122222222222212222222222
128 2 4 76 0.000570 20221222222221222222222222122222
128 2 4 77 0.000575 22222222222222222222222222211222
128 2 4 78 0.000512 22221202222222222222222222222222
128 2 4 79 0.000562 22222222221222222222222222222222
128 2 4 80 0.000533 22222222122222222222222222222222
128 2 4 81 0.000591 22222122222222212222222122222222
128 2 4 82 0.000656 22222212222221222222222222222222
128 2 4 83 0.000619 22221212122222222222222222122221
128 2 4 84 0.000602 22222222222222222222222222222222
128 2 4 85 0.000626 22222222222212221202222212222222
128 2 4 86 0.000495 20222221222222211222222222212222
128 2 4 87 0.000471 21221222222222222222211222221222
128 2 4 88 0.000615 22222222212222222122222222212222
128 2 4 89 0.000582 22222222222122222122222222222222
128 2 4 90 0.000560 22222222222222222222222222222222
128 2 4 91 0.000558 22222222222222222222222122212022
128 2 4 92 0.000566 22222222222220222222222222222222
128 2 4 93 0.000540 22222222222222222222222222221222
128 2 4 94 0.000484 22122222222222222222212222222222
128 2 4 95 0.000550 22121222222222222222122222222222
128 2 4 96 0.000590 12222222212222222212222222222222
128 2 4 97 0.000451 22222222222222222222211222222122
128 2 4 98 0.000623 12222122222222222221222222222122
128 2 4 99 0.000567 02222222222222222222222222222222
128 2 8 0 0.000545 2222212221222222
128 2 8 1 0.000486 2222222222222222
128 2 8 2 0.000566 2222212221222222
128 2 8 3 0.000522 2221222222222122
128 2 8 4 0.000564 2222222222222222
128 2 8 5 0.000535 2222222222122222
128 2 8 6 0.000610 1222222222222222
128 2 8 7 0.000556 1222222222222222
128 2 8 8 0.000601 2222221222222221
128 2 8 9 0.000479 0222222220222222
128 2 8 10 0.000623 2212222222222222
128 2 8 11 0.000553 2222222122222212
128 2 8 12 0.000537 1222222222222211
128 2 8 13 0.000505 2122222222222222
128 2 8 14 0.000618 2222222222222222
128 2 8 15 0.000456 2222222222222222
128 2 8 16 0.000564 2211122222222222
128 2 8 17 0.000578 2222222222222222
128 2 8 18 0.000596 2222222222222222
128 2 8 19 0.000544 2222122222222222
128 2 8 20 0.000574 2221222222222222
128 2 8 21 0.000563 2222222222222222
128 2 8 22 0.000598 2122122222222222
128 2 8 23 0.000635 2222221222222222
128 2 8 24 0.000561 2222222222222221
128 2 8 25 0.000517 2221121222222222
128 2 8 26 0.000605 2222222212222222
128 2 8 27 0.000516 1222222222222222
128 2 8 28 0.000608 2222222222222222
128 2 8 29 0.000561 2022212222222222
128 2 8 30 0.000500 2222222222222222
128 2 8 31 0.000567 2222222222222222
128 2 8 32 0.000535 2222222122222222
128 2 8 33 0.000515 2122112222222222
128 2 8 34 0.000555 2222222222222222
128 2 8 35 0.000617 2222222222222220
128 2 8 36 0.000549 2112222222222222
128 2 8 37 0.000551 2022222222222222
128 2 8 38 0.000580 2222222112222222
128 2 8 39 0.000517 2222222222222122
128 2 8 40 0.000519 0122222222222222
128 2 8 41 0.000602 2222222222222222
128 2 8 42 0.000588 2222222212222222
128 2 8 43 0.000544 2112222212122220
128 2 8 44 0.000466 2202222222212222
128 2 8 45 0.000488 2222221222222222
128 2 8 46 0.000547 2222222222222222
128 2 8 47 0.000521 2222222212222222
128 2 8 48 0.000561 2222222222222222
128 2 8 49 0.000628 2221222122222222
128 2 8 50 0.000596 2222222222222222
128 2 8 51 0.000579 2222222222222222
128 2 8 52 0.000575 2222222220222222
128 2 8 53 0.000585 2222222222222222
128 2 8 54 0.000575 2222022222222222
128 2 8 55 0.000523 2222222122222222
128 2 8 56 0.000578 2222222222222222
128 2 8 57 0.000562 2222222222222222
128 2 8 58 0.000610 2222222221222212
128 2 8 59 0.000533 2222222221222222
128 2 8 60 0.000530 1222222222212222
128 2 8 61 0.000440 2221222220122222
128 2 8 62 0.000594 2222222222222222
128 2 8 63 0.000548 2222222222222222
128 2 8 64 0.000553 2222122222222022
128 2 8 65 0.000471 2222222222212222
128 2 8 66 0.000548 2222222222222222
128 2 8 67 0.000479 2212222221222222
128 2 8 68 0.000580 2222221222212222
128 2 8 69 0.000551 2222222222222222
128 2 8 70 0.000533 2212222222222222
128 2 8 71 0.000659 2222222222221222
128 2 8 72 0.000568 2222212222221222
128 2 8 73 0.000536 2222222222222212
128 2 8 74 0.000574 2222222222222222
128 2 8 75 0.000461 2222222222122222
128 2 8 76 0.000548 0222221222222222
128 2 8 77 0.000548 2222222222222122
128 2 8 78 0.000495 2222222222222222
128 2 8 79 0.000530 2222222222222222
128 2 8 80 0.000520 2222222222222222
128 2 8 81 0.000564 2212222122212222
128 2 8 82 0.000642 2222221222222222
128 2 8 83 0.000590 2222222222222221
128 2 8 84 0.000554 2222222222222222
128 2 8 85 0.000580 2222222222222222
128 2 8 86 0.000471 0221222122222122
128 2 8 87 0.000445 1222222222122222
128 2 8 88 0.000598 2222122212222122
128 2 8 89 0.000560 2222212212222222
128 2 8 90 0.000529 2222222222222222
128 2 8 91 0.000522 2222222222212102
128 2 8 92 0.000567 2222220222222222
128 2 8 93 0.000509 2222222222222222
128 2 8 94 0.000473 2222222222122222
128 2 8 95 0.000523 2222222222222222
128 2 8 96 0.000575 2222122222222222
128 2 8 97 0.000429 2222222222122212
128 2 8 98 0.000598 2212222221222212
128 2 8 99 0.000542 2222222222222222
128 2 16 0 0.000540 22121222
128 2 16 1 0.000474 22222222
128 2 16 2 0.000575 22121222
128 2 16 3 0.000526 21222212
128 2 16 4 0.000609 22222222
128 2 16 5 0.000534 22222222
128 2 16 6 0.000601 22222222
128 2 16 7 0.000554 22222222
128 2 16 8 0.000605 22222221
128 2 16 9 0.000484 22220222
128 2 16 10 0.000623 22222222
128 2 16 11 0.000566 22212222
128 2 16 12 0.000550 22222221
128 2 16 13 0.000519 12222222
128 2 16 14 0.000610 22222222
128 2 16 15 0.000455 22222222
128 2 16 16 0.000571 21222222
128 2 16 17 0.000579 22222222
128 2 16 18 0.000594 22222222
128 2 16 19 0.000542 22222222
128 2 16 20 0.000579 21222222
128 2 16 21 0.000542 22222222
128 2 16 22 0.000604 12222222
128 2 16 23 0.000603 22222222
128 2 16 24 0.000531 22222221
128 2 16 25 0.000522 21222222
128 2 16 26 0.000581 22222222
128 2 16 27 0.000502 22222222
128 2 16 28 0.000590 22222222
128 2 16 29 0.000564 02122222
128 2 16 30 0.000500 22222222
128 2 16 31 0.000568 22222222
128 2 16 32 0.000570 22212222
128 2 16 33 0.000513 12122222
128 2 16 34 0.000563 22222222
128 2 16 35 0.000624 22222220
128 2 16 36 0.000547 12222222
128 2 16 37 0.000551 02222222
128 2 16 38 0.000577 22212222
128 2 16 39 0.000520 22222212
128 2 16 40 0.000538 12222222
128 2 16 41 0.000617 22222222
128 2 16 42 0.000586 22222222
128 2 16 43 0.000559 12222220
128 2 16 44 0.000468 22222122
128 2 16 45 0.000489 22222222
128 2 16 46 0.000556 22222222
128 2 16 47 0.000513 22222222
128 2 16 48 0.000563 22222222
128 2 16 49 0.000607 21212222
128 2 16 50 0.000596 22222222
128 2 16 51 0.000588 22222222
128 2 16 52 0.000579 22220222
128 2 16 53 0.000579 22222222
128 2 16 54 0.000588 22222222
128 2 16 55 0.000537 22212222
128 2 16 56 0.000586 22222222
128 2 16 57 0.000556 22222222
128 2 16 58 0.000605 22221222
128 2 16 59 0.000532 22221222
128 2 16 60 0.000544 22222122
128 2 16 61 0.000453 21220222
128 2 16 62 0.000599 22222222
128 2 16 63 0.000579 22222222
128 2 16 64 0.000553 22222202
128 2 16 65 0.000476 22222122
128 2 16 66 0.000548 22222222
128 2 16 67 0.000487 22221222
128 2 16 68 0.000615 22222122
128 2 16 69 0.000536 22222222
128 2 16 70 0.000538 22222222
128 2 16 71 0.000654 22222222
128 2 16 72 0.000577 22122222
128 2 16 73 0.000539 22222222
128 2 16 74 0.000539 22222222
128 2 16 75 0.000448 22222222
128 2 16 76 0.000553 22222222
128 2 16 77 0.000552 22222212
128 2 16 78 0.000492 22222222
128 2 16 79 0.000533 22222222
128 2 16 80 0.000520 22222222
128 2 16 81 0.000574 22212122
128 2 16 82 0.000657 22222222
128 2 16 83 0.000597 22222221
128 2 16 84 0.000574 22222222
128 2 16 85 0.000582 22222222
128 2 16 86 0.000483 21212212
128 2 16 87 0.000456 22222222
128 2 16 88 0.000595 22222212
128 2 16 89 0.000571 22122222
128 2 16 90 0.000545 22222222
128 2 16 91 0.000525 22222112
128 2 16 92 0.000539 22222222
128 2 16 93 0.000518 22222222
128 2 16 94 0.000466 22222222
128 2 16 95 0.000519 22222222
128 2 16 96 0.000588 22222222
128 2 16 97 0.000422 22222222
128 2 16 98 0.000595 22221222
128 2 16 99 0.000546 22222222
128 2 32 0 0.000550 2222
128 2 32 1 0.000487 2222
128 2 32 2 0.000583 2222
128 2 32 3 0.000559 1222
128 2 32 4 0.000591 2222
128 2 32 5 0.000567 2222
128 2 32 6 0.000643 2222
128 2 32 7 0.000584 2222
128 2 32 8 0.000618 2221
128 2 32 9 0.000491 2222
128 2 32 10 0.000646 2222
128 2 32 11 0.000570 2122
128 2 32 12 0.000556 2221
128 2 32 13 0.000523 2222
128 2 32 14 0.000636 2222
128 2 32 15 0.000463 2222
128 2 32 16 0.000582 1222
128 2 32 17 0.000608 2222
128 2 32 18 0.000603 2222
128 2 32 19 0.000553 2222
128 2 32 20 0.000584 1222
128 2 32 21 0.000558 2222
128 2 32 22 0.000624 2222
128 2 32 23 0.000608 2222
128 2 32 24 0.000546 2221
128 2 32 25 0.000515 1222
128 2 32 26 0.000604 2222
128 2 32 27 0.000511 2222
128 2 32 28 0.000599 2222
128 2 32 29 0.000580 2222
128 2 32 30 0.000521 2222
128 2 32 31 0.000593 2222
128 2 32 32 0.000540 2122
128 2 32 33 0.000537 2222
128 2 32 34 0.000574 2222
128 2 32 35 0.000624 2220
128 2 32 36 0.000573 2222
128 2 32 37 0.000575 2222
128 2 32 38 0.000603 2122
128 2 32 39 0.000524 2222
128 2 32 40 0.000536 2222
128 2 32 41 0.000611 2222
128 2 32 42 0.000601 2222
128 2 32 43 0.000550 2220
128 2 32 44 0.000474 2212
128 2 32 45 0.000505 2222
128 2 32 46 0.000561 2222
128 2 32 47 0.000528 2222
128 2 32 48 0.000574 2222
128 2 32 49 0.000623 1122
128 2 32 50 0.000626 2222
128 2 32 51 0.000638 2222
128 2 32 52 0.000600 2222
128 2 32 53 0.000598 2222
128 2 32 54 0.000600 2222
128 2 32 55 0.000539 2122
128 2 32 56 0.000591 2222
128 2 32 57 0.000564 2222
128 2 32 58 0.000617 2222
128 2 32 59 0.000562 2222
128 2 32 60 0.000542 2212
128 2 32 61 0.000454 1222
128 2 32 62 0.000608 2222
128 2 32 63 0.000560 2222
128 2 32 64 0.000564 2222
128 2 32 65 0.000482 2212
128 2 32 66 0.000579 2222
128 2 32 67 0.000484 2222
128 2 32 68 0.000597 2212
128 2 32 69 0.000555 2222
128 2 32 70 0.000550 2222
128 2 32 71 0.000677 2222
128 2 32 72 0.000589 2222
128 2 32 73 0.000560 2222
128 2 32 74 0.000553 2222
128 2 32 75 0.000479 2222
128 2 32 76 0.000564 2222
128 2 32 77 0.000564 2222
128 2 32 78 0.000513 2222
128 2 32 79 0.000546 2222
128 2 32 80 0.000526 2222
128 2 32 81 0.000581 2112
128 2 32 82 0.000672 2222
128 2 32 83 0.000607 2221
128 2 32 84 0.000586 2222
128 2 32 85 0.000589 2222
128 2 32 86 0.000490 1122
128 2 32 87 0.000470 2222
128 2 32 88 0.000605 2222
128 2 32 89 0.000575 2222
128 2 32 90 0.000544 2222
128 2 32 91 0.000536 2212
128 2 32 92 0.000567 2222
128 2 32 93 0.000534 2222
128 2 32 94 0.000467 2222
128 2 32 95 0.000537 2222
128 2 32 96 0.000592 2222
128 2 32 97 0.000431 2222
128 2 32 98 0.000613 2222
128 2 32 99 0.000565 2222
128 4 8 0 0.001429 2222222222222222
128 4 8 1 0.001174 2222222222222222
128 4 8 2 0.001595 2222222222222222
128 4 8 3 0.001459 2222222222222222
128 4 8 4 0.001558 2222222222222222
128 4 8 5 0.001401 2222222222222222
128 4 8 6 0.001707 1222222222222222
128 4 8 7 0.001939 2222222222222222
128 4 8 8 0.001634 2222222222222222
128 4 8 9 0.001276 2222222222222222
128 4 8 10 0.001723 2222222222222222
128 4 8 11 0.001537 2222222222222222
128 4 8 12 0.001485 2222222222222222
128 4 8 13 0.001390 2222222222222222
128 4 8 14 0.001699 2222222222222222
128 4 8 15 0.001129 2222222222222222
128 4 8 16 0.001574 2221222222222222
128 4 8 17 0.001579 2222222222222222
128 4 8 18 0.001578 2222222222222222
128 4 8 19 0.001587 2222222222222222
128 4 8 20 0.001690 2222222222222222
128 4 8 21 0.001491 2222222222222222
128 4 8 22 0.001611 2222222222222222
128 4 8 23 0.001558 2222222222222222
128 4 8 24 0.001413 2222222222222222
128 4 8 25 0.001344 2222222222222222
128 4 8 26 0.001615 2222222222222222
128 4 8 27 0.001361 2222222222222222
128 4 8 28 0.001664 2222222222222222
128 4 8 29 0.001543 2222222222222222
128 4 8 30 0.001346 2222222222222222
128 4 8 31 0.001626 2222222222222222
128 4 8 32 0.001486 2222222222222222
128 4 8 33 0.001446 2222122222222222
128 4 8 34 0.001489 2222222222222222
128 4 8 35 0.001741 2222222222222222
128 4 8 36 0.001457 2222222222222222
128 4 8 37 0.001493 2222222222222222
128 4 8 38 0.001596 2222222222222222
128 4 8 39 0.001409 2222222222222222
128 4 8 40 0.001437 0222222222222222
128 4 8 41 0.001627 2222222222222222
128 4 8 42 0.001596 2222222222222222
128 4 8 43 0.001493 2222222222222222
128 4 8 44 0.001243 2222222222222222
128 4 8 45 0.001291 2222222222222222
128 4 8 46 0.001511 2222222222222222
128 4 8 47 0.001307 2222222222222222
128 4 8 48 0.001493 2222222222222222
128 4 8 49 0.001689 2222222222222222
128 4 8 50 0.001710 2222222222222222
128 4 8 51 0.001584 2222222222222222
128 4 8 52 0.001605 2222222222222222
128 4 8 53 0.001480 2222222222222222
128 4 8 54 0.001616 2222222222222222
128 4 8 55 0.001418 2222222222222222
128 4 8 56 0.001590 2222222222222222
128 4 8 57 0.001572 2222222222222222
128 4 8 58 0.001714 2222222222222222
128 4 8 59 0.001337 2222222222222222
128 4 8 60 0.001481 2222222222222222
128 4 8 61 0.001176 2222222222222222
128 4 8 62 0.001639 2222222222222222
128 4 8 63 0.001481 2222222222222222
128 4 8 64 0.001511 2222222222222222
128 4 8 65 0.001258 2222222222222222
128 4 8 66 0.001482 2222222222222222
128 4 8 67 0.001259 2222222222222222
128 4 8 68 0.001653 2222222222212222
128 4 8 69 0.001456 2222222222222222
128 4 8 70 0.001500 2222222222222222
128 4 8 71 0.001814 2222222222222222
128 4 8 72 0.001551 2222222222222222
128 4 8 73 0.001482 2222222222222212
128 4 8 74 0.001467 2222222222222222
128 4 8 75 0.001254 2222222222222222
128 4 8 76 0.001483 2222222222222222
128 4 8 77 0.001553 2222222222222222
128 4 8 78 0.001243 2222222222222222
128 4 8 79 0.001425 2222222222222222
128 4 8 80 0.001440 2222222222222222
128 4 8 81 0.001637 2222222222222222
128 4 8 82 0.001767 2222222222222222
128 4 8 83 0.001610 2222222222222222
128 4 8 84 0.001507 2222222222222222
128 4 8 85 0.001605 2222222222222222
128 4 8 86 0.001302 2222222222222222
128 4 8 87 0.001169 2222222222222222
128 4 8 88 0.001628 2222222222222222
128 4 8 89 0.001593 2222222222222222
128 4 8 90 0.001411 2222222222222222
128 4 8 91 0.001444 2222222222222222
128 4 8 92 0.001426 2222222222222222
128 4 8 93 0.001492 2222222222222222
128 4 8 94 0.001241 2222222222222222
128 4 8 95 0.001459 2222222222222222
128 4 8 96 0.001610 2222222222222222
128 4 8 97 0.001093 2222222222222222
128 4 8 98 0.001719 2222222222222222
128 4 8 99 0.001463 2222222222222222
128 4 16 0 0.001391 22222222
128 4 16 1 0.001175 22222222
128 4 16 2 0.001618 22222222
128 4 16 3 0.001438 22222222
128 4 16 4 0.001603 22222222
128 4 16 5 0.001383 22222222
128 4 16 6 0.001670 22222222
128 4 16 7 0.001549 22222222
128 4 16 8 0.001670 22222222
128 4 16 9 0.001256 22222222
128 4 16 10 0.001715 22222222
128 4 16 11 0.001509 22222222
128 4 16 12 0.001438 22222222
128 4 16 13 0.001368 22222222
128 4 16 14 0.001706 22222222
128 4 16 15 0.001127 22222222
128 4 16 16 0.001527 21222222
128 4 16 17 0.001558 22222222
128 4 16 18 0.001569 22222222
128 4 16 19 0.001533 22222222
128 4 16 20 0.001586 22222222
128 4 16 21 0.001603 22222222
128 4 16 22 0.001673 22222222
128 4 16 23 0.001544 22222222
128 4 16 24 0.001429 22222222
128 4 16 25 0.001361 22222222
128 4 16 26 0.001610 22222222
128 4 16 27 0.001427 22222222
128 4 16 28 0.001647 22222222
128 4 16 29 0.001528 22222222
128 4 16 30 0.001380 22222222
128 4 16 31 0.001575 22222222
128 4 16 32 0.001445 22222222
128 4 16 33 0.001368 22222222
128 4 16 34 0.001456 22222222
128 4 16 35 0.001724 22222222
128 4 16 36 0.001396 22222222
128 4 16 37 0.001491 22222222
128 4 16 38 0.001575 22222222
128 4 16 39 0.001408 22222222
128 4 16 40 0.001425 22222222
128 4 16 41 0.001608 22222222
128 4 16 42 0.001595 22222222
128 4 16 43 0.001406 22222222
128 4 16 44 0.001211 22222222
128 4 16 45 0.001268 22222222
128 4 16 46 0.001499 22222222
128 4 16 47 0.001229 22222222
128 4 16 48 0.001505 22222222
128 4 16 49 0.001683 22222222
128 4 16 50 0.001727 22222222
128 4 16 51 0.001527 22222222
128 4 16 52 0.001592 22222222
128 4 16 53 0.001430 22222222
128 4 16 54 0.001609 22222222
128 4 16 55 0.001371 22222222
128 4 16 56 0.001605 22222222
128 4 16 57 0.001523 22222222
128 4 16 58 0.001674 22222222
128 4 16 59 0.001366 22222222
128 4 16 60 0.001440 22222222
128 4 16 61 0.001144 22222222
128 4 16 62 0.001625 22222222
128 4 16 63 0.001416 22222222
128 4 16 64 0.001437 22222222
128 4 16 65 0.001242 22222222
128 4 16 66 0.001420 22222222
128 4 16 67 0.001191 22222222
128 4 16 68 0.001664 22222122
128 4 16 69 0.001494 22222222
128 4 16 70 0.001460 22222222
128 4 16 71 0.001803 22222222
128 4 16 72 0.001552 22222222
128 4 16 73 0.001436 22222222
128 4 16 74 0.001449 22222222
128 4 16 75 0.001204 22222222
128 4 16 76 0.001465 22222222
128 4 16 77 0.001467 22222222
128 4 16 78 0.001209 22222222
128 4 16 79 0.001421 22222222
128 4 16 80 0.001426 22222222
128 4 16 81 0.001644 22222222
128 4 16 82 0.001779 22222222
128 4 16 83 0.001640 22222222
128 4 16 84 0.001475 22222222
128 4 16 85 0.001713 22222222
128 4 16 86 0.001238 22222222
128 4 16 87 0.001146 22222222
128 4 16 88 0.001741 22222222
128 4 16 89 0.001607 22222222
128 4 16 90 0.001444 22222222
128 4 16 91 0.001396 22222222
128 4 16 92 0.001368 22222222
128 4 16 93 0.001412 22222222
128 4 16 94 0.001211 22222222
128 4 16 95 0.001369 22222222
128 4 16 96 0.001577 22222222
128 4 16 97 0.001062 22222222
128 4 16 98 0.001741 22222222
128 4 16 99 0.001466 22222222
128 4 32 0 0.001416 2222
128 4 32 1 0.001193 2222
128 4 32 2 0.001633 2222
128 4 32 3 0.001463 2222
128 4 32 4 0.001552 2222
128 4 32 5 0.001444 2222
128 4 32 6 0.001724 2222
128 4 32 7 0.001544 2222
128 4 32 8 0.001713 2222
128 4 32 9 0.001290 2222
128 4 32 10 0.001784 2222
128 4 32 11 0.001563 2222
128 4 32 12 0.001460 2222
128 4 32 13 0.001404 2222
128 4 32 14 0.001734 2222
128 4 32 15 0.001135 2222
128 4 32 16 0.001564 1222
128 4 32 17 0.001678 2222
128 4 32 18 0.001575 2222
128 4 32 19 0.001580 2222
128 4 32 20 0.001632 2222
128 4 32 21 0.001503 2222
128 4 32 22 0.001668 2222
128 4 32 23 0.001565 2222
128 4 32 24 0.001442 2222
128 4 32 25 0.001354 2222
128 4 32 26 0.001608 2222
128 4 32 27 0.001370 2222
128 4 32 28 0.001695 2222
128 4 32 29 0.001560 2222
128 4 32 30 0.001378 2222
128 4 32 31 0.001662 2222
128 4 32 32 0.001488 2222
128 4 32 33 0.001410 2222
128 4 32 34 0.001504 2222
128 4 32 35 0.001759 2222
128 4 32 36 0.001432 2222
128 4 32 37 0.001530 2222
128 4 32 38 0.001654 2222
128 4 32 39 0.001435 2222
128 4 32 40 0.001427 2222
128 4 32 41 0.001675 2222
128 4 32 42 0.001662 2222
128 4 32 43 0.001463 2222
128 4 32 44 0.001227 2222
128 4 32 45 0.001323 2222
128 4 32 46 0.001565 2222
128 4 32 47 0.001259 2222
128 4 32 48 0.001501 2222
128 4 32 49 0.001763 2222
128 4 32 50 0.001674 2222
128 4 32 51 0.001560 2222
128 4 32 52 0.001573 2222
128 4 32 53 0.001487 2222
128 4 32 54 0.001692 2222
128 4 32 55 0.001334 2222
128 4 32 56 0.001587 2222
128 4 32 57 0.001568 2222
128 4 32 58 0.001836 2222
128 4 32 59 0.001350 2222
128 4 32 60 0.001460 2222
128 4 32 61 0.001128 2222
128 4 32 62 0.001611 2222
128 4 32 63 0.001451 2222
128 4 32 64 0.001455 2222
128 4 32 65 0.001282 2222
128 4 32 66 0.001482 2222
128 4 32 67 0.001217 2222
128 4 32 68 0.001650 2212
128 4 32 69 0.001464 2222
128 4 32 70 0.001516 2222
128 4 32 71 0.001939 2222
128 4 32 72 0.001620 2222
128 4 32 73 0.001482 2222
128 4 32 74 0.001494 2222
128 4 32 75 0.001205 2222
128 4 32 76 0.001542 2222
128 4 32 77 0.001479 2222
128 4 32 78 0.001232 2222
128 4 32 79 0.001462 2222
128 4 32 80 0.001460 2222
128 4 32 81 0.001628 2222
128 4 32 82 0.001859 2222
128 4 32 83 0.001632 2222
128 4 32 84 0.001581 2222
128 4 32 85 0.001585 2222
128 4 32 86 0.001276 2222
128 4 32 87 0.001215 2222
128 4 32 88 0.001650 2222
128 4 32 89 0.001717 2222
128 4 32 90 0.001428 2222
128 4 32 91 0.001452 2222
128 4 32 92 0.001432 2222
128 4 32 93 0.001447 2222
128 4 32 94 0.001198 2222
128 4 32 95 0.001443 2222
128 4 32 96 0.001675 2222
128 4 32 97 0.001080 2222
128 4 32 98 0.001770 2222
128 4 32 99 0.001469 2222
128 8 16 0 0.004372 22222222
128 8 16 1 0.003568 22222222
128 8 16 2 0.004561 22222222
128 8 16 3 0.004474 22222222
128 8 16 4 0.005106 22222222
128 8 16 5 0.004188 22222222
128 8 16 6 0.005458 22222222
128 8 16 7 0.004971 22222222
128 8 16 8 0.005463 22222222
128 8 16 9 0.003515 22222222
128 8 16 10 0.005864 22222222
128 8 16 11 0.004809 22222222
128 8 16 12 0.004864 22222222
128 8 16 13 0.004307 22222222
128 8 16 14 0.005374 22222222
128 8 16 15 0.003609 22222222
128 8 16 16 0.004934 22222222
128 8 16 17 0.005016 22222222
128 8 16 18 0.005056 22222222
128 8 16 19 0.004674 22222222
128 8 16 20 0.005112 22222222
128 8 16 21 0.004413 22222222
128 8 16 22 0.004846 22222222
128 8 16 23 0.005383 22222222
128 8 16 24 0.004159 22222222
128 8 16 25 0.004274 22222222
128 8 16 26 0.005312 22222222
128 8 16 27 0.004042 22222222
128 8 16 28 0.005439 22222222
128 8 16 29 0.004756 22222222
128 8 16 30 0.004075 22222222
128 8 16 31 0.005013 22222222
128 8 16 32 0.004390 22222222
128 8 16 33 0.004188 22222222
128 8 16 34 0.004924 22222222
128 8 16 35 0.005323 22222222
128 8 16 36 0.004633 22222222
128 8 16 37 0.004338 22222222
128 8 16 38 0.005169 22222222
128 8 16 39 0.004458 22222222
128 8 16 40 0.004340 22222222
128 8 16 41 0.005510 22222222
128 8 16 42 0.005403 22222222
128 8 16 43 0.004809 22222222
128 8 16 44 0.003703 22222222
128 8 16 45 0.004007 22222222
128 8 16 46 0.005315 22222222
128 8 16 47 0.003998 22222222
128 8 16 48 0.004562 22222222
128 8 16 49 0.005448 22222222
128 8 16 50 0.005359 22222222
128 8 16 51 0.004921 22222222
128 8 16 52 0.004814 22222222
128 8 16 53 0.004437 22222222
128 8 16 54 0.005211 22222222
128 8 16 55 0.004269 22222222
128 8 16 56 0.005139 22222222
128 8 16 57 0.004631 22222222
128 8 16 58 0.005570 22222222
128 8 16 59 0.004162 22222222
128 8 16 60 0.004310 22222222
128 8 16 61 0.003432 22222222
128 8 16 62 0.004895 22222222
128 8 16 63 0.004641 22222222
128 8 16 64 0.004300 22222222
128 8 16 65 0.003710 22222222
128 8 16 66 0.004452 22222222
128 8 16 67 0.003946 22222222
128 8 16 68 0.005357 22222222
128 8 16 69 0.004519 22222222
128 8 16 70 0.004460 22222222
128 8 16 71 0.005695 22222222
128 8 16 72 0.005055 22222222
128 8 16 73 0.004662 22222222
128 8 16 74 0.004660 22222222
128 8 16 75 0.003524 22222222
128 8 16 76 0.004565 22222222
128 8 16 77 0.004699 22222222
128 8 16 78 0.003979 22222222
128 8 16 79 0.004399 22222222
128 8 16 80 0.004497 22222222
128 8 16 81 0.004787 22222222
128 8 16 82 0.005773 22222222
128 8 16 83 0.005224 22222222
128 8 16 84 0.004416 22222222
128 8 16 85 0.004856 22222222
128 8 16 86 0.003619 22222222
128 8 16 87 0.003730 22222222
128 8 16 88 0.005241 22222222
128 8 16 89 0.005384 22222222
128 8 16 90 0.004523 22222222
128 8 16 91 0.004371 22222222
128 8 16 92 0.004431 22222222
128 8 16 93 0.004413 22222222
128 8 16 94 0.003400 22222222
128 8 16 95 0.004531 22222222
128 8 16 96 0.005736 22222222
128 8 16 97 0.003298 22222222
128 8 16 98 0.005613 22222222
128 8 16 99 0.004528 22222222
128 8 32 0 0.004507 2222
128 8 32 1 0.003549 2222
128 8 32 2 0.004592 2222
128 8 32 3 0.004641 2222
128 8 32 4 0.005086 2222
128 8 32 5 0.004524 2222
128 8 32 6 0.005769 2222
128 8 32 7 0.005205 2222
128 8 32 8 0.005379 2222
128 8 32 9 0.003787 2222
128 8 32 10 0.005942 2222
128 8 32 11 0.004988 2222
128 8 32 12 0.004737 2222
128 8 32 13 0.004352 2222
128 8 32 14 0.005327 2222
128 8 32 15 0.003585 2222
128 8 32 16 0.004811 2222
128 8 32 17 0.005172 2222
128 8 32 18 0.005405 2222
128 8 32 19 0.004868 2222
128 8 32 20 0.005278 2222
128 8 32 21 0.004549 2222
128 8 32 22 0.004973 2222
128 8 32 23 0.005183 2222
128 8 32 24 0.004286 2222
128 8 32 25 0.004260 2222
128 8 32 26 0.005443 2222
128 8 32 27 0.004199 2222
128 8 32 28 0.005377 2222
128 8 32 29 0.005011 2222
128 8 32 30 0.004034 2222
128 8 32 31 0.005159 2222
128 8 32 32 0.004471 2222
128 8 32 33 0.004319 2222
128 8 32 34 0.005177 2222
128 8 32 35 0.005690 2222
128 8 32 36 0.004541 2222
128 8 32 37 0.004517 2222
128 8 32 38 0.005286 2222
128 8 32 39 0.004708 2222
128 8 32 40 0.004427 2222
128 8 32 41 0.005687 2222
128 8 32 42 0.005218 2222
128 8 32 43 0.005100 2222
128 8 32 44 0.003658 2222
128 8 32 45 0.004188 2222
128 8 32 46 0.005063 2222
128 8 32 47 0.003972 2222
128 8 32 48 0.004667 2222
128 8 32 49 0.005560 2222
128 8 32 50 0.005778 2222
128 8 32 51 0.005171 2222
128 8 32 52 0.005285 2222
128 8 32 53 0.004549 2222
128 8 32 54 0.005264 2222
128 8 32 55 0.004343 2222
128 8 32 56 0.005168 2222
128 8 32 57 0.005118 2222
128 8 32 58 0.005728 2222
128 8 32 59 0.004142 2222
128 8 32 60 0.004338 2222
128 8 32 61 0.003276 2222
128 8 32 62 0.005113 2222
128 8 32 63 0.004602 2222
128 8 32 64 0.004380 2222
128 8 32 65 0.003728 2222
128 8 32 66 0.004932 2222
128 8 32 67 0.003621 2222
128 8 32 68 0.005185 2222
128 8 32 69 0.004654 2222
128 8 32 70 0.004704 2222
128 8 32 71 0.006223 2222
128 8 32 72 0.005736 2222
128 8 32 73 0.004759 2222
128 8 32 74 0.004784 2222
128 8 32 75 0.003584 2222
128 8 32 76 0.005071 2222
128 8 32 77 0.004767 2222
128 8 32 78 0.003947 2222
128 8 32 79 0.004285 2222
128 8 32 80 0.004747 2222
128 8 32 81 0.004836 2222
128 8 32 82 0.006417 2222
128 8 32 83 0.005283 2222
128 8 32 84 0.004615 2222
128 8 32 85 0.004805 2222
128 8 32 86 0.003748 2222
128 8 32 87 0.003727 2222
128 8 32 88 0.005163 2222
128 8 32 89 0.005173 2222
128 8 32 90 0.004622 2222
128 8 32 91 0.004544 2222
128 8 32 92 0.004389 2222
128 8 32 93 0.004508 2222
128 8 32 94 0.003470 2222
128 8 32 95 0.004469 2222
128 8 32 96 0.005189 2222
128 8 32 97 0.003366 2222
128 8 32 98 0.005583 2222
128 8 32 99 0.004808 2222
256 2 4 0 0.001342 1222222222222222222222222222122222222222222222222222222222222222
256 2 4 1 0.001114 2222222222222222222222222221222222222222222222222222222222222222
256 2 4 2 0.001100 2222222222222222222222222122222222122122222222222222222222222222
256 2 4 3 0.001138 0222222222222222222122222122222222202222222222222202222122222222
256 2 4 4 0.001305 2222222222212222222222120122222222222122222222222222222222221222
256 2 4 5 0.001075 2222222222222222222202222222222222222222222222221221222222222222
256 2 4 6 0.001202 2222222221222122222222222122222222222222222122222222222222221222
256 2 4 7 0.001200 2122222222222222222122222212212222212221222221222222222212222222
256 2 4 8 0.001196 2222222222122222222222222222222222221221222212222222222222222222
256 2 4 9 0.001193 2222122222222222222222022222222222222122222022222222222222222222
256 2 4 10 0.001120 1222222222222222222212222221222200222121222222222222222222222222
256 2 4 11 0.001216 0012222222222221222222222222222222222222222222222222222222222222
256 2 4 12 0.001073 2222222222222122222211222222222122112222212222222222222222222222
256 2 4 13 0.001074 2222222022212222222222222222222222222222222222222222122222122222
256 2 4 14 0.001203 1222222022222222222222212122222222222222222222122222222222222221
256 2 4 15 0.001147 2222212222122222222221221222222222222222222122222222212211222222
256 2 4 16 0.001034 2222222222222212222222222212222122222221222222221222222212222012
256 2 4 17 0.001115 2222222222222122222212222222222222222222212222121202222222212212
256 2 4 18 0.001282 2122222122222222221222222222222222222212222222222222222222222222
256 2 4 19 0.001194 2222222222222222222222222222222221222222222222222222122222222222
256 2 4 20 0.001163 2222222212221222222222222222221222222222222222222221222212221222
256 2 4 21 0.001161 1222222222222222222222221222222202222222222222222222222222222222
256 2 4 22 0.001188 2222121222222222222222222222212222222222222222222222221212222222
256 2 4 23 0.001175 2222222222222222222222222221221222222222222222212222222222222222
256 2 4 24 0.001138 2222222222222222122222222222222202122222222222222222222222222221
256 2 4 25 0.001090 2222222221222222222222221222222222222221222222222221212222222122
256 2 4 26 0.001156 2222222222222222222222222222222222222222212212221222222222222222
256 2 4 27 0.001035 2222022222222222222222220222222222222222212212222222222222221222
256 2 4 28 0.001184 2222222222222222222222222222222222222222221222212222212222222222
256 2 4 29 0.001113 2221222220222222122222220222211221222212222222222222222222222222
256 2 4 30 0.001175 2222222220222222222222222221122212222221222222222222222122222222
256 2 4 31 0.001193 2222222222222222222222222222212221222212222221222222122222221222
256 2 4 32 0.001272 2222122222222222122222212122212222222222212222222122222222221221
256 2 4 33 0.001222 2222222222222222122222222222222222222222222122222222222222222222
256 2 4 34 0.001171 2221222222221222222222211221222222222222122221222122222222222222
256 2 4 35 0.001197 2222222222222222222222222222222122212222222120212222222222222222
256 2 4 36 0.001173 2222222222122222222212222222222222221222222222222022222222222122
256 2 4 37 0.001141 1222222222222222222222222222222200212222222212222202222221222222
256 2 4 38 0.001098 2221222222212222222222222222222222122222222222222222222222212202
256 2 4 39 0.001102 0222221221222222222222222212222222222222222222222222222222122222
256 2 4 40 0.001180 2222222222221222222222222222222222222222222122222221222212222222
256 2 4 41 0.001109 2222121222222222212222222222222222212222222222222222221222222221
256 2 4 42 0.001202 2222222222222222122222222222222222222222222222222222221222222221
256 2 4 43 0.001032 2112221222222222122112212222222222222222122222222222222212222222
256 2 4 44 0.001095 2222222222221222222222222222222222221222212222212222222222222222
256 2 4 45 0.001129 2212222222222222222222222222222222222221122222222222222222222212
256 2 4 46 0.001172 2222222222022222222222222222222222222212222222222212122222222222
256 2 4 47 0.001239 1212221222222222222222222222222222222222222222221222222222222221
256 2 4 48 0.001131 2221222222222222222222222222222222222222222222222222222212222222
256 2 4 49 0.001061 2222212222222222222222222121222222222222122222221202222222222222
256 2 4 50 0.001131 2222222222222222222222220122122222222222022222220222222222222222
256 2 4 51 0.001052 0222222222222222222222222222222222122222222222222212222212222222
256 2 4 52 0.001136 2222222222122222022222222222221221222222222221222222222222122222
256 2 4 53 0.001129 1222222222222222122222222222222122222222212222222222222222222222
256 2 4 54 0.001182 2222222222222222222212222221222222212222222222222222222202222222
256 2 4 55 0.001169 2222222222222212211222222222221222222221212222222222222222222222
256 2 4 56 0.001068 2222122222222222222122222222222222222212221222121222212122202222
256 2 4 57 0.001138 2222212222221222222222222221221212222222122222222221222212122222
256 2 4 58 0.001132 2222222222122222222222222222222222222222222222222222022222221222
256 2 4 59 0.001152 2222222222222122222222222222222222222222212222222222222202222222
256 2 4 60 0.001205 1222022222202212222222222222221222222222222222212222222222222222
256 2 4 61 0.001177 2212222222222222222222212222222222222222122222222222222222222222
256 2 4 62 0.001186 2222222222222022222222222202222222222222222222222222222222122222
256 2 4 63 0.001115 2212222122122222222222222222112222222222222221222222122222222222
256 2 4 64 0.001126 0022121222222222122222222222202222122222222222222222222222022222
256 2 4 65 0.001097 2122222222212222222222121221222222222212222212122122222222222222
256 2 4 66 0.001147 2222221222222222222222222222022222222212121212122222122222222212
256 2 4 67 0.001060 2222222222222212222221022222222222222222222212222122222122222222
256 2 4 68 0.001064 2222222222212222222222202122222222122222222222222122222221222222
256 2 4 69 0.001013 2212222212222212222222122222122222222222222222211222222221221222
256 2 4 70 0.001090 2221222222222222022222222222122222222222122222222222222222222222
256 2 4 71 0.001221 2222222222222222222222222222222222222212222222222222222212222222
256 2 4 72 0.001018 2222222222222222222222221222222112222222222222222212222212221222
256 2 4 73 0.001142 0122222222222221222222222222222222122222222222222222222222220222
256 2 4 74 0.001034 1212222222221222211222222212222222222122122212222222221222222222
256 2 4 75 0.001178 1222222221222222222222222222222222222222222222222222222222222222
256 2 4 76 0.001123 2122222222222222222212222212222222212222222222222222222222221122
256 2 4 77 0.001058 2002222222222222221222221212222222222122221222222222222202221222
256 2 4 78 0.001057 2221222222121122222222222122222222222222122122222222222222222222
256 2 4 79 0.001083 2220222222222222222222222222222222222122222122212222222222222222
256 2 4 80 0.001084 2222122222222222222222122222222222222222222222222222122222222212
256 2 4 81 0.001201 2221222222222222222222222222222222221220222222112222222221222222
256 2 4 82 0.001155 2222222222222222222222212222221222222222222222222221222102222222
256 2 4 83 0.000971 2222222212222120222222212221222222122222222222222122222222222222
256 2 4 84 0.001079 2222222220222222222202222222221221222222222222222222222221222222
256 2 4 85 0.001080 1222222221221222222222222222222222222222222222212222222222222222
256 2 4 86 0.001194 2222222222222222222221222221222222221212212222222222210222222221
256 2 4 87 0.001128 2222222222222222222222222222222222222222222222222222222222122222
256 2 4 88 0.001136 2222222222222222222212222222222221212222222222212221222222222222
256 2 4 89 0.001149 2122222222222222222222222222222222222122222222222222222222222222
256 2 4 90 0.001156 2222222222222222222221221022222222222222222222221222212222222222
256 2 4 91 0.001194 1222222221221222222121222222222222222222222222222222222222122222
256 2 4 92 0.001049 2222222222122222122222222222222222122222222222222222222122122222
256 2 4 93 0.001163 2221222222221222222222212222222212222222222222222222222222222222
256 2 4 94 0.001184 2222222222222222222221222222222222222222222222221212222222222222
256 2 4 95 0.001156 2222222221222222222122222222212222221222222222222222121222222222
256 2 4 96 0.001174 0222222222222222222222222222222221222222222222221222022222221212
256 2 4 97 0.001134 2221222222222222222222221222222221222220222122221222212222222222
256 2 4 98 0.001140 2222222222222222121222222222222222222222222222222222121212222222
256 2 4 99 0.001170 2222222222222222222222212222222222222221222222222222122222222222
256 2 8 0 0.001288 22222222222222222222222222222222
256 2 8 1 0.001095 22222222222221222222222222222222
256 2 8 2 0.001092 22222222222212222212222222222222
256 2 8 3 0.001123 22222222212212222022222222212222
256 2 8 4 0.001332 22222122222212222212222222222222
256 2 8 5 0.001060 22222222222222222222222221222222
256 2 8 6 0.001193 22221212222212222222212222222222
256 2 8 7 0.001211 12222222212222122121221222222222
256 2 8 8 0.001179 22222222222222222221222222222222
256 2 8 9 0.001179 22222222222222222212202222222222
256 2 8 10 0.001098 22222222222221220211222222222222
256 2 8 11 0.001197 02222221222222222222222222222222
256 2 8 12 0.001083 22222212221222212122122222222222
256 2 8 13 0.001060 22202122222222222222222222222222
256 2 8 14 0.001193 22202222222112222222222222222221
256 2 8 15 0.001155 22122222221222222222212222121222
256 2 8 16 0.001052 22222222222222212221222222222202
256 2 8 17 0.001132 22222212222222222222122222222122
256 2 8 18 0.001301 12212222222222222222222222222222
256 2 8 19 0.001191 22222222222222221222222222222222
256 2 8 20 0.001115 22222222222222222222222221222222
256 2 8 21 0.001164 22222222222222222222222222222222
256 2 8 22 0.001202 22222222222222122222222222222222
256 2 8 23 0.001155 22222222222221222222222122222222
256 2 8 24 0.001088 22222222222222222222222222222221
256 2 8 25 0.001077 22221222222222222221222221122212
256 2 8 26 0.001166 22222222222222222222122222222222
256 2 8 27 0.001075 22222222222222222222122222222222
256 2 8 28 0.001167 22222222222222222222222122122222
256 2 8 29 0.001091 21220222222222121222222222222222
256 2 8 30 0.001177 22220222222221222221222222212222
256 2 8 31 0.001186 22222222222222121222221222222222
256 2 8 32 0.001258 22222222222112122222122212222221
256 2 8 33 0.001317 22222222222222222222212222222222
256 2 8 34 0.001171 21222222222121222222221212222222
256 2 8 35 0.001202 22222222222222212122210122222222
256 2 8 36 0.001079 22222222222222222222222202222212
256 2 8 37 0.001132 22222222222222220122222222221222
256 2 8 38 0.001108 21222122222222222222222222222122
256 2 8 39 0.001073 22221222222222222222222222222222
256 2 8 40 0.001181 22222222222222222222212221222222
256 2 8 41 0.001116 22222222122222222122222222222221
256 2 8 42 0.001209 22222222222222222222222222222221
256 2 8 43 0.001061 12222222212122222222222222222222
256 2 8 44 0.001060 22222222222222222222122122222222
256 2 8 45 0.001129 22222222222222222221222222222222
256 2 8 46 0.001151 22222222222222222222222222222222
256 2 8 47 0.001237 22222222222222222222222222222221
256 2 8 48 0.001112 21222222222222222222222222222222
256 2 8 49 0.001045 22122222222211222222222222222222
256 2 8 50 0.001106 22222222222212222222222222222222
256 2 8 51 0.001061 22222222222222222222222222222222
256 2 8 52 0.001163 22222222222222221222221222222222
256 2 8 53 0.001151 22222222222222212222122222222222
256 2 8 54 0.001144 22222222222221222122222222222222
256 2 8 55 0.001159 22222222122222222221122222222222
256 2 8 56 0.001056 22222222212222222222222222112022
256 2 8 57 0.001125 22122222222221222222222221222222
256 2 8 58 0.001124 22222222222222222222222222222222
256 2 8 59 0.001170 22222212222222222222122222222222
256 2 8 60 0.001166 22222022222222222222222122222222
256 2 8 61 0.001181 22222222222122222222222222222222
256 2 8 62 0.001191 22222202222222222222222222222222
256 2 8 63 0.001105 22212222222222122222221222222222
256 2 8 64 0.001092 02222222222222022222222222222222
256 2 8 65 0.001092 12222122222221222222222212222222
256 2 8 66 0.001123 22222222222222222222222222222222
256 2 8 67 0.001066 22222222221222222222222212212222
256 2 8 68 0.001078 22222122222012222222222212221222
256 2 8 69 0.001017 22222222222222222222222122221222
256 2 8 70 0.001091 21222222222222222222222222222222
256 2 8 71 0.001215 22222222222222222222222222222222
256 2 8 72 0.001010 22222222222222212222222222222222
256 2 8 73 0.001145 12222221222222222222222222222222
256 2 8 74 0.001024 22222222122222222212222222222222
256 2 8 75 0.001155 22221222222222222222222222222222
256 2 8 76 0.001093 12222222222222222122222222222212
256 2 8 77 0.001063 02222222222222222212222222222222
256 2 8 78 0.001075 21222212222212222222212222222222
256 2 8 79 0.001080 20222222222222222212212122222222
256 2 8 80 0.001093 22222222222222222222222222222222
256 2 8 81 0.001191 21222222222222222220222122221222
256 2 8 82 0.001161 22222222222122222222222221212222
256 2 8 83 0.000965 22222210222121222222222212222222
256 2 8 84 0.001086 22220222222222221222222222221222
256 2 8 85 0.001084 22221222222222222222222122222222
256 2 8 86 0.001160 22222222221221222222122222122221
256 2 8 87 0.001125 22222222222222222222222222222222
256 2 8 88 0.001119 22222222222222221122222121222222
256 2 8 89 0.001150 12222222222222222212222222222222
256 2 8 90 0.001165 22222222221202222222222222122222
256 2 8 91 0.001184 22221222211222222222222222222222
256 2 8 92 0.001034 22222222222222222222222222212222
256 2 8 93 0.001171 21222222222122222222222222222222
256 2 8 94 0.001184 22222222221222222222222222222222
256 2 8 95 0.001169 22221222212222122222222222222222
256 2 8 96 0.001179 22222222222222221222222222222222
256 2 8 97 0.001116 21222222222222221220212222122222
256 2 8 98 0.001158 22222222222222222222222222222222
256 2 8 99 0.001193 22222222222122222221222222222222
256 2 16 0 0.001231 2222222222222222
256 2 16 1 0.001063 2222221222222222
256 2 16 2 0.001104 2222222222222222
256 2 16 3 0.001107 2222122202222122
256 2 16 4 0.001253 2212222222222222
256 2 16 5 0.001044 2222222222221222
256 2 16 6 0.001185 2222222222122222
256 2 16 7 0.001184 2222122211222222
256 2 16 8 0.001169 2222222221222222
256 2 16 9 0.001143 2222222222022222
256 2 16 10 0.001067 2222221221222222
256 2 16 11 0.001175 2221222222222222
256 2 16 12 0.001058 2222222112222222
256 2 16 13 0.001029 2012222222222222
256 2 16 14 0.001158 2022212222222221
256 2 16 15 0.001118 2222222222122222
256 2 16 16 0.001047 2222222121222222
256 2 16 17 0.001100 2222222222222212
256 2 16 18 0.001260 2122222222222222
256 2 16 19 0.001177 2222222222222222
256 2 16 20 0.001096 2222222222221222
256 2 16 21 0.001134 2222222222222222
256 2 16 22 0.001150 2222222222222222
256 2 16 23 0.001124 2222221222212222
256 2 16 24 0.001077 2222222222222221
256 2 16 25 0.001061 2222222221221222
256 2 16 26 0.001149 2222222222222222
256 2 16 27 0.000996 2222222222222222
256 2 16 28 0.001141 2222222222212222
256 2 16 29 0.001067 1222222222222222
256 2 16 30 0.001144 2222221221222122
256 2 16 31 0.001143 2222222222222222
256 2 16 32 0.001210 2222212222222221
256 2 16 33 0.001194 2222222222122222
256 2 16 34 0.001129 1222211222222222
256 2 16 35 0.001181 2222222112112222
256 2 16 36 0.001067 2222222222222222
256 2 16 37 0.001122 2222222212222222
256 2 16 38 0.001086 1212222222222212
256 2 16 39 0.001071 2222222222222222
256 2 16 40 0.001136 2222222222121222
256 2 16 41 0.001079 2222222212222221
256 2 16 42 0.001193 2222222222222221
256 2 16 43 0.001000 2222112222222222
256 2 16 44 0.001056 2222222222212222
256 2 16 45 0.001099 2222222221222222
256 2 16 46 0.001147 2222222222222222
256 2 16 47 0.001205 2222222222222221
256 2 16 48 0.001099 1222222222222222
256 2 16 49 0.001018 2222221222222222
256 2 16 50 0.001069 2222222222222222
256 2 16 51 0.001025 2222222222222222
256 2 16 52 0.001113 2222222222222222
256 2 16 53 0.001081 2222222122222222
256 2 16 54 0.001144 2222221212222222
256 2 16 55 0.001121 2222222221222222
256 2 16 56 0.001036 2222122222222102
256 2 16 57 0.001099 2222221222221222
256 2 16 58 0.001102 2222222222222222
256 2 16 59 0.001132 2222222222222222
256 2 16 60 0.001122 2202222222212222
256 2 16 61 0.001168 2222212222222222
256 2 16 62 0.001151 2222222222222222
256 2 16 63 0.001105 2122222222222222
256 2 16 64 0.001087 2222222222222222
256 2 16 65 0.001070 2212221222222222
256 2 16 66 0.001098 2222222222222222
256 2 16 67 0.001042 2222222222222122
256 2 16 68 0.001057 2212202222222222
256 2 16 69 0.000984 2222222222212222
256 2 16 70 0.001073 1222222222222222
256 2 16 71 0.001176 2222222222222222
256 2 16 72 0.000979 2222222122222222
256 2 16 73 0.001093 2221222222222222
256 2 16 74 0.000993 2222222222222222
256 2 16 75 0.001137 2222222222222222
256 2 16 76 0.001079 2222222212222222
256 2 16 77 0.001012 2222222222222222
256 2 16 78 0.001035 1222222222122222
256 2 16 79 0.001060 0222222222112222
256 2 16 80 0.001052 2222222222222222
256 2 16 81 0.001149 1222222220212222
256 2 16 82 0.001143 2222212222221122
256 2 16 83 0.000912 2220211222222222
256 2 16 84 0.001045 2222222222222222
256 2 16 85 0.001044 2222222222212222
256 2 16 86 0.001172 2222221222222221
256 2 16 87 0.001106 2222222222222222
256 2 16 88 0.001110 2222222212211222
256 2 16 89 0.001121 2222222222222222
256 2 16 90 0.001141 2222222222222222
256 2 16 91 0.001177 2222122222222222
256 2 16 92 0.001002 2222222222222122
256 2 16 93 0.001118 1222212222222222
256 2 16 94 0.001164 2222222222222222
256 2 16 95 0.001116 2222122222222222
256 2 16 96 0.001132 2222222222222222
256 2 16 97 0.001082 1222222220122222
256 2 16 98 0.001119 2222222222222222
256 2 16 99 0.001151 2222212221222222
256 2 32 0 0.001291 22222222
256 2 32 1 0.001091 22222222
256 2 32 2 0.001093 22222222
256 2 32 3 0.001158 22222212
256 2 32 4 0.001317 22222222
256 2 32 5 0.001076 22222222
256 2 32 6 0.001209 22222222
256 2 32 7 0.001196 22221222
256 2 32 8 0.001216 22221222
256 2 32 9 0.001186 22222222
256 2 32 10 0.001116 22221222
256 2 32 11 0.001203 21222222
256 2 32 12 0.001079 22212222
256 2 32 13 0.001062 02222222
256 2 32 14 0.001202 02122221
256 2 32 15 0.001188 22222222
256 2 32 16 0.001048 22211222
256 2 32 17 0.001151 22222222
256 2 32 18 0.001296 12222222
256 2 32 19 0.001202 22222222
256 2 32 20 0.001132 22222222
256 2 32 21 0.001195 22222222
256 2 32 22 0.001175 22222222
256 2 32 23 0.001171 22222122
256 2 32 24 0.001104 22222221
256 2 32 25 0.001070 22221222
256 2 32 26 0.001147 22222222
256 2 32 27 0.001032 22222222
256 2 32 28 0.001177 22222122
256 2 32 29 0.001105 22222222
256 2 32 30 0.001175 22221212
256 2 32 31 0.001198 22222222
256 2 32 32 0.001298 22122221
256 2 32 33 0.001247 22222222
256 2 32 34 0.001187 22122222
256 2 32 35 0.001215 22212122
256 2 32 36 0.001129 22222222
256 2 32 37 0.001139 22222222
256 2 32 38 0.001096 22222222
256 2 32 39 0.001099 22222222
256 2 32 40 0.001203 22222222
256 2 32 41 0.001141 22222221
256 2 32 42 0.001209 22222221
256 2 32 43 0.001027 22122222
256 2 32 44 0.001119 22222122
256 2 32 45 0.001173 22221222
256 2 32 46 0.001156 22222222
256 2 32 47 0.001247 22222221
256 2 32 48 0.001123 22222222
256 2 32 49 0.001041 22222222
256 2 32 50 0.001096 22222222
256 2 32 51 0.001048 22222222
256 2 32 52 0.001142 22222222
256 2 32 53 0.001146 22212222
256 2 32 54 0.001189 22222222
256 2 32 55 0.001155 22221222
256 2 32 56 0.001088 22222212
256 2 32 57 0.001144 22222222
256 2 32 58 0.001123 22222222
256 2 32 59 0.001160 22222222
256 2 32 60 0.001164 22222122
256 2 32 61 0.001191 22122222
256 2 32 62 0.001181 22222222
256 2 32 63 0.001088 12222222
256 2 32 64 0.001094 22222222
256 2 32 65 0.001101 22222222
256 2 32 66 0.001149 22222222
256 2 32 67 0.001069 22222212
256 2 32 68 0.001098 22022222
256 2 32 69 0.001029 22222122
256 2 32 70 0.001108 22222222
256 2 32 71 0.001235 22222222
256 2 32 72 0.001007 22212222
256 2 32 73 0.001136 21222222
256 2 32 74 0.001020 22222222
256 2 32 75 0.001172 22222222
256 2 32 76 0.001126 22222222
256 2 32 77 0.001038 22222222
256 2 32 78 0.001071 22222222
256 2 32 79 0.001080 22222122
256 2 32 80 0.001088 22222222
256 2 32 81 0.001182 22220122
256 2 32 82 0.001155 22122212
256 2 32 83 0.000932 20122222
256 2 32 84 0.001127 22222222
256 2 32 85 0.001079 22222122
256 2 32 86 0.001176 22222221
256 2 32 87 0.001139 22222222
256 2 32 88 0.001137 22222122
256 2 32 89 0.001165 22222222
256 2 32 90 0.001175 22222222
256 2 32 91 0.001192 22222222
256 2 32 92 0.001077 22222212
256 2 32 93 0.001175 22122222
256 2 32 94 0.001177 22222222
256 2 32 95 0.001150 22222222
256 2 32 96 0.001158 22222222
256 2 32 97 0.001128 22220222
256 2 32 98 0.001171 22222222
256 2 32 99 0.001191 22121222
256 4 8 0 0.003551 22222222222222222222222222222222
256 4 8 1 0.002834 22222222222222222222222222222222
256 4 8 2 0.002950 22222222222222222222222222222222
256 4 8 3 0.003016 22222222222222222222222222222222
256 4 8 4 0.003634 22222222222222222222222222222222
256 4 8 5 0.002842 22222222222222222222222222222222
256 4 8 6 0.003224 22222222222222222222222222222222
256 4 8 7 0.003147 22222222222222222222222222222222
256 4 8 8 0.003206 22222222222222222222222222222222
256 4 8 9 0.003246 22222222222222222222222222222222
256 4 8 10 0.002953 22222222222222222222222222222222
256 4 8 11 0.003182 02222222222222222222222222222222
256 4 8 12 0.002873 22222222221222222222222222222222
256 4 8 13 0.002875 22222222222222222222222222222222
256 4 8 14 0.003261 22222222222222222222222222222222
256 4 8 15 0.003082 22222222222222222222222222221222
256 4 8 16 0.002758 22222222222222222222222222222222
256 4 8 17 0.002952 22222222222222222222222222222222
256 4 8 18 0.003508 22222222222222222222222222222222
256 4 8 19 0.003237 22222222222222222222222222222222
256 4 8 20 0.002975 22222222222222222222222222222222
256 4 8 21 0.003128 22222222222222222222222222222222
256 4 8 22 0.003274 22222222222222222222222222222222
256 4 8 23 0.003174 22222222222222222222222222222222
256 4 8 24 0.002947 22222222222222222222222222222222
256 4 8 25 0.002759 22222222222222222222222222222222
256 4 8 26 0.003316 22222222222222222222222222222222
256 4 8 27 0.002817 22222222222222222222222222222222
256 4 8 28 0.003243 22222222222222222222222222222222
256 4 8 29 0.002840 22222222222222222222222222222222
256 4 8 30 0.003191 22222222222222222222222222222222
256 4 8 31 0.003222 22222222222222222222222222222222
256 4 8 32 0.003375 22222222222222222222222222222222
256 4 8 33 0.003411 22222222222222222222222222222222
256 4 8 34 0.003055 22222222222222222222222222222222
256 4 8 35 0.003312 22222222222222222222222222222222
256 4 8 36 0.002837 22222222222222222222222222222222
256 4 8 37 0.003003 22222222222222222222222222222222
256 4 8 38 0.002916 22222222222222222222222222222222
256 4 8 39 0.002891 22222222222222222222222222222222
256 4 8 40 0.003118 22222222222222222222222222222222
256 4 8 41 0.003041 22222222222222222222222222222222
256 4 8 42 0.003238 22222222222222222222222222222222
256 4 8 43 0.002591 22222222222222222222222222222222
256 4 8 44 0.002785 22222222222222222222222222222222
256 4 8 45 0.003085 22222222222222222222222222222222
256 4 8 46 0.003172 22222222222222222222222222222222
256 4 8 47 0.003401 22222222222222222222222222222222
256 4 8 48 0.002982 22222222222222222222222222222222
256 4 8 49 0.002762 22222222222222222222222222222222
256 4 8 50 0.002938 22222222222222222222222222222222
256 4 8 51 0.002747 22222222222222222222222222222222
256 4 8 52 0.003188 22222222222222222222222222222222
256 4 8 53 0.003041 22222222222222222222222222222222
256 4 8 54 0.003118 22222222222222222222222222222222
256 4 8 55 0.003157 22222222222222222222222222222222
256 4 8 56 0.002725 22222222222222222222222222222222
256 4 8 57 0.002974 22222222222222222222222222222222
256 4 8 58 0.002943 22222222222222222222222222222222
256 4 8 59 0.003148 22222222222222222222222222222222
256 4 8 60 0.003026 22222222222222222222222222222222
256 4 8 61 0.003177 22222222222222222222222222222222
256 4 8 62 0.003246 22222222222222222222222222222222
256 4 8 63 0.002895 22222222222222222222222222222222
256 4 8 64 0.002919 02222222222222222222222222222222
256 4 8 65 0.002844 22222222222222222222222222222222
256 4 8 66 0.003045 22222222222222222222222222222222
256 4 8 67 0.002800 22222222222222222222222222222222
256 4 8 68 0.002735 22222222222222222222222222222222
256 4 8 69 0.002623 22222222222222222222222222222222
256 4 8 70 0.003196 22222222222222222222222222222222
256 4 8 71 0.003320 22222222222222222222222222222222
256 4 8 72 0.002727 22222222222222222222222222222222
256 4 8 73 0.003007 22222222222222222222222222222222
256 4 8 74 0.002701 22222222222222222222222222222222
256 4 8 75 0.003039 22222222222222222222222222222222
256 4 8 76 0.002987 22222222222222222222222222222212
256 4 8 77 0.002772 22222222222222222222222222222222
256 4 8 78 0.002859 22222212222222222222222222222222
256 4 8 79 0.002864 22222222222222222222222222222222
256 4 8 80 0.002906 22222222222222222222222222222222
256 4 8 81 0.003310 22222222222222222222222122222222
256 4 8 82 0.003124 22222222222222222222222222222222
256 4 8 83 0.002390 22222222222222222222222222222222
256 4 8 84 0.002780 22222222222222222222222222222222
256 4 8 85 0.002896 22222222222222222222222222222222
256 4 8 86 0.003239 22222222222222222222222222222222
256 4 8 87 0.002855 22222222222222222222222222222222
256 4 8 88 0.002937 22222222222222222222222222222222
256 4 8 89 0.003103 22222222222222222222222222222222
256 4 8 90 0.003203 22222222222222222222222222222222
256 4 8 91 0.003223 22222222222222222222222222222222
256 4 8 92 0.002782 22222222222222222222222222222222
256 4 8 93 0.003105 22222222222222222222222222222222
256 4 8 94 0.003126 22222222222222222222222222222222
256 4 8 95 0.003120 22222222222222222222222222222222
256 4 8 96 0.003172 22222222222222222222222222222222
256 4 8 97 0.002928 22222222222222222222222222222222
256 4 8 98 0.003012 22222222222222222222222222222222
256 4 8 99 0.003224 22222222222222222222222222222222
256 4 16 0 0.003575 2222222222222222
256 4 16 1 0.002872 2222222222222222
256 4 16 2 0.002945 2222222222222222
256 4 16 3 0.002944 2222222222222222
256 4 16 4 0.003527 2222222222222222
256 4 16 5 0.002857 2222222222222222
256 4 16 6 0.003183 2222222222222222
256 4 16 7 0.003078 2222222222222222
256 4 16 8 0.003232 2222222222222222
256 4 16 9 0.003163 2222222222222222
256 4 16 10 0.002950 2222222222222222
256 4 16 11 0.003081 2222222222222222
256 4 16 12 0.002866 2222222222222222
256 4 16 13 0.002773 2222222222222222
256 4 16 14 0.003244 2222222222222222
256 4 16 15 0.003186 2222222222222222
256 4 16 16 0.002632 2222222222222222
256 4 16 17 0.002879 2222222222222222
256 4 16 18 0.003446 2222222222222222
256 4 16 19 0.003158 2222222222222222
256 4 16 20 0.002922 2222222222222222
256 4 16 21 0.003090 2222222222222222
256 4 16 22 0.003232 2222222222222222
256 4 16 23 0.003117 2222222222222222
256 4 16 24 0.002909 2222222222222222
256 4 16 25 0.002718 2222222222222222
256 4 16 26 0.003105 2222222222222222
256 4 16 27 0.002669 2222222222222222
256 4 16 28 0.003148 2222222222222222
256 4 16 29 0.002826 2222222222222222
256 4 16 30 0.003058 2222222222222222
256 4 16 31 0.003126 2222222222222222
256 4 16 32 0.003259 2222222222222222
256 4 16 33 0.003397 2222222222222222
256 4 16 34 0.002954 2222222222222222
256 4 16 35 0.003412 2222222222222222
256 4 16 36 0.002836 2222222222222222
256 4 16 37 0.002884 2222222222222222
256 4 16 38 0.002890 2222222222222222
256 4 16 39 0.002894 2222222222222222
256 4 16 40 0.003064 2222222222222222
256 4 16 41 0.002900 2222222222222222
256 4 16 42 0.003191 2222222222222222
256 4 16 43 0.002505 2222222222222222
256 4 16 44 0.002784 2222222222222222
256 4 16 45 0.003096 2222222222222222
256 4 16 46 0.003062 2222222222222222
256 4 16 47 0.003570 2222222222222222
256 4 16 48 0.002910 2222222222222222
256 4 16 49 0.002688 2222222222222222
256 4 16 50 0.002876 2222222222222222
256 4 16 51 0.002837 2222222222222222
256 4 16 52 0.002974 2222222222222222
256 4 16 53 0.002983 2222222222222222
256 4 16 54 0.003091 2222222222222222
256 4 16 55 0.003152 2222222222222222
256 4 16 56 0.002673 2222222222222222
256 4 16 57 0.002967 2222222222222222
256 4 16 58 0.002851 2222222222222222
256 4 16 59 0.003065 2222222222222222
256 4 16 60 0.003033 2222222222222222
256 4 16 61 0.003165 2222222222222222
256 4 16 62 0.003141 2222222222222222
256 4 16 63 0.002800 2222222222222222
256 4 16 64 0.002953 2222222222222222
256 4 16 65 0.002783 2222222222222222
256 4 16 66 0.002944 2222222222222222
256 4 16 67 0.002645 2222222222222222
256 4 16 68 0.002776 2222222222222222
256 4 16 69 0.002565 2222222222222222
256 4 16 70 0.002846 2222222222222222
256 4 16 71 0.003248 2222222222222222
256 4 16 72 0.002657 2222222222222222
256 4 16 73 0.003025 2222222222222222
256 4 16 74 0.002644 2222222222222222
256 4 16 75 0.002970 2222222222222222
256 4 16 76 0.002934 2222222222222222
256 4 16 77 0.002680 2222222222222222
256 4 16 78 0.002889 2222222222222222
256 4 16 79 0.002903 2222222222222222
256 4 16 80 0.002885 2222222222222222
256 4 16 81 0.003176 2222222222212222
256 4 16 82 0.003161 2222222222222222
256 4 16 83 0.002429 2222222222222222
256 4 16 84 0.002692 2222222222222222
256 4 16 85 0.002837 2222222222222222
256 4 16 86 0.003172 2222222222222222
256 4 16 87 0.002849 2222222222222222
256 4 16 88 0.002921 2222222222222222
256 4 16 89 0.003018 2222222222222222
256 4 16 90 0.003219 2222222222222222
256 4 16 91 0.003211 2222222222222222
256 4 16 92 0.002716 2222222222222222
256 4 16 93 0.003089 2222222222222222
256 4 16 94 0.003052 2222222222222222
256 4 16 95 0.003061 2222222222222222
256 4 16 96 0.003103 2222222222222222
256 4 16 97 0.002883 2222222222222222
256 4 16 98 0.002986 2222222222222222
256 4 16 99 0.003235 2222222222222222
256 4 32 0 0.003654 22222222
256 4 32 1 0.002944 22222222
256 4 32 2 0.003068 22222222
256 4 32 3 0.003013 22222222
256 4 32 4 0.003642 22222222
256 4 32 5 0.002940 22222222
256 4 32 6 0.003382 22222222
256 4 32 7 0.003207 22222222
256 4 32 8 0.003252 22222222
256 4 32 9 0.003384 22222222
256 4 32 10 0.003117 22222222
256 4 32 11 0.003255 22222222
256 4 32 12 0.002947 22222222
256 4 32 13 0.002927 22222222
256 4 32 14 0.003464 22222222
256 4 32 15 0.003107 22222222
256 4 32 16 0.002901 22222222
256 4 32 17 0.002969 22222222
256 4 32 18 0.003520 22222222
256 4 32 19 0.003288 22222222
256 4 32 20 0.003020 22222222
256 4 32 21 0.003222 22222222
256 4 32 22 0.003385 22222222
256 4 32 23 0.003181 22222222
256 4 32 24 0.002933 22222222
256 4 32 25 0.002780 22222222
256 4 32 26 0.003226 22222222
256 4 32 27 0.002772 22222222
256 4 32 28 0.003378 22222222
256 4 32 29 0.003013 22222222
256 4 32 30 0.003288 22222222
256 4 32 31 0.003322 22222222
256 4 32 32 0.003420 22222222
256 4 32 33 0.003352 22222222
256 4 32 34 0.003112 22222222
256 4 32 35 0.003408 22222222
256 4 32 36 0.002946 22222222
256 4 32 37 0.003016 22222222
256 4 32 38 0.002941 22222222
256 4 32 39 0.002905 22222222
256 4 32 40 0.003219 22222222
256 4 32 41 0.003072 22222222
256 4 32 42 0.003367 22222222
256 4 32 43 0.002582 22222222
256 4 32 44 0.002833 22222222
256 4 32 45 0.003077 22222222
256 4 32 46 0.003233 22222222
256 4 32 47 0.003534 22222222
256 4 32 48 0.002997 22222222
256 4 32 49 0.002742 22222222
256 4 32 50 0.002940 22222222
256 4 32 51 0.002850 22222222
256 4 32 52 0.003104 22222222
256 4 32 53 0.003117 22222222
256 4 32 54 0.003755 22222222
256 4 32 55 0.003175 22222222
256 4 32 56 0.002721 22222222
256 4 32 57 0.003088 22222222
256 4 32 58 0.002952 22222222
256 4 32 59 0.003128 22222222
256 4 32 60 0.003364 22222222
256 4 32 61 0.003220 22222222
256 4 32 62 0.003227 22222222
256 4 32 63 0.002807 22222222
256 4 32 64 0.002988 22222222
256 4 32 65 0.002946 22222222
256 4 32 66 0.003121 22222222
256 4 32 67 0.002743 22222222
256 4 32 68 0.002841 22222222
256 4 32 69 0.002659 22222222
256 4 32 70 0.002906 22222222
256 4 32 71 0.003367 22222222
256 4 32 72 0.002715 22222222
256 4 32 73 0.003077 22222222
256 4 32 74 0.002632 22222222
256 4 32 75 0.003145 22222222
256 4 32 76 0.002991 22222222
256 4 32 77 0.002772 22222222
256 4 32 78 0.002927 22222222
256 4 32 79 0.002904 22222222
256 4 32 80 0.002954 22222222
256 4 32 81 0.003294 22222122
256 4 32 82 0.003262 22222222
256 4 32 83 0.002362 22222222
256 4 32 84 0.002784 22222222
256 4 32 85 0.002837 22222222
256 4 32 86 0.003309 22222222
256 4 32 87 0.003019 22222222
256 4 32 88 0.003001 22222222
256 4 32 89 0.003132 22222222
256 4 32 90 0.003409 22222222
256 4 32 91 0.003286 22222222
256 4 32 92 0.002750 22222222
256 4 32 93 0.003332 22222222
256 4 32 94 0.003179 22222222
256 4 32 95 0.003061 22222222
256 4 32 96 0.003221 22222222
256 4 32 97 0.003091 22222222
256 4 32 98 0.003239 22222222
256 4 32 99 0.003204 22222222
256 8 16 0 0.011229 2222222222222222
256 8 16 1 0.009017 2222222222222222
256 8 16 2 0.009344 2222222222222222
256 8 16 3 0.009609 2222222222222222
256 8 16 4 0.011939 2222222222222222
256 8 16 5 0.009237 2222222222222222
256 8 16 6 0.009986 2222222222222222
256 8 16 7 0.011013 2222222222222222
256 8 16 8 0.010282 2222222222222222
256 8 16 9 0.010479 2222222222222222
256 8 16 10 0.009676 2222222222222222
256 8 16 11 0.010292 2222222222222222
256 8 16 12 0.009129 2222222222222222
256 8 16 13 0.008991 2222222222222222
256 8 16 14 0.010652 2222222222222222
256 8 16 15 0.010114 2222222222222222
256 8 16 16 0.008575 2222222222222222
256 8 16 17 0.009273 2222222222222222
256 8 16 18 0.011420 2222222222222222
256 8 16 19 0.010354 2222222222222222
256 8 16 20 0.009117 2222222222222222
256 8 16 21 0.009918 2222222222222222
256 8 16 22 0.010224 2222222222222222
256 8 16 23 0.010220 2222222222222222
256 8 16 24 0.009532 2222222222222222
256 8 16 25 0.008860 2222222222222222
256 8 16 26 0.010026 2222222222222222
256 8 16 27 0.008472 2222222222222222
256 8 16 28 0.010370 2222222222222222
256 8 16 29 0.008944 2222222222222222
256 8 16 30 0.010627 2222222222222222
256 8 16 31 0.010641 2222222222222222
256 8 16 32 0.011434 2222222222222222
256 8 16 33 0.010988 2222222222222222
256 8 16 34 0.010418 2222222222222222
256 8 16 35 0.010789 2222222222222222
256 8 16 36 0.009372 2222222222222222
256 8 16 37 0.009413 2222222222222222
256 8 16 38 0.009239 2222222222222222
256 8 16 39 0.009073 2222222222222222
256 8 16 40 0.010667 2222222222222222
256 8 16 41 0.008966 2222222222222222
256 8 16 42 0.010150 2222222222222222
256 8 16 43 0.007746 2222222222222222
256 8 16 44 0.008482 2222222222222222
256 8 16 45 0.011444 2222222222222222
256 8 16 46 0.010494 2222222222222222
256 8 16 47 0.011112 2222222222222222
256 8 16 48 0.009244 2222222222222222
256 8 16 49 0.008240 2222222222222222
256 8 16 50 0.009148 2222222222222222
256 8 16 51 0.009020 2222222222222222
256 8 16 52 0.009697 2222222222222222
256 8 16 53 0.009602 2222222222222222
256 8 16 54 0.009307 2222222222222222
256 8 16 55 0.010070 2222222222222222
256 8 16 56 0.008571 2222222222222222
256 8 16 57 0.009476 2222222222222222
256 8 16 58 0.010805 2222222222222222
256 8 16 59 0.009938 2222222222222222
256 8 16 60 0.010203 2222222222222222
256 8 16 61 0.010642 2222222222222222
256 8 16 62 0.010059 2222222222222222
256 8 16 63 0.009718 2222222222222222
256 8 16 64 0.009041 2222222222222222
256 8 16 65 0.008879 2222222222222222
256 8 16 66 0.009919 2222222222222222
256 8 16 67 0.009153 2222222222222222
256 8 16 68 0.008584 2222222222222222
256 8 16 69 0.008883 2222222222222222
256 8 16 70 0.009150 2222222222222222
256 8 16 71 0.010933 2222222222222222
256 8 16 72 0.008035 2222222222222222
256 8 16 73 0.009085 2222222222222222
256 8 16 74 0.008233 2222222222222222
256 8 16 75 0.009616 2222222222222222
256 8 16 76 0.009457 2222222222222222
256 8 16 77 0.008619 2222222222222222
256 8 16 78 0.008759 2222222222222222
256 8 16 79 0.008939 2222222222222222
256 8 16 80 0.009102 2222222222222222
256 8 16 81 0.010667 2222222222222222
256 8 16 82 0.010436 2222222222222222
256 8 16 83 0.006839 2222222222222222
256 8 16 84 0.009231 2222222222222222
256 8 16 85 0.008903 2222222222222222
256 8 16 86 0.010973 2222222222222222
256 8 16 87 0.009436 2222222222222222
256 8 16 88 0.009173 2222222222222222
256 8 16 89 0.009657 2222222222222222
256 8 16 90 0.010420 2222222222222222
256 8 16 91 0.010821 2222222222222222
256 8 16 92 0.008301 2222222222222222
256 8 16 93 0.009997 2222222222222222
256 8 16 94 0.009971 2222222222222222
256 8 16 95 0.010128 2222222222222222
256 8 16 96 0.010182 2222222222222222
256 8 16 97 0.008969 2222222222222222
256 8 16 98 0.010229 2222222222222222
256 8 16 99 0.010496 2222222222222222
256 8 32 0 0.011701 22222222
256 8 32 1 0.009259 22222222
256 8 32 2 0.009424 22222222
256 8 32 3 0.009879 22222222
256 8 32 4 0.012246 22222222
256 8 32 5 0.009078 22222222
256 8 32 6 0.010234 22222222
256 8 32 7 0.010640 22222222
256 8 32 8 0.013089 22222222
256 8 32 9 0.010823 22222222
256 8 32 10 0.009728 22222222
256 8 32 11 0.011111 22222222
256 8 32 12 0.009872 22222222
256 8 32 13 0.009256 22222222
256 8 32 14 0.010683 22222222
256 8 32 15 0.010022 22222222
256 8 32 16 0.009013 22222222
256 8 32 17 0.010454 22222222
256 8 32 18 0.011833 22222222
256 8 32 19 0.010709 22222222
256 8 32 20 0.009336 22222222
256 8 32 21 0.010092 22222222
256 8 32 22 0.010815 22222222
256 8 32 23 0.010361 22222222
256 8 32 24 0.009906 22222222
256 8 32 25 0.009607 22222222
256 8 32 26 0.011409 22222222
256 8 32 27 0.009264 22222222
256 8 32 28 0.010502 22222222
256 8 32 29 0.009017 22222222
256 8 32 30 0.009900 22222222
256 8 32 31 0.011138 22222222
256 8 32 32 0.010609 22222222
256 8 32 33 0.011633 22222222
256 8 32 34 0.010130 22222222
256 8 32 35 0.011364 22222222
256 8 32 36 0.009438 22222222
256 8 32 37 0.009748 22222222
256 8 32 38 0.009712 22222222
256 8 32 39 0.009138 22222222
256 8 32 40 0.010714 22222222
256 8 32 41 0.009262 22222222
256 8 32 42 0.010662 22222222
256 8 32 43 0.008002 22222222
256 8 32 44 0.009289 22222222
256 8 32 45 0.010031 22222222
256 8 32 46 0.010310 22222222
256 8 32 47 0.011197 22222222
256 8 32 48 0.009244 22222222
256 8 32 49 0.008532 22222222
256 8 32 50 0.009497 22222222
256 8 32 51 0.008857 22222222
256 8 32 52 0.009565 22222222
256 8 32 53 0.009755 22222222
256 8 32 54 0.009598 22222222
256 8 32 55 0.010009 22222222
256 8 32 56 0.009365 22222222
256 8 32 57 0.010094 22222222
256 8 32 58 0.010563 22222222
256 8 32 59 0.009655 22222222
256 8 32 60 0.010222 22222222
256 8 32 61 0.010821 22222222
256 8 32 62 0.010717 22222222
256 8 32 63 0.009432 22222222
256 8 32 64 0.009149 22222222
256 8 32 65 0.009060 22222222
256 8 32 66 0.010256 22222222
256 8 32 67 0.008657 22222222
256 8 32 68 0.008793 22222222
256 8 32 69 0.008604 22222222
256 8 32 70 0.009530 22222222
256 8 32 71 0.011120 22222222
256 8 32 72 0.008520 22222222
256 8 32 73 0.009412 22222222
256 8 32 74 0.008221 22222222
256 8 32 75 0.010000 22222222
256 8 32 76 0.009840 22222222
256 8 32 77 0.008970 22222222
256 8 32 78 0.009090 22222222
256 8 32 79 0.009236 22222222
256 8 32 80 0.009232 22222222
256 8 32 81 0.010880 22222222
256 8 32 82 0.010708 22222222
256 8 32 83 0.008216 22222222
256 8 32 84 0.008717 22222222
256 8 32 85 0.009308 22222222
256 8 32 86 0.010975 22222222
256 8 32 87 0.009698 22222222
256 8 32 88 0.009469 22222222
256 8 32 89 0.009878 22222222
256 8 32 90 0.010690 22222222
256 8 32 91 0.010905 22222222
256 8 32 92 0.008616 22222222
256 8 32 93 0.010441 22222222
256 8 32 94 0.010302 22222222
256 8 32 95 0.009848 22222222
256 8 32 96 0.010044 22222222
256 8 32 97 0.009751 22222222
256 8 32 98 0.010777 22222222
256 8 32 99 0.010716 22222222
512 2 4 0 0.002189 12212122222222222222222221122222212222122222222222222222222222222222212222210222221222202222222122222222222221222212222222222222
512 2 4 1 0.002353 22222222222222222222222222122222222212122222222222222222222222222221222221212222222222222222212222222222222221222022222222221222
512 2 4 2 0.002325 22222222222222222212122211222221222222222222221221212222222212222222222222222222222222222212222122222122222222222122222222222222
512 2 4 3 0.002306 22222022212222222222222222222222222222222222222222222222222222122222222222222222221112222221121222222122221211122222222222222022
512 2 4 4 0.002228 22222222222222212222222222122222212122222222222222222222222222222222222221222222222222122222222122221222222222222222222222222222
512 2 4 5 0.002251 22222222222222222202222222222221221222122222221212222222222220222122222222221222122222222222222222221222222222222222222222222222
512 2 4 6 0.002399 22222022222222212222222222222222222222222212222222222222222222222222222222222222222122222122222222222222212222122222122122222222
512 2 4 7 0.002263 22221022222221222222221221222222222222222212222222222222220222222222222222222222221222222222221212222222222222222222222212222222
512 2 4 8 0.002251 22222222222222222212221002221222222222222222222222222222222222222222222122222222222222212112022222222222222222222222222221222222
512 2 4 9 0.002358 22222222222222221222222222222222122222222222222222202222222222221222222222222222222222222222222222222222212222222222222222222222
512 2 4 10 0.002297 12221222220221221122222222222222222222222222222222222222222222222222222222222222222222221222222222222222222222222222222222222222
512 2 4 11 0.002331 22222122221212222221222222222222222222222122122222222222222222222222222222222222222222222222222202222222222222221222222222222222
512 2 4 12 0.002139 22222222222222222222222122222122222222222222222222212222122222222222222222222222222222222222222122221222222222222222122222222122
512 2 4 13 0.002314 22222222222222222222222222222222222222221222222222222222222222222212222222222221222222222222222222222222222222221222222222222222
512 2 4 14 0.002403 12222222222222212221222222222112122222222222222122222222222222222222222222222222222222222222222112222222221211222222222222122222
512 2 4 15 0.002228 00022221221222122221221222222222222122222222220212222222222222222222222122222222222222222022222222122222222222222212222222222222
512 2 4 16 0.002381 22122222222222222221222222222222222222222022222222222222222222222222222222221212222222222122221222212222222212222222222222222202
512 2 4 17 0.002209 22222221222222222222222222222222222222222222222222222222222222222222222222222222222222221222222222222222022222222222212222222222
512 2 4 18 0.002249 12222222221222222222222122222222222222222221222222122222222202222222222222122222222222122222222222222222212222222222221222222222
512 2 4 19 0.002078 11222222222222222222222212222222222222212220222222222212222222222222222221222222222222222222222222122222222222222222212221121222
512 2 4 20 0.002337 22222222222212222221212222222222222222222222222222222222222222222202222222222222222222221212222222222212212222222222222221222222
512 2 4 21 0.002249 22222222222212222222222221222222222222222221222222222222222222222221222222222222222122222222222222222202222222222222221122222222
512 2 4 22 0.002201 12222222222222222220222222222222222202222222222212222122222112221222222222121222222222212222222212222222222222222222222222222122
512 2 4 23 0.002111 22222221222222222122222222222222202222222212212022222222222222222222222222022220221222222222222222222222022222222212222222222222
512 2 4 24 0.002380 22222222222222222211222122222222222221222122222222222222222222222222221222222222222222222222222222222222212222222222222222222222
512 2 4 25 0.002239 22122222122222212222222222222222222222222222222222022222122022222222222212222212222222222212222222222222222221222222222222222222
512 2 4 26 0.002179 22222122222222222222222222222122222112222222222222222222222202222222222222222222222222222222222222122221222222222222222222222122
512 2 4 27 0.002244 22222222222222222222222222012222222122222222222222222222222222222222222222222222222222220222222222222222222212222222222222221222
512 2 4 28 0.002245 22222222222222222222220222222222211122122222222222222222222222222222222211222222221222222222222222222222222222222221222222202222
512 2 4 29 0.002200 21222222212221222222222122222222222222222222222221222222222222222222212222222222222222222122222122222122222222222222122222222222
512 2 4 30 0.002105 12222222222222222222122222222212222222221122222222222222222222222222222222222222222221222222222222222212222212222222222222022222
512 2 4 31 0.002293 22222222120222222122222212222222122212222222222212222222222222222222122222221222222222221222222222222222222222122212222222222222
512 2 4 32 0.002383 22222222222222222221222222212222122222222222222221222222222212221222222222122222222202222221222222222222222222222222222222222222
512 2 4 33 0.002113 22222222222222222222222222222222222222222222222222222122222222222212222212222122222222222222222221122212222222122222222122222222
512 2 4 34 0.002283 22222211222222222222222222222212222222222222221222222122222222122212222222222222222212222220222222212222222222222222222222222222
512 2 4 35 0.002291 22222222222222222212212222222222222222222212222222222222222222222222222222222120122222222222222222222222222221222212222122222212
512 2 4 36 0.002277 21222222222222222222212222222222222221222222222222222122222222222222222222222222221222222222222222222222222221222222222222222222
512 2 4 37 0.002267 02222222222222222222222222222222222222222222222222222222122222222212212222222122222222222222222222221222222222202212222222221222
512 2 4 38 0.002035 22222222222222222222222221222222222222222222212221222221222222122221222222212220212222222222212221222222222222222222222222222222
512 2 4 39 0.002296 22222211222222222222222222222222222222222222122222212222222221222222222221212222222222222222222222222222222222122222222222212222
512 2 4 40 0.002135 12222222222222222222222222222222222222222222222222222222222221222222212222222222222222122220222222222202222222222222222122222222
512 2 4 41 0.002241 22221222221222222222222222222222222222222212222222212122222222222222222222222222222222222222222222022122221222212222222222222222
512 2 4 42 0.002363 02212222121222222122222222222222222222222222222222222222212222222222222222222222222222222220222222222212222222221222222222222222
512 2 4 43 0.002278 22222222222222222122222222220222222222222222222221222221222121222222222222222222222222222222222222222222222222222122212222122222
512 2 4 44 0.002541 22222222222222222222222222222221221222222221222222222222222222222222222222222222222222222222122222222222222222222212222222222222
512 2 4 45 0.002283 22221222222222222122222222222222222222222222222122222222112222222222222222222122222222212221222222222222222222222222222201222222
512 2 4 46 0.002421 22222222222222222222222222222222222222221221222222221212222222222222222222222222222222222222221222222222222222222222222222222222
512 2 4 47 0.002193 22222222222222222222222222222222222122222222222222222222222222222222222222222222222222222222112222222222222122222222222222222220
512 2 4 48 0.002483 22222222222222222222222202222222221122222221222222222221221222222222222222222222222222222112222222222222222222222222222222222122
512 2 4 49 0.002252 12222222212222222222221122221222222222222222222222222212222222222222222222222222222222221212212222222222212222222222222222222212
512 2 4 50 0.002250 22222222222222212212222222222222222222222222222222222222222122222222222222222222222222212222222211122222222222222222212222122222
512 2 4 51 0.002215 22222222212222222222222222222222222222222222122122222222212222222221222220212222222222222222222222222222222122212222222222222222
512 2 4 52 0.002293 22222222222222222222222222222222222222222212222222222222212222222222221222122222222222122222222222221222022222222222222222222222
512 2 4 53 0.002304 22222202222212222222222222212222221222222222222222222122221222222212222022122212222221222222222222222222222222222222222212222222
512 2 4 54 0.002232 22222222222222222112122222212222222222222222221221222222222222222222222222221222222221222222222222222222202122222222221222222222
512 2 4 55 0.002214 22222222222222222212222222222121221222222222222222222212222212221222222222222222222222222222212222222222222222222222222222222222
512 2 4 56 0.002206 22122222222222222222222222222222222222222122222122200222222212222222222222222221222222222222121222222222222222222222222222222222
512 2 4 57 0.002226 22222222202222222222222222222222222222221212211222222122222222222222202222222222222222222222122222222222222222222222222122222222
512 2 4 58 0.002234 22222222222222222222222221212222222222212222221122222222222222222122222122222222221220222222222222222222222222222222122212222122
512 2 4 59 0.002327 22222222222222222222222222222222122222202222222222222222222222222222212222222222222222222212222222222222222222222222222222222222
512 2 4 60 0.002223 22222222022222202221122222222220222222222222222222222222222222222222222222221221222222222222222222222221222222212221222222222221
512 2 4 61 0.002136 22222220222222222222222222222222222221122222220222222222222222222222222222222112222122222212222222222222222222222222222222122222
512 2 4 62 0.002255 22222222222222222222222222222222222222222222222212222222222222122222122122222212222222221222221222222222222222222222212222212222
512 2 4 63 0.002312 22222222222222222222222222222222222222122222222222212222222202222021222221222212122221222222122222222222222222222222222222222222
512 2 4 64 0.002439 22222222122222222222222222122222222222222222222212222202222222222222222202212222222222222222222222222221222222222222222122222222
512 2 4 65 0.002395 22222222222222222222222222222222222221222222222022222222222222222212221222222122222222222221222222222222222212222222222222222222
512 2 4 66 0.002209 22222222222122222222222022222222222222222222222222222022222222222222222222222022222222222222122222222222222221222222222222222121
512 2 4 67 0.002297 22222222222222221222222222222222222222222222222222222222022222222222222222222222222212222222222222222122222222222222221222222222
512 2 4 68 0.002256 22212222212222222222222222211222222202222222222222222222222222121122212122222222222212222222222222212222222222222221222222222221
512 2 4 69 0.002395 22221222222222122222222222222222222222222222222222212222212222222222222222222122122212222222222122222222222222222221222222221222
512 2 4 70 0.002336 22222122222222122122222222222222222222222222222222222222222122222222222222122222222222222222222222222222222222222222222222222222
512 2 4 71 0.002373 22222222212222222122222222122221211222222222222222222222222222222222222222221222222222222221212222222222222222222222222222212202
512 2 4 72 0.002291 22222222222221122222222222222222222202222222122222222202222222222222122222222222222222222222102212222222221122222222222000222222
512 2 4 73 0.002266 22222222222222222222222221221222222222222222222222222222222222222222222222222222222212222122222222222222212212222222222222222222
512 2 4 74 0.002121 21222222222222222221222221212221222222222222122212122222222222222222202022222222222122222222220222222122222212222212222222122222
512 2 4 75 0.002335 22212222222222221222222222222222222222222222222222222222121222221222222222222222222222222222212222222222222222222222122222221222
512 2 4 76 0.002331 22222222122222222222222222222222222222222222222122221221222222222222202202222222222222222222222222212212222222222222122222222222
512 2 4 77 0.002232 22222222222222122222222112222222222202222222222212222221222222202222222222222221221122122212222222222222222222212122222222222222
512 2 4 78 0.002344 22222222212222222222222222222222222222222122222221222222222222222222222221222222222222222222221222222212222222222222212222222222
512 2 4 79 0.002370 22122212222222222212122222222122222222222222222222212212222222222222222222222222222122222222212222222122222222222222222222222222
512 2 4 80 0.002227 22222222222222222222222222222212222122122222222222222221221222221122222222221222222222222222222222222222222222202222222222222222
512 2 4 81 0.002327 02222212222222222222222222221221222122222222222222222122220222222222222222222222122221222222222222222222222222222212221222222222
512 2 4 82 0.002250 12222222222022222121222222222222222212222222222222122222222222222222222200222222221212222222222222222222222222222222222222222222
512 2 4 83 0.002223 22222222222222222222212211222221222222222222222222222222222222022222222222222222201222222222222122222221222222222222222021222212
512 2 4 84 0.002475 21222222221222222222222122222222122222222222222222222222222222221222212222222222222222222222222222222212222222222222222221222222
512 2 4 85 0.002256 22222222221222222222212222222222222222222222222122222222222222222212211122222222222222222222222222222222222222221222222212212222
512 2 4 86 0.002279 21222212222222222222222222122222222222222222222222222222222222222222222222222211222112222212222222222122212222222122222212222222
512 2 4 87 0.002345 22222222222222222222222222222222222222222222222222222222222222222222222222222222222222222222222222212222202222222222222122222222
512 2 4 88 0.002320 22122122222122222222222222222222222222222222212222222222212222222222222222222222222221221212222212222222222222222222222222212222
512 2 4 89 0.002360 22222212222222222222222222222222222222222222221222222122222222221222222222222212221222222222222222222212222222212222222122222112
512 2 4 90 0.002324 22222222202222222222222222212222222222222222222222221222222222222222222222222222222222220222122221222222212222222212222222222222
512 2 4 91 0.002339 22222122222222222222222222222221222012221222212221202222222122222222212222222222222222222222221222222222022222222222222222222222
512 2 4 92 0.002335 22212212202222222222222222122212222122222122222212222222222222222222222222222222222222222222222222220222212212122222222222222222
512 2 4 93 0.002279 12122122222202222222222222222222222222212222222222222222222222222022222222222212222222122222221222212121222222222222222222221221
512 2 4 94 0.002275 22222222221222222222222222222022222222222222222222222221222221222222222222222222222222222222222220222222222222222222221212222122
512 2 4 95 0.002330 22222222222122222222222212222222222212222212222202222222222222122220222222222222122222222221222222222222212221212222222212222220
512 2 4 96 0.002203 22222222221222222222212222222222222222222222222222222122222222222222222222222022222222222222220222122212222222222221122222222222
512 2 4 97 0.002328 12212222222222222222222222222221212222222222122222222222222222212221222222222210222222222222222221222122222222222022220222222222
512 2 4 98 0.002236 22222222222122122222222222222222222222222222122222222222222222222222211122222222222222222222222122222221221222220222221121212222
512 2 4 99 0.002417 22222222212212222222222222221222202221222122222222212222222212222222221222212122222222222222222222222222222222222221222122222222
512 2 8 0 0.002156 2112222222221222122222222222222222122122222022212222221222222222
512 2 8 1 0.002323 2222222222222222222222222222222221221122222222122222221202222222
512 2 8 2 0.002331 2222222222221221222222221122222222222222222222212212222212222222
512 2 8 3 0.002291 2202122222222222222222222222222222222222212221222212221222222202
512 2 8 4 0.002225 2222222122222222112222222222222222221222222222212222222222222222
512 2 8 5 0.002278 2222222222222221222222222222220212222222222222222222222222222222
512 2 8 6 0.002250 2202222122222222222222222222222222222222212212222222122222212222
512 2 8 7 0.002259 2202221222221222222222222222222222222222222222222222222222222222
512 2 8 8 0.002242 2222222222202222222222222222222222212222222112222222222222221222
512 2 8 9 0.002356 2222222222222222222222222022222222222222222222222222122222222222
512 2 8 10 0.002298 2222221212222222222222222222222222222222222222222222222222222222
512 2 8 11 0.002310 2212222221222222222212222222222222222222222222222222222222222222
512 2 8 12 0.002212 2222222222212212222222222122222222222222222222212222222222222212
512 2 8 13 0.002277 2222222222222222222222222222222222222221222222222222222222222222
512 2 8 14 0.002350 2222222121222212222222212222222222222222222222212222221222222222
512 2 8 15 0.002202 0221222221222222212222222222222222212222222202222222222222222222
512 2 8 16 0.002367 2222222221222222222202222222222222222222222212222122222222222222
512 2 8 17 0.002205 2221222222222222222222222222222222222222222222222222222222122222
512 2 8 18 0.002225 2222222222212222222221222222222222222222222222222222122222222222
512 2 8 19 0.002082 1222222222222222222120222222222222221222222222222222222222121222
512 2 8 20 0.002303 2222222221122222222222222222222222222222222222222222122222221222
512 2 8 21 0.002204 2222222222221222222221222222222221222222212222222222222222212222
512 2 8 22 0.002176 2222222220222222222222222212212222222222222122222222222222222212
512 2 8 23 0.002105 2221222212222222022222102222222222222220222222222222222222222222
512 2 8 24 0.002415 2222222221212222221212222222222222222222222222222222122222222222
512 2 8 25 0.002209 2222222122222222222222222222202222222222222222222222221222222222
512 2 8 26 0.002196 2212222222222212212222222222222222222222222222222221222222222212
512 2 8 27 0.002246 2222222222222122212222222222222222222222222222222222222222222222
512 2 8 28 0.002257 2222222222222222112222222222222222221222222222222222222221222022
512 2 8 29 0.002173 1222121222212222222222221222222222122222222212212212222222222222
512 2 8 30 0.002106 2222222222222222222212222222222222222222221222222222222222222222
512 2 8 31 0.002295 2222222212222222222222222222222222222222222222222222222222222222
512 2 8 32 0.002348 2222222221222122222222221222222222222222222221222222222222222222
512 2 8 33 0.002080 2222222222222222222222222212222222222212222222221222222222212222
512 2 8 34 0.002250 2221222222222222222222222212222222222222222220222122222222222222
512 2 8 35 0.002303 2222222222122222222222222222222222222210222222222222221222212222
512 2 8 36 0.002281 1222222222122222221222222212222222222222222222222222221222222222
512 2 8 37 0.002219 2222222222222222222222222222222222122212222222222222222022222222
512 2 8 38 0.002056 2222222222221222222222121221222221222120122222121222222222222222
512 2 8 39 0.002288 2221222222222222222222222122221222221122222222222222222222222122
512 2 8 40 0.002137 2222222222222222222222222222221222122222222220222222222222212222
512 2 8 41 0.002240 2222222222222222222222222112222222222222222222222212222122222222
512 2 8 42 0.002365 2122222212222222222222222222122222222222222220222222222222222222
512 2 8 43 0.002297 2222222212222222222222221221211222222222222222222222222212122222
512 2 8 44 0.002530 2222222222222221222221222222222222222222222222222222222222222222
512 2 8 45 0.002267 2222222212222222222222212222122222222212222121222222222222221222
512 2 8 46 0.002457 2222222222222222222221222222222222222222222222222222222222222222
512 2 8 47 0.002226 2222222222222222212222222222222222222222222222122222212222222220
512 2 8 48 0.002495 2222222222222222212221222221222222222222222212222222222222222212
512 2 8 49 0.002266 2222122222212222222222222222222222222222222222122222122222222222
512 2 8 50 0.002194 2222222122222222222222222222212222222222222122221222222222122222
512 2 8 51 0.002207 2222122222222222222222212222122221220122222222222222212122222222
512 2 8 52 0.002251 2222222222222222222222222222122222222222222222222222222222222222
512 2 8 53 0.002318 2222222222222122222222222212222222202222221222222222222222222222
512 2 8 54 0.002190 2222222212222122222222221222222222222222221222222222012222222222
512 2 8 55 0.002191 2222222222222211222222222222222222222222222222122222222222222222
512 2 8 56 0.002194 2222222222222222222212212022222222222221222222222222222222222222
512 2 8 57 0.002211 2222022222222222222222122212222222022222222222222222222222212222
512 2 8 58 0.002154 2222222222221122222122212222222212212222220222222222222222222212
512 2 8 59 0.002295 2222222222222222222022222222222222122222222222222222222222222222
512 2 8 60 0.002220 2222222021222220222222222222222222222221222222222221222121222221
512 2 8 61 0.002151 2220222222222222221222222222222222222212212222222222222222222222
512 2 8 62 0.002181 2222222222222222222222222222222222212222222222222222222222122122
512 2 8 63 0.002311 2222222222222222222222222122222201221222221222222222222222222222
512 2 8 64 0.002418 2222222222222222222222222222222222222122222222222221222222212222
512 2 8 65 0.002277 2222222222222222221222202222222222222212222221222222222222222222
512 2 8 66 0.002201 2222212222202222222222222202222222222202222222222222221222222211
512 2 8 67 0.002281 2222222222222222222222222222222222222222222222222212222222222222
512 2 8 68 0.002222 2122122222222122222222222222222212112222222222222122222221222221
512 2 8 69 0.002394 2222222222222222222222222122122222222212222222212222222221222222
512 2 8 70 0.002326 2212222212222222222222222222212222222222222222222222222222222222
512 2 8 71 0.002364 2222122212222221122222222222222222222222222221122222222222222122
512 2 8 72 0.002268 2222221222222222222222222222222222222222222222022222212222200222
512 2 8 73 0.002222 2222222222221222222222222222222222222222222212222222122222222222
512 2 8 74 0.002105 1222222221221121222222222222222222002222212222222212222222222222
512 2 8 75 0.002325 2122222222222222222222222222222222222222222222122222222222222222
512 2 8 76 0.002321 2222222222222222222222212221222222022222222222222122222222222222
512 2 8 77 0.002214 2222222222212222222222222221222022222221212222222222222112222222
512 2 8 78 0.002301 2222122222222222222212221222222222221222222222222222222222122222
512 2 8 79 0.002362 2222222222222212222222222122222222222222212222122212222222222222
512 2 8 80 0.002221 2222222222222222212222222221222212222222222222222222222022222222
512 2 8 81 0.002281 2222222222222221212222222212222222222222221222222222222222222222
512 2 8 82 0.002237 2222202211222222222222222222222222220222222222222222222222222222
512 2 8 83 0.002239 2222222222121221222222222222222222222222022222212221222222201222
512 2 8 84 0.002471 1222222222212222222222222222222222122222222222222222222222221222
512 2 8 85 0.002241 2222222222122222222222212222222222112222222222222222222222222122
512 2 8 86 0.002270 1222222222222222222222222222222222222221212222222212122212222222
512 2 8 87 0.002363 2222222222222222222222222222222222222222222222222122022222212222
512 2 8 88 0.002320 2212212222222222222222122222122222222222221222222222222222222122
512 2 8 89 0.002282 2222222222222222222222222212222222222222222222222222222122212212
512 2 8 90 0.002291 2222022222222122222222222222222222222222222222221222122222222222
512 2 8 91 0.002356 2212222222222221202222121022212222122222222222222222222222222222
512 2 8 92 0.002375 2122022222222222212212222222222222222222222222222222122222222222
512 2 8 93 0.002275 2212222222222222222122222222222202222222222222222111222222222221
512 2 8 94 0.002233 2222222222222202222222222221221222222222222222220222222222222212
512 2 8 95 0.002297 2222212222222222222222222222222220222222222221222222121122222220
512 2 8 96 0.002188 2222222222122222222222222212222222222202222222222222222221222222
512 2 8 97 0.002339 2122222222222221122222222222222121222220222222221212222202222222
512 2 8 98 0.002436 2222212222222222222222222222222222112222222222212221222222211122
512 2 8 99 0.002408 2222122222222222021212222122222222222112222222222222222221212222
512 2 16 0 0.002121 12222222222222222212202122222222
512 2 16 1 0.002274 22222222222222221212222222222222
512 2 16 2 0.002265 22222221222212222222222122222222
512 2 16 3 0.002244 22222222222222222222121222222222
512 2 16 4 0.002182 22212222122222222222222122222222
512 2 16 5 0.002197 22222221222222222222222222222222
512 2 16 6 0.002160 22212222222222222222122222222122
512 2 16 7 0.002183 22222222222222222222222222222222
512 2 16 8 0.002190 22222022222222222122212222222222
512 2 16 9 0.002361 22222222222202222222222222222222
512 2 16 10 0.002270 22222222222222222222222222222222
512 2 16 11 0.002217 22221222222222222222222222222222
512 2 16 12 0.002114 22222122222212222222222122222222
512 2 16 13 0.002192 22222222222222222221222222222222
512 2 16 14 0.002286 22211222222122222222222122222222
512 2 16 15 0.002135 21221222122222222122222222222222
512 2 16 16 0.002300 22221222222222222222222212222222
512 2 16 17 0.002145 21222222222222222222222222222222
512 2 16 18 0.002157 22222122221222222222222222222222
512 2 16 19 0.002042 22222222210222222222222222222222
512 2 16 20 0.002248 22221222222222222222222222222222
512 2 16 21 0.002109 22222222221222221222122222222122
512 2 16 22 0.002127 22220222222222122222212222222222
512 2 16 23 0.002045 21222222222022222220222222222222
512 2 16 24 0.002314 22221122222222222222222222222222
512 2 16 25 0.002169 22212222222222022222222222222222
512 2 16 26 0.002116 22222222122222222222222221222222
512 2 16 27 0.002199 22222212122222222222222222222222
512 2 16 28 0.002191 22222222122222222222222222221202
512 2 16 29 0.002175 22222122222222222222222122222222
512 2 16 30 0.002062 22222222222222222222222222222222
512 2 16 31 0.002217 22222222222222222222222222222222
512 2 16 32 0.002305 22221212222222222222221222222222
512 2 16 33 0.002030 22222222222222222222222222222122
512 2 16 34 0.002205 21222222222222222222220212222222
512 2 16 35 0.002219 22222222222222222220222222222122
512 2 16 36 0.002205 22222222222222222222222222222222
512 2 16 37 0.002160 22222222222222222222222222202222
512 2 16 38 0.001967 22222222222221221210222222222222
512 2 16 39 0.002257 21222222222212222212222222222212
512 2 16 40 0.002079 22222222222222222222220222222122
512 2 16 41 0.002177 22222222222212222222222222212222
512 2 16 42 0.002327 12222222222222222222220222222222
512 2 16 43 0.002223 22222222222221122222222222222222
512 2 16 44 0.002447 22222221221222222222222222222222
512 2 16 45 0.002195 22222222222122222222211222222222
512 2 16 46 0.002349 22222222221222222222222222222222
512 2 16 47 0.002148 22222222122222222222222222122220
512 2 16 48 0.002404 22222222121221222222222222222222
512 2 16 49 0.002167 22222122222222222222222222222222
512 2 16 50 0.002151 22212222222222122222212222222222
512 2 16 51 0.002151 22222222222122221212222222112222
512 2 16 52 0.002206 22222222222222222222222222222222
512 2 16 53 0.002243 22222212222222222022222222222222
512 2 16 54 0.002124 22222212222222222222222222122222
512 2 16 55 0.002166 22222221222222222222222222222222
512 2 16 56 0.002112 22222222222102222221222222222222
512 2 16 57 0.002186 22222222222222222222222222222122
512 2 16 58 0.002085 22222212212122222122222222222222
512 2 16 59 0.002247 22222222202222222222222222222222
512 2 16 60 0.002167 22201220222222222221222221211221
512 2 16 61 0.002084 20222222222222222222122222222222
512 2 16 62 0.002130 22222222222222222122222222222212
512 2 16 63 0.002251 22222222222212221222222222222222
512 2 16 64 0.002370 22222222222222222212222221222122
512 2 16 65 0.002233 22222222222022222222221222222222
512 2 16 66 0.002135 22122022222222222222222222222221
512 2 16 67 0.002207 22222222222222222222222222222222
512 2 16 68 0.002163 12222212222222222122222212221221
512 2 16 69 0.002368 22222222222212222222222122221222
512 2 16 70 0.002286 22222222222222122222222222222222
512 2 16 71 0.002305 22222221222222222222221222222212
512 2 16 72 0.002198 22222222222222222222222222122022
512 2 16 73 0.002147 22222222222222222222222222222222
512 2 16 74 0.002063 22221211222222222022122222222222
512 2 16 75 0.002233 12222222222222222222222222222222
512 2 16 76 0.002322 22222222222121222222222212222222
512 2 16 77 0.002170 22222122222221202221122222212222
512 2 16 78 0.002242 22222222222222222222222222222222
512 2 16 79 0.002271 22222222222212222222122222222222
512 2 16 80 0.002160 22222222122221222222222222202222
512 2 16 81 0.002236 22222221122222222222222222222222
512 2 16 82 0.002198 22021222222222222222222222222222
512 2 16 83 0.002164 22222221222222222222222121222022
512 2 16 84 0.002365 22222122222222222222222222222222
512 2 16 85 0.002194 22222222222122222122222222222212
512 2 16 86 0.002224 22222222222222222221122222222222
512 2 16 87 0.002301 22222222222222222222222212222122
512 2 16 88 0.002270 22122222222222222222222222222212
512 2 16 89 0.002204 22222222222222222222222222212122
512 2 16 90 0.002306 22222212222222222222222222222222
512 2 16 91 0.002308 22222221022202122222222222222222
512 2 16 92 0.002349 12222222122222222222222222222222
512 2 16 93 0.002189 22222222212222222222222211222221
512 2 16 94 0.002193 22222222222221222222222222222222
512 2 16 95 0.002264 22122222222222220222221222212220
512 2 16 96 0.002147 22222222222222222222222222221222
512 2 16 97 0.002228 12222221222222211220222222222222
512 2 16 98 0.002151 22122222222222222122222121222112
512 2 16 99 0.002329 22222222222212222212222222221122
512 2 32 0 0.002178 2222222222012222
512 2 32 1 0.002378 2222222222222222
512 2 32 2 0.002330 2221222222212222
512 2 32 3 0.002298 2222222222222222
512 2 32 4 0.002240 2122222222212222
512 2 32 5 0.002250 2221222222222222
512 2 32 6 0.002220 2122222222222212
512 2 32 7 0.002250 2222222222222222
512 2 32 8 0.002267 2202222212122222
512 2 32 9 0.002354 2222222222222222
512 2 32 10 0.002301 2222222222222222
512 2 32 11 0.002350 2222222222222222
512 2 32 12 0.002164 2212222222212222
512 2 32 13 0.002247 2222222221222222
512 2 32 14 0.002340 2122212222212222
512 2 32 15 0.002213 1222222212222222
512 2 32 16 0.002359 2222222222222222
512 2 32 17 0.002221 1222222222222222
512 2 32 18 0.002275 2212222222222222
512 2 32 19 0.002066 2222122222222222
512 2 32 20 0.002325 2222222222222222
512 2 32 21 0.002236 2222222222222212
512 2 32 22 0.002192 2222222222122222
512 2 32 23 0.002112 1222202220222222
512 2 32 24 0.002367 2212222222222222
512 2 32 25 0.002198 2122222222222222
512 2 32 26 0.002178 2222222222221222
512 2 32 27 0.002272 2222222222222222
512 2 32 28 0.002266 2222222222222222
512 2 32 29 0.002187 2212222222212222
512 2 32 30 0.002097 2222222222222222
512 2 32 31 0.002306 2222222222222222
512 2 32 32 0.002360 2222222222222222
512 2 32 33 0.002089 2222222222222212
512 2 32 34 0.002289 1222222222222222
512 2 32 35 0.002318 2222222220222212
512 2 32 36 0.002271 2222222222222222
512 2 32 37 0.002243 2222222222222022
512 2 32 38 0.002024 2222221220222222
512 2 32 39 0.002307 1222222222222222
512 2 32 40 0.002136 2222222222222212
512 2 32 41 0.002266 2222222222222122
512 2 32 42 0.002384 2222222222222222
512 2 32 43 0.002300 2222221222222222
512 2 32 44 0.002541 2221222222222222
512 2 32 45 0.002257 2222212222122222
512 2 32 46 0.002396 2222222222222222
512 2 32 47 0.002186 2222222222222220
512 2 32 48 0.002480 2222221222222222
512 2 32 49 0.002266 2212222222222222
512 2 32 50 0.002203 2122222222122222
512 2 32 51 0.002224 2222212222222122
512 2 32 52 0.002278 2222222222222222
512 2 32 53 0.002364 2222222202222222
512 2 32 54 0.002169 2222222222222222
512 2 32 55 0.002187 2221222222222222
512 2 32 56 0.002228 2222212221222222
512 2 32 57 0.002233 2222222222222212
512 2 32 58 0.002202 2222112212222222
512 2 32 59 0.002342 2222022222222222
512 2 32 60 0.002218 2020222221221121
512 2 32 61 0.002112 0222222222222222
512 2 32 62 0.002164 2222222212222222
512 2 32 63 0.002346 2222222222222222
512 2 32 64 0.002465 2222222222221212
512 2 32 65 0.002303 2222202222222222
512 2 32 66 0.002173 2202222222222221
512 2 32 67 0.002291 2222222222222222
512 2 32 68 0.002242 2222222212222221
512 2 32 69 0.002395 2222222222212222
512 2 32 70 0.002333 2222222222222222
512 2 32 71 0.002359 2221222222222222
512 2 32 72 0.002271 2222222222222202
512 2 32 73 0.002220 2222222222222222
512 2 32 74 0.002118 2221222202222222
512 2 32 75 0.002334 2222222222222222
512 2 32 76 0.002341 2222211222222222
512 2 32 77 0.002226 2212221021222122
512 2 32 78 0.002310 2222222222222222
512 2 32 79 0.002370 2222222222222222
512 2 32 80 0.002191 2222221222222022
512 2 32 81 0.002301 2221222222222222
512 2 32 82 0.002255 2222222222222222
512 2 32 83 0.002227 2221222222211202
512 2 32 84 0.002456 2212222222222222
512 2 32 85 0.002254 2222212212222222
512 2 32 86 0.002283 2222222221222222
512 2 32 87 0.002393 2222222222222212
512 2 32 88 0.002349 2222222222222222
512 2 32 89 0.002292 2222222222222112
512 2 32 90 0.002317 2222222222222222
512 2 32 91 0.002358 2221222222222222
512 2 32 92 0.002377 2222222222222222
512 2 32 93 0.002260 2222122222221221
512 2 32 94 0.002223 2222221222222222
512 2 32 95 0.002348 2222222222222120
512 2 32 96 0.002200 2222222222222222
512 2 32 97 0.002310 2221222120222222
512 2 32 98 0.002214 2222222212211212
512 2 32 99 0.002387 2222222222222212
512 4 8 0 0.005735 2222222222222222222222222222222222222222222222222222222222222222
512 4 8 1 0.006408 2222222222222222222222222222222222222222222222222222222222222222
512 4 8 2 0.006227 2222222222221222222222222222222222222222222222222222222222222222
512 4 8 3 0.006410 2222222222222222222222222222222222222222212222222222221222222222
512 4 8 4 0.005791 2222222222222222222222222222222222222222222222222222222222222222
512 4 8 5 0.006617 2222222222222222222222222222222222222222222222222222222222222222
512 4 8 6 0.006015 2222222222222222222222222222222222222222222222222222222222222222
512 4 8 7 0.006022 2222222222222222222222222222222222222222222222222222222222222222
512 4 8 8 0.005761 2222222222222222222222222222222222222222222222222222222222222222
512 4 8 9 0.006478 2222222222222222222222222222222222222222222222222222222222222222
512 4 8 10 0.006355 2222222212222222222222222222222222222222222222222222222222222222
512 4 8 11 0.006273 2222222222222222222222222222222222222222222222222222222222222222
512 4 8 12 0.005851 2222222222222222222222222222222222222222222222222222222222222222
512 4 8 13 0.006360 2222222222222222222222222222222222222222222222222222222222222222
512 4 8 14 0.006210 2222222222222222222222222222222222222222222222222222221222222222
512 4 8 15 0.005930 0222222222222222222222222222222222222222222222222222222222222222
512 4 8 16 0.006363 2222222222222222222222222222222222222222222222222222222222222222
512 4 8 17 0.006332 2222222222222222222222222222222222222222222222222222222222222222
512 4 8 18 0.005926 2222222222222222222222222222222222222222222222222222222222222222
512 4 8 19 0.005456 2222222222222222222222222222222222222222222222222222222222222222
512 4 8 20 0.006051 2222222222222222222222222222222222222222222222222222222222222222
512 4 8 21 0.005876 2222222222222222222222222222222222222222222222222222222222212222
512 4 8 22 0.006074 2222222222222222222222222222222222222222222222222222222222222222
512 4 8 23 0.005474 2222222222222222222222222222222222222222222222222222222222222222
512 4 8 24 0.006807 2222222222222222222222222222222222222222222222222222222222222222
512 4 8 25 0.006116 2222222222222222222222222222222222222222222222222222222222222222
512 4 8 26 0.005923 2222222222222222222222222222222222222222222222222222222222222222
512 4 8 27 0.005994 2222222222222222222222222222222222222222222222222222222222222222
512 4 8 28 0.006272 2222222222222222212222222222222222221222222222222222222222222222
512 4 8 29 0.005908 2222222222222222222222222222222222222222222222222222222222222222
512 4 8 30 0.005469 2222222222222222222212222222222222222222222222222222222222222222
512 4 8 31 0.006154 2222222222222222222222222222222222222222222222222222222222222222
512 4 8 32 0.006415 2222222222222222222222222222222222222222222222222222222222222222
512 4 8 33 0.005615 2222222222222222222222222222222222222222222222222222222222222222
512 4 8 34 0.006039 2221222222222222222222222222222222222222222222222222222222222222
512 4 8 35 0.006309 2222222222222222222222222222222222222222222222222222222222222222
512 4 8 36 0.006136 2222222222222222222222222222222222222222222222222222222222222222
512 4 8 37 0.005913 2222222222222222222222222222222222222222222222222222222222222222
512 4 8 38 0.005359 2222222222222222222222222222222222222222222222222222222222222222
512 4 8 39 0.006299 2221222222222222222222222222222222222222222222222222222222222222
512 4 8 40 0.005657 2222222222222222222222222222222222222222222222222222222222222222
512 4 8 41 0.005967 2222222222222222222222222222222222222222222222222222222222222222
512 4 8 42 0.006368 2222222222222222222222222222222222222222222222222222222222222222
512 4 8 43 0.006143 2222222222222222222222222222222222222222222222222222222222222222
512 4 8 44 0.007152 2222222222222222222222222222222222222222222222222222222222222222
512 4 8 45 0.006162 2222222222222222222222222222122222222222222222222222222222222222
512 4 8 46 0.006653 2222222222222222222222222222222222222222222222222222222222222222
512 4 8 47 0.005802 2222222222222222222222222222222222222222222222122222222222222222
512 4 8 48 0.006895 2222222222222222212222222222222222222222222222222222222222222222
512 4 8 49 0.006002 2222222222212222222222222222222222222222222222222222222222222222
512 4 8 50 0.005920 2222222222222222222222222222222222222222222222221222222222222222
512 4 8 51 0.006005 2222222222222222222222222222222222222222222222222222222222222222
512 4 8 52 0.006059 2222222222222222222222222222222222222222222222222222222222222222
512 4 8 53 0.006436 2222222222222222222222222222222222222222222222222222222222222222
512 4 8 54 0.005925 2222222222222222222222222222222222222222222222222222222222222222
512 4 8 55 0.005996 2222222222222222222222222222222222222222222222222222222222222222
512 4 8 56 0.005725 2222222222222222222222222222222222222222222222222222222222222222
512 4 8 57 0.005862 2222222222222222222222222222222222222222222222222222222222222222
512 4 8 58 0.005798 2222222222222222222222212222222222222222222222222222222222222222
512 4 8 59 0.006290 2222222222222222222222222222222222222222222222222222222222222222
512 4 8 60 0.005996 2222222222222222222222222222222222222222222222222222222222222222
512 4 8 61 0.005766 2222222222222222222222222222222222222222222222222222222222222222
512 4 8 62 0.005903 2222222222222222222222222222222222222222222222222222222222222222
512 4 8 63 0.006511 2222222222222222222222222222222222222222222222222222222222222222
512 4 8 64 0.006620 2222222222222222222222222222222222222222222222222222222222222222
512 4 8 65 0.006079 2222222222222222222222222222222222222222222222222222222222222222
512 4 8 66 0.005954 2222222222222222222222222222222222222222222222222222222222222222
512 4 8 67 0.006294 2222222222222222222222222222222222222222222222222222222222222222
512 4 8 68 0.005848 2222222222222222222222222222222212222222222222222222222222222222
512 4 8 69 0.006617 2222222222222222222222222222222222222222222222222222222222222222
512 4 8 70 0.006287 2222222222222222222222222222222222222222222222222222222222222222
512 4 8 71 0.006393 2222222222222222222222222222222222222222222222222222222222222222
512 4 8 72 0.006105 2222222222222222222222222222222222222222222222222222212222222222
512 4 8 73 0.006053 2222222222222222222222222222222222222222222222222222222222222222
512 4 8 74 0.005562 2222222222222222222222222222222222222222222222222222222222222222
512 4 8 75 0.006421 2222222222222222222222222222222222222222222222222222222222222222
512 4 8 76 0.006484 2222222222222222222222222222222222222222222222222222222222222222
512 4 8 77 0.005933 2222222222222222222222222222222222222222212222222222222222222222
512 4 8 78 0.006347 2222222222222222222222222222222222222222222222222222222222222222
512 4 8 79 0.006617 2222222222222222222222222222222222222222222222222222222222222222
512 4 8 80 0.005712 2222222222222222222222222222222212222222222222222222222222222222
512 4 8 81 0.006254 2222222222222222222222222222222222222222222222222222222222222222
512 4 8 82 0.005911 2222222222222222222222222222222222220222222222222222222222222222
512 4 8 83 0.005969 2222222222221222222222222222222222222222222222222222222222222222
512 4 8 84 0.006656 2222222222222222222222222222222222222222222222222222222222222222
512 4 8 85 0.006096 2222222222222222222222222222222222222222222222222222222222222222
512 4 8 86 0.006000 2222222222222222222222222222222222222221222222222222222222222222
512 4 8 87 0.006488 2222222222222222222222222222222222222222222222222222222222222222
512 4 8 88 0.006388 2222222222222222222222222222222222222222222222222222222222222222
512 4 8 89 0.006117 2222222222222222222222222222222222222222222222222222222222222222
512 4 8 90 0.006524 2222222222222222222222222222222222222222222222222222222222222222
512 4 8 91 0.006714 2222222222222222222222222222222222222222222222222222222222222222
512 4 8 92 0.006531 2222222222222222222222222222222222222222222222222222222222222222
512 4 8 93 0.006116 2222222222222222222222222222222222222222222222222222222222222222
512 4 8 94 0.005867 2222222222222222222222222222222222222222222222222222222222222222
512 4 8 95 0.006490 2222222222222222222222222222222222222222222222222222222222222222
512 4 8 96 0.005683 2222222222222222222222222222222222222222222222222222222222222222
512 4 8 97 0.006193 2222222222222222222222222222222222222222222222222222222222222222
512 4 8 98 0.006036 2222222222222222222222222222222222222222222222222222222222222222
512 4 8 99 0.006590 2222222222222222222222222222222222222222222222222222222222222222
512 4 16 0 0.005933 22222222222222222222222222222222
512 4 16 1 0.006302 22222222222222222222222222222222
512 4 16 2 0.006198 22222222222222222222222222222222
512 4 16 3 0.006047 22222222222222222222122222222222
512 4 16 4 0.005689 22222222222222222222222222222222
512 4 16 5 0.005916 22222222222222222222222222222222
512 4 16 6 0.005879 22222222222222222222222222222222
512 4 16 7 0.005834 22222222222222222222222222222222
512 4 16 8 0.005640 22222222222222222222222222222222
512 4 16 9 0.006445 22222222222222222222222222222222
512 4 16 10 0.006186 22222222222222222222222222222222
512 4 16 11 0.006129 22222222222222222222222222222222
512 4 16 12 0.005402 22222222222222222222222222222222
512 4 16 13 0.006105 22222222222222222222222222222222
512 4 16 14 0.006187 22222222222222222222222222222222
512 4 16 15 0.005971 22222222222222222222222222222222
512 4 16 16 0.006308 22222222222222222222222222222222
512 4 16 17 0.006024 22222222222222222222222222222222
512 4 16 18 0.005845 22222222222222222222222222222222
512 4 16 19 0.005475 22222222222222222222222222222222
512 4 16 20 0.006030 22222222222222222222222222222222
512 4 16 21 0.006155 22222222222222222222222222222122
512 4 16 22 0.005797 22222222222222222222222222222222
512 4 16 23 0.005342 22222222222222222222222222222222
512 4 16 24 0.006472 22222222222222222222222222222222
512 4 16 25 0.005841 22222222222222222222222222222222
512 4 16 26 0.005853 22222222222222222222222222222222
512 4 16 27 0.006286 22222222222222222222222222222222
512 4 16 28 0.005944 22222222122222222222222222222222
512 4 16 29 0.005834 22222222222222222222222222222222
512 4 16 30 0.005311 22222222222222222222222222222222
512 4 16 31 0.006265 22222222222222222222222222222222
512 4 16 32 0.006328 22222222222222222222222222222222
512 4 16 33 0.005411 22222222222222222222222222222222
512 4 16 34 0.005935 21222222222222222222222222222222
512 4 16 35 0.006267 22222222222222222222222222222222
512 4 16 36 0.006052 22222222222222222222222222222222
512 4 16 37 0.005981 22222222222222222222222222222222
512 4 16 38 0.005218 22222222222222222222222222222222
512 4 16 39 0.006412 21222222222222222222222222222222
512 4 16 40 0.005627 22222222222222222222222222222222
512 4 16 41 0.005966 22222222222222222222222222222222
512 4 16 42 0.006299 22222222222222222222222222222222
512 4 16 43 0.006167 22222222222222222222222222222222
512 4 16 44 0.006979 22222222222222222222222222222222
512 4 16 45 0.005907 22222222222222222222222222222222
512 4 16 46 0.006630 22222222222222222222222222222222
512 4 16 47 0.005965 22222222222222222222222222222222
512 4 16 48 0.006677 22222222122222222222222222222222
512 4 16 49 0.005947 22222122222222222222222222222222
512 4 16 50 0.005854 22222222222222222222222222222222
512 4 16 51 0.005937 22222222222222222222222222222222
512 4 16 52 0.006092 22222222222222222222222222222222
512 4 16 53 0.006090 22222222222222222222222222222222
512 4 16 54 0.006020 22222222222222222222222222222222
512 4 16 55 0.005870 22222222222222222222222222222222
512 4 16 56 0.005642 22222222222222222222222222222222
512 4 16 57 0.005792 22222222222222222222222222222222
512 4 16 58 0.005601 22222222222122222222222222222222
512 4 16 59 0.006248 22222222222222222222222222222222
512 4 16 60 0.005917 22222222222222222222222222222222
512 4 16 61 0.005417 22222222222222222222222222222222
512 4 16 62 0.005731 22222222222222222222222222222222
512 4 16 63 0.006128 22222222222222222222222222222222
512 4 16 64 0.006594 22222222222222222222222222222222
512 4 16 65 0.006105 22222222222222222222222222222222
512 4 16 66 0.005797 22222222222222222222222222222222
512 4 16 67 0.006353 22222222222222222222222222222222
512 4 16 68 0.005864 22222222222222222222222222222222
512 4 16 69 0.006480 22222222222222222222222222222222
512 4 16 70 0.006405 22222222222222222222222222222222
512 4 16 71 0.006603 22222222222222222222222222222222
512 4 16 72 0.006174 22222222222222222222222222122222
512 4 16 73 0.006003 22222222222222222222222222222222
512 4 16 74 0.005444 22222222222222222222222222222222
512 4 16 75 0.006096 22222222222222222222222222222222
512 4 16 76 0.006840 22222222222222222222222222222222
512 4 16 77 0.005884 22222222222222222222122222222222
512 4 16 78 0.006258 22222222222222222222222222222222
512 4 16 79 0.006297 22222222222222222222222222222222
512 4 16 80 0.005657 22222222222222222222222222222222
512 4 16 81 0.006751 22222222222222222222222222222222
512 4 16 82 0.005798 22222222222222222222222222222222
512 4 16 83 0.006001 22222222222222222222222222222222
512 4 16 84 0.006446 22222222222222222222222222222222
512 4 16 85 0.005879 22222222222222222222222222222222
512 4 16 86 0.006325 22222222222222222221222222222222
512 4 16 87 0.006357 22222222222222222222222222222222
512 4 16 88 0.006379 22222222222222222222222222222222
512 4 16 89 0.005953 22222222222222222222222222222222
512 4 16 90 0.006174 22222222222222222222222222222222
512 4 16 91 0.006698 22222222222222222222222222222222
512 4 16 92 0.006452 22222222222222222222222222222222
512 4 16 93 0.006228 22222222222222222222222222222222
512 4 16 94 0.005900 22222222222222222222222222222222
512 4 16 95 0.006192 22222222222222222222222222222222
512 4 16 96 0.005585 22222222222222222222222222222222
512 4 16 97 0.006159 22222222222222222222222222222222
512 4 16 98 0.006014 22222222222222222222222222222222
512 4 16 99 0.006326 22222222222222222222222222222222
512 4 32 0 0.005978 2222222222222222
512 4 32 1 0.006510 2222222222222222
512 4 32 2 0.006663 2222222222222222
512 4 32 3 0.006368 2222222222222222
512 4 32 4 0.005924 2222222222222222
512 4 32 5 0.006213 2222222222222222
512 4 32 6 0.006120 2222222222222222
512 4 32 7 0.006275 2222222222222222
512 4 32 8 0.005900 2222222222222222
512 4 32 9 0.007082 2222222222222222
512 4 32 10 0.006333 2222222222222222
512 4 32 11 0.006459 2222222222222222
512 4 32 12 0.005658 2222222222222222
512 4 32 13 0.006217 2222222222222222
512 4 32 14 0.006556 2222222222222222
512 4 32 15 0.005968 2222222222222222
512 4 32 16 0.006589 2222222222222222
512 4 32 17 0.006154 2222222222222222
512 4 32 18 0.005960 2222222222222222
512 4 32 19 0.005821 2222222222222222
512 4 32 20 0.006237 2222222222222222
512 4 32 21 0.005927 2222222222222212
512 4 32 22 0.006034 2222222222222222
512 4 32 23 0.005558 2222222222222222
512 4 32 24 0.006711 2222222222222222
512 4 32 25 0.005977 2222222222222222
512 4 32 26 0.006127 2222222222222222
512 4 32 27 0.006177 2222222222222222
512 4 32 28 0.006069 2222222222222222
512 4 32 29 0.005877 2222222222222222
512 4 32 30 0.005563 2222222222222222
512 4 32 31 0.006319 2222222222222222
512 4 32 32 0.006536 2222222222222222
512 4 32 33 0.005714 2222222222222222
512 4 32 34 0.006126 1222222222222222
512 4 32 35 0.006766 2222222222222222
512 4 32 36 0.006253 2222222222222222
512 4 32 37 0.006045 2222222222222222
512 4 32 38 0.005346 2222222222222222
512 4 32 39 0.007097 1222222222222222
512 4 32 40 0.005878 2222222222222222
512 4 32 41 0.006007 2222222222222222
512 4 32 42 0.006658 2222222222222222
512 4 32 43 0.006429 2222222222222222
512 4 32 44 0.007271 2222222222222222
512 4 32 45 0.006199 2222222222222222
512 4 32 46 0.006885 2222222222222222
512 4 32 47 0.005992 2222222222222222
512 4 32 48 0.007252 2222222222222222
512 4 32 49 0.005989 2212222222222222
512 4 32 50 0.006138 2222222222222222
512 4 32 51 0.006048 2222222222222222
512 4 32 52 0.006214 2222222222222222
512 4 32 53 0.006720 2222222222222222
512 4 32 54 0.006373 2222222222222222
512 4 32 55 0.006039 2222222222222222
512 4 32 56 0.005956 2222222222222222
512 4 32 57 0.006182 2222222222222222
512 4 32 58 0.005691 2222212222222222
512 4 32 59 0.006400 2222222222222222
512 4 32 60 0.006234 2222222222222222
512 4 32 61 0.005631 2222222222222222
512 4 32 62 0.005851 2222222222222222
512 4 32 63 0.006340 2222222222222222
512 4 32 64 0.006733 2222222222222222
512 4 32 65 0.006317 2222222222222222
512 4 32 66 0.005945 2222222222222222
512 4 32 67 0.006623 2222222222222222
512 4 32 68 0.005956 2222222222222222
512 4 32 69 0.006947 2222222222222222
512 4 32 70 0.006590 2222222222222222
512 4 32 71 0.006469 2222222222222222
512 4 32 72 0.006280 2222222222222222
512 4 32 73 0.006117 2222222222222222
512 4 32 74 0.005698 2222222222222222
512 4 32 75 0.006398 2222222222222222
512 4 32 76 0.006430 2222222222222222
512 4 32 77 0.006057 2222222222222222
512 4 32 78 0.006475 2222222222222222
512 4 32 79 0.006682 2222222222222222
512 4 32 80 0.005871 2222222222222222
512 4 32 81 0.006258 2222222222222222
512 4 32 82 0.006040 2222222222222222
512 4 32 83 0.006063 2222222222222222
512 4 32 84 0.006619 2222222222222222
512 4 32 85 0.006250 2222222222222222
512 4 32 86 0.006202 2222222221222222
512 4 32 87 0.006582 2222222222222222
512 4 32 88 0.006782 2222222222222222
512 4 32 89 0.006180 2222222222222222
512 4 32 90 0.006272 2222222222222222
512 4 32 91 0.006597 2222222222222222
512 4 32 92 0.007002 2222222222222222
512 4 32 93 0.006175 2222222222222222
512 4 32 94 0.006252 2222222222222222
512 4 32 95 0.006574 2222222222222222
512 4 32 96 0.005927 2222222222222222
512 4 32 97 0.006554 2222222222222222
512 4 32 98 0.006039 2222222222222222
512 4 32 99 0.006581 2222222222222222
512 8 16 0 0.018700 22222222222222222222222222222222
512 8 16 1 0.020787 22222222222222222222222222222222
512 8 16 2 0.023550 22222222222222222222222222222222
512 8 16 3 0.021114 22222222222222222222222222222222
512 8 16 4 0.018707 22222222222222222222222222222222
512 8 16 5 0.019527 22222222222222222222222222222222
512 8 16 6 0.020896 22222222222222222222222222222222
512 8 16 7 0.020078 22222222222222222222222222222222
512 8 16 8 0.020068 22222222222222222222222222222222
512 8 16 9 0.021709 22222222222222222222222222222222
512 8 16 10 0.020369 22222222222222222222222222222222
512 8 16 11 0.019740 22222222222222222222222222222222
512 8 16 12 0.019049 22222222222222222222222222222222
512 8 16 13 0.020144 22222222222222222222222222222222
512 8 16 14 0.021182 22222222222222222222222222222222
512 8 16 15 0.018728 22222222222222222222222222222222
512 8 16 16 0.020750 22222222222222222222222222222222
512 8 16 17 0.019731 22222222222222222222222222222222
512 8 16 18 0.018639 22222222222222222222222222222222
512 8 16 19 0.018890 22222222222222222222222222222222
512 8 16 20 0.021187 22222222222222222222222222222222
512 8 16 21 0.019655 22222222222222222222222222222222
512 8 16 22 0.019424 22222222222222222222222222222222
512 8 16 23 0.017760 22222222222222222222222222222222
512 8 16 24 0.021030 22222222222222222222222222222222
512 8 16 25 0.018721 22222222222222222222222222222222
512 8 16 26 0.018564 22222222222222222222222222222222
512 8 16 27 0.020096 22222222222222222222222222222222
512 8 16 28 0.018898 22222222222222222222222222222222
512 8 16 29 0.018663 22222222222222222222222222222222
512 8 16 30 0.017409 22222222222222222222222222222222
512 8 16 31 0.019386 22222222222222222222222222222222
512 8 16 32 0.021491 22222222222222222222222222222222
512 8 16 33 0.017839 22222222222222222222222222222222
512 8 16 34 0.019585 22222222222222222222222222222222
512 8 16 35 0.020398 22222222222222222222222222222222
512 8 16 36 0.021246 22222222222222222222222222222222
512 8 16 37 0.019630 22222222222222222222222222222222
512 8 16 38 0.016374 22222222222222222222222222222222
512 8 16 39 0.019818 22222222222222222222222222222222
512 8 16 40 0.018428 22222222222222222222222222222222
512 8 16 41 0.018752 22222222222222222222222222222222
512 8 16 42 0.020898 22222222222222222222222222222222
512 8 16 43 0.019781 22222222222222222222222222222222
512 8 16 44 0.023890 22222222222222222222222222222222
512 8 16 45 0.020043 22222222222222222222222222222222
512 8 16 46 0.021794 22222222222222222222222222222222
512 8 16 47 0.018189 22222222222222222222222222222222
512 8 16 48 0.023927 22222222222222222222222222222222
512 8 16 49 0.019775 22222222222222222222222222222222
512 8 16 50 0.018955 22222222222222222222222222222222
512 8 16 51 0.019513 22222222222222222222222222222222
512 8 16 52 0.020517 22222222222222222222222222222222
512 8 16 53 0.021473 22222222222222222222222222222222
512 8 16 54 0.019678 22222222222222222222222222222222
512 8 16 55 0.018925 22222222222222222222222222222222
512 8 16 56 0.019797 22222222222222222222222222222222
512 8 16 57 0.018886 22222222222222222222222222222222
512 8 16 58 0.018098 22222222222222222222222222222222
512 8 16 59 0.020776 22222222222222222222222222222222
512 8 16 60 0.019485 22222222222222222222222222222222
512 8 16 61 0.017383 22222222222222222222222222222222
512 8 16 62 0.018666 22222222222222222222222222222222
512 8 16 63 0.020260 22222222222222222222222222222222
512 8 16 64 0.021940 22222222222222222222222222222222
512 8 16 65 0.020386 22222222222222222222222222222222
512 8 16 66 0.019769 22222222222222222222222222222222
512 8 16 67 0.020181 22222222222222222222222222222222
512 8 16 68 0.018714 22222222222222222222222222222222
512 8 16 69 0.023065 22222222222222222222222222222222
512 8 16 70 0.020458 22222222222222222222222222222222
512 8 16 71 0.020885 22222222222222222222222222222222
512 8 16 72 0.019847 22222222222222222222222222222222
512 8 16 73 0.020338 22222222222222222222222222222222
512 8 16 74 0.017579 22222222222222222222222222222222
512 8 16 75 0.020235 22222222222222222222222222222222
512 8 16 76 0.020296 22222222222222222222222222222222
512 8 16 77 0.020945 22222222222222222222222222222222
512 8 16 78 0.021009 22222222222222222222222222222222
512 8 16 79 0.021024 22222222222222222222222222222222
512 8 16 80 0.018774 22222222222222222222222222222222
512 8 16 81 0.019742 22222222222222222222222222222222
512 8 16 82 0.019760 22222222222222222222222222222222
512 8 16 83 0.019393 22222222222222222222222222222222
512 8 16 84 0.021550 22222222222222222222222222222222
512 8 16 85 0.020705 22222222222222222222222222222222
512 8 16 86 0.019629 22222222222222222222222222222222
512 8 16 87 0.021100 22222222222222222222222222222222
512 8 16 88 0.020535 22222222222222222222222222222222
512 8 16 89 0.020871 22222222222222222222222222222222
512 8 16 90 0.019439 22222222222222222222222222222222
512 8 16 91 0.021155 22222222222222222222222222222222
512 8 16 92 0.023378 22222222222222222222222222222222
512 8 16 93 0.020909 22222222222222222222222222222222
512 8 16 94 0.019787 22222222222222222222222222222222
512 8 16 95 0.020970 22222222222222222222222222222222
512 8 16 96 0.017928 22222222222222222222222222222222
512 8 16 97 0.020118 22222222222222222222222222222222
512 8 16 98 0.019765 22222222222222222222222222222222
512 8 16 99 0.021096 22222222222222222222222222222222
512 8 32 0 0.019185 2222222222222222
512 8 32 1 0.021606 2222222222222222
512 8 32 2 0.023225 2222222222222222
512 8 32 3 0.022266 2222222222222222
512 8 32 4 0.020178 2222222222222222
512 8 32 5 0.019976 2222222222222222
512 8 32 6 0.019803 2222222222222222
512 8 32 7 0.021067 2222222222222222
512 8 32 8 0.020699 2222222222222222
512 8 32 9 0.022042 2222222222222222
512 8 32 10 0.020981 2222222222222222
512 8 32 11 0.020043 2222222222222222
512 8 32 12 0.018748 2222222222222222
512 8 32 13 0.020274 2222222222222222
512 8 32 14 0.022224 2222222222222222
512 8 32 15 0.019157 2222222222222222
512 8 32 16 0.021981 2222222222222222
512 8 32 17 0.019909 2222222222222222
512 8 32 18 0.020236 2222222222222222
512 8 32 19 0.018606 2222222222222222
512 8 32 20 0.021724 2222222222222222
512 8 32 21 0.019358 2222222222222222
512 8 32 22 0.019753 2222222222222222
512 8 32 23 0.018178 2222222222222222
512 8 32 24 0.022116 2222222222222222
512 8 32 25 0.020334 2222222222222222
512 8 32 26 0.020167 2222222222222222
512 8 32 27 0.020999 2222222222222222
512 8 32 28 0.020992 2222222222222222
512 8 32 29 0.020038 2222222222222222
512 8 32 30 0.018284 2222222222222222
512 8 32 31 0.020025 2222222222222222
512 8 32 32 0.021836 2222222222222222
512 8 32 33 0.018122 2222222222222222
512 8 32 34 0.021922 2222222222222222
512 8 32 35 0.020910 2222222222222222
512 8 32 36 0.020963 2222222222222222
512 8 32 37 0.020698 2222222222222222
512 8 32 38 0.016987 2222222222222222
512 8 32 39 0.021583 2222222222222222
512 8 32 40 0.018852 2222222222222222
512 8 32 41 0.019366 2222222222222222
512 8 32 42 0.021173 2222222222222222
512 8 32 43 0.020489 2222222222222222
512 8 32 44 0.024729 2222222222222222
512 8 32 45 0.020114 2222222222222222
512 8 32 46 0.022553 2222222222222222
512 8 32 47 0.019281 2222222222222222
512 8 32 48 0.023964 2222222222222222
512 8 32 49 0.020942 2222222222222222
512 8 32 50 0.021539 2222222222222222
512 8 32 51 0.019849 2222222222222222
512 8 32 52 0.020504 2222222222222222
512 8 32 53 0.020847 2222222222222222
512 8 32 54 0.019252 2222222222222222
512 8 32 55 0.019322 2222222222222222
512 8 32 56 0.020419 2222222222222222
512 8 32 57 0.019505 2222222222222222
512 8 32 58 0.019171 2222222222222222
512 8 32 59 0.021811 2222222222222222
512 8 32 60 0.020977 2222222222222222
512 8 32 61 0.018075 2222222222222222
512 8 32 62 0.018819 2222222222222222
512 8 32 63 0.021710 2222222222222222
512 8 32 64 0.022493 2222222222222222
512 8 32 65 0.020309 2222222222222222
512 8 32 66 0.019848 2222222222222222
512 8 32 67 0.021393 2222222222222222
512 8 32 68 0.019562 2222222222222222
512 8 32 69 0.023443 2222222222222222
512 8 32 70 0.021214 2222222222222222
512 8 32 71 0.022442 2222222222222222
512 8 32 72 0.020832 2222222222222222
512 8 32 73 0.020402 2222222222222222
512 8 32 74 0.018458 2222222222222222
512 8 32 75 0.020771 2222222222222222
512 8 32 76 0.022023 2222222222222222
512 8 32 77 0.019955 2222222222222222
512 8 32 78 0.023239 2222222222222222
512 8 32 79 0.021196 2222222222222222
512 8 32 80 0.020031 2222222222222222
512 8 32 81 0.020470 2222222222222222
512 8 32 82 0.020685 2222222222222222
512 8 32 83 0.019407 2222222222222222
512 8 32 84 0.022121 2222222222222222
512 8 32 85 0.020191 2222222222222222
512 8 32 86 0.020905 2222222222222222
512 8 32 87 0.021447 2222222222222222
512 8 32 88 0.022464 2222222222222222
512 8 32 89 0.021497 2222222222222222
512 8 32 90 0.019953 2222222222222222
512 8 32 91 0.021666 2222222222222222
512 8 32 92 0.021957 2222222222222222
512 8 32 93 0.020191 2222222222222222
512 8 32 94 0.021116 2222222222222222
512 8 32 95 0.021147 2222222222222222
512 8 32 96 0.019434 2222222222222222
512 8 32 97 0.021617 2222222222222222
512 8 32 98 0.019437 2222222222222222
512 8 32 99 0.021507 2222222222222222
