16 2 4 0 0.000240 2222
16 2 4 1 0.000193 2222
16 2 4 2 0.000225 0000
16 2 4 3 0.000220 2222
16 2 4 4 0.000229 2222
16 2 4 5 0.000216 2222
16 2 4 6 0.000239 2222
16 2 4 7 0.000251 2222
16 2 4 8 0.000226 1222
16 2 4 9 0.000194 2222
16 2 4 10 0.000213 2000
16 2 4 11 0.000229 1222
16 2 4 12 0.000203 1222
16 2 4 13 0.000236 0000
16 2 4 14 0.000237 2222
16 2 4 15 0.000250 2222
16 2 4 16 0.000241 1222
16 2 4 17 0.000231 2222
16 2 4 18 0.000220 2222
16 2 4 19 0.000222 2222
16 2 4 20 0.000273 2222
16 2 4 21 0.000271 2222
16 2 4 22 0.000196 1222
16 2 4 23 0.000213 1222
16 2 4 24 0.000240 2222
16 2 4 25 0.000196 1222
16 2 4 26 0.000174 2222
16 2 4 27 0.000221 0000
16 2 4 28 0.000241 2222
16 2 4 29 0.000224 2222
16 2 4 30 0.000224 2222
16 2 4 31 0.000261 2222
16 2 4 32 0.000233 2222
16 2 4 33 0.000181 2222
16 2 4 34 0.000253 2222
16 2 4 35 0.000220 0000
16 2 4 36 0.000228 2222
16 2 4 37 0.000240 2222
16 2 4 38 0.000239 2222
16 2 4 39 0.000219 1222
16 2 4 40 0.000174 2222
16 2 4 41 0.000226 2222
16 2 4 42 0.000195 0000
16 2 4 43 0.000265 0000
16 2 4 44 0.000274 0000
16 2 4 45 0.000218 2222
16 2 4 46 0.000249 2222
16 2 4 47 0.000192 0000
16 2 4 48 0.000233 0000
16 2 4 49 0.000207 2222
16 2 4 50 0.000202 0000
16 2 4 51 0.000249 2222
16 2 4 52 0.000216 2222
16 2 4 53 0.000180 0000
16 2 4 54 0.000236 0000
16 2 4 55 0.000271 0000
16 2 4 56 0.000255 2222
16 2 4 57 0.000197 1222
16 2 4 58 0.000258 1222
16 2 4 59 0.000246 1222
16 2 4 60 0.000263 2222
16 2 4 61 0.000229 2222
16 2 4 62 0.000243 2222
16 2 4 63 0.000229 1222
16 2 4 64 0.000234 2222
16 2 4 65 0.000228 2222
16 2 4 66 0.000253 2222
16 2 4 67 0.000253 1222
16 2 4 68 0.000207 0000
16 2 4 69 0.000196 2222
16 2 4 70 0.000182 0000
16 2 4 71 0.000279 2222
16 2 4 72 0.000298 2222
16 2 4 73 0.000213 2222
16 2 4 74 0.000219 0000
16 2 4 75 0.000173 1222
16 2 4 76 0.000243 0000
16 2 4 77 0.000259 2222
16 2 4 78 0.000222 2222
16 2 4 79 0.000208 0000
16 2 4 80 0.000273 0000
16 2 4 81 0.000242 2222
16 2 4 82 0.000288 2222
16 2 4 83 0.000235 1222
16 2 4 84 0.000224 0000
16 2 4 85 0.000286 2222
16 2 4 86 0.000248 0000
16 2 4 87 0.000237 2222
16 2 4 88 0.000284 0000
16 2 4 89 0.000270 2222
16 2 4 90 0.000218 2222
16 2 4 91 0.000246 2222
16 2 4 92 0.000231 2222
16 2 4 93 0.000265 2222
16 2 4 94 0.000258 2222
16 2 4 95 0.000238 2222
16 2 4 96 0.000227 2222
16 2 4 97 0.000275 2222
16 2 4 98 0.000238 0000
16 2 4 99 0.000260 2222
16 2 8 0 0.000239 22
16 2 8 1 0.000166 22
16 2 8 2 0.000208 00
16 2 8 3 0.000218 22
16 2 8 4 0.000229 22
16 2 8 5 0.000207 22
16 2 8 6 0.000223 22
16 2 8 7 0.000258 22
16 2 8 8 0.000222 22
16 2 8 9 0.000178 22
16 2 8 10 0.000205 00
16 2 8 11 0.000217 22
16 2 8 12 0.000203 22
16 2 8 13 0.000242 00
16 2 8 14 0.000236 22
16 2 8 15 0.000242 22
16 2 8 16 0.000237 22
16 2 8 17 0.000228 22
16 2 8 18 0.000219 22
16 2 8 19 0.000217 22
16 2 8 20 0.000271 22
16 2 8 21 0.000263 22
16 2 8 22 0.000187 22
16 2 8 23 0.000215 22
16 2 8 24 0.000217 22
16 2 8 25 0.000182 22
16 2 8 26 0.000169 22
16 2 8 27 0.000216 00
16 2 8 28 0.000237 22
16 2 8 29 0.000226 22
16 2 8 30 0.000217 22
16 2 8 31 0.000246 22
16 2 8 32 0.000224 22
16 2 8 33 0.000157 22
16 2 8 34 0.000240 22
16 2 8 35 0.000208 00
16 2 8 36 0.000226 22
16 2 8 37 0.000230 22
16 2 8 38 0.000232 22
16 2 8 39 0.000213 22
16 2 8 40 0.000169 22
16 2 8 41 0.000232 22
16 2 8 42 0.000177 00
16 2 8 43 0.000264 00
16 2 8 44 0.000269 00
16 2 8 45 0.000215 22
16 2 8 46 0.000247 22
16 2 8 47 0.000191 00
16 2 8 48 0.000231 00
16 2 8 49 0.000198 22
16 2 8 50 0.000195 00
16 2 8 51 0.000249 22
16 2 8 52 0.000199 22
16 2 8 53 0.000177 00
16 2 8 54 0.000234 00
16 2 8 55 0.000266 00
16 2 8 56 0.000240 00
16 2 8 57 0.000192 22
16 2 8 58 0.000253 22
16 2 8 59 0.000245 22
16 2 8 60 0.000265 22
16 2 8 61 0.000222 22
16 2 8 62 0.000242 22
16 2 8 63 0.000205 22
16 2 8 64 0.000222 22
16 2 8 65 0.000232 22
16 2 8 66 0.000240 22
16 2 8 67 0.000255 22
16 2 8 68 0.000204 00
16 2 8 69 0.000187 22
16 2 8 70 0.000173 00
16 2 8 71 0.000273 22
16 2 8 72 0.000291 22
16 2 8 73 0.000214 22
16 2 8 74 0.000208 00
16 2 8 75 0.000168 22
16 2 8 76 0.000237 00
16 2 8 77 0.000259 22
16 2 8 78 0.000223 22
16 2 8 79 0.000204 00
16 2 8 80 0.000265 00
16 2 8 81 0.000236 22
16 2 8 82 0.000285 22
16 2 8 83 0.000233 22
16 2 8 84 0.000221 00
16 2 8 85 0.000275 22
16 2 8 86 0.000246 00
16 2 8 87 0.000232 22
16 2 8 88 0.000287 00
16 2 8 89 0.000274 22
16 2 8 90 0.000219 22
16 2 8 91 0.000245 22
16 2 8 92 0.000224 22
16 2 8 93 0.000264 22
16 2 8 94 0.000247 22
16 2 8 95 0.000232 22
16 2 8 96 0.000223 22
16 2 8 97 0.000273 22
16 2 8 98 0.000231 00
16 2 8 99 0.000261 22
16 2 16 0 0.000234 2
16 2 16 1 0.000157 2
16 2 16 2 0.000204 0
16 2 16 3 0.000200 2
16 2 16 4 0.000221 2
16 2 16 5 0.000201 2
16 2 16 6 0.000217 2
16 2 16 7 0.000246 2
16 2 16 8 0.000221 2
16 2 16 9 0.000173 2
16 2 16 10 0.000201 0
16 2 16 11 0.000215 2
16 2 16 12 0.000192 2
16 2 16 13 0.000230 0
16 2 16 14 0.000228 2
16 2 16 15 0.000229 2
16 2 16 16 0.000229 2
16 2 16 17 0.000225 2
16 2 16 18 0.000216 2
16 2 16 19 0.000213 2
16 2 16 20 0.000266 2
16 2 16 21 0.000265 2
16 2 16 22 0.000190 2
16 2 16 23 0.000211 2
16 2 16 24 0.000216 2
16 2 16 25 0.000178 2
16 2 16 26 0.000169 2
16 2 16 27 0.000210 0
16 2 16 28 0.000236 2
16 2 16 29 0.000214 2
16 2 16 30 0.000217 2
16 2 16 31 0.000243 2
16 2 16 32 0.000219 2
16 2 16 33 0.000152 2
16 2 16 34 0.000238 2
16 2 16 35 0.000212 0
16 2 16 36 0.000219 2
16 2 16 37 0.000237 2
16 2 16 38 0.000224 2
16 2 16 39 0.000208 2
16 2 16 40 0.000166 2
16 2 16 41 0.000224 2
16 2 16 42 0.000172 0
16 2 16 43 0.000263 0
16 2 16 44 0.000261 0
16 2 16 45 0.000211 2
16 2 16 46 0.000231 2
16 2 16 47 0.000183 0
16 2 16 48 0.000225 0
16 2 16 49 0.000196 2
16 2 16 50 0.000189 0
16 2 16 51 0.000253 2
16 2 16 52 0.000194 2
16 2 16 53 0.000171 0
16 2 16 54 0.000232 0
16 2 16 55 0.000259 0
16 2 16 56 0.000231 0
16 2 16 57 0.000188 2
16 2 16 58 0.000249 2
16 2 16 59 0.000238 2
16 2 16 60 0.000253 2
16 2 16 61 0.000224 2
16 2 16 62 0.000240 2
16 2 16 63 0.000197 2
16 2 16 64 0.000221 2
16 2 16 65 0.000219 2
16 2 16 66 0.000239 2
16 2 16 67 0.000251 2
16 2 16 68 0.000196 0
16 2 16 69 0.000182 2
16 2 16 70 0.000173 0
16 2 16 71 0.000271 2
16 2 16 72 0.000290 2
16 2 16 73 0.000204 2
16 2 16 74 0.000212 0
16 2 16 75 0.000170 2
16 2 16 76 0.000230 0
16 2 16 77 0.000252 2
16 2 16 78 0.000214 2
16 2 16 79 0.000198 0
16 2 16 80 0.000261 0
16 2 16 81 0.000226 2
16 2 16 82 0.000281 2
16 2 16 83 0.000229 2
16 2 16 84 0.000211 0
16 2 16 85 0.000271 2
16 2 16 86 0.000238 0
16 2 16 87 0.000222 2
16 2 16 88 0.000279 0
16 2 16 89 0.000264 2
16 2 16 90 0.000212 2
16 2 16 91 0.000235 2
16 2 16 92 0.000223 2
16 2 16 93 0.000250 2
16 2 16 94 0.000245 2
16 2 16 95 0.000220 2
16 2 16 96 0.000218 2
16 2 16 97 0.000267 2
16 2 16 98 0.000222 0
16 2 16 99 0.000254 2
16 4 8 0 0.000351 22
16 4 8 1 0.000191 22
16 4 8 2 0.000299 00
16 4 8 3 0.000282 22
16 4 8 4 0.000317 22
16 4 8 5 0.000311 22
16 4 8 6 0.000328 22
16 4 8 7 0.000386 22
16 4 8 8 0.000348 22
16 4 8 9 0.000223 22
16 4 8 10 0.000278 22
16 4 8 11 0.000229 22
16 4 8 12 0.000253 22
16 4 8 13 0.000350 00
16 4 8 14 0.000338 22
16 4 8 15 0.000324 22
16 4 8 16 0.000328 22
16 4 8 17 0.000308 22
16 4 8 18 0.000299 22
16 4 8 19 0.000296 22
16 4 8 20 0.000404 22
16 4 8 21 0.000422 22
16 4 8 22 0.000231 22
16 4 8 23 0.000280 22
16 4 8 24 0.000268 22
16 4 8 25 0.000262 22
16 4 8 26 0.000178 22
16 4 8 27 0.000344 00
16 4 8 28 0.000325 22
16 4 8 29 0.000313 22
16 4 8 30 0.000355 22
16 4 8 31 0.000369 22
16 4 8 32 0.000345 22
16 4 8 33 0.000211 22
16 4 8 34 0.000400 22
16 4 8 35 0.000329 00
16 4 8 36 0.000303 22
16 4 8 37 0.000321 22
16 4 8 38 0.000389 22
16 4 8 39 0.000291 22
16 4 8 40 0.000154 22
16 4 8 41 0.000327 22
16 4 8 42 0.000219 00
16 4 8 43 0.000476 00
16 4 8 44 0.000482 00
16 4 8 45 0.000262 22
16 4 8 46 0.000277 22
16 4 8 47 0.000202 00
16 4 8 48 0.000336 00
16 4 8 49 0.000255 22
16 4 8 50 0.000201 00
16 4 8 51 0.000416 22
16 4 8 52 0.000297 22
16 4 8 53 0.000194 00
16 4 8 54 0.000318 00
16 4 8 55 0.000369 00
16 4 8 56 0.000335 22
16 4 8 57 0.000256 22
16 4 8 58 0.000417 22
16 4 8 59 0.000368 22
16 4 8 60 0.000436 22
16 4 8 61 0.000372 22
16 4 8 62 0.000419 22
16 4 8 63 0.000289 22
16 4 8 64 0.000311 22
16 4 8 65 0.000327 22
16 4 8 66 0.000359 22
16 4 8 67 0.000379 22
16 4 8 68 0.000240 00
16 4 8 69 0.000184 22
16 4 8 70 0.000217 00
16 4 8 71 0.000399 22
16 4 8 72 0.000510 22
16 4 8 73 0.000238 22
16 4 8 74 0.000308 00
16 4 8 75 0.000175 22
16 4 8 76 0.000317 00
16 4 8 77 0.000368 22
16 4 8 78 0.000292 22
16 4 8 79 0.000292 00
16 4 8 80 0.000405 00
16 4 8 81 0.000353 22
16 4 8 82 0.000467 22
16 4 8 83 0.000348 22
16 4 8 84 0.000276 00
16 4 8 85 0.000437 22
16 4 8 86 0.000344 00
16 4 8 87 0.000312 22
16 4 8 88 0.000446 00
16 4 8 89 0.000465 22
16 4 8 90 0.000293 22
16 4 8 91 0.000372 22
16 4 8 92 0.000319 22
16 4 8 93 0.000445 22
16 4 8 94 0.000362 22
16 4 8 95 0.000300 22
16 4 8 96 0.000315 22
16 4 8 97 0.000452 22
16 4 8 98 0.000317 00
16 4 8 99 0.000452 22
16 4 16 0 0.000351 2
16 4 16 1 0.000187 2
16 4 16 2 0.000286 0
16 4 16 3 0.000248 2
16 4 16 4 0.000310 2
16 4 16 5 0.000286 2
16 4 16 6 0.000315 2
16 4 16 7 0.000373 2
16 4 16 8 0.000343 2
16 4 16 9 0.000219 2
16 4 16 10 0.000271 2
16 4 16 11 0.000213 2
16 4 16 12 0.000236 2
16 4 16 13 0.000336 0
16 4 16 14 0.000317 2
16 4 16 15 0.000314 2
16 4 16 16 0.000310 2
16 4 16 17 0.000296 2
16 4 16 18 0.000286 2
16 4 16 19 0.000289 2
16 4 16 20 0.000401 2
16 4 16 21 0.000391 2
16 4 16 22 0.000234 2
16 4 16 23 0.000281 2
16 4 16 24 0.000268 2
16 4 16 25 0.000253 2
16 4 16 26 0.000155 2
16 4 16 27 0.000323 0
16 4 16 28 0.000319 2
16 4 16 29 0.000301 2
16 4 16 30 0.000337 2
16 4 16 31 0.000348 2
16 4 16 32 0.000312 2
16 4 16 33 0.000191 2
16 4 16 34 0.000388 2
16 4 16 35 0.000321 0
16 4 16 36 0.000294 2
16 4 16 37 0.000315 2
16 4 16 38 0.000387 2
16 4 16 39 0.000283 2
16 4 16 40 0.000141 2
16 4 16 41 0.000305 2
16 4 16 42 0.000211 0
16 4 16 43 0.000431 0
16 4 16 44 0.000415 0
16 4 16 45 0.000256 2
16 4 16 46 0.000278 2
16 4 16 47 0.000206 0
16 4 16 48 0.000345 0
16 4 16 49 0.000239 2
16 4 16 50 0.000203 0
16 4 16 51 0.000398 2
16 4 16 52 0.000297 2
16 4 16 53 0.000195 0
16 4 16 54 0.000309 0
16 4 16 55 0.000365 0
16 4 16 56 0.000326 2
16 4 16 57 0.000236 2
16 4 16 58 0.000413 2
16 4 16 59 0.000354 2
16 4 16 60 0.000430 2
16 4 16 61 0.000363 2
16 4 16 62 0.000408 2
16 4 16 63 0.000345 2
16 4 16 64 0.000307 2
16 4 16 65 0.000320 2
16 4 16 66 0.000353 2
16 4 16 67 0.000380 2
16 4 16 68 0.000227 0
16 4 16 69 0.000171 2
16 4 16 70 0.000211 0
16 4 16 71 0.000412 2
16 4 16 72 0.000506 2
16 4 16 73 0.000238 2
16 4 16 74 0.000297 0
16 4 16 75 0.000156 2
16 4 16 76 0.000295 0
16 4 16 77 0.000362 2
16 4 16 78 0.000289 2
16 4 16 79 0.000262 0
16 4 16 80 0.000397 0
16 4 16 81 0.000342 2
16 4 16 82 0.000466 2
16 4 16 83 0.000344 2
16 4 16 84 0.000271 0
16 4 16 85 0.000431 2
16 4 16 86 0.000345 0
16 4 16 87 0.000301 2
16 4 16 88 0.000389 0
16 4 16 89 0.000460 2
16 4 16 90 0.000293 2
16 4 16 91 0.000390 2
16 4 16 92 0.000320 2
16 4 16 93 0.000451 2
16 4 16 94 0.000354 2
16 4 16 95 0.000280 2
16 4 16 96 0.000311 2
16 4 16 97 0.000440 2
16 4 16 98 0.000306 0
16 4 16 99 0.000456 2
16 8 16 0 0.000446 2
16 8 16 1 0.000180 2
16 8 16 2 0.000384 0
16 8 16 3 0.000341 2
16 8 16 4 0.000431 2
16 8 16 5 0.000330 2
16 8 16 6 0.000387 2
16 8 16 7 0.000500 2
16 8 16 8 0.000440 2
16 8 16 9 0.000263 2
16 8 16 10 0.000338 2
16 8 16 11 0.000283 2
16 8 16 12 0.000232 2
16 8 16 13 0.000487 0
16 8 16 14 0.000403 2
16 8 16 15 0.000416 2
16 8 16 16 0.000366 2
16 8 16 17 0.000379 2
16 8 16 18 0.000323 2
16 8 16 19 0.000359 2
16 8 16 20 0.000581 2
16 8 16 21 0.000571 2
16 8 16 22 0.000290 2
16 8 16 23 0.000331 2
16 8 16 24 0.000241 2
16 8 16 25 0.000313 2
16 8 16 26 0.000143 2
16 8 16 27 0.000267 0
16 8 16 28 0.000422 2
16 8 16 29 0.000454 2
16 8 16 30 0.000348 2
16 8 16 31 0.000414 2
16 8 16 32 0.000434 2
16 8 16 33 0.000192 2
16 8 16 34 0.000425 2
16 8 16 35 0.001002 0
16 8 16 36 0.000314 2
16 8 16 37 0.000357 2
16 8 16 38 0.000419 2
16 8 16 39 0.000297 2
16 8 16 40 0.000150 2
16 8 16 41 0.000389 2
16 8 16 42 0.000281 0
16 8 16 43 0.000663 0
16 8 16 44 0.000616 0
16 8 16 45 0.000301 2
16 8 16 46 0.000333 2
16 8 16 47 0.000198 0
16 8 16 48 0.000326 0
16 8 16 49 0.000253 2
16 8 16 50 0.000245 0
16 8 16 51 0.000538 2
16 8 16 52 0.000377 2
16 8 16 53 0.000223 0
16 8 16 54 0.000343 0
16 8 16 55 0.000525 0
16 8 16 56 0.000334 2
16 8 16 57 0.000281 2
16 8 16 58 0.000579 2
16 8 16 59 0.000500 2
16 8 16 60 0.000622 2
16 8 16 61 0.000453 2
16 8 16 62 0.000487 2
16 8 16 63 0.000346 2
16 8 16 64 0.000358 2
16 8 16 65 0.000338 2
16 8 16 66 0.000457 2
16 8 16 67 0.000494 2
16 8 16 68 0.000250 0
16 8 16 69 0.000207 2
16 8 16 70 0.000258 0
16 8 16 71 0.000601 2
16 8 16 72 0.000757 2
16 8 16 73 0.000281 2
16 8 16 74 0.000331 0
16 8 16 75 0.000165 2
16 8 16 76 0.000410 0
16 8 16 77 0.000479 2
16 8 16 78 0.000409 2
16 8 16 79 0.000349 0
16 8 16 80 0.000492 0
16 8 16 81 0.000457 2
16 8 16 82 0.000666 2
16 8 16 83 0.000406 2
16 8 16 84 0.000357 0
16 8 16 85 0.000633 2
16 8 16 86 0.000376 0
16 8 16 87 0.000293 2
16 8 16 88 0.000607 0
16 8 16 89 0.000717 2
16 8 16 90 0.000344 2
16 8 16 91 0.000431 2
16 8 16 92 0.000381 2
16 8 16 93 0.000657 2
16 8 16 94 0.000460 2
16 8 16 95 0.000354 2
16 8 16 96 0.000343 2
16 8 16 97 0.000421 2
16 8 16 98 0.000402 0
16 8 16 99 0.000709 2
32 2 4 0 0.000486 00000000
32 2 4 1 0.000470 00000000
32 2 4 2 0.000518 22222222
32 2 4 3 0.000510 00000000
32 2 4 4 0.000516 22222222
32 2 4 5 0.000489 00000000
32 2 4 6 0.000535 22222222
32 2 4 7 0.000405 00000000
32 2 4 8 0.000493 22222222
32 2 4 9 0.000509 22222222
32 2 4 10 0.000476 00000000
32 2 4 11 0.000517 22222222
32 2 4 12 0.000482 00000000
32 2 4 13 0.000513 22222222
32 2 4 14 0.000506 22222222
32 2 4 15 0.000504 12222222
32 2 4 16 0.000535 22222222
32 2 4 17 0.000525 12222222
32 2 4 18 0.000479 22222222
32 2 4 19 0.000593 22222222
32 2 4 20 0.000490 00000000
32 2 4 21 0.000501 12222222
32 2 4 22 0.000548 22222222
32 2 4 23 0.000516 22222222
32 2 4 24 0.000498 12222222
32 2 4 25 0.000460 00000000
32 2 4 26 0.000511 22222222
32 2 4 27 0.000423 22222222
32 2 4 28 0.000524 22222222
32 2 4 29 0.000564 22222200
32 2 4 30 0.000492 12222222
32 2 4 31 0.000527 22222222
32 2 4 32 0.000436 22222222
32 2 4 33 0.000440 22222222
32 2 4 34 0.000548 22222222
32 2 4 35 0.000512 22222222
32 2 4 36 0.000528 22222222
32 2 4 37 0.000434 22222222
32 2 4 38 0.000494 12222222
32 2 4 39 0.000400 00000000
32 2 4 40 0.000509 22222222
32 2 4 41 0.000491 22222222
32 2 4 42 0.000510 22222222
32 2 4 43 0.000512 22222222
32 2 4 44 0.000493 00000000
32 2 4 45 0.000549 12222222
32 2 4 46 0.000521 22222222
32 2 4 47 0.000484 22222222
32 2 4 48 0.000429 22222222
32 2 4 49 0.000508 22222222
32 2 4 50 0.000523 00000000
32 2 4 51 0.000470 22222222
32 2 4 52 0.000442 22222222
32 2 4 53 0.000479 22222222
32 2 4 54 0.000441 12222222
32 2 4 55 0.000458 00000000
32 2 4 56 0.000491 22222222
32 2 4 57 0.000557 22222222
32 2 4 58 0.000544 12222222
32 2 4 59 0.000482 00000000
32 2 4 60 0.000547 22222222
32 2 4 61 0.000486 12222222
32 2 4 62 0.000505 00000000
32 2 4 63 0.000447 12200000
32 2 4 64 0.000444 22222222
32 2 4 65 0.000496 00000000
32 2 4 66 0.000470 22222222
32 2 4 67 0.000500 22222222
32 2 4 68 0.000432 22222222
32 2 4 69 0.000501 22222222
32 2 4 70 0.000410 00000000
32 2 4 71 0.000487 22222222
32 2 4 72 0.000474 12222222
32 2 4 73 0.000551 12222222
32 2 4 74 0.000504 22222220
32 2 4 75 0.000482 22222222
32 2 4 76 0.000538 12222222
32 2 4 77 0.000544 22222222
32 2 4 78 0.000478 22222222
32 2 4 79 0.000488 12222222
32 2 4 80 0.000432 12222222
32 2 4 81 0.000520 00000000
32 2 4 82 0.000496 12222222
32 2 4 83 0.000482 00000000
32 2 4 84 0.000523 12222222
32 2 4 85 0.000472 22222222
32 2 4 86 0.000506 22222222
32 2 4 87 0.000445 12000000
32 2 4 88 0.000490 00000000
32 2 4 89 0.000477 22222222
32 2 4 90 0.000472 22222222
32 2 4 91 0.000522 12222222
32 2 4 92 0.000467 22222222
32 2 4 93 0.000488 00000000
32 2 4 94 0.000501 22222222
32 2 4 95 0.000395 11222222
32 2 4 96 0.000483 22222222
32 2 4 97 0.000514 12222222
32 2 4 98 0.000561 22222222
32 2 4 99 0.000510 12222222
32 2 8 0 0.000483 0000
32 2 8 1 0.000457 0000
32 2 8 2 0.000506 2222
32 2 8 3 0.000504 0000
32 2 8 4 0.000502 2222
32 2 8 5 0.000485 0000
32 2 8 6 0.000513 2222
32 2 8 7 0.000399 0000
32 2 8 8 0.000481 2222
32 2 8 9 0.000492 2222
32 2 8 10 0.000468 0000
32 2 8 11 0.000509 2222
32 2 8 12 0.000472 0000
32 2 8 13 0.000512 2222
32 2 8 14 0.000478 2222
32 2 8 15 0.000503 2222
32 2 8 16 0.000529 2222
32 2 8 17 0.000512 2222
32 2 8 18 0.000486 2222
32 2 8 19 0.000572 2222
32 2 8 20 0.000476 0000
32 2 8 21 0.000496 2222
32 2 8 22 0.000537 2222
32 2 8 23 0.000522 2222
32 2 8 24 0.000489 2222
32 2 8 25 0.000441 0000
32 2 8 26 0.000510 2222
32 2 8 27 0.000428 2222
32 2 8 28 0.000521 2222
32 2 8 29 0.000556 2220
32 2 8 30 0.000485 2222
32 2 8 31 0.000533 2222
32 2 8 32 0.000411 2222
32 2 8 33 0.000430 2222
32 2 8 34 0.000533 2222
32 2 8 35 0.000498 2222
32 2 8 36 0.000546 2222
32 2 8 37 0.000416 2222
32 2 8 38 0.000471 2222
32 2 8 39 0.000394 0000
32 2 8 40 0.000483 2222
32 2 8 41 0.000477 2222
32 2 8 42 0.000503 2222
32 2 8 43 0.000504 2222
32 2 8 44 0.000485 0000
32 2 8 45 0.000545 2222
32 2 8 46 0.000510 2222
32 2 8 47 0.000481 2222
32 2 8 48 0.000413 2222
32 2 8 49 0.000496 2222
32 2 8 50 0.000515 0000
32 2 8 51 0.000462 2222
32 2 8 52 0.000434 2222
32 2 8 53 0.000468 2222
32 2 8 54 0.000429 2222
32 2 8 55 0.000440 0000
32 2 8 56 0.000471 2222
32 2 8 57 0.000548 2222
32 2 8 58 0.000541 2222
32 2 8 59 0.000455 0000
32 2 8 60 0.000534 2222
32 2 8 61 0.000470 2222
32 2 8 62 0.000495 0000
32 2 8 63 0.000442 2000
32 2 8 64 0.000431 2222
32 2 8 65 0.000495 0000
32 2 8 66 0.000462 2222
32 2 8 67 0.000494 2222
32 2 8 68 0.000407 2222
32 2 8 69 0.000483 2222
32 2 8 70 0.000399 0000
32 2 8 71 0.000473 2222
32 2 8 72 0.000466 2222
32 2 8 73 0.000538 2222
32 2 8 74 0.000497 2220
32 2 8 75 0.000461 2222
32 2 8 76 0.000528 2222
32 2 8 77 0.000537 2222
32 2 8 78 0.000470 2222
32 2 8 79 0.000473 2222
32 2 8 80 0.000417 2222
32 2 8 81 0.000522 0000
32 2 8 82 0.000493 2222
32 2 8 83 0.000470 0000
32 2 8 84 0.000518 2222
32 2 8 85 0.000461 2222
32 2 8 86 0.000487 2222
32 2 8 87 0.000438 2000
32 2 8 88 0.000478 0000
32 2 8 89 0.000469 2222
32 2 8 90 0.000468 2222
32 2 8 91 0.000504 2222
32 2 8 92 0.000451 2222
32 2 8 93 0.000478 0000
32 2 8 94 0.000474 2222
32 2 8 95 0.000370 1222
32 2 8 96 0.000481 2222
32 2 8 97 0.000502 2222
32 2 8 98 0.000561 2222
32 2 8 99 0.000494 2222
32 2 16 0 0.000472 00
32 2 16 1 0.000453 00
32 2 16 2 0.000482 22
32 2 16 3 0.000494 00
32 2 16 4 0.000491 22
32 2 16 5 0.000472 00
32 2 16 6 0.000511 22
32 2 16 7 0.000389 00
32 2 16 8 0.000473 22
32 2 16 9 0.000485 22
32 2 16 10 0.000454 00
32 2 16 11 0.000501 22
32 2 16 12 0.000468 00
32 2 16 13 0.000492 22
32 2 16 14 0.000467 22
32 2 16 15 0.000494 22
32 2 16 16 0.000523 22
32 2 16 17 0.000501 22
32 2 16 18 0.000479 22
32 2 16 19 0.000564 22
32 2 16 20 0.000486 00
32 2 16 21 0.000483 22
32 2 16 22 0.000530 22
32 2 16 23 0.000506 22
32 2 16 24 0.000482 22
32 2 16 25 0.000440 00
32 2 16 26 0.000496 22
32 2 16 27 0.000405 22
32 2 16 28 0.000514 22
32 2 16 29 0.000549 20
32 2 16 30 0.000475 22
32 2 16 31 0.000520 22
32 2 16 32 0.000406 22
32 2 16 33 0.000419 22
32 2 16 34 0.000515 22
32 2 16 35 0.000491 22
32 2 16 36 0.000516 22
32 2 16 37 0.000409 22
32 2 16 38 0.000466 22
32 2 16 39 0.000386 00
32 2 16 40 0.000474 22
32 2 16 41 0.000468 22
32 2 16 42 0.000497 22
32 2 16 43 0.000492 22
32 2 16 44 0.000477 00
32 2 16 45 0.000540 22
32 2 16 46 0.000497 22
32 2 16 47 0.000478 22
32 2 16 48 0.000406 22
32 2 16 49 0.000473 22
32 2 16 50 0.000505 00
32 2 16 51 0.000445 22
32 2 16 52 0.000421 22
32 2 16 53 0.000464 22
32 2 16 54 0.000418 22
32 2 16 55 0.000429 00
32 2 16 56 0.000473 22
32 2 16 57 0.000539 22
32 2 16 58 0.000528 22
32 2 16 59 0.000456 00
32 2 16 60 0.000531 22
32 2 16 61 0.000463 22
32 2 16 62 0.000483 00
32 2 16 63 0.000431 00
32 2 16 64 0.000434 22
32 2 16 65 0.000478 00
32 2 16 66 0.000449 22
32 2 16 67 0.000489 22
32 2 16 68 0.000396 22
32 2 16 69 0.000478 22
32 2 16 70 0.000392 00
32 2 16 71 0.000461 22
32 2 16 72 0.000455 22
32 2 16 73 0.000539 22
32 2 16 74 0.000475 20
32 2 16 75 0.000455 22
32 2 16 76 0.000520 22
32 2 16 77 0.000522 22
32 2 16 78 0.000455 22
32 2 16 79 0.000466 22
32 2 16 80 0.000415 22
32 2 16 81 0.000510 00
32 2 16 82 0.000481 22
32 2 16 83 0.000458 00
32 2 16 84 0.000512 22
32 2 16 85 0.000451 22
32 2 16 86 0.000479 22
32 2 16 87 0.000432 00
32 2 16 88 0.000463 00
32 2 16 89 0.000463 22
32 2 16 90 0.000455 22
32 2 16 91 0.000493 22
32 2 16 92 0.000443 22
32 2 16 93 0.000469 00
32 2 16 94 0.000455 22
32 2 16 95 0.000356 22
32 2 16 96 0.000467 22
32 2 16 97 0.000492 22
32 2 16 98 0.000550 22
32 2 16 99 0.000487 22
32 2 32 0 0.000470 0
32 2 32 1 0.000448 0
32 2 32 2 0.000475 2
32 2 32 3 0.000496 0
32 2 32 4 0.000489 2
32 2 32 5 0.000471 0
32 2 32 6 0.000516 2
32 2 32 7 0.000382 0
32 2 32 8 0.000477 2
32 2 32 9 0.000479 2
32 2 32 10 0.000450 0
32 2 32 11 0.000495 2
32 2 32 12 0.000462 0
32 2 32 13 0.000488 2
32 2 32 14 0.000466 2
32 2 32 15 0.000484 2
32 2 32 16 0.000516 2
32 2 32 17 0.000498 2
32 2 32 18 0.000459 2
32 2 32 19 0.000562 2
32 2 32 20 0.000458 0
32 2 32 21 0.000480 2
32 2 32 22 0.000526 2
32 2 32 23 0.000495 2
32 2 32 24 0.000478 2
32 2 32 25 0.000427 0
32 2 32 26 0.000491 2
32 2 32 27 0.000398 2
32 2 32 28 0.000501 2
32 2 32 29 0.000559 0
32 2 32 30 0.000472 2
32 2 32 31 0.000503 2
32 2 32 32 0.000406 2
32 2 32 33 0.000413 2
32 2 32 34 0.000507 2
32 2 32 35 0.000489 2
32 2 32 36 0.000510 2
32 2 32 37 0.000404 2
32 2 32 38 0.000463 2
32 2 32 39 0.000373 0
32 2 32 40 0.000467 2
32 2 32 41 0.000474 2
32 2 32 42 0.000503 2
32 2 32 43 0.000493 2
32 2 32 44 0.000472 0
32 2 32 45 0.000527 2
32 2 32 46 0.000504 2
32 2 32 47 0.000463 2
32 2 32 48 0.000400 2
32 2 32 49 0.000473 2
32 2 32 50 0.000497 0
32 2 32 51 0.000442 2
32 2 32 52 0.000417 2
32 2 32 53 0.000456 2
32 2 32 54 0.000420 2
32 2 32 55 0.000421 0
32 2 32 56 0.000458 2
32 2 32 57 0.000541 2
32 2 32 58 0.000527 2
32 2 32 59 0.000450 0
32 2 32 60 0.000526 2
32 2 32 61 0.000459 2
32 2 32 62 0.000493 0
32 2 32 63 0.000428 0
32 2 32 64 0.000416 2
32 2 32 65 0.000476 0
32 2 32 66 0.000447 2
32 2 32 67 0.000480 2
32 2 32 68 0.000398 2
32 2 32 69 0.000469 2
32 2 32 70 0.000384 0
32 2 32 71 0.000462 2
32 2 32 72 0.000453 2
32 2 32 73 0.000521 2
32 2 32 74 0.000473 0
32 2 32 75 0.000445 2
32 2 32 76 0.000512 2
32 2 32 77 0.000526 2
32 2 32 78 0.000444 2
32 2 32 79 0.000466 2
32 2 32 80 0.000407 2
32 2 32 81 0.000500 0
32 2 32 82 0.000482 2
32 2 32 83 0.000458 0
32 2 32 84 0.000502 2
32 2 32 85 0.000448 2
32 2 32 86 0.000477 2
32 2 32 87 0.000424 0
32 2 32 88 0.000464 0
32 2 32 89 0.000462 2
32 2 32 90 0.000450 2
32 2 32 91 0.000489 2
32 2 32 92 0.000431 2
32 2 32 93 0.000462 0
32 2 32 94 0.000449 2
32 2 32 95 0.000344 2
32 2 32 96 0.000460 2
32 2 32 97 0.000489 2
32 2 32 98 0.000540 2
32 2 32 99 0.000495 2
32 4 8 0 0.000741 0000
32 4 8 1 0.000706 0000
32 4 8 2 0.000763 2222
32 4 8 3 0.000765 0000
32 4 8 4 0.000813 2222
32 4 8 5 0.000670 0000
32 4 8 6 0.000843 2222
32 4 8 7 0.000481 0000
32 4 8 8 0.000634 2222
32 4 8 9 0.000693 2222
32 4 8 10 0.000693 0000
32 4 8 11 0.000894 2222
32 4 8 12 0.000625 0000
32 4 8 13 0.000839 2222
32 4 8 14 0.000705 2222
32 4 8 15 0.000814 2222
32 4 8 16 0.000886 2222
32 4 8 17 0.000785 2222
32 4 8 18 0.000717 2222
32 4 8 19 0.000987 2222
32 4 8 20 0.000711 0000
32 4 8 21 0.000781 2222
32 4 8 22 0.000912 2222
32 4 8 23 0.000767 2222
32 4 8 24 0.000692 2222
32 4 8 25 0.000645 0000
32 4 8 26 0.000779 2222
32 4 8 27 0.000545 2222
32 4 8 28 0.000867 2222
32 4 8 29 0.000972 2222
32 4 8 30 0.000766 2222
32 4 8 31 0.000777 2222
32 4 8 32 0.000603 2222
32 4 8 33 0.000603 2222
32 4 8 34 0.000880 2222
32 4 8 35 0.000787 2222
32 4 8 36 0.000839 2222
32 4 8 37 0.000579 2222
32 4 8 38 0.000744 2222
32 4 8 39 0.000494 0000
32 4 8 40 0.000701 2222
32 4 8 41 0.000698 2222
32 4 8 42 0.000759 2222
32 4 8 43 0.000761 2222
32 4 8 44 0.000738 0000
32 4 8 45 0.000939 2222
32 4 8 46 0.000851 2222
32 4 8 47 0.000668 2222
32 4 8 48 0.000525 2222
32 4 8 49 0.000813 2222
32 4 8 50 0.000827 0000
32 4 8 51 0.000676 2222
32 4 8 52 0.000611 2222
32 4 8 53 0.000705 2222
32 4 8 54 0.000592 2222
32 4 8 55 0.000599 0000
32 4 8 56 0.000753 2222
32 4 8 57 0.000934 2222
32 4 8 58 0.000899 2222
32 4 8 59 0.000670 0000
32 4 8 60 0.000912 2222
32 4 8 61 0.000751 2222
32 4 8 62 0.000755 0000
32 4 8 63 0.000620 2222
32 4 8 64 0.000651 2222
32 4 8 65 0.000794 0000
32 4 8 66 0.000700 2222
32 4 8 67 0.000720 2222
32 4 8 68 0.000512 2222
32 4 8 69 0.000710 2222
32 4 8 70 0.000616 0000
32 4 8 71 0.000703 2222
32 4 8 72 0.000695 2222
32 4 8 73 0.000883 2222
32 4 8 74 0.000778 2222
32 4 8 75 0.000700 2222
32 4 8 76 0.000814 2222
32 4 8 77 0.000819 2222
32 4 8 78 0.000690 2222
32 4 8 79 0.000690 2222
32 4 8 80 0.000566 2222
32 4 8 81 0.000812 0000
32 4 8 82 0.000784 2222
32 4 8 83 0.000620 0000
32 4 8 84 0.000899 2222
32 4 8 85 0.000717 2222
32 4 8 86 0.000702 2222
32 4 8 87 0.000611 2222
32 4 8 88 0.000682 0000
32 4 8 89 0.000681 2222
32 4 8 90 0.000751 2222
32 4 8 91 0.000860 2222
32 4 8 92 0.000608 2222
32 4 8 93 0.000723 0000
32 4 8 94 0.000710 2222
32 4 8 95 0.000481 1222
32 4 8 96 0.000718 2222
32 4 8 97 0.000784 2222
32 4 8 98 0.000977 2222
32 4 8 99 0.000752 2222
32 4 16 0 0.000733 00
32 4 16 1 0.000685 00
32 4 16 2 0.000742 22
32 4 16 3 0.000753 00
32 4 16 4 0.000784 22
32 4 16 5 0.000664 00
32 4 16 6 0.000806 22
32 4 16 7 0.000441 00
32 4 16 8 0.000599 22
32 4 16 9 0.000687 22
32 4 16 10 0.000687 00
32 4 16 11 0.000879 22
32 4 16 12 0.000618 00
32 4 16 13 0.000833 22
32 4 16 14 0.000687 22
32 4 16 15 0.000783 22
32 4 16 16 0.000863 22
32 4 16 17 0.000781 22
32 4 16 18 0.000692 22
32 4 16 19 0.000971 22
32 4 16 20 0.000700 00
32 4 16 21 0.000774 22
32 4 16 22 0.000928 22
32 4 16 23 0.000737 22
32 4 16 24 0.000660 22
32 4 16 25 0.000615 00
32 4 16 26 0.000772 22
32 4 16 27 0.000537 22
32 4 16 28 0.000843 22
32 4 16 29 0.000977 22
32 4 16 30 0.000716 22
32 4 16 31 0.000768 22
32 4 16 32 0.000575 22
32 4 16 33 0.000585 22
32 4 16 34 0.000868 22
32 4 16 35 0.000739 22
32 4 16 36 0.000798 22
32 4 16 37 0.000574 22
32 4 16 38 0.000768 22
32 4 16 39 0.000475 00
32 4 16 40 0.000696 22
32 4 16 41 0.000691 22
32 4 16 42 0.000754 22
32 4 16 43 0.000742 22
32 4 16 44 0.000737 00
32 4 16 45 0.000910 22
32 4 16 46 0.000848 22
32 4 16 47 0.000643 22
32 4 16 48 0.000505 22
32 4 16 49 0.000796 22
32 4 16 50 0.000804 00
32 4 16 51 0.000675 22
32 4 16 52 0.000598 22
32 4 16 53 0.000684 22
32 4 16 54 0.000584 22
32 4 16 55 0.000564 00
32 4 16 56 0.000760 22
32 4 16 57 0.000892 22
32 4 16 58 0.000915 22
32 4 16 59 0.000637 00
32 4 16 60 0.000897 22
32 4 16 61 0.000741 22
32 4 16 62 0.000753 00
32 4 16 63 0.000612 22
32 4 16 64 0.000643 22
32 4 16 65 0.000790 00
32 4 16 66 0.000688 22
32 4 16 67 0.000696 22
32 4 16 68 0.000502 22
32 4 16 69 0.000686 22
32 4 16 70 0.000609 00
32 4 16 71 0.000705 22
32 4 16 72 0.000687 22
32 4 16 73 0.000875 22
32 4 16 74 0.000758 22
32 4 16 75 0.000688 22
32 4 16 76 0.000796 22
32 4 16 77 0.000815 22
32 4 16 78 0.000690 22
32 4 16 79 0.000668 22
32 4 16 80 0.000562 22
32 4 16 81 0.000796 00
32 4 16 82 0.000787 22
32 4 16 83 0.000589 00
32 4 16 84 0.000872 22
32 4 16 85 0.000701 22
32 4 16 86 0.000669 22
32 4 16 87 0.000583 22
32 4 16 88 0.000648 00
32 4 16 89 0.000679 22
32 4 16 90 0.000741 22
32 4 16 91 0.000841 22
32 4 16 92 0.000598 22
32 4 16 93 0.000676 00
32 4 16 94 0.000684 22
32 4 16 95 0.000448 22
32 4 16 96 0.000708 22
32 4 16 97 0.000774 22
32 4 16 98 0.000998 22
32 4 16 99 0.000741 22
32 4 32 0 0.000740 0
32 4 32 1 0.000682 0
32 4 32 2 0.000757 2
32 4 32 3 0.000744 0
32 4 32 4 0.000764 2
32 4 32 5 0.000654 0
32 4 32 6 0.000830 2
32 4 32 7 0.000422 0
32 4 32 8 0.000576 2
32 4 32 9 0.000676 2
32 4 32 10 0.000678 0
32 4 32 11 0.000887 2
32 4 32 12 0.000624 0
32 4 32 13 0.000825 2
32 4 32 14 0.000695 2
32 4 32 15 0.000769 2
32 4 32 16 0.000889 2
32 4 32 17 0.000772 2
32 4 32 18 0.000686 2
32 4 32 19 0.000971 2
32 4 32 20 0.000696 0
32 4 32 21 0.000772 2
32 4 32 22 0.000889 2
32 4 32 23 0.000743 2
32 4 32 24 0.000638 2
32 4 32 25 0.000620 0
32 4 32 26 0.000772 2
32 4 32 27 0.000536 2
32 4 32 28 0.000851 2
32 4 32 29 0.000971 2
32 4 32 30 0.000699 2
32 4 32 31 0.000763 2
32 4 32 32 0.000571 2
32 4 32 33 0.000582 2
32 4 32 34 0.000868 2
32 4 32 35 0.000737 2
32 4 32 36 0.000796 2
32 4 32 37 0.000568 2
32 4 32 38 0.000730 2
32 4 32 39 0.000467 0
32 4 32 40 0.000696 2
32 4 32 41 0.000691 2
32 4 32 42 0.000751 2
32 4 32 43 0.000739 2
32 4 32 44 0.000730 0
32 4 32 45 0.000934 2
32 4 32 46 0.000853 2
32 4 32 47 0.000637 2
32 4 32 48 0.000505 2
32 4 32 49 0.000790 2
32 4 32 50 0.000793 0
32 4 32 51 0.000719 2
32 4 32 52 0.000629 2
32 4 32 53 0.000717 2
32 4 32 54 0.000577 2
32 4 32 55 0.000544 0
32 4 32 56 0.000771 2
32 4 32 57 0.000888 2
32 4 32 58 0.000902 2
32 4 32 59 0.000638 0
32 4 32 60 0.000903 2
32 4 32 61 0.000742 2
32 4 32 62 0.000755 0
32 4 32 63 0.000620 2
32 4 32 64 0.000633 2
32 4 32 65 0.000791 0
32 4 32 66 0.000685 2
32 4 32 67 0.000709 2
32 4 32 68 0.000501 2
32 4 32 69 0.000685 2
32 4 32 70 0.000633 0
32 4 32 71 0.000734 2
32 4 32 72 0.000725 2
32 4 32 73 0.000879 2
32 4 32 74 0.000749 2
32 4 32 75 0.000674 2
32 4 32 76 0.000796 2
32 4 32 77 0.000825 2
32 4 32 78 0.000661 2
32 4 32 79 0.000670 2
32 4 32 80 0.000552 2
32 4 32 81 0.000785 0
32 4 32 82 0.000771 2
32 4 32 83 0.000592 0
32 4 32 84 0.000886 2
32 4 32 85 0.000704 2
32 4 32 86 0.000660 2
32 4 32 87 0.000580 2
32 4 32 88 0.000643 0
32 4 32 89 0.000673 2
32 4 32 90 0.000760 2
32 4 32 91 0.000849 2
32 4 32 92 0.000593 2
32 4 32 93 0.000683 0
32 4 32 94 0.000683 2
32 4 32 95 0.000446 2
32 4 32 96 0.000707 2
32 4 32 97 0.000779 2
32 4 32 98 0.000981 2
32 4 32 99 0.000739 2
32 8 16 0 0.001242 00
32 8 16 1 0.001156 00
32 8 16 2 0.001509 22
32 8 16 3 0.001540 00
32 8 16 4 0.001430 22
32 8 16 5 0.001114 00
32 8 16 6 0.001480 22
32 8 16 7 0.000693 00
32 8 16 8 0.001009 22
32 8 16 9 0.001207 22
32 8 16 10 0.001319 00
32 8 16 11 0.001893 22
32 8 16 12 0.000997 00
32 8 16 13 0.001778 22
32 8 16 14 0.001271 22
32 8 16 15 0.001514 22
32 8 16 16 0.001741 22
32 8 16 17 0.001617 22
32 8 16 18 0.001231 22
32 8 16 19 0.002137 22
32 8 16 20 0.001271 00
32 8 16 21 0.001456 22
32 8 16 22 0.001829 22
32 8 16 23 0.001475 22
32 8 16 24 0.001182 22
32 8 16 25 0.001077 00
32 8 16 26 0.001421 22
32 8 16 27 0.000761 22
32 8 16 28 0.001728 22
32 8 16 29 0.002240 22
32 8 16 30 0.001153 22
32 8 16 31 0.001371 22
32 8 16 32 0.000925 22
32 8 16 33 0.000955 22
32 8 16 34 0.001812 22
32 8 16 35 0.001281 22
32 8 16 36 0.001573 22
32 8 16 37 0.001048 22
32 8 16 38 0.001460 22
32 8 16 39 0.000671 00
32 8 16 40 0.001162 22
32 8 16 41 0.001339 22
32 8 16 42 0.001416 22
32 8 16 43 0.001421 22
32 8 16 44 0.001184 00
32 8 16 45 0.001801 22
32 8 16 46 0.001512 22
32 8 16 47 0.001177 22
32 8 16 48 0.000676 22
32 8 16 49 0.001428 22
32 8 16 50 0.001615 00
32 8 16 51 0.001133 22
32 8 16 52 0.000991 22
32 8 16 53 0.001211 22
32 8 16 54 0.001024 22
32 8 16 55 0.000785 00
32 8 16 56 0.001639 22
32 8 16 57 0.001969 22
32 8 16 58 0.001837 22
32 8 16 59 0.001041 00
32 8 16 60 0.001930 22
32 8 16 61 0.001359 22
32 8 16 62 0.001278 00
32 8 16 63 0.000935 22
32 8 16 64 0.001260 22
32 8 16 65 0.001557 00
32 8 16 66 0.001316 22
32 8 16 67 0.001224 22
32 8 16 68 0.000844 22
32 8 16 69 0.000940 22
32 8 16 70 0.001059 00
32 8 16 71 0.001292 22
32 8 16 72 0.001140 22
32 8 16 73 0.001782 22
32 8 16 74 0.001212 22
32 8 16 75 0.001184 22
32 8 16 76 0.001551 22
32 8 16 77 0.001489 22
32 8 16 78 0.001132 22
32 8 16 79 0.001274 22
32 8 16 80 0.001009 22
32 8 16 81 0.001572 00
32 8 16 82 0.001331 22
32 8 16 83 0.001057 00
32 8 16 84 0.001839 22
32 8 16 85 0.001412 22
32 8 16 86 0.001210 22
32 8 16 87 0.000931 22
32 8 16 88 0.001046 00
32 8 16 89 0.001109 22
32 8 16 90 0.001442 22
32 8 16 91 0.001759 22
32 8 16 92 0.000880 22
32 8 16 93 0.001091 00
32 8 16 94 0.001265 22
32 8 16 95 0.000656 22
32 8 16 96 0.001301 22
32 8 16 97 0.001365 22
32 8 16 98 0.002203 22
32 8 16 99 0.001288 22
32 8 32 0 0.001297 0
32 8 32 1 0.001155 0
32 8 32 2 0.001533 2
32 8 32 3 0.001548 0
32 8 32 4 0.001381 2
32 8 32 5 0.001121 0
32 8 32 6 0.001522 2
32 8 32 7 0.000652 0
32 8 32 8 0.000983 2
32 8 32 9 0.001220 2
32 8 32 10 0.001328 0
32 8 32 11 0.002014 2
32 8 32 12 0.000955 0
32 8 32 13 0.001817 2
32 8 32 14 0.001305 2
32 8 32 15 0.001552 2
32 8 32 16 0.001756 2
32 8 32 17 0.001599 2
32 8 32 18 0.001303 2
32 8 32 19 0.002093 2
32 8 32 20 0.001266 0
32 8 32 21 0.001473 2
32 8 32 22 0.001890 2
32 8 32 23 0.002080 2
32 8 32 24 0.001115 2
32 8 32 25 0.001039 0
32 8 32 26 0.001420 2
32 8 32 27 0.000717 2
32 8 32 28 0.001718 2
32 8 32 29 0.002267 2
32 8 32 30 0.001178 2
32 8 32 31 0.001367 2
32 8 32 32 0.000857 2
32 8 32 33 0.000899 2
32 8 32 34 0.001782 2
32 8 32 35 0.001228 2
32 8 32 36 0.001560 2
32 8 32 37 0.001059 2
32 8 32 38 0.001453 2
32 8 32 39 0.000641 0
32 8 32 40 0.001160 2
32 8 32 41 0.001335 2
32 8 32 42 0.001442 2
32 8 32 43 0.001440 2
32 8 32 44 0.001216 0
32 8 32 45 0.001784 2
32 8 32 46 0.001532 2
32 8 32 47 0.001110 2
32 8 32 48 0.000660 2
32 8 32 49 0.001547 2
32 8 32 50 0.001653 0
32 8 32 51 0.001112 2
32 8 32 52 0.000959 2
32 8 32 53 0.001242 2
32 8 32 54 0.001028 2
32 8 32 55 0.000730 0
32 8 32 56 0.001549 2
32 8 32 57 0.002160 2
32 8 32 58 0.001750 2
32 8 32 59 0.001057 0
32 8 32 60 0.001858 2
32 8 32 61 0.001396 2
32 8 32 62 0.001293 0
32 8 32 63 0.000923 2
32 8 32 64 0.001258 2
32 8 32 65 0.001524 0
32 8 32 66 0.001281 2
32 8 32 67 0.001210 2
32 8 32 68 0.000838 2
32 8 32 69 0.000923 2
32 8 32 70 0.000999 0
32 8 32 71 0.001302 2
32 8 32 72 0.001075 2
32 8 32 73 0.001888 2
32 8 32 74 0.001253 2
32 8 32 75 0.001112 2
32 8 32 76 0.001532 2
32 8 32 77 0.001530 2
32 8 32 78 0.001126 2
32 8 32 79 0.001264 2
32 8 32 80 0.000979 2
32 8 32 81 0.001413 0
32 8 32 82 0.001364 2
32 8 32 83 0.001041 0
32 8 32 84 0.001908 2
32 8 32 85 0.001402 2
32 8 32 86 0.001154 2
32 8 32 87 0.000923 2
32 8 32 88 0.001076 0
32 8 32 89 0.001123 2
32 8 32 90 0.001443 2
32 8 32 91 0.001783 2
32 8 32 92 0.000847 2
32 8 32 93 0.001034 0
32 8 32 94 0.001356 2
32 8 32 95 0.000622 2
32 8 32 96 0.001247 2
32 8 32 97 0.001387 2
32 8 32 98 0.002084 2
32 8 32 99 0.001305 2
64 2 4 0 0.000899 2222222222222222
64 2 4 1 0.001086 0000000000000000
64 2 4 2 0.001077 2222222222000000
64 2 4 3 0.000917 2222222222200000
64 2 4 4 0.001046 2222222222222222
64 2 4 5 0.001087 1222000000000000
64 2 4 6 0.000954 2222222222222222
64 2 4 7 0.000930 2222222222000000
64 2 4 8 0.000980 2222222222222222
64 2 4 9 0.001011 0000000000000000
64 2 4 10 0.000995 0000000000000000
64 2 4 11 0.000972 2200000000000000
64 2 4 12 0.001042 0000000000000000
64 2 4 13 0.001076 1222222222222222
64 2 4 14 0.000949 1200000000000000
64 2 4 15 0.000939 2000000000000000
64 2 4 16 0.001004 2222222222222222
64 2 4 17 0.001006 1222222222222222
64 2 4 18 0.001004 2222222222222222
64 2 4 19 0.001095 2222222222222222
64 2 4 20 0.001025 1222222222222222
64 2 4 21 0.001029 2222222222222222
64 2 4 22 0.001020 0000000000000000
64 2 4 23 0.000973 0000000000000000
64 2 4 24 0.000963 0000000000000000
64 2 4 25 0.000976 1222222222222222
64 2 4 26 0.001033 2222222222222222
64 2 4 27 0.001081 2222222222222222
64 2 4 28 0.000980 2222222222222222
64 2 4 29 0.001033 0000000000000000
64 2 4 30 0.001030 0000000000000000
64 2 4 31 0.001112 1222222222222222
64 2 4 32 0.001040 0000000000000000
64 2 4 33 0.001015 0000000000000000
64 2 4 34 0.001097 1222222222222222
64 2 4 35 0.000943 2222222222222222
64 2 4 36 0.001035 0000000000000000
64 2 4 37 0.001006 2222222222222222
64 2 4 38 0.001044 2222222222222222
64 2 4 39 0.001095 2222222222222222
64 2 4 40 0.001000 2222222222222222
64 2 4 41 0.001048 0000000000000000
64 2 4 42 0.001087 2222222222222222
64 2 4 43 0.001015 2222222222222222
64 2 4 44 0.001060 1222222222222222
64 2 4 45 0.000968 0000000000000000
64 2 4 46 0.001006 2222222222222222
64 2 4 47 0.000986 2222222222222222
64 2 4 48 0.000993 0000000000000000
64 2 4 49 0.001034 2222222222222222
64 2 4 50 0.001057 0000000000000000
64 2 4 51 0.000958 0000000000000000
64 2 4 52 0.001069 2222222222222222
64 2 4 53 0.001017 1222222222222222
64 2 4 54 0.001025 1222222222222222
64 2 4 55 0.001088 2222222222222222
64 2 4 56 0.001019 2222222222222222
64 2 4 57 0.001066 2222222222222222
64 2 4 58 0.001078 2222222222222222
64 2 4 59 0.001024 0000000000000000
64 2 4 60 0.000997 1222222222222222
64 2 4 61 0.001144 2222222222222222
64 2 4 62 0.001052 2222222222222222
64 2 4 63 0.001089 2222222222222222
64 2 4 64 0.000999 0000000000000000
64 2 4 65 0.000939 2222222200000000
64 2 4 66 0.000993 0000000000000000
64 2 4 67 0.001102 0000000000000000
64 2 4 68 0.001084 2222222222222222
64 2 4 69 0.001005 2222222222222222
64 2 4 70 0.000933 2222220000000000
64 2 4 71 0.001053 0000000000000000
64 2 4 72 0.001001 0000000000000000
64 2 4 73 0.000957 2222222222222222
64 2 4 74 0.001035 0000000000000000
64 2 4 75 0.001001 2222222222222222
64 2 4 76 0.001072 1222222222222222
64 2 4 77 0.001077 2222222222222222
64 2 4 78 0.001090 2222222222222222
64 2 4 79 0.000916 2222222222222222
64 2 4 80 0.000970 0000000000000000
64 2 4 81 0.001068 0000000000000000
64 2 4 82 0.001071 2222222222222222
64 2 4 83 0.000967 0000000000000000
64 2 4 84 0.000983 1222222222222222
64 2 4 85 0.001103 2222222222222222
64 2 4 86 0.001042 2222222222222222
64 2 4 87 0.001000 2222222222222222
64 2 4 88 0.000936 1222222222200000
64 2 4 89 0.000950 2222222222222222
64 2 4 90 0.001034 1222222222222222
64 2 4 91 0.001006 2222222222222222
64 2 4 92 0.001075 0000000000000000
64 2 4 93 0.001040 2222222222222222
64 2 4 94 0.001018 2222222222222222
64 2 4 95 0.001044 0000000000000000
64 2 4 96 0.001047 2222222222222222
64 2 4 97 0.000940 0000000000000000
64 2 4 98 0.001024 0000000000000000
64 2 4 99 0.000964 2222222222222222
64 2 8 0 0.000882 22222222
64 2 8 1 0.001073 00000000
64 2 8 2 0.001057 22222000
64 2 8 3 0.000896 22222000
64 2 8 4 0.001030 22222222
64 2 8 5 0.001053 22000000
64 2 8 6 0.000925 22222222
64 2 8 7 0.000897 22222000
64 2 8 8 0.000953 22222222
64 2 8 9 0.000984 00000000
64 2 8 10 0.000975 00000000
64 2 8 11 0.000933 20000000
64 2 8 12 0.001017 00000000
64 2 8 13 0.000993 22222222
64 2 8 14 0.000919 20000000
64 2 8 15 0.000909 00000000
64 2 8 16 0.001047 22222222
64 2 8 17 0.000991 22222222
64 2 8 18 0.000982 22222222
64 2 8 19 0.001080 22222222
64 2 8 20 0.001020 22222222
64 2 8 21 0.001008 22222222
64 2 8 22 0.001075 00000000
64 2 8 23 0.000981 00000000
64 2 8 24 0.000945 00000000
64 2 8 25 0.000960 22222222
64 2 8 26 0.001007 22222222
64 2 8 27 0.001073 22222222
64 2 8 28 0.000956 22222222
64 2 8 29 0.001008 00000000
64 2 8 30 0.001009 00000000
64 2 8 31 0.001093 22222222
64 2 8 32 0.000959 00000000
64 2 8 33 0.000940 00000000
64 2 8 34 0.000976 22222222
64 2 8 35 0.000923 22222222
64 2 8 36 0.001013 00000000
64 2 8 37 0.000983 22222222
64 2 8 38 0.001023 22222222
64 2 8 39 0.001090 22222222
64 2 8 40 0.000984 22222222
64 2 8 41 0.001019 00000000
64 2 8 42 0.001000 22222222
64 2 8 43 0.000999 22222222
64 2 8 44 0.001042 22222222
64 2 8 45 0.000956 00000000
64 2 8 46 0.000974 22222222
64 2 8 47 0.000966 22222222
64 2 8 48 0.000974 00000000
64 2 8 49 0.001004 22222222
64 2 8 50 0.001046 00000000
64 2 8 51 0.000933 00000000
64 2 8 52 0.001074 22222222
64 2 8 53 0.000975 22222222
64 2 8 54 0.001006 22222222
64 2 8 55 0.001065 22222222
64 2 8 56 0.000937 22222222
64 2 8 57 0.000974 22222222
64 2 8 58 0.000987 22222222
64 2 8 59 0.000991 00000000
64 2 8 60 0.000955 22222222
64 2 8 61 0.001056 22222222
64 2 8 62 0.001045 22222222
64 2 8 63 0.001028 22222222
64 2 8 64 0.000965 00000000
64 2 8 65 0.000922 22220000
64 2 8 66 0.000954 00000000
64 2 8 67 0.001089 00000000
64 2 8 68 0.001067 22222222
64 2 8 69 0.000986 22222222
64 2 8 70 0.000912 22200000
64 2 8 71 0.001034 00000000
64 2 8 72 0.001001 00000000
64 2 8 73 0.000935 22222222
64 2 8 74 0.001011 00000000
64 2 8 75 0.000952 22222222
64 2 8 76 0.001058 22222222
64 2 8 77 0.001050 22222222
64 2 8 78 0.001070 22222222
64 2 8 79 0.000891 22222222
64 2 8 80 0.000941 00000000
64 2 8 81 0.001056 00000000
64 2 8 82 0.001054 22222222
64 2 8 83 0.000942 00000000
64 2 8 84 0.000955 22222222
64 2 8 85 0.001002 22222222
64 2 8 86 0.001002 22222222
64 2 8 87 0.000960 22222222
64 2 8 88 0.000920 22222000
64 2 8 89 0.000928 22222222
64 2 8 90 0.001017 22222222
64 2 8 91 0.000981 22222222
64 2 8 92 0.001054 00000000
64 2 8 93 0.001014 22222222
64 2 8 94 0.000994 22222222
64 2 8 95 0.000993 00000000
64 2 8 96 0.001027 22222222
64 2 8 97 0.000914 00000000
64 2 8 98 0.001009 00000000
64 2 8 99 0.000946 22222222
64 2 16 0 0.000855 2222
64 2 16 1 0.001053 0000
64 2 16 2 0.001030 2200
64 2 16 3 0.000876 2200
64 2 16 4 0.000995 2222
64 2 16 5 0.001037 2000
64 2 16 6 0.000902 2222
64 2 16 7 0.000880 2200
64 2 16 8 0.000930 2222
64 2 16 9 0.000973 0000
64 2 16 10 0.000945 0000
64 2 16 11 0.000918 0000
64 2 16 12 0.000997 0000
64 2 16 13 0.000956 2222
64 2 16 14 0.000898 0000
64 2 16 15 0.000876 0000
64 2 16 16 0.000959 2222
64 2 16 17 0.000971 2222
64 2 16 18 0.000969 2222
64 2 16 19 0.001086 2222
64 2 16 20 0.000993 2222
64 2 16 21 0.000989 2222
64 2 16 22 0.000988 0000
64 2 16 23 0.000956 0000
64 2 16 24 0.000921 0000
64 2 16 25 0.000943 2222
64 2 16 26 0.000989 2222
64 2 16 27 0.001047 2222
64 2 16 28 0.000936 2222
64 2 16 29 0.000982 0000
64 2 16 30 0.000989 0000
64 2 16 31 0.001078 2222
64 2 16 32 0.000947 0000
64 2 16 33 0.000919 0000
64 2 16 34 0.000964 2222
64 2 16 35 0.000915 2222
64 2 16 36 0.001004 0000
64 2 16 37 0.000972 2222
64 2 16 38 0.001015 2222
64 2 16 39 0.001053 2222
64 2 16 40 0.000959 2222
64 2 16 41 0.001010 0000
64 2 16 42 0.000984 2222
64 2 16 43 0.000969 2222
64 2 16 44 0.001020 2222
64 2 16 45 0.000942 0000
64 2 16 46 0.000955 2222
64 2 16 47 0.000946 2222
64 2 16 48 0.000955 0000
64 2 16 49 0.000982 2222
64 2 16 50 0.001027 0000
64 2 16 51 0.000916 0000
64 2 16 52 0.001033 2222
64 2 16 53 0.000955 2222
64 2 16 54 0.000988 2222
64 2 16 55 0.001043 2222
64 2 16 56 0.000924 2222
64 2 16 57 0.000949 2222
64 2 16 58 0.000961 2222
64 2 16 59 0.000982 0000
64 2 16 60 0.000943 2222
64 2 16 61 0.001042 2222
64 2 16 62 0.001007 2222
64 2 16 63 0.001013 2222
64 2 16 64 0.000948 0000
64 2 16 65 0.000903 2200
64 2 16 66 0.000946 0000
64 2 16 67 0.001065 0000
64 2 16 68 0.001048 2222
64 2 16 69 0.000963 2222
64 2 16 70 0.000890 2000
64 2 16 71 0.001014 0000
64 2 16 72 0.000973 0000
64 2 16 73 0.000916 2222
64 2 16 74 0.000989 0000
64 2 16 75 0.000940 2222
64 2 16 76 0.001046 2222
64 2 16 77 0.001027 2222
64 2 16 78 0.001052 2222
64 2 16 79 0.000864 2222
64 2 16 80 0.000919 0000
64 2 16 81 0.001037 0000
64 2 16 82 0.001037 2222
64 2 16 83 0.000916 0000
64 2 16 84 0.000921 2222
64 2 16 85 0.000978 2222
64 2 16 86 0.000981 2222
64 2 16 87 0.000939 2222
64 2 16 88 0.000886 2200
64 2 16 89 0.000910 2222
64 2 16 90 0.000999 2222
64 2 16 91 0.000970 2222
64 2 16 92 0.001044 0000
64 2 16 93 0.000996 2222
64 2 16 94 0.000968 2222
64 2 16 95 0.000958 0000
64 2 16 96 0.001007 2222
64 2 16 97 0.000877 0000
64 2 16 98 0.000971 0000
64 2 16 99 0.000915 2222
64 2 32 0 0.000856 22
64 2 32 1 0.001059 00
64 2 32 2 0.001041 20
64 2 32 3 0.000871 20
64 2 32 4 0.000992 22
64 2 32 5 0.001025 00
64 2 32 6 0.000901 22
64 2 32 7 0.000873 20
64 2 32 8 0.000926 22
64 2 32 9 0.000989 00
64 2 32 10 0.000945 00
64 2 32 11 0.000916 00
64 2 32 12 0.000998 00
64 2 32 13 0.000947 22
64 2 32 14 0.000889 00
64 2 32 15 0.000870 00
64 2 32 16 0.000956 22
64 2 32 17 0.000969 22
64 2 32 18 0.000964 22
64 2 32 19 0.001069 22
64 2 32 20 0.000993 22
64 2 32 21 0.000986 22
64 2 32 22 0.000984 00
64 2 32 23 0.000932 00
64 2 32 24 0.000933 00
64 2 32 25 0.000939 22
64 2 32 26 0.000989 22
64 2 32 27 0.001051 22
64 2 32 28 0.000934 22
64 2 32 29 0.000979 00
64 2 32 30 0.000996 00
64 2 32 31 0.001075 22
64 2 32 32 0.000943 00
64 2 32 33 0.000899 00
64 2 32 34 0.000960 22
64 2 32 35 0.000885 22
64 2 32 36 0.000997 00
64 2 32 37 0.000972 22
64 2 32 38 0.001001 22
64 2 32 39 0.001064 22
64 2 32 40 0.000967 22
64 2 32 41 0.001011 00
64 2 32 42 0.000975 22
64 2 32 43 0.000980 22
64 2 32 44 0.001018 22
64 2 32 45 0.000932 00
64 2 32 46 0.000970 22
64 2 32 47 0.000936 22
64 2 32 48 0.000953 00
64 2 32 49 0.000986 22
64 2 32 50 0.001013 00
64 2 32 51 0.000909 00
64 2 32 52 0.001034 22
64 2 32 53 0.000941 22
64 2 32 54 0.000983 22
64 2 32 55 0.001052 22
64 2 32 56 0.000922 22
64 2 32 57 0.000935 22
64 2 32 58 0.000968 22
64 2 32 59 0.000978 00
64 2 32 60 0.000933 22
64 2 32 61 0.001050 22
64 2 32 62 0.001002 22
64 2 32 63 0.001002 22
64 2 32 64 0.000946 00
64 2 32 65 0.000896 20
64 2 32 66 0.000934 00
64 2 32 67 0.001071 00
64 2 32 68 0.001049 22
64 2 32 69 0.000967 22
64 2 32 70 0.000886 00
64 2 32 71 0.001032 00
64 2 32 72 0.000971 00
64 2 32 73 0.000912 22
64 2 32 74 0.000993 00
64 2 32 75 0.000958 22
64 2 32 76 0.001034 22
64 2 32 77 0.001033 22
64 2 32 78 0.001053 22
64 2 32 79 0.000857 22
64 2 32 80 0.000917 00
64 2 32 81 0.001030 00
64 2 32 82 0.001027 22
64 2 32 83 0.000916 00
64 2 32 84 0.000919 22
64 2 32 85 0.000973 22
64 2 32 86 0.000978 22
64 2 32 87 0.000938 22
64 2 32 88 0.000881 20
64 2 32 89 0.000907 22
64 2 32 90 0.001003 22
64 2 32 91 0.000967 22
64 2 32 92 0.001041 00
64 2 32 93 0.000996 22
64 2 32 94 0.000978 22
64 2 32 95 0.000954 00
64 2 32 96 0.001010 22
64 2 32 97 0.000865 00
64 2 32 98 0.000969 00
64 2 32 99 0.000916 22
64 4 8 0 0.001287 22222222
64 4 8 1 0.001858 00000000
64 4 8 2 0.001699 22222222
64 4 8 3 0.001257 22222222
64 4 8 4 0.001653 22222222
64 4 8 5 0.001770 22222222
64 4 8 6 0.001430 22222222
64 4 8 7 0.001413 22222222
64 4 8 8 0.001417 22222222
64 4 8 9 0.001559 00000000
64 4 8 10 0.001449 00000000
64 4 8 11 0.001551 22222222
64 4 8 12 0.001649 00000000
64 4 8 13 0.001505 22222222
64 4 8 14 0.001355 22222222
64 4 8 15 0.001379 22222222
64 4 8 16 0.001521 22222222
64 4 8 17 0.001542 22222222
64 4 8 18 0.001542 22222222
64 4 8 19 0.001797 22222222
64 4 8 20 0.001580 22222222
64 4 8 21 0.001617 22222222
64 4 8 22 0.001582 00000000
64 4 8 23 0.001428 00000000
64 4 8 24 0.001497 00000000
64 4 8 25 0.001510 22222222
64 4 8 26 0.001603 22222222
64 4 8 27 0.001695 22222222
64 4 8 28 0.001456 22222222
64 4 8 29 0.001626 00000000
64 4 8 30 0.001580 00000000
64 4 8 31 0.001895 22222222
64 4 8 32 0.001408 00000000
64 4 8 33 0.001347 00000000
64 4 8 34 0.001747 22222222
64 4 8 35 0.001317 22222222
64 4 8 36 0.001612 00000000
64 4 8 37 0.001568 22222222
64 4 8 38 0.001630 22222222
64 4 8 39 0.001810 22222222
64 4 8 40 0.001472 22222222
64 4 8 41 0.001647 00000000
64 4 8 42 0.001533 22222222
64 4 8 43 0.001599 22222222
64 4 8 44 0.001691 22222222
64 4 8 45 0.001468 00000000
64 4 8 46 0.001473 22222222
64 4 8 47 0.001473 22222222
64 4 8 48 0.001533 00000000
64 4 8 49 0.001610 22222222
64 4 8 50 0.001582 00000000
64 4 8 51 0.001396 00000000
64 4 8 52 0.001707 22222222
64 4 8 53 0.001526 22222222
64 4 8 54 0.001633 22222222
64 4 8 55 0.001842 22222222
64 4 8 56 0.001428 22222222
64 4 8 57 0.001547 22222222
64 4 8 58 0.001417 22222222
64 4 8 59 0.001621 00000000
64 4 8 60 0.001464 22222222
64 4 8 61 0.001764 22222222
64 4 8 62 0.001620 22222222
64 4 8 63 0.001657 22222222
64 4 8 64 0.001481 00000000
64 4 8 65 0.001265 22222222
64 4 8 66 0.001444 00000000
64 4 8 67 0.001778 00000000
64 4 8 68 0.001811 22222222
64 4 8 69 0.001548 22222222
64 4 8 70 0.001241 22222222
64 4 8 71 0.001613 00000000
64 4 8 72 0.001605 00000000
64 4 8 73 0.001358 22222222
64 4 8 74 0.001576 00000000
64 4 8 75 0.001425 22222222
64 4 8 76 0.002395 22222222
64 4 8 77 0.001747 22222222
64 4 8 78 0.001810 22222222
64 4 8 79 0.001279 22222222
64 4 8 80 0.001381 00000000
64 4 8 81 0.001738 00000000
64 4 8 82 0.001728 22222222
64 4 8 83 0.001454 00000000
64 4 8 84 0.001439 22222222
64 4 8 85 0.001543 22222222
64 4 8 86 0.001623 22222222
64 4 8 87 0.001523 22222222
64 4 8 88 0.001235 22222222
64 4 8 89 0.001360 22222222
64 4 8 90 0.001610 22222222
64 4 8 91 0.001501 22222222
64 4 8 92 0.001787 00000000
64 4 8 93 0.001598 22222222
64 4 8 94 0.001552 22222222
64 4 8 95 0.001470 00000000
64 4 8 96 0.001637 22222222
64 4 8 97 0.001317 00000000
64 4 8 98 0.001601 00000000
64 4 8 99 0.001384 22222222
64 4 16 0 0.001268 2222
64 4 16 1 0.001820 0000
64 4 16 2 0.001700 2222
64 4 16 3 0.001230 2222
64 4 16 4 0.001636 2222
64 4 16 5 0.001767 2222
64 4 16 6 0.001400 2222
64 4 16 7 0.001378 2222
64 4 16 8 0.001418 2222
64 4 16 9 0.001548 0000
64 4 16 10 0.001421 0000
64 4 16 11 0.001441 2222
64 4 16 12 0.001640 0000
64 4 16 13 0.001485 2222
64 4 16 14 0.001339 2222
64 4 16 15 0.001338 2222
64 4 16 16 0.001476 2222
64 4 16 17 0.001515 2222
64 4 16 18 0.001522 2222
64 4 16 19 0.001762 2222
64 4 16 20 0.001555 2222
64 4 16 21 0.001560 2222
64 4 16 22 0.001532 0000
64 4 16 23 0.001387 0000
64 4 16 24 0.001495 0000
64 4 16 25 0.001455 2222
64 4 16 26 0.001553 2222
64 4 16 27 0.001679 2222
64 4 16 28 0.001429 2222
64 4 16 29 0.001538 0000
64 4 16 30 0.001558 0000
64 4 16 31 0.001824 2222
64 4 16 32 0.001378 0000
64 4 16 33 0.001344 0000
64 4 16 34 0.001506 2222
64 4 16 35 0.001284 2222
64 4 16 36 0.001597 0000
64 4 16 37 0.001535 2222
64 4 16 38 0.001588 2222
64 4 16 39 0.001803 2222
64 4 16 40 0.001445 2222
64 4 16 41 0.001588 0000
64 4 16 42 0.001506 2222
64 4 16 43 0.001569 2222
64 4 16 44 0.001647 2222
64 4 16 45 0.001465 0000
64 4 16 46 0.001445 2222
64 4 16 47 0.001414 2222
64 4 16 48 0.001531 0000
64 4 16 49 0.001516 2222
64 4 16 50 0.001572 0000
64 4 16 51 0.001333 0000
64 4 16 52 0.001728 2222
64 4 16 53 0.001506 2222
64 4 16 54 0.001581 2222
64 4 16 55 0.001820 2222
64 4 16 56 0.001397 2222
64 4 16 57 0.001506 2222
64 4 16 58 0.001401 2222
64 4 16 59 0.001560 0000
64 4 16 60 0.001416 2222
64 4 16 61 0.001756 2222
64 4 16 62 0.001602 2222
64 4 16 63 0.001653 2222
64 4 16 64 0.001453 0000
64 4 16 65 0.001244 2222
64 4 16 66 0.001418 0000
64 4 16 67 0.001740 0000
64 4 16 68 0.001773 2222
64 4 16 69 0.001527 2222
64 4 16 70 0.001244 2222
64 4 16 71 0.001628 0000
64 4 16 72 0.001576 0000
64 4 16 73 0.001341 2222
64 4 16 74 0.001549 0000
64 4 16 75 0.001388 2222
64 4 16 76 0.001740 2222
64 4 16 77 0.001723 2222
64 4 16 78 0.001805 2222
64 4 16 79 0.001251 2222
64 4 16 80 0.001362 0000
64 4 16 81 0.001694 0000
64 4 16 82 0.001696 2222
64 4 16 83 0.001441 0000
64 4 16 84 0.001434 2222
64 4 16 85 0.001486 2222
64 4 16 86 0.001587 2222
64 4 16 87 0.001532 2222
64 4 16 88 0.001230 2222
64 4 16 89 0.001328 2222
64 4 16 90 0.001601 2222
64 4 16 91 0.001448 2222
64 4 16 92 0.001758 0000
64 4 16 93 0.001590 2222
64 4 16 94 0.001540 2222
64 4 16 95 0.001435 0000
64 4 16 96 0.001599 2222
64 4 16 97 0.001285 0000
64 4 16 98 0.001635 0000
64 4 16 99 0.001354 2222
64 4 32 0 0.001288 22
64 4 32 1 0.001854 00
64 4 32 2 0.001690 22
64 4 32 3 0.001233 22
64 4 32 4 0.001629 22
64 4 32 5 0.001787 22
64 4 32 6 0.001396 22
64 4 32 7 0.001374 22
64 4 32 8 0.001414 22
64 4 32 9 0.001535 00
64 4 32 10 0.001440 00
64 4 32 11 0.001444 22
64 4 32 12 0.001644 00
64 4 32 13 0.001506 22
64 4 32 14 0.001366 22
64 4 32 15 0.001351 22
64 4 32 16 0.001520 22
64 4 32 17 0.001546 22
64 4 32 18 0.001543 22
64 4 32 19 0.001764 22
64 4 32 20 0.001561 22
64 4 32 21 0.001632 22
64 4 32 22 0.001597 00
64 4 32 23 0.001405 00
64 4 32 24 0.001452 00
64 4 32 25 0.001488 22
64 4 32 26 0.001588 22
64 4 32 27 0.001685 22
64 4 32 28 0.001430 22
64 4 32 29 0.001556 00
64 4 32 30 0.001563 00
64 4 32 31 0.001871 22
64 4 32 32 0.001380 00
64 4 32 33 0.001352 00
64 4 32 34 0.001510 22
64 4 32 35 0.001303 22
64 4 32 36 0.001597 00
64 4 32 37 0.001577 22
64 4 32 38 0.001644 22
64 4 32 39 0.001876 22
64 4 32 40 0.001472 22
64 4 32 41 0.001611 00
64 4 32 42 0.001492 22
64 4 32 43 0.001604 22
64 4 32 44 0.001659 22
64 4 32 45 0.001468 00
64 4 32 46 0.001466 22
64 4 32 47 0.001435 22
64 4 32 48 0.001504 00
64 4 32 49 0.001544 22
64 4 32 50 0.001585 00
64 4 32 51 0.001373 00
64 4 32 52 0.001735 22
64 4 32 53 0.001517 22
64 4 32 54 0.001599 22
64 4 32 55 0.001820 22
64 4 32 56 0.001400 22
64 4 32 57 0.001501 22
64 4 32 58 0.001407 22
64 4 32 59 0.001569 00
64 4 32 60 0.001427 22
64 4 32 61 0.001775 22
64 4 32 62 0.001627 22
64 4 32 63 0.001661 22
64 4 32 64 0.001446 00
64 4 32 65 0.001238 22
64 4 32 66 0.001427 00
64 4 32 67 0.001767 00
64 4 32 68 0.001777 22
64 4 32 69 0.001527 22
64 4 32 70 0.001226 22
64 4 32 71 0.001626 00
64 4 32 72 0.001583 00
64 4 32 73 0.001335 22
64 4 32 74 0.001578 00
64 4 32 75 0.001391 22
64 4 32 76 0.001741 22
64 4 32 77 0.001701 22
64 4 32 78 0.001825 22
64 4 32 79 0.001268 22
64 4 32 80 0.001358 00
64 4 32 81 0.001723 00
64 4 32 82 0.001718 22
64 4 32 83 0.001426 00
64 4 32 84 0.001423 22
64 4 32 85 0.001497 22
64 4 32 86 0.001613 22
64 4 32 87 0.001474 22
64 4 32 88 0.001230 22
64 4 32 89 0.001348 22
64 4 32 90 0.001617 22
64 4 32 91 0.001465 22
64 4 32 92 0.001775 00
64 4 32 93 0.001583 22
64 4 32 94 0.001561 22
64 4 32 95 0.001453 00
64 4 32 96 0.001640 22
64 4 32 97 0.001294 00
64 4 32 98 0.001614 00
64 4 32 99 0.001342 22
64 8 16 0 0.002446 2222
64 8 16 1 0.004080 0000
64 8 16 2 0.003789 2222
64 8 16 3 0.002119 2222
64 8 16 4 0.003321 2222
64 8 16 5 0.003897 2222
64 8 16 6 0.002715 2222
64 8 16 7 0.002529 2222
64 8 16 8 0.002562 2222
64 8 16 9 0.003106 0000
64 8 16 10 0.002898 0000
64 8 16 11 0.002746 2222
64 8 16 12 0.003509 0000
64 8 16 13 0.002808 2222
64 8 16 14 0.002724 2222
64 8 16 15 0.002556 2222
64 8 16 16 0.003095 2222
64 8 16 17 0.002880 2222
64 8 16 18 0.003112 2222
64 8 16 19 0.003947 2222
64 8 16 20 0.003184 2222
64 8 16 21 0.003225 2222
64 8 16 22 0.003261 0000
64 8 16 23 0.002630 0000
64 8 16 24 0.002949 0000
64 8 16 25 0.003268 2222
64 8 16 26 0.003424 2222
64 8 16 27 0.003514 2222
64 8 16 28 0.002469 2222
64 8 16 29 0.003271 0000
64 8 16 30 0.003169 0000
64 8 16 31 0.004450 2222
64 8 16 32 0.002696 0000
64 8 16 33 0.002332 0000
64 8 16 34 0.002852 2222
64 8 16 35 0.002277 2222
64 8 16 36 0.003310 0000
64 8 16 37 0.003342 2222
64 8 16 38 0.003519 2222
64 8 16 39 0.004241 2222
64 8 16 40 0.002903 2222
64 8 16 41 0.003695 0000
64 8 16 42 0.002925 2222
64 8 16 43 0.003151 2222
64 8 16 44 0.003518 2222
64 8 16 45 0.002865 0000
64 8 16 46 0.002793 2222
64 8 16 47 0.002834 2222
64 8 16 48 0.003167 0000
64 8 16 49 0.002963 2222
64 8 16 50 0.003249 0000
64 8 16 51 0.002600 0000
64 8 16 52 0.003247 2222
64 8 16 53 0.002867 2222
64 8 16 54 0.004014 2222
64 8 16 55 0.003990 2222
64 8 16 56 0.002715 2222
64 8 16 57 0.003307 2222
64 8 16 58 0.002659 2222
64 8 16 59 0.003422 0000
64 8 16 60 0.002826 2222
64 8 16 61 0.003769 2222
64 8 16 62 0.003266 2222
64 8 16 63 0.003411 2222
64 8 16 64 0.002880 0000
64 8 16 65 0.002209 2222
64 8 16 66 0.002790 0000
64 8 16 67 0.004123 0000
64 8 16 68 0.003735 2222
64 8 16 69 0.002829 2222
64 8 16 70 0.002275 2222
64 8 16 71 0.003678 0000
64 8 16 72 0.003297 0000
64 8 16 73 0.002685 2222
64 8 16 74 0.003076 0000
64 8 16 75 0.002830 2222
64 8 16 76 0.004093 2222
64 8 16 77 0.003817 2222
64 8 16 78 0.003708 2222
64 8 16 79 0.002196 2222
64 8 16 80 0.002558 0000
64 8 16 81 0.003693 0000
64 8 16 82 0.003485 2222
64 8 16 83 0.002836 0000
64 8 16 84 0.002745 2222
64 8 16 85 0.003084 2222
64 8 16 86 0.003297 2222
64 8 16 87 0.003029 2222
64 8 16 88 0.002219 2222
64 8 16 89 0.002551 2222
64 8 16 90 0.003100 2222
64 8 16 91 0.003024 2222
64 8 16 92 0.004117 0000
64 8 16 93 0.003046 2222
64 8 16 94 0.003258 2222
64 8 16 95 0.002883 0000
64 8 16 96 0.003792 2222
64 8 16 97 0.002398 0000
64 8 16 98 0.003586 0000
64 8 16 99 0.002696 2222
64 8 32 0 0.002508 22
64 8 32 1 0.004201 00
64 8 32 2 0.003726 22
64 8 32 3 0.002139 22
64 8 32 4 0.003433 22
64 8 32 5 0.003845 22
64 8 32 6 0.002801 22
64 8 32 7 0.002592 22
64 8 32 8 0.002533 22
64 8 32 9 0.003114 00
64 8 32 10 0.003004 00
64 8 32 11 0.002809 22
64 8 32 12 0.003461 00
64 8 32 13 0.002835 22
64 8 32 14 0.002767 22
64 8 32 15 0.002589 22
64 8 32 16 0.003096 22
64 8 32 17 0.002935 22
64 8 32 18 0.003146 22
64 8 32 19 0.004011 22
64 8 32 20 0.003268 22
64 8 32 21 0.003333 22
64 8 32 22 0.003244 00
64 8 32 23 0.002637 00
64 8 32 24 0.002873 00
64 8 32 25 0.003259 22
64 8 32 26 0.003631 22
64 8 32 27 0.003699 22
64 8 32 28 0.002558 22
64 8 32 29 0.003335 00
64 8 32 30 0.003173 00
64 8 32 31 0.004357 22
64 8 32 32 0.002731 00
64 8 32 33 0.002340 00
64 8 32 34 0.002923 22
64 8 32 35 0.002226 22
64 8 32 36 0.003325 00
64 8 32 37 0.003403 22
64 8 32 38 0.003690 22
64 8 32 39 0.004123 22
64 8 32 40 0.003038 22
64 8 32 41 0.003723 00
64 8 32 42 0.002952 22
64 8 32 43 0.003261 22
64 8 32 44 0.003676 22
64 8 32 45 0.002998 00
64 8 32 46 0.002832 22
64 8 32 47 0.002927 22
64 8 32 48 0.003095 00
64 8 32 49 0.002988 22
64 8 32 50 0.003314 00
64 8 32 51 0.002602 00
64 8 32 52 0.003287 22
64 8 32 53 0.002944 22
64 8 32 54 0.003407 22
64 8 32 55 0.004061 22
64 8 32 56 0.002829 22
64 8 32 57 0.003297 22
64 8 32 58 0.002702 22
64 8 32 59 0.003482 00
64 8 32 60 0.002892 22
64 8 32 61 0.003874 22
64 8 32 62 0.003406 22
64 8 32 63 0.003483 22
64 8 32 64 0.002848 00
64 8 32 65 0.002221 22
64 8 32 66 0.002838 00
64 8 32 67 0.004027 00
64 8 32 68 0.003657 22
64 8 32 69 0.002954 22
64 8 32 70 0.002278 22
64 8 32 71 0.003643 00
64 8 32 72 0.003302 00
64 8 32 73 0.002692 22
64 8 32 74 0.003066 00
64 8 32 75 0.002884 22
64 8 32 76 0.004137 22
64 8 32 77 0.003852 22
64 8 32 78 0.003932 22
64 8 32 79 0.002298 22
64 8 32 80 0.002633 00
64 8 32 81 0.003907 00
64 8 32 82 0.003594 22
64 8 32 83 0.002828 00
64 8 32 84 0.002931 22
64 8 32 85 0.003163 22
64 8 32 86 0.003755 22
64 8 32 87 0.003144 22
64 8 32 88 0.002208 22
64 8 32 89 0.002632 22
64 8 32 90 0.003271 22
64 8 32 91 0.003024 22
64 8 32 92 0.004234 00
64 8 32 93 0.003134 22
64 8 32 94 0.003254 22
64 8 32 95 0.002946 00
64 8 32 96 0.003714 22
64 8 32 97 0.002417 00
64 8 32 98 0.003678 00
64 8 32 99 0.002770 22
128 2 4 0 0.002058 22222222222222222222222222222222
128 2 4 1 0.001953 22222222222222222222222222222000
128 2 4 2 0.002043 22222222222222222222222222222222
128 2 4 3 0.001995 22222222222222222222222222222222
128 2 4 4 0.002073 12222222222222222222222222222222
128 2 4 5 0.002026 22222222222222222222222222222222
128 2 4 6 0.002121 11222222222222222222000000000000
128 2 4 7 0.002087 22222222222222222222222222222222
128 2 4 8 0.002183 22222222222222222222222222222222
128 2 4 9 0.001922 00000000000000000000000000000000
128 2 4 10 0.002144 22222222222222222222222222222222
128 2 4 11 0.002064 22220000000000000000000000000000
128 2 4 12 0.002028 00000000000000000000000000000000
128 2 4 13 0.001968 12222222222222222222222222222222
128 2 4 14 0.002202 22222222222222222222222222222222
128 2 4 15 0.001970 22222222222222222000000000000000
128 2 4 16 0.002067 22222222222222222222222222222222
128 2 4 17 0.002102 22222222222222222222222222222222
128 2 4 18 0.002111 22222220000000000000000000000000
128 2 4 19 0.002037 22222222222222222222222222222222
128 2 4 20 0.002094 22222222222222222222222222222222
128 2 4 21 0.002075 00000000000000000000000000000000
128 2 4 22 0.002148 22222222222222222222222222222222
128 2 4 23 0.002211 00000000000000000000000000000000
128 2 4 24 0.001994 00000000000000000000000000000000
128 2 4 25 0.001991 22222222222222222222222222222222
128 2 4 26 0.002098 22222222222222222222222222222222
128 2 4 27 0.001969 22222222222222222222222222222222
128 2 4 28 0.002132 22222222222222222222222222222222
128 2 4 29 0.002080 22222222222222222222222222222222
128 2 4 30 0.001985 22222222222222222222222222200000
128 2 4 31 0.002071 00000000000000000000000000000000
128 2 4 32 0.002051 22222222222222222222222222222222
128 2 4 33 0.002036 00000000000000000000000000000000
128 2 4 34 0.002047 22222222222222222222222222222222
128 2 4 35 0.002148 00000000000000000000000000000000
128 2 4 36 0.002070 00000000000000000000000000000000
128 2 4 37 0.002101 22222222222222222222222222222222
128 2 4 38 0.002082 22222222222222222222222222222222
128 2 4 39 0.002011 20000000000000000000000000000000
128 2 4 40 0.002001 22222222222222222222222222222222
128 2 4 41 0.002165 12222222222222222222222222222222
128 2 4 42 0.002110 00000000000000000000000000000000
128 2 4 43 0.002040 22222222222222222222222222222222
128 2 4 44 0.001924 22222222222222222222222222222222
128 2 4 45 0.001986 12222222222222222222222222222222
128 2 4 46 0.002081 00000000000000000000000000000000
128 2 4 47 0.001986 22222222222222222222222222222222
128 2 4 48 0.002088 22222222222222222222222222222222
128 2 4 49 0.002107 22222222222222222222222222222222
128 2 4 50 0.002174 00000000000000000000000000000000
128 2 4 51 0.002135 12222222222222222222222222222222
128 2 4 52 0.002117 22222222222222222222222222222222
128 2 4 53 0.002109 22222222222222222222222222222222
128 2 4 54 0.002128 22222222222222222222222222222222
128 2 4 55 0.002000 00000000000000000000000000000000
128 2 4 56 0.002108 00000000000000000000000000000000
128 2 4 57 0.002040 22222222222222222222222222222222
128 2 4 58 0.002140 00000000000000000000000000000000
128 2 4 59 0.002003 00000000000000000000000000000000
128 2 4 60 0.002067 00000000000000000000000000000000
128 2 4 61 0.001869 12222222222222222222222222000000
128 2 4 62 0.002095 22222222222222222222222222222222
128 2 4 63 0.002063 22222222222222222222222222222222
128 2 4 64 0.002085 22222222222220000000000000000000
128 2 4 65 0.001958 22222222222222222222222222222222
128 2 4 66 0.002051 22222200000000000000000000000000
128 2 4 67 0.001978 22222222222222222222222222222222
128 2 4 68 0.002057 12222222222222222222222222222222
128 2 4 69 0.002085 00000000000000000000000000000000
128 2 4 70 0.002053 12222222222222222222222222222222
128 2 4 71 0.002244 00000000000000000000000000000000
128 2 4 72 0.002084 00000000000000000000000000000000
128 2 4 73 0.002008 22222222222222222222222222222222
128 2 4 74 0.002072 22222222222222222222222222222222
128 2 4 75 0.001934 00000000000000000000000000000000
128 2 4 76 0.002076 22000000000000000000000000000000
128 2 4 77 0.002069 22222222222222222222222222222222
128 2 4 78 0.001998 22222222222222222222222222222222
128 2 4 79 0.002062 00000000000000000000000000000000
128 2 4 80 0.002018 22222222222222222222222222222222
128 2 4 81 0.002088 22222222222222222222222222222222
128 2 4 82 0.002170 22222222222222222222222222222222
128 2 4 83 0.002105 22222222222222222222222222222222
128 2 4 84 0.002109 00000000000000000000000000000000
128 2 4 85 0.002086 22222222222222222222222222222222
128 2 4 86 0.001941 00000000000000000000000000000000
128 2 4 87 0.001924 22222222222222222222222222222222
128 2 4 88 0.002131 00000000000000000000000000000000
128 2 4 89 0.002095 22222222222222222222222222222222
128 2 4 90 0.002040 22222222222222000000000000000000
128 2 4 91 0.002052 22222222222222222222222222222222
128 2 4 92 0.002070 00000000000000000000000000000000
128 2 4 93 0.002008 00000000000000000000000000000000
128 2 4 94 0.001933 00000000000000000000000000000000
128 2 4 95 0.002027 22222222222222222222222222222222
128 2 4 96 0.002105 22222222222222222222222222222222
128 2 4 97 0.001902 22222222222222222222222222222222
128 2 4 98 0.002105 12222222222222222222222222222222
128 2 4 99 0.002060 22222222222222222222222222222222
128 2 8 0 0.001988 2222222222222222
128 2 8 1 0.001881 2222222222222200
128 2 8 2 0.002002 2222222222222222
128 2 8 3 0.001956 2222222222222222
128 2 8 4 0.002050 2222222222222222
128 2 8 5 0.001991 2222222222222222
128 2 8 6 0.002057 1222222222000000
128 2 8 7 0.002035 2222222222222222
128 2 8 8 0.002113 2222222222222222
128 2 8 9 0.001885 0000000000000000
128 2 8 10 0.002106 2222222222222222
128 2 8 11 0.002016 2200000000000000
128 2 8 12 0.001980 0000000000000000
128 2 8 13 0.001942 2222222222222222
128 2 8 14 0.002184 2222222222222222
128 2 8 15 0.001864 2222222200000000
128 2 8 16 0.002013 2222222222222222
128 2 8 17 0.002085 2222222222222222
128 2 8 18 0.002078 2220000000000000
128 2 8 19 0.001982 2222222222222222
128 2 8 20 0.002055 2222222222222222
128 2 8 21 0.002011 0000000000000000
128 2 8 22 0.002098 2222222222222222
128 2 8 23 0.002095 0000000000000000
128 2 8 24 0.001965 0000000000000000
128 2 8 25 0.001942 2222222222222222
128 2 8 26 0.002062 2222222222222222
128 2 8 27 0.001906 2222222222222222
128 2 8 28 0.002100 2222222222222222
128 2 8 29 0.002043 2222222222222222
128 2 8 30 0.001944 2222222222222000
128 2 8 31 0.002032 0000000000000000
128 2 8 32 0.002027 2222222222222222
128 2 8 33 0.001959 0000000000000000
128 2 8 34 0.002004 2222222222222222
128 2 8 35 0.002086 0000000000000000
128 2 8 36 0.002030 0000000000000000
128 2 8 37 0.002003 2222222222222222
128 2 8 38 0.002035 2222222222222222
128 2 8 39 0.001969 0000000000000000
128 2 8 40 0.001956 2222222222222222
128 2 8 41 0.002117 2222222222222222
128 2 8 42 0.002040 0000000000000000
128 2 8 43 0.002009 2222222222222222
128 2 8 44 0.001894 2222222222222222
128 2 8 45 0.001957 2222222222222222
128 2 8 46 0.002028 0000000000000000
128 2 8 47 0.001969 2222222222222222
128 2 8 48 0.002051 2222222222222222
128 2 8 49 0.002093 2222222222222222
128 2 8 50 0.002128 0000000000000000
128 2 8 51 0.002127 2222222222222222
128 2 8 52 0.002078 2222222222222222
128 2 8 53 0.002059 2222222222222222
128 2 8 54 0.002080 2222222222222222
128 2 8 55 0.001977 0000000000000000
128 2 8 56 0.002060 0000000000000000
128 2 8 57 0.001987 2222222222222222
128 2 8 58 0.002082 0000000000000000
128 2 8 59 0.001968 0000000000000000
128 2 8 60 0.002021 0000000000000000
128 2 8 61 0.001825 2222222222222000
128 2 8 62 0.002068 2222222222222222
128 2 8 63 0.002026 2222222222222222
128 2 8 64 0.002029 2222220000000000
128 2 8 65 0.001929 2222222222222222
128 2 8 66 0.001996 2220000000000000
128 2 8 67 0.001930 2222222222222222
128 2 8 68 0.002015 2222222222222222
128 2 8 69 0.001999 0000000000000000
128 2 8 70 0.002045 2222222222222222
128 2 8 71 0.002195 0000000000000000
128 2 8 72 0.002023 0000000000000000
128 2 8 73 0.001969 2222222222222222
128 2 8 74 0.002019 2222222222222222
128 2 8 75 0.001887 0000000000000000
128 2 8 76 0.002021 2000000000000000
128 2 8 77 0.002012 2222222222222222
128 2 8 78 0.001959 2222222222222222
128 2 8 79 0.002009 0000000000000000
128 2 8 80 0.001966 2222222222222222
128 2 8 81 0.002051 2222222222222222
128 2 8 82 0.002135 2222222222222222
128 2 8 83 0.002074 2222222222222222
128 2 8 84 0.002081 0000000000000000
128 2 8 85 0.002066 2222222222222222
128 2 8 86 0.001926 0000000000000000
128 2 8 87 0.001884 2222222222222222
128 2 8 88 0.002072 0000000000000000
128 2 8 89 0.002028 2222222222222222
128 2 8 90 0.001982 2222222000000000
128 2 8 91 0.002000 2222222222222222
128 2 8 92 0.002030 0000000000000000
128 2 8 93 0.001956 0000000000000000
128 2 8 94 0.001882 0000000000000000
128 2 8 95 0.001979 2222222222222222
128 2 8 96 0.002081 2222222222222222
128 2 8 97 0.001838 2222222222222222
128 2 8 98 0.002067 2222222222222222
128 2 8 99 0.002010 2222222222222222
128 2 16 0 0.001965 22222222
128 2 16 1 0.001829 22222220
128 2 16 2 0.001961 22222222
128 2 16 3 0.001923 22222222
128 2 16 4 0.002101 22222222
128 2 16 5 0.002062 22222222
128 2 16 6 0.002156 22222000
128 2 16 7 0.002032 22222222
128 2 16 8 0.002120 22222222
128 2 16 9 0.001933 00000000
128 2 16 10 0.002088 22222222
128 2 16 11 0.001978 20000000
128 2 16 12 0.001941 00000000
128 2 16 13 0.001894 22222222
128 2 16 14 0.002120 22222222
128 2 16 15 0.001890 22220000
128 2 16 16 0.002008 22222222
128 2 16 17 0.002047 22222222
128 2 16 18 0.002173 20000000
128 2 16 19 0.002054 22222222
128 2 16 20 0.002108 22222222
128 2 16 21 0.002029 00000000
128 2 16 22 0.002130 22222222
128 2 16 23 0.002058 00000000
128 2 16 24 0.001917 00000000
128 2 16 25 0.001899 22222222
128 2 16 26 0.002199 22222222
128 2 16 27 0.002028 22222222
128 2 16 28 0.002161 22222222
128 2 16 29 0.002088 22222222
128 2 16 30 0.001953 22222200
128 2 16 31 0.001992 00000000
128 2 16 32 0.001972 22222222
128 2 16 33 0.001915 00000000
128 2 16 34 0.001966 22222222
128 2 16 35 0.002105 00000000
128 2 16 36 0.002082 00000000
128 2 16 37 0.001993 22222222
128 2 16 38 0.001995 22222222
128 2 16 39 0.001973 00000000
128 2 16 40 0.001971 22222222
128 2 16 41 0.002098 22222222
128 2 16 42 0.002005 00000000
128 2 16 43 0.002136 22222222
128 2 16 44 0.001874 22222222
128 2 16 45 0.001984 22222222
128 2 16 46 0.002057 00000000
128 2 16 47 0.001961 22222222
128 2 16 48 0.002014 22222222
128 2 16 49 0.002029 22222222
128 2 16 50 0.002080 00000000
128 2 16 51 0.002038 22222222
128 2 16 52 0.002033 22222222
128 2 16 53 0.002032 22222222
128 2 16 54 0.002040 22222222
128 2 16 55 0.001960 00000000
128 2 16 56 0.002148 00000000
128 2 16 57 0.001936 22222222
128 2 16 58 0.002023 00000000
128 2 16 59 0.001940 00000000
128 2 16 60 0.001966 00000000
128 2 16 61 0.001796 22222200
128 2 16 62 0.002013 22222222
128 2 16 63 0.001961 22222222
128 2 16 64 0.001985 22200000
128 2 16 65 0.002040 22222222
128 2 16 66 0.002036 20000000
128 2 16 67 0.001911 22222222
128 2 16 68 0.002004 22222222
128 2 16 69 0.001964 00000000
128 2 16 70 0.001964 22222222
128 2 16 71 0.002154 00000000
128 2 16 72 0.001989 00000000
128 2 16 73 0.001953 22222222
128 2 16 74 0.001987 22222222
128 2 16 75 0.001839 00000000
128 2 16 76 0.001986 00000000
128 2 16 77 0.001962 22222222
128 2 16 78 0.001923 22222222
128 2 16 79 0.002030 00000000
128 2 16 80 0.001928 22222222
128 2 16 81 0.002008 22222222
128 2 16 82 0.002089 22222222
128 2 16 83 0.002035 22222222
128 2 16 84 0.002027 00000000
128 2 16 85 0.002037 22222222
128 2 16 86 0.001878 00000000
128 2 16 87 0.001937 22222222
128 2 16 88 0.002060 00000000
128 2 16 89 0.002108 22222222
128 2 16 90 0.001983 22200000
128 2 16 91 0.001944 22222222
128 2 16 92 0.001988 00000000
128 2 16 93 0.001912 00000000
128 2 16 94 0.001853 00000000
128 2 16 95 0.001954 22222222
128 2 16 96 0.002012 22222222
128 2 16 97 0.001795 22222222
128 2 16 98 0.002034 22222222
128 2 16 99 0.001970 22222222
128 2 32 0 0.002020 2222
128 2 32 1 0.001896 2220
128 2 32 2 0.001994 2222
128 2 32 3 0.001946 2222
128 2 32 4 0.002004 2222
128 2 32 5 0.001945 2222
128 2 32 6 0.002043 2200
128 2 32 7 0.002004 2222
128 2 32 8 0.002172 2222
128 2 32 9 0.001854 0000
128 2 32 10 0.002083 2222
128 2 32 11 0.001996 0000
128 2 32 12 0.001951 0000
128 2 32 13 0.001886 2222
128 2 32 14 0.002113 2222
128 2 32 15 0.001822 2200
128 2 32 16 0.001975 2222
128 2 32 17 0.002046 2222
128 2 32 18 0.002059 0000
128 2 32 19 0.001986 2222
128 2 32 20 0.002029 2222
128 2 32 21 0.002090 0000
128 2 32 22 0.002130 2222
128 2 32 23 0.002061 0000
128 2 32 24 0.001903 0000
128 2 32 25 0.001900 2222
128 2 32 26 0.002022 2222
128 2 32 27 0.001927 2222
128 2 32 28 0.002126 2222
128 2 32 29 0.002006 2222
128 2 32 30 0.001903 2220
128 2 32 31 0.001992 0000
128 2 32 32 0.001976 2222
128 2 32 33 0.001920 0000
128 2 32 34 0.002077 2222
128 2 32 35 0.002147 0000
128 2 32 36 0.002008 0000
128 2 32 37 0.001972 2222
128 2 32 38 0.002000 2222
128 2 32 39 0.001938 0000
128 2 32 40 0.001922 2222
128 2 32 41 0.002154 2222
128 2 32 42 0.002032 0000
128 2 32 43 0.001957 2222
128 2 32 44 0.001859 2222
128 2 32 45 0.001902 2222
128 2 32 46 0.001980 0000
128 2 32 47 0.001899 2222
128 2 32 48 0.002021 2222
128 2 32 49 0.002035 2222
128 2 32 50 0.002090 0000
128 2 32 51 0.002041 2222
128 2 32 52 0.002032 2222
128 2 32 53 0.002043 2222
128 2 32 54 0.002065 2222
128 2 32 55 0.001945 0000
128 2 32 56 0.002031 0000
128 2 32 57 0.001966 2222
128 2 32 58 0.002052 0000
128 2 32 59 0.001919 0000
128 2 32 60 0.001965 0000
128 2 32 61 0.001800 2220
128 2 32 62 0.002031 2222
128 2 32 63 0.001987 2222
128 2 32 64 0.002050 2000
128 2 32 65 0.001937 2222
128 2 32 66 0.001959 0000
128 2 32 67 0.001896 2222
128 2 32 68 0.001991 2222
128 2 32 69 0.001967 0000
128 2 32 70 0.001973 2222
128 2 32 71 0.002179 0000
128 2 32 72 0.002018 0000
128 2 32 73 0.001946 2222
128 2 32 74 0.002021 2222
128 2 32 75 0.001847 0000
128 2 32 76 0.002039 0000
128 2 32 77 0.002034 2222
128 2 32 78 0.001920 2222
128 2 32 79 0.001976 0000
128 2 32 80 0.001932 2222
128 2 32 81 0.002015 2222
128 2 32 82 0.002211 2222
128 2 32 83 0.002041 2222
128 2 32 84 0.002031 0000
128 2 32 85 0.002021 2222
128 2 32 86 0.001870 0000
128 2 32 87 0.001830 2222
128 2 32 88 0.002064 0000
128 2 32 89 0.002004 2222
128 2 32 90 0.001945 2000
128 2 32 91 0.001958 2222
128 2 32 92 0.002035 0000
128 2 32 93 0.001922 0000
128 2 32 94 0.001836 0000
128 2 32 95 0.001945 2222
128 2 32 96 0.002017 2222
128 2 32 97 0.001795 2222
128 2 32 98 0.002041 2222
128 2 32 99 0.002113 2222
128 4 8 0 0.003167 2222222222222222
128 4 8 1 0.002789 2222222222222222
128 4 8 2 0.003201 2222222222222222
128 4 8 3 0.003177 2222222222222222
128 4 8 4 0.003300 2222222222222222
128 4 8 5 0.003138 2222222222222222
128 4 8 6 0.003470 1222222222222222
128 4 8 7 0.003296 2222222222222222
128 4 8 8 0.003510 2222222222222222
128 4 8 9 0.002887 0000000000000000
128 4 8 10 0.003697 2222222222222222
128 4 8 11 0.003318 2222222222222222
128 4 8 12 0.003101 0000000000000000
128 4 8 13 0.003027 2222222222222222
128 4 8 14 0.003605 2222222222222222
128 4 8 15 0.002723 2222222222222222
128 4 8 16 0.003225 2222222222222222
128 4 8 17 0.003438 2222222222222222
128 4 8 18 0.003500 2222222222222222
128 4 8 19 0.003291 2222222222222222
128 4 8 20 0.003456 2222222222222222
128 4 8 21 0.003178 0000000000000000
128 4 8 22 0.003455 2222222222222222
128 4 8 23 0.003373 0000000000000000
128 4 8 24 0.003182 0000000000000000
128 4 8 25 0.003019 2222222222222222
128 4 8 26 0.003359 2222222222222222
128 4 8 27 0.003011 2222222222222222
128 4 8 28 0.003550 2222222222222222
128 4 8 29 0.003326 2222222222222222
128 4 8 30 0.003055 2222222222222222
128 4 8 31 0.003339 0000000000000000
128 4 8 32 0.003231 2222222222222222
128 4 8 33 0.003223 0000000000000000
128 4 8 34 0.003216 2222222222222222
128 4 8 35 0.003582 0000000000000000
128 4 8 36 0.003155 0000000000000000
128 4 8 37 0.003220 2222222222222222
128 4 8 38 0.003348 2222222222222222
128 4 8 39 0.003097 2222222222222222
128 4 8 40 0.003151 2222222222222222
128 4 8 41 0.003591 2222222222222222
128 4 8 42 0.003964 0000000000000000
128 4 8 43 0.003154 2222222222222222
128 4 8 44 0.002935 2222222222222222
128 4 8 45 0.003027 2222222222222222
128 4 8 46 0.003289 0000000000000000
128 4 8 47 0.002965 2222222222222222
128 4 8 48 0.003254 2222222222222222
128 4 8 49 0.003560 2222222222222222
128 4 8 50 0.003559 0000000000000000
128 4 8 51 0.003303 2222222222222222
128 4 8 52 0.003410 2222222222222222
128 4 8 53 0.003280 2222222222222222
128 4 8 54 0.003404 2222222222222222
128 4 8 55 0.003021 0000000000000000
128 4 8 56 0.003338 0000000000000000
128 4 8 57 0.003175 2222222222222222
128 4 8 58 0.003587 0000000000000000
128 4 8 59 0.003093 0000000000000000
128 4 8 60 0.003235 0000000000000000
128 4 8 61 0.002783 2222222222222222
128 4 8 62 0.003369 2222222222222222
128 4 8 63 0.003243 2222222222222222
128 4 8 64 0.003227 2222222222222222
128 4 8 65 0.003013 2222222222222222
128 4 8 66 0.003161 2222222222222222
128 4 8 67 0.002977 2222222222222222
128 4 8 68 0.003476 2222222222222222
128 4 8 69 0.003166 0000000000000000
128 4 8 70 0.003243 2222222222222222
128 4 8 71 0.003702 0000000000000000
128 4 8 72 0.003295 0000000000000000
128 4 8 73 0.003275 2222222222222222
128 4 8 74 0.003257 2222222222222222
128 4 8 75 0.002857 0000000000000000
128 4 8 76 0.003243 2222222222222222
128 4 8 77 0.003236 2222222222222222
128 4 8 78 0.002936 2222222222222222
128 4 8 79 0.003212 0000000000000000
128 4 8 80 0.003089 2222222222222222
128 4 8 81 0.003372 2222222222222222
128 4 8 82 0.003558 2222222222222222
128 4 8 83 0.003437 2222222222222222
128 4 8 84 0.003367 0000000000000000
128 4 8 85 0.003362 2222222222222222
128 4 8 86 0.002887 0000000000000000
128 4 8 87 0.002834 2222222222222222
128 4 8 88 0.003403 0000000000000000
128 4 8 89 0.003424 2222222222222222
128 4 8 90 0.003180 2222222222222222
128 4 8 91 0.003097 2222222222222222
128 4 8 92 0.003102 0000000000000000
128 4 8 93 0.003200 0000000000000000
128 4 8 94 0.002902 0000000000000000
128 4 8 95 0.003121 2222222222222222
128 4 8 96 0.003330 2222222222222222
128 4 8 97 0.002811 2222222222222222
128 4 8 98 0.003520 2222222222222222
128 4 8 99 0.003203 2222222222222222
128 4 16 0 0.003072 22222222
128 4 16 1 0.002710 22222222
128 4 16 2 0.003246 22222222
128 4 16 3 0.003085 22222222
128 4 16 4 0.003288 22222222
128 4 16 5 0.003049 22222222
128 4 16 6 0.003359 22222222
128 4 16 7 0.003296 22222222
128 4 16 8 0.003425 22222222
128 4 16 9 0.002835 00000000
128 4 16 10 0.003451 22222222
128 4 16 11 0.003279 22222222
128 4 16 12 0.003060 00000000
128 4 16 13 0.003013 22222222
128 4 16 14 0.003513 22222222
128 4 16 15 0.002648 22222222
128 4 16 16 0.003162 22222222
128 4 16 17 0.003319 22222222
128 4 16 18 0.003289 22222222
128 4 16 19 0.003238 22222222
128 4 16 20 0.003307 22222222
128 4 16 21 0.003107 00000000
128 4 16 22 0.003327 22222222
128 4 16 23 0.003389 00000000
128 4 16 24 0.003077 00000000
128 4 16 25 0.002962 22222222
128 4 16 26 0.003272 22222222
128 4 16 27 0.002958 22222222
128 4 16 28 0.003488 22222222
128 4 16 29 0.003280 22222222
128 4 16 30 0.002974 22222222
128 4 16 31 0.003296 00000000
128 4 16 32 0.003170 22222222
128 4 16 33 0.002994 00000000
128 4 16 34 0.003121 22222222
128 4 16 35 0.003550 00000000
128 4 16 36 0.003108 00000000
128 4 16 37 0.003163 22222222
128 4 16 38 0.003234 22222222
128 4 16 39 0.003191 22222222
128 4 16 40 0.003134 22222222
128 4 16 41 0.003472 22222222
128 4 16 42 0.003291 00000000
128 4 16 43 0.003056 22222222
128 4 16 44 0.002843 22222222
128 4 16 45 0.003010 22222222
128 4 16 46 0.003196 00000000
128 4 16 47 0.002881 22222222
128 4 16 48 0.003175 22222222
128 4 16 49 0.003387 22222222
128 4 16 50 0.003473 00000000
128 4 16 51 0.003290 22222222
128 4 16 52 0.003327 22222222
128 4 16 53 0.003143 22222222
128 4 16 54 0.003459 22222222
128 4 16 55 0.002959 00000000
128 4 16 56 0.003244 00000000
128 4 16 57 0.003107 22222222
128 4 16 58 0.003521 00000000
128 4 16 59 0.003004 00000000
128 4 16 60 0.003161 00000000
128 4 16 61 0.002796 22222222
128 4 16 62 0.003332 22222222
128 4 16 63 0.003077 22222222
128 4 16 64 0.003235 22222222
128 4 16 65 0.002980 22222222
128 4 16 66 0.003165 22222222
128 4 16 67 0.002875 22222222
128 4 16 68 0.003381 22222222
128 4 16 69 0.003188 00000000
128 4 16 70 0.003221 22222222
128 4 16 71 0.003640 00000000
128 4 16 72 0.003801 00000000
128 4 16 73 0.003173 22222222
128 4 16 74 0.003129 22222222
128 4 16 75 0.002798 00000000
128 4 16 76 0.003215 22222222
128 4 16 77 0.003216 22222222
128 4 16 78 0.002877 22222222
128 4 16 79 0.003112 00000000
128 4 16 80 0.003062 22222222
128 4 16 81 0.003381 22222222
128 4 16 82 0.003591 22222222
128 4 16 83 0.003381 22222222
128 4 16 84 0.003286 00000000
128 4 16 85 0.003274 22222222
128 4 16 86 0.002869 00000000
128 4 16 87 0.002741 22222222
128 4 16 88 0.003286 00000000
128 4 16 89 0.003243 22222222
128 4 16 90 0.003077 22222222
128 4 16 91 0.003129 22222222
128 4 16 92 0.003089 00000000
128 4 16 93 0.003054 00000000
128 4 16 94 0.002836 00000000
128 4 16 95 0.003037 22222222
128 4 16 96 0.003283 22222222
128 4 16 97 0.002675 22222222
128 4 16 98 0.003509 22222222
128 4 16 99 0.003215 22222222
128 4 32 0 0.003145 2222
128 4 32 1 0.002777 2222
128 4 32 2 0.003209 2222
128 4 32 3 0.003241 2222
128 4 32 4 0.003372 2222
128 4 32 5 0.003104 2222
128 4 32 6 0.003429 2222
128 4 32 7 0.003275 2222
128 4 32 8 0.003520 2222
128 4 32 9 0.002869 0000
128 4 32 10 0.003511 2222
128 4 32 11 0.003297 2222
128 4 32 12 0.003175 0000
128 4 32 13 0.003076 2222
128 4 32 14 0.003601 2222
128 4 32 15 0.002668 2222
128 4 32 16 0.003211 2222
128 4 32 17 0.003539 2222
128 4 32 18 0.003346 2222
128 4 32 19 0.003268 2222
128 4 32 20 0.003348 2222
128 4 32 21 0.003188 0000
128 4 32 22 0.003465 2222
128 4 32 23 0.003314 0000
128 4 32 24 0.003068 0000
128 4 32 25 0.003049 2222
128 4 32 26 0.003360 2222
128 4 32 27 0.002980 2222
128 4 32 28 0.003429 2222
128 4 32 29 0.003346 2222
128 4 32 30 0.003089 2222
128 4 32 31 0.003345 0000
128 4 32 32 0.003212 2222
128 4 32 33 0.003142 0000
128 4 32 34 0.003183 2222
128 4 32 35 0.003486 0000
128 4 32 36 0.003113 0000
128 4 32 37 0.003332 2222
128 4 32 38 0.003342 2222
128 4 32 39 0.003102 2222
128 4 32 40 0.003101 2222
128 4 32 41 0.003596 2222
128 4 32 42 0.003437 0000
128 4 32 43 0.003113 2222
128 4 32 44 0.002919 2222
128 4 32 45 0.002971 2222
128 4 32 46 0.003273 0000
128 4 32 47 0.002990 2222
128 4 32 48 0.003326 2222
128 4 32 49 0.003507 2222
128 4 32 50 0.003562 0000
128 4 32 51 0.003331 2222
128 4 32 52 0.003420 2222
128 4 32 53 0.003183 2222
128 4 32 54 0.003362 2222
128 4 32 55 0.002959 0000
128 4 32 56 0.003432 0000
128 4 32 57 0.003230 2222
128 4 32 58 0.003521 0000
128 4 32 59 0.003016 0000
128 4 32 60 0.003199 0000
128 4 32 61 0.002873 2222
128 4 32 62 0.003357 2222
128 4 32 63 0.003151 2222
128 4 32 64 0.003159 2222
128 4 32 65 0.003035 2222
128 4 32 66 0.003227 2222
128 4 32 67 0.002916 2222
128 4 32 68 0.003318 2222
128 4 32 69 0.003165 0000
128 4 32 70 0.003225 2222
128 4 32 71 0.003763 0000
128 4 32 72 0.003262 0000
128 4 32 73 0.003136 2222
128 4 32 74 0.003210 2222
128 4 32 75 0.002905 0000
128 4 32 76 0.003217 2222
128 4 32 77 0.003240 2222
128 4 32 78 0.002903 2222
128 4 32 79 0.003239 0000
128 4 32 80 0.003153 2222
128 4 32 81 0.003392 2222
128 4 32 82 0.003564 2222
128 4 32 83 0.003409 2222
128 4 32 84 0.003400 0000
128 4 32 85 0.003317 2222
128 4 32 86 0.002848 0000
128 4 32 87 0.002804 2222
128 4 32 88 0.003427 0000
128 4 32 89 0.003507 2222
128 4 32 90 0.003121 2222
128 4 32 91 0.003076 2222
128 4 32 92 0.003052 0000
128 4 32 93 0.003187 0000
128 4 32 94 0.002861 0000
128 4 32 95 0.003075 2222
128 4 32 96 0.003337 2222
128 4 32 97 0.002702 2222
128 4 32 98 0.003527 2222
128 4 32 99 0.003170 2222
128 8 16 0 0.006522 22222222
128 8 16 1 0.006121 22222222
128 8 16 2 0.006485 22222222
128 8 16 3 0.006914 22222222
128 8 16 4 0.007099 22222222
128 8 16 5 0.006655 22222222
128 8 16 6 0.008061 22222222
128 8 16 7 0.007481 22222222
128 8 16 8 0.007593 22222222
128 8 16 9 0.005820 00000000
128 8 16 10 0.007991 22222222
128 8 16 11 0.007131 22222222
128 8 16 12 0.006703 00000000
128 8 16 13 0.006431 22222222
128 8 16 14 0.007724 22222222
128 8 16 15 0.005531 22222222
128 8 16 16 0.006907 22222222
128 8 16 17 0.007866 22222222
128 8 16 18 0.007531 22222222
128 8 16 19 0.007028 22222222
128 8 16 20 0.007522 22222222
128 8 16 21 0.006916 00000000
128 8 16 22 0.007245 22222222
128 8 16 23 0.007654 00000000
128 8 16 24 0.006238 00000000
128 8 16 25 0.006340 22222222
128 8 16 26 0.007694 22222222
128 8 16 27 0.006363 22222222
128 8 16 28 0.007475 22222222
128 8 16 29 0.007080 22222222
128 8 16 30 0.006033 22222222
128 8 16 31 0.007719 00000000
128 8 16 32 0.006722 22222222
128 8 16 33 0.006464 00000000
128 8 16 34 0.007257 22222222
128 8 16 35 0.008057 00000000
128 8 16 36 0.006898 00000000
128 8 16 37 0.006384 22222222
128 8 16 38 0.007788 22222222
128 8 16 39 0.006596 22222222
128 8 16 40 0.006516 22222222
128 8 16 41 0.007897 22222222
128 8 16 42 0.007650 00000000
128 8 16 43 0.007021 22222222
128 8 16 44 0.005666 22222222
128 8 16 45 0.006049 22222222
128 8 16 46 0.007446 00000000
128 8 16 47 0.006060 22222222
128 8 16 48 0.006839 22222222
128 8 16 49 0.008065 22222222
128 8 16 50 0.007853 00000000
128 8 16 51 0.007930 22222222
128 8 16 52 0.007242 22222222
128 8 16 53 0.007040 22222222
128 8 16 54 0.007450 22222222
128 8 16 55 0.006684 00000000
128 8 16 56 0.007208 00000000
128 8 16 57 0.006874 22222222
128 8 16 58 0.007835 00000000
128 8 16 59 0.006340 00000000
128 8 16 60 0.006522 00000000
128 8 16 61 0.005240 22222222
128 8 16 62 0.007138 22222222
128 8 16 63 0.006468 22222222
128 8 16 64 0.006466 22222222
128 8 16 65 0.006057 22222222
128 8 16 66 0.006733 22222222
128 8 16 67 0.005827 22222222
128 8 16 68 0.006946 22222222
128 8 16 69 0.006809 00000000
128 8 16 70 0.006625 22222222
128 8 16 71 0.008387 00000000
128 8 16 72 0.007225 00000000
128 8 16 73 0.006873 22222222
128 8 16 74 0.006954 22222222
128 8 16 75 0.005609 00000000
128 8 16 76 0.006791 22222222
128 8 16 77 0.007135 22222222
128 8 16 78 0.006045 22222222
128 8 16 79 0.006954 00000000
128 8 16 80 0.006803 22222222
128 8 16 81 0.006979 22222222
128 8 16 82 0.008397 22222222
128 8 16 83 0.007519 22222222
128 8 16 84 0.007105 00000000
128 8 16 85 0.006911 22222222
128 8 16 86 0.005692 00000000
128 8 16 87 0.005706 22222222
128 8 16 88 0.007176 00000000
128 8 16 89 0.007442 22222222
128 8 16 90 0.006704 22222222
128 8 16 91 0.006707 22222222
128 8 16 92 0.006530 00000000
128 8 16 93 0.006809 00000000
128 8 16 94 0.005428 00000000
128 8 16 95 0.006867 22222222
128 8 16 96 0.007350 22222222
128 8 16 97 0.005458 22222222
128 8 16 98 0.008283 22222222
128 8 16 99 0.006767 22222222
128 8 32 0 0.006821 2222
128 8 32 1 0.005804 2222
128 8 32 2 0.006826 2222
128 8 32 3 0.006993 2222
128 8 32 4 0.007748 2222
128 8 32 5 0.006388 2222
128 8 32 6 0.008207 2222
128 8 32 7 0.007712 2222
128 8 32 8 0.008040 2222
128 8 32 9 0.005826 0000
128 8 32 10 0.008277 2222
128 8 32 11 0.007233 2222
128 8 32 12 0.007040 0000
128 8 32 13 0.006515 2222
128 8 32 14 0.007852 2222
128 8 32 15 0.005607 2222
128 8 32 16 0.006939 2222
128 8 32 17 0.007913 2222
128 8 32 18 0.007635 2222
128 8 32 19 0.007212 2222
128 8 32 20 0.007664 2222
128 8 32 21 0.006729 0000
128 8 32 22 0.007770 2222
128 8 32 23 0.007636 0000
128 8 32 24 0.006443 0000
128 8 32 25 0.006585 2222
128 8 32 26 0.007677 2222
128 8 32 27 0.006290 2222
128 8 32 28 0.007643 2222
128 8 32 29 0.006945 2222
128 8 32 30 0.006368 2222
128 8 32 31 0.007525 0000
128 8 32 32 0.007001 2222
128 8 32 33 0.006287 0000
128 8 32 34 0.007313 2222
128 8 32 35 0.008027 0000
128 8 32 36 0.006943 0000
128 8 32 37 0.007015 2222
128 8 32 38 0.007618 2222
128 8 32 39 0.006686 2222
128 8 32 40 0.006550 2222
128 8 32 41 0.008357 2222
128 8 32 42 0.007758 0000
128 8 32 43 0.007101 2222
128 8 32 44 0.005760 2222
128 8 32 45 0.006028 2222
128 8 32 46 0.007369 0000
128 8 32 47 0.006072 2222
128 8 32 48 0.007140 2222
128 8 32 49 0.008042 2222
128 8 32 50 0.008148 0000
128 8 32 51 0.007554 2222
128 8 32 52 0.007910 2222
128 8 32 53 0.006880 2222
128 8 32 54 0.007590 2222
128 8 32 55 0.006523 0000
128 8 32 56 0.007182 0000
128 8 32 57 0.006961 2222
128 8 32 58 0.007817 0000
128 8 32 59 0.006394 0000
128 8 32 60 0.006543 0000
128 8 32 61 0.005201 2222
128 8 32 62 0.007289 2222
128 8 32 63 0.006890 2222
128 8 32 64 0.006646 2222
128 8 32 65 0.006170 2222
128 8 32 66 0.006778 2222
128 8 32 67 0.005797 2222
128 8 32 68 0.007184 2222
128 8 32 69 0.006828 0000
128 8 32 70 0.007100 2222
128 8 32 71 0.008641 0000
128 8 32 72 0.007588 0000
128 8 32 73 0.006927 2222
128 8 32 74 0.007193 2222
128 8 32 75 0.005481 0000
128 8 32 76 0.006966 2222
128 8 32 77 0.007177 2222
128 8 32 78 0.006037 2222
128 8 32 79 0.006761 0000
128 8 32 80 0.006923 2222
128 8 32 81 0.007177 2222
128 8 32 82 0.008618 2222
128 8 32 83 0.007767 2222
128 8 32 84 0.006995 0000
128 8 32 85 0.007341 2222
128 8 32 86 0.005700 0000
128 8 32 87 0.005822 2222
128 8 32 88 0.007348 0000
128 8 32 89 0.007367 2222
128 8 32 90 0.006881 2222
128 8 32 91 0.006937 2222
128 8 32 92 0.006730 0000
128 8 32 93 0.006800 0000
128 8 32 94 0.005571 0000
128 8 32 95 0.006873 2222
128 8 32 96 0.007508 2222
128 8 32 97 0.005597 2222
128 8 32 98 0.008262 2222
128 8 32 99 0.007009 2222
256 2 4 0 0.004370 1222222222222222222222222222222222222222222222222222222222222222
256 2 4 1 0.004132 1222222222222222000000000000000000000000000000000000000000000000
256 2 4 2 0.004099 2222222222222222222222222222222222222222222222222222222222000000
256 2 4 3 0.004178 2222200000000000000000000000000000000000000000000000000000000000
256 2 4 4 0.004334 0000000000000000000000000000000000000000000000000000000000000000
256 2 4 5 0.004013 1222222222222222222222222222222222222222222222222222222222222222
256 2 4 6 0.004254 2222222222222222222222222222222222222222222222222222222222222222
256 2 4 7 0.004249 2222222222222222222222222222222222222222222222222222222222222222
256 2 4 8 0.004168 0000000000000000000000000000000000000000000000000000000000000000
256 2 4 9 0.004414 2222222222222222222222222222222222222222222000000000000000000000
256 2 4 10 0.004077 2222222222222222222222222222222200000000000000000000000000000000
256 2 4 11 0.004222 2222222222222222222222222222222222222222222222222222222222222222
256 2 4 12 0.004103 0000000000000000000000000000000000000000000000000000000000000000
256 2 4 13 0.004070 1222222222222222222222222222222222222222222222222222222222222220
256 2 4 14 0.004204 1222222222222222222222222222222222222222222222222222222222222222
256 2 4 15 0.004318 2222222222222222222222222222222222222222222222222222222222222222
256 2 4 16 0.004059 2222222222222222222222222222200000000000000000000000000000000000
256 2 4 17 0.004056 2222222222222222222222222200000000000000000000000000000000000000
256 2 4 18 0.004438 0000000000000000000000000000000000000000000000000000000000000000
256 2 4 19 0.004221 2222222222222222200000000000000000000000000000000000000000000000
256 2 4 20 0.004162 0000000000000000000000000000000000000000000000000000000000000000
256 2 4 21 0.004200 2222222222222222222222222222222222222222222222222222222222222222
256 2 4 22 0.004290 2222222222222222222222222222222222222222222222222222222222222222
256 2 4 23 0.004281 2222222222222222222222222222222222222222222222222222222222222222
256 2 4 24 0.004179 2222222222222222222222222222222222222222222222222222222222222222
256 2 4 25 0.004069 1222222222222222222222222222222222222222222222222222222220000000
256 2 4 26 0.004309 2222222222222222222222222222222222222222222222222222222222222222
256 2 4 27 0.003999 1222222222222222222220000000000000000000000000000000000000000000
256 2 4 28 0.004190 0000000000000000000000000000000000000000000000000000000000000000
256 2 4 29 0.004279 2222222222222222222222222222222222222222222222222222222222222222
256 2 4 30 0.004203 2222222222222222222222222222222222222222222222222222222222222222
256 2 4 31 0.004184 2222222000000000000000000000000000000000000000000000000000000000
256 2 4 32 0.004416 1222222222222222222222222222222222222222222222222222222222222222
256 2 4 33 0.004233 0000000000000000000000000000000000000000000000000000000000000000
256 2 4 34 0.004220 2222222222222222222222222222222222222222222222222222222222222222
256 2 4 35 0.004172 2222222222222222222222222222222222222222222222222222222222222222
256 2 4 36 0.004270 2222222222222222222222222222222222222222222222222222222222222222
256 2 4 37 0.004143 1122222222222222222222222222222222222222222222222222222222222222
256 2 4 38 0.004098 0000000000000000000000000000000000000000000000000000000000000000
256 2 4 39 0.004171 0000000000000000000000000000000000000000000000000000000000000000
256 2 4 40 0.004143 1222222222222222222222222222222222222222222222222222222222200000
256 2 4 41 0.004128 2222222222222222222222222222222222222222222222222222222222222222
256 2 4 42 0.004305 0000000000000000000000000000000000000000000000000000000000000000
256 2 4 43 0.004005 2222222220000000000000000000000000000000000000000000000000000000
256 2 4 44 0.004055 2222222222222222222222222222222222222222222222222222222222222222
256 2 4 45 0.004213 0000000000000000000000000000000000000000000000000000000000000000
256 2 4 46 0.004104 1122222222222222222222222222222222222222222222222222222222222222
256 2 4 47 0.004270 2222222222222222222222222222222222222222222222222222222222222222
256 2 4 48 0.004299 1222222222222222222222222222222222222222222222222222222222222222
256 2 4 49 0.003969 2222222222222222222222222222222222222222222222222222220000000000
256 2 4 50 0.004117 2222222222222222222200000000000000000000000000000000000000000000
256 2 4 51 0.004014 0000000000000000000000000000000000000000000000000000000000000000
256 2 4 52 0.004132 2222222222222222222222222222222222222222222222222222222220000000
256 2 4 53 0.004206 1222222222222222222222222222222222222222222222222222222222222222
256 2 4 54 0.004266 2222222222222222222222222222222222222222222222000000000000000000
256 2 4 55 0.004156 2222222222222222222222222222222222222222222222222222222222222222
256 2 4 56 0.004014 0000000000000000000000000000000000000000000000000000000000000000
256 2 4 57 0.004346 2220000000000000000000000000000000000000000000000000000000000000
256 2 4 58 0.004110 2222222222222222222222222222222222222222222222222222200000000000
256 2 4 59 0.004131 0000000000000000000000000000000000000000000000000000000000000000
256 2 4 60 0.004315 1222222222222222222222222222222222222222222222222222222222222222
256 2 4 61 0.004368 2222222222222222222222222222222222222222222222222222222222222222
256 2 4 62 0.004161 0000000000000000000000000000000000000000000000000000000000000000
256 2 4 63 0.004073 2222222222222222222222222222222222222222222000000000000000000000
256 2 4 64 0.004140 2222222222222222222222222222222222222222222222220000000000000000
256 2 4 65 0.004137 0000000000000000000000000000000000000000000000000000000000000000
256 2 4 66 0.004138 2222222220000000000000000000000000000000000000000000000000000000
256 2 4 67 0.004218 0000000000000000000000000000000000000000000000000000000000000000
256 2 4 68 0.004018 1222222222222222222222222222222222222222222222222222222222222222
256 2 4 69 0.003954 1222222222222222222222222222222222222222222222222222222222222222
256 2 4 70 0.004167 0000000000000000000000000000000000000000000000000000000000000000
256 2 4 71 0.004238 0000000000000000000000000000000000000000000000000000000000000000
256 2 4 72 0.003956 2222222222222222222222222222222222222222222222222222222222222222
256 2 4 73 0.004193 2222222222222222222222222222222222222222222222222222222222222222
256 2 4 74 0.004104 1222222222222222222222222222222222222222222222222222222222222222
256 2 4 75 0.004172 1222222222222222222222222200000000000000000000000000000000000000
256 2 4 76 0.004033 2222222222222222222222222222222222222222222222222222222222222222
256 2 4 77 0.004172 2222222222222222222222222222222222222222222222222222222222222222
256 2 4 78 0.004067 2222222222222222222222222222222222222222222222222222222222222222
256 2 4 79 0.004155 1222222222222222222222222000000000000000000000000000000000000000
256 2 4 80 0.004209 2222222222222222222222222222222000000000000000000000000000000000
256 2 4 81 0.004292 2222222222222222222222222222222222222222222222222222222222222222
256 2 4 82 0.004189 2222222222222222222222222222222222222222222222222222222222222222
256 2 4 83 0.004012 2222222222222222222222222222222222222222222222222222222222222222
256 2 4 84 0.004090 0000000000000000000000000000000000000000000000000000000000000000
256 2 4 85 0.004043 1222222222222222222222222222222222222222222222222222222222222222
256 2 4 86 0.004260 2222222222222222222222222222222222222222222222222222222222222222
256 2 4 87 0.004128 1200000000000000000000000000000000000000000000000000000000000000
256 2 4 88 0.004122 2222222222222222222222222222222222222222222222222222222222222222
256 2 4 89 0.004255 2222222222222222222222222222222222222222222222222222222222222222
256 2 4 90 0.004188 2222222222222222222222222222222222222222222222222222222222222222
256 2 4 91 0.004196 2222222222222222222222222222222222222222222222222222222222220000
256 2 4 92 0.003950 2222222200000000000000000000000000000000000000000000000000000000
256 2 4 93 0.004158 2222222222222222222222222222222222222222222222222222222222222222
256 2 4 94 0.004190 0000000000000000000000000000000000000000000000000000000000000000
256 2 4 95 0.004277 2222222222222222222222222222222222222222222222222222222222222222
256 2 4 96 0.004160 2222222222222222222222222222222222222222222222222222222222222222
256 2 4 97 0.004110 0000000000000000000000000000000000000000000000000000000000000000
256 2 4 98 0.004510 2222222222222222222222222222222222222222222222222222222222222222
256 2 4 99 0.004190 2222222222222222222222222222222222222222222222222222222222222222
256 2 8 0 0.004254 22222222222222222222222222222222
256 2 8 1 0.004008 22222222000000000000000000000000
256 2 8 2 0.004062 22222222222222222222222222222000
256 2 8 3 0.003980 22000000000000000000000000000000
256 2 8 4 0.004263 00000000000000000000000000000000
256 2 8 5 0.003971 22222222222222222222222222222222
256 2 8 6 0.004160 22222222222222222222222222222222
256 2 8 7 0.004142 22222222222222222222222222222222
256 2 8 8 0.004135 00000000000000000000000000000000
256 2 8 9 0.004197 22222222222222222222200000000000
256 2 8 10 0.003984 22222222222222220000000000000000
256 2 8 11 0.004144 00000000000000000000000000000000
256 2 8 12 0.004063 00000000000000000000000000000000
256 2 8 13 0.003969 22222222222222222222222222222220
256 2 8 14 0.004146 22222222222222222222222222222222
256 2 8 15 0.004149 22222222222222222222222222222222
256 2 8 16 0.003993 22222222222222000000000000000000
256 2 8 17 0.003964 22222222222220000000000000000000
256 2 8 18 0.004281 00000000000000000000000000000000
256 2 8 19 0.004151 22222222000000000000000000000000
256 2 8 20 0.004075 00000000000000000000000000000000
256 2 8 21 0.004110 22222222222222222222222222222222
256 2 8 22 0.004245 22222222222222222222222222222222
256 2 8 23 0.004125 22222222222222222222222222222222
256 2 8 24 0.004045 22222222222222222222222222222222
256 2 8 25 0.004064 22222222222222222222222222220000
256 2 8 26 0.004056 22222222222222222222222222222222
256 2 8 27 0.003863 22222222220000000000000000000000
256 2 8 28 0.004152 00000000000000000000000000000000
256 2 8 29 0.003974 22222222222222222222222222222222
256 2 8 30 0.004128 22222222222222222222222222222222
256 2 8 31 0.004119 22200000000000000000000000000000
256 2 8 32 0.004183 22222222222222222222222222222222
256 2 8 33 0.004142 00000000000000000000000000000000
256 2 8 34 0.004093 22222222222222222222222222222222
256 2 8 35 0.004072 22222222222222222222222222222222
256 2 8 36 0.004019 22222222222222222222222222222222
256 2 8 37 0.004005 12222222222222222222222222222222
256 2 8 38 0.004009 00000000000000000000000000000000
256 2 8 39 0.003965 00000000000000000000000000000000
256 2 8 40 0.004093 22222222222222222222222222222000
256 2 8 41 0.004004 22222222222222222222222222222222
256 2 8 42 0.004148 00000000000000000000000000000000
256 2 8 43 0.003865 22220000000000000000000000000000
256 2 8 44 0.003956 22222222222222222222222222222222
256 2 8 45 0.004045 00000000000000000000000000000000
256 2 8 46 0.004032 12222222222222222222222222222222
256 2 8 47 0.004218 22222222222222222222222222222222
256 2 8 48 0.004052 22222222222222222222222222222222
256 2 8 49 0.003852 22222222222222222222222222200000
256 2 8 50 0.004030 22222222220000000000000000000000
256 2 8 51 0.003907 00000000000000000000000000000000
256 2 8 52 0.004037 22222222222222222222222222220000
256 2 8 53 0.004095 22222222222222222222222222222222
256 2 8 54 0.004103 22222222222222222222222000000000
256 2 8 55 0.004076 22222222222222222222222222222222
256 2 8 56 0.003943 00000000000000000000000000000000
256 2 8 57 0.004100 20000000000000000000000000000000
256 2 8 58 0.004056 22222222222222222222222222000000
256 2 8 59 0.004051 00000000000000000000000000000000
256 2 8 60 0.004043 22222222222222222222222222222222
256 2 8 61 0.004320 22222222222222222222222222222222
256 2 8 62 0.004033 00000000000000000000000000000000
256 2 8 63 0.003996 22222222222222222222200000000000
256 2 8 64 0.003953 00000000000000000000000000000000
256 2 8 65 0.004021 00000000000000000000000000000000
256 2 8 66 0.004026 22220000000000000000000000000000
256 2 8 67 0.004055 00000000000000000000000000000000
256 2 8 68 0.003922 22222222222222222222222222222222
256 2 8 69 0.003914 22222222222222222222222222222222
256 2 8 70 0.003981 00000000000000000000000000000000
256 2 8 71 0.004129 00000000000000000000000000000000
256 2 8 72 0.003833 22222222222222222222222222222222
256 2 8 73 0.004113 22222222222222222222222222222222
256 2 8 74 0.003936 22222222222222222222222222222222
256 2 8 75 0.004074 22222222222220000000000000000000
256 2 8 76 0.003935 22222222222222222222222222222222
256 2 8 77 0.004022 22222222222222222222222222222222
256 2 8 78 0.003964 22222222222222222222222222222222
256 2 8 79 0.003917 22222222222200000000000000000000
256 2 8 80 0.004086 22222222222222200000000000000000
256 2 8 81 0.004123 22222222222222222222222222222222
256 2 8 82 0.004177 22222222222222222222222222222222
256 2 8 83 0.003765 22222222222222222222222222222222
256 2 8 84 0.003966 00000000000000000000000000000000
256 2 8 85 0.004027 22222222222222222222222222222222
256 2 8 86 0.004045 22222222222222222222222222222222
256 2 8 87 0.004052 20000000000000000000000000000000
256 2 8 88 0.004033 22222222222222222222222222222222
256 2 8 89 0.004261 22222222222222222222222222222222
256 2 8 90 0.004140 22222222222222222222222222222222
256 2 8 91 0.004080 22222222222222222222222222222200
256 2 8 92 0.003919 22220000000000000000000000000000
256 2 8 93 0.004120 22222222222222222222222222222222
256 2 8 94 0.004307 00000000000000000000000000000000
256 2 8 95 0.004134 22222222222222222222222222222222
256 2 8 96 0.004051 22222222222222222222222222000000
256 2 8 97 0.004116 00000000000000000000000000000000
256 2 8 98 0.004085 22222222222222222222222222222222
256 2 8 99 0.004085 22222222222222222222222222222222
256 2 16 0 0.004145 2222222222222222
256 2 16 1 0.003918 2222000000000000
256 2 16 2 0.003877 2222222222222200
256 2 16 3 0.003845 2000000000000000
256 2 16 4 0.004158 0000000000000000
256 2 16 5 0.003857 2222222222222222
256 2 16 6 0.004046 2222222222222222
256 2 16 7 0.004055 2222222222222222
256 2 16 8 0.004031 0000000000000000
256 2 16 9 0.004032 2222222222000000
256 2 16 10 0.003891 2222222200000000
256 2 16 11 0.004049 0000000000000000
256 2 16 12 0.003823 0000000000000000
256 2 16 13 0.003901 2222222222222220
256 2 16 14 0.003997 2222222222222222
256 2 16 15 0.003922 2222222222222222
256 2 16 16 0.003867 2222222000000000
256 2 16 17 0.003871 2222220000000000
256 2 16 18 0.004178 0000000000000000
256 2 16 19 0.004020 2222000000000000
256 2 16 20 0.004026 0000000000000000
256 2 16 21 0.004034 2222222222222222
256 2 16 22 0.004028 2222222222222222
256 2 16 23 0.003990 2222222222222222
256 2 16 24 0.004131 2222222222222222
256 2 16 25 0.003928 2222222222222200
256 2 16 26 0.003951 2222222222222222
256 2 16 27 0.003762 2222200000000000
256 2 16 28 0.004052 0000000000000000
256 2 16 29 0.003902 2222222222222222
256 2 16 30 0.003996 2222222222222222
256 2 16 31 0.003993 2000000000000000
256 2 16 32 0.004129 2222222222222222
256 2 16 33 0.004052 0000000000000000
256 2 16 34 0.003993 2222222222222222
256 2 16 35 0.003966 2222222222222222
256 2 16 36 0.003932 2222222222222222
256 2 16 37 0.003928 2222222222222222
256 2 16 38 0.003892 0000000000000000
256 2 16 39 0.003853 0000000000000000
256 2 16 40 0.003979 2222222222222200
256 2 16 41 0.003920 2222222222222222
256 2 16 42 0.004003 0000000000000000
256 2 16 43 0.003827 2200000000000000
256 2 16 44 0.003896 2222222222222222
256 2 16 45 0.004100 0000000000000000
256 2 16 46 0.003924 2222222222222222
256 2 16 47 0.004075 2222222222222222
256 2 16 48 0.004023 2222222222222222
256 2 16 49 0.003721 2222222222222000
256 2 16 50 0.003930 2222200000000000
256 2 16 51 0.003758 0000000000000000
256 2 16 52 0.004030 2222222222222200
256 2 16 53 0.004045 2222222222222222
256 2 16 54 0.004009 2222222222200000
256 2 16 55 0.003928 2222222222222222
256 2 16 56 0.003861 0000000000000000
256 2 16 57 0.003984 0000000000000000
256 2 16 58 0.003924 2222222222222000
256 2 16 59 0.004002 0000000000000000
256 2 16 60 0.003931 2222222222222222
256 2 16 61 0.004015 2222222222222222
256 2 16 62 0.003952 0000000000000000
256 2 16 63 0.003901 2222222222000000
256 2 16 64 0.003863 0000000000000000
256 2 16 65 0.003945 0000000000000000
256 2 16 66 0.003913 2200000000000000
256 2 16 67 0.003946 0000000000000000
256 2 16 68 0.003814 2222222222222222
256 2 16 69 0.003774 2222222222222222
256 2 16 70 0.003865 0000000000000000
256 2 16 71 0.004022 0000000000000000
256 2 16 72 0.003768 2222222222222222
256 2 16 73 0.003958 2222222222222222
256 2 16 74 0.003806 2222222222222222
256 2 16 75 0.003951 2222220000000000
256 2 16 76 0.003870 2222222222222222
256 2 16 77 0.003811 2222222222222222
256 2 16 78 0.003884 2222222222222222
256 2 16 79 0.003876 2222220000000000
256 2 16 80 0.003930 2222222000000000
256 2 16 81 0.003996 2222222222222222
256 2 16 82 0.003988 2222222222222222
256 2 16 83 0.003653 2222222222222222
256 2 16 84 0.003869 0000000000000000
256 2 16 85 0.003982 2222222222222222
256 2 16 86 0.003959 2222222222222222
256 2 16 87 0.003909 0000000000000000
256 2 16 88 0.004023 2222222222222222
256 2 16 89 0.004030 2222222222222222
256 2 16 90 0.003999 2222222222222222
256 2 16 91 0.004007 2222222222222220
256 2 16 92 0.003802 2200000000000000
256 2 16 93 0.004510 2222222222222222
256 2 16 94 0.003992 0000000000000000
256 2 16 95 0.003987 2222222222222222
256 2 16 96 0.004009 2222222222222000
256 2 16 97 0.003968 0000000000000000
256 2 16 98 0.003986 2222222222222222
256 2 16 99 0.004035 2222222222222222
256 2 32 0 0.004179 22222222
256 2 32 1 0.003946 22000000
256 2 32 2 0.003920 22222220
256 2 32 3 0.003912 00000000
256 2 32 4 0.004180 00000000
256 2 32 5 0.003880 22222222
256 2 32 6 0.004081 22222222
256 2 32 7 0.004091 22222222
256 2 32 8 0.004010 00000000
256 2 32 9 0.004134 22222000
256 2 32 10 0.003940 22220000
256 2 32 11 0.004074 00000000
256 2 32 12 0.003868 00000000
256 2 32 13 0.003891 22222220
256 2 32 14 0.004032 22222222
256 2 32 15 0.003952 22222222
256 2 32 16 0.003944 22200000
256 2 32 17 0.003870 22200000
256 2 32 18 0.004226 00000000
256 2 32 19 0.004118 22000000
256 2 32 20 0.004010 00000000
256 2 32 21 0.004049 22222222
256 2 32 22 0.004122 22222222
256 2 32 23 0.004054 22222222
256 2 32 24 0.004000 22222222
256 2 32 25 0.003910 22222220
256 2 32 26 0.003971 22222222
256 2 32 27 0.003800 22000000
256 2 32 28 0.004083 00000000
256 2 32 29 0.003930 22222222
256 2 32 30 0.004126 22222222
256 2 32 31 0.004078 00000000
256 2 32 32 0.004113 22222222
256 2 32 33 0.004081 00000000
256 2 32 34 0.004049 22222222
256 2 32 35 0.004015 22222222
256 2 32 36 0.003949 22222222
256 2 32 37 0.003932 22222222
256 2 32 38 0.003920 00000000
256 2 32 39 0.003946 00000000
256 2 32 40 0.003981 22222220
256 2 32 41 0.003948 22222222
256 2 32 42 0.004043 00000000
256 2 32 43 0.003845 20000000
256 2 32 44 0.003999 22222222
256 2 32 45 0.004039 00000000
256 2 32 46 0.003952 22222222
256 2 32 47 0.004149 22222222
256 2 32 48 0.003984 22222222
256 2 32 49 0.003762 22222200
256 2 32 50 0.003959 22000000
256 2 32 51 0.003858 00000000
256 2 32 52 0.004021 22222220
256 2 32 53 0.004021 22222222
256 2 32 54 0.004018 22222000
256 2 32 55 0.003986 22222222
256 2 32 56 0.003878 00000000
256 2 32 57 0.004002 00000000
256 2 32 58 0.003994 22222200
256 2 32 59 0.004060 00000000
256 2 32 60 0.003953 22222222
256 2 32 61 0.004101 22222222
256 2 32 62 0.004009 00000000
256 2 32 63 0.003875 22222000
256 2 32 64 0.003940 00000000
256 2 32 65 0.003959 00000000
256 2 32 66 0.003958 20000000
256 2 32 67 0.003976 00000000
256 2 32 68 0.003889 22222222
256 2 32 69 0.003805 22222222
256 2 32 70 0.003892 00000000
256 2 32 71 0.004080 00000000
256 2 32 72 0.003841 22222222
256 2 32 73 0.003959 22222222
256 2 32 74 0.003899 22222222
256 2 32 75 0.003994 22200000
256 2 32 76 0.003874 22222222
256 2 32 77 0.003886 22222222
256 2 32 78 0.003913 22222222
256 2 32 79 0.003893 22200000
256 2 32 80 0.003963 22200000
256 2 32 81 0.004019 22222222
256 2 32 82 0.004072 22222222
256 2 32 83 0.003731 22222222
256 2 32 84 0.003912 00000000
256 2 32 85 0.003881 22222222
256 2 32 86 0.003969 22222222
256 2 32 87 0.003955 00000000
256 2 32 88 0.004123 22222222
256 2 32 89 0.004067 22222222
256 2 32 90 0.004225 22222222
256 2 32 91 0.004110 22222220
256 2 32 92 0.003794 20000000
256 2 32 93 0.003975 22222222
256 2 32 94 0.004040 00000000
256 2 32 95 0.004058 22222222
256 2 32 96 0.003989 22222200
256 2 32 97 0.003973 00000000
256 2 32 98 0.004034 22222222
256 2 32 99 0.004034 22222222
256 4 8 0 0.007309 22222222222222222222222222222222
256 4 8 1 0.006255 22222222222222222222222222222222
256 4 8 2 0.006650 22222222222222222222222222222222
256 4 8 3 0.006382 22222222222222222222222222222222
256 4 8 4 0.007454 00000000000000000000000000000000
256 4 8 5 0.006367 22222222222222222222222222222222
256 4 8 6 0.006807 22222222222222222222222222222222
256 4 8 7 0.006649 22222222222222222222222222222222
256 4 8 8 0.006814 00000000000000000000000000000000
256 4 8 9 0.006804 22222222222222222222222222222222
256 4 8 10 0.006555 22222222222222222222222222222222
256 4 8 11 0.006665 22222222222222222222222222222222
256 4 8 12 0.006238 00000000000000000000000000000000
256 4 8 13 0.006220 22222222222222222222222222222222
256 4 8 14 0.007027 22222222222222222222222222222222
256 4 8 15 0.006519 22222222222222222222222222222222
256 4 8 16 0.006153 22222222222222222222222222222222
256 4 8 17 0.006303 22222222222222222222222222222222
256 4 8 18 0.007228 00000000000000000000000000000000
256 4 8 19 0.006781 22222222222222222222222222222222
256 4 8 20 0.006624 00000000000000000000000000000000
256 4 8 21 0.006739 22222222222222222222222222222222
256 4 8 22 0.006989 22222222222222222222222222222222
256 4 8 23 0.006836 22222222222222222222222222222222
256 4 8 24 0.006549 22222222222222222222222222222222
256 4 8 25 0.006301 22222222222222222222222222222222
256 4 8 26 0.006635 22222222222222222222222222222222
256 4 8 27 0.006030 22222222222222222222222222222222
256 4 8 28 0.006717 00000000000000000000000000000000
256 4 8 29 0.006304 22222222222222222222222222222222
256 4 8 30 0.006775 22222222222222222222222222222222
256 4 8 31 0.006737 22222222222222222222222222222222
256 4 8 32 0.006924 22222222222222222222222222222222
256 4 8 33 0.006786 00000000000000000000000000000000
256 4 8 34 0.006685 22222222222222222222222222222222
256 4 8 35 0.006774 22222222222222222222222222222222
256 4 8 36 0.006514 22222222222222222222222222222222
256 4 8 37 0.006354 12222222222222222222222222222222
256 4 8 38 0.006552 00000000000000000000000000000000
256 4 8 39 0.006315 00000000000000000000000000000000
256 4 8 40 0.006611 22222222222222222222222222222222
256 4 8 41 0.006428 22222222222222222222222222222222
256 4 8 42 0.006941 00000000000000000000000000000000
256 4 8 43 0.005963 22222222222222222222222222222222
256 4 8 44 0.006329 22222222222222222222222222222222
256 4 8 45 0.006679 00000000000000000000000000000000
256 4 8 46 0.006702 12222222222222222222222222222222
256 4 8 47 0.007443 22222222222222222222222222222222
256 4 8 48 0.006645 22222222222222222222222222222222
256 4 8 49 0.006071 22222222222222222222222222222222
256 4 8 50 0.006420 22222222222222222222222222222222
256 4 8 51 0.006109 00000000000000000000000000000000
256 4 8 52 0.006620 22222222222222222222222222222222
256 4 8 53 0.006586 22222222222222222222222222222222
256 4 8 54 0.006685 22222222222222222222222222222222
256 4 8 55 0.006590 22222222222222222222222222222222
256 4 8 56 0.006145 00000000000000000000000000000000
256 4 8 57 0.006514 22222222222222222222222222222222
256 4 8 58 0.006517 22222222222222222222222222222222
256 4 8 59 0.006656 00000000000000000000000000000000
256 4 8 60 0.006495 22222222222222222222222222222222
256 4 8 61 0.006716 22222222222222222222222222222222
256 4 8 62 0.006536 00000000000000000000000000000000
256 4 8 63 0.006351 22222222222222222222222222222222
256 4 8 64 0.006257 22222222222222222222222222222222
256 4 8 65 0.006486 00000000000000000000000000000000
256 4 8 66 0.006552 22222222222222222222222222222222
256 4 8 67 0.006395 00000000000000000000000000000000
256 4 8 68 0.006074 22222222222222222222222222222222
256 4 8 69 0.006114 22222222222222222222222222222222
256 4 8 70 0.006283 00000000000000000000000000000000
256 4 8 71 0.006879 00000000000000000000000000000000
256 4 8 72 0.005967 22222222222222222222222222222222
256 4 8 73 0.006464 22222222222222222222222222222222
256 4 8 74 0.006056 22222222222222222222222222222222
256 4 8 75 0.006572 22222222222222222222222222222222
256 4 8 76 0.006320 22222222222222222222222222222222
256 4 8 77 0.006077 22222222222222222222222222222222
256 4 8 78 0.006319 22222222222222222222222222222222
256 4 8 79 0.006370 22222222222222222222222222222222
256 4 8 80 0.006536 22222222222222222222222222222222
256 4 8 81 0.006663 22222222222222222222222222222222
256 4 8 82 0.006814 22222222222222222222222222222222
256 4 8 83 0.005722 22222222222222222222222222222222
256 4 8 84 0.006195 00000000000000000000000000000000
256 4 8 85 0.006445 22222222222222222222222222222222
256 4 8 86 0.006708 22222222222222222222222222222222
256 4 8 87 0.006342 22222222222222222222222222222222
256 4 8 88 0.006448 22222222222222222222222222222222
256 4 8 89 0.006730 22222222222222222222222222222222
256 4 8 90 0.006878 22222222222222222222222222222222
256 4 8 91 0.006715 22222222222222222222222222222222
256 4 8 92 0.006062 22222222222222222222222222222222
256 4 8 93 0.006755 22222222222222222222222222222222
256 4 8 94 0.006648 00000000000000000000000000000000
256 4 8 95 0.006807 22222222222222222222222222222222
256 4 8 96 0.006598 22222222222222222222222222222222
256 4 8 97 0.006382 00000000000000000000000000000000
256 4 8 98 0.006644 22222222222222222222222222222222
256 4 8 99 0.006811 22222222222222222222222222222222
256 4 16 0 0.007031 2222222222222222
256 4 16 1 0.006280 2222222222222222
256 4 16 2 0.006897 2222222222222222
256 4 16 3 0.006323 2222222222222222
256 4 16 4 0.007067 0000000000000000
256 4 16 5 0.006063 2222222222222222
256 4 16 6 0.006738 2222222222222222
256 4 16 7 0.006491 2222222222222222
256 4 16 8 0.006610 0000000000000000
256 4 16 9 0.006570 2222222222222222
256 4 16 10 0.006335 2222222222222222
256 4 16 11 0.006535 2222222222222222
256 4 16 12 0.006204 0000000000000000
256 4 16 13 0.006113 2222222222222222
256 4 16 14 0.006619 2222222222222222
256 4 16 15 0.006447 2222222222222222
256 4 16 16 0.005948 2222222222222222
256 4 16 17 0.006077 2222222222222222
256 4 16 18 0.007106 0000000000000000
256 4 16 19 0.006692 2222222222222222
256 4 16 20 0.006515 0000000000000000
256 4 16 21 0.006526 2222222222222222
256 4 16 22 0.006934 2222222222222222
256 4 16 23 0.006485 2222222222222222
256 4 16 24 0.006376 2222222222222222
256 4 16 25 0.006106 2222222222222222
256 4 16 26 0.006494 2222222222222222
256 4 16 27 0.005850 2222222222222222
256 4 16 28 0.006606 0000000000000000
256 4 16 29 0.006196 2222222222222222
256 4 16 30 0.006553 2222222222222222
256 4 16 31 0.006521 2222222222222222
256 4 16 32 0.006777 2222222222222222
256 4 16 33 0.006719 0000000000000000
256 4 16 34 0.006540 2222222222222222
256 4 16 35 0.006530 2222222222222222
256 4 16 36 0.006153 2222222222222222
256 4 16 37 0.006282 2222222222222222
256 4 16 38 0.006258 0000000000000000
256 4 16 39 0.006101 0000000000000000
256 4 16 40 0.006454 2222222222222222
256 4 16 41 0.006257 2222222222222222
256 4 16 42 0.006623 0000000000000000
256 4 16 43 0.005792 2222222222222222
256 4 16 44 0.006213 2222222222222222
256 4 16 45 0.006448 0000000000000000
256 4 16 46 0.006381 2222222222222222
256 4 16 47 0.006958 2222222222222222
256 4 16 48 0.006434 2222222222222222
256 4 16 49 0.006009 2222222222222222
256 4 16 50 0.006255 2222222222222222
256 4 16 51 0.006043 0000000000000000
256 4 16 52 0.006375 2222222222222222
256 4 16 53 0.006372 2222222222222222
256 4 16 54 0.006620 2222222222222222
256 4 16 55 0.006431 2222222222222222
256 4 16 56 0.006013 0000000000000000
256 4 16 57 0.006948 2222222222222222
256 4 16 58 0.006253 2222222222222222
256 4 16 59 0.006352 0000000000000000
256 4 16 60 0.006307 2222222222222222
256 4 16 61 0.006560 2222222222222222
256 4 16 62 0.006464 0000000000000000
256 4 16 63 0.006040 2222222222222222
256 4 16 64 0.006143 0000000000000000
256 4 16 65 0.006210 0000000000000000
256 4 16 66 0.006273 2222222222222222
256 4 16 67 0.006045 0000000000000000
256 4 16 68 0.005922 2222222222222222
256 4 16 69 0.005892 2222222222222222
256 4 16 70 0.006187 0000000000000000
256 4 16 71 0.006753 0000000000000000
256 4 16 72 0.005831 2222222222222222
256 4 16 73 0.006375 2222222222222222
256 4 16 74 0.005829 2222222222222222
256 4 16 75 0.006471 2222222222222222
256 4 16 76 0.006232 2222222222222222
256 4 16 77 0.006012 2222222222222222
256 4 16 78 0.006172 2222222222222222
256 4 16 79 0.006343 2222222222222222
256 4 16 80 0.006277 2222222222222222
256 4 16 81 0.006701 2222222222222222
256 4 16 82 0.006532 2222222222222222
256 4 16 83 0.005507 2222222222222222
256 4 16 84 0.006048 0000000000000000
256 4 16 85 0.006187 2222222222222222
256 4 16 86 0.006582 2222222222222222
256 4 16 87 0.006120 2222222222222222
256 4 16 88 0.006389 2222222222222222
256 4 16 89 0.006501 2222222222222222
256 4 16 90 0.006799 2222222222222222
256 4 16 91 0.006537 2222222222222222
256 4 16 92 0.006053 2222222222222222
256 4 16 93 0.006562 2222222222222222
256 4 16 94 0.006613 0000000000000000
256 4 16 95 0.006385 2222222222222222
256 4 16 96 0.006562 2222222222222222
256 4 16 97 0.006209 0000000000000000
256 4 16 98 0.006518 2222222222222222
256 4 16 99 0.006618 2222222222222222
256 4 32 0 0.007271 22222222
256 4 32 1 0.006408 22222222
256 4 32 2 0.006533 22222222
256 4 32 3 0.006354 22222222
256 4 32 4 0.007313 00000000
256 4 32 5 0.006170 22222222
256 4 32 6 0.006813 22222222
256 4 32 7 0.006626 22222222
256 4 32 8 0.006747 00000000
256 4 32 9 0.006754 22222222
256 4 32 10 0.006437 22222222
256 4 32 11 0.006595 22222222
256 4 32 12 0.006222 00000000
256 4 32 13 0.006840 22222222
256 4 32 14 0.006765 22222222
256 4 32 15 0.006486 22222222
256 4 32 16 0.006069 22222222
256 4 32 17 0.006224 22222222
256 4 32 18 0.007121 00000000
256 4 32 19 0.006968 22222222
256 4 32 20 0.006381 00000000
256 4 32 21 0.006830 22222222
256 4 32 22 0.006823 22222222
256 4 32 23 0.006670 22222222
256 4 32 24 0.006457 22222222
256 4 32 25 0.006221 22222222
256 4 32 26 0.006805 22222222
256 4 32 27 0.006089 22222222
256 4 32 28 0.006752 00000000
256 4 32 29 0.006257 22222222
256 4 32 30 0.006821 22222222
256 4 32 31 0.006692 22222222
256 4 32 32 0.006881 22222222
256 4 32 33 0.006758 00000000
256 4 32 34 0.006522 22222222
256 4 32 35 0.006859 22222222
256 4 32 36 0.006274 22222222
256 4 32 37 0.006359 22222222
256 4 32 38 0.006424 00000000
256 4 32 39 0.006239 00000000
256 4 32 40 0.006545 22222222
256 4 32 41 0.006459 22222222
256 4 32 42 0.006875 00000000
256 4 32 43 0.005858 22222222
256 4 32 44 0.006160 22222222
256 4 32 45 0.006581 00000000
256 4 32 46 0.006657 22222222
256 4 32 47 0.007006 22222222
256 4 32 48 0.006557 22222222
256 4 32 49 0.005992 22222222
256 4 32 50 0.006446 22222222
256 4 32 51 0.006100 00000000
256 4 32 52 0.006566 22222222
256 4 32 53 0.006577 22222222
256 4 32 54 0.006739 22222222
256 4 32 55 0.006640 22222222
256 4 32 56 0.006102 00000000
256 4 32 57 0.006594 22222222
256 4 32 58 0.006309 22222222
256 4 32 59 0.006540 00000000
256 4 32 60 0.006515 22222222
256 4 32 61 0.006794 22222222
256 4 32 62 0.006470 00000000
256 4 32 63 0.006268 22222222
256 4 32 64 0.006288 00000000
256 4 32 65 0.006276 00000000
256 4 32 66 0.006561 22222222
256 4 32 67 0.006288 00000000
256 4 32 68 0.006017 22222222
256 4 32 69 0.006134 22222222
256 4 32 70 0.006261 00000000
256 4 32 71 0.006792 00000000
256 4 32 72 0.005974 22222222
256 4 32 73 0.006636 22222222
256 4 32 74 0.005975 22222222
256 4 32 75 0.006554 22222222
256 4 32 76 0.006333 22222222
256 4 32 77 0.006117 22222222
256 4 32 78 0.006408 22222222
256 4 32 79 0.006307 22222222
256 4 32 80 0.006443 22222222
256 4 32 81 0.006748 22222222
256 4 32 82 0.006643 22222222
256 4 32 83 0.005640 22222222
256 4 32 84 0.006166 00000000
256 4 32 85 0.006239 22222222
256 4 32 86 0.006740 22222222
256 4 32 87 0.006317 22222222
256 4 32 88 0.006417 22222222
256 4 32 89 0.006710 22222222
256 4 32 90 0.006767 22222222
256 4 32 91 0.006818 22222222
256 4 32 92 0.006077 22222222
256 4 32 93 0.006694 22222222
256 4 32 94 0.006573 00000000
256 4 32 95 0.006599 22222222
256 4 32 96 0.006590 22222222
256 4 32 97 0.006478 00000000
256 4 32 98 0.006608 22222222
256 4 32 99 0.006751 22222222
256 8 16 0 0.016060 2222222222222222
256 8 16 1 0.013621 2222222222222222
256 8 16 2 0.014305 2222222222222222
256 8 16 3 0.013760 2222222222222222
256 8 16 4 0.018697 0000000000000000
256 8 16 5 0.012925 2222222222222222
256 8 16 6 0.014755 2222222222222222
256 8 16 7 0.015418 2222222222222222
256 8 16 8 0.015377 0000000000000000
256 8 16 9 0.015144 2222222222222222
256 8 16 10 0.013790 2222222222222222
256 8 16 11 0.015431 2222222222222222
256 8 16 12 0.013481 0000000000000000
256 8 16 13 0.013355 2222222222222222
256 8 16 14 0.015484 2222222222222222
256 8 16 15 0.014308 2222222222222222
256 8 16 16 0.012948 2222222222222222
256 8 16 17 0.013436 2222222222222222
256 8 16 18 0.016738 0000000000000000
256 8 16 19 0.015246 2222222222222222
256 8 16 20 0.013782 0000000000000000
256 8 16 21 0.014676 2222222222222222
256 8 16 22 0.015459 2222222222222222
256 8 16 23 0.014651 2222222222222222
256 8 16 24 0.014426 2222222222222222
256 8 16 25 0.013624 2222222222222222
256 8 16 26 0.015184 2222222222222222
256 8 16 27 0.012908 2222222222222222
256 8 16 28 0.015088 0000000000000000
256 8 16 29 0.013083 2222222222222222
256 8 16 30 0.014361 2222222222222222
256 8 16 31 0.015040 2222222222222222
256 8 16 32 0.015911 2222222222222222
256 8 16 33 0.016070 0000000000000000
256 8 16 34 0.014955 2222222222222222
256 8 16 35 0.015738 2222222222222222
256 8 16 36 0.013772 2222222222222222
256 8 16 37 0.013487 2222222222222222
256 8 16 38 0.014534 0000000000000000
256 8 16 39 0.013820 0000000000000000
256 8 16 40 0.015910 2222222222222222
256 8 16 41 0.013507 2222222222222222
256 8 16 42 0.014696 0000000000000000
256 8 16 43 0.012381 2222222222222222
256 8 16 44 0.012999 2222222222222222
256 8 16 45 0.014424 0000000000000000
256 8 16 46 0.015009 2222222222222222
256 8 16 47 0.015816 2222222222222222
256 8 16 48 0.013913 2222222222222222
256 8 16 49 0.012710 2222222222222222
256 8 16 50 0.014390 2222222222222222
256 8 16 51 0.013457 0000000000000000
256 8 16 52 0.014600 2222222222222222
256 8 16 53 0.014454 2222222222222222
256 8 16 54 0.014142 2222222222222222
256 8 16 55 0.014867 2222222222222222
256 8 16 56 0.012901 0000000000000000
256 8 16 57 0.014302 2222222222222222
256 8 16 58 0.014413 2222222222222222
256 8 16 59 0.014023 0000000000000000
256 8 16 60 0.014492 2222222222222222
256 8 16 61 0.015254 2222222222222222
256 8 16 62 0.014505 0000000000000000
256 8 16 63 0.013634 2222222222222222
256 8 16 64 0.013348 2222222222222222
256 8 16 65 0.013286 0000000000000000
256 8 16 66 0.014834 2222222222222222
256 8 16 67 0.013038 0000000000000000
256 8 16 68 0.013338 2222222222222222
256 8 16 69 0.012733 2222222222222222
256 8 16 70 0.014283 0000000000000000
256 8 16 71 0.015010 0000000000000000
256 8 16 72 0.012447 2222222222222222
256 8 16 73 0.014099 2222222222222222
256 8 16 74 0.012644 2222222222222222
256 8 16 75 0.014488 2222222222222222
256 8 16 76 0.013944 2222222222222222
256 8 16 77 0.013122 2222222222222222
256 8 16 78 0.013676 2222222222222222
256 8 16 79 0.013835 2222222222222222
256 8 16 80 0.013701 2222222222222222
256 8 16 81 0.015552 2222222222222222
256 8 16 82 0.015035 2222222222222222
256 8 16 83 0.010806 2222222222222222
256 8 16 84 0.012923 0000000000000000
256 8 16 85 0.013319 2222222222222222
256 8 16 86 0.014612 2222222222222222
256 8 16 87 0.014229 2222222222222222
256 8 16 88 0.014023 2222222222222222
256 8 16 89 0.014853 2222222222222222
256 8 16 90 0.015127 2222222222222222
256 8 16 91 0.015257 2222222222222222
256 8 16 92 0.013070 2222222222222222
256 8 16 93 0.015191 2222222222222222
256 8 16 94 0.014403 0000000000000000
256 8 16 95 0.014679 2222222222222222
256 8 16 96 0.014593 2222222222222222
256 8 16 97 0.014029 0000000000000000
256 8 16 98 0.014435 2222222222222222
256 8 16 99 0.014352 2222222222222222
256 8 32 0 0.016774 22222222
256 8 32 1 0.013582 22222222
256 8 32 2 0.014251 22222222
256 8 32 3 0.013971 22222222
256 8 32 4 0.017525 00000000
256 8 32 5 0.013325 22222222
256 8 32 6 0.014801 22222222
256 8 32 7 0.015108 22222222
256 8 32 8 0.015536 00000000
256 8 32 9 0.015493 22222222
256 8 32 10 0.014706 22222222
256 8 32 11 0.015318 22222222
256 8 32 12 0.014335 00000000
256 8 32 13 0.013674 22222222
256 8 32 14 0.015342 22222222
256 8 32 15 0.014709 22222222
256 8 32 16 0.013022 22222222
256 8 32 17 0.013746 22222222
256 8 32 18 0.016860 00000000
256 8 32 19 0.015303 22222222
256 8 32 20 0.014064 00000000
256 8 32 21 0.014716 22222222
256 8 32 22 0.015770 22222222
256 8 32 23 0.014783 22222222
256 8 32 24 0.014346 22222222
256 8 32 25 0.013752 22222222
256 8 32 26 0.015085 22222222
256 8 32 27 0.013038 22222222
256 8 32 28 0.014977 00000000
256 8 32 29 0.013713 22222222
256 8 32 30 0.014962 22222222
256 8 32 31 0.014923 22222222
256 8 32 32 0.015362 22222222
256 8 32 33 0.015769 00000000
256 8 32 34 0.014797 22222222
256 8 32 35 0.015934 22222222
256 8 32 36 0.013649 22222222
256 8 32 37 0.014621 22222222
256 8 32 38 0.014444 00000000
256 8 32 39 0.013925 00000000
256 8 32 40 0.014841 22222222
256 8 32 41 0.013783 22222222
256 8 32 42 0.016148 00000000
256 8 32 43 0.012517 22222222
256 8 32 44 0.013554 22222222
256 8 32 45 0.015083 00000000
256 8 32 46 0.014417 22222222
256 8 32 47 0.016094 22222222
256 8 32 48 0.014498 22222222
256 8 32 49 0.013086 22222222
256 8 32 50 0.014186 22222222
256 8 32 51 0.013340 00000000
256 8 32 52 0.014855 22222222
256 8 32 53 0.014538 22222222
256 8 32 54 0.014332 22222222
256 8 32 55 0.014939 22222222
256 8 32 56 0.013208 00000000
256 8 32 57 0.014316 22222222
256 8 32 58 0.015212 22222222
256 8 32 59 0.014193 00000000
256 8 32 60 0.014444 22222222
256 8 32 61 0.015415 22222222
256 8 32 62 0.015271 00000000
256 8 32 63 0.014062 22222222
256 8 32 64 0.013981 22222222
256 8 32 65 0.014490 00000000
256 8 32 66 0.014593 22222222
256 8 32 67 0.013189 00000000
256 8 32 68 0.013078 22222222
256 8 32 69 0.013546 22222222
256 8 32 70 0.013611 00000000
256 8 32 71 0.015598 00000000
256 8 32 72 0.012872 22222222
256 8 32 73 0.015266 22222222
256 8 32 74 0.012567 22222222
256 8 32 75 0.014589 22222222
256 8 32 76 0.013785 22222222
256 8 32 77 0.013098 22222222
256 8 32 78 0.013863 22222222
256 8 32 79 0.013304 22222222
256 8 32 80 0.014009 22222222
256 8 32 81 0.015632 22222222
256 8 32 82 0.015398 22222222
256 8 32 83 0.011303 22222222
256 8 32 84 0.013050 00000000
256 8 32 85 0.013558 22222222
256 8 32 86 0.015161 22222222
256 8 32 87 0.014264 22222222
256 8 32 88 0.013959 22222222
256 8 32 89 0.014564 22222222
256 8 32 90 0.016531 22222222
256 8 32 91 0.015368 22222222
256 8 32 92 0.012754 22222222
256 8 32 93 0.014964 22222222
256 8 32 94 0.015260 00000000
256 8 32 95 0.014605 22222222
256 8 32 96 0.014572 22222222
256 8 32 97 0.014258 00000000
256 8 32 98 0.014777 22222222
256 8 32 99 0.014796 22222222
512 2 4 0 0.008158 12222222222222222222222222222222222222222222222222222222222222222222222222222222000000000000000000000000000000000000000000000000
512 2 4 1 0.008424 22222222222222222222222222222222222222222222222222222222222222222222222222222222222222222222222222222222222222222222222222222222
512 2 4 2 0.008452 12222222222222222222222222222222222222222222222222222222222222222222222222222222222222222222222222222222222222222222222222222222
512 2 4 3 0.008691 00000000000000000000000000000000000000000000000000000000000000000000000000000000000000000000000000000000000000000000000000000000
512 2 4 4 0.008252 22222222220000000000000000000000000000000000000000000000000000000000000000000000000000000000000000000000000000000000000000000000
512 2 4 5 0.008504 00000000000000000000000000000000000000000000000000000000000000000000000000000000000000000000000000000000000000000000000000000000
512 2 4 6 0.008294 12222222222222222222222222222222222222222222222222222200000000000000000000000000000000000000000000000000000000000000000000000000
512 2 4 7 0.008803 22222222222222222222222222222222220000000000000000000000000000000000000000000000000000000000000000000000000000000000000000000000
512 2 4 8 0.008639 00000000000000000000000000000000000000000000000000000000000000000000000000000000000000000000000000000000000000000000000000000000
512 2 4 9 0.008472 22222222222222222222222222222222222222222222222222222222222222222222222222222222222222222222222222222222222222222222222222222222
512 2 4 10 0.008651 12222222222222222220000000000000000000000000000000000000000000000000000000000000000000000000000000000000000000000000000000000000
512 2 4 11 0.008425 12222222222222222222222222222222222222222222222222222222222222222222222222222222222222222222222222222222222222222222000000000000
512 2 4 12 0.008347 00000000000000000000000000000000000000000000000000000000000000000000000000000000000000000000000000000000000000000000000000000000
512 2 4 13 0.008322 12222222222222222222222222222222222222222220000000000000000000000000000000000000000000000000000000000000000000000000000000000000
512 2 4 14 0.008533 22222222222222222222222222222222222222222222222222200000000000000000000000000000000000000000000000000000000000000000000000000000
512 2 4 15 0.008189 00000000000000000000000000000000000000000000000000000000000000000000000000000000000000000000000000000000000000000000000000000000
512 2 4 16 0.008488 12222222222222222222222222222222222222222222222222222222222222222222222222222222222222222222222222222222222222222222222222222222
512 2 4 17 0.008296 22222222222222222222222222222222222200000000000000000000000000000000000000000000000000000000000000000000000000000000000000000000
512 2 4 18 0.008273 12222222222222222222222222220000000000000000000000000000000000000000000000000000000000000000000000000000000000000000000000000000
512 2 4 19 0.008200 22222222222222222222222222000000000000000000000000000000000000000000000000000000000000000000000000000000000000000000000000000000
512 2 4 20 0.008497 22222222222222200000000000000000000000000000000000000000000000000000000000000000000000000000000000000000000000000000000000000000
512 2 4 21 0.008664 22222222222222222222222222222222222222222222222222222222222222222222222222222222222222222222222200000000000000000000000000000000
512 2 4 22 0.008671 12222222222222222222222222222222222222222222222222222222222222222222000000000000000000000000000000000000000000000000000000000000
512 2 4 23 0.008181 12222222220000000000000000000000000000000000000000000000000000000000000000000000000000000000000000000000000000000000000000000000
512 2 4 24 0.008559 00000000000000000000000000000000000000000000000000000000000000000000000000000000000000000000000000000000000000000000000000000000
512 2 4 25 0.008310 12222222222222222222222222222222222222222222222222222222222222222222222222222222222222222222222222222222222222222222222222222200
512 2 4 26 0.008501 22222222222222222222222222222222222222222222222222222222222222222222222222222222222222222222222222222222222222222222222222222222
512 2 4 27 0.008519 00000000000000000000000000000000000000000000000000000000000000000000000000000000000000000000000000000000000000000000000000000000
512 2 4 28 0.008380 22222222222222222222222222222000000000000000000000000000000000000000000000000000000000000000000000000000000000000000000000000000
512 2 4 29 0.008786 00000000000000000000000000000000000000000000000000000000000000000000000000000000000000000000000000000000000000000000000000000000
512 2 4 30 0.008149 12222222222222222222222222222222222222222222200000000000000000000000000000000000000000000000000000000000000000000000000000000000
512 2 4 31 0.008818 22222222222222222222222222222222222222222222222222222222222222222222222222222222222222222222222222222222222000000000000000000000
512 2 4 32 0.008591 22222222222222222222222222222222222222222222222222222222222222200000000000000000000000000000000000000000000000000000000000000000
512 2 4 33 0.008411 22222222222222222222222222222222222222222222222220000000000000000000000000000000000000000000000000000000000000000000000000000000
512 2 4 34 0.008518 00000000000000000000000000000000000000000000000000000000000000000000000000000000000000000000000000000000000000000000000000000000
512 2 4 35 0.008476 00000000000000000000000000000000000000000000000000000000000000000000000000000000000000000000000000000000000000000000000000000000
512 2 4 36 0.008571 00000000000000000000000000000000000000000000000000000000000000000000000000000000000000000000000000000000000000000000000000000000
512 2 4 37 0.008265 22222222222222222222222220000000000000000000000000000000000000000000000000000000000000000000000000000000000000000000000000000000
512 2 4 38 0.007998 22200000000000000000000000000000000000000000000000000000000000000000000000000000000000000000000000000000000000000000000000000000
512 2 4 39 0.008532 22222222222222222222222222222222222222222222222222222222222222222222222222222222222222222222222222222222222222222222222222222222
512 2 4 40 0.008265 12222222222222222222222222222222222222222222222222222222222222200000000000000000000000000000000000000000000000000000000000000000
512 2 4 41 0.008374 00000000000000000000000000000000000000000000000000000000000000000000000000000000000000000000000000000000000000000000000000000000
512 2 4 42 0.008542 00000000000000000000000000000000000000000000000000000000000000000000000000000000000000000000000000000000000000000000000000000000
512 2 4 43 0.008296 22222222222222222222222222222222222222222222222222222222222222222222222222222222222222222222222000000000000000000000000000000000
512 2 4 44 0.008771 00000000000000000000000000000000000000000000000000000000000000000000000000000000000000000000000000000000000000000000000000000000
512 2 4 45 0.008437 00000000000000000000000000000000000000000000000000000000000000000000000000000000000000000000000000000000000000000000000000000000
512 2 4 46 0.008534 22222222222222222222222222222222222222222222222222222222222222222222222222222222222222222222222222222222222222222222222222222222
512 2 4 47 0.008307 22222222222222222222222222222222222222222222222222222222000000000000000000000000000000000000000000000000000000000000000000000000
512 2 4 48 0.008599 22222222222222222222222222222222222222222000000000000000000000000000000000000000000000000000000000000000000000000000000000000000
512 2 4 49 0.008814 11222222222222222222222222200000000000000000000000000000000000000000000000000000000000000000000000000000000000000000000000000000
512 2 4 50 0.008328 12222222222222222222222222222222222000000000000000000000000000000000000000000000000000000000000000000000000000000000000000000000
512 2 4 51 0.008844 00000000000000000000000000000000000000000000000000000000000000000000000000000000000000000000000000000000000000000000000000000000
512 2 4 52 0.008652 22222222222200000000000000000000000000000000000000000000000000000000000000000000000000000000000000000000000000000000000000000000
512 2 4 53 0.008436 22222222222222222222222222222222222222222222222222222222222222222222222222222222222222222222222222222222222222222222222222222222
512 2 4 54 0.008744 22222222222222222222222222222222222222222222222222222222222200000000000000000000000000000000000000000000000000000000000000000000
512 2 4 55 0.008377 00000000000000000000000000000000000000000000000000000000000000000000000000000000000000000000000000000000000000000000000000000000
512 2 4 56 0.008309 12222222222222222222222222222222222222222222222222222222222222222222222222222222222222222222222222222222222222222222222222222222
512 2 4 57 0.008417 22222222000000000000000000000000000000000000000000000000000000000000000000000000000000000000000000000000000000000000000000000000
512 2 4 58 0.008365 22222222222222222222222222222222222222222222222222222222222222222222222222222222222222222222222222222222222200000000000000000000
512 2 4 59 0.008412 22222222222222222222222222222222222222222222222222222222222222222222222222222222222222222222222222222222222222222222222222222222
512 2 4 60 0.008374 22222222222222222222222222222222222222222222222222222222222222222222222222222222222222222222222222222222222222222222222222222222
512 2 4 61 0.008357 22222200000000000000000000000000000000000000000000000000000000000000000000000000000000000000000000000000000000000000000000000000
512 2 4 62 0.008438 00000000000000000000000000000000000000000000000000000000000000000000000000000000000000000000000000000000000000000000000000000000
512 2 4 63 0.008720 00000000000000000000000000000000000000000000000000000000000000000000000000000000000000000000000000000000000000000000000000000000
512 2 4 64 0.008647 22222222222222222222222222222222222222222222222222222222222222222222222222222222222222222222222222222222222222222222222222222222
512 2 4 65 0.008631 22222222222222222222222222222222222222222222222222222222222222222222222222222222222222222222222222222222222222222222222222222222
512 2 4 66 0.008416 22222222222222222222222222222222222222222222222222222222222222222222222222222222222222222222222222222222222222222222222222222222
512 2 4 67 0.008632 22222222222222222222222222222222222222222222222222222222222000000000000000000000000000000000000000000000000000000000000000000000
512 2 4 68 0.008274 22222222222222222222222000000000000000000000000000000000000000000000000000000000000000000000000000000000000000000000000000000000
512 2 4 69 0.008839 22222222222222222222222222222222222220000000000000000000000000000000000000000000000000000000000000000000000000000000000000000000
512 2 4 70 0.008409 22222222222222222222222222222222222222222222222222222222222222222222222222220000000000000000000000000000000000000000000000000000
512 2 4 71 0.008837 00000000000000000000000000000000000000000000000000000000000000000000000000000000000000000000000000000000000000000000000000000000
512 2 4 72 0.008776 22222222222222222222222222222000000000000000000000000000000000000000000000000000000000000000000000000000000000000000000000000000
512 2 4 73 0.008380 00000000000000000000000000000000000000000000000000000000000000000000000000000000000000000000000000000000000000000000000000000000
512 2 4 74 0.009036 22222222222222222222222222222222222222222222222222222222222222222222222222222200000000000000000000000000000000000000000000000000
512 2 4 75 0.008502 12222222222222222222222222222222222222222222222222222222222222222222222222222222222222222222222222222222222222222222222222222222
512 2 4 76 0.008386 22222222222222222222222222222222222222222222222222222222222222222222222222222222222222222222222222222222222222222222222222222222
512 2 4 77 0.008244 00000000000000000000000000000000000000000000000000000000000000000000000000000000000000000000000000000000000000000000000000000000
512 2 4 78 0.008451 22222222222220000000000000000000000000000000000000000000000000000000000000000000000000000000000000000000000000000000000000000000
512 2 4 79 0.008434 22222222222222222222222222222222222000000000000000000000000000000000000000000000000000000000000000000000000000000000000000000000
512 2 4 80 0.008358 12222222222222222222222222222222222222222222222222222222222222222220000000000000000000000000000000000000000000000000000000000000
512 2 4 81 0.008452 00000000000000000000000000000000000000000000000000000000000000000000000000000000000000000000000000000000000000000000000000000000
512 2 4 82 0.008393 12222222222222222222222222222222222222222222222222222222222222222222222222222222222222222222222222222222222222222222222222222222
512 2 4 83 0.008630 22222222222222220000000000000000000000000000000000000000000000000000000000000000000000000000000000000000000000000000000000000000
512 2 4 84 0.008703 22222222222222222222222222222222222222222222222222222222222222222222222222222222200000000000000000000000000000000000000000000000
512 2 4 85 0.008370 00000000000000000000000000000000000000000000000000000000000000000000000000000000000000000000000000000000000000000000000000000000
512 2 4 86 0.008482 22222222222222222222222222222222222222222222222222222222222222222222222222220000000000000000000000000000000000000000000000000000
512 2 4 87 0.008574 22222222222222222222222222222222222222222222222222222222222222222222222222222222222222222222222222222222222222222222222222222222
512 2 4 88 0.008543 22222222222222222222222222222222222222222222222222222222222222222222222222222222222222222222222222222222222222222222222222222222
512 2 4 89 0.008374 12222222222222222222222222222222222222222222200000000000000000000000000000000000000000000000000000000000000000000000000000000000
512 2 4 90 0.008891 12222222222222222222222222222222222222222222222222222222222222222222222222222222222222222222222222222222222222222222222222222222
512 2 4 91 0.008472 22222222222222222222222222222222222222222222222222222222222222222222222222222222222222222222222222222222222222222222222222222222
512 2 4 92 0.008441 22222222222222222222222222222222222222200000000000000000000000000000000000000000000000000000000000000000000000000000000000000000
512 2 4 93 0.008314 12222222222220000000000000000000000000000000000000000000000000000000000000000000000000000000000000000000000000000000000000000000
512 2 4 94 0.008394 00000000000000000000000000000000000000000000000000000000000000000000000000000000000000000000000000000000000000000000000000000000
512 2 4 95 0.008792 00000000000000000000000000000000000000000000000000000000000000000000000000000000000000000000000000000000000000000000000000000000
512 2 4 96 0.008251 22222222222222222222222222222222222200000000000000000000000000000000000000000000000000000000000000000000000000000000000000000000
512 2 4 97 0.008680 12222222222222222222222222222222222222222222222222222222220000000000000000000000000000000000000000000000000000000000000000000000
512 2 4 98 0.008383 00000000000000000000000000000000000000000000000000000000000000000000000000000000000000000000000000000000000000000000000000000000
512 2 4 99 0.008542 22222222222222222222222222222222222222222222222222222220000000000000000000000000000000000000000000000000000000000000000000000000
512 2 8 0 0.008208 2222222222222222222222222222222222222222000000000000000000000000
512 2 8 1 0.008104 2222222222222222222222222222222222222222222222222222222222222222
512 2 8 2 0.008719 2222222222222222222222222222222222222222222222222222222222222222
512 2 8 3 0.008076 0000000000000000000000000000000000000000000000000000000000000000
512 2 8 4 0.008230 2222200000000000000000000000000000000000000000000000000000000000
512 2 8 5 0.008038 0000000000000000000000000000000000000000000000000000000000000000
512 2 8 6 0.008337 2222222222222222222222222220000000000000000000000000000000000000
512 2 8 7 0.008035 2222222222222222200000000000000000000000000000000000000000000000
512 2 8 8 0.008435 0000000000000000000000000000000000000000000000000000000000000000
512 2 8 9 0.008203 2222222222222222222222222222222222222222222222222222222222222222
512 2 8 10 0.008552 2222222220000000000000000000000000000000000000000000000000000000
512 2 8 11 0.008200 2222222222222222222222222222222222222222222222222222222222000000
512 2 8 12 0.008309 0000000000000000000000000000000000000000000000000000000000000000
512 2 8 13 0.008198 2222222222222222222220000000000000000000000000000000000000000000
512 2 8 14 0.008469 2222222222222222222222222000000000000000000000000000000000000000
512 2 8 15 0.007919 0000000000000000000000000000000000000000000000000000000000000000
512 2 8 16 0.008231 2222222222222222222222222222222222222222222222222222222222222222
512 2 8 17 0.008337 2222222222222222220000000000000000000000000000000000000000000000
512 2 8 18 0.008038 2222222222222200000000000000000000000000000000000000000000000000
512 2 8 19 0.008184 2222222222222000000000000000000000000000000000000000000000000000
512 2 8 20 0.008250 2222222000000000000000000000000000000000000000000000000000000000
512 2 8 21 0.008463 2222222222222222222222222222222222222222222222220000000000000000
512 2 8 22 0.008286 2222222222222222222222222222222222000000000000000000000000000000
512 2 8 23 0.007962 2222200000000000000000000000000000000000000000000000000000000000
512 2 8 24 0.008376 0000000000000000000000000000000000000000000000000000000000000000
512 2 8 25 0.008019 2222222222222222222222222222222222222222222222222222222222222220
512 2 8 26 0.008082 2222222222222222222222222222222222222222222222222222222222222222
512 2 8 27 0.008540 0000000000000000000000000000000000000000000000000000000000000000
512 2 8 28 0.008076 2222222222222200000000000000000000000000000000000000000000000000
512 2 8 29 0.008063 0000000000000000000000000000000000000000000000000000000000000000
512 2 8 30 0.007954 2222222222222222222222000000000000000000000000000000000000000000
512 2 8 31 0.008132 2222222222222222222222222222222222222222222222222222200000000000
512 2 8 32 0.008577 2222222222222222222222222222222000000000000000000000000000000000
512 2 8 33 0.007874 2222222222222222222222220000000000000000000000000000000000000000
512 2 8 34 0.008109 0000000000000000000000000000000000000000000000000000000000000000
512 2 8 35 0.008315 0000000000000000000000000000000000000000000000000000000000000000
512 2 8 36 0.008213 0000000000000000000000000000000000000000000000000000000000000000
512 2 8 37 0.008324 2222222222220000000000000000000000000000000000000000000000000000
512 2 8 38 0.008099 2000000000000000000000000000000000000000000000000000000000000000
512 2 8 39 0.008195 2222222222222222222222222222222222222222222222222222222222222222
512 2 8 40 0.008068 2222222222222222222222222222222000000000000000000000000000000000
512 2 8 41 0.008119 0000000000000000000000000000000000000000000000000000000000000000
512 2 8 42 0.008245 0000000000000000000000000000000000000000000000000000000000000000
512 2 8 43 0.008442 2222222222222222222222222222222222222222222222200000000000000000
512 2 8 44 0.008486 0000000000000000000000000000000000000000000000000000000000000000
512 2 8 45 0.008409 0000000000000000000000000000000000000000000000000000000000000000
512 2 8 46 0.008311 2222222222222222222222222222222222222222222222222222222222222222
512 2 8 47 0.008018 2222222222222222222222222222000000000000000000000000000000000000
512 2 8 48 0.008645 2222222222222222222200000000000000000000000000000000000000000000
512 2 8 49 0.008067 1222222222222000000000000000000000000000000000000000000000000000
512 2 8 50 0.008455 2222222222222222200000000000000000000000000000000000000000000000
512 2 8 51 0.008031 0000000000000000000000000000000000000000000000000000000000000000
512 2 8 52 0.008235 2222220000000000000000000000000000000000000000000000000000000000
512 2 8 53 0.008378 2222222222222222222222222222222222222222222222222222222222222222
512 2 8 54 0.008054 2222222222222222222222222222220000000000000000000000000000000000
512 2 8 55 0.008364 0000000000000000000000000000000000000000000000000000000000000000
512 2 8 56 0.008007 2222222222222222222222222222222222222222222222222222222222222222
512 2 8 57 0.008779 2222000000000000000000000000000000000000000000000000000000000000
512 2 8 58 0.007961 2222222222222222222222222222222222222222222222222222220000000000
512 2 8 59 0.008137 2222222222222222222222222222222222222222222222222222222222222222
512 2 8 60 0.008068 2222000000000000000000000000000000000000000000000000000000000000
512 2 8 61 0.008006 2220000000000000000000000000000000000000000000000000000000000000
512 2 8 62 0.008161 0000000000000000000000000000000000000000000000000000000000000000
512 2 8 63 0.008120 0000000000000000000000000000000000000000000000000000000000000000
512 2 8 64 0.008672 2222222222222222222222222222222222222222222222222222222222222222
512 2 8 65 0.008272 2222222222222222222222222222222222222222222222222222222222222222
512 2 8 66 0.007990 2222222222222222222222222222222222222222222222222222222222222222
512 2 8 67 0.008312 2222222222222222222222222222200000000000000000000000000000000000
512 2 8 68 0.008092 2222222222200000000000000000000000000000000000000000000000000000
512 2 8 69 0.008212 2222222222222222220000000000000000000000000000000000000000000000
512 2 8 70 0.008521 2222222222222222222222222222222222222200000000000000000000000000
512 2 8 71 0.008558 0000000000000000000000000000000000000000000000000000000000000000
512 2 8 72 0.008063 2222222222222200000000000000000000000000000000000000000000000000
512 2 8 73 0.008214 0000000000000000000000000000000000000000000000000000000000000000
512 2 8 74 0.007906 2222222222222222222222222222222222222220000000000000000000000000
512 2 8 75 0.008343 2222222222222222222222222222222222222222222222222222222222222222
512 2 8 76 0.008099 2222222222222222222222222222222222222222222222222222222222222222
512 2 8 77 0.008473 0000000000000000000000000000000000000000000000000000000000000000
512 2 8 78 0.008189 2222220000000000000000000000000000000000000000000000000000000000
512 2 8 79 0.008490 2222222222222222200000000000000000000000000000000000000000000000
512 2 8 80 0.008076 2222222222222222222222222222222220000000000000000000000000000000
512 2 8 81 0.008100 0000000000000000000000000000000000000000000000000000000000000000
512 2 8 82 0.008049 2222222222222222222222222222222222222222222222222222222222222222
512 2 8 83 0.008058 2222222200000000000000000000000000000000000000000000000000000000
512 2 8 84 0.008892 2222222222222222222222222222222222222222000000000000000000000000
512 2 8 85 0.008173 0000000000000000000000000000000000000000000000000000000000000000
512 2 8 86 0.008522 2222222222222222222222222222222222222200000000000000000000000000
512 2 8 87 0.008401 2222222222222222222222222222222222222222222222222222222222222222
512 2 8 88 0.008245 2222222222222222222222222222222222222222222222222222222222222222
512 2 8 89 0.008166 2222222222222222222222000000000000000000000000000000000000000000
512 2 8 90 0.008330 2222222222222222222222222222222222222222222222222222222222222222
512 2 8 91 0.008107 2222222222222222222222222222222222222222222222222222222222222222
512 2 8 92 0.008586 2222222222222222222000000000000000000000000000000000000000000000
512 2 8 93 0.008001 2222220000000000000000000000000000000000000000000000000000000000
512 2 8 94 0.008307 0000000000000000000000000000000000000000000000000000000000000000
512 2 8 95 0.008158 0000000000000000000000000000000000000000000000000000000000000000
512 2 8 96 0.008379 2222222222222222220000000000000000000000000000000000000000000000
512 2 8 97 0.008116 2222222222222222222222222222200000000000000000000000000000000000
512 2 8 98 0.008487 0000000000000000000000000000000000000000000000000000000000000000
512 2 8 99 0.008229 2222222222222222222222222220000000000000000000000000000000000000
512 2 16 0 0.007864 22222222222222222222000000000000
512 2 16 1 0.007922 22222222222222222222222222222222
512 2 16 2 0.007969 22222222222222222222222222222222
512 2 16 3 0.008172 00000000000000000000000000000000
512 2 16 4 0.007812 22000000000000000000000000000000
512 2 16 5 0.008072 00000000000000000000000000000000
512 2 16 6 0.007762 22222222222220000000000000000000
512 2 16 7 0.007944 22222222000000000000000000000000
512 2 16 8 0.007938 00000000000000000000000000000000
512 2 16 9 0.008071 22222222222222222222222222222222
512 2 16 10 0.008052 22220000000000000000000000000000
512 2 16 11 0.007961 22222222222222222222222222222000
512 2 16 12 0.007757 00000000000000000000000000000000
512 2 16 13 0.008219 22222222220000000000000000000000
512 2 16 14 0.008363 22222222222200000000000000000000
512 2 16 15 0.007848 00000000000000000000000000000000
512 2 16 16 0.008112 22222222222222222222222222222222
512 2 16 17 0.007893 22222222200000000000000000000000
512 2 16 18 0.008105 22222220000000000000000000000000
512 2 16 19 0.007884 22222200000000000000000000000000
512 2 16 20 0.008122 22200000000000000000000000000000
512 2 16 21 0.007887 22222222222222222222222200000000
512 2 16 22 0.007817 22222222222222222000000000000000
512 2 16 23 0.007777 22000000000000000000000000000000
512 2 16 24 0.008063 00000000000000000000000000000000
512 2 16 25 0.008093 22222222222222222222222222222220
512 2 16 26 0.007861 22222222222222222222222222222222
512 2 16 27 0.008115 00000000000000000000000000000000
512 2 16 28 0.007931 22222220000000000000000000000000
512 2 16 29 0.008069 00000000000000000000000000000000
512 2 16 30 0.007984 22222222222000000000000000000000
512 2 16 31 0.007950 22222222222222222222222222000000
512 2 16 32 0.008075 22222222222222200000000000000000
512 2 16 33 0.007956 22222222222200000000000000000000
512 2 16 34 0.007863 00000000000000000000000000000000
512 2 16 35 0.008047 00000000000000000000000000000000
512 2 16 36 0.008115 00000000000000000000000000000000
512 2 16 37 0.007960 22222200000000000000000000000000
512 2 16 38 0.007542 00000000000000000000000000000000
512 2 16 39 0.008118 22222222222222222222222222222222
512 2 16 40 0.007691 22222222222222200000000000000000
512 2 16 41 0.008380 00000000000000000000000000000000
512 2 16 42 0.007958 00000000000000000000000000000000
512 2 16 43 0.007984 22222222222222222222222000000000
512 2 16 44 0.008273 00000000000000000000000000000000
512 2 16 45 0.007886 00000000000000000000000000000000
512 2 16 46 0.008270 22222222222222222222222222222222
512 2 16 47 0.007802 22222222222222000000000000000000
512 2 16 48 0.008275 22222222220000000000000000000000
512 2 16 49 0.007969 22222200000000000000000000000000
512 2 16 50 0.007963 22222222000000000000000000000000
512 2 16 51 0.007835 00000000000000000000000000000000
512 2 16 52 0.008061 22200000000000000000000000000000
512 2 16 53 0.008125 22222222222222222222222222222222
512 2 16 54 0.008167 22222222222222200000000000000000
512 2 16 55 0.007809 00000000000000000000000000000000
512 2 16 56 0.008033 22222222222222222222222222222222
512 2 16 57 0.007886 22000000000000000000000000000000
512 2 16 58 0.008013 22222222222222222222222222200000
512 2 16 59 0.008051 22222222222222222222222222222222
512 2 16 60 0.007897 22000000000000000000000000000000
512 2 16 61 0.007929 20000000000000000000000000000000
512 2 16 62 0.007781 00000000000000000000000000000000
512 2 16 63 0.007985 00000000000000000000000000000000
512 2 16 64 0.008278 22222222222222222222222222222222
512 2 16 65 0.007917 22222222222222222222222222222222
512 2 16 66 0.008019 22222222222222222222222222222222
512 2 16 67 0.007844 22222222222222000000000000000000
512 2 16 68 0.007810 22222000000000000000000000000000
512 2 16 69 0.008061 22222222200000000000000000000000
512 2 16 70 0.008017 22222222222222222220000000000000
512 2 16 71 0.008400 00000000000000000000000000000000
512 2 16 72 0.007831 22222220000000000000000000000000
512 2 16 73 0.007904 00000000000000000000000000000000
512 2 16 74 0.007627 22222222222222222220000000000000
512 2 16 75 0.008106 22222222222222222222222222222222
512 2 16 76 0.007943 22222222222222222222222222222222
512 2 16 77 0.008142 00000000000000000000000000000000
512 2 16 78 0.007961 22200000000000000000000000000000
512 2 16 79 0.008262 22222222000000000000000000000000
512 2 16 80 0.007865 22222222222222220000000000000000
512 2 16 81 0.007940 00000000000000000000000000000000
512 2 16 82 0.008007 22222222222222222222222222222222
512 2 16 83 0.007839 22220000000000000000000000000000
512 2 16 84 0.008197 22222222222222222222000000000000
512 2 16 85 0.008665 00000000000000000000000000000000
512 2 16 86 0.007844 22222222222222222220000000000000
512 2 16 87 0.008173 22222222222222222222222222222222
512 2 16 88 0.008043 22222222222222222222222222222222
512 2 16 89 0.007901 22222222222000000000000000000000
512 2 16 90 0.007940 22222222222222222222222222222222
512 2 16 91 0.007932 22222222222222222222222222222222
512 2 16 92 0.007953 22222222200000000000000000000000
512 2 16 93 0.007792 22200000000000000000000000000000
512 2 16 94 0.008009 00000000000000000000000000000000
512 2 16 95 0.008042 00000000000000000000000000000000
512 2 16 96 0.007786 22222222200000000000000000000000
512 2 16 97 0.008027 22222222222222000000000000000000
512 2 16 98 0.007862 00000000000000000000000000000000
512 2 16 99 0.008368 22222222222220000000000000000000
512 2 32 0 0.008001 2222222222000000
512 2 32 1 0.007995 2222222222222222
512 2 32 2 0.008395 2222222222222222
512 2 32 3 0.008000 0000000000000000
512 2 32 4 0.008097 2000000000000000
512 2 32 5 0.008122 0000000000000000
512 2 32 6 0.007886 2222220000000000
512 2 32 7 0.008091 2222000000000000
512 2 32 8 0.007956 0000000000000000
512 2 32 9 0.008084 2222222222222222
512 2 32 10 0.008216 2200000000000000
512 2 32 11 0.008174 2222222222222200
512 2 32 12 0.007873 0000000000000000
512 2 32 13 0.008234 2222200000000000
512 2 32 14 0.008201 2222220000000000
512 2 32 15 0.007958 0000000000000000
512 2 32 16 0.008319 2222222222222222
512 2 32 17 0.008026 2222000000000000
512 2 32 18 0.008058 2220000000000000
512 2 32 19 0.007948 2220000000000000
512 2 32 20 0.008134 2000000000000000
512 2 32 21 0.008090 2222222222220000
512 2 32 22 0.007888 2222222200000000
512 2 32 23 0.007918 2000000000000000
512 2 32 24 0.008218 0000000000000000
512 2 32 25 0.007873 2222222222222220
512 2 32 26 0.008066 2222222222222222
512 2 32 27 0.008076 0000000000000000
512 2 32 28 0.008177 2220000000000000
512 2 32 29 0.008203 0000000000000000
512 2 32 30 0.007752 2222200000000000
512 2 32 31 0.008169 2222222222222000
512 2 32 32 0.008315 2222222000000000
512 2 32 33 0.007827 2222220000000000
512 2 32 34 0.008153 0000000000000000
512 2 32 35 0.008190 0000000000000000
512 2 32 36 0.008081 0000000000000000
512 2 32 37 0.008259 2220000000000000
512 2 32 38 0.007579 0000000000000000
512 2 32 39 0.008251 2222222222222222
512 2 32 40 0.007750 2222222000000000
512 2 32 41 0.008204 0000000000000000
512 2 32 42 0.008092 0000000000000000
512 2 32 43 0.007968 2222222222200000
512 2 32 44 0.008654 0000000000000000
512 2 32 45 0.008009 0000000000000000
512 2 32 46 0.008407 2222222222222222
512 2 32 47 0.007889 2222222000000000
512 2 32 48 0.008294 2222200000000000
512 2 32 49 0.008065 2220000000000000
512 2 32 50 0.007927 2222000000000000
512 2 32 51 0.007984 0000000000000000
512 2 32 52 0.007846 2000000000000000
512 2 32 53 0.008062 2222222222222222
512 2 32 54 0.007977 2222222000000000
512 2 32 55 0.008027 0000000000000000
512 2 32 56 0.008095 2222222222222222
512 2 32 57 0.007902 2000000000000000
512 2 32 58 0.007954 2222222222222000
512 2 32 59 0.008066 2222222222222222
512 2 32 60 0.007894 2000000000000000
512 2 32 61 0.007850 0000000000000000
512 2 32 62 0.007866 0000000000000000
512 2 32 63 0.008038 0000000000000000
512 2 32 64 0.008498 2222222222222222
512 2 32 65 0.008030 2222222222222222
512 2 32 66 0.007878 2222222222222222
512 2 32 67 0.008147 2222222000000000
512 2 32 68 0.007902 2200000000000000
512 2 32 69 0.008129 2222000000000000
512 2 32 70 0.008080 2222222220000000
512 2 32 71 0.008099 0000000000000000
512 2 32 72 0.008038 2220000000000000
512 2 32 73 0.007949 0000000000000000
512 2 32 74 0.007787 2222222220000000
512 2 32 75 0.008120 2222222222222222
512 2 32 76 0.008101 2222222222222222
512 2 32 77 0.008154 0000000000000000
512 2 32 78 0.008059 2000000000000000
512 2 32 79 0.008137 2222000000000000
512 2 32 80 0.007978 2222222200000000
512 2 32 81 0.007979 0000000000000000
512 2 32 82 0.008017 2222222222222222
512 2 32 83 0.008037 2200000000000000
512 2 32 84 0.008584 2222222222000000
512 2 32 85 0.008031 0000000000000000
512 2 32 86 0.008033 2222222220000000
512 2 32 87 0.008157 2222222222222222
512 2 32 88 0.008124 2222222222222222
512 2 32 89 0.007963 2222200000000000
512 2 32 90 0.008162 2222222222222222
512 2 32 91 0.008054 2222222222222222
512 2 32 92 0.008104 2222000000000000
512 2 32 93 0.007904 2000000000000000
512 2 32 94 0.007958 0000000000000000
512 2 32 95 0.008072 0000000000000000
512 2 32 96 0.008117 2222000000000000
512 2 32 97 0.007988 2222222000000000
512 2 32 98 0.008192 0000000000000000
512 2 32 99 0.008146 2222220000000000
512 4 8 0 0.012722 2222222222222222222222222222222222222222222222222222222222222222
512 4 8 1 0.013361 2222222222222222222222222222222222222222222222222222222222222222
512 4 8 2 0.013327 2222222222222222222222222222222222222222222222222222222222222222
512 4 8 3 0.013282 0000000000000000000000000000000000000000000000000000000000000000
512 4 8 4 0.012559 2222222222222222222222222222222222222222222222222222222222222222
512 4 8 5 0.012933 0000000000000000000000000000000000000000000000000000000000000000
512 4 8 6 0.012911 2222222222222222222222222222222222222222222222222222222222222222
512 4 8 7 0.012969 2222222222222222222222222222222222222222222222222222222222222222
512 4 8 8 0.012890 0000000000000000000000000000000000000000000000000000000000000000
512 4 8 9 0.013690 2222222222222222222222222222222222222222222222222222222222222222
512 4 8 10 0.013342 2222222222222222222222222222222222222222222222222222222222222222
512 4 8 11 0.013475 2222222222222222222222222222222222222222222222222222222222222222
512 4 8 12 0.012829 0000000000000000000000000000000000000000000000000000000000000000
512 4 8 13 0.013091 2222222222222222222222222222222222222222222222222222222222222222
512 4 8 14 0.013801 2222222222222222222222222222222222222222222222222222222222222222
512 4 8 15 0.012858 0000000000000000000000000000000000000000000000000000000000000000
512 4 8 16 0.013388 2222222222222222222222222222222222222222222222222222222222222222
512 4 8 17 0.013134 2222222222222222222222222222222222222222222222222222222222222222
512 4 8 18 0.012872 2222222222222222222222222222222222222222222222222222222222222222
512 4 8 19 0.012168 2222222222222222222222222222222222222222222222222222222222222222
512 4 8 20 0.013158 2222222222222222222222222222222222222222222222222222222222222222
512 4 8 21 0.012757 2222222222222222222222222222222222222222222222222222222222222222
512 4 8 22 0.012954 2222222222222222222222222222222222222222222222222222222222222222
512 4 8 23 0.012679 2222222222222222222222222222222222222222222222222222222222222222
512 4 8 24 0.013650 0000000000000000000000000000000000000000000000000000000000000000
512 4 8 25 0.012860 2222222222222222222222222222222222222222222222222222222222222222
512 4 8 26 0.013234 2222222222222222222222222222222222222222222222222222222222222222
512 4 8 27 0.013168 0000000000000000000000000000000000000000000000000000000000000000
512 4 8 28 0.012795 2222222222222222222222222222222222222222222222222222222222222222
512 4 8 29 0.012705 0000000000000000000000000000000000000000000000000000000000000000
512 4 8 30 0.012356 2222222222222222222222222222222222222222222222222222222222222222
512 4 8 31 0.013297 2222222222222222222222222222222222222222222222222222222222222222
512 4 8 32 0.013491 2222222222222222222222222222222222222222222222222222222222222222
512 4 8 33 0.013039 2222222222222222222222222222222222222222222222222222222222222222
512 4 8 34 0.013219 0000000000000000000000000000000000000000000000000000000000000000
512 4 8 35 0.013411 0000000000000000000000000000000000000000000000000000000000000000
512 4 8 36 0.013350 0000000000000000000000000000000000000000000000000000000000000000
512 4 8 37 0.013147 2222222222222222222222222222222222222222222222222222222222222222
512 4 8 38 0.012127 2222222222222222222222222222222222222222222222222222222222222222
512 4 8 39 0.013494 2222222222222222222222222222222222222222222222222222222222222222
512 4 8 40 0.012560 2222222222222222222222222222222222222222222222222222222222222222
512 4 8 41 0.012843 0000000000000000000000000000000000000000000000000000000000000000
512 4 8 42 0.013456 0000000000000000000000000000000000000000000000000000000000000000
512 4 8 43 0.013216 2222222222222222222222222222222222222222222222222222222222222222
512 4 8 44 0.014578 0000000000000000000000000000000000000000000000000000000000000000
512 4 8 45 0.013103 0000000000000000000000000000000000000000000000000000000000000000
512 4 8 46 0.013853 2222222222222222222222222222222222222222222222222222222222222222
512 4 8 47 0.012825 2222222222222222222222222222222222222222222222222222222222222222
512 4 8 48 0.014107 2222222222222222222222222222222222222222222222222222222222222222
512 4 8 49 0.013135 1222222222222222222222222222222222222222222222222222222222222222
512 4 8 50 0.012998 2222222222222222222222222222222222222222222222222222222222222222
512 4 8 51 0.013145 0000000000000000000000000000000000000000000000000000000000000000
512 4 8 52 0.012880 2222222222222222222222222222222222222222222222222222222222222222
512 4 8 53 0.013185 2222222222222222222222222222222222222222222222222222222222222222
512 4 8 54 0.012895 2222222222222222222222222222222222222222222222222222222222222222
512 4 8 55 0.013013 0000000000000000000000000000000000000000000000000000000000000000
512 4 8 56 0.012853 2222222222222222222222222222222222222222222222222222222222222222
512 4 8 57 0.012768 2222222222222222222222222222222222222222222222222222222222222222
512 4 8 58 0.012667 2222222222222222222222222222222222222222222222222222222222222222
512 4 8 59 0.013459 2222222222222222222222222222222222222222222222222222222222222222
512 4 8 60 0.013039 2222222222222222222222222222222222222222222222222222222222222222
512 4 8 61 0.012366 2222222222222222222222222222222222222222222222222222222222222222
512 4 8 62 0.012925 0000000000000000000000000000000000000000000000000000000000000000
512 4 8 63 0.013303 0000000000000000000000000000000000000000000000000000000000000000
512 4 8 64 0.013831 2222222222222222222222222222222222222222222222222222222222222222
512 4 8 65 0.013293 2222222222222222222222222222222222222222222222222222222222222222
512 4 8 66 0.013092 2222222222222222222222222222222222222222222222222222222222222222
512 4 8 67 0.013176 2222222222222222222222222222222222222222222222222222222222222222
512 4 8 68 0.012863 2222222222222222222222222222222222222222222222222222222222222222
512 4 8 69 0.013921 2222222222222222222222222222222222222222222222222222222222222222
512 4 8 70 0.013258 2222222222222222222222222222222222222222222222222222222222222222
512 4 8 71 0.013560 0000000000000000000000000000000000000000000000000000000000000000
512 4 8 72 0.012908 2222222222222222222222222222222222222222222222222222222222222222
512 4 8 73 0.013070 0000000000000000000000000000000000000000000000000000000000000000
512 4 8 74 0.012271 2222222222222222222222222222222222222222222222222222222222222222
512 4 8 75 0.013373 2222222222222222222222222222222222222222222222222222222222222222
512 4 8 76 0.013166 2222222222222222222222222222222222222222222222222222222222222222
512 4 8 77 0.012994 0000000000000000000000000000000000000000000000000000000000000000
512 4 8 78 0.013487 2222222222222222222222222222222222222222222222222222222222222222
512 4 8 79 0.013804 2222222222222222222222222222222222222222222222222222222222222222
512 4 8 80 0.012803 2222222222222222222222222222222222222222222222222222222222222222
512 4 8 81 0.013392 0000000000000000000000000000000000000000000000000000000000000000
512 4 8 82 0.012954 2222222222222222222222222222222222222222222222222222222222222222
512 4 8 83 0.012891 2222222222222222222222222222222222222222222222222222222222222222
512 4 8 84 0.013806 2222222222222222222222222222222222222222222222222222222222222222
512 4 8 85 0.013206 0000000000000000000000000000000000000000000000000000000000000000
512 4 8 86 0.013062 2222222222222222222222222222222222222222222222222222222222222222
512 4 8 87 0.013607 2222222222222222222222222222222222222222222222222222222222222222
512 4 8 88 0.013484 2222222222222222222222222222222222222222222222222222222222222222
512 4 8 89 0.013364 2222222222222222222222222222222222222222222222222222222222222222
512 4 8 90 0.013546 2222222222222222222222222222222222222222222222222222222222222222
512 4 8 91 0.013371 2222222222222222222222222222222222222222222222222222222222222222
512 4 8 92 0.013593 2222222222222222222222222222222222222222222222222222222222222222
512 4 8 93 0.013114 2222222222222222222222222222222222222222222222222222222222222222
512 4 8 94 0.012933 0000000000000000000000000000000000000000000000000000000000000000
512 4 8 95 0.013011 0000000000000000000000000000000000000000000000000000000000000000
512 4 8 96 0.012645 2222222222222222222222222222222222222222222222222222222222222222
512 4 8 97 0.013311 2222222222222222222222222222222222222222222222222222222222222222
512 4 8 98 0.012978 0000000000000000000000000000000000000000000000000000000000000000
512 4 8 99 0.013500 2222222222222222222222222222222222222222222222222222222222222222
512 4 16 0 0.012385 22222222222222222222222222222222
512 4 16 1 0.013199 22222222222222222222222222222222
512 4 16 2 0.013111 22222222222222222222222222222222
512 4 16 3 0.012723 00000000000000000000000000000000
512 4 16 4 0.012401 22222222222222222222222222222222
512 4 16 5 0.012782 00000000000000000000000000000000
512 4 16 6 0.012696 22222222222222222222222222222222
512 4 16 7 0.012635 22222222222222222222222222222222
512 4 16 8 0.012579 00000000000000000000000000000000
512 4 16 9 0.013512 22222222222222222222222222222222
512 4 16 10 0.013243 22222222222222222222222222222222
512 4 16 11 0.013202 22222222222222222222222222222222
512 4 16 12 0.012404 00000000000000000000000000000000
512 4 16 13 0.012776 22222222222222222222222222222222
512 4 16 14 0.013303 22222222222222222222222222222222
512 4 16 15 0.012420 00000000000000000000000000000000
512 4 16 16 0.012986 22222222222222222222222222222222
512 4 16 17 0.012862 22222222222222222222222222222222
512 4 16 18 0.012639 22222222222222222222222222222222
512 4 16 19 0.011961 22222222222222222222222222222222
512 4 16 20 0.012900 22222222222222222222222222222222
512 4 16 21 0.012502 22222222222222222222222222222222
512 4 16 22 0.012530 22222222222222222222222222222222
512 4 16 23 0.012260 22222222222222222222222222222222
512 4 16 24 0.013357 00000000000000000000000000000000
512 4 16 25 0.012574 22222222222222222222222222222222
512 4 16 26 0.012689 22222222222222222222222222222222
512 4 16 27 0.013214 00000000000000000000000000000000
512 4 16 28 0.012526 22222222222222222222222222222222
512 4 16 29 0.012465 00000000000000000000000000000000
512 4 16 30 0.011985 22222222222222222222222222222222
512 4 16 31 0.012840 22222222222222222222222222222222
512 4 16 32 0.013193 22222222222222222222222222222222
512 4 16 33 0.012179 22222222222222222222222222222222
512 4 16 34 0.012803 00000000000000000000000000000000
512 4 16 35 0.013702 00000000000000000000000000000000
512 4 16 36 0.013297 00000000000000000000000000000000
512 4 16 37 0.013034 22222222222222222222222222222222
512 4 16 38 0.011893 22222222222222222222222222222222
512 4 16 39 0.013132 22222222222222222222222222222222
512 4 16 40 0.012342 22222222222222222222222222222222
512 4 16 41 0.012679 00000000000000000000000000000000
512 4 16 42 0.013323 00000000000000000000000000000000
512 4 16 43 0.012928 22222222222222222222222222222222
512 4 16 44 0.014034 00000000000000000000000000000000
512 4 16 45 0.012833 00000000000000000000000000000000
512 4 16 46 0.013538 22222222222222222222222222222222
512 4 16 47 0.012597 22222222222222222222222222222222
512 4 16 48 0.013814 22222222222222222222222222222222
512 4 16 49 0.012766 22222222222222222222222222222222
512 4 16 50 0.012741 22222222222222222222222222222222
512 4 16 51 0.012672 00000000000000000000000000000000
512 4 16 52 0.012639 22222222222222222222222222222222
512 4 16 53 0.012883 22222222222222222222222222222222
512 4 16 54 0.012983 22222222222222222222222222222222
512 4 16 55 0.012575 00000000000000000000000000000000
512 4 16 56 0.012427 22222222222222222222222222222222
512 4 16 57 0.012725 22222222222222222222222222222222
512 4 16 58 0.012517 22222222222222222222222222222222
512 4 16 59 0.012976 22222222222222222222222222222222
512 4 16 60 0.013147 22222222222222222222222222222222
512 4 16 61 0.012321 22222222222222222222222222222222
512 4 16 62 0.012444 00000000000000000000000000000000
512 4 16 63 0.012973 00000000000000000000000000000000
512 4 16 64 0.013438 22222222222222222222222222222222
512 4 16 65 0.012949 22222222222222222222222222222222
512 4 16 66 0.012590 22222222222222222222222222222222
512 4 16 67 0.013001 22222222222222222222222222222222
512 4 16 68 0.012466 22222222222222222222222222222222
512 4 16 69 0.013502 22222222222222222222222222222222
512 4 16 70 0.013043 22222222222222222222222222222222
512 4 16 71 0.013571 00000000000000000000000000000000
512 4 16 72 0.012621 22222222222222222222222222222222
512 4 16 73 0.012887 00000000000000000000000000000000
512 4 16 74 0.011984 22222222222222222222222222222222
512 4 16 75 0.013143 22222222222222222222222222222222
512 4 16 76 0.012946 22222222222222222222222222222222
512 4 16 77 0.012542 00000000000000000000000000000000
512 4 16 78 0.013089 22222222222222222222222222222222
512 4 16 79 0.013209 22222222222222222222222222222222
512 4 16 80 0.012890 22222222222222222222222222222222
512 4 16 81 0.012852 00000000000000000000000000000000
512 4 16 82 0.012714 22222222222222222222222222222222
512 4 16 83 0.012590 22222222222222222222222222222222
512 4 16 84 0.013546 22222222222222222222222222222222
512 4 16 85 0.012857 00000000000000000000000000000000
512 4 16 86 0.012957 22222222222222222222222222222222
512 4 16 87 0.013237 22222222222222222222222222222222
512 4 16 88 0.013352 22222222222222222222222222222222
512 4 16 89 0.012975 22222222222222222222222222222222
512 4 16 90 0.013342 22222222222222222222222222222222
512 4 16 91 0.013116 22222222222222222222222222222222
512 4 16 92 0.013413 22222222222222222222222222222222
512 4 16 93 0.012692 22222222222222222222222222222222
512 4 16 94 0.012796 00000000000000000000000000000000
512 4 16 95 0.012954 00000000000000000000000000000000
512 4 16 96 0.012335 22222222222222222222222222222222
512 4 16 97 0.012974 22222222222222222222222222222222
512 4 16 98 0.012925 00000000000000000000000000000000
512 4 16 99 0.013228 22222222222222222222222222222222
512 4 32 0 0.012899 2222222222222222
512 4 32 1 0.013376 2222222222222222
512 4 32 2 0.013584 2222222222222222
512 4 32 3 0.013058 0000000000000000
512 4 32 4 0.012464 2222222222222222
512 4 32 5 0.013006 0000000000000000
512 4 32 6 0.012806 2222222222222222
512 4 32 7 0.012835 2222222222222222
512 4 32 8 0.012707 0000000000000000
512 4 32 9 0.013722 2222222222222222
512 4 32 10 0.013465 2222222222222222
512 4 32 11 0.013285 2222222222222222
512 4 32 12 0.012460 0000000000000000
512 4 32 13 0.012933 2222222222222222
512 4 32 14 0.013544 2222222222222222
512 4 32 15 0.012566 0000000000000000
512 4 32 16 0.013554 2222222222222222
512 4 32 17 0.013196 2222222222222222
512 4 32 18 0.012911 2222222222222222
512 4 32 19 0.012251 2222222222222222
512 4 32 20 0.013184 2222222222222222
512 4 32 21 0.013005 2222222222222222
512 4 32 22 0.012730 2222222222222222
512 4 32 23 0.012259 2222222222222222
512 4 32 24 0.013642 0000000000000000
512 4 32 25 0.012863 2222222222222222
512 4 32 26 0.013012 2222222222222222
512 4 32 27 0.013262 0000000000000000
512 4 32 28 0.013049 2222222222222222
512 4 32 29 0.012847 0000000000000000
512 4 32 30 0.012340 2222222222222222
512 4 32 31 0.012988 2222222222222222
512 4 32 32 0.013546 2222222222222222
512 4 32 33 0.012440 2222222222222222
512 4 32 34 0.013117 0000000000000000
512 4 32 35 0.013287 0000000000000000
512 4 32 36 0.013299 0000000000000000
512 4 32 37 0.012808 2222222222222222
512 4 32 38 0.011992 2222222222222222
512 4 32 39 0.013579 2222222222222222
512 4 32 40 0.012233 2222222222222222
512 4 32 41 0.012452 0000000000000000
512 4 32 42 0.013036 0000000000000000
512 4 32 43 0.013089 2222222222222222
512 4 32 44 0.014211 0000000000000000
512 4 32 45 0.012668 0000000000000000
512 4 32 46 0.013349 2222222222222222
512 4 32 47 0.012487 2222222222222222
512 4 32 48 0.013729 2222222222222222
512 4 32 49 0.012551 2222222222222222
512 4 32 50 0.012795 2222222222222222
512 4 32 51 0.012606 0000000000000000
512 4 32 52 0.012518 2222222222222222
512 4 32 53 0.012802 2222222222222222
512 4 32 54 0.012576 2222222222222222
512 4 32 55 0.012660 0000000000000000
512 4 32 56 0.012397 2222222222222222
512 4 32 57 0.012421 2222222222222222
512 4 32 58 0.012169 2222222222222222
512 4 32 59 0.013011 2222222222222222
512 4 32 60 0.012762 2222222222222222
512 4 32 61 0.011992 2222222222222222
512 4 32 62 0.012459 0000000000000000
512 4 32 63 0.012698 0000000000000000
512 4 32 64 0.013373 2222222222222222
512 4 32 65 0.012853 2222222222222222
512 4 32 66 0.012545 2222222222222222
512 4 32 67 0.012823 2222222222222222
512 4 32 68 0.012429 2222222222222222
512 4 32 69 0.013360 2222222222222222
512 4 32 70 0.013138 2222222222222222
512 4 32 71 0.013153 0000000000000000
512 4 32 72 0.012507 2222222222222222
512 4 32 73 0.012781 0000000000000000
512 4 32 74 0.011938 2222222222222222
512 4 32 75 0.013542 2222222222222222
512 4 32 76 0.012872 2222222222222222
512 4 32 77 0.012882 0000000000000000
512 4 32 78 0.013116 2222222222222222
512 4 32 79 0.013086 2222222222222222
512 4 32 80 0.012523 2222222222222222
512 4 32 81 0.013024 0000000000000000
512 4 32 82 0.012939 2222222222222222
512 4 32 83 0.012573 2222222222222222
512 4 32 84 0.013579 2222222222222222
512 4 32 85 0.012989 0000000000000000
512 4 32 86 0.012720 2222222222222222
512 4 32 87 0.013344 2222222222222222
512 4 32 88 0.013239 2222222222222222
512 4 32 89 0.012833 2222222222222222
512 4 32 90 0.013069 2222222222222222
512 4 32 91 0.013413 2222222222222222
512 4 32 92 0.013364 2222222222222222
512 4 32 93 0.012722 2222222222222222
512 4 32 94 0.012659 0000000000000000
512 4 32 95 0.012970 0000000000000000
512 4 32 96 0.012315 2222222222222222
512 4 32 97 0.012951 2222222222222222
512 4 32 98 0.012631 0000000000000000
512 4 32 99 0.013404 2222222222222222
512 8 16 0 0.027222 22222222222222222222222222222222
512 8 16 1 0.029743 22222222222222222222222222222222
512 8 16 2 0.029915 22222222222222222222222222222222
512 8 16 3 0.028454 00000000000000000000000000000000
512 8 16 4 0.027361 22222222222222222222222222222222
512 8 16 5 0.029077 00000000000000000000000000000000
512 8 16 6 0.028543 22222222222222222222222222222222
512 8 16 7 0.027939 22222222222222222222222222222222
512 8 16 8 0.029787 00000000000000000000000000000000
512 8 16 9 0.030919 22222222222222222222222222222222
512 8 16 10 0.028888 22222222222222222222222222222222
512 8 16 11 0.028637 22222222222222222222222222222222
512 8 16 12 0.027242 00000000000000000000000000000000
512 8 16 13 0.028709 22222222222222222222222222222222
512 8 16 14 0.029999 22222222222222222222222222222222
512 8 16 15 0.027399 00000000000000000000000000000000
512 8 16 16 0.031079 22222222222222222222222222222222
512 8 16 17 0.030190 22222222222222222222222222222222
512 8 16 18 0.027520 22222222222222222222222222222222
512 8 16 19 0.025887 22222222222222222222222222222222
512 8 16 20 0.030096 22222222222222222222222222222222
512 8 16 21 0.027545 22222222222222222222222222222222
512 8 16 22 0.028977 22222222222222222222222222222222
512 8 16 23 0.026810 22222222222222222222222222222222
512 8 16 24 0.030522 00000000000000000000000000000000
512 8 16 25 0.029053 22222222222222222222222222222222
512 8 16 26 0.028164 22222222222222222222222222222222
512 8 16 27 0.029359 00000000000000000000000000000000
512 8 16 28 0.028697 22222222222222222222222222222222
512 8 16 29 0.027830 00000000000000000000000000000000
512 8 16 30 0.027649 22222222222222222222222222222222
512 8 16 31 0.029257 22222222222222222222222222222222
512 8 16 32 0.030464 22222222222222222222222222222222
512 8 16 33 0.028058 22222222222222222222222222222222
512 8 16 34 0.028594 00000000000000000000000000000000
512 8 16 35 0.029147 00000000000000000000000000000000
512 8 16 36 0.029683 00000000000000000000000000000000
512 8 16 37 0.028527 22222222222222222222222222222222
512 8 16 38 0.024834 22222222222222222222222222222222
512 8 16 39 0.029295 22222222222222222222222222222222
512 8 16 40 0.026998 22222222222222222222222222222222
512 8 16 41 0.027901 00000000000000000000000000000000
512 8 16 42 0.029775 00000000000000000000000000000000
512 8 16 43 0.029089 22222222222222222222222222222222
512 8 16 44 0.034854 00000000000000000000000000000000
512 8 16 45 0.029267 00000000000000000000000000000000
512 8 16 46 0.030766 22222222222222222222222222222222
512 8 16 47 0.027863 22222222222222222222222222222222
512 8 16 48 0.033207 22222222222222222222222222222222
512 8 16 49 0.028612 22222222222222222222222222222222
512 8 16 50 0.028475 22222222222222222222222222222222
512 8 16 51 0.029131 00000000000000000000000000000000
512 8 16 52 0.028941 22222222222222222222222222222222
512 8 16 53 0.029139 22222222222222222222222222222222
512 8 16 54 0.027702 22222222222222222222222222222222
512 8 16 55 0.028459 00000000000000000000000000000000
512 8 16 56 0.028521 22222222222222222222222222222222
512 8 16 57 0.027710 22222222222222222222222222222222
512 8 16 58 0.028423 22222222222222222222222222222222
512 8 16 59 0.029755 22222222222222222222222222222222
512 8 16 60 0.027802 22222222222222222222222222222222
512 8 16 61 0.027000 22222222222222222222222222222222
512 8 16 62 0.028041 00000000000000000000000000000000
512 8 16 63 0.030500 00000000000000000000000000000000
512 8 16 64 0.031787 22222222222222222222222222222222
512 8 16 65 0.028904 22222222222222222222222222222222
512 8 16 66 0.028624 22222222222222222222222222222222
512 8 16 67 0.029272 22222222222222222222222222222222
512 8 16 68 0.029236 22222222222222222222222222222222
512 8 16 69 0.031734 22222222222222222222222222222222
512 8 16 70 0.028911 22222222222222222222222222222222
512 8 16 71 0.030080 00000000000000000000000000000000
512 8 16 72 0.027920 22222222222222222222222222222222
512 8 16 73 0.028734 00000000000000000000000000000000
512 8 16 74 0.026539 22222222222222222222222222222222
512 8 16 75 0.030328 22222222222222222222222222222222
512 8 16 76 0.030265 22222222222222222222222222222222
512 8 16 77 0.029262 00000000000000000000000000000000
512 8 16 78 0.030014 22222222222222222222222222222222
512 8 16 79 0.029505 22222222222222222222222222222222
512 8 16 80 0.027695 22222222222222222222222222222222
512 8 16 81 0.028506 00000000000000000000000000000000
512 8 16 82 0.028838 22222222222222222222222222222222
512 8 16 83 0.028219 22222222222222222222222222222222
512 8 16 84 0.030981 22222222222222222222222222222222
512 8 16 85 0.029281 00000000000000000000000000000000
512 8 16 86 0.029077 22222222222222222222222222222222
512 8 16 87 0.030722 22222222222222222222222222222222
512 8 16 88 0.030339 22222222222222222222222222222222
512 8 16 89 0.029184 22222222222222222222222222222222
512 8 16 90 0.029866 22222222222222222222222222222222
512 8 16 91 0.029865 22222222222222222222222222222222
512 8 16 92 0.031690 22222222222222222222222222222222
512 8 16 93 0.028075 22222222222222222222222222222222
512 8 16 94 0.030457 00000000000000000000000000000000
512 8 16 95 0.030861 00000000000000000000000000000000
512 8 16 96 0.026860 22222222222222222222222222222222
512 8 16 97 0.030007 22222222222222222222222222222222
512 8 16 98 0.027828 00000000000000000000000000000000
512 8 16 99 0.030200 22222222222222222222222222222222
512 8 32 0 0.028933 2222222222222222
512 8 32 1 0.030903 2222222222222222
512 8 32 2 0.030601 2222222222222222
512 8 32 3 0.029394 0000000000000000
512 8 32 4 0.027851 2222222222222222
512 8 32 5 0.028476 0000000000000000
512 8 32 6 0.028632 2222222222222222
512 8 32 7 0.029837 2222222222222222
512 8 32 8 0.028776 0000000000000000
512 8 32 9 0.032018 2222222222222222
512 8 32 10 0.030361 2222222222222222
512 8 32 11 0.029423 2222222222222222
512 8 32 12 0.027399 0000000000000000
512 8 32 13 0.029180 2222222222222222
512 8 32 14 0.030618 2222222222222222
512 8 32 15 0.028216 0000000000000000
512 8 32 16 0.030404 2222222222222222
512 8 32 17 0.029398 2222222222222222
512 8 32 18 0.029744 2222222222222222
512 8 32 19 0.026592 2222222222222222
512 8 32 20 0.029620 2222222222222222
512 8 32 21 0.028253 2222222222222222
512 8 32 22 0.028979 2222222222222222
512 8 32 23 0.028015 2222222222222222
512 8 32 24 0.032872 0000000000000000
512 8 32 25 0.029572 2222222222222222
512 8 32 26 0.028837 2222222222222222
512 8 32 27 0.029738 0000000000000000
512 8 32 28 0.028858 2222222222222222
512 8 32 29 0.027690 0000000000000000
512 8 32 30 0.026853 2222222222222222
512 8 32 31 0.029737 2222222222222222
512 8 32 32 0.030934 2222222222222222
512 8 32 33 0.028503 2222222222222222
512 8 32 34 0.029902 0000000000000000
512 8 32 35 0.030328 0000000000000000
512 8 32 36 0.031157 0000000000000000
512 8 32 37 0.029221 2222222222222222
512 8 32 38 0.025491 2222222222222222
512 8 32 39 0.030138 2222222222222222
512 8 32 40 0.027921 2222222222222222
512 8 32 41 0.028764 0000000000000000
512 8 32 42 0.030201 0000000000000000
512 8 32 43 0.029550 2222222222222222
512 8 32 44 0.034873 0000000000000000
512 8 32 45 0.029657 0000000000000000
512 8 32 46 0.031208 2222222222222222
512 8 32 47 0.028048 2222222222222222
512 8 32 48 0.033817 2222222222222222
512 8 32 49 0.029352 2222222222222222
512 8 32 50 0.028989 2222222222222222
512 8 32 51 0.029871 0000000000000000
512 8 32 52 0.029159 2222222222222222
512 8 32 53 0.029558 2222222222222222
512 8 32 54 0.028796 2222222222222222
512 8 32 55 0.028546 0000000000000000
512 8 32 56 0.029250 2222222222222222
512 8 32 57 0.028535 2222222222222222
512 8 32 58 0.027567 2222222222222222
512 8 32 59 0.031317 2222222222222222
512 8 32 60 0.028826 2222222222222222
512 8 32 61 0.026911 2222222222222222
512 8 32 62 0.028353 0000000000000000
512 8 32 63 0.030193 0000000000000000
512 8 32 64 0.032306 2222222222222222
512 8 32 65 0.030647 2222222222222222
512 8 32 66 0.029445 2222222222222222
512 8 32 67 0.030008 2222222222222222
512 8 32 68 0.028354 2222222222222222
512 8 32 69 0.032379 2222222222222222
512 8 32 70 0.029654 2222222222222222
512 8 32 71 0.031235 0000000000000000
512 8 32 72 0.028866 2222222222222222
512 8 32 73 0.029826 0000000000000000
512 8 32 74 0.027406 2222222222222222
512 8 32 75 0.030660 2222222222222222
512 8 32 76 0.029505 2222222222222222
512 8 32 77 0.029156 0000000000000000
512 8 32 78 0.031388 2222222222222222
512 8 32 79 0.031938 2222222222222222
512 8 32 80 0.028945 2222222222222222
512 8 32 81 0.029786 0000000000000000
512 8 32 82 0.030804 2222222222222222
512 8 32 83 0.028423 2222222222222222
512 8 32 84 0.032636 2222222222222222
512 8 32 85 0.030156 0000000000000000
512 8 32 86 0.029883 2222222222222222
512 8 32 87 0.030698 2222222222222222
512 8 32 88 0.032293 2222222222222222
512 8 32 89 0.029658 2222222222222222
512 8 32 90 0.029160 2222222222222222
512 8 32 91 0.030884 2222222222222222
512 8 32 92 0.031925 2222222222222222
512 8 32 93 0.029281 2222222222222222
512 8 32 94 0.030096 0000000000000000
512 8 32 95 0.030064 0000000000000000
512 8 32 96 0.028140 2222222222222222
512 8 32 97 0.029551 2222222222222222
512 8 32 98 0.029262 0000000000000000
512 8 32 99 0.031749 2222222222222222
