16 2 4 0 0.000073 0000
16 2 4 1 0.000038 2000
16 2 4 2 0.000068 0000
16 2 4 3 0.000062 2000
16 2 4 4 0.000066 0000
16 2 4 5 0.000055 0000
16 2 4 6 0.000071 0000
16 2 4 7 0.000068 0000
16 2 4 8 0.000065 2222
16 2 4 9 0.000043 0000
16 2 4 10 0.000050 0000
16 2 4 11 0.000059 2222
16 2 4 12 0.000051 0000
16 2 4 13 0.000071 0000
16 2 4 14 0.000064 2000
16 2 4 15 0.000063 0000
16 2 4 16 0.000070 2000
16 2 4 17 0.000055 0000
16 2 4 18 0.000062 0000
16 2 4 19 0.000063 0000
16 2 4 20 0.000085 0000
16 2 4 21 0.000079 0000
16 2 4 22 0.000045 0000
16 2 4 23 0.000062 0000
16 2 4 24 0.000050 0000
16 2 4 25 0.000047 0000
16 2 4 26 0.000029 2000
16 2 4 27 0.000061 0000
16 2 4 28 0.000069 2000
16 2 4 29 0.000059 0000
16 2 4 30 0.000059 0000
16 2 4 31 0.000072 0000
16 2 4 32 0.000067 2220
16 2 4 33 0.000032 0000
16 2 4 34 0.000067 0000
16 2 4 35 0.000059 0000
16 2 4 36 0.000047 0000
16 2 4 37 0.000058 0000
16 2 4 38 0.000069 0000
16 2 4 39 0.000059 2000
16 2 4 40 0.000029 2000
16 2 4 41 0.000063 2200
16 2 4 42 0.000046 0000
16 2 4 43 0.000086 0000
16 2 4 44 0.000083 0000
16 2 4 45 0.000045 2000
16 2 4 46 0.000062 0000
16 2 4 47 0.000038 0000
16 2 4 48 0.000066 0000
16 2 4 49 0.000047 2000
16 2 4 50 0.000041 0000
16 2 4 51 0.000080 2222
16 2 4 52 0.000046 0000
16 2 4 53 0.000030 0000
16 2 4 54 0.000061 0000
16 2 4 55 0.000070 0000
16 2 4 56 0.000065 0000
16 2 4 57 0.000045 0000
16 2 4 58 0.000076 0000
16 2 4 59 0.000073 2220
16 2 4 60 0.000084 0000
16 2 4 61 0.000068 2220
16 2 4 62 0.000080 0000
16 2 4 63 0.000067 0000
16 2 4 64 0.000055 0000
16 2 4 65 0.000064 0000
16 2 4 66 0.000066 0000
16 2 4 67 0.000075 0000
16 2 4 68 0.000053 0000
16 2 4 69 0.000038 0000
16 2 4 70 0.000038 0000
16 2 4 71 0.000088 0000
16 2 4 72 0.000101 2000
16 2 4 73 0.000056 2000
16 2 4 74 0.000054 0000
16 2 4 75 0.000029 0000
16 2 4 76 0.000063 0000
16 2 4 77 0.000071 0000
16 2 4 78 0.000069 2000
16 2 4 79 0.000051 0000
16 2 4 80 0.000077 0000
16 2 4 81 0.000072 0000
16 2 4 82 0.000091 0000
16 2 4 83 0.000065 2000
16 2 4 84 0.000064 0000
16 2 4 85 0.000088 0000
16 2 4 86 0.000070 0000
16 2 4 87 0.000061 0000
16 2 4 88 0.000087 0000
16 2 4 89 0.000090 0000
16 2 4 90 0.000067 0000
16 2 4 91 0.000074 2000
16 2 4 92 0.000048 2000
16 2 4 93 0.000091 2220
16 2 4 94 0.000069 2220
16 2 4 95 0.000058 0000
16 2 4 96 0.000067 0000
16 2 4 97 0.000083 0000
16 2 4 98 0.000073 0000
16 2 4 99 0.000097 2222
16 2 8 0 0.000067 00
16 2 8 1 0.000038 00
16 2 8 2 0.000060 00
16 2 8 3 0.000055 00
16 2 8 4 0.000064 00
16 2 8 5 0.000053 00
16 2 8 6 0.000067 00
16 2 8 7 0.000067 00
16 2 8 8 0.000064 22
16 2 8 9 0.000040 00
16 2 8 10 0.000045 00
16 2 8 11 0.000056 22
16 2 8 12 0.000044 00
16 2 8 13 0.000072 00
16 2 8 14 0.000062 00
16 2 8 15 0.000058 00
16 2 8 16 0.000063 00
16 2 8 17 0.000054 00
16 2 8 18 0.000061 00
16 2 8 19 0.000061 00
16 2 8 20 0.000079 00
16 2 8 21 0.000075 00
16 2 8 22 0.000042 00
16 2 8 23 0.000060 00
16 2 8 24 0.000044 00
16 2 8 25 0.000045 00
16 2 8 26 0.000027 00
16 2 8 27 0.000057 00
16 2 8 28 0.000068 00
16 2 8 29 0.000057 00
16 2 8 30 0.000052 00
16 2 8 31 0.000063 00
16 2 8 32 0.000060 00
16 2 8 33 0.000027 00
16 2 8 34 0.000063 00
16 2 8 35 0.000059 00
16 2 8 36 0.000046 00
16 2 8 37 0.000058 00
16 2 8 38 0.000069 00
16 2 8 39 0.000051 00
16 2 8 40 0.000033 00
16 2 8 41 0.000063 20
16 2 8 42 0.000041 00
16 2 8 43 0.000086 00
16 2 8 44 0.000092 00
16 2 8 45 0.000046 00
16 2 8 46 0.000054 00
16 2 8 47 0.000036 00
16 2 8 48 0.000063 00
16 2 8 49 0.000043 00
16 2 8 50 0.000040 00
16 2 8 51 0.000080 22
16 2 8 52 0.000043 00
16 2 8 53 0.000029 00
16 2 8 54 0.000059 00
16 2 8 55 0.000069 00
16 2 8 56 0.000066 00
16 2 8 57 0.000042 00
16 2 8 58 0.000073 00
16 2 8 59 0.000071 20
16 2 8 60 0.000084 00
16 2 8 61 0.000066 20
16 2 8 62 0.000086 00
16 2 8 63 0.000058 00
16 2 8 64 0.000051 00
16 2 8 65 0.000062 00
16 2 8 66 0.000071 00
16 2 8 67 0.000073 00
16 2 8 68 0.000054 00
16 2 8 69 0.000032 00
16 2 8 70 0.000036 00
16 2 8 71 0.000082 00
16 2 8 72 0.000099 00
16 2 8 73 0.000052 00
16 2 8 74 0.000051 00
16 2 8 75 0.000027 00
16 2 8 76 0.000063 00
16 2 8 77 0.000072 00
16 2 8 78 0.000063 00
16 2 8 79 0.000049 00
16 2 8 80 0.000075 00
16 2 8 81 0.000065 00
16 2 8 82 0.000082 00
16 2 8 83 0.000063 00
16 2 8 84 0.000064 00
16 2 8 85 0.000086 00
16 2 8 86 0.000063 00
16 2 8 87 0.000055 00
16 2 8 88 0.000086 00
16 2 8 89 0.000087 00
16 2 8 90 0.000059 00
16 2 8 91 0.000075 00
16 2 8 92 0.000048 00
16 2 8 93 0.000088 20
16 2 8 94 0.000065 20
16 2 8 95 0.000059 00
16 2 8 96 0.000060 00
16 2 8 97 0.000085 00
16 2 8 98 0.000069 00
16 2 8 99 0.000092 22
16 2 16 0 0.000071 0
16 2 16 1 0.000029 0
16 2 16 2 0.000063 0
16 2 16 3 0.000054 0
16 2 16 4 0.000065 0
16 2 16 5 0.000055 0
16 2 16 6 0.000068 0
16 2 16 7 0.000070 0
16 2 16 8 0.000068 2
16 2 16 9 0.000044 0
16 2 16 10 0.000046 0
16 2 16 11 0.000051 2
16 2 16 12 0.000044 0
16 2 16 13 0.000074 0
16 2 16 14 0.000064 0
16 2 16 15 0.000059 0
16 2 16 16 0.000068 0
16 2 16 17 0.000055 0
16 2 16 18 0.000068 0
16 2 16 19 0.000065 0
16 2 16 20 0.000080 0
16 2 16 21 0.000080 0
16 2 16 22 0.000044 0
16 2 16 23 0.000065 0
16 2 16 24 0.000045 0
16 2 16 25 0.000042 0
16 2 16 26 0.000024 0
16 2 16 27 0.000058 0
16 2 16 28 0.000075 0
16 2 16 29 0.000058 0
16 2 16 30 0.000055 0
16 2 16 31 0.000065 0
16 2 16 32 0.000058 0
16 2 16 33 0.000023 0
16 2 16 34 0.000065 0
16 2 16 35 0.000059 0
16 2 16 36 0.000046 0
16 2 16 37 0.000061 0
16 2 16 38 0.000108 0
16 2 16 39 0.000054 0
16 2 16 40 0.000024 0
16 2 16 41 0.000064 0
16 2 16 42 0.000043 0
16 2 16 43 0.000085 0
16 2 16 44 0.000083 0
16 2 16 45 0.000045 0
16 2 16 46 0.000074 0
16 2 16 47 0.000035 0
16 2 16 48 0.000066 0
16 2 16 49 0.000045 0
16 2 16 50 0.000041 0
16 2 16 51 0.000086 2
16 2 16 52 0.000044 0
16 2 16 53 0.000035 0
16 2 16 54 0.000066 0
16 2 16 55 0.000072 0
16 2 16 56 0.000063 0
16 2 16 57 0.000041 0
16 2 16 58 0.000081 0
16 2 16 59 0.000074 0
16 2 16 60 0.000086 0
16 2 16 61 0.000111 0
16 2 16 62 0.000082 0
16 2 16 63 0.000054 0
16 2 16 64 0.000058 0
16 2 16 65 0.000064 0
16 2 16 66 0.000065 0
16 2 16 67 0.000075 0
16 2 16 68 0.000079 0
16 2 16 69 0.000030 0
16 2 16 70 0.000034 0
16 2 16 71 0.000088 0
16 2 16 72 0.000102 0
16 2 16 73 0.000062 0
16 2 16 74 0.000055 0
16 2 16 75 0.000026 0
16 2 16 76 0.000101 0
16 2 16 77 0.000075 0
16 2 16 78 0.000065 0
16 2 16 79 0.000052 0
16 2 16 80 0.000076 0
16 2 16 81 0.000069 0
16 2 16 82 0.000086 0
16 2 16 83 0.000109 0
16 2 16 84 0.000066 0
16 2 16 85 0.000082 0
16 2 16 86 0.000066 0
16 2 16 87 0.000056 0
16 2 16 88 0.000091 0
16 2 16 89 0.000090 0
16 2 16 90 0.000097 0
16 2 16 91 0.000075 0
16 2 16 92 0.000048 0
16 2 16 93 0.000091 0
16 2 16 94 0.000066 0
16 2 16 95 0.000052 0
16 2 16 96 0.000063 0
16 2 16 97 0.000131 0
16 2 16 98 0.000072 0
16 2 16 99 0.000094 2
16 4 8 0 0.000166 00
16 4 8 1 0.000053 22
16 4 8 2 0.000129 00
16 4 8 3 0.000113 22
16 4 8 4 0.000140 00
16 4 8 5 0.000105 00
16 4 8 6 0.000145 00
16 4 8 7 0.000167 00
16 4 8 8 0.000152 22
16 4 8 9 0.000127 00
16 4 8 10 0.000105 00
16 4 8 11 0.000073 22
16 4 8 12 0.000079 00
16 4 8 13 0.000160 00
16 4 8 14 0.000131 22
16 4 8 15 0.000176 00
16 4 8 16 0.000123 22
16 4 8 17 0.000131 00
16 4 8 18 0.000121 00
16 4 8 19 0.000102 00
16 4 8 20 0.000193 00
16 4 8 21 0.000190 00
16 4 8 22 0.000076 00
16 4 8 23 0.000135 00
16 4 8 24 0.000083 00
16 4 8 25 0.000108 00
16 4 8 26 0.000062 22
16 4 8 27 0.000147 00
16 4 8 28 0.000122 22
16 4 8 29 0.000118 00
16 4 8 30 0.000132 00
16 4 8 31 0.000155 00
16 4 8 32 0.000232 22
16 4 8 33 0.000056 00
16 4 8 34 0.000165 00
16 4 8 35 0.000128 00
16 4 8 36 0.000095 00
16 4 8 37 0.000117 00
16 4 8 38 0.000231 00
16 4 8 39 0.000107 22
16 4 8 40 0.000029 20
16 4 8 41 0.000125 22
16 4 8 42 0.000080 00
16 4 8 43 0.000235 00
16 4 8 44 0.000212 00
16 4 8 45 0.000088 22
16 4 8 46 0.000086 00
16 4 8 47 0.000062 00
16 4 8 48 0.000142 00
16 4 8 49 0.000123 22
16 4 8 50 0.000060 00
16 4 8 51 0.000206 22
16 4 8 52 0.000092 00
16 4 8 53 0.000059 00
16 4 8 54 0.000117 00
16 4 8 55 0.000185 00
16 4 8 56 0.000138 00
16 4 8 57 0.000096 00
16 4 8 58 0.000190 00
16 4 8 59 0.000167 22
16 4 8 60 0.000293 00
16 4 8 61 0.000166 22
16 4 8 62 0.000210 00
16 4 8 63 0.000116 00
16 4 8 64 0.000095 00
16 4 8 65 0.000216 00
16 4 8 66 0.000140 00
16 4 8 67 0.000174 00
16 4 8 68 0.000093 00
16 4 8 69 0.000046 00
16 4 8 70 0.000067 00
16 4 8 71 0.000294 00
16 4 8 72 0.000264 22
16 4 8 73 0.000081 22
16 4 8 74 0.000116 00
16 4 8 75 0.000049 00
16 4 8 76 0.000171 00
16 4 8 77 0.000166 00
16 4 8 78 0.000129 22
16 4 8 79 0.000100 00
16 4 8 80 0.000192 00
16 4 8 81 0.000147 00
16 4 8 82 0.000226 00
16 4 8 83 0.000148 22
16 4 8 84 0.000110 00
16 4 8 85 0.000206 00
16 4 8 86 0.000200 00
16 4 8 87 0.000114 00
16 4 8 88 0.000178 00
16 4 8 89 0.000239 00
16 4 8 90 0.000118 00
16 4 8 91 0.000253 22
16 4 8 92 0.000112 22
16 4 8 93 0.000240 22
16 4 8 94 0.000147 22
16 4 8 95 0.000090 00
16 4 8 96 0.000186 00
16 4 8 97 0.000217 00
16 4 8 98 0.000133 00
16 4 8 99 0.000245 22
16 4 16 0 0.000166 0
16 4 16 1 0.000080 2
16 4 16 2 0.000132 0
16 4 16 3 0.000102 2
16 4 16 4 0.000132 0
16 4 16 5 0.000097 0
16 4 16 6 0.000154 0
16 4 16 7 0.000259 0
16 4 16 8 0.000167 2
16 4 16 9 0.000083 0
16 4 16 10 0.000111 0
16 4 16 11 0.000065 2
16 4 16 12 0.000074 0
16 4 16 13 0.000234 0
16 4 16 14 0.000134 2
16 4 16 15 0.000117 0
16 4 16 16 0.000115 2
16 4 16 17 0.000133 0
16 4 16 18 0.000114 0
16 4 16 19 0.000122 0
16 4 16 20 0.000178 0
16 4 16 21 0.000159 0
16 4 16 22 0.000078 0
16 4 16 23 0.000139 0
16 4 16 24 0.000130 0
16 4 16 25 0.000107 0
16 4 16 26 0.000036 0
16 4 16 27 0.000134 0
16 4 16 28 0.000126 2
16 4 16 29 0.000124 0
16 4 16 30 0.000146 0
16 4 16 31 0.000146 0
16 4 16 32 0.000147 2
16 4 16 33 0.000048 0
16 4 16 34 0.000168 0
16 4 16 35 0.000138 0
16 4 16 36 0.000148 0
16 4 16 37 0.000118 0
16 4 16 38 0.000184 0
16 4 16 39 0.000112 2
16 4 16 40 0.000026 0
16 4 16 41 0.000110 2
16 4 16 42 0.000128 0
16 4 16 43 0.000223 0
16 4 16 44 0.000186 0
16 4 16 45 0.000090 2
16 4 16 46 0.000081 0
16 4 16 47 0.000060 0
16 4 16 48 0.000231 0
16 4 16 49 0.000080 2
16 4 16 50 0.000058 0
16 4 16 51 0.000196 2
16 4 16 52 0.000095 0
16 4 16 53 0.000063 0
16 4 16 54 0.000187 0
16 4 16 55 0.000147 0
16 4 16 56 0.000153 0
16 4 16 57 0.000094 0
16 4 16 58 0.000186 0
16 4 16 59 0.000260 2
16 4 16 60 0.000222 0
16 4 16 61 0.000176 2
16 4 16 62 0.000211 0
16 4 16 63 0.000126 0
16 4 16 64 0.000153 0
16 4 16 65 0.000145 0
16 4 16 66 0.000143 0
16 4 16 67 0.000181 0
16 4 16 68 0.000095 0
16 4 16 69 0.000039 0
16 4 16 70 0.000064 0
16 4 16 71 0.000272 0
16 4 16 72 0.000261 2
16 4 16 73 0.000080 2
16 4 16 74 0.000129 0
16 4 16 75 0.000044 0
16 4 16 76 0.000123 0
16 4 16 77 0.000194 0
16 4 16 78 0.000136 2
16 4 16 79 0.000091 0
16 4 16 80 0.000191 0
16 4 16 81 0.000154 0
16 4 16 82 0.000286 0
16 4 16 83 0.000150 2
16 4 16 84 0.000116 0
16 4 16 85 0.000206 0
16 4 16 86 0.000136 0
16 4 16 87 0.000126 0
16 4 16 88 0.000223 0
16 4 16 89 0.000241 0
16 4 16 90 0.000120 0
16 4 16 91 0.000178 2
16 4 16 92 0.000117 2
16 4 16 93 0.000347 2
16 4 16 94 0.000150 2
16 4 16 95 0.000090 0
16 4 16 96 0.000142 0
16 4 16 97 0.000207 0
16 4 16 98 0.000176 0
16 4 16 99 0.000256 2
16 8 16 0 0.000265 0
16 8 16 1 0.000062 2
16 8 16 2 0.000204 0
16 8 16 3 0.000230 2
16 8 16 4 0.000227 0
16 8 16 5 0.000141 0
16 8 16 6 0.000194 0
16 8 16 7 0.000261 0
16 8 16 8 0.000320 2
16 8 16 9 0.000114 0
16 8 16 10 0.000157 0
16 8 16 11 0.000141 2
16 8 16 12 0.000087 0
16 8 16 13 0.000322 0
16 8 16 14 0.000209 2
16 8 16 15 0.000204 0
16 8 16 16 0.000180 2
16 8 16 17 0.000192 0
16 8 16 18 0.000188 0
16 8 16 19 0.000184 0
16 8 16 20 0.000311 0
16 8 16 21 0.000336 0
16 8 16 22 0.000131 0
16 8 16 23 0.000202 0
16 8 16 24 0.000081 0
16 8 16 25 0.000154 0
16 8 16 26 0.000041 2
16 8 16 27 0.000110 0
16 8 16 28 0.000235 2
16 8 16 29 0.000253 0
16 8 16 30 0.000122 0
16 8 16 31 0.000192 0
16 8 16 32 0.000225 2
16 8 16 33 0.000070 0
16 8 16 34 0.000292 0
16 8 16 35 0.000184 0
16 8 16 36 0.000122 0
16 8 16 37 0.000138 0
16 8 16 38 0.000219 0
16 8 16 39 0.000175 2
16 8 16 40 0.000040 2
16 8 16 41 0.000194 2
16 8 16 42 0.000130 0
16 8 16 43 0.000395 0
16 8 16 44 0.000434 0
16 8 16 45 0.000131 2
16 8 16 46 0.000146 0
16 8 16 47 0.000069 0
16 8 16 48 0.000179 0
16 8 16 49 0.000102 2
16 8 16 50 0.000115 0
16 8 16 51 0.000294 2
16 8 16 52 0.000178 0
16 8 16 53 0.000080 0
16 8 16 54 0.000167 0
16 8 16 55 0.000338 0
16 8 16 56 0.000147 0
16 8 16 57 0.000119 0
16 8 16 58 0.000291 0
16 8 16 59 0.000322 2
16 8 16 60 0.000340 0
16 8 16 61 0.000231 2
16 8 16 62 0.000267 0
16 8 16 63 0.000170 0
16 8 16 64 0.000183 0
16 8 16 65 0.000166 0
16 8 16 66 0.000225 0
16 8 16 67 0.000265 0
16 8 16 68 0.000131 0
16 8 16 69 0.000078 0
16 8 16 70 0.000096 0
16 8 16 71 0.000353 0
16 8 16 72 0.000409 2
16 8 16 73 0.000177 2
16 8 16 74 0.000146 0
16 8 16 75 0.000063 0
16 8 16 76 0.000230 0
16 8 16 77 0.000250 0
16 8 16 78 0.000287 2
16 8 16 79 0.000184 0
16 8 16 80 0.000249 0
16 8 16 81 0.000238 0
16 8 16 82 0.000471 0
16 8 16 83 0.000188 2
16 8 16 84 0.000198 0
16 8 16 85 0.000367 0
16 8 16 86 0.000232 0
16 8 16 87 0.000135 0
16 8 16 88 0.000339 0
16 8 16 89 0.000420 0
16 8 16 90 0.000251 0
16 8 16 91 0.000232 2
16 8 16 92 0.000152 2
16 8 16 93 0.000385 2
16 8 16 94 0.000278 2
16 8 16 95 0.000164 0
16 8 16 96 0.000159 0
16 8 16 97 0.000212 0
16 8 16 98 0.000247 0
16 8 16 99 0.000539 2
32 2 4 0 0.000137 00000000
32 2 4 1 0.000126 00000000
32 2 4 2 0.000142 00000000
32 2 4 3 0.000131 00000000
32 2 4 4 0.000222 00000000
32 2 4 5 0.000123 00000000
32 2 4 6 0.000155 00000000
32 2 4 7 0.000070 00000000
32 2 4 8 0.000141 00000000
32 2 4 9 0.000137 00000000
32 2 4 10 0.000181 00000000
32 2 4 11 0.000169 00000000
32 2 4 12 0.000126 00000000
32 2 4 13 0.000144 20000000
32 2 4 14 0.000130 20000000
32 2 4 15 0.000152 00000000
32 2 4 16 0.000265 22220000
32 2 4 17 0.000155 00000000
32 2 4 18 0.000128 20000000
32 2 4 19 0.000193 00000000
32 2 4 20 0.000133 00000000
32 2 4 21 0.000146 22222000
32 2 4 22 0.000201 00000000
32 2 4 23 0.000143 20000000
32 2 4 24 0.000130 22000000
32 2 4 25 0.000125 00000000
32 2 4 26 0.000147 00000000
32 2 4 27 0.000101 00000000
32 2 4 28 0.000190 00000000
32 2 4 29 0.000190 00000000
32 2 4 30 0.000134 22000000
32 2 4 31 0.000146 20000000
32 2 4 32 0.000104 00000000
32 2 4 33 0.000140 00000000
32 2 4 34 0.000164 00000000
32 2 4 35 0.000126 00000000
32 2 4 36 0.000138 00000000
32 2 4 37 0.000110 00000000
32 2 4 38 0.000135 00000000
32 2 4 39 0.000088 00000000
32 2 4 40 0.000150 00000000
32 2 4 41 0.000116 00000000
32 2 4 42 0.000133 00000000
32 2 4 43 0.000140 20000000
32 2 4 44 0.000129 00000000
32 2 4 45 0.000209 00000000
32 2 4 46 0.000149 20000000
32 2 4 47 0.000136 00000000
32 2 4 48 0.000077 00000000
32 2 4 49 0.000153 00000000
32 2 4 50 0.000150 00000000
32 2 4 51 0.000136 20000000
32 2 4 52 0.000108 00000000
32 2 4 53 0.000122 22000000
32 2 4 54 0.000103 20000000
32 2 4 55 0.000095 00000000
32 2 4 56 0.000134 00000000
32 2 4 57 0.000176 22222200
32 2 4 58 0.000221 22222000
32 2 4 59 0.000111 00000000
32 2 4 60 0.000170 00000000
32 2 4 61 0.000133 20000000
32 2 4 62 0.000132 00000000
32 2 4 63 0.000122 00000000
32 2 4 64 0.000131 00000000
32 2 4 65 0.000149 00000000
32 2 4 66 0.000131 00000000
32 2 4 67 0.000141 00000000
32 2 4 68 0.000087 00000000
32 2 4 69 0.000125 22000000
32 2 4 70 0.000135 00000000
32 2 4 71 0.000133 20000000
32 2 4 72 0.000124 22000000
32 2 4 73 0.000158 00000000
32 2 4 74 0.000138 00000000
32 2 4 75 0.000124 00000000
32 2 4 76 0.000188 00000000
32 2 4 77 0.000152 22000000
32 2 4 78 0.000118 00000000
32 2 4 79 0.000125 00000000
32 2 4 80 0.000100 00000000
32 2 4 81 0.000154 00000000
32 2 4 82 0.000173 22200000
32 2 4 83 0.000114 00000000
32 2 4 84 0.000161 00000000
32 2 4 85 0.000127 22000000
32 2 4 86 0.000118 20000000
32 2 4 87 0.000102 00000000
32 2 4 88 0.000173 00000000
32 2 4 89 0.000125 22000000
32 2 4 90 0.000148 00000000
32 2 4 91 0.000157 20000000
32 2 4 92 0.000105 20000000
32 2 4 93 0.000135 00000000
32 2 4 94 0.000141 20000000
32 2 4 95 0.000075 22000000
32 2 4 96 0.000136 22200000
32 2 4 97 0.000142 22220000
32 2 4 98 0.000191 22222000
32 2 4 99 0.000189 22000000
32 2 8 0 0.000137 0000
32 2 8 1 0.000117 0000
32 2 8 2 0.000135 0000
32 2 8 3 0.000129 0000
32 2 8 4 0.000123 0000
32 2 8 5 0.000123 0000
32 2 8 6 0.000177 0000
32 2 8 7 0.000070 0000
32 2 8 8 0.000139 0000
32 2 8 9 0.000129 0000
32 2 8 10 0.000123 0000
32 2 8 11 0.000159 0000
32 2 8 12 0.000163 0000
32 2 8 13 0.000145 0000
32 2 8 14 0.000123 0000
32 2 8 15 0.000147 0000
32 2 8 16 0.000164 2200
32 2 8 17 0.000198 0000
32 2 8 18 0.000129 0000
32 2 8 19 0.000187 0000
32 2 8 20 0.000130 0000
32 2 8 21 0.000140 2200
32 2 8 22 0.000166 0000
32 2 8 23 0.000213 0000
32 2 8 24 0.000127 2000
32 2 8 25 0.000112 0000
32 2 8 26 0.000141 0000
32 2 8 27 0.000090 0000
32 2 8 28 0.000174 0000
32 2 8 29 0.000286 0000
32 2 8 30 0.000135 2000
32 2 8 31 0.000150 0000
32 2 8 32 0.000098 0000
32 2 8 33 0.000092 0000
32 2 8 34 0.000159 0000
32 2 8 35 0.000197 0000
32 2 8 36 0.000138 0000
32 2 8 37 0.000107 0000
32 2 8 38 0.000129 0000
32 2 8 39 0.000075 0000
32 2 8 40 0.000118 0000
32 2 8 41 0.000129 0000
32 2 8 42 0.000145 0000
32 2 8 43 0.000131 0000
32 2 8 44 0.000127 0000
32 2 8 45 0.000186 0000
32 2 8 46 0.000141 0000
32 2 8 47 0.000182 0000
32 2 8 48 0.000080 0000
32 2 8 49 0.000147 0000
32 2 8 50 0.000147 0000
32 2 8 51 0.000108 0000
32 2 8 52 0.000100 0000
32 2 8 53 0.000121 2000
32 2 8 54 0.000157 0000
32 2 8 55 0.000093 0000
32 2 8 56 0.000132 0000
32 2 8 57 0.000166 2220
32 2 8 58 0.000164 2200
32 2 8 59 0.000102 0000
32 2 8 60 0.000193 0000
32 2 8 61 0.000123 0000
32 2 8 62 0.000128 0000
32 2 8 63 0.000103 0000
32 2 8 64 0.000131 0000
32 2 8 65 0.000143 0000
32 2 8 66 0.000158 0000
32 2 8 67 0.000140 0000
32 2 8 68 0.000086 0000
32 2 8 69 0.000123 2000
32 2 8 70 0.000091 0000
32 2 8 71 0.000127 0000
32 2 8 72 0.000195 2000
32 2 8 73 0.000154 0000
32 2 8 74 0.000133 0000
32 2 8 75 0.000116 0000
32 2 8 76 0.000144 0000
32 2 8 77 0.000151 2000
32 2 8 78 0.000158 0000
32 2 8 79 0.000122 0000
32 2 8 80 0.000095 0000
32 2 8 81 0.000151 0000
32 2 8 82 0.000144 2000
32 2 8 83 0.000109 0000
32 2 8 84 0.000246 0000
32 2 8 85 0.000114 0000
32 2 8 86 0.000119 0000
32 2 8 87 0.000098 0000
32 2 8 88 0.000116 0000
32 2 8 89 0.000123 2000
32 2 8 90 0.000201 0000
32 2 8 91 0.000154 0000
32 2 8 92 0.000096 0000
32 2 8 93 0.000112 0000
32 2 8 94 0.000116 0000
32 2 8 95 0.000070 0000
32 2 8 96 0.000139 2000
32 2 8 97 0.000181 2200
32 2 8 98 0.000181 2200
32 2 8 99 0.000155 2000
32 2 16 0 0.000146 00
32 2 16 1 0.000118 00
32 2 16 2 0.000172 00
32 2 16 3 0.000135 00
32 2 16 4 0.000130 00
32 2 16 5 0.000123 00
32 2 16 6 0.000156 00
32 2 16 7 0.000068 00
32 2 16 8 0.000141 00
32 2 16 9 0.000153 00
32 2 16 10 0.000127 00
32 2 16 11 0.000163 00
32 2 16 12 0.000128 00
32 2 16 13 0.000143 00
32 2 16 14 0.000155 00
32 2 16 15 0.000162 00
32 2 16 16 0.000176 20
32 2 16 17 0.000159 00
32 2 16 18 0.000132 00
32 2 16 19 0.000193 00
32 2 16 20 0.000203 00
32 2 16 21 0.000146 20
32 2 16 22 0.000169 00
32 2 16 23 0.000138 00
32 2 16 24 0.000135 00
32 2 16 25 0.000115 00
32 2 16 26 0.000186 00
32 2 16 27 0.000091 00
32 2 16 28 0.000171 00
32 2 16 29 0.000185 00
32 2 16 30 0.000137 00
32 2 16 31 0.000181 00
32 2 16 32 0.000104 00
32 2 16 33 0.000093 00
32 2 16 34 0.000154 00
32 2 16 35 0.000126 00
32 2 16 36 0.000147 00
32 2 16 37 0.000117 00
32 2 16 38 0.000154 00
32 2 16 39 0.000075 00
32 2 16 40 0.000120 00
32 2 16 41 0.000111 00
32 2 16 42 0.000134 00
32 2 16 43 0.000141 00
32 2 16 44 0.000147 00
32 2 16 45 0.000190 00
32 2 16 46 0.000150 00
32 2 16 47 0.000137 00
32 2 16 48 0.000075 00
32 2 16 49 0.000175 00
32 2 16 50 0.000156 00
32 2 16 51 0.000115 00
32 2 16 52 0.000104 00
32 2 16 53 0.000122 00
32 2 16 54 0.000097 00
32 2 16 55 0.000100 00
32 2 16 56 0.000181 00
32 2 16 57 0.000170 20
32 2 16 58 0.000161 20
32 2 16 59 0.000104 00
32 2 16 60 0.000173 00
32 2 16 61 0.000140 00
32 2 16 62 0.000145 00
32 2 16 63 0.000109 00
32 2 16 64 0.000123 00
32 2 16 65 0.000151 00
32 2 16 66 0.000134 00
32 2 16 67 0.000204 00
32 2 16 68 0.000085 00
32 2 16 69 0.000125 00
32 2 16 70 0.000089 00
32 2 16 71 0.000136 00
32 2 16 72 0.000123 00
32 2 16 73 0.000190 00
32 2 16 74 0.000140 00
32 2 16 75 0.000112 00
32 2 16 76 0.000154 00
32 2 16 77 0.000152 00
32 2 16 78 0.000110 00
32 2 16 79 0.000137 00
32 2 16 80 0.000118 00
32 2 16 81 0.000152 00
32 2 16 82 0.000149 00
32 2 16 83 0.000108 00
32 2 16 84 0.000165 00
32 2 16 85 0.000151 00
32 2 16 86 0.000122 00
32 2 16 87 0.000100 00
32 2 16 88 0.000111 00
32 2 16 89 0.000129 00
32 2 16 90 0.000141 00
32 2 16 91 0.000157 00
32 2 16 92 0.000130 00
32 2 16 93 0.000112 00
32 2 16 94 0.000116 00
32 2 16 95 0.000071 00
32 2 16 96 0.000140 00
32 2 16 97 0.000134 20
32 2 16 98 0.000234 20
32 2 16 99 0.000155 00
32 2 32 0 0.000137 0
32 2 32 1 0.000117 0
32 2 32 2 0.000131 0
32 2 32 3 0.000135 0
32 2 32 4 0.000157 0
32 2 32 5 0.000119 0
32 2 32 6 0.000154 0
32 2 32 7 0.000066 0
32 2 32 8 0.000135 0
32 2 32 9 0.000128 0
32 2 32 10 0.000193 0
32 2 32 11 0.000176 0
32 2 32 12 0.000120 0
32 2 32 13 0.000144 0
32 2 32 14 0.000130 0
32 2 32 15 0.000153 0
32 2 32 16 0.000244 0
32 2 32 17 0.000154 0
32 2 32 18 0.000133 0
32 2 32 19 0.000191 0
32 2 32 20 0.000129 0
32 2 32 21 0.000172 0
32 2 32 22 0.000174 0
32 2 32 23 0.000143 0
32 2 32 24 0.000128 0
32 2 32 25 0.000118 0
32 2 32 26 0.000144 0
32 2 32 27 0.000094 0
32 2 32 28 0.000194 0
32 2 32 29 0.000181 0
32 2 32 30 0.000133 0
32 2 32 31 0.000148 0
32 2 32 32 0.000098 0
32 2 32 33 0.000093 0
32 2 32 34 0.000197 0
32 2 32 35 0.000126 0
32 2 32 36 0.000140 0
32 2 32 37 0.000111 0
32 2 32 38 0.000132 0
32 2 32 39 0.000074 0
32 2 32 40 0.000187 0
32 2 32 41 0.000114 0
32 2 32 42 0.000137 0
32 2 32 43 0.000133 0
32 2 32 44 0.000127 0
32 2 32 45 0.000184 0
32 2 32 46 0.000215 0
32 2 32 47 0.000136 0
32 2 32 48 0.000074 0
32 2 32 49 0.000142 0
32 2 32 50 0.000149 0
32 2 32 51 0.000116 0
32 2 32 52 0.000102 0
32 2 32 53 0.000161 0
32 2 32 54 0.000107 0
32 2 32 55 0.000089 0
32 2 32 56 0.000137 0
32 2 32 57 0.000168 0
32 2 32 58 0.000162 0
32 2 32 59 0.000190 0
32 2 32 60 0.000170 0
32 2 32 61 0.000127 0
32 2 32 62 0.000138 0
32 2 32 63 0.000106 0
32 2 32 64 0.000121 0
32 2 32 65 0.000228 0
32 2 32 66 0.000130 0
32 2 32 67 0.000141 0
32 2 32 68 0.000083 0
32 2 32 69 0.000122 0
32 2 32 70 0.000089 0
32 2 32 71 0.000134 0
32 2 32 72 0.000166 0
32 2 32 73 0.000159 0
32 2 32 74 0.000140 0
32 2 32 75 0.000109 0
32 2 32 76 0.000149 0
32 2 32 77 0.000152 0
32 2 32 78 0.000140 0
32 2 32 79 0.000124 0
32 2 32 80 0.000101 0
32 2 32 81 0.000152 0
32 2 32 82 0.000148 0
32 2 32 83 0.000109 0
32 2 32 84 0.000253 0
32 2 32 85 0.000123 0
32 2 32 86 0.000118 0
32 2 32 87 0.000105 0
32 2 32 88 0.000109 0
32 2 32 89 0.000130 0
32 2 32 90 0.000170 0
32 2 32 91 0.000161 0
32 2 32 92 0.000099 0
32 2 32 93 0.000110 0
32 2 32 94 0.000116 0
32 2 32 95 0.000069 0
32 2 32 96 0.000136 0
32 2 32 97 0.000211 0
32 2 32 98 0.000192 0
32 2 32 99 0.000157 0
32 4 8 0 0.000342 0000
32 4 8 1 0.000355 0000
32 4 8 2 0.000362 0000
32 4 8 3 0.000326 0000
32 4 8 4 0.000363 0000
32 4 8 5 0.000322 0000
32 4 8 6 0.000395 0000
32 4 8 7 0.000130 0000
32 4 8 8 0.000256 0000
32 4 8 9 0.000360 0000
32 4 8 10 0.000305 0000
32 4 8 11 0.000476 0000
32 4 8 12 0.000364 0000
32 4 8 13 0.000414 2220
32 4 8 14 0.000315 2222
32 4 8 15 0.000488 0000
32 4 8 16 0.000462 2222
32 4 8 17 0.000384 0000
32 4 8 18 0.000417 2222
32 4 8 19 0.000531 0000
32 4 8 20 0.000315 0000
32 4 8 21 0.000460 2222
32 4 8 22 0.000491 0000
32 4 8 23 0.000336 2222
32 4 8 24 0.000341 2222
32 4 8 25 0.000276 0000
32 4 8 26 0.000338 0000
32 4 8 27 0.000203 0000
32 4 8 28 0.000564 0000
32 4 8 29 0.000536 0000
32 4 8 30 0.000309 2222
32 4 8 31 0.000412 2000
32 4 8 32 0.000243 0000
32 4 8 33 0.000218 0000
32 4 8 34 0.000504 0000
32 4 8 35 0.000315 0000
32 4 8 36 0.000370 0000
32 4 8 37 0.000243 0000
32 4 8 38 0.000457 0000
32 4 8 39 0.000171 0000
32 4 8 40 0.000296 0000
32 4 8 41 0.000287 0000
32 4 8 42 0.000436 0000
32 4 8 43 0.000330 2222
32 4 8 44 0.000340 0000
32 4 8 45 0.000618 0000
32 4 8 46 0.000403 2222
32 4 8 47 0.000302 0000
32 4 8 48 0.000183 0000
32 4 8 49 0.000426 0000
32 4 8 50 0.000395 0000
32 4 8 51 0.000269 2222
32 4 8 52 0.000289 0000
32 4 8 53 0.000294 2222
32 4 8 54 0.000231 2222
32 4 8 55 0.000191 0000
32 4 8 56 0.000473 0000
32 4 8 57 0.000457 2222
32 4 8 58 0.000451 2222
32 4 8 59 0.000292 0000
32 4 8 60 0.000475 0000
32 4 8 61 0.000365 2222
32 4 8 62 0.000427 0000
32 4 8 63 0.000238 0000
32 4 8 64 0.000331 0000
32 4 8 65 0.000466 0000
32 4 8 66 0.000332 0000
32 4 8 67 0.000322 0000
32 4 8 68 0.000179 0000
32 4 8 69 0.000376 2222
32 4 8 70 0.000235 0000
32 4 8 71 0.000306 2222
32 4 8 72 0.000298 2222
32 4 8 73 0.000531 0000
32 4 8 74 0.000365 0000
32 4 8 75 0.000294 0000
32 4 8 76 0.000494 0000
32 4 8 77 0.000367 2222
32 4 8 78 0.000277 0000
32 4 8 79 0.000357 0000
32 4 8 80 0.000221 0000
32 4 8 81 0.000395 0000
32 4 8 82 0.000376 2222
32 4 8 83 0.000273 0000
32 4 8 84 0.000485 0000
32 4 8 85 0.000328 2222
32 4 8 86 0.000357 2222
32 4 8 87 0.000245 0000
32 4 8 88 0.000257 0000
32 4 8 89 0.000286 2000
32 4 8 90 0.000467 0000
32 4 8 91 0.000466 2222
32 4 8 92 0.000210 2222
32 4 8 93 0.000324 0000
32 4 8 94 0.000321 2222
32 4 8 95 0.000145 2222
32 4 8 96 0.000330 2222
32 4 8 97 0.000452 2222
32 4 8 98 0.000532 2222
32 4 8 99 0.000379 2222
32 4 16 0 0.000456 00
32 4 16 1 0.000283 00
32 4 16 2 0.000337 00
32 4 16 3 0.000363 00
32 4 16 4 0.000350 00
32 4 16 5 0.000261 00
32 4 16 6 0.000393 00
32 4 16 7 0.000191 00
32 4 16 8 0.000256 00
32 4 16 9 0.000285 00
32 4 16 10 0.000313 00
32 4 16 11 0.000580 00
32 4 16 12 0.000255 00
32 4 16 13 0.000413 20
32 4 16 14 0.000411 22
32 4 16 15 0.000379 00
32 4 16 16 0.000456 22
32 4 16 17 0.000484 00
32 4 16 18 0.000323 22
32 4 16 19 0.000529 00
32 4 16 20 0.000425 00
32 4 16 21 0.000359 22
32 4 16 22 0.000471 00
32 4 16 23 0.000425 22
32 4 16 24 0.000251 22
32 4 16 25 0.000267 00
32 4 16 26 0.000359 00
32 4 16 27 0.000279 00
32 4 16 28 0.000465 00
32 4 16 29 0.000537 00
32 4 16 30 0.000354 22
32 4 16 31 0.000346 00
32 4 16 32 0.000218 00
32 4 16 33 0.000234 00
32 4 16 34 0.000440 00
32 4 16 35 0.000300 00
32 4 16 36 0.000344 00
32 4 16 37 0.000311 00
32 4 16 38 0.000361 00
32 4 16 39 0.000173 00
32 4 16 40 0.000298 00
32 4 16 41 0.000315 00
32 4 16 42 0.000330 00
32 4 16 43 0.000314 22
32 4 16 44 0.000440 00
32 4 16 45 0.000500 00
32 4 16 46 0.000405 22
32 4 16 47 0.000393 00
32 4 16 48 0.000146 00
32 4 16 49 0.000400 00
32 4 16 50 0.000383 00
32 4 16 51 0.000311 22
32 4 16 52 0.000242 00
32 4 16 53 0.000278 22
32 4 16 54 0.000246 22
32 4 16 55 0.000198 00
32 4 16 56 0.000372 00
32 4 16 57 0.000432 22
32 4 16 58 0.000564 22
32 4 16 59 0.000238 00
32 4 16 60 0.000477 00
32 4 16 61 0.000450 22
32 4 16 62 0.000360 00
32 4 16 63 0.000254 00
32 4 16 64 0.000391 00
32 4 16 65 0.000371 00
32 4 16 66 0.000326 00
32 4 16 67 0.000320 00
32 4 16 68 0.000186 00
32 4 16 69 0.000264 22
32 4 16 70 0.000236 00
32 4 16 71 0.000309 22
32 4 16 72 0.000298 22
32 4 16 73 0.000433 00
32 4 16 74 0.000359 00
32 4 16 75 0.000291 00
32 4 16 76 0.000386 00
32 4 16 77 0.000359 22
32 4 16 78 0.000261 00
32 4 16 79 0.000299 00
32 4 16 80 0.000229 00
32 4 16 81 0.000388 00
32 4 16 82 0.000378 22
32 4 16 83 0.000208 00
32 4 16 84 0.000477 00
32 4 16 85 0.000322 22
32 4 16 86 0.000254 22
32 4 16 87 0.000223 00
32 4 16 88 0.000261 00
32 4 16 89 0.000285 00
32 4 16 90 0.000378 00
32 4 16 91 0.000465 22
32 4 16 92 0.000226 22
32 4 16 93 0.000253 00
32 4 16 94 0.000311 22
32 4 16 95 0.000136 22
32 4 16 96 0.000340 22
32 4 16 97 0.000373 22
32 4 16 98 0.000552 22
32 4 16 99 0.000376 22
32 4 32 0 0.000343 0
32 4 32 1 0.000294 0
32 4 32 2 0.000333 0
32 4 32 3 0.000318 0
32 4 32 4 0.000329 0
32 4 32 5 0.000262 0
32 4 32 6 0.000374 0
32 4 32 7 0.000112 0
32 4 32 8 0.000238 0
32 4 32 9 0.000282 0
32 4 32 10 0.000316 0
32 4 32 11 0.000474 0
32 4 32 12 0.000268 0
32 4 32 13 0.000413 0
32 4 32 14 0.000324 2
32 4 32 15 0.000378 0
32 4 32 16 0.000445 2
32 4 32 17 0.000371 0
32 4 32 18 0.000313 2
32 4 32 19 0.000526 0
32 4 32 20 0.000308 0
32 4 32 21 0.000361 2
32 4 32 22 0.000481 0
32 4 32 23 0.000317 2
32 4 32 24 0.000242 2
32 4 32 25 0.000258 0
32 4 32 26 0.000354 0
32 4 32 27 0.000203 0
32 4 32 28 0.000473 0
32 4 32 29 0.000547 0
32 4 32 30 0.000314 2
32 4 32 31 0.000326 0
32 4 32 32 0.000220 0
32 4 32 33 0.000213 0
32 4 32 34 0.000440 0
32 4 32 35 0.000298 0
32 4 32 36 0.000340 0
32 4 32 37 0.000254 0
32 4 32 38 0.000355 0
32 4 32 39 0.000168 0
32 4 32 40 0.000286 0
32 4 32 41 0.000284 0
32 4 32 42 0.000345 0
32 4 32 43 0.000314 2
32 4 32 44 0.000319 0
32 4 32 45 0.000484 0
32 4 32 46 0.000438 2
32 4 32 47 0.000297 0
32 4 32 48 0.000145 0
32 4 32 49 0.000398 0
32 4 32 50 0.000387 0
32 4 32 51 0.000266 2
32 4 32 52 0.000233 0
32 4 32 53 0.000279 2
32 4 32 54 0.000237 2
32 4 32 55 0.000169 0
32 4 32 56 0.000381 0
32 4 32 57 0.000433 2
32 4 32 58 0.000944 2
32 4 32 59 0.000237 0
32 4 32 60 0.000478 0
32 4 32 61 0.000350 2
32 4 32 62 0.000342 0
32 4 32 63 0.000244 0
32 4 32 64 0.000329 0
32 4 32 65 0.000382 0
32 4 32 66 0.000331 0
32 4 32 67 0.000344 0
32 4 32 68 0.000180 0
32 4 32 69 0.000261 2
32 4 32 70 0.000228 0
32 4 32 71 0.000309 2
32 4 32 72 0.000296 2
32 4 32 73 0.000429 0
32 4 32 74 0.000351 0
32 4 32 75 0.000296 0
32 4 32 76 0.000368 0
32 4 32 77 0.000359 2
32 4 32 78 0.000260 0
32 4 32 79 0.000304 0
32 4 32 80 0.000225 0
32 4 32 81 0.000394 0
32 4 32 82 0.000371 2
32 4 32 83 0.000211 0
32 4 32 84 0.000468 0
32 4 32 85 0.000322 2
32 4 32 86 0.000264 2
32 4 32 87 0.000221 0
32 4 32 88 0.000255 0
32 4 32 89 0.000283 0
32 4 32 90 0.000387 0
32 4 32 91 0.000440 2
32 4 32 92 0.000220 2
32 4 32 93 0.000250 0
32 4 32 94 0.000304 2
32 4 32 95 0.000124 2
32 4 32 96 0.000327 2
32 4 32 97 0.000361 2
32 4 32 98 0.000531 2
32 4 32 99 0.000369 2
32 8 16 0 0.000890 00
32 8 16 1 0.000733 00
32 8 16 2 0.000979 00
32 8 16 3 0.000979 00
32 8 16 4 0.000884 00
32 8 16 5 0.000695 00
32 8 16 6 0.001018 00
32 8 16 7 0.000312 00
32 8 16 8 0.000598 00
32 8 16 9 0.000800 00
32 8 16 10 0.000911 00
32 8 16 11 0.001443 00
32 8 16 12 0.000626 00
32 8 16 13 0.001216 22
32 8 16 14 0.000814 22
32 8 16 15 0.001119 00
32 8 16 16 0.001258 22
32 8 16 17 0.001078 00
32 8 16 18 0.000775 22
32 8 16 19 0.001565 00
32 8 16 20 0.000805 00
32 8 16 21 0.001020 22
32 8 16 22 0.001367 00
32 8 16 23 0.000985 22
32 8 16 24 0.000682 22
32 8 16 25 0.000662 00
32 8 16 26 0.000970 00
32 8 16 27 0.000408 00
32 8 16 28 0.001280 00
32 8 16 29 0.001670 00
32 8 16 30 0.000708 22
32 8 16 31 0.000833 22
32 8 16 32 0.000513 00
32 8 16 33 0.000489 00
32 8 16 34 0.001248 00
32 8 16 35 0.000741 00
32 8 16 36 0.001001 00
32 8 16 37 0.000683 00
32 8 16 38 0.000953 00
32 8 16 39 0.000336 00
32 8 16 40 0.000637 00
32 8 16 41 0.000810 00
32 8 16 42 0.000894 00
32 8 16 43 0.000880 22
32 8 16 44 0.000774 00
32 8 16 45 0.001269 00
32 8 16 46 0.001034 22
32 8 16 47 0.000789 00
32 8 16 48 0.000298 00
32 8 16 49 0.001027 00
32 8 16 50 0.001105 00
32 8 16 51 0.000635 22
32 8 16 52 0.000568 00
32 8 16 53 0.000780 22
32 8 16 54 0.000616 22
32 8 16 55 0.000344 00
32 8 16 56 0.001112 00
32 8 16 57 0.001347 22
32 8 16 58 0.001204 22
32 8 16 59 0.000574 00
32 8 16 60 0.001277 00
32 8 16 61 0.000930 22
32 8 16 62 0.000846 00
32 8 16 63 0.000548 00
32 8 16 64 0.000919 00
32 8 16 65 0.001015 00
32 8 16 66 0.000898 00
32 8 16 67 0.000788 00
32 8 16 68 0.000467 00
32 8 16 69 0.000482 22
32 8 16 70 0.000613 00
32 8 16 71 0.000857 22
32 8 16 72 0.000705 22
32 8 16 73 0.001341 00
32 8 16 74 0.000768 00
32 8 16 75 0.000696 00
32 8 16 76 0.001041 00
32 8 16 77 0.000935 22
32 8 16 78 0.000682 00
32 8 16 79 0.000883 00
32 8 16 80 0.000582 00
32 8 16 81 0.001027 00
32 8 16 82 0.000870 22
32 8 16 83 0.000563 00
32 8 16 84 0.001405 00
32 8 16 85 0.000967 22
32 8 16 86 0.000683 22
32 8 16 87 0.000529 00
32 8 16 88 0.000628 00
32 8 16 89 0.000724 22
32 8 16 90 0.000995 00
32 8 16 91 0.001297 22
32 8 16 92 0.000495 22
32 8 16 93 0.000571 00
32 8 16 94 0.000889 22
32 8 16 95 0.000308 22
32 8 16 96 0.000857 22
32 8 16 97 0.000871 22
32 8 16 98 0.001467 22
32 8 16 99 0.000940 22
32 8 32 0 0.000823 0
32 8 32 1 0.000711 0
32 8 32 2 0.001023 0
32 8 32 3 0.000954 0
32 8 32 4 0.000853 0
32 8 32 5 0.000634 0
32 8 32 6 0.001002 0
32 8 32 7 0.000297 0
32 8 32 8 0.000582 0
32 8 32 9 0.000785 0
32 8 32 10 0.000880 0
32 8 32 11 0.001409 0
32 8 32 12 0.000670 0
32 8 32 13 0.001223 2
32 8 32 14 0.000852 2
32 8 32 15 0.001087 0
32 8 32 16 0.001331 2
32 8 32 17 0.001098 0
32 8 32 18 0.000809 2
32 8 32 19 0.001578 0
32 8 32 20 0.000808 0
32 8 32 21 0.001030 2
32 8 32 22 0.001356 0
32 8 32 23 0.000987 2
32 8 32 24 0.000631 2
32 8 32 25 0.000615 0
32 8 32 26 0.000933 0
32 8 32 27 0.000366 0
32 8 32 28 0.001261 0
32 8 32 29 0.001702 0
32 8 32 30 0.000674 2
32 8 32 31 0.000844 2
32 8 32 32 0.000452 0
32 8 32 33 0.000483 0
32 8 32 34 0.001259 0
32 8 32 35 0.000701 0
32 8 32 36 0.001024 0
32 8 32 37 0.000672 0
32 8 32 38 0.001080 0
32 8 32 39 0.000332 0
32 8 32 40 0.000615 0
32 8 32 41 0.000812 0
32 8 32 42 0.000892 0
32 8 32 43 0.001550 2
32 8 32 44 0.000767 0
32 8 32 45 0.001258 0
32 8 32 46 0.001025 2
32 8 32 47 0.000759 0
32 8 32 48 0.000292 0
32 8 32 49 0.000979 0
32 8 32 50 0.001107 0
32 8 32 51 0.000630 2
32 8 32 52 0.000562 0
32 8 32 53 0.000769 2
32 8 32 54 0.000639 2
32 8 32 55 0.000313 0
32 8 32 56 0.001079 0
32 8 32 57 0.001373 2
32 8 32 58 0.001141 2
32 8 32 59 0.000566 0
32 8 32 60 0.001286 0
32 8 32 61 0.000893 2
32 8 32 62 0.000895 0
32 8 32 63 0.000539 0
32 8 32 64 0.000849 0
32 8 32 65 0.000929 0
32 8 32 66 0.000885 0
32 8 32 67 0.000753 0
32 8 32 68 0.000463 0
32 8 32 69 0.000471 2
32 8 32 70 0.000561 0
32 8 32 71 0.000809 2
32 8 32 72 0.000683 2
32 8 32 73 0.001230 0
32 8 32 74 0.000737 0
32 8 32 75 0.000660 0
32 8 32 76 0.001027 0
32 8 32 77 0.000921 2
32 8 32 78 0.000619 0
32 8 32 79 0.000835 0
32 8 32 80 0.000581 0
32 8 32 81 0.000965 0
32 8 32 82 0.000908 2
32 8 32 83 0.000575 0
32 8 32 84 0.001448 0
32 8 32 85 0.000892 2
32 8 32 86 0.000623 2
32 8 32 87 0.000527 0
32 8 32 88 0.000615 0
32 8 32 89 0.000690 2
32 8 32 90 0.001015 0
32 8 32 91 0.001200 2
32 8 32 92 0.000456 2
32 8 32 93 0.000562 0
32 8 32 94 0.000842 2
32 8 32 95 0.000296 2
32 8 32 96 0.000838 2
32 8 32 97 0.000867 2
32 8 32 98 0.001492 2
32 8 32 99 0.000878 2
64 2 4 0 0.000214 0000000000000000
64 2 4 1 0.000328 0000000000000000
64 2 4 2 0.000308 0000000000000000
64 2 4 3 0.000216 0000000000000000
64 2 4 4 0.000294 2220000000000000
64 2 4 5 0.000320 0000000000000000
64 2 4 6 0.000234 0000000000000000
64 2 4 7 0.000217 0000000000000000
64 2 4 8 0.000255 0000000000000000
64 2 4 9 0.000288 0000000000000000
64 2 4 10 0.000249 0000000000000000
64 2 4 11 0.000243 2200000000000000
64 2 4 12 0.000286 0000000000000000
64 2 4 13 0.000271 2222000000000000
64 2 4 14 0.000254 2000000000000000
64 2 4 15 0.000241 0000000000000000
64 2 4 16 0.000269 0000000000000000
64 2 4 17 0.000282 2200000000000000
64 2 4 18 0.000270 0000000000000000
64 2 4 19 0.000348 0000000000000000
64 2 4 20 0.000284 0000000000000000
64 2 4 21 0.000297 2200000000000000
64 2 4 22 0.000291 0000000000000000
64 2 4 23 0.000247 0000000000000000
64 2 4 24 0.000264 0000000000000000
64 2 4 25 0.000281 2000000000000000
64 2 4 26 0.000309 2000000000000000
64 2 4 27 0.000319 2200000000000000
64 2 4 28 0.000251 2200000000000000
64 2 4 29 0.000277 0000000000000000
64 2 4 30 0.000285 0000000000000000
64 2 4 31 0.000340 0000000000000000
64 2 4 32 0.000242 0000000000000000
64 2 4 33 0.000228 0000000000000000
64 2 4 34 0.000265 0000000000000000
64 2 4 35 0.000233 2000000000000000
64 2 4 36 0.000293 0000000000000000
64 2 4 37 0.000283 0000000000000000
64 2 4 38 0.000287 2000000000000000
64 2 4 39 0.000332 0000000000000000
64 2 4 40 0.000262 0000000000000000
64 2 4 41 0.000300 0000000000000000
64 2 4 42 0.000286 2220000000000000
64 2 4 43 0.000287 2000000000000000
64 2 4 44 0.000298 2200000000000000
64 2 4 45 0.000267 0000000000000000
64 2 4 46 0.000265 0000000000000000
64 2 4 47 0.000269 0000000000000000
64 2 4 48 0.000277 0000000000000000
64 2 4 49 0.000280 0000000000000000
64 2 4 50 0.000292 0000000000000000
64 2 4 51 0.000235 0000000000000000
64 2 4 52 0.000306 2200000000000000
64 2 4 53 0.000287 0000000000000000
64 2 4 54 0.000291 2000000000000000
64 2 4 55 0.000321 0000000000000000
64 2 4 56 0.000258 2000000000000000
64 2 4 57 0.000273 2000000000000000
64 2 4 58 0.000275 2220000000000000
64 2 4 59 0.000302 0000000000000000
64 2 4 60 0.000263 0000000000000000
64 2 4 61 0.000318 2220000000000000
64 2 4 62 0.000297 0000000000000000
64 2 4 63 0.000303 0000000000000000
64 2 4 64 0.000256 0000000000000000
64 2 4 65 0.000225 0000000000000000
64 2 4 66 0.000273 0000000000000000
64 2 4 67 0.000330 0000000000000000
64 2 4 68 0.000328 0000000000000000
64 2 4 69 0.000274 0000000000000000
64 2 4 70 0.000217 0000000000000000
64 2 4 71 0.000323 0000000000000000
64 2 4 72 0.000289 0000000000000000
64 2 4 73 0.000232 2200000000000000
64 2 4 74 0.000297 0000000000000000
64 2 4 75 0.000258 2000000000000000
64 2 4 76 0.000342 0000000000000000
64 2 4 77 0.000313 2000000000000000
64 2 4 78 0.000300 0000000000000000
64 2 4 79 0.000227 0000000000000000
64 2 4 80 0.000242 0000000000000000
64 2 4 81 0.000325 0000000000000000
64 2 4 82 0.000324 0000000000000000
64 2 4 83 0.000254 0000000000000000
64 2 4 84 0.000268 0000000000000000
64 2 4 85 0.000285 0000000000000000
64 2 4 86 0.000289 0000000000000000
64 2 4 87 0.000283 0000000000000000
64 2 4 88 0.000228 0000000000000000
64 2 4 89 0.000246 2000000000000000
64 2 4 90 0.000286 0000000000000000
64 2 4 91 0.000273 0000000000000000
64 2 4 92 0.000335 0000000000000000
64 2 4 93 0.000307 0000000000000000
64 2 4 94 0.000300 0000000000000000
64 2 4 95 0.000275 0000000000000000
64 2 4 96 0.000312 0000000000000000
64 2 4 97 0.000226 0000000000000000
64 2 4 98 0.000297 0000000000000000
64 2 4 99 0.000255 0000000000000000
64 2 8 0 0.000203 00000000
64 2 8 1 0.000335 00000000
64 2 8 2 0.000308 00000000
64 2 8 3 0.000215 00000000
64 2 8 4 0.000280 20000000
64 2 8 5 0.000313 00000000
64 2 8 6 0.000223 00000000
64 2 8 7 0.000210 00000000
64 2 8 8 0.000239 00000000
64 2 8 9 0.000277 00000000
64 2 8 10 0.000248 00000000
64 2 8 11 0.000233 20000000
64 2 8 12 0.000264 00000000
64 2 8 13 0.000269 22000000
64 2 8 14 0.000243 00000000
64 2 8 15 0.000245 00000000
64 2 8 16 0.000266 00000000
64 2 8 17 0.000258 20000000
64 2 8 18 0.000262 00000000
64 2 8 19 0.000337 00000000
64 2 8 20 0.000280 00000000
64 2 8 21 0.000282 20000000
64 2 8 22 0.000283 00000000
64 2 8 23 0.000238 00000000
64 2 8 24 0.000260 00000000
64 2 8 25 0.000287 00000000
64 2 8 26 0.000305 00000000
64 2 8 27 0.000314 20000000
64 2 8 28 0.000242 20000000
64 2 8 29 0.000282 00000000
64 2 8 30 0.000273 00000000
64 2 8 31 0.000330 00000000
64 2 8 32 0.000230 00000000
64 2 8 33 0.000239 00000000
64 2 8 34 0.000268 00000000
64 2 8 35 0.000226 00000000
64 2 8 36 0.000287 00000000
64 2 8 37 0.000289 00000000
64 2 8 38 0.000282 00000000
64 2 8 39 0.000323 00000000
64 2 8 40 0.000253 00000000
64 2 8 41 0.000302 00000000
64 2 8 42 0.000279 20000000
64 2 8 43 0.000278 00000000
64 2 8 44 0.000289 20000000
64 2 8 45 0.000261 00000000
64 2 8 46 0.000259 00000000
64 2 8 47 0.000260 00000000
64 2 8 48 0.000256 00000000
64 2 8 49 0.000282 00000000
64 2 8 50 0.000279 00000000
64 2 8 51 0.000224 00000000
64 2 8 52 0.000297 20000000
64 2 8 53 0.000278 00000000
64 2 8 54 0.000305 00000000
64 2 8 55 0.000312 00000000
64 2 8 56 0.000255 00000000
64 2 8 57 0.000272 00000000
64 2 8 58 0.000272 20000000
64 2 8 59 0.000287 00000000
64 2 8 60 0.000246 00000000
64 2 8 61 0.000303 20000000
64 2 8 62 0.000293 00000000
64 2 8 63 0.000278 00000000
64 2 8 64 0.000248 00000000
64 2 8 65 0.000217 00000000
64 2 8 66 0.000297 00000000
64 2 8 67 0.000319 00000000
64 2 8 68 0.000338 00000000
64 2 8 69 0.000264 00000000
64 2 8 70 0.000213 00000000
64 2 8 71 0.000318 00000000
64 2 8 72 0.000289 00000000
64 2 8 73 0.000227 20000000
64 2 8 74 0.000297 00000000
64 2 8 75 0.000252 00000000
64 2 8 76 0.000324 00000000
64 2 8 77 0.000297 00000000
64 2 8 78 0.000301 00000000
64 2 8 79 0.000212 00000000
64 2 8 80 0.000229 00000000
64 2 8 81 0.000312 00000000
64 2 8 82 0.000319 00000000
64 2 8 83 0.000246 00000000
64 2 8 84 0.000264 00000000
64 2 8 85 0.000268 00000000
64 2 8 86 0.000287 00000000
64 2 8 87 0.000265 00000000
64 2 8 88 0.000205 00000000
64 2 8 89 0.000238 00000000
64 2 8 90 0.000275 00000000
64 2 8 91 0.000264 00000000
64 2 8 92 0.000313 00000000
64 2 8 93 0.000290 00000000
64 2 8 94 0.000328 00000000
64 2 8 95 0.000258 00000000
64 2 8 96 0.000300 00000000
64 2 8 97 0.000212 00000000
64 2 8 98 0.000300 00000000
64 2 8 99 0.000247 00000000
64 2 16 0 0.000206 0000
64 2 16 1 0.000322 0000
64 2 16 2 0.000312 0000
64 2 16 3 0.000215 0000
64 2 16 4 0.000280 0000
64 2 16 5 0.000312 0000
64 2 16 6 0.000221 0000
64 2 16 7 0.000223 0000
64 2 16 8 0.000242 0000
64 2 16 9 0.000282 0000
64 2 16 10 0.000239 0000
64 2 16 11 0.000248 0000
64 2 16 12 0.000267 0000
64 2 16 13 0.000269 2000
64 2 16 14 0.000244 0000
64 2 16 15 0.000233 0000
64 2 16 16 0.000263 0000
64 2 16 17 0.000265 0000
64 2 16 18 0.000270 0000
64 2 16 19 0.000349 0000
64 2 16 20 0.000286 0000
64 2 16 21 0.000279 0000
64 2 16 22 0.000285 0000
64 2 16 23 0.000247 0000
64 2 16 24 0.000263 0000
64 2 16 25 0.000273 0000
64 2 16 26 0.000302 0000
64 2 16 27 0.000317 0000
64 2 16 28 0.000243 0000
64 2 16 29 0.000281 0000
64 2 16 30 0.000276 0000
64 2 16 31 0.000342 0000
64 2 16 32 0.000240 0000
64 2 16 33 0.000225 0000
64 2 16 34 0.000268 0000
64 2 16 35 0.000229 0000
64 2 16 36 0.000315 0000
64 2 16 37 0.000280 0000
64 2 16 38 0.000281 0000
64 2 16 39 0.000330 0000
64 2 16 40 0.000258 0000
64 2 16 41 0.000293 0000
64 2 16 42 0.000283 0000
64 2 16 43 0.000300 0000
64 2 16 44 0.000288 0000
64 2 16 45 0.000265 0000
64 2 16 46 0.000263 0000
64 2 16 47 0.000276 0000
64 2 16 48 0.000263 0000
64 2 16 49 0.000279 0000
64 2 16 50 0.000283 0000
64 2 16 51 0.000229 0000
64 2 16 52 0.000305 0000
64 2 16 53 0.000273 0000
64 2 16 54 0.000283 0000
64 2 16 55 0.000322 0000
64 2 16 56 0.000248 0000
64 2 16 57 0.000257 0000
64 2 16 58 0.000268 0000
64 2 16 59 0.000299 0000
64 2 16 60 0.000240 0000
64 2 16 61 0.000307 0000
64 2 16 62 0.000295 0000
64 2 16 63 0.000287 0000
64 2 16 64 0.000248 0000
64 2 16 65 0.000219 0000
64 2 16 66 0.000270 0000
64 2 16 67 0.000329 0000
64 2 16 68 0.000332 0000
64 2 16 69 0.000266 0000
64 2 16 70 0.000206 0000
64 2 16 71 0.000324 0000
64 2 16 72 0.000292 0000
64 2 16 73 0.000224 0000
64 2 16 74 0.000288 0000
64 2 16 75 0.000270 0000
64 2 16 76 0.000327 0000
64 2 16 77 0.000305 0000
64 2 16 78 0.000298 0000
64 2 16 79 0.000223 0000
64 2 16 80 0.000231 0000
64 2 16 81 0.000324 0000
64 2 16 82 0.000323 0000
64 2 16 83 0.000261 0000
64 2 16 84 0.000246 0000
64 2 16 85 0.000267 0000
64 2 16 86 0.000291 0000
64 2 16 87 0.000265 0000
64 2 16 88 0.000222 0000
64 2 16 89 0.000239 0000
64 2 16 90 0.000285 0000
64 2 16 91 0.000266 0000
64 2 16 92 0.000324 0000
64 2 16 93 0.000297 0000
64 2 16 94 0.000296 0000
64 2 16 95 0.000259 0000
64 2 16 96 0.000310 0000
64 2 16 97 0.000209 0000
64 2 16 98 0.000285 0000
64 2 16 99 0.000247 0000
64 2 32 0 0.000208 00
64 2 32 1 0.000333 00
64 2 32 2 0.000311 00
64 2 32 3 0.000215 00
64 2 32 4 0.000280 00
64 2 32 5 0.000317 00
64 2 32 6 0.000229 00
64 2 32 7 0.000212 00
64 2 32 8 0.000241 00
64 2 32 9 0.000283 00
64 2 32 10 0.000240 00
64 2 32 11 0.000243 00
64 2 32 12 0.000276 00
64 2 32 13 0.000277 00
64 2 32 14 0.000244 00
64 2 32 15 0.000228 00
64 2 32 16 0.000255 00
64 2 32 17 0.000277 00
64 2 32 18 0.000270 00
64 2 32 19 0.000345 00
64 2 32 20 0.000287 00
64 2 32 21 0.000277 00
64 2 32 22 0.000290 00
64 2 32 23 0.000242 00
64 2 32 24 0.000263 00
64 2 32 25 0.000272 00
64 2 32 26 0.000320 00
64 2 32 27 0.000327 00
64 2 32 28 0.000248 00
64 2 32 29 0.000284 00
64 2 32 30 0.000292 00
64 2 32 31 0.000339 00
64 2 32 32 0.000239 00
64 2 32 33 0.000227 00
64 2 32 34 0.000294 00
64 2 32 35 0.000230 00
64 2 32 36 0.000298 00
64 2 32 37 0.000280 00
64 2 32 38 0.000287 00
64 2 32 39 0.000342 00
64 2 32 40 0.000260 00
64 2 32 41 0.000298 00
64 2 32 42 0.000290 00
64 2 32 43 0.000287 00
64 2 32 44 0.000291 00
64 2 32 45 0.000264 00
64 2 32 46 0.000271 00
64 2 32 47 0.000261 00
64 2 32 48 0.000268 00
64 2 32 49 0.000278 00
64 2 32 50 0.000299 00
64 2 32 51 0.000232 00
64 2 32 52 0.000308 00
64 2 32 53 0.000274 00
64 2 32 54 0.000285 00
64 2 32 55 0.000326 00
64 2 32 56 0.000252 00
64 2 32 57 0.000254 00
64 2 32 58 0.000276 00
64 2 32 59 0.000297 00
64 2 32 60 0.000251 00
64 2 32 61 0.000315 00
64 2 32 62 0.000304 00
64 2 32 63 0.000296 00
64 2 32 64 0.000250 00
64 2 32 65 0.000223 00
64 2 32 66 0.000270 00
64 2 32 67 0.000363 00
64 2 32 68 0.000336 00
64 2 32 69 0.000269 00
64 2 32 70 0.000212 00
64 2 32 71 0.000325 00
64 2 32 72 0.000292 00
64 2 32 73 0.000231 00
64 2 32 74 0.000300 00
64 2 32 75 0.000267 00
64 2 32 76 0.000331 00
64 2 32 77 0.000304 00
64 2 32 78 0.000307 00
64 2 32 79 0.000216 00
64 2 32 80 0.000233 00
64 2 32 81 0.000316 00
64 2 32 82 0.000324 00
64 2 32 83 0.000257 00
64 2 32 84 0.000248 00
64 2 32 85 0.000275 00
64 2 32 86 0.000292 00
64 2 32 87 0.000278 00
64 2 32 88 0.000206 00
64 2 32 89 0.000239 00
64 2 32 90 0.000286 00
64 2 32 91 0.000271 00
64 2 32 92 0.000328 00
64 2 32 93 0.000294 00
64 2 32 94 0.000298 00
64 2 32 95 0.000267 00
64 2 32 96 0.000316 00
64 2 32 97 0.000211 00
64 2 32 98 0.000292 00
64 2 32 99 0.000252 00
64 4 8 0 0.000557 00000000
64 4 8 1 0.000968 00000000
64 4 8 2 0.000865 00000000
64 4 8 3 0.000479 00000000
64 4 8 4 0.000793 22222222
64 4 8 5 0.000884 00000000
64 4 8 6 0.000598 00000000
64 4 8 7 0.000577 00000000
64 4 8 8 0.000632 00000000
64 4 8 9 0.000725 00000000
64 4 8 10 0.000618 00000000
64 4 8 11 0.000622 20000000
64 4 8 12 0.000742 00000000
64 4 8 13 0.000698 22222222
64 4 8 14 0.000597 20000000
64 4 8 15 0.000600 00000000
64 4 8 16 0.000696 00000000
64 4 8 17 0.000699 22222222
64 4 8 18 0.000732 00000000
64 4 8 19 0.000944 00000000
64 4 8 20 0.000730 00000000
64 4 8 21 0.000772 22222222
64 4 8 22 0.000735 00000000
64 4 8 23 0.000626 00000000
64 4 8 24 0.000709 00000000
64 4 8 25 0.000778 22222222
64 4 8 26 0.000789 22222222
64 4 8 27 0.000813 22222222
64 4 8 28 0.000633 22222000
64 4 8 29 0.000724 00000000
64 4 8 30 0.000705 00000000
64 4 8 31 0.000942 00000000
64 4 8 32 0.000566 00000000
64 4 8 33 0.000517 00000000
64 4 8 34 0.000678 00000000
64 4 8 35 0.000577 22200000
64 4 8 36 0.000782 00000000
64 4 8 37 0.000760 00000000
64 4 8 38 0.000765 22222222
64 4 8 39 0.000927 00000000
64 4 8 40 0.000683 00000000
64 4 8 41 0.000766 00000000
64 4 8 42 0.000695 22222222
64 4 8 43 0.000768 22222222
64 4 8 44 0.000831 22222222
64 4 8 45 0.000653 00000000
64 4 8 46 0.000642 00000000
64 4 8 47 0.000632 00000000
64 4 8 48 0.000696 00000000
64 4 8 49 0.000727 00000000
64 4 8 50 0.000723 00000000
64 4 8 51 0.000580 00000000
64 4 8 52 0.000838 22000000
64 4 8 53 0.000736 00000000
64 4 8 54 0.000778 22222222
64 4 8 55 0.000900 00000000
64 4 8 56 0.000633 20000000
64 4 8 57 0.000728 22200000
64 4 8 58 0.000665 22220000
64 4 8 59 0.000813 00000000
64 4 8 60 0.000649 00000000
64 4 8 61 0.000875 22222222
64 4 8 62 0.000780 00000000
64 4 8 63 0.000813 00000000
64 4 8 64 0.000631 00000000
64 4 8 65 0.000519 00000000
64 4 8 66 0.000668 00000000
64 4 8 67 0.000879 00000000
64 4 8 68 0.000970 00000000
64 4 8 69 0.000726 00000000
64 4 8 70 0.000496 00000000
64 4 8 71 0.000862 00000000
64 4 8 72 0.000793 00000000
64 4 8 73 0.000560 22000000
64 4 8 74 0.000758 00000000
64 4 8 75 0.000626 22222222
64 4 8 76 0.000893 00000000
64 4 8 77 0.000846 22222222
64 4 8 78 0.000882 00000000
64 4 8 79 0.000545 00000000
64 4 8 80 0.000575 00000000
64 4 8 81 0.000840 00000000
64 4 8 82 0.000860 00000000
64 4 8 83 0.000626 00000000
64 4 8 84 0.000656 00000000
64 4 8 85 0.000712 00000000
64 4 8 86 0.000809 00000000
64 4 8 87 0.000700 00000000
64 4 8 88 0.000419 00000000
64 4 8 89 0.000565 22000000
64 4 8 90 0.000730 00000000
64 4 8 91 0.000634 00000000
64 4 8 92 0.000915 00000000
64 4 8 93 0.000808 00000000
64 4 8 94 0.000751 00000000
64 4 8 95 0.000662 00000000
64 4 8 96 0.000792 00000000
64 4 8 97 0.000516 00000000
64 4 8 98 0.000783 00000000
64 4 8 99 0.000574 00000000
64 4 16 0 0.000564 0000
64 4 16 1 0.000927 0000
64 4 16 2 0.000835 0000
64 4 16 3 0.000457 0000
64 4 16 4 0.000807 2222
64 4 16 5 0.000887 0000
64 4 16 6 0.000588 0000
64 4 16 7 0.000566 0000
64 4 16 8 0.000616 0000
64 4 16 9 0.000700 0000
64 4 16 10 0.000629 0000
64 4 16 11 0.000605 0000
64 4 16 12 0.000740 0000
64 4 16 13 0.000685 2222
64 4 16 14 0.000607 0000
64 4 16 15 0.000590 0000
64 4 16 16 0.000665 0000
64 4 16 17 0.000699 2222
64 4 16 18 0.000686 0000
64 4 16 19 0.000993 0000
64 4 16 20 0.000734 0000
64 4 16 21 0.000765 2222
64 4 16 22 0.000729 0000
64 4 16 23 0.000586 0000
64 4 16 24 0.000667 0000
64 4 16 25 0.000759 2222
64 4 16 26 0.000771 2222
64 4 16 27 0.000788 2222
64 4 16 28 0.000636 2200
64 4 16 29 0.000706 0000
64 4 16 30 0.000691 0000
64 4 16 31 0.000937 0000
64 4 16 32 0.000557 0000
64 4 16 33 0.000521 0000
64 4 16 34 0.000684 0000
64 4 16 35 0.000553 2000
64 4 16 36 0.000778 0000
64 4 16 37 0.000730 0000
64 4 16 38 0.000759 2222
64 4 16 39 0.000891 0000
64 4 16 40 0.000671 0000
64 4 16 41 0.000774 0000
64 4 16 42 0.000663 2222
64 4 16 43 0.000761 2222
64 4 16 44 0.000805 2222
64 4 16 45 0.000642 0000
64 4 16 46 0.000645 0000
64 4 16 47 0.000623 0000
64 4 16 48 0.000684 0000
64 4 16 49 0.000726 0000
64 4 16 50 0.000704 0000
64 4 16 51 0.000568 0000
64 4 16 52 0.000847 2000
64 4 16 53 0.000713 0000
64 4 16 54 0.000754 2222
64 4 16 55 0.000902 0000
64 4 16 56 0.000621 0000
64 4 16 57 0.000701 0000
64 4 16 58 0.000641 2200
64 4 16 59 0.000787 0000
64 4 16 60 0.000628 0000
64 4 16 61 0.000892 2222
64 4 16 62 0.000755 0000
64 4 16 63 0.000764 0000
64 4 16 64 0.000615 0000
64 4 16 65 0.000509 0000
64 4 16 66 0.000639 0000
64 4 16 67 0.000857 0000
64 4 16 68 0.000909 0000
64 4 16 69 0.000693 0000
64 4 16 70 0.000476 0000
64 4 16 71 0.000821 0000
64 4 16 72 0.000783 0000
64 4 16 73 0.000547 2000
64 4 16 74 0.000746 0000
64 4 16 75 0.000605 2222
64 4 16 76 0.000900 0000
64 4 16 77 0.000841 2222
64 4 16 78 0.000868 0000
64 4 16 79 0.000534 0000
64 4 16 80 0.000550 0000
64 4 16 81 0.000853 0000
64 4 16 82 0.000835 0000
64 4 16 83 0.000614 0000
64 4 16 84 0.000658 0000
64 4 16 85 0.000679 0000
64 4 16 86 0.000774 0000
64 4 16 87 0.000684 0000
64 4 16 88 0.000425 0000
64 4 16 89 0.000560 2000
64 4 16 90 0.000720 0000
64 4 16 91 0.000654 0000
64 4 16 92 0.000904 0000
64 4 16 93 0.000786 0000
64 4 16 94 0.000750 0000
64 4 16 95 0.000640 0000
64 4 16 96 0.000800 0000
64 4 16 97 0.000501 0000
64 4 16 98 0.000757 0000
64 4 16 99 0.000565 0000
64 4 32 0 0.000545 00
64 4 32 1 0.000944 00
64 4 32 2 0.000807 00
64 4 32 3 0.000471 00
64 4 32 4 0.000774 22
64 4 32 5 0.000908 00
64 4 32 6 0.000588 00
64 4 32 7 0.000564 00
64 4 32 8 0.000633 00
64 4 32 9 0.000705 00
64 4 32 10 0.000621 00
64 4 32 11 0.000614 00
64 4 32 12 0.000745 00
64 4 32 13 0.000692 22
64 4 32 14 0.000608 00
64 4 32 15 0.000594 00
64 4 32 16 0.000688 00
64 4 32 17 0.000711 22
64 4 32 18 0.000703 00
64 4 32 19 0.000937 00
64 4 32 20 0.000736 00
64 4 32 21 0.000753 22
64 4 32 22 0.000743 00
64 4 32 23 0.000589 00
64 4 32 24 0.000673 00
64 4 32 25 0.000764 22
64 4 32 26 0.000786 22
64 4 32 27 0.000803 22
64 4 32 28 0.000653 20
64 4 32 29 0.000721 00
64 4 32 30 0.000712 00
64 4 32 31 0.000938 00
64 4 32 32 0.000573 00
64 4 32 33 0.000532 00
64 4 32 34 0.000713 00
64 4 32 35 0.000564 00
64 4 32 36 0.000791 00
64 4 32 37 0.000738 00
64 4 32 38 0.000754 22
64 4 32 39 0.000921 00
64 4 32 40 0.000664 00
64 4 32 41 0.000803 00
64 4 32 42 0.000671 22
64 4 32 43 0.000788 22
64 4 32 44 0.000808 22
64 4 32 45 0.000683 00
64 4 32 46 0.000655 00
64 4 32 47 0.000638 00
64 4 32 48 0.000703 00
64 4 32 49 0.000724 00
64 4 32 50 0.000700 00
64 4 32 51 0.000570 00
64 4 32 52 0.000827 00
64 4 32 53 0.000734 00
64 4 32 54 0.000770 22
64 4 32 55 0.000918 00
64 4 32 56 0.000618 00
64 4 32 57 0.000685 00
64 4 32 58 0.000651 20
64 4 32 59 0.000797 00
64 4 32 60 0.000634 00
64 4 32 61 0.000876 22
64 4 32 62 0.000772 00
64 4 32 63 0.000786 00
64 4 32 64 0.000619 00
64 4 32 65 0.000522 00
64 4 32 66 0.000663 00
64 4 32 67 0.000884 00
64 4 32 68 0.000945 00
64 4 32 69 0.000700 00
64 4 32 70 0.000497 00
64 4 32 71 0.000857 00
64 4 32 72 0.000796 00
64 4 32 73 0.000553 00
64 4 32 74 0.000760 00
64 4 32 75 0.000603 22
64 4 32 76 0.000896 00
64 4 32 77 0.000844 22
64 4 32 78 0.000893 00
64 4 32 79 0.000568 00
64 4 32 80 0.000561 00
64 4 32 81 0.000838 00
64 4 32 82 0.000861 00
64 4 32 83 0.000619 00
64 4 32 84 0.000636 00
64 4 32 85 0.000691 00
64 4 32 86 0.000791 00
64 4 32 87 0.000680 00
64 4 32 88 0.000437 00
64 4 32 89 0.000564 00
64 4 32 90 0.000743 00
64 4 32 91 0.000662 00
64 4 32 92 0.000927 00
64 4 32 93 0.000764 00
64 4 32 94 0.000758 00
64 4 32 95 0.000639 00
64 4 32 96 0.000859 00
64 4 32 97 0.000521 00
64 4 32 98 0.000779 00
64 4 32 99 0.000572 00
64 8 16 0 0.001640 0000
64 8 16 1 0.002934 0000
64 8 16 2 0.002352 0000
64 8 16 3 0.001156 0000
64 8 16 4 0.002264 2222
64 8 16 5 0.002625 0000
64 8 16 6 0.001765 0000
64 8 16 7 0.001525 0000
64 8 16 8 0.001593 0000
64 8 16 9 0.002061 0000
64 8 16 10 0.002039 0000
64 8 16 11 0.001836 2222
64 8 16 12 0.002244 0000
64 8 16 13 0.001887 2222
64 8 16 14 0.001851 2222
64 8 16 15 0.001855 0000
64 8 16 16 0.001995 0000
64 8 16 17 0.001926 2222
64 8 16 18 0.002100 0000
64 8 16 19 0.002815 0000
64 8 16 20 0.002145 0000
64 8 16 21 0.002151 2222
64 8 16 22 0.002087 0000
64 8 16 23 0.001649 0000
64 8 16 24 0.001930 0000
64 8 16 25 0.002481 2222
64 8 16 26 0.002432 2222
64 8 16 27 0.002334 2222
64 8 16 28 0.001606 2222
64 8 16 29 0.002208 0000
64 8 16 30 0.002060 0000
64 8 16 31 0.002982 0000
64 8 16 32 0.001626 0000
64 8 16 33 0.001369 0000
64 8 16 34 0.001781 0000
64 8 16 35 0.001463 2222
64 8 16 36 0.002361 0000
64 8 16 37 0.002436 0000
64 8 16 38 0.002383 2222
64 8 16 39 0.002872 0000
64 8 16 40 0.001979 0000
64 8 16 41 0.002454 0000
64 8 16 42 0.001974 2222
64 8 16 43 0.002313 2222
64 8 16 44 0.002397 2222
64 8 16 45 0.001842 0000
64 8 16 46 0.001940 0000
64 8 16 47 0.001919 0000
64 8 16 48 0.002103 0000
64 8 16 49 0.001996 0000
64 8 16 50 0.002134 0000
64 8 16 51 0.001642 0000
64 8 16 52 0.002127 2222
64 8 16 53 0.001943 0000
64 8 16 54 0.002342 2222
64 8 16 55 0.002601 0000
64 8 16 56 0.001867 2222
64 8 16 57 0.002192 2222
64 8 16 58 0.001745 2222
64 8 16 59 0.002541 0000
64 8 16 60 0.001880 0000
64 8 16 61 0.002554 2222
64 8 16 62 0.002185 0000
64 8 16 63 0.002341 0000
64 8 16 64 0.001797 0000
64 8 16 65 0.001301 0000
64 8 16 66 0.001841 0000
64 8 16 67 0.002969 0000
64 8 16 68 0.002541 0000
64 8 16 69 0.001849 0000
64 8 16 70 0.001316 0000
64 8 16 71 0.002654 0000
64 8 16 72 0.002811 0000
64 8 16 73 0.001637 2222
64 8 16 74 0.002155 0000
64 8 16 75 0.001799 2222
64 8 16 76 0.003000 0000
64 8 16 77 0.002689 2222
64 8 16 78 0.002510 0000
64 8 16 79 0.001409 0000
64 8 16 80 0.001597 0000
64 8 16 81 0.002567 0000
64 8 16 82 0.002409 0000
64 8 16 83 0.001898 0000
64 8 16 84 0.001842 0000
64 8 16 85 0.002120 0000
64 8 16 86 0.002269 0000
64 8 16 87 0.002086 0000
64 8 16 88 0.001236 0000
64 8 16 89 0.001579 2222
64 8 16 90 0.002011 0000
64 8 16 91 0.001861 0000
64 8 16 92 0.002893 0000
64 8 16 93 0.002061 0000
64 8 16 94 0.002270 0000
64 8 16 95 0.001836 0000
64 8 16 96 0.002603 0000
64 8 16 97 0.001515 0000
64 8 16 98 0.002640 0000
64 8 16 99 0.001801 0000
64 8 32 0 0.001766 00
64 8 32 1 0.003058 00
64 8 32 2 0.002419 00
64 8 32 3 0.001144 00
64 8 32 4 0.002329 22
64 8 32 5 0.002622 00
64 8 32 6 0.001802 00
64 8 32 7 0.001546 00
64 8 32 8 0.001619 00
64 8 32 9 0.002101 00
64 8 32 10 0.002017 00
64 8 32 11 0.001885 22
64 8 32 12 0.002314 00
64 8 32 13 0.001766 22
64 8 32 14 0.001896 22
64 8 32 15 0.001736 00
64 8 32 16 0.002106 00
64 8 32 17 0.001893 22
64 8 32 18 0.002184 00
64 8 32 19 0.002894 00
64 8 32 20 0.002198 00
64 8 32 21 0.002263 22
64 8 32 22 0.002113 00
64 8 32 23 0.001689 00
64 8 32 24 0.001976 00
64 8 32 25 0.002333 22
64 8 32 26 0.002563 22
64 8 32 27 0.002466 22
64 8 32 28 0.001660 22
64 8 32 29 0.002326 00
64 8 32 30 0.002159 00
64 8 32 31 0.002931 00
64 8 32 32 0.001618 00
64 8 32 33 0.001374 00
64 8 32 34 0.001945 00
64 8 32 35 0.001378 22
64 8 32 36 0.002299 00
64 8 32 37 0.002272 00
64 8 32 38 0.002385 22
64 8 32 39 0.002923 00
64 8 32 40 0.001996 00
64 8 32 41 0.002519 00
64 8 32 42 0.001986 22
64 8 32 43 0.002274 22
64 8 32 44 0.002635 22
64 8 32 45 0.001858 00
64 8 32 46 0.001952 00
64 8 32 47 0.001906 00
64 8 32 48 0.002073 00
64 8 32 49 0.001989 00
64 8 32 50 0.002173 00
64 8 32 51 0.001644 00
64 8 32 52 0.002366 22
64 8 32 53 0.002038 00
64 8 32 54 0.002544 22
64 8 32 55 0.002740 00
64 8 32 56 0.001940 22
64 8 32 57 0.002238 22
64 8 32 58 0.001894 22
64 8 32 59 0.002413 00
64 8 32 60 0.001811 00
64 8 32 61 0.002647 22
64 8 32 62 0.002246 00
64 8 32 63 0.002286 00
64 8 32 64 0.001838 00
64 8 32 65 0.001345 00
64 8 32 66 0.001858 00
64 8 32 67 0.002904 00
64 8 32 68 0.002586 00
64 8 32 69 0.001893 00
64 8 32 70 0.001319 00
64 8 32 71 0.002595 00
64 8 32 72 0.002259 00
64 8 32 73 0.001649 22
64 8 32 74 0.002185 00
64 8 32 75 0.001850 22
64 8 32 76 0.003050 00
64 8 32 77 0.002712 22
64 8 32 78 0.002517 00
64 8 32 79 0.001418 00
64 8 32 80 0.001755 00
64 8 32 81 0.002726 00
64 8 32 82 0.002449 00
64 8 32 83 0.001852 00
64 8 32 84 0.001867 00
64 8 32 85 0.002301 00
64 8 32 86 0.002538 00
64 8 32 87 0.002214 00
64 8 32 88 0.001263 00
64 8 32 89 0.001597 22
64 8 32 90 0.002082 00
64 8 32 91 0.001941 00
64 8 32 92 0.003019 00
64 8 32 93 0.002151 00
64 8 32 94 0.002250 00
64 8 32 95 0.001852 00
64 8 32 96 0.002826 00
64 8 32 97 0.001452 00
64 8 32 98 0.002603 00
64 8 32 99 0.001815 00
128 2 4 0 0.000546 00000000000000000000000000000000
128 2 4 1 0.000500 20000000000000000000000000000000
128 2 4 2 0.000570 00000000000000000000000000000000
128 2 4 3 0.000546 00000000000000000000000000000000
128 2 4 4 0.000589 00000000000000000000000000000000
128 2 4 5 0.000550 00000000000000000000000000000000
128 2 4 6 0.000622 00000000000000000000000000000000
128 2 4 7 0.000583 22222000000000000000000000000000
128 2 4 8 0.000633 00000000000000000000000000000000
128 2 4 9 0.000489 00000000000000000000000000000000
128 2 4 10 0.000639 00000000000000000000000000000000
128 2 4 11 0.000580 20000000000000000000000000000000
128 2 4 12 0.000559 00000000000000000000000000000000
128 2 4 13 0.000552 00000000000000000000000000000000
128 2 4 14 0.000630 00000000000000000000000000000000
128 2 4 15 0.000483 20000000000000000000000000000000
128 2 4 16 0.000591 00000000000000000000000000000000
128 2 4 17 0.000603 00000000000000000000000000000000
128 2 4 18 0.000603 22000000000000000000000000000000
128 2 4 19 0.000558 20000000000000000000000000000000
128 2 4 20 0.000593 20000000000000000000000000000000
128 2 4 21 0.000571 00000000000000000000000000000000
128 2 4 22 0.000626 00000000000000000000000000000000
128 2 4 23 0.000620 00000000000000000000000000000000
128 2 4 24 0.000548 00000000000000000000000000000000
128 2 4 25 0.000526 20000000000000000000000000000000
128 2 4 26 0.000620 20000000000000000000000000000000
128 2 4 27 0.000520 22200000000000000000000000000000
128 2 4 28 0.000623 22000000000000000000000000000000
128 2 4 29 0.000594 20000000000000000000000000000000
128 2 4 30 0.000520 00000000000000000000000000000000
128 2 4 31 0.000582 00000000000000000000000000000000
128 2 4 32 0.000542 22000000000000000000000000000000
128 2 4 33 0.000542 00000000000000000000000000000000
128 2 4 34 0.000588 00000000000000000000000000000000
128 2 4 35 0.000644 00000000000000000000000000000000
128 2 4 36 0.000567 00000000000000000000000000000000
128 2 4 37 0.000570 00000000000000000000000000000000
128 2 4 38 0.000606 00000000000000000000000000000000
128 2 4 39 0.000534 20000000000000000000000000000000
128 2 4 40 0.000553 00000000000000000000000000000000
128 2 4 41 0.000613 20000000000000000000000000000000
128 2 4 42 0.000614 00000000000000000000000000000000
128 2 4 43 0.000559 00000000000000000000000000000000
128 2 4 44 0.000486 00000000000000000000000000000000
128 2 4 45 0.000516 00000000000000000000000000000000
128 2 4 46 0.000577 00000000000000000000000000000000
128 2 4 47 0.000530 00000000000000000000000000000000
128 2 4 48 0.000574 00000000000000000000000000000000
128 2 4 49 0.000615 20000000000000000000000000000000
128 2 4 50 0.000625 00000000000000000000000000000000
128 2 4 51 0.000604 00000000000000000000000000000000
128 2 4 52 0.000604 00000000000000000000000000000000
128 2 4 53 0.000599 00000000000000000000000000000000
128 2 4 54 0.000608 00000000000000000000000000000000
128 2 4 55 0.000537 00000000000000000000000000000000
128 2 4 56 0.000598 00000000000000000000000000000000
128 2 4 57 0.000584 22000000000000000000000000000000
128 2 4 58 0.000614 00000000000000000000000000000000
128 2 4 59 0.000548 00000000000000000000000000000000
128 2 4 60 0.000568 00000000000000000000000000000000
128 2 4 61 0.000462 00000000000000000000000000000000
128 2 4 62 0.000608 00000000000000000000000000000000
128 2 4 63 0.000570 00000000000000000000000000000000
128 2 4 64 0.000569 00000000000000000000000000000000
128 2 4 65 0.000489 00000000000000000000000000000000
128 2 4 66 0.000571 00000000000000000000000000000000
128 2 4 67 0.000487 00000000000000000000000000000000
128 2 4 68 0.000591 20000000000000000000000000000000
128 2 4 69 0.000560 00000000000000000000000000000000
128 2 4 70 0.000553 00000000000000000000000000000000
128 2 4 71 0.000728 00000000000000000000000000000000
128 2 4 72 0.000595 00000000000000000000000000000000
128 2 4 73 0.000551 00000000000000000000000000000000
128 2 4 74 0.000561 00000000000000000000000000000000
128 2 4 75 0.000486 00000000000000000000000000000000
128 2 4 76 0.000566 00000000000000000000000000000000
128 2 4 77 0.000578 22220000000000000000000000000000
128 2 4 78 0.000510 00000000000000000000000000000000
128 2 4 79 0.000558 00000000000000000000000000000000
128 2 4 80 0.000537 00000000000000000000000000000000
128 2 4 81 0.000594 00000000000000000000000000000000
128 2 4 82 0.000655 20000000000000000000000000000000
128 2 4 83 0.000602 20000000000000000000000000000000
128 2 4 84 0.000579 00000000000000000000000000000000
128 2 4 85 0.000593 22000000000000000000000000000000
128 2 4 86 0.000499 00000000000000000000000000000000
128 2 4 87 0.000468 00000000000000000000000000000000
128 2 4 88 0.000615 00000000000000000000000000000000
128 2 4 89 0.000588 00000000000000000000000000000000
128 2 4 90 0.000559 00000000000000000000000000000000
128 2 4 91 0.000558 00000000000000000000000000000000
128 2 4 92 0.000579 00000000000000000000000000000000
128 2 4 93 0.000547 00000000000000000000000000000000
128 2 4 94 0.000486 00000000000000000000000000000000
128 2 4 95 0.000541 22200000000000000000000000000000
128 2 4 96 0.000602 22222222220000000000000000000000
128 2 4 97 0.000444 00000000000000000000000000000000
128 2 4 98 0.000644 22000000000000000000000000000000
128 2 4 99 0.000571 00000000000000000000000000000000
128 2 8 0 0.000548 0000000000000000
128 2 8 1 0.000492 0000000000000000
128 2 8 2 0.000587 0000000000000000
128 2 8 3 0.000544 0000000000000000
128 2 8 4 0.000583 0000000000000000
128 2 8 5 0.000545 0000000000000000
128 2 8 6 0.000622 0000000000000000
128 2 8 7 0.000569 2200000000000000
128 2 8 8 0.000625 0000000000000000
128 2 8 9 0.000498 0000000000000000
128 2 8 10 0.000643 0000000000000000
128 2 8 11 0.000575 0000000000000000
128 2 8 12 0.000559 0000000000000000
128 2 8 13 0.000525 0000000000000000
128 2 8 14 0.000637 0000000000000000
128 2 8 15 0.000480 0000000000000000
128 2 8 16 0.000578 0000000000000000
128 2 8 17 0.000608 0000000000000000
128 2 8 18 0.000611 2000000000000000
128 2 8 19 0.000560 0000000000000000
128 2 8 20 0.000572 0000000000000000
128 2 8 21 0.000564 0000000000000000
128 2 8 22 0.000617 0000000000000000
128 2 8 23 0.000608 0000000000000000
128 2 8 24 0.000557 0000000000000000
128 2 8 25 0.000526 0000000000000000
128 2 8 26 0.000605 0000000000000000
128 2 8 27 0.000522 2000000000000000
128 2 8 28 0.000615 2000000000000000
128 2 8 29 0.000582 0000000000000000
128 2 8 30 0.000512 0000000000000000
128 2 8 31 0.000585 0000000000000000
128 2 8 32 0.000545 2000000000000000
128 2 8 33 0.000563 0000000000000000
128 2 8 34 0.000560 0000000000000000
128 2 8 35 0.000640 0000000000000000
128 2 8 36 0.000573 0000000000000000
128 2 8 37 0.000575 0000000000000000
128 2 8 38 0.000600 0000000000000000
128 2 8 39 0.000534 0000000000000000
128 2 8 40 0.000535 0000000000000000
128 2 8 41 0.000618 0000000000000000
128 2 8 42 0.000604 0000000000000000
128 2 8 43 0.000554 0000000000000000
128 2 8 44 0.000492 0000000000000000
128 2 8 45 0.000515 0000000000000000
128 2 8 46 0.000570 0000000000000000
128 2 8 47 0.000529 0000000000000000
128 2 8 48 0.000577 0000000000000000
128 2 8 49 0.000610 0000000000000000
128 2 8 50 0.000619 0000000000000000
128 2 8 51 0.000606 0000000000000000
128 2 8 52 0.000596 0000000000000000
128 2 8 53 0.000582 0000000000000000
128 2 8 54 0.000600 0000000000000000
128 2 8 55 0.000543 0000000000000000
128 2 8 56 0.000613 0000000000000000
128 2 8 57 0.000581 2000000000000000
128 2 8 58 0.000646 0000000000000000
128 2 8 59 0.000548 0000000000000000
128 2 8 60 0.000552 0000000000000000
128 2 8 61 0.000460 0000000000000000
128 2 8 62 0.000613 0000000000000000
128 2 8 63 0.000569 0000000000000000
128 2 8 64 0.000573 0000000000000000
128 2 8 65 0.000489 0000000000000000
128 2 8 66 0.000563 0000000000000000
128 2 8 67 0.000481 0000000000000000
128 2 8 68 0.000614 0000000000000000
128 2 8 69 0.000537 0000000000000000
128 2 8 70 0.000555 0000000000000000
128 2 8 71 0.000675 0000000000000000
128 2 8 72 0.000582 0000000000000000
128 2 8 73 0.000558 0000000000000000
128 2 8 74 0.000565 0000000000000000
128 2 8 75 0.000468 0000000000000000
128 2 8 76 0.000570 0000000000000000
128 2 8 77 0.000572 2200000000000000
128 2 8 78 0.000508 0000000000000000
128 2 8 79 0.000556 0000000000000000
128 2 8 80 0.000543 0000000000000000
128 2 8 81 0.000593 0000000000000000
128 2 8 82 0.000669 0000000000000000
128 2 8 83 0.000615 0000000000000000
128 2 8 84 0.000564 0000000000000000
128 2 8 85 0.000593 2000000000000000
128 2 8 86 0.000485 0000000000000000
128 2 8 87 0.000472 0000000000000000
128 2 8 88 0.000617 0000000000000000
128 2 8 89 0.000588 0000000000000000
128 2 8 90 0.000541 0000000000000000
128 2 8 91 0.000562 0000000000000000
128 2 8 92 0.000559 0000000000000000
128 2 8 93 0.000545 0000000000000000
128 2 8 94 0.000481 0000000000000000
128 2 8 95 0.000543 0000000000000000
128 2 8 96 0.000610 2222200000000000
128 2 8 97 0.000442 0000000000000000
128 2 8 98 0.000624 2000000000000000
128 2 8 99 0.000561 0000000000000000
128 2 16 0 0.000533 00000000
128 2 16 1 0.000471 00000000
128 2 16 2 0.000568 00000000
128 2 16 3 0.000533 00000000
128 2 16 4 0.000576 00000000
128 2 16 5 0.000531 00000000
128 2 16 6 0.000609 00000000
128 2 16 7 0.000553 20000000
128 2 16 8 0.000606 00000000
128 2 16 9 0.000479 00000000
128 2 16 10 0.000620 00000000
128 2 16 11 0.000564 00000000
128 2 16 12 0.000556 00000000
128 2 16 13 0.000514 00000000
128 2 16 14 0.000614 00000000
128 2 16 15 0.000459 00000000
128 2 16 16 0.000571 00000000
128 2 16 17 0.000590 00000000
128 2 16 18 0.000589 00000000
128 2 16 19 0.000555 00000000
128 2 16 20 0.000576 00000000
128 2 16 21 0.000546 00000000
128 2 16 22 0.000603 00000000
128 2 16 23 0.000595 00000000
128 2 16 24 0.000536 00000000
128 2 16 25 0.000502 00000000
128 2 16 26 0.000587 00000000
128 2 16 27 0.000503 00000000
128 2 16 28 0.000594 00000000
128 2 16 29 0.000571 00000000
128 2 16 30 0.000509 00000000
128 2 16 31 0.000591 00000000
128 2 16 32 0.000531 00000000
128 2 16 33 0.000526 00000000
128 2 16 34 0.000565 00000000
128 2 16 35 0.000618 00000000
128 2 16 36 0.000560 00000000
128 2 16 37 0.000553 00000000
128 2 16 38 0.000590 00000000
128 2 16 39 0.000517 00000000
128 2 16 40 0.000528 00000000
128 2 16 41 0.000610 00000000
128 2 16 42 0.000589 00000000
128 2 16 43 0.000544 00000000
128 2 16 44 0.000467 00000000
128 2 16 45 0.000487 00000000
128 2 16 46 0.000550 00000000
128 2 16 47 0.000512 00000000
128 2 16 48 0.000568 00000000
128 2 16 49 0.000613 00000000
128 2 16 50 0.000605 00000000
128 2 16 51 0.000589 00000000
128 2 16 52 0.000624 00000000
128 2 16 53 0.000581 00000000
128 2 16 54 0.000598 00000000
128 2 16 55 0.000533 00000000
128 2 16 56 0.000589 00000000
128 2 16 57 0.000559 00000000
128 2 16 58 0.000598 00000000
128 2 16 59 0.000544 00000000
128 2 16 60 0.000539 00000000
128 2 16 61 0.000454 00000000
128 2 16 62 0.000604 00000000
128 2 16 63 0.000545 00000000
128 2 16 64 0.000556 00000000
128 2 16 65 0.000484 00000000
128 2 16 66 0.000544 00000000
128 2 16 67 0.000477 00000000
128 2 16 68 0.000594 00000000
128 2 16 69 0.000552 00000000
128 2 16 70 0.000538 00000000
128 2 16 71 0.000685 00000000
128 2 16 72 0.000568 00000000
128 2 16 73 0.000549 00000000
128 2 16 74 0.000542 00000000
128 2 16 75 0.000450 00000000
128 2 16 76 0.000560 00000000
128 2 16 77 0.000552 20000000
128 2 16 78 0.000508 00000000
128 2 16 79 0.000526 00000000
128 2 16 80 0.000533 00000000
128 2 16 81 0.000572 00000000
128 2 16 82 0.000635 00000000
128 2 16 83 0.000592 00000000
128 2 16 84 0.000563 00000000
128 2 16 85 0.000586 00000000
128 2 16 86 0.000482 00000000
128 2 16 87 0.000453 00000000
128 2 16 88 0.000604 00000000
128 2 16 89 0.000559 00000000
128 2 16 90 0.000531 00000000
128 2 16 91 0.000521 00000000
128 2 16 92 0.000546 00000000
128 2 16 93 0.000521 00000000
128 2 16 94 0.000458 00000000
128 2 16 95 0.000536 00000000
128 2 16 96 0.000577 22000000
128 2 16 97 0.000431 00000000
128 2 16 98 0.000600 00000000
128 2 16 99 0.000553 00000000
128 2 32 0 0.000552 0000
128 2 32 1 0.000482 0000
128 2 32 2 0.000579 0000
128 2 32 3 0.000542 0000
128 2 32 4 0.000592 0000
128 2 32 5 0.000534 0000
128 2 32 6 0.000626 0000
128 2 32 7 0.000569 0000
128 2 32 8 0.000613 0000
128 2 32 9 0.000487 0000
128 2 32 10 0.000637 0000
128 2 32 11 0.000575 0000
128 2 32 12 0.000560 0000
128 2 32 13 0.000522 0000
128 2 32 14 0.000632 0000
128 2 32 15 0.000458 0000
128 2 32 16 0.000593 0000
128 2 32 17 0.000595 0000
128 2 32 18 0.000618 0000
128 2 32 19 0.000551 0000
128 2 32 20 0.000590 0000
128 2 32 21 0.000554 0000
128 2 32 22 0.000621 0000
128 2 32 23 0.000612 0000
128 2 32 24 0.000544 0000
128 2 32 25 0.000517 0000
128 2 32 26 0.000600 0000
128 2 32 27 0.000508 0000
128 2 32 28 0.000600 0000
128 2 32 29 0.000583 0000
128 2 32 30 0.000518 0000
128 2 32 31 0.000589 0000
128 2 32 32 0.000543 0000
128 2 32 33 0.000526 0000
128 2 32 34 0.000572 0000
128 2 32 35 0.000626 0000
128 2 32 36 0.000563 0000
128 2 32 37 0.000575 0000
128 2 32 38 0.000598 0000
128 2 32 39 0.000529 0000
128 2 32 40 0.000529 0000
128 2 32 41 0.000622 0000
128 2 32 42 0.000610 0000
128 2 32 43 0.000555 0000
128 2 32 44 0.000476 0000
128 2 32 45 0.000500 0000
128 2 32 46 0.000568 0000
128 2 32 47 0.000519 0000
128 2 32 48 0.000572 0000
128 2 32 49 0.000616 0000
128 2 32 50 0.000652 0000
128 2 32 51 0.000597 0000
128 2 32 52 0.000592 0000
128 2 32 53 0.000595 0000
128 2 32 54 0.000597 0000
128 2 32 55 0.000546 0000
128 2 32 56 0.000590 0000
128 2 32 57 0.000566 0000
128 2 32 58 0.000616 0000
128 2 32 59 0.000547 0000
128 2 32 60 0.000578 0000
128 2 32 61 0.000449 0000
128 2 32 62 0.000606 0000
128 2 32 63 0.000555 0000
128 2 32 64 0.000567 0000
128 2 32 65 0.000488 0000
128 2 32 66 0.000562 0000
128 2 32 67 0.000487 0000
128 2 32 68 0.000598 0000
128 2 32 69 0.000555 0000
128 2 32 70 0.000547 0000
128 2 32 71 0.000673 0000
128 2 32 72 0.000589 0000
128 2 32 73 0.000581 0000
128 2 32 74 0.000561 0000
128 2 32 75 0.000454 0000
128 2 32 76 0.000565 0000
128 2 32 77 0.000562 0000
128 2 32 78 0.000502 0000
128 2 32 79 0.000542 0000
128 2 32 80 0.000538 0000
128 2 32 81 0.000578 0000
128 2 32 82 0.000659 0000
128 2 32 83 0.000601 0000
128 2 32 84 0.000577 0000
128 2 32 85 0.000586 0000
128 2 32 86 0.000492 0000
128 2 32 87 0.000459 0000
128 2 32 88 0.000613 0000
128 2 32 89 0.000571 0000
128 2 32 90 0.000536 0000
128 2 32 91 0.000540 0000
128 2 32 92 0.000555 0000
128 2 32 93 0.000537 0000
128 2 32 94 0.000463 0000
128 2 32 95 0.000535 0000
128 2 32 96 0.000595 2000
128 2 32 97 0.000426 0000
128 2 32 98 0.000616 0000
128 2 32 99 0.000567 0000
128 4 8 0 0.001409 0000000000000000
128 4 8 1 0.001202 2000000000000000
128 4 8 2 0.001547 0000000000000000
128 4 8 3 0.001445 0000000000000000
128 4 8 4 0.001596 0000000000000000
128 4 8 5 0.001410 0000000000000000
128 4 8 6 0.001774 0000000000000000
128 4 8 7 0.001632 2222222222220000
128 4 8 8 0.001669 0000000000000000
128 4 8 9 0.001282 0000000000000000
128 4 8 10 0.001722 0000000000000000
128 4 8 11 0.001572 2200000000000000
128 4 8 12 0.001470 0000000000000000
128 4 8 13 0.001398 0000000000000000
128 4 8 14 0.001708 0000000000000000
128 4 8 15 0.001145 2222222220000000
128 4 8 16 0.001546 0000000000000000
128 4 8 17 0.001590 0000000000000000
128 4 8 18 0.001623 2222000000000000
128 4 8 19 0.001542 2000000000000000
128 4 8 20 0.001620 2222222222200000
128 4 8 21 0.002125 0000000000000000
128 4 8 22 0.001609 0000000000000000
128 4 8 23 0.001557 0000000000000000
128 4 8 24 0.001407 0000000000000000
128 4 8 25 0.001340 2000000000000000
128 4 8 26 0.001693 2222222222222222
128 4 8 27 0.001419 2222222222222222
128 4 8 28 0.001665 2222222222222222
128 4 8 29 0.001583 2200000000000000
128 4 8 30 0.001339 0000000000000000
128 4 8 31 0.001610 0000000000000000
128 4 8 32 0.001457 2222222222222222
128 4 8 33 0.001443 0000000000000000
128 4 8 34 0.001505 0000000000000000
128 4 8 35 0.001744 0000000000000000
128 4 8 36 0.001483 0000000000000000
128 4 8 37 0.001528 0000000000000000
128 4 8 38 0.001601 0000000000000000
128 4 8 39 0.001460 2222222220000000
128 4 8 40 0.001465 0000000000000000
128 4 8 41 0.001633 2222222222222200
128 4 8 42 0.001601 0000000000000000
128 4 8 43 0.001462 0000000000000000
128 4 8 44 0.001237 0000000000000000
128 4 8 45 0.001293 0000000000000000
128 4 8 46 0.001573 0000000000000000
128 4 8 47 0.001266 0000000000000000
128 4 8 48 0.001529 0000000000000000
128 4 8 49 0.001708 2222222222222222
128 4 8 50 0.001688 0000000000000000
128 4 8 51 0.001533 0000000000000000
128 4 8 52 0.001621 0000000000000000
128 4 8 53 0.001465 0000000000000000
128 4 8 54 0.001645 0000000000000000
128 4 8 55 0.001372 0000000000000000
128 4 8 56 0.001571 0000000000000000
128 4 8 57 0.001541 2222222222200000
128 4 8 58 0.001709 0000000000000000
128 4 8 59 0.001344 0000000000000000
128 4 8 60 0.001437 0000000000000000
128 4 8 61 0.001137 0000000000000000
128 4 8 62 0.001645 0000000000000000
128 4 8 63 0.001486 0000000000000000
128 4 8 64 0.001468 0000000000000000
128 4 8 65 0.001284 0000000000000000
128 4 8 66 0.001468 0000000000000000
128 4 8 67 0.001213 0000000000000000
128 4 8 68 0.001731 2222222222222200
128 4 8 69 0.001487 0000000000000000
128 4 8 70 0.001500 0000000000000000
128 4 8 71 0.001919 0000000000000000
128 4 8 72 0.001575 0000000000000000
128 4 8 73 0.001479 0000000000000000
128 4 8 74 0.001449 0000000000000000
128 4 8 75 0.001259 0000000000000000
128 4 8 76 0.001529 0000000000000000
128 4 8 77 0.001505 2222222222222222
128 4 8 78 0.001221 0000000000000000
128 4 8 79 0.001476 0000000000000000
128 4 8 80 0.001432 0000000000000000
128 4 8 81 0.001594 0000000000000000
128 4 8 82 0.001803 2222222222222222
128 4 8 83 0.001616 2222222222222222
128 4 8 84 0.001526 0000000000000000
128 4 8 85 0.001565 2200000000000000
128 4 8 86 0.001272 0000000000000000
128 4 8 87 0.001164 0000000000000000
128 4 8 88 0.001607 0000000000000000
128 4 8 89 0.001601 0000000000000000
128 4 8 90 0.001420 0000000000000000
128 4 8 91 0.001432 0000000000000000
128 4 8 92 0.001386 0000000000000000
128 4 8 93 0.001450 0000000000000000
128 4 8 94 0.001216 0000000000000000
128 4 8 95 0.001441 2220000000000000
128 4 8 96 0.001588 2222222222222220
128 4 8 97 0.001090 0000000000000000
128 4 8 98 0.001714 2222222222222222
128 4 8 99 0.001486 0000000000000000
128 4 16 0 0.001377 00000000
128 4 16 1 0.001159 00000000
128 4 16 2 0.001563 00000000
128 4 16 3 0.001430 00000000
128 4 16 4 0.001558 00000000
128 4 16 5 0.001375 00000000
128 4 16 6 0.001711 00000000
128 4 16 7 0.001514 22222200
128 4 16 8 0.001636 00000000
128 4 16 9 0.001260 00000000
128 4 16 10 0.001685 00000000
128 4 16 11 0.001541 20000000
128 4 16 12 0.001430 00000000
128 4 16 13 0.001393 00000000
128 4 16 14 0.001680 00000000
128 4 16 15 0.001109 22220000
128 4 16 16 0.001509 00000000
128 4 16 17 0.001572 00000000
128 4 16 18 0.001579 22000000
128 4 16 19 0.001534 00000000
128 4 16 20 0.001594 22222000
128 4 16 21 0.001480 00000000
128 4 16 22 0.001637 00000000
128 4 16 23 0.001541 00000000
128 4 16 24 0.001420 00000000
128 4 16 25 0.001362 00000000
128 4 16 26 0.001583 22222222
128 4 16 27 0.001412 22222222
128 4 16 28 0.001636 22222222
128 4 16 29 0.001547 20000000
128 4 16 30 0.001331 00000000
128 4 16 31 0.001589 00000000
128 4 16 32 0.001588 22222222
128 4 16 33 0.001376 00000000
128 4 16 34 0.001521 00000000
128 4 16 35 0.001734 00000000
128 4 16 36 0.001425 00000000
128 4 16 37 0.001495 00000000
128 4 16 38 0.001577 00000000
128 4 16 39 0.001410 22220000
128 4 16 40 0.001438 00000000
128 4 16 41 0.001710 22222220
128 4 16 42 0.001645 00000000
128 4 16 43 0.001435 00000000
128 4 16 44 0.001205 00000000
128 4 16 45 0.001283 00000000
128 4 16 46 0.001518 00000000
128 4 16 47 0.001236 00000000
128 4 16 48 0.001529 00000000
128 4 16 49 0.001697 22222222
128 4 16 50 0.001643 00000000
128 4 16 51 0.001519 00000000
128 4 16 52 0.001579 00000000
128 4 16 53 0.001469 00000000
128 4 16 54 0.001605 00000000
128 4 16 55 0.001326 00000000
128 4 16 56 0.001603 00000000
128 4 16 57 0.001511 22222000
128 4 16 58 0.001683 00000000
128 4 16 59 0.001362 00000000
128 4 16 60 0.001461 00000000
128 4 16 61 0.001121 00000000
128 4 16 62 0.001608 00000000
128 4 16 63 0.001406 00000000
128 4 16 64 0.001435 00000000
128 4 16 65 0.001260 00000000
128 4 16 66 0.001450 00000000
128 4 16 67 0.001231 00000000
128 4 16 68 0.001604 22222220
128 4 16 69 0.001452 00000000
128 4 16 70 0.001520 00000000
128 4 16 71 0.001823 00000000
128 4 16 72 0.001578 00000000
128 4 16 73 0.001444 00000000
128 4 16 74 0.001472 00000000
128 4 16 75 0.001215 00000000
128 4 16 76 0.001470 00000000
128 4 16 77 0.001487 22222222
128 4 16 78 0.001196 00000000
128 4 16 79 0.001454 00000000
128 4 16 80 0.001417 00000000
128 4 16 81 0.001575 00000000
128 4 16 82 0.001785 22222222
128 4 16 83 0.001604 22222222
128 4 16 84 0.001530 00000000
128 4 16 85 0.001545 20000000
128 4 16 86 0.001262 00000000
128 4 16 87 0.001176 00000000
128 4 16 88 0.001620 00000000
128 4 16 89 0.001583 00000000
128 4 16 90 0.001403 00000000
128 4 16 91 0.001378 00000000
128 4 16 92 0.001374 00000000
128 4 16 93 0.001410 00000000
128 4 16 94 0.001184 00000000
128 4 16 95 0.001388 20000000
128 4 16 96 0.001598 22222220
128 4 16 97 0.001084 00000000
128 4 16 98 0.001735 22222222
128 4 16 99 0.001442 00000000
128 4 32 0 0.001405 0000
128 4 32 1 0.001184 0000
128 4 32 2 0.001560 0000
128 4 32 3 0.001471 0000
128 4 32 4 0.001549 0000
128 4 32 5 0.001450 0000
128 4 32 6 0.001719 0000
128 4 32 7 0.001558 2220
128 4 32 8 0.001712 0000
128 4 32 9 0.001292 0000
128 4 32 10 0.001764 0000
128 4 32 11 0.001565 0000
128 4 32 12 0.001447 0000
128 4 32 13 0.001391 0000
128 4 32 14 0.001730 0000
128 4 32 15 0.001125 2200
128 4 32 16 0.001535 0000
128 4 32 17 0.001668 0000
128 4 32 18 0.001570 2000
128 4 32 19 0.001550 0000
128 4 32 20 0.001679 2200
128 4 32 21 0.001510 0000
128 4 32 22 0.001623 0000
128 4 32 23 0.001604 0000
128 4 32 24 0.001415 0000
128 4 32 25 0.001353 0000
128 4 32 26 0.001646 2222
128 4 32 27 0.001362 2222
128 4 32 28 0.001686 2222
128 4 32 29 0.001618 0000
128 4 32 30 0.001403 0000
128 4 32 31 0.001644 0000
128 4 32 32 0.001475 2222
128 4 32 33 0.001412 0000
128 4 32 34 0.001506 0000
128 4 32 35 0.001757 0000
128 4 32 36 0.001447 0000
128 4 32 37 0.001548 0000
128 4 32 38 0.001629 0000
128 4 32 39 0.001432 2200
128 4 32 40 0.001450 0000
128 4 32 41 0.001669 2220
128 4 32 42 0.001665 0000
128 4 32 43 0.001453 0000
128 4 32 44 0.001261 0000
128 4 32 45 0.001302 0000
128 4 32 46 0.001542 0000
128 4 32 47 0.001302 0000
128 4 32 48 0.001519 0000
128 4 32 49 0.001735 2222
128 4 32 50 0.001676 0000
128 4 32 51 0.001563 0000
128 4 32 52 0.001583 0000
128 4 32 53 0.001454 0000
128 4 32 54 0.001644 0000
128 4 32 55 0.001364 0000
128 4 32 56 0.001574 0000
128 4 32 57 0.001514 2200
128 4 32 58 0.001743 0000
128 4 32 59 0.001453 0000
128 4 32 60 0.001453 0000
128 4 32 61 0.001147 0000
128 4 32 62 0.001592 0000
128 4 32 63 0.001462 0000
128 4 32 64 0.001446 0000
128 4 32 65 0.001260 0000
128 4 32 66 0.001456 0000
128 4 32 67 0.001218 0000
128 4 32 68 0.001697 2220
128 4 32 69 0.001460 0000
128 4 32 70 0.001498 0000
128 4 32 71 0.001888 0000
128 4 32 72 0.001614 0000
128 4 32 73 0.001467 0000
128 4 32 74 0.001465 0000
128 4 32 75 0.001209 0000
128 4 32 76 0.001482 0000
128 4 32 77 0.001502 2222
128 4 32 78 0.001225 0000
128 4 32 79 0.001425 0000
128 4 32 80 0.001435 0000
128 4 32 81 0.001608 0000
128 4 32 82 0.001788 2222
128 4 32 83 0.001644 2222
128 4 32 84 0.001574 0000
128 4 32 85 0.001587 0000
128 4 32 86 0.001285 0000
128 4 32 87 0.001165 0000
128 4 32 88 0.001638 0000
128 4 32 89 0.001617 0000
128 4 32 90 0.001424 0000
128 4 32 91 0.001465 0000
128 4 32 92 0.001427 0000
128 4 32 93 0.001474 0000
128 4 32 94 0.001230 0000
128 4 32 95 0.001450 0000
128 4 32 96 0.001615 2220
128 4 32 97 0.001090 0000
128 4 32 98 0.001762 2222
128 4 32 99 0.001466 0000
128 8 16 0 0.004772 00000000
128 8 16 1 0.003654 22222222
128 8 16 2 0.004855 00000000
128 8 16 3 0.004434 00000000
128 8 16 4 0.005110 00000000
128 8 16 5 0.004326 00000000
128 8 16 6 0.005570 00000000
128 8 16 7 0.004977 22222222
128 8 16 8 0.005336 00000000
128 8 16 9 0.003561 00000000
128 8 16 10 0.005726 00000000
128 8 16 11 0.004923 22222222
128 8 16 12 0.004485 00000000
128 8 16 13 0.004277 00000000
128 8 16 14 0.005350 00000000
128 8 16 15 0.003561 22222222
128 8 16 16 0.004750 00000000
128 8 16 17 0.004928 00000000
128 8 16 18 0.005113 22222222
128 8 16 19 0.004627 22222222
128 8 16 20 0.005366 22222222
128 8 16 21 0.004665 00000000
128 8 16 22 0.005027 00000000
128 8 16 23 0.005094 00000000
128 8 16 24 0.004261 00000000
128 8 16 25 0.004098 22222222
128 8 16 26 0.005409 22222222
128 8 16 27 0.004153 22222222
128 8 16 28 0.005176 22222222
128 8 16 29 0.004869 22222222
128 8 16 30 0.004021 00000000
128 8 16 31 0.005107 00000000
128 8 16 32 0.004507 22222222
128 8 16 33 0.004099 00000000
128 8 16 34 0.004894 00000000
128 8 16 35 0.005626 00000000
128 8 16 36 0.004455 00000000
128 8 16 37 0.004269 00000000
128 8 16 38 0.005142 00000000
128 8 16 39 0.004629 22222222
128 8 16 40 0.004204 00000000
128 8 16 41 0.005513 22222222
128 8 16 42 0.005119 00000000
128 8 16 43 0.004981 00000000
128 8 16 44 0.003657 00000000
128 8 16 45 0.003999 00000000
128 8 16 46 0.004977 00000000
128 8 16 47 0.003842 00000000
128 8 16 48 0.004627 00000000
128 8 16 49 0.005398 22222222
128 8 16 50 0.005628 00000000
128 8 16 51 0.005127 00000000
128 8 16 52 0.004833 00000000
128 8 16 53 0.004413 00000000
128 8 16 54 0.005521 00000000
128 8 16 55 0.004130 00000000
128 8 16 56 0.004952 00000000
128 8 16 57 0.004802 22222222
128 8 16 58 0.005535 00000000
128 8 16 59 0.004282 00000000
128 8 16 60 0.004299 00000000
128 8 16 61 0.003295 00000000
128 8 16 62 0.005122 00000000
128 8 16 63 0.004592 00000000
128 8 16 64 0.004266 00000000
128 8 16 65 0.003755 00000000
128 8 16 66 0.004648 00000000
128 8 16 67 0.003666 00000000
128 8 16 68 0.005220 22222222
128 8 16 69 0.004920 00000000
128 8 16 70 0.004647 00000000
128 8 16 71 0.005768 00000000
128 8 16 72 0.005061 00000000
128 8 16 73 0.004496 00000000
128 8 16 74 0.004589 00000000
128 8 16 75 0.003593 00000000
128 8 16 76 0.004515 00000000
128 8 16 77 0.004651 22222222
128 8 16 78 0.003840 00000000
128 8 16 79 0.004539 00000000
128 8 16 80 0.004801 00000000
128 8 16 81 0.005014 00000000
128 8 16 82 0.005861 22222222
128 8 16 83 0.005220 22222222
128 8 16 84 0.004881 00000000
128 8 16 85 0.004819 22222222
128 8 16 86 0.003588 00000000
128 8 16 87 0.003596 00000000
128 8 16 88 0.005036 00000000
128 8 16 89 0.005092 00000000
128 8 16 90 0.004593 00000000
128 8 16 91 0.004317 00000000
128 8 16 92 0.004467 00000000
128 8 16 93 0.004545 00000000
128 8 16 94 0.003301 00000000
128 8 16 95 0.004367 22222222
128 8 16 96 0.005108 22222222
128 8 16 97 0.003402 00000000
128 8 16 98 0.005712 22222222
128 8 16 99 0.004579 00000000
128 8 32 0 0.004537 0000
128 8 32 1 0.003689 2222
128 8 32 2 0.005237 0000
128 8 32 3 0.004586 0000
128 8 32 4 0.005053 0000
128 8 32 5 0.004422 0000
128 8 32 6 0.005695 0000
128 8 32 7 0.005121 2222
128 8 32 8 0.005389 0000
128 8 32 9 0.003758 0000
128 8 32 10 0.005974 0000
128 8 32 11 0.004974 2222
128 8 32 12 0.004784 0000
128 8 32 13 0.004349 0000
128 8 32 14 0.005415 0000
128 8 32 15 0.003678 2222
128 8 32 16 0.005072 0000
128 8 32 17 0.005275 0000
128 8 32 18 0.005312 2222
128 8 32 19 0.004795 2222
128 8 32 20 0.005206 2222
128 8 32 21 0.004656 0000
128 8 32 22 0.005211 0000
128 8 32 23 0.005308 0000
128 8 32 24 0.004151 0000
128 8 32 25 0.004219 2222
128 8 32 26 0.005603 2222
128 8 32 27 0.004200 2222
128 8 32 28 0.005349 2222
128 8 32 29 0.004890 2222
128 8 32 30 0.003985 0000
128 8 32 31 0.005286 0000
128 8 32 32 0.004560 2222
128 8 32 33 0.004355 0000
128 8 32 34 0.005098 0000
128 8 32 35 0.005756 0000
128 8 32 36 0.004747 0000
128 8 32 37 0.004413 0000
128 8 32 38 0.005493 0000
128 8 32 39 0.004572 2222
128 8 32 40 0.004579 0000
128 8 32 41 0.005620 2222
128 8 32 42 0.005125 0000
128 8 32 43 0.004965 0000
128 8 32 44 0.003604 0000
128 8 32 45 0.003913 0000
128 8 32 46 0.005184 0000
128 8 32 47 0.004066 0000
128 8 32 48 0.004684 0000
128 8 32 49 0.005988 2222
128 8 32 50 0.005721 0000
128 8 32 51 0.005037 0000
128 8 32 52 0.005121 0000
128 8 32 53 0.004693 0000
128 8 32 54 0.005170 0000
128 8 32 55 0.004338 0000
128 8 32 56 0.005408 0000
128 8 32 57 0.004750 2222
128 8 32 58 0.005788 0000
128 8 32 59 0.004236 0000
128 8 32 60 0.004480 0000
128 8 32 61 0.003296 0000
128 8 32 62 0.005014 0000
128 8 32 63 0.004566 0000
128 8 32 64 0.004515 0000
128 8 32 65 0.003772 0000
128 8 32 66 0.004586 0000
128 8 32 67 0.003759 0000
128 8 32 68 0.004992 2222
128 8 32 69 0.004747 0000
128 8 32 70 0.004634 0000
128 8 32 71 0.005918 0000
128 8 32 72 0.005506 0000
128 8 32 73 0.004864 0000
128 8 32 74 0.004703 0000
128 8 32 75 0.003529 0000
128 8 32 76 0.004793 0000
128 8 32 77 0.005109 2222
128 8 32 78 0.003921 0000
128 8 32 79 0.004906 0000
128 8 32 80 0.004531 0000
128 8 32 81 0.005229 0000
128 8 32 82 0.005827 2222
128 8 32 83 0.005431 2222
128 8 32 84 0.004572 0000
128 8 32 85 0.004998 2222
128 8 32 86 0.003853 0000
128 8 32 87 0.003659 0000
128 8 32 88 0.005054 0000
128 8 32 89 0.005106 0000
128 8 32 90 0.004775 0000
128 8 32 91 0.004590 0000
128 8 32 92 0.004602 0000
128 8 32 93 0.004667 0000
128 8 32 94 0.003414 0000
128 8 32 95 0.004489 2222
128 8 32 96 0.005200 2222
128 8 32 97 0.003361 0000
128 8 32 98 0.005814 2222
128 8 32 99 0.004789 0000
256 2 4 0 0.001316 0000000000000000000000000000000000000000000000000000000000000000
256 2 4 1 0.001113 0000000000000000000000000000000000000000000000000000000000000000
256 2 4 2 0.001101 0000000000000000000000000000000000000000000000000000000000000000
256 2 4 3 0.001130 0000000000000000000000000000000000000000000000000000000000000000
256 2 4 4 0.001315 0000000000000000000000000000000000000000000000000000000000000000
256 2 4 5 0.001068 2000000000000000000000000000000000000000000000000000000000000000
256 2 4 6 0.001200 0000000000000000000000000000000000000000000000000000000000000000
256 2 4 7 0.001199 2222000000000000000000000000000000000000000000000000000000000000
256 2 4 8 0.001190 0000000000000000000000000000000000000000000000000000000000000000
256 2 4 9 0.001202 0000000000000000000000000000000000000000000000000000000000000000
256 2 4 10 0.001117 2220000000000000000000000000000000000000000000000000000000000000
256 2 4 11 0.001213 0000000000000000000000000000000000000000000000000000000000000000
256 2 4 12 0.001123 0000000000000000000000000000000000000000000000000000000000000000
256 2 4 13 0.001083 0000000000000000000000000000000000000000000000000000000000000000
256 2 4 14 0.001215 0000000000000000000000000000000000000000000000000000000000000000
256 2 4 15 0.001146 2220000000000000000000000000000000000000000000000000000000000000
256 2 4 16 0.001036 0000000000000000000000000000000000000000000000000000000000000000
256 2 4 17 0.001115 2200000000000000000000000000000000000000000000000000000000000000
256 2 4 18 0.001319 0000000000000000000000000000000000000000000000000000000000000000
256 2 4 19 0.001189 0000000000000000000000000000000000000000000000000000000000000000
256 2 4 20 0.001147 0000000000000000000000000000000000000000000000000000000000000000
256 2 4 21 0.001174 2222000000000000000000000000000000000000000000000000000000000000
256 2 4 22 0.001198 0000000000000000000000000000000000000000000000000000000000000000
256 2 4 23 0.001192 0000000000000000000000000000000000000000000000000000000000000000
256 2 4 24 0.001135 0000000000000000000000000000000000000000000000000000000000000000
256 2 4 25 0.001072 0000000000000000000000000000000000000000000000000000000000000000
256 2 4 26 0.001155 2000000000000000000000000000000000000000000000000000000000000000
256 2 4 27 0.001033 0000000000000000000000000000000000000000000000000000000000000000
256 2 4 28 0.001181 0000000000000000000000000000000000000000000000000000000000000000
256 2 4 29 0.001122 0000000000000000000000000000000000000000000000000000000000000000
256 2 4 30 0.001190 0000000000000000000000000000000000000000000000000000000000000000
256 2 4 31 0.001187 2000000000000000000000000000000000000000000000000000000000000000
256 2 4 32 0.001249 0000000000000000000000000000000000000000000000000000000000000000
256 2 4 33 0.001229 0000000000000000000000000000000000000000000000000000000000000000
256 2 4 34 0.001171 2000000000000000000000000000000000000000000000000000000000000000
256 2 4 35 0.001213 0000000000000000000000000000000000000000000000000000000000000000
256 2 4 36 0.001129 0000000000000000000000000000000000000000000000000000000000000000
256 2 4 37 0.001129 2200000000000000000000000000000000000000000000000000000000000000
256 2 4 38 0.001110 0000000000000000000000000000000000000000000000000000000000000000
256 2 4 39 0.001097 0000000000000000000000000000000000000000000000000000000000000000
256 2 4 40 0.001194 0000000000000000000000000000000000000000000000000000000000000000
256 2 4 41 0.001123 0000000000000000000000000000000000000000000000000000000000000000
256 2 4 42 0.001205 0000000000000000000000000000000000000000000000000000000000000000
256 2 4 43 0.001078 0000000000000000000000000000000000000000000000000000000000000000
256 2 4 44 0.001113 2000000000000000000000000000000000000000000000000000000000000000
256 2 4 45 0.001139 0000000000000000000000000000000000000000000000000000000000000000
256 2 4 46 0.001172 0000000000000000000000000000000000000000000000000000000000000000
256 2 4 47 0.001241 2200000000000000000000000000000000000000000000000000000000000000
256 2 4 48 0.001128 0000000000000000000000000000000000000000000000000000000000000000
256 2 4 49 0.001057 2000000000000000000000000000000000000000000000000000000000000000
256 2 4 50 0.001136 2200000000000000000000000000000000000000000000000000000000000000
256 2 4 51 0.001108 0000000000000000000000000000000000000000000000000000000000000000
256 2 4 52 0.001134 0000000000000000000000000000000000000000000000000000000000000000
256 2 4 53 0.001143 0000000000000000000000000000000000000000000000000000000000000000
256 2 4 54 0.001171 0000000000000000000000000000000000000000000000000000000000000000
256 2 4 55 0.001169 0000000000000000000000000000000000000000000000000000000000000000
256 2 4 56 0.001073 0000000000000000000000000000000000000000000000000000000000000000
256 2 4 57 0.001131 0000000000000000000000000000000000000000000000000000000000000000
256 2 4 58 0.001119 0000000000000000000000000000000000000000000000000000000000000000
256 2 4 59 0.001179 0000000000000000000000000000000000000000000000000000000000000000
256 2 4 60 0.001174 2000000000000000000000000000000000000000000000000000000000000000
256 2 4 61 0.001181 0000000000000000000000000000000000000000000000000000000000000000
256 2 4 62 0.001203 0000000000000000000000000000000000000000000000000000000000000000
256 2 4 63 0.001106 2000000000000000000000000000000000000000000000000000000000000000
256 2 4 64 0.001124 0000000000000000000000000000000000000000000000000000000000000000
256 2 4 65 0.001101 0000000000000000000000000000000000000000000000000000000000000000
256 2 4 66 0.001141 0000000000000000000000000000000000000000000000000000000000000000
256 2 4 67 0.001089 0000000000000000000000000000000000000000000000000000000000000000
256 2 4 68 0.001074 0000000000000000000000000000000000000000000000000000000000000000
256 2 4 69 0.001018 2220000000000000000000000000000000000000000000000000000000000000
256 2 4 70 0.001099 0000000000000000000000000000000000000000000000000000000000000000
256 2 4 71 0.001226 0000000000000000000000000000000000000000000000000000000000000000
256 2 4 72 0.001026 0000000000000000000000000000000000000000000000000000000000000000
256 2 4 73 0.001146 0000000000000000000000000000000000000000000000000000000000000000
256 2 4 74 0.001040 0000000000000000000000000000000000000000000000000000000000000000
256 2 4 75 0.001169 0000000000000000000000000000000000000000000000000000000000000000
256 2 4 76 0.001114 2000000000000000000000000000000000000000000000000000000000000000
256 2 4 77 0.001064 2000000000000000000000000000000000000000000000000000000000000000
256 2 4 78 0.001068 2000000000000000000000000000000000000000000000000000000000000000
256 2 4 79 0.001076 0000000000000000000000000000000000000000000000000000000000000000
256 2 4 80 0.001104 0000000000000000000000000000000000000000000000000000000000000000
256 2 4 81 0.001215 0000000000000000000000000000000000000000000000000000000000000000
256 2 4 82 0.001178 2000000000000000000000000000000000000000000000000000000000000000
256 2 4 83 0.000967 0000000000000000000000000000000000000000000000000000000000000000
256 2 4 84 0.001090 0000000000000000000000000000000000000000000000000000000000000000
256 2 4 85 0.001100 2220000000000000000000000000000000000000000000000000000000000000
256 2 4 86 0.001166 0000000000000000000000000000000000000000000000000000000000000000
256 2 4 87 0.001140 0000000000000000000000000000000000000000000000000000000000000000
256 2 4 88 0.001134 2200000000000000000000000000000000000000000000000000000000000000
256 2 4 89 0.001183 2200000000000000000000000000000000000000000000000000000000000000
256 2 4 90 0.001183 0000000000000000000000000000000000000000000000000000000000000000
256 2 4 91 0.001204 2000000000000000000000000000000000000000000000000000000000000000
256 2 4 92 0.001027 0000000000000000000000000000000000000000000000000000000000000000
256 2 4 93 0.001160 2222200000000000000000000000000000000000000000000000000000000000
256 2 4 94 0.001193 0000000000000000000000000000000000000000000000000000000000000000
256 2 4 95 0.001157 0000000000000000000000000000000000000000000000000000000000000000
256 2 4 96 0.001161 0000000000000000000000000000000000000000000000000000000000000000
256 2 4 97 0.001121 0000000000000000000000000000000000000000000000000000000000000000
256 2 4 98 0.001152 0000000000000000000000000000000000000000000000000000000000000000
256 2 4 99 0.001207 0000000000000000000000000000000000000000000000000000000000000000
256 2 8 0 0.001288 00000000000000000000000000000000
256 2 8 1 0.001095 00000000000000000000000000000000
256 2 8 2 0.001116 00000000000000000000000000000000
256 2 8 3 0.001424 00000000000000000000000000000000
256 2 8 4 0.001312 00000000000000000000000000000000
256 2 8 5 0.001066 00000000000000000000000000000000
256 2 8 6 0.001204 00000000000000000000000000000000
256 2 8 7 0.001200 22000000000000000000000000000000
256 2 8 8 0.001246 00000000000000000000000000000000
256 2 8 9 0.001183 00000000000000000000000000000000
256 2 8 10 0.001105 20000000000000000000000000000000
256 2 8 11 0.001222 00000000000000000000000000000000
256 2 8 12 0.001095 00000000000000000000000000000000
256 2 8 13 0.001065 00000000000000000000000000000000
256 2 8 14 0.001203 00000000000000000000000000000000
256 2 8 15 0.001150 00000000000000000000000000000000
256 2 8 16 0.001068 00000000000000000000000000000000
256 2 8 17 0.001128 20000000000000000000000000000000
256 2 8 18 0.001290 00000000000000000000000000000000
256 2 8 19 0.001233 00000000000000000000000000000000
256 2 8 20 0.001118 00000000000000000000000000000000
256 2 8 21 0.001177 22000000000000000000000000000000
256 2 8 22 0.001197 00000000000000000000000000000000
256 2 8 23 0.001200 00000000000000000000000000000000
256 2 8 24 0.001092 00000000000000000000000000000000
256 2 8 25 0.001077 00000000000000000000000000000000
256 2 8 26 0.001162 00000000000000000000000000000000
256 2 8 27 0.001042 00000000000000000000000000000000
256 2 8 28 0.001172 00000000000000000000000000000000
256 2 8 29 0.001119 00000000000000000000000000000000
256 2 8 30 0.001175 00000000000000000000000000000000
256 2 8 31 0.001190 00000000000000000000000000000000
256 2 8 32 0.001245 00000000000000000000000000000000
256 2 8 33 0.001218 00000000000000000000000000000000
256 2 8 34 0.001180 00000000000000000000000000000000
256 2 8 35 0.001205 00000000000000000000000000000000
256 2 8 36 0.001119 00000000000000000000000000000000
256 2 8 37 0.001154 20000000000000000000000000000000
256 2 8 38 0.001111 00000000000000000000000000000000
256 2 8 39 0.001115 00000000000000000000000000000000
256 2 8 40 0.001177 00000000000000000000000000000000
256 2 8 41 0.001122 00000000000000000000000000000000
256 2 8 42 0.001216 00000000000000000000000000000000
256 2 8 43 0.001029 00000000000000000000000000000000
256 2 8 44 0.001097 00000000000000000000000000000000
256 2 8 45 0.001125 00000000000000000000000000000000
256 2 8 46 0.001141 00000000000000000000000000000000
256 2 8 47 0.001243 20000000000000000000000000000000
256 2 8 48 0.001111 00000000000000000000000000000000
256 2 8 49 0.001040 00000000000000000000000000000000
256 2 8 50 0.001108 00000000000000000000000000000000
256 2 8 51 0.001036 00000000000000000000000000000000
256 2 8 52 0.001132 00000000000000000000000000000000
256 2 8 53 0.001158 00000000000000000000000000000000
256 2 8 54 0.001185 00000000000000000000000000000000
256 2 8 55 0.001171 00000000000000000000000000000000
256 2 8 56 0.001069 00000000000000000000000000000000
256 2 8 57 0.001137 00000000000000000000000000000000
256 2 8 58 0.001135 00000000000000000000000000000000
256 2 8 59 0.001171 00000000000000000000000000000000
256 2 8 60 0.001166 00000000000000000000000000000000
256 2 8 61 0.001192 00000000000000000000000000000000
256 2 8 62 0.001205 00000000000000000000000000000000
256 2 8 63 0.001111 00000000000000000000000000000000
256 2 8 64 0.001112 00000000000000000000000000000000
256 2 8 65 0.001113 00000000000000000000000000000000
256 2 8 66 0.001120 00000000000000000000000000000000
256 2 8 67 0.001063 00000000000000000000000000000000
256 2 8 68 0.001064 00000000000000000000000000000000
256 2 8 69 0.001015 20000000000000000000000000000000
256 2 8 70 0.001132 00000000000000000000000000000000
256 2 8 71 0.001224 00000000000000000000000000000000
256 2 8 72 0.001013 00000000000000000000000000000000
256 2 8 73 0.001140 00000000000000000000000000000000
256 2 8 74 0.001037 00000000000000000000000000000000
256 2 8 75 0.001146 00000000000000000000000000000000
256 2 8 76 0.001101 00000000000000000000000000000000
256 2 8 77 0.001066 00000000000000000000000000000000
256 2 8 78 0.001072 00000000000000000000000000000000
256 2 8 79 0.001108 00000000000000000000000000000000
256 2 8 80 0.001082 00000000000000000000000000000000
256 2 8 81 0.001197 00000000000000000000000000000000
256 2 8 82 0.001170 00000000000000000000000000000000
256 2 8 83 0.000987 00000000000000000000000000000000
256 2 8 84 0.001088 00000000000000000000000000000000
256 2 8 85 0.001100 20000000000000000000000000000000
256 2 8 86 0.001177 00000000000000000000000000000000
256 2 8 87 0.001179 00000000000000000000000000000000
256 2 8 88 0.001121 20000000000000000000000000000000
256 2 8 89 0.001168 20000000000000000000000000000000
256 2 8 90 0.001164 00000000000000000000000000000000
256 2 8 91 0.001195 00000000000000000000000000000000
256 2 8 92 0.001034 00000000000000000000000000000000
256 2 8 93 0.001153 22000000000000000000000000000000
256 2 8 94 0.001203 00000000000000000000000000000000
256 2 8 95 0.001175 00000000000000000000000000000000
256 2 8 96 0.001220 00000000000000000000000000000000
256 2 8 97 0.001124 00000000000000000000000000000000
256 2 8 98 0.001143 00000000000000000000000000000000
256 2 8 99 0.001189 00000000000000000000000000000000
256 2 16 0 0.001244 0000000000000000
256 2 16 1 0.001068 0000000000000000
256 2 16 2 0.001063 0000000000000000
256 2 16 3 0.001084 0000000000000000
256 2 16 4 0.001262 0000000000000000
256 2 16 5 0.001128 0000000000000000
256 2 16 6 0.001168 0000000000000000
256 2 16 7 0.001189 2000000000000000
256 2 16 8 0.001169 0000000000000000
256 2 16 9 0.001156 0000000000000000
256 2 16 10 0.001076 0000000000000000
256 2 16 11 0.001174 0000000000000000
256 2 16 12 0.001062 0000000000000000
256 2 16 13 0.001021 0000000000000000
256 2 16 14 0.001164 0000000000000000
256 2 16 15 0.001126 0000000000000000
256 2 16 16 0.001046 0000000000000000
256 2 16 17 0.001091 0000000000000000
256 2 16 18 0.001260 0000000000000000
256 2 16 19 0.001156 0000000000000000
256 2 16 20 0.001092 0000000000000000
256 2 16 21 0.001136 2000000000000000
256 2 16 22 0.001160 0000000000000000
256 2 16 23 0.001125 0000000000000000
256 2 16 24 0.001083 0000000000000000
256 2 16 25 0.001042 0000000000000000
256 2 16 26 0.001120 0000000000000000
256 2 16 27 0.000987 0000000000000000
256 2 16 28 0.001158 0000000000000000
256 2 16 29 0.001081 0000000000000000
256 2 16 30 0.001139 0000000000000000
256 2 16 31 0.001152 0000000000000000
256 2 16 32 0.001211 0000000000000000
256 2 16 33 0.001204 0000000000000000
256 2 16 34 0.001134 0000000000000000
256 2 16 35 0.001241 0000000000000000
256 2 16 36 0.001073 0000000000000000
256 2 16 37 0.001101 0000000000000000
256 2 16 38 0.001067 0000000000000000
256 2 16 39 0.001067 0000000000000000
256 2 16 40 0.001157 0000000000000000
256 2 16 41 0.001072 0000000000000000
256 2 16 42 0.001185 0000000000000000
256 2 16 43 0.001001 0000000000000000
256 2 16 44 0.001059 0000000000000000
256 2 16 45 0.001094 0000000000000000
256 2 16 46 0.001137 0000000000000000
256 2 16 47 0.001206 0000000000000000
256 2 16 48 0.001091 0000000000000000
256 2 16 49 0.001008 0000000000000000
256 2 16 50 0.001061 0000000000000000
256 2 16 51 0.001004 0000000000000000
256 2 16 52 0.001099 0000000000000000
256 2 16 53 0.001091 0000000000000000
256 2 16 54 0.001142 0000000000000000
256 2 16 55 0.001119 0000000000000000
256 2 16 56 0.001045 0000000000000000
256 2 16 57 0.001098 0000000000000000
256 2 16 58 0.001088 0000000000000000
256 2 16 59 0.001122 0000000000000000
256 2 16 60 0.001140 0000000000000000
256 2 16 61 0.001155 0000000000000000
256 2 16 62 0.001147 0000000000000000
256 2 16 63 0.001079 0000000000000000
256 2 16 64 0.001061 0000000000000000
256 2 16 65 0.001076 0000000000000000
256 2 16 66 0.001084 0000000000000000
256 2 16 67 0.001039 0000000000000000
256 2 16 68 0.001031 0000000000000000
256 2 16 69 0.000990 0000000000000000
256 2 16 70 0.001061 0000000000000000
256 2 16 71 0.001182 0000000000000000
256 2 16 72 0.000978 0000000000000000
256 2 16 73 0.001102 0000000000000000
256 2 16 74 0.000995 0000000000000000
256 2 16 75 0.001135 0000000000000000
256 2 16 76 0.001075 0000000000000000
256 2 16 77 0.001013 0000000000000000
256 2 16 78 0.001036 0000000000000000
256 2 16 79 0.001072 0000000000000000
256 2 16 80 0.001055 0000000000000000
256 2 16 81 0.001176 0000000000000000
256 2 16 82 0.001148 0000000000000000
256 2 16 83 0.000919 0000000000000000
256 2 16 84 0.001043 0000000000000000
256 2 16 85 0.001060 0000000000000000
256 2 16 86 0.001140 0000000000000000
256 2 16 87 0.001129 0000000000000000
256 2 16 88 0.001089 0000000000000000
256 2 16 89 0.001129 0000000000000000
256 2 16 90 0.001128 0000000000000000
256 2 16 91 0.001169 0000000000000000
256 2 16 92 0.000995 0000000000000000
256 2 16 93 0.001125 2000000000000000
256 2 16 94 0.001145 0000000000000000
256 2 16 95 0.001119 0000000000000000
256 2 16 96 0.001130 0000000000000000
256 2 16 97 0.001083 0000000000000000
256 2 16 98 0.001130 0000000000000000
256 2 16 99 0.001159 0000000000000000
256 2 32 0 0.001299 00000000
256 2 32 1 0.001092 00000000
256 2 32 2 0.001089 00000000
256 2 32 3 0.001116 00000000
256 2 32 4 0.001316 00000000
256 2 32 5 0.001070 00000000
256 2 32 6 0.001186 00000000
256 2 32 7 0.001200 00000000
256 2 32 8 0.001214 00000000
256 2 32 9 0.001191 00000000
256 2 32 10 0.001111 00000000
256 2 32 11 0.001202 00000000
256 2 32 12 0.001072 00000000
256 2 32 13 0.001059 00000000
256 2 32 14 0.001201 00000000
256 2 32 15 0.001143 00000000
256 2 32 16 0.001064 00000000
256 2 32 17 0.001137 00000000
256 2 32 18 0.001298 00000000
256 2 32 19 0.001183 00000000
256 2 32 20 0.001118 00000000
256 2 32 21 0.001162 00000000
256 2 32 22 0.001195 00000000
256 2 32 23 0.001163 00000000
256 2 32 24 0.001093 00000000
256 2 32 25 0.001086 00000000
256 2 32 26 0.001149 00000000
256 2 32 27 0.001043 00000000
256 2 32 28 0.001191 00000000
256 2 32 29 0.001102 00000000
256 2 32 30 0.001178 00000000
256 2 32 31 0.001177 00000000
256 2 32 32 0.001243 00000000
256 2 32 33 0.001238 00000000
256 2 32 34 0.001154 00000000
256 2 32 35 0.001198 00000000
256 2 32 36 0.001110 00000000
256 2 32 37 0.001130 00000000
256 2 32 38 0.001104 00000000
256 2 32 39 0.001104 00000000
256 2 32 40 0.001190 00000000
256 2 32 41 0.001117 00000000
256 2 32 42 0.001269 00000000
256 2 32 43 0.001017 00000000
256 2 32 44 0.001096 00000000
256 2 32 45 0.001130 00000000
256 2 32 46 0.001147 00000000
256 2 32 47 0.001256 00000000
256 2 32 48 0.001117 00000000
256 2 32 49 0.001065 00000000
256 2 32 50 0.001084 00000000
256 2 32 51 0.001032 00000000
256 2 32 52 0.001129 00000000
256 2 32 53 0.001144 00000000
256 2 32 54 0.001232 00000000
256 2 32 55 0.001146 00000000
256 2 32 56 0.001070 00000000
256 2 32 57 0.001131 00000000
256 2 32 58 0.001124 00000000
256 2 32 59 0.001149 00000000
256 2 32 60 0.001171 00000000
256 2 32 61 0.001186 00000000
256 2 32 62 0.001187 00000000
256 2 32 63 0.001102 00000000
256 2 32 64 0.001098 00000000
256 2 32 65 0.001103 00000000
256 2 32 66 0.001133 00000000
256 2 32 67 0.001071 00000000
256 2 32 68 0.001071 00000000
256 2 32 69 0.001028 00000000
256 2 32 70 0.001105 00000000
256 2 32 71 0.001221 00000000
256 2 32 72 0.000983 00000000
256 2 32 73 0.001143 00000000
256 2 32 74 0.001016 00000000
256 2 32 75 0.001158 00000000
256 2 32 76 0.001098 00000000
256 2 32 77 0.001051 00000000
256 2 32 78 0.001064 00000000
256 2 32 79 0.001098 00000000
256 2 32 80 0.001085 00000000
256 2 32 81 0.001183 00000000
256 2 32 82 0.001172 00000000
256 2 32 83 0.000938 00000000
256 2 32 84 0.001074 00000000
256 2 32 85 0.001075 00000000
256 2 32 86 0.001172 00000000
256 2 32 87 0.001126 00000000
256 2 32 88 0.001124 00000000
256 2 32 89 0.001146 00000000
256 2 32 90 0.001171 00000000
256 2 32 91 0.001205 00000000
256 2 32 92 0.001023 00000000
256 2 32 93 0.001159 00000000
256 2 32 94 0.001194 00000000
256 2 32 95 0.001152 00000000
256 2 32 96 0.001163 00000000
256 2 32 97 0.001129 00000000
256 2 32 98 0.001162 00000000
256 2 32 99 0.001177 00000000
256 4 8 0 0.004143 00000000000000000000000000000000
256 4 8 1 0.002802 00000000000000000000000000000000
256 4 8 2 0.003063 00000000000000000000000000000000
256 4 8 3 0.003010 00000000000000000000000000000000
256 4 8 4 0.003573 00000000000000000000000000000000
256 4 8 5 0.002916 20000000000000000000000000000000
256 4 8 6 0.003253 00000000000000000000000000000000
256 4 8 7 0.003218 22222222222222222222222222222222
256 4 8 8 0.003261 00000000000000000000000000000000
256 4 8 9 0.003176 00000000000000000000000000000000
256 4 8 10 0.003140 22222200000000000000000000000000
256 4 8 11 0.003140 00000000000000000000000000000000
256 4 8 12 0.002863 00000000000000000000000000000000
256 4 8 13 0.002795 00000000000000000000000000000000
256 4 8 14 0.003247 00000000000000000000000000000000
256 4 8 15 0.003100 22220000000000000000000000000000
256 4 8 16 0.002713 00000000000000000000000000000000
256 4 8 17 0.002938 22220000000000000000000000000000
256 4 8 18 0.003499 00000000000000000000000000000000
256 4 8 19 0.003271 00000000000000000000000000000000
256 4 8 20 0.003053 00000000000000000000000000000000
256 4 8 21 0.003144 22222222222000000000000000000000
256 4 8 22 0.003239 00000000000000000000000000000000
256 4 8 23 0.003134 00000000000000000000000000000000
256 4 8 24 0.002924 00000000000000000000000000000000
256 4 8 25 0.002759 00000000000000000000000000000000
256 4 8 26 0.003172 22200000000000000000000000000000
256 4 8 27 0.002726 00000000000000000000000000000000
256 4 8 28 0.003210 00000000000000000000000000000000
256 4 8 29 0.002837 00000000000000000000000000000000
256 4 8 30 0.003109 00000000000000000000000000000000
256 4 8 31 0.003289 22200000000000000000000000000000
256 4 8 32 0.003369 00000000000000000000000000000000
256 4 8 33 0.003424 00000000000000000000000000000000
256 4 8 34 0.003099 22222222222222222222222222222220
256 4 8 35 0.003578 00000000000000000000000000000000
256 4 8 36 0.002854 00000000000000000000000000000000
256 4 8 37 0.002977 22222222222222220000000000000000
256 4 8 38 0.002913 00000000000000000000000000000000
256 4 8 39 0.002887 00000000000000000000000000000000
256 4 8 40 0.003227 00000000000000000000000000000000
256 4 8 41 0.002955 00000000000000000000000000000000
256 4 8 42 0.003360 00000000000000000000000000000000
256 4 8 43 0.002632 00000000000000000000000000000000
256 4 8 44 0.002822 22222000000000000000000000000000
256 4 8 45 0.003149 00000000000000000000000000000000
256 4 8 46 0.003166 00000000000000000000000000000000
256 4 8 47 0.003499 22222220000000000000000000000000
256 4 8 48 0.002988 00000000000000000000000000000000
256 4 8 49 0.002792 22222222222222222222222220000000
256 4 8 50 0.003006 22222222222222222000000000000000
256 4 8 51 0.002827 00000000000000000000000000000000
256 4 8 52 0.003104 00000000000000000000000000000000
256 4 8 53 0.003011 00000000000000000000000000000000
256 4 8 54 0.003132 00000000000000000000000000000000
256 4 8 55 0.003146 00000000000000000000000000000000
256 4 8 56 0.002664 00000000000000000000000000000000
256 4 8 57 0.003008 00000000000000000000000000000000
256 4 8 58 0.002920 00000000000000000000000000000000
256 4 8 59 0.003041 00000000000000000000000000000000
256 4 8 60 0.003123 22222000000000000000000000000000
256 4 8 61 0.003245 00000000000000000000000000000000
256 4 8 62 0.003249 00000000000000000000000000000000
256 4 8 63 0.002953 22222222222222222222222222200000
256 4 8 64 0.002890 00000000000000000000000000000000
256 4 8 65 0.002884 00000000000000000000000000000000
256 4 8 66 0.003092 00000000000000000000000000000000
256 4 8 67 0.002747 00000000000000000000000000000000
256 4 8 68 0.002744 00000000000000000000000000000000
256 4 8 69 0.002631 22000000000000000000000000000000
256 4 8 70 0.002937 00000000000000000000000000000000
256 4 8 71 0.003314 00000000000000000000000000000000
256 4 8 72 0.002671 00000000000000000000000000000000
256 4 8 73 0.003149 00000000000000000000000000000000
256 4 8 74 0.002610 00000000000000000000000000000000
256 4 8 75 0.003052 00000000000000000000000000000000
256 4 8 76 0.002992 22222222222000000000000000000000
256 4 8 77 0.002744 20000000000000000000000000000000
256 4 8 78 0.002893 22222222222222222222222222222222
256 4 8 79 0.002888 00000000000000000000000000000000
256 4 8 80 0.002905 00000000000000000000000000000000
256 4 8 81 0.003297 00000000000000000000000000000000
256 4 8 82 0.003164 20000000000000000000000000000000
256 4 8 83 0.002460 00000000000000000000000000000000
256 4 8 84 0.002740 00000000000000000000000000000000
256 4 8 85 0.002850 22222222222222222222222222222222
256 4 8 86 0.003216 00000000000000000000000000000000
256 4 8 87 0.003029 00000000000000000000000000000000
256 4 8 88 0.003043 22222222222000000000000000000000
256 4 8 89 0.003166 22222222222222222222222222222222
256 4 8 90 0.003244 00000000000000000000000000000000
256 4 8 91 0.003187 22222222222222222222200000000000
256 4 8 92 0.002790 00000000000000000000000000000000
256 4 8 93 0.003257 22222222222222222222222222222222
256 4 8 94 0.003307 00000000000000000000000000000000
256 4 8 95 0.003064 00000000000000000000000000000000
256 4 8 96 0.003124 00000000000000000000000000000000
256 4 8 97 0.003016 00000000000000000000000000000000
256 4 8 98 0.003133 00000000000000000000000000000000
256 4 8 99 0.003338 00000000000000000000000000000000
256 4 16 0 0.003498 0000000000000000
256 4 16 1 0.002895 0000000000000000
256 4 16 2 0.002906 0000000000000000
256 4 16 3 0.002937 0000000000000000
256 4 16 4 0.003541 0000000000000000
256 4 16 5 0.002815 0000000000000000
256 4 16 6 0.003277 0000000000000000
256 4 16 7 0.003098 2222222222222222
256 4 16 8 0.003276 0000000000000000
256 4 16 9 0.003126 0000000000000000
256 4 16 10 0.002954 2220000000000000
256 4 16 11 0.003104 0000000000000000
256 4 16 12 0.002808 0000000000000000
256 4 16 13 0.002752 0000000000000000
256 4 16 14 0.003285 0000000000000000
256 4 16 15 0.003038 2200000000000000
256 4 16 16 0.002617 0000000000000000
256 4 16 17 0.002963 2200000000000000
256 4 16 18 0.003394 0000000000000000
256 4 16 19 0.003145 0000000000000000
256 4 16 20 0.002902 0000000000000000
256 4 16 21 0.003080 2222200000000000
256 4 16 22 0.003196 0000000000000000
256 4 16 23 0.003089 0000000000000000
256 4 16 24 0.003010 0000000000000000
256 4 16 25 0.002759 0000000000000000
256 4 16 26 0.003137 2000000000000000
256 4 16 27 0.002655 0000000000000000
256 4 16 28 0.003145 0000000000000000
256 4 16 29 0.002880 0000000000000000
256 4 16 30 0.003095 0000000000000000
256 4 16 31 0.003234 2000000000000000
256 4 16 32 0.003254 0000000000000000
256 4 16 33 0.003294 0000000000000000
256 4 16 34 0.003107 2222222222222220
256 4 16 35 0.003350 0000000000000000
256 4 16 36 0.002834 0000000000000000
256 4 16 37 0.002916 2222222200000000
256 4 16 38 0.002915 0000000000000000
256 4 16 39 0.002886 0000000000000000
256 4 16 40 0.003096 0000000000000000
256 4 16 41 0.002890 0000000000000000
256 4 16 42 0.003395 0000000000000000
256 4 16 43 0.002585 0000000000000000
256 4 16 44 0.002762 2200000000000000
256 4 16 45 0.003016 0000000000000000
256 4 16 46 0.003182 0000000000000000
256 4 16 47 0.003351 2220000000000000
256 4 16 48 0.002946 0000000000000000
256 4 16 49 0.002733 2222222222220000
256 4 16 50 0.002879 2222222200000000
256 4 16 51 0.002751 0000000000000000
256 4 16 52 0.002970 0000000000000000
256 4 16 53 0.002967 0000000000000000
256 4 16 54 0.003081 0000000000000000
256 4 16 55 0.003062 0000000000000000
256 4 16 56 0.002669 0000000000000000
256 4 16 57 0.003012 0000000000000000
256 4 16 58 0.003113 0000000000000000
256 4 16 59 0.003014 0000000000000000
256 4 16 60 0.003086 2200000000000000
256 4 16 61 0.003244 0000000000000000
256 4 16 62 0.003086 0000000000000000
256 4 16 63 0.002800 2222222222222000
256 4 16 64 0.002851 0000000000000000
256 4 16 65 0.002883 0000000000000000
256 4 16 66 0.003095 0000000000000000
256 4 16 67 0.002779 0000000000000000
256 4 16 68 0.002883 0000000000000000
256 4 16 69 0.002539 2000000000000000
256 4 16 70 0.002941 0000000000000000
256 4 16 71 0.003384 0000000000000000
256 4 16 72 0.002634 0000000000000000
256 4 16 73 0.002963 0000000000000000
256 4 16 74 0.002578 0000000000000000
256 4 16 75 0.003033 0000000000000000
256 4 16 76 0.002996 2222200000000000
256 4 16 77 0.002752 0000000000000000
256 4 16 78 0.002819 2222222222222222
256 4 16 79 0.002931 0000000000000000
256 4 16 80 0.002857 0000000000000000
256 4 16 81 0.003241 0000000000000000
256 4 16 82 0.003121 0000000000000000
256 4 16 83 0.002418 0000000000000000
256 4 16 84 0.002743 0000000000000000
256 4 16 85 0.002819 2222222222222222
256 4 16 86 0.003170 0000000000000000
256 4 16 87 0.002829 0000000000000000
256 4 16 88 0.002902 2222000000000000
256 4 16 89 0.004846 2222222222222222
256 4 16 90 0.003216 0000000000000000
256 4 16 91 0.003177 2222222222000000
256 4 16 92 0.002702 0000000000000000
256 4 16 93 0.003132 2222222222222222
256 4 16 94 0.003150 0000000000000000
256 4 16 95 0.002989 0000000000000000
256 4 16 96 0.003199 0000000000000000
256 4 16 97 0.002988 0000000000000000
256 4 16 98 0.003019 0000000000000000
256 4 16 99 0.003222 0000000000000000
256 4 32 0 0.003626 00000000
256 4 32 1 0.002873 00000000
256 4 32 2 0.003084 00000000
256 4 32 3 0.003055 00000000
256 4 32 4 0.003664 00000000
256 4 32 5 0.002964 00000000
256 4 32 6 0.003378 00000000
256 4 32 7 0.003186 22222222
256 4 32 8 0.003304 00000000
256 4 32 9 0.003220 00000000
256 4 32 10 0.003045 20000000
256 4 32 11 0.003223 00000000
256 4 32 12 0.003016 00000000
256 4 32 13 0.002896 00000000
256 4 32 14 0.003285 00000000
256 4 32 15 0.003228 20000000
256 4 32 16 0.002848 00000000
256 4 32 17 0.002937 20000000
256 4 32 18 0.003680 00000000
256 4 32 19 0.003232 00000000
256 4 32 20 0.002965 00000000
256 4 32 21 0.003149 22000000
256 4 32 22 0.003370 00000000
256 4 32 23 0.003223 00000000
256 4 32 24 0.002966 00000000
256 4 32 25 0.002796 00000000
256 4 32 26 0.003166 00000000
256 4 32 27 0.002820 00000000
256 4 32 28 0.003261 00000000
256 4 32 29 0.002955 00000000
256 4 32 30 0.003275 00000000
256 4 32 31 0.003249 00000000
256 4 32 32 0.003326 00000000
256 4 32 33 0.003345 00000000
256 4 32 34 0.003062 22222220
256 4 32 35 0.003352 00000000
256 4 32 36 0.002966 00000000
256 4 32 37 0.003088 22220000
256 4 32 38 0.002894 00000000
256 4 32 39 0.002898 00000000
256 4 32 40 0.003340 00000000
256 4 32 41 0.003006 00000000
256 4 32 42 0.003354 00000000
256 4 32 43 0.002588 00000000
256 4 32 44 0.002915 20000000
256 4 32 45 0.003300 00000000
256 4 32 46 0.003160 00000000
256 4 32 47 0.003641 20000000
256 4 32 48 0.003040 00000000
256 4 32 49 0.002866 22222200
256 4 32 50 0.003032 22220000
256 4 32 51 0.002780 00000000
256 4 32 52 0.003038 00000000
256 4 32 53 0.003026 00000000
256 4 32 54 0.003266 00000000
256 4 32 55 0.003143 00000000
256 4 32 56 0.002724 00000000
256 4 32 57 0.003144 00000000
256 4 32 58 0.002934 00000000
256 4 32 59 0.003096 00000000
256 4 32 60 0.003121 20000000
256 4 32 61 0.003305 00000000
256 4 32 62 0.003203 00000000
256 4 32 63 0.002812 22222200
256 4 32 64 0.002921 00000000
256 4 32 65 0.002880 00000000
256 4 32 66 0.003053 00000000
256 4 32 67 0.002760 00000000
256 4 32 68 0.002832 00000000
256 4 32 69 0.002762 00000000
256 4 32 70 0.002965 00000000
256 4 32 71 0.003397 00000000
256 4 32 72 0.002680 00000000
256 4 32 73 0.003079 00000000
256 4 32 74 0.002752 00000000
256 4 32 75 0.003070 00000000
256 4 32 76 0.003088 22000000
256 4 32 77 0.002764 00000000
256 4 32 78 0.002949 22222222
256 4 32 79 0.002931 00000000
256 4 32 80 0.003031 00000000
256 4 32 81 0.003384 00000000
256 4 32 82 0.003203 00000000
256 4 32 83 0.002401 00000000
256 4 32 84 0.002763 00000000
256 4 32 85 0.002953 22222222
256 4 32 86 0.003244 00000000
256 4 32 87 0.002930 00000000
256 4 32 88 0.002970 22000000
256 4 32 89 0.003138 22222222
256 4 32 90 0.003294 00000000
256 4 32 91 0.003271 22222000
256 4 32 92 0.002838 00000000
256 4 32 93 0.003252 22222222
256 4 32 94 0.003144 00000000
256 4 32 95 0.003134 00000000
256 4 32 96 0.003209 00000000
256 4 32 97 0.002976 00000000
256 4 32 98 0.003165 00000000
256 4 32 99 0.003254 00000000
256 8 16 0 0.011426 0000000000000000
256 8 16 1 0.008922 0000000000000000
256 8 16 2 0.009220 0000000000000000
256 8 16 3 0.009267 0000000000000000
256 8 16 4 0.012210 0000000000000000
256 8 16 5 0.008847 2222222222222222
256 8 16 6 0.010539 0000000000000000
256 8 16 7 0.010833 2222222222222222
256 8 16 8 0.010610 0000000000000000
256 8 16 9 0.010203 0000000000000000
256 8 16 10 0.010042 2222222200000000
256 8 16 11 0.010507 0000000000000000
256 8 16 12 0.009173 0000000000000000
256 8 16 13 0.008847 0000000000000000
256 8 16 14 0.010830 0000000000000000
256 8 16 15 0.010374 2222222222222222
256 8 16 16 0.008592 0000000000000000
256 8 16 17 0.009400 2222222222222222
256 8 16 18 0.011620 0000000000000000
256 8 16 19 0.010242 0000000000000000
256 8 16 20 0.009759 0000000000000000
256 8 16 21 0.009706 2222222222222222
256 8 16 22 0.010527 0000000000000000
256 8 16 23 0.009724 0000000000000000
256 8 16 24 0.009311 0000000000000000
256 8 16 25 0.009441 0000000000000000
256 8 16 26 0.010631 2222222222222222
256 8 16 27 0.009089 0000000000000000
256 8 16 28 0.010452 0000000000000000
256 8 16 29 0.009384 0000000000000000
256 8 16 30 0.009764 0000000000000000
256 8 16 31 0.010180 2222222222222222
256 8 16 32 0.010719 0000000000000000
256 8 16 33 0.010961 0000000000000000
256 8 16 34 0.009704 2222222222222222
256 8 16 35 0.010738 0000000000000000
256 8 16 36 0.008783 0000000000000000
256 8 16 37 0.009628 2222222222222222
256 8 16 38 0.009299 0000000000000000
256 8 16 39 0.009639 0000000000000000
256 8 16 40 0.011115 0000000000000000
256 8 16 41 0.008951 0000000000000000
256 8 16 42 0.010370 0000000000000000
256 8 16 43 0.008263 0000000000000000
256 8 16 44 0.008855 2222222222222222
256 8 16 45 0.010011 0000000000000000
256 8 16 46 0.010005 0000000000000000
256 8 16 47 0.011104 2222222222222222
256 8 16 48 0.009486 0000000000000000
256 8 16 49 0.009049 2222222222222222
256 8 16 50 0.009146 2222222222222222
256 8 16 51 0.008747 0000000000000000
256 8 16 52 0.009630 0000000000000000
256 8 16 53 0.009737 0000000000000000
256 8 16 54 0.009319 0000000000000000
256 8 16 55 0.009839 0000000000000000
256 8 16 56 0.008950 0000000000000000
256 8 16 57 0.009662 0000000000000000
256 8 16 58 0.009737 0000000000000000
256 8 16 59 0.009383 0000000000000000
256 8 16 60 0.010131 2222222222222222
256 8 16 61 0.010515 0000000000000000
256 8 16 62 0.010394 0000000000000000
256 8 16 63 0.009491 2222222222222222
256 8 16 64 0.009622 0000000000000000
256 8 16 65 0.008924 0000000000000000
256 8 16 66 0.009767 0000000000000000
256 8 16 67 0.008562 0000000000000000
256 8 16 68 0.008747 0000000000000000
256 8 16 69 0.008132 2222222222222222
256 8 16 70 0.009361 0000000000000000
256 8 16 71 0.010894 0000000000000000
256 8 16 72 0.007911 0000000000000000
256 8 16 73 0.009079 0000000000000000
256 8 16 74 0.007889 0000000000000000
256 8 16 75 0.009856 0000000000000000
256 8 16 76 0.009663 2222222222222222
256 8 16 77 0.008662 2222222222222222
256 8 16 78 0.009205 2222222222222222
256 8 16 79 0.008974 0000000000000000
256 8 16 80 0.008985 0000000000000000
256 8 16 81 0.010628 0000000000000000
256 8 16 82 0.010653 2222222222222222
256 8 16 83 0.006891 0000000000000000
256 8 16 84 0.008714 0000000000000000
256 8 16 85 0.008925 2222222222222222
256 8 16 86 0.010280 0000000000000000
256 8 16 87 0.009509 0000000000000000
256 8 16 88 0.009178 2222222222222222
256 8 16 89 0.010144 2222222222222222
256 8 16 90 0.010328 0000000000000000
256 8 16 91 0.011547 2222222222222222
256 8 16 92 0.008483 0000000000000000
256 8 16 93 0.010229 2222222222222222
256 8 16 94 0.010153 0000000000000000
256 8 16 95 0.010009 0000000000000000
256 8 16 96 0.010545 0000000000000000
256 8 16 97 0.009744 0000000000000000
256 8 16 98 0.010005 0000000000000000
256 8 16 99 0.010112 0000000000000000
256 8 32 0 0.011916 00000000
256 8 32 1 0.009186 00000000
256 8 32 2 0.009319 00000000
256 8 32 3 0.010161 00000000
256 8 32 4 0.012552 00000000
256 8 32 5 0.009090 22222222
256 8 32 6 0.010065 00000000
256 8 32 7 0.010443 22222222
256 8 32 8 0.011592 00000000
256 8 32 9 0.011132 00000000
256 8 32 10 0.009775 22220000
256 8 32 11 0.010827 00000000
256 8 32 12 0.009457 00000000
256 8 32 13 0.009660 00000000
256 8 32 14 0.010764 00000000
256 8 32 15 0.010474 22222222
256 8 32 16 0.008890 00000000
256 8 32 17 0.009922 22222222
256 8 32 18 0.011890 00000000
256 8 32 19 0.010900 00000000
256 8 32 20 0.009522 00000000
256 8 32 21 0.010230 22222222
256 8 32 22 0.010732 00000000
256 8 32 23 0.010782 00000000
256 8 32 24 0.010840 00000000
256 8 32 25 0.009132 00000000
256 8 32 26 0.010281 22222222
256 8 32 27 0.008912 00000000
256 8 32 28 0.010702 00000000
256 8 32 29 0.008970 00000000
256 8 32 30 0.010285 00000000
256 8 32 31 0.010602 22222222
256 8 32 32 0.011164 00000000
256 8 32 33 0.011384 00000000
256 8 32 34 0.010236 22222222
256 8 32 35 0.011142 00000000
256 8 32 36 0.009261 00000000
256 8 32 37 0.010054 22222222
256 8 32 38 0.009570 00000000
256 8 32 39 0.009128 00000000
256 8 32 40 0.011190 00000000
256 8 32 41 0.009527 00000000
256 8 32 42 0.010432 00000000
256 8 32 43 0.008077 00000000
256 8 32 44 0.008863 22222222
256 8 32 45 0.010152 00000000
256 8 32 46 0.010277 00000000
256 8 32 47 0.011741 22222222
256 8 32 48 0.009521 00000000
256 8 32 49 0.008438 22222222
256 8 32 50 0.010266 22222222
256 8 32 51 0.008908 00000000
256 8 32 52 0.009657 00000000
256 8 32 53 0.009890 00000000
256 8 32 54 0.009725 00000000
256 8 32 55 0.010274 00000000
256 8 32 56 0.009031 00000000
256 8 32 57 0.010191 00000000
256 8 32 58 0.010080 00000000
256 8 32 59 0.010413 00000000
256 8 32 60 0.010406 22222222
256 8 32 61 0.010821 00000000
256 8 32 62 0.010463 00000000
256 8 32 63 0.010014 22222222
256 8 32 64 0.009861 00000000
256 8 32 65 0.009038 00000000
256 8 32 66 0.010261 00000000
256 8 32 67 0.008644 00000000
256 8 32 68 0.008601 00000000
256 8 32 69 0.008731 22222222
256 8 32 70 0.009312 00000000
256 8 32 71 0.011438 00000000
256 8 32 72 0.008679 00000000
256 8 32 73 0.009877 00000000
256 8 32 74 0.008439 00000000
256 8 32 75 0.010079 00000000
256 8 32 76 0.009666 22222222
256 8 32 77 0.008805 22222222
256 8 32 78 0.009018 22222222
256 8 32 79 0.009103 00000000
256 8 32 80 0.009292 00000000
256 8 32 81 0.011145 00000000
256 8 32 82 0.011197 22222222
256 8 32 83 0.007023 00000000
256 8 32 84 0.008549 00000000
256 8 32 85 0.009099 22222222
256 8 32 86 0.011214 00000000
256 8 32 87 0.009704 00000000
256 8 32 88 0.009254 22222222
256 8 32 89 0.010376 22222222
256 8 32 90 0.010803 00000000
256 8 32 91 0.011886 22222222
256 8 32 92 0.008544 00000000
256 8 32 93 0.010581 22222222
256 8 32 94 0.010124 00000000
256 8 32 95 0.010509 00000000
256 8 32 96 0.010413 00000000
256 8 32 97 0.009743 00000000
256 8 32 98 0.010091 00000000
256 8 32 99 0.011290 00000000
512 2 4 0 0.002209 22000000000000000000000000000000000000000000000000000000000000000000000000000000000000000000000000000000000000000000000000000000
512 2 4 1 0.002360 00000000000000000000000000000000000000000000000000000000000000000000000000000000000000000000000000000000000000000000000000000000
512 2 4 2 0.002340 20000000000000000000000000000000000000000000000000000000000000000000000000000000000000000000000000000000000000000000000000000000
512 2 4 3 0.002326 00000000000000000000000000000000000000000000000000000000000000000000000000000000000000000000000000000000000000000000000000000000
512 2 4 4 0.002248 00000000000000000000000000000000000000000000000000000000000000000000000000000000000000000000000000000000000000000000000000000000
512 2 4 5 0.002273 00000000000000000000000000000000000000000000000000000000000000000000000000000000000000000000000000000000000000000000000000000000
512 2 4 6 0.002244 00000000000000000000000000000000000000000000000000000000000000000000000000000000000000000000000000000000000000000000000000000000
512 2 4 7 0.002259 00000000000000000000000000000000000000000000000000000000000000000000000000000000000000000000000000000000000000000000000000000000
512 2 4 8 0.002268 00000000000000000000000000000000000000000000000000000000000000000000000000000000000000000000000000000000000000000000000000000000
512 2 4 9 0.002379 00000000000000000000000000000000000000000000000000000000000000000000000000000000000000000000000000000000000000000000000000000000
512 2 4 10 0.002321 00000000000000000000000000000000000000000000000000000000000000000000000000000000000000000000000000000000000000000000000000000000
512 2 4 11 0.002293 00000000000000000000000000000000000000000000000000000000000000000000000000000000000000000000000000000000000000000000000000000000
512 2 4 12 0.002157 00000000000000000000000000000000000000000000000000000000000000000000000000000000000000000000000000000000000000000000000000000000
512 2 4 13 0.002313 00000000000000000000000000000000000000000000000000000000000000000000000000000000000000000000000000000000000000000000000000000000
512 2 4 14 0.002374 20000000000000000000000000000000000000000000000000000000000000000000000000000000000000000000000000000000000000000000000000000000
512 2 4 15 0.002240 00000000000000000000000000000000000000000000000000000000000000000000000000000000000000000000000000000000000000000000000000000000
512 2 4 16 0.002393 00000000000000000000000000000000000000000000000000000000000000000000000000000000000000000000000000000000000000000000000000000000
512 2 4 17 0.002254 20000000000000000000000000000000000000000000000000000000000000000000000000000000000000000000000000000000000000000000000000000000
512 2 4 18 0.002246 20000000000000000000000000000000000000000000000000000000000000000000000000000000000000000000000000000000000000000000000000000000
512 2 4 19 0.002232 20000000000000000000000000000000000000000000000000000000000000000000000000000000000000000000000000000000000000000000000000000000
512 2 4 20 0.002341 22000000000000000000000000000000000000000000000000000000000000000000000000000000000000000000000000000000000000000000000000000000
512 2 4 21 0.002268 00000000000000000000000000000000000000000000000000000000000000000000000000000000000000000000000000000000000000000000000000000000
512 2 4 22 0.002257 00000000000000000000000000000000000000000000000000000000000000000000000000000000000000000000000000000000000000000000000000000000
512 2 4 23 0.002130 00000000000000000000000000000000000000000000000000000000000000000000000000000000000000000000000000000000000000000000000000000000
512 2 4 24 0.002396 00000000000000000000000000000000000000000000000000000000000000000000000000000000000000000000000000000000000000000000000000000000
512 2 4 25 0.002222 00000000000000000000000000000000000000000000000000000000000000000000000000000000000000000000000000000000000000000000000000000000
512 2 4 26 0.002225 00000000000000000000000000000000000000000000000000000000000000000000000000000000000000000000000000000000000000000000000000000000
512 2 4 27 0.002280 00000000000000000000000000000000000000000000000000000000000000000000000000000000000000000000000000000000000000000000000000000000
512 2 4 28 0.002287 00000000000000000000000000000000000000000000000000000000000000000000000000000000000000000000000000000000000000000000000000000000
512 2 4 29 0.002311 00000000000000000000000000000000000000000000000000000000000000000000000000000000000000000000000000000000000000000000000000000000
512 2 4 30 0.002106 22000000000000000000000000000000000000000000000000000000000000000000000000000000000000000000000000000000000000000000000000000000
512 2 4 31 0.002298 22000000000000000000000000000000000000000000000000000000000000000000000000000000000000000000000000000000000000000000000000000000
512 2 4 32 0.002391 00000000000000000000000000000000000000000000000000000000000000000000000000000000000000000000000000000000000000000000000000000000
512 2 4 33 0.002086 00000000000000000000000000000000000000000000000000000000000000000000000000000000000000000000000000000000000000000000000000000000
512 2 4 34 0.002344 00000000000000000000000000000000000000000000000000000000000000000000000000000000000000000000000000000000000000000000000000000000
512 2 4 35 0.002347 00000000000000000000000000000000000000000000000000000000000000000000000000000000000000000000000000000000000000000000000000000000
512 2 4 36 0.002309 00000000000000000000000000000000000000000000000000000000000000000000000000000000000000000000000000000000000000000000000000000000
512 2 4 37 0.002241 00000000000000000000000000000000000000000000000000000000000000000000000000000000000000000000000000000000000000000000000000000000
512 2 4 38 0.002127 00000000000000000000000000000000000000000000000000000000000000000000000000000000000000000000000000000000000000000000000000000000
512 2 4 39 0.002308 00000000000000000000000000000000000000000000000000000000000000000000000000000000000000000000000000000000000000000000000000000000
512 2 4 40 0.002152 00000000000000000000000000000000000000000000000000000000000000000000000000000000000000000000000000000000000000000000000000000000
512 2 4 41 0.002265 00000000000000000000000000000000000000000000000000000000000000000000000000000000000000000000000000000000000000000000000000000000
512 2 4 42 0.002417 00000000000000000000000000000000000000000000000000000000000000000000000000000000000000000000000000000000000000000000000000000000
512 2 4 43 0.002320 00000000000000000000000000000000000000000000000000000000000000000000000000000000000000000000000000000000000000000000000000000000
512 2 4 44 0.002568 00000000000000000000000000000000000000000000000000000000000000000000000000000000000000000000000000000000000000000000000000000000
512 2 4 45 0.002302 00000000000000000000000000000000000000000000000000000000000000000000000000000000000000000000000000000000000000000000000000000000
512 2 4 46 0.002451 00000000000000000000000000000000000000000000000000000000000000000000000000000000000000000000000000000000000000000000000000000000
512 2 4 47 0.002250 20000000000000000000000000000000000000000000000000000000000000000000000000000000000000000000000000000000000000000000000000000000
512 2 4 48 0.002479 00000000000000000000000000000000000000000000000000000000000000000000000000000000000000000000000000000000000000000000000000000000
512 2 4 49 0.002253 22000000000000000000000000000000000000000000000000000000000000000000000000000000000000000000000000000000000000000000000000000000
512 2 4 50 0.002238 00000000000000000000000000000000000000000000000000000000000000000000000000000000000000000000000000000000000000000000000000000000
512 2 4 51 0.002210 00000000000000000000000000000000000000000000000000000000000000000000000000000000000000000000000000000000000000000000000000000000
512 2 4 52 0.002324 00000000000000000000000000000000000000000000000000000000000000000000000000000000000000000000000000000000000000000000000000000000
512 2 4 53 0.002330 20000000000000000000000000000000000000000000000000000000000000000000000000000000000000000000000000000000000000000000000000000000
512 2 4 54 0.002231 22000000000000000000000000000000000000000000000000000000000000000000000000000000000000000000000000000000000000000000000000000000
512 2 4 55 0.002270 00000000000000000000000000000000000000000000000000000000000000000000000000000000000000000000000000000000000000000000000000000000
512 2 4 56 0.002236 00000000000000000000000000000000000000000000000000000000000000000000000000000000000000000000000000000000000000000000000000000000
512 2 4 57 0.002249 00000000000000000000000000000000000000000000000000000000000000000000000000000000000000000000000000000000000000000000000000000000
512 2 4 58 0.002207 00000000000000000000000000000000000000000000000000000000000000000000000000000000000000000000000000000000000000000000000000000000
512 2 4 59 0.002343 00000000000000000000000000000000000000000000000000000000000000000000000000000000000000000000000000000000000000000000000000000000
512 2 4 60 0.002328 20000000000000000000000000000000000000000000000000000000000000000000000000000000000000000000000000000000000000000000000000000000
512 2 4 61 0.002225 22200000000000000000000000000000000000000000000000000000000000000000000000000000000000000000000000000000000000000000000000000000
512 2 4 62 0.002205 00000000000000000000000000000000000000000000000000000000000000000000000000000000000000000000000000000000000000000000000000000000
512 2 4 63 0.002313 00000000000000000000000000000000000000000000000000000000000000000000000000000000000000000000000000000000000000000000000000000000
512 2 4 64 0.002455 00000000000000000000000000000000000000000000000000000000000000000000000000000000000000000000000000000000000000000000000000000000
512 2 4 65 0.002334 22220000000000000000000000000000000000000000000000000000000000000000000000000000000000000000000000000000000000000000000000000000
512 2 4 66 0.002244 00000000000000000000000000000000000000000000000000000000000000000000000000000000000000000000000000000000000000000000000000000000
512 2 4 67 0.002342 00000000000000000000000000000000000000000000000000000000000000000000000000000000000000000000000000000000000000000000000000000000
512 2 4 68 0.002226 22200000000000000000000000000000000000000000000000000000000000000000000000000000000000000000000000000000000000000000000000000000
512 2 4 69 0.002419 00000000000000000000000000000000000000000000000000000000000000000000000000000000000000000000000000000000000000000000000000000000
512 2 4 70 0.002337 20000000000000000000000000000000000000000000000000000000000000000000000000000000000000000000000000000000000000000000000000000000
512 2 4 71 0.002405 00000000000000000000000000000000000000000000000000000000000000000000000000000000000000000000000000000000000000000000000000000000
512 2 4 72 0.002324 00000000000000000000000000000000000000000000000000000000000000000000000000000000000000000000000000000000000000000000000000000000
512 2 4 73 0.002225 00000000000000000000000000000000000000000000000000000000000000000000000000000000000000000000000000000000000000000000000000000000
512 2 4 74 0.002174 00000000000000000000000000000000000000000000000000000000000000000000000000000000000000000000000000000000000000000000000000000000
512 2 4 75 0.002363 00000000000000000000000000000000000000000000000000000000000000000000000000000000000000000000000000000000000000000000000000000000
512 2 4 76 0.002390 22200000000000000000000000000000000000000000000000000000000000000000000000000000000000000000000000000000000000000000000000000000
512 2 4 77 0.002272 00000000000000000000000000000000000000000000000000000000000000000000000000000000000000000000000000000000000000000000000000000000
512 2 4 78 0.002430 00000000000000000000000000000000000000000000000000000000000000000000000000000000000000000000000000000000000000000000000000000000
512 2 4 79 0.002400 20000000000000000000000000000000000000000000000000000000000000000000000000000000000000000000000000000000000000000000000000000000
512 2 4 80 0.002248 00000000000000000000000000000000000000000000000000000000000000000000000000000000000000000000000000000000000000000000000000000000
512 2 4 81 0.002273 00000000000000000000000000000000000000000000000000000000000000000000000000000000000000000000000000000000000000000000000000000000
512 2 4 82 0.002277 22222200000000000000000000000000000000000000000000000000000000000000000000000000000000000000000000000000000000000000000000000000
512 2 4 83 0.002248 00000000000000000000000000000000000000000000000000000000000000000000000000000000000000000000000000000000000000000000000000000000
512 2 4 84 0.002436 00000000000000000000000000000000000000000000000000000000000000000000000000000000000000000000000000000000000000000000000000000000
512 2 4 85 0.002262 00000000000000000000000000000000000000000000000000000000000000000000000000000000000000000000000000000000000000000000000000000000
512 2 4 86 0.002332 22000000000000000000000000000000000000000000000000000000000000000000000000000000000000000000000000000000000000000000000000000000
512 2 4 87 0.002405 22000000000000000000000000000000000000000000000000000000000000000000000000000000000000000000000000000000000000000000000000000000
512 2 4 88 0.002334 00000000000000000000000000000000000000000000000000000000000000000000000000000000000000000000000000000000000000000000000000000000
512 2 4 89 0.002338 00000000000000000000000000000000000000000000000000000000000000000000000000000000000000000000000000000000000000000000000000000000
512 2 4 90 0.002290 00000000000000000000000000000000000000000000000000000000000000000000000000000000000000000000000000000000000000000000000000000000
512 2 4 91 0.002396 00000000000000000000000000000000000000000000000000000000000000000000000000000000000000000000000000000000000000000000000000000000
512 2 4 92 0.002374 00000000000000000000000000000000000000000000000000000000000000000000000000000000000000000000000000000000000000000000000000000000
512 2 4 93 0.002301 00000000000000000000000000000000000000000000000000000000000000000000000000000000000000000000000000000000000000000000000000000000
512 2 4 94 0.002267 00000000000000000000000000000000000000000000000000000000000000000000000000000000000000000000000000000000000000000000000000000000
512 2 4 95 0.002347 00000000000000000000000000000000000000000000000000000000000000000000000000000000000000000000000000000000000000000000000000000000
512 2 4 96 0.002254 22222220000000000000000000000000000000000000000000000000000000000000000000000000000000000000000000000000000000000000000000000000
512 2 4 97 0.002307 20000000000000000000000000000000000000000000000000000000000000000000000000000000000000000000000000000000000000000000000000000000
512 2 4 98 0.002290 00000000000000000000000000000000000000000000000000000000000000000000000000000000000000000000000000000000000000000000000000000000
512 2 4 99 0.002403 00000000000000000000000000000000000000000000000000000000000000000000000000000000000000000000000000000000000000000000000000000000
512 2 8 0 0.002148 2000000000000000000000000000000000000000000000000000000000000000
512 2 8 1 0.002376 0000000000000000000000000000000000000000000000000000000000000000
512 2 8 2 0.002299 0000000000000000000000000000000000000000000000000000000000000000
512 2 8 3 0.002342 0000000000000000000000000000000000000000000000000000000000000000
512 2 8 4 0.002223 0000000000000000000000000000000000000000000000000000000000000000
512 2 8 5 0.002294 0000000000000000000000000000000000000000000000000000000000000000
512 2 8 6 0.002227 0000000000000000000000000000000000000000000000000000000000000000
512 2 8 7 0.002221 0000000000000000000000000000000000000000000000000000000000000000
512 2 8 8 0.002232 0000000000000000000000000000000000000000000000000000000000000000
512 2 8 9 0.002357 0000000000000000000000000000000000000000000000000000000000000000
512 2 8 10 0.002288 0000000000000000000000000000000000000000000000000000000000000000
512 2 8 11 0.002381 0000000000000000000000000000000000000000000000000000000000000000
512 2 8 12 0.002174 0000000000000000000000000000000000000000000000000000000000000000
512 2 8 13 0.002306 0000000000000000000000000000000000000000000000000000000000000000
512 2 8 14 0.002366 0000000000000000000000000000000000000000000000000000000000000000
512 2 8 15 0.002220 0000000000000000000000000000000000000000000000000000000000000000
512 2 8 16 0.002357 0000000000000000000000000000000000000000000000000000000000000000
512 2 8 17 0.002224 0000000000000000000000000000000000000000000000000000000000000000
512 2 8 18 0.002319 0000000000000000000000000000000000000000000000000000000000000000
512 2 8 19 0.002101 0000000000000000000000000000000000000000000000000000000000000000
512 2 8 20 0.002424 2000000000000000000000000000000000000000000000000000000000000000
512 2 8 21 0.002214 0000000000000000000000000000000000000000000000000000000000000000
512 2 8 22 0.002201 0000000000000000000000000000000000000000000000000000000000000000
512 2 8 23 0.002134 0000000000000000000000000000000000000000000000000000000000000000
512 2 8 24 0.002420 0000000000000000000000000000000000000000000000000000000000000000
512 2 8 25 0.002301 0000000000000000000000000000000000000000000000000000000000000000
512 2 8 26 0.002191 0000000000000000000000000000000000000000000000000000000000000000
512 2 8 27 0.002278 0000000000000000000000000000000000000000000000000000000000000000
512 2 8 28 0.002257 0000000000000000000000000000000000000000000000000000000000000000
512 2 8 29 0.002216 0000000000000000000000000000000000000000000000000000000000000000
512 2 8 30 0.002120 0000000000000000000000000000000000000000000000000000000000000000
512 2 8 31 0.002307 2000000000000000000000000000000000000000000000000000000000000000
512 2 8 32 0.002439 0000000000000000000000000000000000000000000000000000000000000000
512 2 8 33 0.002079 0000000000000000000000000000000000000000000000000000000000000000
512 2 8 34 0.002271 0000000000000000000000000000000000000000000000000000000000000000
512 2 8 35 0.002309 0000000000000000000000000000000000000000000000000000000000000000
512 2 8 36 0.002378 0000000000000000000000000000000000000000000000000000000000000000
512 2 8 37 0.002248 0000000000000000000000000000000000000000000000000000000000000000
512 2 8 38 0.002042 0000000000000000000000000000000000000000000000000000000000000000
512 2 8 39 0.002344 0000000000000000000000000000000000000000000000000000000000000000
512 2 8 40 0.002156 0000000000000000000000000000000000000000000000000000000000000000
512 2 8 41 0.002248 0000000000000000000000000000000000000000000000000000000000000000
512 2 8 42 0.002365 0000000000000000000000000000000000000000000000000000000000000000
512 2 8 43 0.002262 0000000000000000000000000000000000000000000000000000000000000000
512 2 8 44 0.002542 0000000000000000000000000000000000000000000000000000000000000000
512 2 8 45 0.002272 0000000000000000000000000000000000000000000000000000000000000000
512 2 8 46 0.002430 0000000000000000000000000000000000000000000000000000000000000000
512 2 8 47 0.002201 0000000000000000000000000000000000000000000000000000000000000000
512 2 8 48 0.002471 0000000000000000000000000000000000000000000000000000000000000000
512 2 8 49 0.002263 2000000000000000000000000000000000000000000000000000000000000000
512 2 8 50 0.002204 0000000000000000000000000000000000000000000000000000000000000000
512 2 8 51 0.002245 0000000000000000000000000000000000000000000000000000000000000000
512 2 8 52 0.002305 0000000000000000000000000000000000000000000000000000000000000000
512 2 8 53 0.002321 0000000000000000000000000000000000000000000000000000000000000000
512 2 8 54 0.002199 2000000000000000000000000000000000000000000000000000000000000000
512 2 8 55 0.002187 0000000000000000000000000000000000000000000000000000000000000000
512 2 8 56 0.002176 0000000000000000000000000000000000000000000000000000000000000000
512 2 8 57 0.002251 0000000000000000000000000000000000000000000000000000000000000000
512 2 8 58 0.002187 0000000000000000000000000000000000000000000000000000000000000000
512 2 8 59 0.002359 0000000000000000000000000000000000000000000000000000000000000000
512 2 8 60 0.002275 0000000000000000000000000000000000000000000000000000000000000000
512 2 8 61 0.002135 2000000000000000000000000000000000000000000000000000000000000000
512 2 8 62 0.002206 0000000000000000000000000000000000000000000000000000000000000000
512 2 8 63 0.002353 0000000000000000000000000000000000000000000000000000000000000000
512 2 8 64 0.002421 0000000000000000000000000000000000000000000000000000000000000000
512 2 8 65 0.002278 2200000000000000000000000000000000000000000000000000000000000000
512 2 8 66 0.002197 0000000000000000000000000000000000000000000000000000000000000000
512 2 8 67 0.002272 0000000000000000000000000000000000000000000000000000000000000000
512 2 8 68 0.002255 2000000000000000000000000000000000000000000000000000000000000000
512 2 8 69 0.002431 0000000000000000000000000000000000000000000000000000000000000000
512 2 8 70 0.002334 0000000000000000000000000000000000000000000000000000000000000000
512 2 8 71 0.002441 0000000000000000000000000000000000000000000000000000000000000000
512 2 8 72 0.002330 0000000000000000000000000000000000000000000000000000000000000000
512 2 8 73 0.002250 0000000000000000000000000000000000000000000000000000000000000000
512 2 8 74 0.002119 0000000000000000000000000000000000000000000000000000000000000000
512 2 8 75 0.002307 0000000000000000000000000000000000000000000000000000000000000000
512 2 8 76 0.002314 2000000000000000000000000000000000000000000000000000000000000000
512 2 8 77 0.002252 0000000000000000000000000000000000000000000000000000000000000000
512 2 8 78 0.002379 0000000000000000000000000000000000000000000000000000000000000000
512 2 8 79 0.002397 0000000000000000000000000000000000000000000000000000000000000000
512 2 8 80 0.002185 0000000000000000000000000000000000000000000000000000000000000000
512 2 8 81 0.002282 0000000000000000000000000000000000000000000000000000000000000000
512 2 8 82 0.002222 0000000000000000000000000000000000000000000000000000000000000000
512 2 8 83 0.002234 0000000000000000000000000000000000000000000000000000000000000000
512 2 8 84 0.002486 0000000000000000000000000000000000000000000000000000000000000000
512 2 8 85 0.002295 0000000000000000000000000000000000000000000000000000000000000000
512 2 8 86 0.002816 0000000000000000000000000000000000000000000000000000000000000000
512 2 8 87 0.002372 2000000000000000000000000000000000000000000000000000000000000000
512 2 8 88 0.002318 0000000000000000000000000000000000000000000000000000000000000000
512 2 8 89 0.002264 0000000000000000000000000000000000000000000000000000000000000000
512 2 8 90 0.002330 0000000000000000000000000000000000000000000000000000000000000000
512 2 8 91 0.002359 0000000000000000000000000000000000000000000000000000000000000000
512 2 8 92 0.002386 0000000000000000000000000000000000000000000000000000000000000000
512 2 8 93 0.002300 0000000000000000000000000000000000000000000000000000000000000000
512 2 8 94 0.002268 0000000000000000000000000000000000000000000000000000000000000000
512 2 8 95 0.002390 0000000000000000000000000000000000000000000000000000000000000000
512 2 8 96 0.002182 2220000000000000000000000000000000000000000000000000000000000000
512 2 8 97 0.002311 0000000000000000000000000000000000000000000000000000000000000000
512 2 8 98 0.002299 0000000000000000000000000000000000000000000000000000000000000000
512 2 8 99 0.002420 0000000000000000000000000000000000000000000000000000000000000000
512 2 16 0 0.002161 00000000000000000000000000000000
512 2 16 1 0.002323 00000000000000000000000000000000
512 2 16 2 0.002262 00000000000000000000000000000000
512 2 16 3 0.002265 00000000000000000000000000000000
512 2 16 4 0.002200 00000000000000000000000000000000
512 2 16 5 0.002175 00000000000000000000000000000000
512 2 16 6 0.002162 00000000000000000000000000000000
512 2 16 7 0.002198 00000000000000000000000000000000
512 2 16 8 0.002173 00000000000000000000000000000000
512 2 16 9 0.002286 00000000000000000000000000000000
512 2 16 10 0.002243 00000000000000000000000000000000
512 2 16 11 0.002234 00000000000000000000000000000000
512 2 16 12 0.002094 00000000000000000000000000000000
512 2 16 13 0.002197 00000000000000000000000000000000
512 2 16 14 0.002304 00000000000000000000000000000000
512 2 16 15 0.002173 00000000000000000000000000000000
512 2 16 16 0.002404 00000000000000000000000000000000
512 2 16 17 0.002143 00000000000000000000000000000000
512 2 16 18 0.002180 00000000000000000000000000000000
512 2 16 19 0.002016 00000000000000000000000000000000
512 2 16 20 0.002247 00000000000000000000000000000000
512 2 16 21 0.002124 00000000000000000000000000000000
512 2 16 22 0.002129 00000000000000000000000000000000
512 2 16 23 0.002065 00000000000000000000000000000000
512 2 16 24 0.002343 00000000000000000000000000000000
512 2 16 25 0.002132 00000000000000000000000000000000
512 2 16 26 0.002116 00000000000000000000000000000000
512 2 16 27 0.002199 00000000000000000000000000000000
512 2 16 28 0.002199 00000000000000000000000000000000
512 2 16 29 0.002149 00000000000000000000000000000000
512 2 16 30 0.002040 00000000000000000000000000000000
512 2 16 31 0.002224 00000000000000000000000000000000
512 2 16 32 0.002307 00000000000000000000000000000000
512 2 16 33 0.002032 00000000000000000000000000000000
512 2 16 34 0.002209 00000000000000000000000000000000
512 2 16 35 0.002226 00000000000000000000000000000000
512 2 16 36 0.002233 00000000000000000000000000000000
512 2 16 37 0.002184 00000000000000000000000000000000
512 2 16 38 0.001963 00000000000000000000000000000000
512 2 16 39 0.002235 00000000000000000000000000000000
512 2 16 40 0.002103 00000000000000000000000000000000
512 2 16 41 0.002200 00000000000000000000000000000000
512 2 16 42 0.002296 00000000000000000000000000000000
512 2 16 43 0.002251 00000000000000000000000000000000
512 2 16 44 0.002506 00000000000000000000000000000000
512 2 16 45 0.002204 00000000000000000000000000000000
512 2 16 46 0.002362 00000000000000000000000000000000
512 2 16 47 0.002140 00000000000000000000000000000000
512 2 16 48 0.002430 00000000000000000000000000000000
512 2 16 49 0.002198 00000000000000000000000000000000
512 2 16 50 0.002165 00000000000000000000000000000000
512 2 16 51 0.002154 00000000000000000000000000000000
512 2 16 52 0.002225 00000000000000000000000000000000
512 2 16 53 0.002249 00000000000000000000000000000000
512 2 16 54 0.002140 00000000000000000000000000000000
512 2 16 55 0.002140 00000000000000000000000000000000
512 2 16 56 0.002146 00000000000000000000000000000000
512 2 16 57 0.002170 00000000000000000000000000000000
512 2 16 58 0.002089 00000000000000000000000000000000
512 2 16 59 0.002273 00000000000000000000000000000000
512 2 16 60 0.002136 00000000000000000000000000000000
512 2 16 61 0.002141 00000000000000000000000000000000
512 2 16 62 0.002126 00000000000000000000000000000000
512 2 16 63 0.002260 00000000000000000000000000000000
512 2 16 64 0.002363 00000000000000000000000000000000
512 2 16 65 0.002253 20000000000000000000000000000000
512 2 16 66 0.002174 00000000000000000000000000000000
512 2 16 67 0.002206 00000000000000000000000000000000
512 2 16 68 0.002196 00000000000000000000000000000000
512 2 16 69 0.002358 00000000000000000000000000000000
512 2 16 70 0.002295 00000000000000000000000000000000
512 2 16 71 0.002321 00000000000000000000000000000000
512 2 16 72 0.002234 00000000000000000000000000000000
512 2 16 73 0.002161 00000000000000000000000000000000
512 2 16 74 0.002047 00000000000000000000000000000000
512 2 16 75 0.002240 00000000000000000000000000000000
512 2 16 76 0.002250 00000000000000000000000000000000
512 2 16 77 0.002195 00000000000000000000000000000000
512 2 16 78 0.002254 00000000000000000000000000000000
512 2 16 79 0.002305 00000000000000000000000000000000
512 2 16 80 0.002159 00000000000000000000000000000000
512 2 16 81 0.002208 00000000000000000000000000000000
512 2 16 82 0.002188 00000000000000000000000000000000
512 2 16 83 0.002172 00000000000000000000000000000000
512 2 16 84 0.002422 00000000000000000000000000000000
512 2 16 85 0.002211 00000000000000000000000000000000
512 2 16 86 0.002280 00000000000000000000000000000000
512 2 16 87 0.002318 00000000000000000000000000000000
512 2 16 88 0.002268 00000000000000000000000000000000
512 2 16 89 0.002186 00000000000000000000000000000000
512 2 16 90 0.002251 00000000000000000000000000000000
512 2 16 91 0.002295 00000000000000000000000000000000
512 2 16 92 0.002309 00000000000000000000000000000000
512 2 16 93 0.002198 00000000000000000000000000000000
512 2 16 94 0.002433 00000000000000000000000000000000
512 2 16 95 0.002249 00000000000000000000000000000000
512 2 16 96 0.002150 20000000000000000000000000000000
512 2 16 97 0.002268 00000000000000000000000000000000
512 2 16 98 0.002151 00000000000000000000000000000000
512 2 16 99 0.002329 00000000000000000000000000000000
512 2 32 0 0.002202 0000000000000000
512 2 32 1 0.002360 0000000000000000
512 2 32 2 0.002332 0000000000000000
512 2 32 3 0.002310 0000000000000000
512 2 32 4 0.002255 0000000000000000
512 2 32 5 0.002247 0000000000000000
512 2 32 6 0.002259 0000000000000000
512 2 32 7 0.002246 0000000000000000
512 2 32 8 0.002258 0000000000000000
512 2 32 9 0.002348 0000000000000000
512 2 32 10 0.002291 0000000000000000
512 2 32 11 0.002302 0000000000000000
512 2 32 12 0.002158 0000000000000000
512 2 32 13 0.002284 0000000000000000
512 2 32 14 0.002340 0000000000000000
512 2 32 15 0.002222 0000000000000000
512 2 32 16 0.002373 0000000000000000
512 2 32 17 0.002237 0000000000000000
512 2 32 18 0.002228 0000000000000000
512 2 32 19 0.002083 0000000000000000
512 2 32 20 0.002316 0000000000000000
512 2 32 21 0.002223 0000000000000000
512 2 32 22 0.002189 0000000000000000
512 2 32 23 0.002106 0000000000000000
512 2 32 24 0.002400 0000000000000000
512 2 32 25 0.002220 0000000000000000
512 2 32 26 0.002175 0000000000000000
512 2 32 27 0.002285 0000000000000000
512 2 32 28 0.002283 0000000000000000
512 2 32 29 0.002194 0000000000000000
512 2 32 30 0.002083 0000000000000000
512 2 32 31 0.002286 0000000000000000
512 2 32 32 0.002414 0000000000000000
512 2 32 33 0.002098 0000000000000000
512 2 32 34 0.002306 0000000000000000
512 2 32 35 0.002318 0000000000000000
512 2 32 36 0.002283 0000000000000000
512 2 32 37 0.002293 0000000000000000
512 2 32 38 0.002012 0000000000000000
512 2 32 39 0.002302 0000000000000000
512 2 32 40 0.002185 0000000000000000
512 2 32 41 0.002261 0000000000000000
512 2 32 42 0.002386 0000000000000000
512 2 32 43 0.002296 0000000000000000
512 2 32 44 0.002556 0000000000000000
512 2 32 45 0.002274 0000000000000000
512 2 32 46 0.002419 0000000000000000
512 2 32 47 0.002223 0000000000000000
512 2 32 48 0.002482 0000000000000000
512 2 32 49 0.002263 0000000000000000
512 2 32 50 0.002224 0000000000000000
512 2 32 51 0.002196 0000000000000000
512 2 32 52 0.002247 0000000000000000
512 2 32 53 0.002337 0000000000000000
512 2 32 54 0.002242 0000000000000000
512 2 32 55 0.002212 0000000000000000
512 2 32 56 0.002170 0000000000000000
512 2 32 57 0.002243 0000000000000000
512 2 32 58 0.002176 0000000000000000
512 2 32 59 0.002330 0000000000000000
512 2 32 60 0.002204 0000000000000000
512 2 32 61 0.002114 0000000000000000
512 2 32 62 0.002187 0000000000000000
512 2 32 63 0.002336 0000000000000000
512 2 32 64 0.002445 0000000000000000
512 2 32 65 0.002321 0000000000000000
512 2 32 66 0.002188 0000000000000000
512 2 32 67 0.002288 0000000000000000
512 2 32 68 0.002252 0000000000000000
512 2 32 69 0.002399 0000000000000000
512 2 32 70 0.002360 0000000000000000
512 2 32 71 0.002357 0000000000000000
512 2 32 72 0.002293 0000000000000000
512 2 32 73 0.002213 0000000000000000
512 2 32 74 0.002114 0000000000000000
512 2 32 75 0.002346 0000000000000000
512 2 32 76 0.002337 0000000000000000
512 2 32 77 0.002222 0000000000000000
512 2 32 78 0.002347 0000000000000000
512 2 32 79 0.002366 0000000000000000
512 2 32 80 0.002238 0000000000000000
512 2 32 81 0.002293 0000000000000000
512 2 32 82 0.002218 0000000000000000
512 2 32 83 0.002225 0000000000000000
512 2 32 84 0.002461 0000000000000000
512 2 32 85 0.002240 0000000000000000
512 2 32 86 0.002277 0000000000000000
512 2 32 87 0.002366 0000000000000000
512 2 32 88 0.002334 0000000000000000
512 2 32 89 0.002245 0000000000000000
512 2 32 90 0.002302 0000000000000000
512 2 32 91 0.002347 0000000000000000
512 2 32 92 0.002383 0000000000000000
512 2 32 93 0.002269 0000000000000000
512 2 32 94 0.002268 0000000000000000
512 2 32 95 0.002374 0000000000000000
512 2 32 96 0.002214 0000000000000000
512 2 32 97 0.002336 0000000000000000
512 2 32 98 0.002224 0000000000000000
512 2 32 99 0.002419 0000000000000000
512 4 8 0 0.005984 2222222222222222222222222222222222222000000000000000000000000000
512 4 8 1 0.006659 0000000000000000000000000000000000000000000000000000000000000000
512 4 8 2 0.006379 2220000000000000000000000000000000000000000000000000000000000000
512 4 8 3 0.006766 0000000000000000000000000000000000000000000000000000000000000000
512 4 8 4 0.005782 0000000000000000000000000000000000000000000000000000000000000000
512 4 8 5 0.006033 0000000000000000000000000000000000000000000000000000000000000000
512 4 8 6 0.006020 0000000000000000000000000000000000000000000000000000000000000000
512 4 8 7 0.006017 0000000000000000000000000000000000000000000000000000000000000000
512 4 8 8 0.005807 0000000000000000000000000000000000000000000000000000000000000000
512 4 8 9 0.006691 0000000000000000000000000000000000000000000000000000000000000000
512 4 8 10 0.006195 0000000000000000000000000000000000000000000000000000000000000000
512 4 8 11 0.006290 0000000000000000000000000000000000000000000000000000000000000000
512 4 8 12 0.005734 0000000000000000000000000000000000000000000000000000000000000000
512 4 8 13 0.006066 0000000000000000000000000000000000000000000000000000000000000000
512 4 8 14 0.007023 2222222222222222222222200000000000000000000000000000000000000000
512 4 8 15 0.005965 0000000000000000000000000000000000000000000000000000000000000000
512 4 8 16 0.006316 0000000000000000000000000000000000000000000000000000000000000000
512 4 8 17 0.006168 2222222222222222222222222222222222000000000000000000000000000000
512 4 8 18 0.005992 2222222222222222200000000000000000000000000000000000000000000000
512 4 8 19 0.005565 2222222222222222222220000000000000000000000000000000000000000000
512 4 8 20 0.006065 2000000000000000000000000000000000000000000000000000000000000000
512 4 8 21 0.005854 0000000000000000000000000000000000000000000000000000000000000000
512 4 8 22 0.005938 0000000000000000000000000000000000000000000000000000000000000000
512 4 8 23 0.005429 0000000000000000000000000000000000000000000000000000000000000000
512 4 8 24 0.006478 0000000000000000000000000000000000000000000000000000000000000000
512 4 8 25 0.006021 0000000000000000000000000000000000000000000000000000000000000000
512 4 8 26 0.005891 0000000000000000000000000000000000000000000000000000000000000000
512 4 8 27 0.006063 0000000000000000000000000000000000000000000000000000000000000000
512 4 8 28 0.006042 0000000000000000000000000000000000000000000000000000000000000000
512 4 8 29 0.005748 0000000000000000000000000000000000000000000000000000000000000000
512 4 8 30 0.005494 2222222222222220000000000000000000000000000000000000000000000000
512 4 8 31 0.006311 2222200000000000000000000000000000000000000000000000000000000000
512 4 8 32 0.006381 0000000000000000000000000000000000000000000000000000000000000000
512 4 8 33 0.005677 0000000000000000000000000000000000000000000000000000000000000000
512 4 8 34 0.006152 0000000000000000000000000000000000000000000000000000000000000000
512 4 8 35 0.006213 0000000000000000000000000000000000000000000000000000000000000000
512 4 8 36 0.006477 0000000000000000000000000000000000000000000000000000000000000000
512 4 8 37 0.005934 0000000000000000000000000000000000000000000000000000000000000000
512 4 8 38 0.005351 0000000000000000000000000000000000000000000000000000000000000000
512 4 8 39 0.006295 0000000000000000000000000000000000000000000000000000000000000000
512 4 8 40 0.005846 0000000000000000000000000000000000000000000000000000000000000000
512 4 8 41 0.005865 0000000000000000000000000000000000000000000000000000000000000000
512 4 8 42 0.006400 0000000000000000000000000000000000000000000000000000000000000000
512 4 8 43 0.006284 0000000000000000000000000000000000000000000000000000000000000000
512 4 8 44 0.007156 0000000000000000000000000000000000000000000000000000000000000000
512 4 8 45 0.006084 0000000000000000000000000000000000000000000000000000000000000000
512 4 8 46 0.006731 0000000000000000000000000000000000000000000000000000000000000000
512 4 8 47 0.005936 2220000000000000000000000000000000000000000000000000000000000000
512 4 8 48 0.006886 0000000000000000000000000000000000000000000000000000000000000000
512 4 8 49 0.005948 2222222000000000000000000000000000000000000000000000000000000000
512 4 8 50 0.005925 0000000000000000000000000000000000000000000000000000000000000000
512 4 8 51 0.006047 0000000000000000000000000000000000000000000000000000000000000000
512 4 8 52 0.006354 0000000000000000000000000000000000000000000000000000000000000000
512 4 8 53 0.006293 2200000000000000000000000000000000000000000000000000000000000000
512 4 8 54 0.005893 2222222222222222200000000000000000000000000000000000000000000000
512 4 8 55 0.005835 0000000000000000000000000000000000000000000000000000000000000000
512 4 8 56 0.005844 0000000000000000000000000000000000000000000000000000000000000000
512 4 8 57 0.005858 0000000000000000000000000000000000000000000000000000000000000000
512 4 8 58 0.005691 0000000000000000000000000000000000000000000000000000000000000000
512 4 8 59 0.006366 0000000000000000000000000000000000000000000000000000000000000000
512 4 8 60 0.005994 2222000000000000000000000000000000000000000000000000000000000000
512 4 8 61 0.005788 2222222222200000000000000000000000000000000000000000000000000000
512 4 8 62 0.005711 0000000000000000000000000000000000000000000000000000000000000000
512 4 8 63 0.006231 0000000000000000000000000000000000000000000000000000000000000000
512 4 8 64 0.006818 0000000000000000000000000000000000000000000000000000000000000000
512 4 8 65 0.006253 2222222222222222222222220000000000000000000000000000000000000000
512 4 8 66 0.006052 0000000000000000000000000000000000000000000000000000000000000000
512 4 8 67 0.007016 0000000000000000000000000000000000000000000000000000000000000000
512 4 8 68 0.006008 2222222222222000000000000000000000000000000000000000000000000000
512 4 8 69 0.006630 0000000000000000000000000000000000000000000000000000000000000000
512 4 8 70 0.006460 2222222220000000000000000000000000000000000000000000000000000000
512 4 8 71 0.006434 0000000000000000000000000000000000000000000000000000000000000000
512 4 8 72 0.006142 0000000000000000000000000000000000000000000000000000000000000000
512 4 8 73 0.006124 0000000000000000000000000000000000000000000000000000000000000000
512 4 8 74 0.005574 0000000000000000000000000000000000000000000000000000000000000000
512 4 8 75 0.006595 0000000000000000000000000000000000000000000000000000000000000000
512 4 8 76 0.006297 2222222200000000000000000000000000000000000000000000000000000000
512 4 8 77 0.005986 0000000000000000000000000000000000000000000000000000000000000000
512 4 8 78 0.006286 0000000000000000000000000000000000000000000000000000000000000000
512 4 8 79 0.006472 2222222222222222220000000000000000000000000000000000000000000000
512 4 8 80 0.005839 0000000000000000000000000000000000000000000000000000000000000000
512 4 8 81 0.006298 0000000000000000000000000000000000000000000000000000000000000000
512 4 8 82 0.006221 2222220000000000000000000000000000000000000000000000000000000000
512 4 8 83 0.005919 0000000000000000000000000000000000000000000000000000000000000000
512 4 8 84 0.006526 0000000000000000000000000000000000000000000000000000000000000000
512 4 8 85 0.006180 0000000000000000000000000000000000000000000000000000000000000000
512 4 8 86 0.006067 2222222222222222222222222222222222222200000000000000000000000000
512 4 8 87 0.006538 2200000000000000000000000000000000000000000000000000000000000000
512 4 8 88 0.006420 0000000000000000000000000000000000000000000000000000000000000000
512 4 8 89 0.006192 0000000000000000000000000000000000000000000000000000000000000000
512 4 8 90 0.006198 0000000000000000000000000000000000000000000000000000000000000000
512 4 8 91 0.006568 0000000000000000000000000000000000000000000000000000000000000000
512 4 8 92 0.006874 0000000000000000000000000000000000000000000000000000000000000000
512 4 8 93 0.006323 0000000000000000000000000000000000000000000000000000000000000000
512 4 8 94 0.005954 0000000000000000000000000000000000000000000000000000000000000000
512 4 8 95 0.006351 0000000000000000000000000000000000000000000000000000000000000000
512 4 8 96 0.005868 2222222000000000000000000000000000000000000000000000000000000000
512 4 8 97 0.006259 2222222222222222222222222222222222200000000000000000000000000000
512 4 8 98 0.006033 0000000000000000000000000000000000000000000000000000000000000000
512 4 8 99 0.006384 0000000000000000000000000000000000000000000000000000000000000000
512 4 16 0 0.005789 22222222222222222200000000000000
512 4 16 1 0.006240 00000000000000000000000000000000
512 4 16 2 0.006229 20000000000000000000000000000000
512 4 16 3 0.005972 00000000000000000000000000000000
512 4 16 4 0.005652 00000000000000000000000000000000
512 4 16 5 0.005841 00000000000000000000000000000000
512 4 16 6 0.006080 00000000000000000000000000000000
512 4 16 7 0.005796 00000000000000000000000000000000
512 4 16 8 0.005696 00000000000000000000000000000000
512 4 16 9 0.006671 00000000000000000000000000000000
512 4 16 10 0.006358 00000000000000000000000000000000
512 4 16 11 0.006261 00000000000000000000000000000000
512 4 16 12 0.005552 00000000000000000000000000000000
512 4 16 13 0.006054 00000000000000000000000000000000
512 4 16 14 0.006512 22222222222000000000000000000000
512 4 16 15 0.005811 00000000000000000000000000000000
512 4 16 16 0.006423 00000000000000000000000000000000
512 4 16 17 0.005853 22222222222222222000000000000000
512 4 16 18 0.005828 22222222000000000000000000000000
512 4 16 19 0.005450 22222222220000000000000000000000
512 4 16 20 0.006024 00000000000000000000000000000000
512 4 16 21 0.005764 00000000000000000000000000000000
512 4 16 22 0.005750 00000000000000000000000000000000
512 4 16 23 0.005359 00000000000000000000000000000000
512 4 16 24 0.006367 00000000000000000000000000000000
512 4 16 25 0.005708 00000000000000000000000000000000
512 4 16 26 0.005849 00000000000000000000000000000000
512 4 16 27 0.006084 00000000000000000000000000000000
512 4 16 28 0.006012 00000000000000000000000000000000
512 4 16 29 0.006239 00000000000000000000000000000000
512 4 16 30 0.005311 22222220000000000000000000000000
512 4 16 31 0.006016 22000000000000000000000000000000
512 4 16 32 0.006308 00000000000000000000000000000000
512 4 16 33 0.005529 00000000000000000000000000000000
512 4 16 34 0.006032 00000000000000000000000000000000
512 4 16 35 0.006219 00000000000000000000000000000000
512 4 16 36 0.006160 00000000000000000000000000000000
512 4 16 37 0.005829 00000000000000000000000000000000
512 4 16 38 0.005141 00000000000000000000000000000000
512 4 16 39 0.006180 00000000000000000000000000000000
512 4 16 40 0.005700 00000000000000000000000000000000
512 4 16 41 0.005714 00000000000000000000000000000000
512 4 16 42 0.006319 00000000000000000000000000000000
512 4 16 43 0.005992 00000000000000000000000000000000
512 4 16 44 0.007053 00000000000000000000000000000000
512 4 16 45 0.005933 00000000000000000000000000000000
512 4 16 46 0.006577 00000000000000000000000000000000
512 4 16 47 0.005760 20000000000000000000000000000000
512 4 16 48 0.006734 00000000000000000000000000000000
512 4 16 49 0.005742 22200000000000000000000000000000
512 4 16 50 0.005952 00000000000000000000000000000000
512 4 16 51 0.005767 00000000000000000000000000000000
512 4 16 52 0.006078 00000000000000000000000000000000
512 4 16 53 0.006063 20000000000000000000000000000000
512 4 16 54 0.005824 22222222000000000000000000000000
512 4 16 55 0.005934 00000000000000000000000000000000
512 4 16 56 0.005916 00000000000000000000000000000000
512 4 16 57 0.005734 00000000000000000000000000000000
512 4 16 58 0.005489 00000000000000000000000000000000
512 4 16 59 0.006156 00000000000000000000000000000000
512 4 16 60 0.005875 22000000000000000000000000000000
512 4 16 61 0.005433 22222000000000000000000000000000
512 4 16 62 0.005664 00000000000000000000000000000000
512 4 16 63 0.006132 00000000000000000000000000000000
512 4 16 64 0.006526 00000000000000000000000000000000
512 4 16 65 0.006020 22222222222200000000000000000000
512 4 16 66 0.005750 00000000000000000000000000000000
512 4 16 67 0.006199 00000000000000000000000000000000
512 4 16 68 0.005886 22222200000000000000000000000000
512 4 16 69 0.006661 00000000000000000000000000000000
512 4 16 70 0.006309 22220000000000000000000000000000
512 4 16 71 0.006346 00000000000000000000000000000000
512 4 16 72 0.005911 00000000000000000000000000000000
512 4 16 73 0.005936 00000000000000000000000000000000
512 4 16 74 0.005508 00000000000000000000000000000000
512 4 16 75 0.006161 00000000000000000000000000000000
512 4 16 76 0.006199 22220000000000000000000000000000
512 4 16 77 0.005888 00000000000000000000000000000000
512 4 16 78 0.006311 00000000000000000000000000000000
512 4 16 79 0.006199 22222222200000000000000000000000
512 4 16 80 0.005663 00000000000000000000000000000000
512 4 16 81 0.006105 00000000000000000000000000000000
512 4 16 82 0.005869 22200000000000000000000000000000
512 4 16 83 0.005796 00000000000000000000000000000000
512 4 16 84 0.006416 00000000000000000000000000000000
512 4 16 85 0.005973 00000000000000000000000000000000
512 4 16 86 0.005986 22222222222222222220000000000000
512 4 16 87 0.006299 20000000000000000000000000000000
512 4 16 88 0.006098 00000000000000000000000000000000
512 4 16 89 0.006020 00000000000000000000000000000000
512 4 16 90 0.006255 00000000000000000000000000000000
512 4 16 91 0.006331 00000000000000000000000000000000
512 4 16 92 0.006491 00000000000000000000000000000000
512 4 16 93 0.005964 00000000000000000000000000000000
512 4 16 94 0.005765 00000000000000000000000000000000
512 4 16 95 0.005914 00000000000000000000000000000000
512 4 16 96 0.005544 22200000000000000000000000000000
512 4 16 97 0.006243 22222222222222222000000000000000
512 4 16 98 0.005865 00000000000000000000000000000000
512 4 16 99 0.006307 00000000000000000000000000000000
512 4 32 0 0.006079 2222222220000000
512 4 32 1 0.006511 0000000000000000
512 4 32 2 0.006461 0000000000000000
512 4 32 3 0.006258 0000000000000000
512 4 32 4 0.005834 0000000000000000
512 4 32 5 0.006058 0000000000000000
512 4 32 6 0.006003 0000000000000000
512 4 32 7 0.005949 0000000000000000
512 4 32 8 0.005917 0000000000000000
512 4 32 9 0.006620 0000000000000000
512 4 32 10 0.006366 0000000000000000
512 4 32 11 0.006332 0000000000000000
512 4 32 12 0.005694 0000000000000000
512 4 32 13 0.006202 0000000000000000
512 4 32 14 0.006562 2222200000000000
512 4 32 15 0.005952 0000000000000000
512 4 32 16 0.006420 0000000000000000
512 4 32 17 0.006195 2222222200000000
512 4 32 18 0.006100 2222000000000000
512 4 32 19 0.005497 2222200000000000
512 4 32 20 0.006068 0000000000000000
512 4 32 21 0.006016 0000000000000000
512 4 32 22 0.006035 0000000000000000
512 4 32 23 0.005654 0000000000000000
512 4 32 24 0.006576 0000000000000000
512 4 32 25 0.006129 0000000000000000
512 4 32 26 0.005942 0000000000000000
512 4 32 27 0.006386 0000000000000000
512 4 32 28 0.006177 0000000000000000
512 4 32 29 0.005847 0000000000000000
512 4 32 30 0.005415 2220000000000000
512 4 32 31 0.006215 2000000000000000
512 4 32 32 0.006449 0000000000000000
512 4 32 33 0.005688 0000000000000000
512 4 32 34 0.006111 0000000000000000
512 4 32 35 0.006571 0000000000000000
512 4 32 36 0.006485 0000000000000000
512 4 32 37 0.006291 0000000000000000
512 4 32 38 0.005374 0000000000000000
512 4 32 39 0.006397 0000000000000000
512 4 32 40 0.005916 0000000000000000
512 4 32 41 0.006016 0000000000000000
512 4 32 42 0.006824 0000000000000000
512 4 32 43 0.006286 0000000000000000
512 4 32 44 0.007349 0000000000000000
512 4 32 45 0.006118 0000000000000000
512 4 32 46 0.006741 0000000000000000
512 4 32 47 0.005990 0000000000000000
512 4 32 48 0.006918 0000000000000000
512 4 32 49 0.006057 2000000000000000
512 4 32 50 0.006022 0000000000000000
512 4 32 51 0.006197 0000000000000000
512 4 32 52 0.006271 0000000000000000
512 4 32 53 0.006440 0000000000000000
512 4 32 54 0.005943 2222000000000000
512 4 32 55 0.006025 0000000000000000
512 4 32 56 0.005943 0000000000000000
512 4 32 57 0.006162 0000000000000000
512 4 32 58 0.005735 0000000000000000
512 4 32 59 0.006497 0000000000000000
512 4 32 60 0.006048 2000000000000000
512 4 32 61 0.005770 2200000000000000
512 4 32 62 0.005807 0000000000000000
512 4 32 63 0.006388 0000000000000000
512 4 32 64 0.006919 0000000000000000
512 4 32 65 0.006274 2222220000000000
512 4 32 66 0.006157 0000000000000000
512 4 32 67 0.006322 0000000000000000
512 4 32 68 0.005937 2220000000000000
512 4 32 69 0.006761 0000000000000000
512 4 32 70 0.006482 2200000000000000
512 4 32 71 0.006492 0000000000000000
512 4 32 72 0.006240 0000000000000000
512 4 32 73 0.006163 0000000000000000
512 4 32 74 0.005734 0000000000000000
512 4 32 75 0.006456 0000000000000000
512 4 32 76 0.006466 2200000000000000
512 4 32 77 0.006080 0000000000000000
512 4 32 78 0.006597 0000000000000000
512 4 32 79 0.006662 2222000000000000
512 4 32 80 0.006049 0000000000000000
512 4 32 81 0.006363 0000000000000000
512 4 32 82 0.006356 2000000000000000
512 4 32 83 0.006061 0000000000000000
512 4 32 84 0.007036 0000000000000000
512 4 32 85 0.006117 0000000000000000
512 4 32 86 0.006549 2222222220000000
512 4 32 87 0.006434 0000000000000000
512 4 32 88 0.006390 0000000000000000
512 4 32 89 0.006171 0000000000000000
512 4 32 90 0.006674 0000000000000000
512 4 32 91 0.006594 0000000000000000
512 4 32 92 0.006711 0000000000000000
512 4 32 93 0.006222 0000000000000000
512 4 32 94 0.006030 0000000000000000
512 4 32 95 0.006245 0000000000000000
512 4 32 96 0.005774 2000000000000000
512 4 32 97 0.006375 2222222200000000
512 4 32 98 0.006188 0000000000000000
512 4 32 99 0.006518 0000000000000000
512 8 16 0 0.018553 22222222222222222222222222222222
512 8 16 1 0.021063 00000000000000000000000000000000
512 8 16 2 0.021937 22222222222222222222222222222222
512 8 16 3 0.020520 00000000000000000000000000000000
512 8 16 4 0.019037 00000000000000000000000000000000
512 8 16 5 0.019939 00000000000000000000000000000000
512 8 16 6 0.019815 00000000000000000000000000000000
512 8 16 7 0.018747 00000000000000000000000000000000
512 8 16 8 0.019687 00000000000000000000000000000000
512 8 16 9 0.021904 00000000000000000000000000000000
512 8 16 10 0.021505 00000000000000000000000000000000
512 8 16 11 0.019303 00000000000000000000000000000000
512 8 16 12 0.017922 00000000000000000000000000000000
512 8 16 13 0.019461 00000000000000000000000000000000
512 8 16 14 0.021444 22222222222222222222222222222222
512 8 16 15 0.019658 00000000000000000000000000000000
512 8 16 16 0.021077 00000000000000000000000000000000
512 8 16 17 0.019859 22222222222222222222222222222222
512 8 16 18 0.020043 22222222222222222222222222222222
512 8 16 19 0.017723 22222222222222222222222222222222
512 8 16 20 0.019944 22222222222222222222222222222222
512 8 16 21 0.020227 00000000000000000000000000000000
512 8 16 22 0.019532 00000000000000000000000000000000
512 8 16 23 0.018525 00000000000000000000000000000000
512 8 16 24 0.020939 00000000000000000000000000000000
512 8 16 25 0.020125 00000000000000000000000000000000
512 8 16 26 0.020221 00000000000000000000000000000000
512 8 16 27 0.019439 00000000000000000000000000000000
512 8 16 28 0.019244 00000000000000000000000000000000
512 8 16 29 0.018975 00000000000000000000000000000000
512 8 16 30 0.017361 22222222222222222222222222222222
512 8 16 31 0.019788 22222222222222222222222222222222
512 8 16 32 0.021870 00000000000000000000000000000000
512 8 16 33 0.017097 00000000000000000000000000000000
512 8 16 34 0.019786 00000000000000000000000000000000
512 8 16 35 0.020069 00000000000000000000000000000000
512 8 16 36 0.020195 00000000000000000000000000000000
512 8 16 37 0.020224 00000000000000000000000000000000
512 8 16 38 0.016118 00000000000000000000000000000000
512 8 16 39 0.020398 00000000000000000000000000000000
512 8 16 40 0.017666 00000000000000000000000000000000
512 8 16 41 0.019214 00000000000000000000000000000000
512 8 16 42 0.020883 00000000000000000000000000000000
512 8 16 43 0.020532 00000000000000000000000000000000
512 8 16 44 0.024258 00000000000000000000000000000000
512 8 16 45 0.020902 00000000000000000000000000000000
512 8 16 46 0.021249 00000000000000000000000000000000
512 8 16 47 0.018823 22222222222222222222222222222222
512 8 16 48 0.022951 00000000000000000000000000000000
512 8 16 49 0.019343 22222222222222222222222222222222
512 8 16 50 0.019291 00000000000000000000000000000000
512 8 16 51 0.019440 00000000000000000000000000000000
512 8 16 52 0.020594 00000000000000000000000000000000
512 8 16 53 0.021342 22222222222222222222222222222222
512 8 16 54 0.019108 22222222222222222222222222222222
512 8 16 55 0.018436 00000000000000000000000000000000
512 8 16 56 0.018325 00000000000000000000000000000000
512 8 16 57 0.018943 00000000000000000000000000000000
512 8 16 58 0.018477 00000000000000000000000000000000
512 8 16 59 0.021344 00000000000000000000000000000000
512 8 16 60 0.018490 22222222222000000000000000000000
512 8 16 61 0.017429 22222222222222222222222222222222
512 8 16 62 0.018585 00000000000000000000000000000000
512 8 16 63 0.020598 00000000000000000000000000000000
512 8 16 64 0.022687 00000000000000000000000000000000
512 8 16 65 0.020007 22222222222222222222222222222222
512 8 16 66 0.018572 00000000000000000000000000000000
512 8 16 67 0.020679 00000000000000000000000000000000
512 8 16 68 0.018597 22222222222222222222222222222222
512 8 16 69 0.022274 00000000000000000000000000000000
512 8 16 70 0.020951 22222222222222222222222222222222
512 8 16 71 0.021110 00000000000000000000000000000000
512 8 16 72 0.019182 00000000000000000000000000000000
512 8 16 73 0.020489 00000000000000000000000000000000
512 8 16 74 0.017645 00000000000000000000000000000000
512 8 16 75 0.019900 00000000000000000000000000000000
512 8 16 76 0.020456 22222222222222222222222222222222
512 8 16 77 0.020837 00000000000000000000000000000000
512 8 16 78 0.020608 00000000000000000000000000000000
512 8 16 79 0.022110 22222222222222222222222222222222
512 8 16 80 0.020559 00000000000000000000000000000000
512 8 16 81 0.019779 00000000000000000000000000000000
512 8 16 82 0.019595 22222222222222222222222222222222
512 8 16 83 0.019755 00000000000000000000000000000000
512 8 16 84 0.022172 00000000000000000000000000000000
512 8 16 85 0.021467 00000000000000000000000000000000
512 8 16 86 0.019838 22222222222222222222222222222222
512 8 16 87 0.021963 22222222222222222222222222222222
512 8 16 88 0.020921 00000000000000000000000000000000
512 8 16 89 0.019365 00000000000000000000000000000000
512 8 16 90 0.021328 00000000000000000000000000000000
512 8 16 91 0.020546 00000000000000000000000000000000
512 8 16 92 0.021658 00000000000000000000000000000000
512 8 16 93 0.019928 00000000000000000000000000000000
512 8 16 94 0.019475 00000000000000000000000000000000
512 8 16 95 0.020506 00000000000000000000000000000000
512 8 16 96 0.018087 22222222222222222222222222222222
512 8 16 97 0.020481 22222222222222222222222222222222
512 8 16 98 0.019038 00000000000000000000000000000000
512 8 16 99 0.021340 00000000000000000000000000000000
512 8 32 0 0.019315 2222222222222222
512 8 32 1 0.021673 0000000000000000
512 8 32 2 0.022035 2222222222222222
512 8 32 3 0.020012 0000000000000000
512 8 32 4 0.018986 0000000000000000
512 8 32 5 0.020795 0000000000000000
512 8 32 6 0.020355 0000000000000000
512 8 32 7 0.019616 0000000000000000
512 8 32 8 0.019996 0000000000000000
512 8 32 9 0.023015 0000000000000000
512 8 32 10 0.021795 0000000000000000
512 8 32 11 0.020086 0000000000000000
512 8 32 12 0.020206 0000000000000000
512 8 32 13 0.020481 0000000000000000
512 8 32 14 0.022175 2222222222222222
512 8 32 15 0.019114 0000000000000000
512 8 32 16 0.022053 0000000000000000
512 8 32 17 0.019972 2222222222222222
512 8 32 18 0.019481 2222222222222222
512 8 32 19 0.018274 2222222222222222
512 8 32 20 0.021295 2222222222222222
512 8 32 21 0.020031 0000000000000000
512 8 32 22 0.019369 0000000000000000
512 8 32 23 0.018281 0000000000000000
512 8 32 24 0.022425 0000000000000000
512 8 32 25 0.020757 0000000000000000
512 8 32 26 0.019345 0000000000000000
512 8 32 27 0.020383 0000000000000000
512 8 32 28 0.020226 0000000000000000
512 8 32 29 0.019107 0000000000000000
512 8 32 30 0.018232 2222222222222222
512 8 32 31 0.021009 2222222222222222
512 8 32 32 0.022006 0000000000000000
512 8 32 33 0.018537 0000000000000000
512 8 32 34 0.020339 0000000000000000
512 8 32 35 0.020934 0000000000000000
512 8 32 36 0.020895 0000000000000000
512 8 32 37 0.020313 0000000000000000
512 8 32 38 0.016684 0000000000000000
512 8 32 39 0.020697 0000000000000000
512 8 32 40 0.019886 0000000000000000
512 8 32 41 0.020681 0000000000000000
512 8 32 42 0.021440 0000000000000000
512 8 32 43 0.020966 0000000000000000
512 8 32 44 0.024521 0000000000000000
512 8 32 45 0.020318 0000000000000000
512 8 32 46 0.021747 0000000000000000
512 8 32 47 0.018697 2222222222222222
512 8 32 48 0.022864 0000000000000000
512 8 32 49 0.020289 2222222222222222
512 8 32 50 0.020101 0000000000000000
512 8 32 51 0.021058 0000000000000000
512 8 32 52 0.021409 0000000000000000
512 8 32 53 0.020682 2222222222222222
512 8 32 54 0.019319 2222222222222222
512 8 32 55 0.018850 0000000000000000
512 8 32 56 0.019641 0000000000000000
512 8 32 57 0.021119 0000000000000000
512 8 32 58 0.020021 0000000000000000
512 8 32 59 0.021836 0000000000000000
512 8 32 60 0.019647 2222200000000000
512 8 32 61 0.017657 2222222222222222
512 8 32 62 0.018942 0000000000000000
512 8 32 63 0.020725 0000000000000000
512 8 32 64 0.022009 0000000000000000
512 8 32 65 0.022429 2222222222222222
512 8 32 66 0.019024 0000000000000000
512 8 32 67 0.020446 0000000000000000
512 8 32 68 0.019253 2222222222222222
512 8 32 69 0.023471 0000000000000000
512 8 32 70 0.020842 2222222222222222
512 8 32 71 0.021897 0000000000000000
512 8 32 72 0.020221 0000000000000000
512 8 32 73 0.019968 0000000000000000
512 8 32 74 0.018793 0000000000000000
512 8 32 75 0.021797 0000000000000000
512 8 32 76 0.020716 2222222222222222
512 8 32 77 0.020807 0000000000000000
512 8 32 78 0.021470 0000000000000000
512 8 32 79 0.022837 2222222222222222
512 8 32 80 0.019465 0000000000000000
512 8 32 81 0.020430 0000000000000000
512 8 32 82 0.020845 2222222222222222
512 8 32 83 0.020120 0000000000000000
512 8 32 84 0.022883 0000000000000000
512 8 32 85 0.021763 0000000000000000
512 8 32 86 0.020549 2222222222222222
512 8 32 87 0.021674 2222222222222222
512 8 32 88 0.021250 0000000000000000
512 8 32 89 0.022273 0000000000000000
512 8 32 90 0.020800 0000000000000000
512 8 32 91 0.021394 0000000000000000
512 8 32 92 0.023294 0000000000000000
512 8 32 93 0.021282 0000000000000000
512 8 32 94 0.019685 0000000000000000
512 8 32 95 0.021280 0000000000000000
512 8 32 96 0.020538 2222222222222222
512 8 32 97 0.021253 2222222222222222
512 8 32 98 0.019853 0000000000000000
512 8 32 99 0.021870 0000000000000000
