16 2 4 0 0.000124 2222
16 2 4 1 0.000057 1111
16 2 4 2 0.000119 2222
16 2 4 3 0.000112 1111
16 2 4 4 0.000126 2222
16 2 4 5 0.000124 2222
16 2 4 6 0.000136 2222
16 2 4 7 0.000137 2222
16 2 4 8 0.000134 1111
16 2 4 9 0.000066 2222
16 2 4 10 0.000102 0022
16 2 4 11 0.000115 1111
16 2 4 12 0.000082 0222
16 2 4 13 0.000129 2222
16 2 4 14 0.000130 1111
16 2 4 15 0.000133 2222
16 2 4 16 0.000136 1111
16 2 4 17 0.000107 2222
16 2 4 18 0.000109 2222
16 2 4 19 0.000118 2222
16 2 4 20 0.000158 2222
16 2 4 21 0.000175 2222
16 2 4 22 0.000080 2222
16 2 4 23 0.000104 0222
16 2 4 24 0.000116 2222
16 2 4 25 0.000078 2111
16 2 4 26 0.000044 1111
16 2 4 27 0.000135 0222
16 2 4 28 0.000139 1111
16 2 4 29 0.000113 2222
16 2 4 30 0.000124 2221
16 2 4 31 0.000148 2222
16 2 4 32 0.000133 1111
16 2 4 33 0.000062 2222
16 2 4 34 0.000154 2222
16 2 4 35 0.000135 2222
16 2 4 36 0.000099 2222
16 2 4 37 0.000150 2222
16 2 4 38 0.000152 2222
16 2 4 39 0.000087 1111
16 2 4 40 0.000044 1111
16 2 4 41 0.000134 1111
16 2 4 42 0.000075 2222
16 2 4 43 0.000189 2222
16 2 4 44 0.000183 2222
16 2 4 45 0.000087 1111
16 2 4 46 0.000127 2222
16 2 4 47 0.000067 0222
16 2 4 48 0.000111 0222
16 2 4 49 0.000087 1111
16 2 4 50 0.000073 2222
16 2 4 51 0.000173 1111
16 2 4 52 0.000087 2222
16 2 4 53 0.000047 0111
16 2 4 54 0.000121 2222
16 2 4 55 0.000157 2222
16 2 4 56 0.000114 0222
16 2 4 57 0.000069 2222
16 2 4 58 0.000160 0222
16 2 4 59 0.000157 1111
16 2 4 60 0.000189 2222
16 2 4 61 0.000154 1111
16 2 4 62 0.000177 2222
16 2 4 63 0.000102 0222
16 2 4 64 0.000124 2222
16 2 4 65 0.000117 2222
16 2 4 66 0.000139 2222
16 2 4 67 0.000152 0222
16 2 4 68 0.000081 0222
16 2 4 69 0.000079 2222
16 2 4 70 0.000064 2222
16 2 4 71 0.000174 2222
16 2 4 72 0.000215 1111
16 2 4 73 0.000101 1111
16 2 4 74 0.000105 2222
16 2 4 75 0.000040 0222
16 2 4 76 0.000125 0222
16 2 4 77 0.000143 2222
16 2 4 78 0.000120 1111
16 2 4 79 0.000102 2222
16 2 4 80 0.000170 2222
16 2 4 81 0.000130 2222
16 2 4 82 0.000193 2222
16 2 4 83 0.000129 1111
16 2 4 84 0.000113 2222
16 2 4 85 0.000176 2222
16 2 4 86 0.000133 0222
16 2 4 87 0.000126 2222
16 2 4 88 0.000176 2222
16 2 4 89 0.000196 2222
16 2 4 90 0.000093 2222
16 2 4 91 0.000166 1111
16 2 4 92 0.000108 1111
16 2 4 93 0.000188 1111
16 2 4 94 0.000140 1111
16 2 4 95 0.000110 2222
16 2 4 96 0.000130 2222
16 2 4 97 0.000187 2222
16 2 4 98 0.000121 2222
16 2 4 99 0.000186 1111
16 2 8 0 0.000083 22
16 2 8 1 0.000036 11
16 2 8 2 0.000065 22
16 2 8 3 0.000070 11
16 2 8 4 0.000079 22
16 2 8 5 0.000073 22
16 2 8 6 0.000080 22
16 2 8 7 0.000092 22
16 2 8 8 0.000084 11
16 2 8 9 0.000044 22
16 2 8 10 0.000053 02
16 2 8 11 0.000074 11
16 2 8 12 0.000047 22
16 2 8 13 0.000089 22
16 2 8 14 0.000080 11
16 2 8 15 0.000072 22
16 2 8 16 0.000089 11
16 2 8 17 0.000066 22
16 2 8 18 0.000074 22
16 2 8 19 0.000078 22
16 2 8 20 0.000102 22
16 2 8 21 0.000116 22
16 2 8 22 0.000054 22
16 2 8 23 0.000066 22
16 2 8 24 0.000055 22
16 2 8 25 0.000046 11
16 2 8 26 0.000028 11
16 2 8 27 0.000082 22
16 2 8 28 0.000088 11
16 2 8 29 0.000073 22
16 2 8 30 0.000078 21
16 2 8 31 0.000087 22
16 2 8 32 0.000077 11
16 2 8 33 0.000031 22
16 2 8 34 0.000095 22
16 2 8 35 0.000089 22
16 2 8 36 0.000059 22
16 2 8 37 0.000089 22
16 2 8 38 0.000094 22
16 2 8 39 0.000059 11
16 2 8 40 0.000029 11
16 2 8 41 0.000087 11
16 2 8 42 0.000046 22
16 2 8 43 0.000121 22
16 2 8 44 0.000115 22
16 2 8 45 0.000052 11
16 2 8 46 0.000066 22
16 2 8 47 0.000039 22
16 2 8 48 0.000072 22
16 2 8 49 0.000052 11
16 2 8 50 0.000046 22
16 2 8 51 0.000115 11
16 2 8 52 0.000057 22
16 2 8 53 0.000031 11
16 2 8 54 0.000079 22
16 2 8 55 0.000095 22
16 2 8 56 0.000068 22
16 2 8 57 0.000047 22
16 2 8 58 0.000094 22
16 2 8 59 0.000100 11
16 2 8 60 0.000119 22
16 2 8 61 0.000094 11
16 2 8 62 0.000108 22
16 2 8 63 0.000059 22
16 2 8 64 0.000074 22
16 2 8 65 0.000084 22
16 2 8 66 0.000086 22
16 2 8 67 0.000095 22
16 2 8 68 0.000056 22
16 2 8 69 0.000042 22
16 2 8 70 0.000045 22
16 2 8 71 0.000101 22
16 2 8 72 0.000141 11
16 2 8 73 0.000072 11
16 2 8 74 0.000066 22
16 2 8 75 0.000028 22
16 2 8 76 0.000080 22
16 2 8 77 0.000092 22
16 2 8 78 0.000075 11
16 2 8 79 0.000068 22
16 2 8 80 0.000100 22
16 2 8 81 0.000078 22
16 2 8 82 0.000121 22
16 2 8 83 0.000079 11
16 2 8 84 0.000078 22
16 2 8 85 0.000099 22
16 2 8 86 0.000087 22
16 2 8 87 0.000065 22
16 2 8 88 0.000119 22
16 2 8 89 0.000126 22
16 2 8 90 0.000063 22
16 2 8 91 0.000092 11
16 2 8 92 0.000065 11
16 2 8 93 0.000120 11
16 2 8 94 0.000078 11
16 2 8 95 0.000061 22
16 2 8 96 0.000072 22
16 2 8 97 0.000110 22
16 2 8 98 0.000079 22
16 2 8 99 0.000126 11
16 2 16 0 0.000065 2
16 2 16 1 0.000027 1
16 2 16 2 0.000057 2
16 2 16 3 0.000048 1
16 2 16 4 0.000058 2
16 2 16 5 0.000049 2
16 2 16 6 0.000063 2
16 2 16 7 0.000063 2
16 2 16 8 0.000061 1
16 2 16 9 0.000037 2
16 2 16 10 0.000046 2
16 2 16 11 0.000046 1
16 2 16 12 0.000038 2
16 2 16 13 0.000068 2
16 2 16 14 0.000057 1
16 2 16 15 0.000061 2
16 2 16 16 0.000064 1
16 2 16 17 0.000049 2
16 2 16 18 0.000057 2
16 2 16 19 0.000058 2
16 2 16 20 0.000074 2
16 2 16 21 0.000082 2
16 2 16 22 0.000041 2
16 2 16 23 0.000055 2
16 2 16 24 0.000039 2
16 2 16 25 0.000040 1
16 2 16 26 0.000024 1
16 2 16 27 0.000053 2
16 2 16 28 0.000061 1
16 2 16 29 0.000051 2
16 2 16 30 0.000048 1
16 2 16 31 0.000059 2
16 2 16 32 0.000050 1
16 2 16 33 0.000022 2
16 2 16 34 0.000069 2
16 2 16 35 0.000055 2
16 2 16 36 0.000042 2
16 2 16 37 0.000058 2
16 2 16 38 0.000064 2
16 2 16 39 0.000045 1
16 2 16 40 0.000021 1
16 2 16 41 0.000064 1
16 2 16 42 0.000036 2
16 2 16 43 0.000079 2
16 2 16 44 0.000077 2
16 2 16 45 0.000040 1
16 2 16 46 0.000050 2
16 2 16 47 0.000033 2
16 2 16 48 0.000059 2
16 2 16 49 0.000038 1
16 2 16 50 0.000035 2
16 2 16 51 0.000080 1
16 2 16 52 0.000038 2
16 2 16 53 0.000026 1
16 2 16 54 0.000063 2
16 2 16 55 0.000068 2
16 2 16 56 0.000056 2
16 2 16 57 0.000050 2
16 2 16 58 0.000071 2
16 2 16 59 0.000065 1
16 2 16 60 0.000079 2
16 2 16 61 0.000062 1
16 2 16 62 0.000074 2
16 2 16 63 0.000053 2
16 2 16 64 0.000048 2
16 2 16 65 0.000059 2
16 2 16 66 0.000062 2
16 2 16 67 0.000068 2
16 2 16 68 0.000042 2
16 2 16 69 0.000033 2
16 2 16 70 0.000031 2
16 2 16 71 0.000078 2
16 2 16 72 0.000095 1
16 2 16 73 0.000050 1
16 2 16 74 0.000048 2
16 2 16 75 0.000025 2
16 2 16 76 0.000058 2
16 2 16 77 0.000065 2
16 2 16 78 0.000059 1
16 2 16 79 0.000046 2
16 2 16 80 0.000070 2
16 2 16 81 0.000070 2
16 2 16 82 0.000080 2
16 2 16 83 0.000060 1
16 2 16 84 0.000058 2
16 2 16 85 0.000074 2
16 2 16 86 0.000062 2
16 2 16 87 0.000050 2
16 2 16 88 0.000084 2
16 2 16 89 0.000090 2
16 2 16 90 0.000056 2
16 2 16 91 0.000065 1
16 2 16 92 0.000041 1
16 2 16 93 0.000086 1
16 2 16 94 0.000060 1
16 2 16 95 0.000045 2
16 2 16 96 0.000056 2
16 2 16 97 0.000079 2
16 2 16 98 0.000071 2
16 2 16 99 0.000086 1
16 4 8 0 0.000181 22
16 4 8 1 0.000057 11
16 4 8 2 0.000148 22
16 4 8 3 0.000132 11
16 4 8 4 0.000150 22
16 4 8 5 0.000151 22
16 4 8 6 0.000163 22
16 4 8 7 0.000204 22
16 4 8 8 0.000186 11
16 4 8 9 0.000089 22
16 4 8 10 0.000124 02
16 4 8 11 0.000087 11
16 4 8 12 0.000080 22
16 4 8 13 0.000196 22
16 4 8 14 0.000155 11
16 4 8 15 0.000140 22
16 4 8 16 0.000150 11
16 4 8 17 0.000144 22
16 4 8 18 0.000139 22
16 4 8 19 0.000121 22
16 4 8 20 0.000218 22
16 4 8 21 0.000232 22
16 4 8 22 0.000090 22
16 4 8 23 0.000143 22
16 4 8 24 0.000109 22
16 4 8 25 0.000115 22
16 4 8 26 0.000042 11
16 4 8 27 0.000184 22
16 4 8 28 0.000152 11
16 4 8 29 0.000134 22
16 4 8 30 0.000174 22
16 4 8 31 0.000177 22
16 4 8 32 0.000183 11
16 4 8 33 0.000064 22
16 4 8 34 0.000211 22
16 4 8 35 0.000171 22
16 4 8 36 0.000121 22
16 4 8 37 0.000144 22
16 4 8 38 0.000219 22
16 4 8 39 0.000126 11
16 4 8 40 0.000033 11
16 4 8 41 0.000154 11
16 4 8 42 0.000090 22
16 4 8 43 0.000279 22
16 4 8 44 0.000265 22
16 4 8 45 0.000101 11
16 4 8 46 0.000105 22
16 4 8 47 0.000064 22
16 4 8 48 0.000156 22
16 4 8 49 0.000109 11
16 4 8 50 0.000063 22
16 4 8 51 0.000243 11
16 4 8 52 0.000119 22
16 4 8 53 0.000064 22
16 4 8 54 0.000160 22
16 4 8 55 0.000173 22
16 4 8 56 0.000163 22
16 4 8 57 0.000102 22
16 4 8 58 0.000225 22
16 4 8 59 0.000199 11
16 4 8 60 0.000293 22
16 4 8 61 0.000209 11
16 4 8 62 0.000250 22
16 4 8 63 0.000127 22
16 4 8 64 0.000125 22
16 4 8 65 0.000160 22
16 4 8 66 0.000168 22
16 4 8 67 0.000208 22
16 4 8 68 0.000101 22
16 4 8 69 0.000054 22
16 4 8 70 0.000079 22
16 4 8 71 0.000259 22
16 4 8 72 0.000322 11
16 4 8 73 0.000095 11
16 4 8 74 0.000145 22
16 4 8 75 0.000051 22
16 4 8 76 0.000157 22
16 4 8 77 0.000196 22
16 4 8 78 0.000146 11
16 4 8 79 0.000128 22
16 4 8 80 0.000237 22
16 4 8 81 0.000167 22
16 4 8 82 0.000295 22
16 4 8 83 0.000168 11
16 4 8 84 0.000123 22
16 4 8 85 0.000238 22
16 4 8 86 0.000157 22
16 4 8 87 0.000135 22
16 4 8 88 0.000223 22
16 4 8 89 0.000303 22
16 4 8 90 0.000132 22
16 4 8 91 0.000204 11
16 4 8 92 0.000139 11
16 4 8 93 0.000288 11
16 4 8 94 0.000174 11
16 4 8 95 0.000116 22
16 4 8 96 0.000156 22
16 4 8 97 0.000244 22
16 4 8 98 0.000150 22
16 4 8 99 0.000294 11
16 4 16 0 0.000162 2
16 4 16 1 0.000046 1
16 4 16 2 0.000131 2
16 4 16 3 0.000095 1
16 4 16 4 0.000121 2
16 4 16 5 0.000090 2
16 4 16 6 0.000145 2
16 4 16 7 0.000161 2
16 4 16 8 0.000151 1
16 4 16 9 0.000078 2
16 4 16 10 0.000105 2
16 4 16 11 0.000065 1
16 4 16 12 0.000070 2
16 4 16 13 0.000141 2
16 4 16 14 0.000128 1
16 4 16 15 0.000113 2
16 4 16 16 0.000111 1
16 4 16 17 0.000120 2
16 4 16 18 0.000114 2
16 4 16 19 0.000102 2
16 4 16 20 0.000171 2
16 4 16 21 0.000150 2
16 4 16 22 0.000073 2
16 4 16 23 0.000132 2
16 4 16 24 0.000086 2
16 4 16 25 0.000102 2
16 4 16 26 0.000034 1
16 4 16 27 0.000124 2
16 4 16 28 0.000123 1
16 4 16 29 0.000117 2
16 4 16 30 0.000119 2
16 4 16 31 0.000142 2
16 4 16 32 0.000132 1
16 4 16 33 0.000046 2
16 4 16 34 0.000164 2
16 4 16 35 0.000127 2
16 4 16 36 0.000096 2
16 4 16 37 0.000110 2
16 4 16 38 0.000168 2
16 4 16 39 0.000102 1
16 4 16 40 0.000025 1
16 4 16 41 0.000106 1
16 4 16 42 0.000076 2
16 4 16 43 0.000208 2
16 4 16 44 0.000175 2
16 4 16 45 0.000085 1
16 4 16 46 0.000080 2
16 4 16 47 0.000060 2
16 4 16 48 0.000161 2
16 4 16 49 0.000079 1
16 4 16 50 0.000059 2
16 4 16 51 0.000188 1
16 4 16 52 0.000089 2
16 4 16 53 0.000057 2
16 4 16 54 0.000118 2
16 4 16 55 0.000171 2
16 4 16 56 0.000135 2
16 4 16 57 0.000093 2
16 4 16 58 0.000177 2
16 4 16 59 0.000167 1
16 4 16 60 0.000209 2
16 4 16 61 0.000167 1
16 4 16 62 0.000197 2
16 4 16 63 0.000116 2
16 4 16 64 0.000092 2
16 4 16 65 0.000140 2
16 4 16 66 0.000136 2
16 4 16 67 0.000175 2
16 4 16 68 0.000085 2
16 4 16 69 0.000041 2
16 4 16 70 0.000065 2
16 4 16 71 0.000194 2
16 4 16 72 0.000258 1
16 4 16 73 0.000080 1
16 4 16 74 0.000117 2
16 4 16 75 0.000042 2
16 4 16 76 0.000112 2
16 4 16 77 0.000156 2
16 4 16 78 0.000128 1
16 4 16 79 0.000083 2
16 4 16 80 0.000181 2
16 4 16 81 0.000144 2
16 4 16 82 0.000201 2
16 4 16 83 0.000149 1
16 4 16 84 0.000107 2
16 4 16 85 0.000199 2
16 4 16 86 0.000125 2
16 4 16 87 0.000112 2
16 4 16 88 0.000157 2
16 4 16 89 0.000229 2
16 4 16 90 0.000111 2
16 4 16 91 0.000161 1
16 4 16 92 0.000108 1
16 4 16 93 0.000230 1
16 4 16 94 0.000146 1
16 4 16 95 0.000079 2
16 4 16 96 0.000138 2
16 4 16 97 0.000201 2
16 4 16 98 0.000129 2
16 4 16 99 0.000229 1
16 8 16 0 0.000252 2
16 8 16 1 0.000061 1
16 8 16 2 0.000197 2
16 8 16 3 0.000175 1
16 8 16 4 0.000205 2
16 8 16 5 0.000134 2
16 8 16 6 0.000183 2
16 8 16 7 0.000258 2
16 8 16 8 0.000209 1
16 8 16 9 0.000115 2
16 8 16 10 0.000157 2
16 8 16 11 0.000120 1
16 8 16 12 0.000086 2
16 8 16 13 0.000259 2
16 8 16 14 0.000236 1
16 8 16 15 0.000361 2
16 8 16 16 0.000164 1
16 8 16 17 0.000177 2
16 8 16 18 0.000145 2
16 8 16 19 0.000178 2
16 8 16 20 0.000317 2
16 8 16 21 0.000322 2
16 8 16 22 0.000129 2
16 8 16 23 0.000164 2
16 8 16 24 0.000080 2
16 8 16 25 0.000149 2
16 8 16 26 0.000039 1
16 8 16 27 0.000108 2
16 8 16 28 0.000210 1
16 8 16 29 0.000209 2
16 8 16 30 0.000126 2
16 8 16 31 0.000201 2
16 8 16 32 0.000225 1
16 8 16 33 0.000067 2
16 8 16 34 0.000199 2
16 8 16 35 0.000169 2
16 8 16 36 0.000116 2
16 8 16 37 0.000149 2
16 8 16 38 0.000191 2
16 8 16 39 0.000116 1
16 8 16 40 0.000038 1
16 8 16 41 0.000183 1
16 8 16 42 0.000120 2
16 8 16 43 0.000396 2
16 8 16 44 0.000314 2
16 8 16 45 0.000135 1
16 8 16 46 0.000146 2
16 8 16 47 0.000071 2
16 8 16 48 0.000159 2
16 8 16 49 0.000092 1
16 8 16 50 0.000099 2
16 8 16 51 0.000280 1
16 8 16 52 0.000167 2
16 8 16 53 0.000078 2
16 8 16 54 0.000162 2
16 8 16 55 0.000245 2
16 8 16 56 0.000140 2
16 8 16 57 0.000121 2
16 8 16 58 0.000267 2
16 8 16 59 0.000276 1
16 8 16 60 0.000325 2
16 8 16 61 0.000218 1
16 8 16 62 0.000251 2
16 8 16 63 0.000154 2
16 8 16 64 0.000155 2
16 8 16 65 0.000159 2
16 8 16 66 0.000204 2
16 8 16 67 0.000249 2
16 8 16 68 0.000106 2
16 8 16 69 0.000072 2
16 8 16 70 0.000100 2
16 8 16 71 0.000358 2
16 8 16 72 0.000402 1
16 8 16 73 0.000120 1
16 8 16 74 0.000147 2
16 8 16 75 0.000063 2
16 8 16 76 0.000215 2
16 8 16 77 0.000243 2
16 8 16 78 0.000194 1
16 8 16 79 0.000171 2
16 8 16 80 0.000245 2
16 8 16 81 0.000230 2
16 8 16 82 0.000382 2
16 8 16 83 0.000177 1
16 8 16 84 0.000183 2
16 8 16 85 0.000356 2
16 8 16 86 0.000174 2
16 8 16 87 0.000128 2
16 8 16 88 0.000336 2
16 8 16 89 0.000410 2
16 8 16 90 0.000187 2
16 8 16 91 0.000203 1
16 8 16 92 0.000155 1
16 8 16 93 0.000370 1
16 8 16 94 0.000218 1
16 8 16 95 0.000156 2
16 8 16 96 0.000154 2
16 8 16 97 0.000193 2
16 8 16 98 0.000218 2
16 8 16 99 0.000420 1
32 2 4 0 0.000532 22222222
32 2 4 1 0.000498 22222111
32 2 4 2 0.000584 22222222
32 2 4 3 0.000566 22222222
32 2 4 4 0.000614 22222222
32 2 4 5 0.000477 22222222
32 2 4 6 0.000705 22222222
32 2 4 7 0.000255 22222222
32 2 4 8 0.000468 22222222
32 2 4 9 0.000505 21111111
32 2 4 10 0.000500 22222222
32 2 4 11 0.000668 22222222
32 2 4 12 0.000478 22222222
32 2 4 13 0.000725 11111111
32 2 4 14 0.000557 11111111
32 2 4 15 0.000604 22222222
32 2 4 16 0.000683 11111111
32 2 4 17 0.000574 02222222
32 2 4 18 0.000460 11111111
32 2 4 19 0.000786 22222222
32 2 4 20 0.000457 22222222
32 2 4 21 0.000615 11111111
32 2 4 22 0.000709 22222222
32 2 4 23 0.000597 11111111
32 2 4 24 0.000550 11111111
32 2 4 25 0.000453 22222222
32 2 4 26 0.000564 22222222
32 2 4 27 0.000300 02222222
32 2 4 28 0.000694 22222222
32 2 4 29 0.000832 22222222
32 2 4 30 0.000516 11111111
32 2 4 31 0.000532 11111111
32 2 4 32 0.000439 22222222
32 2 4 33 0.000360 22222222
32 2 4 34 0.000613 22222222
32 2 4 35 0.000557 22222222
32 2 4 36 0.000582 22222222
32 2 4 37 0.000351 21111111
32 2 4 38 0.000551 22222222
32 2 4 39 0.000252 02211111
32 2 4 40 0.000452 22222222
32 2 4 41 0.000491 22222222
32 2 4 42 0.000580 22222222
32 2 4 43 0.000582 11111111
32 2 4 44 0.000546 22222222
32 2 4 45 0.000723 02222222
32 2 4 46 0.000556 11111111
32 2 4 47 0.000481 02111111
32 2 4 48 0.000314 02221111
32 2 4 49 0.000534 22222222
32 2 4 50 0.000695 22222211
32 2 4 51 0.000469 11111111
32 2 4 52 0.000325 02222222
32 2 4 53 0.000447 11111111
32 2 4 54 0.000382 11111111
32 2 4 55 0.000407 22222222
32 2 4 56 0.000533 22222222
32 2 4 57 0.000819 11111111
32 2 4 58 0.000706 11111111
32 2 4 59 0.000481 22222222
32 2 4 60 0.000617 22222222
32 2 4 61 0.000552 11111111
32 2 4 62 0.000503 22222222
32 2 4 63 0.000388 22222222
32 2 4 64 0.000443 22222222
32 2 4 65 0.000625 22222222
32 2 4 66 0.000560 22222222
32 2 4 67 0.000552 22222222
32 2 4 68 0.000369 22222222
32 2 4 69 0.000454 11111111
32 2 4 70 0.000416 22222211
32 2 4 71 0.000499 11111111
32 2 4 72 0.000500 11111111
32 2 4 73 0.000630 02222222
32 2 4 74 0.000590 22222222
32 2 4 75 0.000543 22222222
32 2 4 76 0.000541 02222222
32 2 4 77 0.000638 11111111
32 2 4 78 0.000437 22222222
32 2 4 79 0.000528 22222222
32 2 4 80 0.000352 02222222
32 2 4 81 0.000606 22222222
32 2 4 82 0.000604 11111111
32 2 4 83 0.000474 22111111
32 2 4 84 0.000630 02222222
32 2 4 85 0.000537 11111111
32 2 4 86 0.000520 11111111
32 2 4 87 0.000420 22222222
32 2 4 88 0.000481 22222111
32 2 4 89 0.000544 11111111
32 2 4 90 0.000586 22222222
32 2 4 91 0.000695 11111111
32 2 4 92 0.000425 11111111
32 2 4 93 0.000497 22222222
32 2 4 94 0.000428 11111111
32 2 4 95 0.000236 11111111
32 2 4 96 0.000512 11111111
32 2 4 97 0.000595 11111111
32 2 4 98 0.000801 11111111
32 2 4 99 0.000577 11111111
32 2 8 0 0.000304 2222
32 2 8 1 0.000287 2211
32 2 8 2 0.000320 2222
32 2 8 3 0.000324 2222
32 2 8 4 0.000334 2222
32 2 8 5 0.000278 2222
32 2 8 6 0.000399 2222
32 2 8 7 0.000151 2222
32 2 8 8 0.000266 2222
32 2 8 9 0.000269 1111
32 2 8 10 0.000266 2222
32 2 8 11 0.000385 2222
32 2 8 12 0.000244 2222
32 2 8 13 0.000401 1111
32 2 8 14 0.000301 1111
32 2 8 15 0.000359 2222
32 2 8 16 0.000379 1111
32 2 8 17 0.000333 2222
32 2 8 18 0.000270 1111
32 2 8 19 0.000444 2222
32 2 8 20 0.000248 2222
32 2 8 21 0.000343 1111
32 2 8 22 0.000406 2222
32 2 8 23 0.000346 1111
32 2 8 24 0.000311 1111
32 2 8 25 0.000254 2222
32 2 8 26 0.000326 2222
32 2 8 27 0.000174 2222
32 2 8 28 0.000389 2222
32 2 8 29 0.000489 2222
32 2 8 30 0.000294 1111
32 2 8 31 0.000307 1111
32 2 8 32 0.000248 2222
32 2 8 33 0.000197 2222
32 2 8 34 0.000325 2222
32 2 8 35 0.000294 2222
32 2 8 36 0.000326 2222
32 2 8 37 0.000206 1111
32 2 8 38 0.000296 2222
32 2 8 39 0.000139 2111
32 2 8 40 0.000246 2222
32 2 8 41 0.000280 2222
32 2 8 42 0.000330 2222
32 2 8 43 0.000333 1111
32 2 8 44 0.000314 2222
32 2 8 45 0.000413 2222
32 2 8 46 0.000312 1111
32 2 8 47 0.000283 2111
32 2 8 48 0.000168 2211
32 2 8 49 0.000292 2222
32 2 8 50 0.000401 2221
32 2 8 51 0.000259 1111
32 2 8 52 0.000193 2222
32 2 8 53 0.000260 1111
32 2 8 54 0.000215 1111
32 2 8 55 0.000227 2222
32 2 8 56 0.000299 2222
32 2 8 57 0.000453 1111
32 2 8 58 0.000404 1111
32 2 8 59 0.000264 2222
32 2 8 60 0.000351 2222
32 2 8 61 0.000307 1111
32 2 8 62 0.000290 2222
32 2 8 63 0.000225 2222
32 2 8 64 0.000258 2222
32 2 8 65 0.000376 2222
32 2 8 66 0.000316 2222
32 2 8 67 0.000312 2222
32 2 8 68 0.000199 2222
32 2 8 69 0.000258 1111
32 2 8 70 0.000243 2221
32 2 8 71 0.000279 1111
32 2 8 72 0.000287 1111
32 2 8 73 0.000363 2222
32 2 8 74 0.000326 2222
32 2 8 75 0.000281 2222
32 2 8 76 0.000312 2222
32 2 8 77 0.000366 1111
32 2 8 78 0.000243 2222
32 2 8 79 0.000276 2222
32 2 8 80 0.000205 2222
32 2 8 81 0.000351 2222
32 2 8 82 0.000340 1111
32 2 8 83 0.000271 2111
32 2 8 84 0.000363 2222
32 2 8 85 0.000294 1111
32 2 8 86 0.000293 1111
32 2 8 87 0.000240 2222
32 2 8 88 0.000256 2211
32 2 8 89 0.000316 1111
32 2 8 90 0.000338 2222
32 2 8 91 0.000395 1111
32 2 8 92 0.000241 1111
32 2 8 93 0.000275 2222
32 2 8 94 0.000225 1111
32 2 8 95 0.000133 1111
32 2 8 96 0.000295 1111
32 2 8 97 0.000321 1111
32 2 8 98 0.000455 1111
32 2 8 99 0.000330 1111
32 2 16 0 0.000197 22
32 2 16 1 0.000169 21
32 2 16 2 0.000179 22
32 2 16 3 0.000185 22
32 2 16 4 0.000202 22
32 2 16 5 0.000169 22
32 2 16 6 0.000237 22
32 2 16 7 0.000092 22
32 2 16 8 0.000175 22
32 2 16 9 0.000166 11
32 2 16 10 0.000173 22
32 2 16 11 0.000230 22
32 2 16 12 0.000150 22
32 2 16 13 0.000239 11
32 2 16 14 0.000198 11
32 2 16 15 0.000215 22
32 2 16 16 0.000241 11
32 2 16 17 0.000215 22
32 2 16 18 0.000175 11
32 2 16 19 0.000272 22
32 2 16 20 0.000161 22
32 2 16 21 0.000208 11
32 2 16 22 0.000239 22
32 2 16 23 0.000204 11
32 2 16 24 0.000186 11
32 2 16 25 0.000161 22
32 2 16 26 0.000200 22
32 2 16 27 0.000129 22
32 2 16 28 0.000244 22
32 2 16 29 0.000277 22
32 2 16 30 0.000186 11
32 2 16 31 0.000192 11
32 2 16 32 0.000154 22
32 2 16 33 0.000120 22
32 2 16 34 0.000205 22
32 2 16 35 0.000180 22
32 2 16 36 0.000200 22
32 2 16 37 0.000136 11
32 2 16 38 0.000192 22
32 2 16 39 0.000090 11
32 2 16 40 0.000160 22
32 2 16 41 0.000167 22
32 2 16 42 0.000196 22
32 2 16 43 0.000206 11
32 2 16 44 0.000184 22
32 2 16 45 0.000249 22
32 2 16 46 0.000184 11
32 2 16 47 0.000179 11
32 2 16 48 0.000104 21
32 2 16 49 0.000185 22
32 2 16 50 0.000233 21
32 2 16 51 0.000159 11
32 2 16 52 0.000128 22
32 2 16 53 0.000163 11
32 2 16 54 0.000126 11
32 2 16 55 0.000137 22
32 2 16 56 0.000189 22
32 2 16 57 0.000264 11
32 2 16 58 0.000232 11
32 2 16 59 0.000151 22
32 2 16 60 0.000226 22
32 2 16 61 0.000187 11
32 2 16 62 0.000179 22
32 2 16 63 0.000137 22
32 2 16 64 0.000167 22
32 2 16 65 0.000227 22
32 2 16 66 0.000194 22
32 2 16 67 0.000194 22
32 2 16 68 0.000131 22
32 2 16 69 0.000157 11
32 2 16 70 0.000139 21
32 2 16 71 0.000182 11
32 2 16 72 0.000178 11
32 2 16 73 0.000232 22
32 2 16 74 0.000185 22
32 2 16 75 0.000169 22
32 2 16 76 0.000199 22
32 2 16 77 0.000214 11
32 2 16 78 0.000141 22
32 2 16 79 0.000166 22
32 2 16 80 0.000131 22
32 2 16 81 0.000236 22
32 2 16 82 0.000218 11
32 2 16 83 0.000157 11
32 2 16 84 0.000220 22
32 2 16 85 0.000185 11
32 2 16 86 0.000174 11
32 2 16 87 0.000144 22
32 2 16 88 0.000158 21
32 2 16 89 0.000182 11
32 2 16 90 0.000203 22
32 2 16 91 0.000236 11
32 2 16 92 0.000142 11
32 2 16 93 0.000155 22
32 2 16 94 0.000142 11
32 2 16 95 0.000082 11
32 2 16 96 0.000176 11
32 2 16 97 0.000205 11
32 2 16 98 0.000281 11
32 2 16 99 0.000211 11
32 2 32 0 0.000135 2
32 2 32 1 0.000115 1
32 2 32 2 0.000128 2
32 2 32 3 0.000126 2
32 2 32 4 0.000127 2
32 2 32 5 0.000115 2
32 2 32 6 0.000153 2
32 2 32 7 0.000062 2
32 2 32 8 0.000139 2
32 2 32 9 0.000123 1
32 2 32 10 0.000124 2
32 2 32 11 0.000159 2
32 2 32 12 0.000117 2
32 2 32 13 0.000142 1
32 2 32 14 0.000121 1
32 2 32 15 0.000151 2
32 2 32 16 0.000167 1
32 2 32 17 0.000150 2
32 2 32 18 0.000125 1
32 2 32 19 0.000192 2
32 2 32 20 0.000124 2
32 2 32 21 0.000138 1
32 2 32 22 0.000164 2
32 2 32 23 0.000134 1
32 2 32 24 0.000131 1
32 2 32 25 0.000108 2
32 2 32 26 0.000140 2
32 2 32 27 0.000085 2
32 2 32 28 0.000164 2
32 2 32 29 0.000179 2
32 2 32 30 0.000137 1
32 2 32 31 0.000145 1
32 2 32 32 0.000092 2
32 2 32 33 0.000087 2
32 2 32 34 0.000151 2
32 2 32 35 0.000123 2
32 2 32 36 0.000138 2
32 2 32 37 0.000108 1
32 2 32 38 0.000129 2
32 2 32 39 0.000069 1
32 2 32 40 0.000116 2
32 2 32 41 0.000109 2
32 2 32 42 0.000129 2
32 2 32 43 0.000129 1
32 2 32 44 0.000124 2
32 2 32 45 0.000183 2
32 2 32 46 0.000145 1
32 2 32 47 0.000130 1
32 2 32 48 0.000071 1
32 2 32 49 0.000138 2
32 2 32 50 0.000147 1
32 2 32 51 0.000108 1
32 2 32 52 0.000097 2
32 2 32 53 0.000115 1
32 2 32 54 0.000093 1
32 2 32 55 0.000092 2
32 2 32 56 0.000128 2
32 2 32 57 0.000165 1
32 2 32 58 0.000168 1
32 2 32 59 0.000099 2
32 2 32 60 0.000170 2
32 2 32 61 0.000124 1
32 2 32 62 0.000127 2
32 2 32 63 0.000104 2
32 2 32 64 0.000118 2
32 2 32 65 0.000142 2
32 2 32 66 0.000126 2
32 2 32 67 0.000142 2
32 2 32 68 0.000080 2
32 2 32 69 0.000120 1
32 2 32 70 0.000085 1
32 2 32 71 0.000125 1
32 2 32 72 0.000120 1
32 2 32 73 0.000154 2
32 2 32 74 0.000130 2
32 2 32 75 0.000107 2
32 2 32 76 0.000144 2
32 2 32 77 0.000148 1
32 2 32 78 0.000105 2
32 2 32 79 0.000143 2
32 2 32 80 0.000094 2
32 2 32 81 0.000147 2
32 2 32 82 0.000141 1
32 2 32 83 0.000105 1
32 2 32 84 0.000160 2
32 2 32 85 0.000122 1
32 2 32 86 0.000113 1
32 2 32 87 0.000096 2
32 2 32 88 0.000105 1
32 2 32 89 0.000121 1
32 2 32 90 0.000136 2
32 2 32 91 0.000152 1
32 2 32 92 0.000090 1
32 2 32 93 0.000107 2
32 2 32 94 0.000113 1
32 2 32 95 0.000066 1
32 2 32 96 0.000134 1
32 2 32 97 0.000134 1
32 2 32 98 0.000181 1
32 2 32 99 0.000150 1
32 4 8 0 0.000737 2222
32 4 8 1 0.000658 2222
32 4 8 2 0.000789 2222
32 4 8 3 0.000749 2222
32 4 8 4 0.000838 2222
32 4 8 5 0.000582 2222
32 4 8 6 0.001102 2222
32 4 8 7 0.000271 2222
32 4 8 8 0.000472 2222
32 4 8 9 0.000560 2222
32 4 8 10 0.000632 2222
32 4 8 11 0.001042 2222
32 4 8 12 0.000461 2222
32 4 8 13 0.001101 1111
32 4 8 14 0.000757 1111
32 4 8 15 0.000800 2222
32 4 8 16 0.000963 1111
32 4 8 17 0.000803 2222
32 4 8 18 0.000634 1111
32 4 8 19 0.001089 2222
32 4 8 20 0.000589 2222
32 4 8 21 0.000813 1111
32 4 8 22 0.001011 2222
32 4 8 23 0.000833 1111
32 4 8 24 0.000611 1111
32 4 8 25 0.000557 2222
32 4 8 26 0.000774 2222
32 4 8 27 0.000373 2222
32 4 8 28 0.000985 2222
32 4 8 29 0.001300 2222
32 4 8 30 0.000654 1111
32 4 8 31 0.000629 1111
32 4 8 32 0.000578 2222
32 4 8 33 0.000462 2222
32 4 8 34 0.000876 2222
32 4 8 35 0.000709 2222
32 4 8 36 0.000857 2222
32 4 8 37 0.000478 2222
32 4 8 38 0.000744 2222
32 4 8 39 0.000329 2222
32 4 8 40 0.000599 2222
32 4 8 41 0.000676 2222
32 4 8 42 0.000820 2222
32 4 8 43 0.000727 1111
32 4 8 44 0.000734 2222
32 4 8 45 0.000979 2222
32 4 8 46 0.000812 1111
32 4 8 47 0.000583 2222
32 4 8 48 0.000340 2222
32 4 8 49 0.000770 2222
32 4 8 50 0.001023 2222
32 4 8 51 0.000623 1111
32 4 8 52 0.000427 2222
32 4 8 53 0.000631 1111
32 4 8 54 0.000481 1111
32 4 8 55 0.000472 2222
32 4 8 56 0.000808 2222
32 4 8 57 0.001193 1111
32 4 8 58 0.001004 1111
32 4 8 59 0.000595 2222
32 4 8 60 0.000965 2222
32 4 8 61 0.000790 1111
32 4 8 62 0.000697 2222
32 4 8 63 0.000501 2222
32 4 8 64 0.000644 2222
32 4 8 65 0.000915 2222
32 4 8 66 0.000734 2222
32 4 8 67 0.000656 2222
32 4 8 68 0.000416 2222
32 4 8 69 0.000529 1111
32 4 8 70 0.000537 2222
32 4 8 71 0.000665 1111
32 4 8 72 0.000654 1111
32 4 8 73 0.000931 2222
32 4 8 74 0.000810 2222
32 4 8 75 0.000693 2222
32 4 8 76 0.001160 2222
32 4 8 77 0.000855 1111
32 4 8 78 0.000564 2222
32 4 8 79 0.000638 2222
32 4 8 80 0.000448 2222
32 4 8 81 0.000907 2222
32 4 8 82 0.000811 1111
32 4 8 83 0.000533 2222
32 4 8 84 0.000980 2222
32 4 8 85 0.000750 1111
32 4 8 86 0.000602 1111
32 4 8 87 0.000457 2222
32 4 8 88 0.000572 2222
32 4 8 89 0.000632 1111
32 4 8 90 0.000832 2222
32 4 8 91 0.001119 1111
32 4 8 92 0.000451 1111
32 4 8 93 0.000627 2222
32 4 8 94 0.000577 1111
32 4 8 95 0.000266 1111
32 4 8 96 0.000625 1111
32 4 8 97 0.000836 1111
32 4 8 98 0.001220 1111
32 4 8 99 0.000758 1111
32 4 16 0 0.000480 22
32 4 16 1 0.000371 22
32 4 16 2 0.000471 22
32 4 16 3 0.000453 22
32 4 16 4 0.000491 22
32 4 16 5 0.000354 22
32 4 16 6 0.000564 22
32 4 16 7 0.000159 22
32 4 16 8 0.000312 22
32 4 16 9 0.000365 22
32 4 16 10 0.000407 22
32 4 16 11 0.000665 22
32 4 16 12 0.000303 22
32 4 16 13 0.000687 11
32 4 16 14 0.000497 11
32 4 16 15 0.000570 22
32 4 16 16 0.000614 11
32 4 16 17 0.000521 22
32 4 16 18 0.000399 11
32 4 16 19 0.000693 22
32 4 16 20 0.000393 22
32 4 16 21 0.000520 11
32 4 16 22 0.000613 22
32 4 16 23 0.000457 11
32 4 16 24 0.000348 11
32 4 16 25 0.000362 22
32 4 16 26 0.000503 22
32 4 16 27 0.000259 22
32 4 16 28 0.000641 22
32 4 16 29 0.000822 22
32 4 16 30 0.000431 11
32 4 16 31 0.000426 11
32 4 16 32 0.000333 22
32 4 16 33 0.000280 22
32 4 16 34 0.000563 22
32 4 16 35 0.000412 22
32 4 16 36 0.000495 22
32 4 16 37 0.000316 22
32 4 16 38 0.000477 22
32 4 16 39 0.000205 22
32 4 16 40 0.000397 22
32 4 16 41 0.000418 22
32 4 16 42 0.000505 22
32 4 16 43 0.000467 11
32 4 16 44 0.000440 22
32 4 16 45 0.000632 22
32 4 16 46 0.000505 11
32 4 16 47 0.000375 22
32 4 16 48 0.000206 22
32 4 16 49 0.000497 22
32 4 16 50 0.000590 22
32 4 16 51 0.000395 11
32 4 16 52 0.000284 22
32 4 16 53 0.000364 11
32 4 16 54 0.000301 11
32 4 16 55 0.000264 22
32 4 16 56 0.000503 22
32 4 16 57 0.000633 11
32 4 16 58 0.000626 11
32 4 16 59 0.000329 22
32 4 16 60 0.000608 22
32 4 16 61 0.000523 11
32 4 16 62 0.000460 22
32 4 16 63 0.000336 22
32 4 16 64 0.000413 22
32 4 16 65 0.000571 22
32 4 16 66 0.000461 22
32 4 16 67 0.000443 22
32 4 16 68 0.000257 22
32 4 16 69 0.000332 11
32 4 16 70 0.000334 22
32 4 16 71 0.000416 11
32 4 16 72 0.000409 11
32 4 16 73 0.000603 22
32 4 16 74 0.000480 22
32 4 16 75 0.000460 22
32 4 16 76 0.000460 22
32 4 16 77 0.000508 11
32 4 16 78 0.000345 22
32 4 16 79 0.000375 22
32 4 16 80 0.000291 22
32 4 16 81 0.000569 22
32 4 16 82 0.000515 11
32 4 16 83 0.000301 22
32 4 16 84 0.000590 22
32 4 16 85 0.000472 11
32 4 16 86 0.000361 11
32 4 16 87 0.000267 22
32 4 16 88 0.000340 22
32 4 16 89 0.000375 11
32 4 16 90 0.000534 22
32 4 16 91 0.000659 11
32 4 16 92 0.000287 11
32 4 16 93 0.000347 22
32 4 16 94 0.000359 11
32 4 16 95 0.000156 11
32 4 16 96 0.000405 11
32 4 16 97 0.000516 11
32 4 16 98 0.000775 11
32 4 16 99 0.000489 11
32 4 32 0 0.000341 2
32 4 32 1 0.000285 2
32 4 32 2 0.000343 2
32 4 32 3 0.000315 2
32 4 32 4 0.000327 2
32 4 32 5 0.000255 2
32 4 32 6 0.000385 2
32 4 32 7 0.000104 2
32 4 32 8 0.000224 2
32 4 32 9 0.000280 2
32 4 32 10 0.000308 2
32 4 32 11 0.000496 2
32 4 32 12 0.000254 2
32 4 32 13 0.000408 1
32 4 32 14 0.000307 1
32 4 32 15 0.000375 2
32 4 32 16 0.000443 1
32 4 32 17 0.000373 2
32 4 32 18 0.000308 1
32 4 32 19 0.000509 2
32 4 32 20 0.000314 2
32 4 32 21 0.000358 1
32 4 32 22 0.000462 2
32 4 32 23 0.000314 1
32 4 32 24 0.000241 1
32 4 32 25 0.000261 2
32 4 32 26 0.000346 2
32 4 32 27 0.000202 2
32 4 32 28 0.000457 2
32 4 32 29 0.000524 2
32 4 32 30 0.000309 1
32 4 32 31 0.000327 1
32 4 32 32 0.000212 2
32 4 32 33 0.000209 2
32 4 32 34 0.000425 2
32 4 32 35 0.000288 2
32 4 32 36 0.000348 2
32 4 32 37 0.000243 2
32 4 32 38 0.000351 2
32 4 32 39 0.000170 2
32 4 32 40 0.000287 2
32 4 32 41 0.000281 2
32 4 32 42 0.000324 2
32 4 32 43 0.000321 1
32 4 32 44 0.000322 2
32 4 32 45 0.000487 2
32 4 32 46 0.000418 1
32 4 32 47 0.000295 2
32 4 32 48 0.000145 2
32 4 32 49 0.000385 2
32 4 32 50 0.000383 2
32 4 32 51 0.000270 1
32 4 32 52 0.000227 2
32 4 32 53 0.000278 1
32 4 32 54 0.000237 1
32 4 32 55 0.000168 2
32 4 32 56 0.000357 2
32 4 32 57 0.000422 1
32 4 32 58 0.000434 1
32 4 32 59 0.000239 2
32 4 32 60 0.000462 2
32 4 32 61 0.000347 1
32 4 32 62 0.000350 2
32 4 32 63 0.000244 2
32 4 32 64 0.000320 2
32 4 32 65 0.000369 2
32 4 32 66 0.000320 2
32 4 32 67 0.000312 2
32 4 32 68 0.000185 2
32 4 32 69 0.000256 1
32 4 32 70 0.000226 2
32 4 32 71 0.000306 1
32 4 32 72 0.000292 1
32 4 32 73 0.000422 2
32 4 32 74 0.000360 2
32 4 32 75 0.000290 2
32 4 32 76 0.000362 2
32 4 32 77 0.000372 1
32 4 32 78 0.000253 2
32 4 32 79 0.000301 2
32 4 32 80 0.000220 2
32 4 32 81 0.000382 2
32 4 32 82 0.000361 1
32 4 32 83 0.000203 2
32 4 32 84 0.000474 2
32 4 32 85 0.000317 1
32 4 32 86 0.000249 1
32 4 32 87 0.000215 2
32 4 32 88 0.000253 2
32 4 32 89 0.000289 1
32 4 32 90 0.000367 2
32 4 32 91 0.000456 1
32 4 32 92 0.000213 1
32 4 32 93 0.000237 2
32 4 32 94 0.000301 1
32 4 32 95 0.000125 1
32 4 32 96 0.000327 1
32 4 32 97 0.000363 1
32 4 32 98 0.000522 1
32 4 32 99 0.000379 1
32 8 16 0 0.000983 22
32 8 16 1 0.000883 22
32 8 16 2 0.001200 22
32 8 16 3 0.001150 22
32 8 16 4 0.001128 22
32 8 16 5 0.000855 22
32 8 16 6 0.001225 22
32 8 16 7 0.000375 22
32 8 16 8 0.000690 22
32 8 16 9 0.000885 22
32 8 16 10 0.001005 22
32 8 16 11 0.001655 22
32 8 16 12 0.000671 22
32 8 16 13 0.001672 11
32 8 16 14 0.001108 11
32 8 16 15 0.001264 22
32 8 16 16 0.001478 11
32 8 16 17 0.001340 22
32 8 16 18 0.000939 11
32 8 16 19 0.001820 22
32 8 16 20 0.000932 22
32 8 16 21 0.001252 11
32 8 16 22 0.001678 22
32 8 16 23 0.001167 11
32 8 16 24 0.000846 11
32 8 16 25 0.000747 22
32 8 16 26 0.001146 22
32 8 16 27 0.000446 22
32 8 16 28 0.001556 22
32 8 16 29 0.002102 22
32 8 16 30 0.000858 11
32 8 16 31 0.000990 11
32 8 16 32 0.000588 22
32 8 16 33 0.000567 22
32 8 16 34 0.001580 22
32 8 16 35 0.000929 22
32 8 16 36 0.001192 22
32 8 16 37 0.000789 22
32 8 16 38 0.001197 22
32 8 16 39 0.000378 22
32 8 16 40 0.000806 22
32 8 16 41 0.000999 22
32 8 16 42 0.001152 22
32 8 16 43 0.001152 11
32 8 16 44 0.000936 22
32 8 16 45 0.001480 22
32 8 16 46 0.001132 11
32 8 16 47 0.000837 22
32 8 16 48 0.000353 22
32 8 16 49 0.001161 22
32 8 16 50 0.001468 22
32 8 16 51 0.000777 11
32 8 16 52 0.000656 22
32 8 16 53 0.000892 11
32 8 16 54 0.000718 11
32 8 16 55 0.000457 22
32 8 16 56 0.001312 22
32 8 16 57 0.001895 11
32 8 16 58 0.001437 11
32 8 16 59 0.000713 22
32 8 16 60 0.001547 22
32 8 16 61 0.001085 11
32 8 16 62 0.001048 22
32 8 16 63 0.000654 22
32 8 16 64 0.000971 22
32 8 16 65 0.001337 22
32 8 16 66 0.001088 22
32 8 16 67 0.001041 22
32 8 16 68 0.000521 22
32 8 16 69 0.000530 11
32 8 16 70 0.000744 22
32 8 16 71 0.000982 11
32 8 16 72 0.000870 11
32 8 16 73 0.001580 22
32 8 16 74 0.000896 22
32 8 16 75 0.000901 22
32 8 16 76 0.001159 22
32 8 16 77 0.001204 11
32 8 16 78 0.000753 22
32 8 16 79 0.000946 22
32 8 16 80 0.000698 22
32 8 16 81 0.001225 22
32 8 16 82 0.001034 11
32 8 16 83 0.000697 22
32 8 16 84 0.001521 22
32 8 16 85 0.001186 11
32 8 16 86 0.000837 11
32 8 16 87 0.000636 22
32 8 16 88 0.000755 22
32 8 16 89 0.000886 11
32 8 16 90 0.001246 22
32 8 16 91 0.001668 11
32 8 16 92 0.000590 11
32 8 16 93 0.000716 22
32 8 16 94 0.000988 11
32 8 16 95 0.000346 11
32 8 16 96 0.000972 11
32 8 16 97 0.001042 11
32 8 16 98 0.001991 11
32 8 16 99 0.001067 11
32 8 32 0 0.000820 2
32 8 32 1 0.000698 2
32 8 32 2 0.000961 2
32 8 32 3 0.000929 2
32 8 32 4 0.000822 2
32 8 32 5 0.000679 2
32 8 32 6 0.001011 2
32 8 32 7 0.000278 2
32 8 32 8 0.000581 2
32 8 32 9 0.000762 2
32 8 32 10 0.000850 2
32 8 32 11 0.001495 2
32 8 32 12 0.000602 2
32 8 32 13 0.001212 1
32 8 32 14 0.000779 1
32 8 32 15 0.001067 2
32 8 32 16 0.001209 1
32 8 32 17 0.001067 2
32 8 32 18 0.000772 1
32 8 32 19 0.001550 2
32 8 32 20 0.000834 2
32 8 32 21 0.000991 1
32 8 32 22 0.001383 2
32 8 32 23 0.000993 1
32 8 32 24 0.000621 1
32 8 32 25 0.000631 2
32 8 32 26 0.000895 2
32 8 32 27 0.000351 2
32 8 32 28 0.001181 2
32 8 32 29 0.001652 2
32 8 32 30 0.000730 1
32 8 32 31 0.000873 1
32 8 32 32 0.000454 2
32 8 32 33 0.000477 2
32 8 32 34 0.001236 2
32 8 32 35 0.000693 2
32 8 32 36 0.001017 2
32 8 32 37 0.000651 2
32 8 32 38 0.000979 2
32 8 32 39 0.000311 2
32 8 32 40 0.000632 2
32 8 32 41 0.000836 2
32 8 32 42 0.000937 2
32 8 32 43 0.000862 1
32 8 32 44 0.000752 2
32 8 32 45 0.001276 2
32 8 32 46 0.001012 1
32 8 32 47 0.000772 2
32 8 32 48 0.000284 2
32 8 32 49 0.001018 2
32 8 32 50 0.001107 2
32 8 32 51 0.000649 1
32 8 32 52 0.000531 2
32 8 32 53 0.000760 1
32 8 32 54 0.000598 1
32 8 32 55 0.000319 2
32 8 32 56 0.001163 2
32 8 32 57 0.001337 1
32 8 32 58 0.001178 1
32 8 32 59 0.000601 2
32 8 32 60 0.001304 2
32 8 32 61 0.000883 1
32 8 32 62 0.000833 2
32 8 32 63 0.000511 2
32 8 32 64 0.000831 2
32 8 32 65 0.000924 2
32 8 32 66 0.000842 2
32 8 32 67 0.000750 2
32 8 32 68 0.000438 2
32 8 32 69 0.000468 1
32 8 32 70 0.000556 2
32 8 32 71 0.000813 1
32 8 32 72 0.000675 1
32 8 32 73 0.001321 2
32 8 32 74 0.000718 2
32 8 32 75 0.000659 2
32 8 32 76 0.001007 2
32 8 32 77 0.000900 1
32 8 32 78 0.000664 2
32 8 32 79 0.000814 2
32 8 32 80 0.000619 2
32 8 32 81 0.000976 2
32 8 32 82 0.000889 1
32 8 32 83 0.000577 2
32 8 32 84 0.001399 2
32 8 32 85 0.000877 1
32 8 32 86 0.000646 1
32 8 32 87 0.000538 2
32 8 32 88 0.000605 2
32 8 32 89 0.000684 1
32 8 32 90 0.000991 2
32 8 32 91 0.001197 1
32 8 32 92 0.000438 1
32 8 32 93 0.000552 2
32 8 32 94 0.000866 1
32 8 32 95 0.000282 1
32 8 32 96 0.000799 1
32 8 32 97 0.000852 1
32 8 32 98 0.001548 1
32 8 32 99 0.000870 1
64 2 4 0 0.001747 2222222222222222
64 2 4 1 0.002859 2222222222222222
64 2 4 2 0.002609 2222222222222222
64 2 4 3 0.001557 2222222222222222
64 2 4 4 0.002359 1111111111111111
64 2 4 5 0.002236 0222222222222222
64 2 4 6 0.002066 2222222222222222
64 2 4 7 0.001727 2222222222222222
64 2 4 8 0.002002 2222222222222222
64 2 4 9 0.002192 2222222222222222
64 2 4 10 0.001664 2222221111111111
64 2 4 11 0.001584 1111111111111111
64 2 4 12 0.002224 2222222222222222
64 2 4 13 0.001993 1111111111111111
64 2 4 14 0.001817 1111111111111111
64 2 4 15 0.001787 2211111111111111
64 2 4 16 0.002230 2222222222222211
64 2 4 17 0.002013 1111111111111111
64 2 4 18 0.002147 0222222222222221
64 2 4 19 0.002703 2222222222222222
64 2 4 20 0.002211 2222222222222222
64 2 4 21 0.002095 1111111111111111
64 2 4 22 0.002430 2222222222222222
64 2 4 23 0.001659 2222222222222222
64 2 4 24 0.001865 2222222222222222
64 2 4 25 0.001901 1111111111111111
64 2 4 26 0.002380 1111111111111111
64 2 4 27 0.002591 1111111111111111
64 2 4 28 0.001871 1111111111111111
64 2 4 29 0.002196 2211111111111111
64 2 4 30 0.002197 2222222222222222
64 2 4 31 0.002944 2222222222222222
64 2 4 32 0.001938 2222222222111111
64 2 4 33 0.001635 0222222222222222
64 2 4 34 0.002000 2222222222222222
64 2 4 35 0.001624 1111111111111111
64 2 4 36 0.002151 2222222222222222
64 2 4 37 0.002287 2222222222222222
64 2 4 38 0.002370 1111111111111111
64 2 4 39 0.002574 2222222222222222
64 2 4 40 0.002017 2222222222222222
64 2 4 41 0.002210 2222222222222111
64 2 4 42 0.002185 1111111111111111
64 2 4 43 0.002067 1111111111111111
64 2 4 44 0.002218 1111111111111111
64 2 4 45 0.002342 2222211111111111
64 2 4 46 0.002002 2222222222222222
64 2 4 47 0.002082 2222222222222222
64 2 4 48 0.002262 2222222222111111
64 2 4 49 0.002036 2222222221111111
64 2 4 50 0.002428 2222222222222222
64 2 4 51 0.001724 2222222222222222
64 2 4 52 0.002313 1111111111111111
64 2 4 53 0.002113 0222222222222222
64 2 4 54 0.002388 1111111111111111
64 2 4 55 0.002504 2222222222222222
64 2 4 56 0.001682 1111111111111111
64 2 4 57 0.002000 1111111111111111
64 2 4 58 0.001968 1111111111111111
64 2 4 59 0.002121 2222222222222222
64 2 4 60 0.001868 2222222222222222
64 2 4 61 0.002679 1111111111111111
64 2 4 62 0.002348 2222222222222222
64 2 4 63 0.002473 2222222222222221
64 2 4 64 0.001785 2222222222222222
64 2 4 65 0.001650 2222222222222222
64 2 4 66 0.002010 2222211111111111
64 2 4 67 0.002574 2222222222222222
64 2 4 68 0.002215 2222222222222222
64 2 4 69 0.001995 2222222222222222
64 2 4 70 0.001756 0222222222211111
64 2 4 71 0.002515 0222222222222222
64 2 4 72 0.002130 2222222222222222
64 2 4 73 0.001905 1111111111111111
64 2 4 74 0.002276 0222222222222222
64 2 4 75 0.001976 1111111111111111
64 2 4 76 0.002874 0222222222222222
64 2 4 77 0.002308 1111111111111111
64 2 4 78 0.002403 2222222222222222
64 2 4 79 0.001690 2222211111111111
64 2 4 80 0.001936 0022222222222221
64 2 4 81 0.002339 2222111111111111
64 2 4 82 0.002592 2211111111111111
64 2 4 83 0.002164 2222222111111111
64 2 4 84 0.002064 2222222222222222
64 2 4 85 0.002191 2222222222222222
64 2 4 86 0.002369 2222222222222222
64 2 4 87 0.002232 2222222222222222
64 2 4 88 0.001648 0222222222222222
64 2 4 89 0.001862 1111111111111111
64 2 4 90 0.002141 2222222222222222
64 2 4 91 0.002100 2222222222221111
64 2 4 92 0.002710 2222222222222222
64 2 4 93 0.001973 2222222222222222
64 2 4 94 0.002412 2222222222222222
64 2 4 95 0.002079 2222222222222222
64 2 4 96 0.002468 2222222222222111
64 2 4 97 0.001745 2222222222222222
64 2 4 98 0.002313 0222222222222222
64 2 4 99 0.001767 2222222222222222
64 2 8 0 0.000932 22222222
64 2 8 1 0.001533 22222222
64 2 8 2 0.001407 22222222
64 2 8 3 0.000825 22222222
64 2 8 4 0.001227 11111111
64 2 8 5 0.001189 22222222
64 2 8 6 0.001086 22222222
64 2 8 7 0.000899 22222222
64 2 8 8 0.001040 22222222
64 2 8 9 0.001160 22222222
64 2 8 10 0.000887 11111111
64 2 8 11 0.000854 11111111
64 2 8 12 0.001196 22222222
64 2 8 13 0.001066 11111111
64 2 8 14 0.000952 11111111
64 2 8 15 0.000781 21111111
64 2 8 16 0.001159 22222221
64 2 8 17 0.001064 11111111
64 2 8 18 0.001160 22222221
64 2 8 19 0.001418 22222222
64 2 8 20 0.001171 22222222
64 2 8 21 0.001107 11111111
64 2 8 22 0.001324 22222222
64 2 8 23 0.000870 22222222
64 2 8 24 0.001003 22222222
64 2 8 25 0.001021 11111111
64 2 8 26 0.001244 11111111
64 2 8 27 0.001359 11111111
64 2 8 28 0.001027 11111111
64 2 8 29 0.001174 21111111
64 2 8 30 0.001180 22222222
64 2 8 31 0.001582 22222222
64 2 8 32 0.001012 22222111
64 2 8 33 0.000867 22222222
64 2 8 34 0.001075 22222222
64 2 8 35 0.000863 11111111
64 2 8 36 0.001159 22222222
64 2 8 37 0.001263 22222222
64 2 8 38 0.001253 11111111
64 2 8 39 0.001375 22222222
64 2 8 40 0.001039 22222222
64 2 8 41 0.001150 22222211
64 2 8 42 0.001169 11111111
64 2 8 43 0.001108 11111111
64 2 8 44 0.001151 11111111
64 2 8 45 0.001250 22111111
64 2 8 46 0.001029 22222222
64 2 8 47 0.001119 22222222
64 2 8 48 0.001216 22222111
64 2 8 49 0.001099 22221111
64 2 8 50 0.001232 22222222
64 2 8 51 0.000904 22222222
64 2 8 52 0.001233 11111111
64 2 8 53 0.001115 22222222
64 2 8 54 0.001254 11111111
64 2 8 55 0.001347 22222222
64 2 8 56 0.000887 11111111
64 2 8 57 0.001015 11111111
64 2 8 58 0.001049 11111111
64 2 8 59 0.001136 22222222
64 2 8 60 0.001003 22222222
64 2 8 61 0.001383 11111111
64 2 8 62 0.001233 22222222
64 2 8 63 0.001259 22222221
64 2 8 64 0.001589 22222222
64 2 8 65 0.000846 22222222
64 2 8 66 0.001039 22111111
64 2 8 67 0.001354 22222222
64 2 8 68 0.001186 22222222
64 2 8 69 0.000980 22222222
64 2 8 70 0.000910 22222111
64 2 8 71 0.001336 22222222
64 2 8 72 0.001123 22222222
64 2 8 73 0.001018 11111111
64 2 8 74 0.001214 22222222
64 2 8 75 0.001015 11111111
64 2 8 76 0.001519 22222222
64 2 8 77 0.001178 11111111
64 2 8 78 0.001281 22222222
64 2 8 79 0.000881 22111111
64 2 8 80 0.000988 02222221
64 2 8 81 0.001249 22111111
64 2 8 82 0.001366 21111111
64 2 8 83 0.001150 22211111
64 2 8 84 0.001106 22222222
64 2 8 85 0.001110 22222222
64 2 8 86 0.001251 22222222
64 2 8 87 0.001192 22222222
64 2 8 88 0.000881 22222222
64 2 8 89 0.000972 11111111
64 2 8 90 0.001151 22222222
64 2 8 91 0.001118 22222211
64 2 8 92 0.001392 22222222
64 2 8 93 0.001057 22222222
64 2 8 94 0.001269 22222222
64 2 8 95 0.001074 22222222
64 2 8 96 0.001316 22222211
64 2 8 97 0.000883 22222222
64 2 8 98 0.001228 22222222
64 2 8 99 0.001013 22222222
64 2 16 0 0.000499 2222
64 2 16 1 0.000837 2222
64 2 16 2 0.000748 2222
64 2 16 3 0.000479 2222
64 2 16 4 0.000673 1111
64 2 16 5 0.000688 2222
64 2 16 6 0.000576 2222
64 2 16 7 0.000511 2222
64 2 16 8 0.000591 2222
64 2 16 9 0.000651 2222
64 2 16 10 0.000500 1111
64 2 16 11 0.000479 1111
64 2 16 12 0.000652 2222
64 2 16 13 0.000601 1111
64 2 16 14 0.000527 1111
64 2 16 15 0.000461 1111
64 2 16 16 0.000606 2221
64 2 16 17 0.000616 1111
64 2 16 18 0.000637 2221
64 2 16 19 0.000810 2222
64 2 16 20 0.000657 2222
64 2 16 21 0.000626 1111
64 2 16 22 0.000713 2222
64 2 16 23 0.000488 2222
64 2 16 24 0.000551 2222
64 2 16 25 0.000568 1111
64 2 16 26 0.000710 1111
64 2 16 27 0.000761 1111
64 2 16 28 0.000562 1111
64 2 16 29 0.000646 1111
64 2 16 30 0.000652 2222
64 2 16 31 0.000867 2222
64 2 16 32 0.000564 2211
64 2 16 33 0.000476 2222
64 2 16 34 0.000602 2222
64 2 16 35 0.000482 1111
64 2 16 36 0.000649 2222
64 2 16 37 0.000700 2222
64 2 16 38 0.000715 1111
64 2 16 39 0.000771 2222
64 2 16 40 0.000581 2222
64 2 16 41 0.000643 2221
64 2 16 42 0.000650 1111
64 2 16 43 0.000630 1111
64 2 16 44 0.000622 1111
64 2 16 45 0.000695 2111
64 2 16 46 0.000581 2222
64 2 16 47 0.000617 2222
64 2 16 48 0.000668 2211
64 2 16 49 0.000630 2211
64 2 16 50 0.000699 2222
64 2 16 51 0.000503 2222
64 2 16 52 0.000680 1111
64 2 16 53 0.000632 2222
64 2 16 54 0.000696 1111
64 2 16 55 0.000745 2222
64 2 16 56 0.000499 1111
64 2 16 57 0.000556 1111
64 2 16 58 0.000603 1111
64 2 16 59 0.000650 2222
64 2 16 60 0.000567 2222
64 2 16 61 0.000767 1111
64 2 16 62 0.000686 2222
64 2 16 63 0.000689 2221
64 2 16 64 0.000518 2222
64 2 16 65 0.000483 2222
64 2 16 66 0.000591 2111
64 2 16 67 0.000764 2222
64 2 16 68 0.000692 2222
64 2 16 69 0.000556 2222
64 2 16 70 0.000492 2211
64 2 16 71 0.000754 2222
64 2 16 72 0.000647 2222
64 2 16 73 0.000561 1111
64 2 16 74 0.000688 2222
64 2 16 75 0.000570 1111
64 2 16 76 0.000848 2222
64 2 16 77 0.000657 1111
64 2 16 78 0.000704 2222
64 2 16 79 0.000496 2111
64 2 16 80 0.000530 2221
64 2 16 81 0.000708 2111
64 2 16 82 0.000751 1111
64 2 16 83 0.000655 2111
64 2 16 84 0.000577 2222
64 2 16 85 0.000609 2222
64 2 16 86 0.000694 2222
64 2 16 87 0.000661 2222
64 2 16 88 0.000480 2222
64 2 16 89 0.000538 1111
64 2 16 90 0.000641 2222
64 2 16 91 0.000634 2221
64 2 16 92 0.000783 2222
64 2 16 93 0.000592 2222
64 2 16 94 0.000709 2222
64 2 16 95 0.000620 2222
64 2 16 96 0.000732 2221
64 2 16 97 0.000490 2222
64 2 16 98 0.000697 2222
64 2 16 99 0.000518 2222
64 2 32 0 0.000301 22
64 2 32 1 0.000493 22
64 2 32 2 0.000462 22
64 2 32 3 0.000301 22
64 2 32 4 0.000408 11
64 2 32 5 0.000426 22
64 2 32 6 0.000339 22
64 2 32 7 0.000335 22
64 2 32 8 0.000338 22
64 2 32 9 0.000391 22
64 2 32 10 0.000310 11
64 2 32 11 0.000296 11
64 2 32 12 0.000383 22
64 2 32 13 0.000374 11
64 2 32 14 0.000344 11
64 2 32 15 0.000290 11
64 2 32 16 0.000376 21
64 2 32 17 0.000390 11
64 2 32 18 0.000392 21
64 2 32 19 0.000492 22
64 2 32 20 0.000407 22
64 2 32 21 0.000389 11
64 2 32 22 0.000424 22
64 2 32 23 0.000307 22
64 2 32 24 0.000346 22
64 2 32 25 0.000362 11
64 2 32 26 0.000435 11
64 2 32 27 0.000460 11
64 2 32 28 0.000339 11
64 2 32 29 0.000383 11
64 2 32 30 0.000394 22
64 2 32 31 0.000512 22
64 2 32 32 0.000350 21
64 2 32 33 0.000289 22
64 2 32 34 0.000371 22
64 2 32 35 0.000309 11
64 2 32 36 0.000401 22
64 2 32 37 0.000415 22
64 2 32 38 0.000401 11
64 2 32 39 0.000481 22
64 2 32 40 0.000361 22
64 2 32 41 0.000394 21
64 2 32 42 0.000400 11
64 2 32 43 0.000390 11
64 2 32 44 0.000397 11
64 2 32 45 0.000399 11
64 2 32 46 0.000351 22
64 2 32 47 0.000388 22
64 2 32 48 0.000406 21
64 2 32 49 0.000385 21
64 2 32 50 0.000415 22
64 2 32 51 0.000319 22
64 2 32 52 0.000424 11
64 2 32 53 0.000382 22
64 2 32 54 0.000438 11
64 2 32 55 0.000447 22
64 2 32 56 0.000312 11
64 2 32 57 0.000336 11
64 2 32 58 0.000368 11
64 2 32 59 0.000403 22
64 2 32 60 0.000339 22
64 2 32 61 0.000456 11
64 2 32 62 0.000415 22
64 2 32 63 0.000420 21
64 2 32 64 0.000328 22
64 2 32 65 0.000301 22
64 2 32 66 0.000362 11
64 2 32 67 0.000480 22
64 2 32 68 0.000432 22
64 2 32 69 0.000344 22
64 2 32 70 0.000301 21
64 2 32 71 0.000468 22
64 2 32 72 0.000408 22
64 2 32 73 0.000336 11
64 2 32 74 0.000413 22
64 2 32 75 0.000352 11
64 2 32 76 0.000502 22
64 2 32 77 0.000420 11
64 2 32 78 0.000426 22
64 2 32 79 0.000321 11
64 2 32 80 0.000337 21
64 2 32 81 0.000411 11
64 2 32 82 0.000465 11
64 2 32 83 0.000369 11
64 2 32 84 0.000359 22
64 2 32 85 0.000366 22
64 2 32 86 0.000431 22
64 2 32 87 0.000373 22
64 2 32 88 0.000295 22
64 2 32 89 0.000333 11
64 2 32 90 0.000401 22
64 2 32 91 0.000380 21
64 2 32 92 0.000469 22
64 2 32 93 0.000384 22
64 2 32 94 0.000418 22
64 2 32 95 0.000376 22
64 2 32 96 0.000448 21
64 2 32 97 0.000290 22
64 2 32 98 0.000413 22
64 2 32 99 0.000329 22
64 4 8 0 0.002452 22222222
64 4 8 1 0.004309 22222222
64 4 8 2 0.003801 22222222
64 4 8 3 0.001888 22222222
64 4 8 4 0.003281 11111111
64 4 8 5 0.003195 22222222
64 4 8 6 0.003007 22222222
64 4 8 7 0.002459 22222222
64 4 8 8 0.002553 22222222
64 4 8 9 0.002898 22222222
64 4 8 10 0.002199 22222222
64 4 8 11 0.002098 11111111
64 4 8 12 0.003180 22222222
64 4 8 13 0.002681 11111111
64 4 8 14 0.002383 11111111
64 4 8 15 0.002068 22222222
64 4 8 16 0.003014 22222222
64 4 8 17 0.002931 11111111
64 4 8 18 0.002907 22222222
64 4 8 19 0.003787 22222222
64 4 8 20 0.003041 22222222
64 4 8 21 0.002963 11111111
64 4 8 22 0.003336 22222222
64 4 8 23 0.002098 22222222
64 4 8 24 0.002530 22222222
64 4 8 25 0.002716 11111111
64 4 8 26 0.003351 11111111
64 4 8 27 0.003209 11111111
64 4 8 28 0.002415 11111111
64 4 8 29 0.002984 22222222
64 4 8 30 0.003011 22222222
64 4 8 31 0.004483 22222222
64 4 8 32 0.002325 22222222
64 4 8 33 0.002054 22222222
64 4 8 34 0.002639 22222222
64 4 8 35 0.001974 11111111
64 4 8 36 0.002905 22222222
64 4 8 37 0.003217 22222222
64 4 8 38 0.003283 11111111
64 4 8 39 0.003633 22222222
64 4 8 40 0.002625 22222222
64 4 8 41 0.002970 22222222
64 4 8 42 0.002748 11111111
64 4 8 43 0.002871 11111111
64 4 8 44 0.003064 11111111
64 4 8 45 0.003299 22222222
64 4 8 46 0.002533 22222222
64 4 8 47 0.002680 22222222
64 4 8 48 0.003133 22222222
64 4 8 49 0.002896 22222222
64 4 8 50 0.003155 22222222
64 4 8 51 0.002277 22222222
64 4 8 52 0.003307 11111111
64 4 8 53 0.002778 22222222
64 4 8 54 0.003354 11111111
64 4 8 55 0.003671 22222222
64 4 8 56 0.002152 11111111
64 4 8 57 0.002728 11111111
64 4 8 58 0.002449 11111111
64 4 8 59 0.002918 22222222
64 4 8 60 0.002492 22222222
64 4 8 61 0.003878 11111111
64 4 8 62 0.003224 22222222
64 4 8 63 0.003448 22222222
64 4 8 64 0.002225 22222222
64 4 8 65 0.002059 22222222
64 4 8 66 0.002554 22222222
64 4 8 67 0.003420 22222222
64 4 8 68 0.003223 22222222
64 4 8 69 0.002619 22222222
64 4 8 70 0.002278 22222222
64 4 8 71 0.003311 22222222
64 4 8 72 0.003166 22222222
64 4 8 73 0.002515 11111111
64 4 8 74 0.003129 22222222
64 4 8 75 0.002520 11111111
64 4 8 76 0.004220 22222222
64 4 8 77 0.003100 11111111
64 4 8 78 0.003533 22222222
64 4 8 79 0.002301 22222222
64 4 8 80 0.002364 02222222
64 4 8 81 0.003352 22222222
64 4 8 82 0.003564 22222222
64 4 8 83 0.002827 22222222
64 4 8 84 0.002810 22222222
64 4 8 85 0.002876 22222222
64 4 8 86 0.003324 22222222
64 4 8 87 0.003072 22222222
64 4 8 88 0.001999 22222222
64 4 8 89 0.002234 11111111
64 4 8 90 0.002928 22222222
64 4 8 91 0.002670 22222222
64 4 8 92 0.003893 22222222
64 4 8 93 0.002626 22222222
64 4 8 94 0.003126 22222222
64 4 8 95 0.002538 22222222
64 4 8 96 0.003548 22222222
64 4 8 97 0.002156 22222222
64 4 8 98 0.003328 22222222
64 4 8 99 0.002106 22222222
64 4 16 0 0.001318 2222
64 4 16 1 0.002325 2222
64 4 16 2 0.002018 2222
64 4 16 3 0.001070 2222
64 4 16 4 0.001893 1111
64 4 16 5 0.001912 2222
64 4 16 6 0.001556 2222
64 4 16 7 0.001420 2222
64 4 16 8 0.001457 2222
64 4 16 9 0.001631 2222
64 4 16 10 0.001276 2222
64 4 16 11 0.001152 1111
64 4 16 12 0.001773 2222
64 4 16 13 0.001529 1111
64 4 16 14 0.001326 1111
64 4 16 15 0.001213 2222
64 4 16 16 0.001605 2222
64 4 16 17 0.001655 1111
64 4 16 18 0.001636 2222
64 4 16 19 0.002182 2222
64 4 16 20 0.001675 2222
64 4 16 21 0.001701 1111
64 4 16 22 0.001890 2222
64 4 16 23 0.001184 2222
64 4 16 24 0.001378 2222
64 4 16 25 0.001528 1111
64 4 16 26 0.001873 1111
64 4 16 27 0.001849 1111
64 4 16 28 0.001392 1111
64 4 16 29 0.001630 2222
64 4 16 30 0.001600 2222
64 4 16 31 0.002363 2222
64 4 16 32 0.001315 2222
64 4 16 33 0.001171 2222
64 4 16 34 0.001527 2222
64 4 16 35 0.001751 1111
64 4 16 36 0.001700 2222
64 4 16 37 0.001807 2222
64 4 16 38 0.001834 1111
64 4 16 39 0.002075 2222
64 4 16 40 0.001454 2222
64 4 16 41 0.001680 2222
64 4 16 42 0.001498 1111
64 4 16 43 0.001676 1111
64 4 16 44 0.001735 1111
64 4 16 45 0.001827 2222
64 4 16 46 0.001443 2222
64 4 16 47 0.001488 2222
64 4 16 48 0.001760 2222
64 4 16 49 0.001628 2222
64 4 16 50 0.001785 2222
64 4 16 51 0.001250 2222
64 4 16 52 0.001906 1111
64 4 16 53 0.001557 2222
64 4 16 54 0.001952 1111
64 4 16 55 0.002040 2222
64 4 16 56 0.001165 1111
64 4 16 57 0.001446 1111
64 4 16 58 0.001435 1111
64 4 16 59 0.001642 2222
64 4 16 60 0.001412 2222
64 4 16 61 0.002108 1111
64 4 16 62 0.001758 2222
64 4 16 63 0.001956 2222
64 4 16 64 0.001267 2222
64 4 16 65 0.001139 2222
64 4 16 66 0.001480 2222
64 4 16 67 0.001972 2222
64 4 16 68 0.001912 2222
64 4 16 69 0.001466 2222
64 4 16 70 0.001246 2222
64 4 16 71 0.001901 2222
64 4 16 72 0.001695 2222
64 4 16 73 0.001312 1111
64 4 16 74 0.001776 2222
64 4 16 75 0.001362 1111
64 4 16 76 0.002325 2222
64 4 16 77 0.001767 1111
64 4 16 78 0.001982 2222
64 4 16 79 0.001290 2222
64 4 16 80 0.001299 2222
64 4 16 81 0.001939 2222
64 4 16 82 0.002004 2222
64 4 16 83 0.001592 2222
64 4 16 84 0.001514 2222
64 4 16 85 0.001557 2222
64 4 16 86 0.001914 2222
64 4 16 87 0.001723 2222
64 4 16 88 0.001028 2222
64 4 16 89 0.001321 1111
64 4 16 90 0.001652 2222
64 4 16 91 0.001500 2222
64 4 16 92 0.002186 2222
64 4 16 93 0.001476 2222
64 4 16 94 0.001754 2222
64 4 16 95 0.001453 2222
64 4 16 96 0.001905 2222
64 4 16 97 0.001186 2222
64 4 16 98 0.001835 2222
64 4 16 99 0.001153 2222
64 4 32 0 0.000839 22
64 4 32 1 0.001485 22
64 4 32 2 0.001277 22
64 4 32 3 0.000650 22
64 4 32 4 0.001130 11
64 4 32 5 0.001192 22
64 4 32 6 0.000907 22
64 4 32 7 0.000881 22
64 4 32 8 0.000893 22
64 4 32 9 0.000995 22
64 4 32 10 0.000794 22
64 4 32 11 0.000704 11
64 4 32 12 0.001068 22
64 4 32 13 0.000987 11
64 4 32 14 0.000902 11
64 4 32 15 0.000745 22
64 4 32 16 0.000955 22
64 4 32 17 0.001043 11
64 4 32 18 0.001050 22
64 4 32 19 0.001343 22
64 4 32 20 0.001032 22
64 4 32 21 0.001096 11
64 4 32 22 0.001079 22
64 4 32 23 0.000753 22
64 4 32 24 0.000866 22
64 4 32 25 0.000998 11
64 4 32 26 0.001113 11
64 4 32 27 0.001153 11
64 4 32 28 0.000856 11
64 4 32 29 0.000985 22
64 4 32 30 0.001013 22
64 4 32 31 0.001392 22
64 4 32 32 0.000818 22
64 4 32 33 0.000695 22
64 4 32 34 0.000937 22
64 4 32 35 0.000734 11
64 4 32 36 0.001092 22
64 4 32 37 0.001121 22
64 4 32 38 0.001078 11
64 4 32 39 0.001289 22
64 4 32 40 0.000911 22
64 4 32 41 0.001016 22
64 4 32 42 0.000962 11
64 4 32 43 0.001059 11
64 4 32 44 0.001116 11
64 4 32 45 0.001028 22
64 4 32 46 0.000885 22
64 4 32 47 0.000974 22
64 4 32 48 0.001046 22
64 4 32 49 0.001032 22
64 4 32 50 0.001133 22
64 4 32 51 0.000777 22
64 4 32 52 0.001180 11
64 4 32 53 0.000987 22
64 4 32 54 0.001164 11
64 4 32 55 0.001251 22
64 4 32 56 0.000751 11
64 4 32 57 0.000865 11
64 4 32 58 0.000883 11
64 4 32 59 0.001027 22
64 4 32 60 0.000926 22
64 4 32 61 0.001294 11
64 4 32 62 0.001092 22
64 4 32 63 0.001152 22
64 4 32 64 0.000822 22
64 4 32 65 0.000735 22
64 4 32 66 0.000885 22
64 4 32 67 0.001204 22
64 4 32 68 0.001185 22
64 4 32 69 0.000913 22
64 4 32 70 0.000728 22
64 4 32 71 0.001254 22
64 4 32 72 0.001100 22
64 4 32 73 0.000812 11
64 4 32 74 0.001077 22
64 4 32 75 0.000878 11
64 4 32 76 0.001399 22
64 4 32 77 0.001125 11
64 4 32 78 0.001247 22
64 4 32 79 0.000782 22
64 4 32 80 0.000845 22
64 4 32 81 0.001140 22
64 4 32 82 0.001222 22
64 4 32 83 0.000955 22
64 4 32 84 0.000978 22
64 4 32 85 0.000980 22
64 4 32 86 0.001141 22
64 4 32 87 0.001011 22
64 4 32 88 0.000633 22
64 4 32 89 0.000782 11
64 4 32 90 0.001049 22
64 4 32 91 0.000982 22
64 4 32 92 0.001319 22
64 4 32 93 0.000990 22
64 4 32 94 0.001084 22
64 4 32 95 0.000908 22
64 4 32 96 0.001202 22
64 4 32 97 0.000731 22
64 4 32 98 0.001170 22
64 4 32 99 0.000749 22
64 8 16 0 0.003755 2222
64 8 16 1 0.007286 2222
64 8 16 2 0.005802 2222
64 8 16 3 0.002454 2222
64 8 16 4 0.005089 1111
64 8 16 5 0.004876 2222
64 8 16 6 0.004063 2222
64 8 16 7 0.003695 2222
64 8 16 8 0.003416 2222
64 8 16 9 0.004571 2222
64 8 16 10 0.003621 2222
64 8 16 11 0.003169 1111
64 8 16 12 0.004977 2222
64 8 16 13 0.003958 1111
64 8 16 14 0.004072 1111
64 8 16 15 0.003060 2222
64 8 16 16 0.004600 2222
64 8 16 17 0.004235 1111
64 8 16 18 0.004719 2222
64 8 16 19 0.006407 2222
64 8 16 20 0.004742 2222
64 8 16 21 0.004906 1111
64 8 16 22 0.005279 2222
64 8 16 23 0.003108 2222
64 8 16 24 0.003606 2222
64 8 16 25 0.004457 1111
64 8 16 26 0.005435 1111
64 8 16 27 0.005167 1111
64 8 16 28 0.003489 1111
64 8 16 29 0.004533 2222
64 8 16 30 0.004710 2222
64 8 16 31 0.007225 2222
64 8 16 32 0.003534 2222
64 8 16 33 0.002713 2222
64 8 16 34 0.003569 2222
64 8 16 35 0.002563 1111
64 8 16 36 0.004359 2222
64 8 16 37 0.005439 2222
64 8 16 38 0.005558 1111
64 8 16 39 0.006253 2222
64 8 16 40 0.003969 2222
64 8 16 41 0.004779 2222
64 8 16 42 0.004165 1111
64 8 16 43 0.004471 1111
64 8 16 44 0.004963 1111
64 8 16 45 0.005149 2222
64 8 16 46 0.003905 2222
64 8 16 47 0.004532 2222
64 8 16 48 0.005355 2222
64 8 16 49 0.004333 2222
64 8 16 50 0.005004 2222
64 8 16 51 0.003403 2222
64 8 16 52 0.004462 1111
64 8 16 53 0.004062 2222
64 8 16 54 0.005965 1111
64 8 16 55 0.005404 2222
64 8 16 56 0.003352 1111
64 8 16 57 0.004257 1111
64 8 16 58 0.003889 1111
64 8 16 59 0.005736 2222
64 8 16 60 0.003933 2222
64 8 16 61 0.006227 1111
64 8 16 62 0.004714 2222
64 8 16 63 0.005436 2222
64 8 16 64 0.003365 2222
64 8 16 65 0.002919 2222
64 8 16 66 0.003787 2222
64 8 16 67 0.005936 2222
64 8 16 68 0.004688 2222
64 8 16 69 0.003401 2222
64 8 16 70 0.003230 2222
64 8 16 71 0.005842 2222
64 8 16 72 0.004674 2222
64 8 16 73 0.003880 1111
64 8 16 74 0.004449 2222
64 8 16 75 0.004448 1111
64 8 16 76 0.007342 2222
64 8 16 77 0.005444 1111
64 8 16 78 0.005369 2222
64 8 16 79 0.003094 2222
64 8 16 80 0.003547 2222
64 8 16 81 0.005468 2222
64 8 16 82 0.005531 2222
64 8 16 83 0.004446 2222
64 8 16 84 0.004306 2222
64 8 16 85 0.004563 2222
64 8 16 86 0.005156 2222
64 8 16 87 0.004847 2222
64 8 16 88 0.002667 2222
64 8 16 89 0.003310 1111
64 8 16 90 0.004573 2222
64 8 16 91 0.004273 2222
64 8 16 92 0.006723 2222
64 8 16 93 0.003943 2222
64 8 16 94 0.004860 2222
64 8 16 95 0.003916 2222
64 8 16 96 0.005802 2222
64 8 16 97 0.003334 2222
64 8 16 98 0.005684 2222
64 8 16 99 0.003536 2222
64 8 32 0 0.002594 22
64 8 32 1 0.004468 22
64 8 32 2 0.003737 22
64 8 32 3 0.001465 22
64 8 32 4 0.003144 11
64 8 32 5 0.003208 22
64 8 32 6 0.002584 22
64 8 32 7 0.002271 22
64 8 32 8 0.002103 22
64 8 32 9 0.003020 22
64 8 32 10 0.002398 22
64 8 32 11 0.002067 11
64 8 32 12 0.003122 22
64 8 32 13 0.002467 11
64 8 32 14 0.002661 11
64 8 32 15 0.002011 22
64 8 32 16 0.002860 22
64 8 32 17 0.002803 11
64 8 32 18 0.003009 22
64 8 32 19 0.004360 22
64 8 32 20 0.002894 22
64 8 32 21 0.003142 11
64 8 32 22 0.003140 22
64 8 32 23 0.001936 22
64 8 32 24 0.002497 22
64 8 32 25 0.002927 11
64 8 32 26 0.003291 11
64 8 32 27 0.003482 11
64 8 32 28 0.002151 11
64 8 32 29 0.002916 22
64 8 32 30 0.003230 22
64 8 32 31 0.004457 22
64 8 32 32 0.002312 22
64 8 32 33 0.001680 22
64 8 32 34 0.002773 22
64 8 32 35 0.001770 11
64 8 32 36 0.002917 22
64 8 32 37 0.003570 22
64 8 32 38 0.003424 11
64 8 32 39 0.004146 22
64 8 32 40 0.002610 22
64 8 32 41 0.003315 22
64 8 32 42 0.002725 11
64 8 32 43 0.002900 11
64 8 32 44 0.003339 11
64 8 32 45 0.002843 22
64 8 32 46 0.002644 22
64 8 32 47 0.002802 22
64 8 32 48 0.003138 22
64 8 32 49 0.002713 22
64 8 32 50 0.003244 22
64 8 32 51 0.002154 22
64 8 32 52 0.002926 11
64 8 32 53 0.002609 22
64 8 32 54 0.003229 11
64 8 32 55 0.003519 22
64 8 32 56 0.002190 11
64 8 32 57 0.002736 11
64 8 32 58 0.002344 11
64 8 32 59 0.003128 22
64 8 32 60 0.002507 22
64 8 32 61 0.003915 11
64 8 32 62 0.003197 22
64 8 32 63 0.003174 22
64 8 32 64 0.002243 22
64 8 32 65 0.001910 22
64 8 32 66 0.002383 22
64 8 32 67 0.003762 22
64 8 32 68 0.003046 22
64 8 32 69 0.003096 22
64 8 32 70 0.001990 22
64 8 32 71 0.003834 22
64 8 32 72 0.003029 22
64 8 32 73 0.002419 11
64 8 32 74 0.002974 22
64 8 32 75 0.002479 11
64 8 32 76 0.004802 22
64 8 32 77 0.003414 11
64 8 32 78 0.003485 22
64 8 32 79 0.001930 22
64 8 32 80 0.002378 22
64 8 32 81 0.003221 22
64 8 32 82 0.003421 22
64 8 32 83 0.002789 22
64 8 32 84 0.002677 22
64 8 32 85 0.002961 22
64 8 32 86 0.003161 22
64 8 32 87 0.002971 22
64 8 32 88 0.001652 22
64 8 32 89 0.002153 11
64 8 32 90 0.002938 22
64 8 32 91 0.002922 22
64 8 32 92 0.004451 22
64 8 32 93 0.002607 22
64 8 32 94 0.003301 22
64 8 32 95 0.002479 22
64 8 32 96 0.003803 22
64 8 32 97 0.002028 22
64 8 32 98 0.003575 22
64 8 32 99 0.002261 22
128 2 4 0 0.008259 22222222222222222221111111111111
128 2 4 1 0.006965 11111111111111111111111111111111
128 2 4 2 0.009011 22222222111111111111111111111111
128 2 4 3 0.008377 22222222222222222222222222222222
128 2 4 4 0.009790 02222222222222222222222222222222
128 2 4 5 0.008835 22222111111111111111111111111111
128 2 4 6 0.009777 21111111111111111111111111111111
128 2 4 7 0.009559 11111111111111111111111111111111
128 2 4 8 0.009730 22222222222222222222222222222222
128 2 4 9 0.006864 22222222222222222222222222222222
128 2 4 10 0.010116 22222222222222222222222222222222
128 2 4 11 0.008814 11111111111111111111111111111111
128 2 4 12 0.008297 22222222222222222222222222222222
128 2 4 13 0.007814 22222222222222222222222222222222
128 2 4 14 0.010432 22222222222222222222222222222222
128 2 4 15 0.007202 11111111111111111111111111111111
128 2 4 16 0.008643 22222211111111111111111111111111
128 2 4 17 0.008863 22222222222222222222222222222222
128 2 4 18 0.009616 11111111111111111111111111111111
128 2 4 19 0.008099 11111111111111111111111111111111
128 2 4 20 0.008765 11111111111111111111111111111111
128 2 4 21 0.008480 22222222222222222222222222222222
128 2 4 22 0.009483 22222222222222222222222222222222
128 2 4 23 0.010355 22111111111111111111111111111111
128 2 4 24 0.008664 22222222222222222222222222222222
128 2 4 25 0.007714 11111111111111111111111111111111
128 2 4 26 0.009446 11111111111111111111111111111111
128 2 4 27 0.007209 11111111111111111111111111111111
128 2 4 28 0.010167 11111111111111111111111111111111
128 2 4 29 0.009087 11111111111111111111111111111111
128 2 4 30 0.008167 22222222222222222222222222222222
128 2 4 31 0.008337 02222222222222222222222222222222
128 2 4 32 0.008442 11111111111111111111111111111111
128 2 4 33 0.008684 22222222222222222222222222222222
128 2 4 34 0.009536 22222222222221111111111111111111
128 2 4 35 0.010158 22222222222211111111111111111111
128 2 4 36 0.008673 02111111111111111111111111111111
128 2 4 37 0.008115 22222222222222222222222222222222
128 2 4 38 0.008848 22222222111111111111111111111111
128 2 4 39 0.008456 11111111111111111111111111111111
128 2 4 40 0.007585 00222222222222222222222111111111
128 2 4 41 0.010064 11111111111111111111111111111111
128 2 4 42 0.009748 22222222222222222222222222222222
128 2 4 43 0.008996 22222221111111111111111111111111
128 2 4 44 0.007871 22222222211111111111111111111111
128 2 4 45 0.007891 02222222111111111111111111111111
128 2 4 46 0.009361 22221111111111111111111111111111
128 2 4 47 0.007702 22211111111111111111111111111111
128 2 4 48 0.008981 22222222222222222222222222222222
128 2 4 49 0.009664 11111111111111111111111111111111
128 2 4 50 0.009756 22222222222222222222222222222222
128 2 4 51 0.009464 02222222222222222222222222222222
128 2 4 52 0.009887 22222222222222222222222222222222
128 2 4 53 0.009733 22222222222222222222222211111111
128 2 4 54 0.009549 22222222222222222222222222222222
128 2 4 55 0.007748 22222222222111111111111111111111
128 2 4 56 0.009126 22222222222222222222222222211111
128 2 4 57 0.009045 11111111111111111111111111111111
128 2 4 58 0.010984 22222222222222222222222222222222
128 2 4 59 0.008620 22222222111111111111111111111111
128 2 4 60 0.008324 22222222222222222222222222222222
128 2 4 61 0.006870 22222222222222222222211111111111
128 2 4 62 0.009474 22222222222222222222222222222222
128 2 4 63 0.008687 22111111111111111111111111111111
128 2 4 64 0.009058 22111111111111111111111111111111
128 2 4 65 0.007340 22222222111111111111111111111111
128 2 4 66 0.008876 22222222222222222211111111111111
128 2 4 67 0.007248 22222222222222222222222222222222
128 2 4 68 0.008897 11111111111111111111111111111111
128 2 4 69 0.009184 22222222222222222222222222222222
128 2 4 70 0.008763 02222111111111111111111111111111
128 2 4 71 0.010840 22222222222222222222222222222222
128 2 4 72 0.009649 22222222222111111111111111111111
128 2 4 73 0.008743 22222222222222222222222222222222
128 2 4 74 0.009215 22222222222222222222222222222222
128 2 4 75 0.007174 22222222222222222222222222222222
128 2 4 76 0.008600 22222222222222222222222222222222
128 2 4 77 0.009298 11111111111111111111111111111111
128 2 4 78 0.007652 22222222222222222222222222222222
128 2 4 79 0.008565 22222222222222222222222222222222
128 2 4 80 0.008803 22222222222222222222222222222222
128 2 4 81 0.009588 22222222222222222222222222222222
128 2 4 82 0.010735 11111111111111111111111111111111
128 2 4 83 0.009192 11111111111111111111111111111111
128 2 4 84 0.008983 22222222222222222222222222222222
128 2 4 85 0.009381 11111111111111111111111111111111
128 2 4 86 0.007737 22222222222222221111111111111111
128 2 4 87 0.007195 22222222222222222222222222222222
128 2 4 88 0.009381 22222222222222222222222222222222
128 2 4 89 0.008983 22222222222222222222222222222222
128 2 4 90 0.008225 22222222222222222222222222222222
128 2 4 91 0.009249 22222222222222222222222222222222
128 2 4 92 0.008821 22111111111111111111111111111111
128 2 4 93 0.008305 22222222222222222222222222222222
128 2 4 94 0.007531 22111111111111111111111111111111
128 2 4 95 0.007975 11111111111111111111111111111111
128 2 4 96 0.009749 11111111111111111111111111111111
128 2 4 97 0.006790 22222222222222222222221111111111
128 2 4 98 0.009487 11111111111111111111111111111111
128 2 4 99 0.008274 02222222222222222222222222222222
128 2 8 0 0.004249 2222222221111111
128 2 8 1 0.003596 1111111111111111
128 2 8 2 0.004401 2222111111111111
128 2 8 3 0.004330 2222222222222222
128 2 8 4 0.005038 2222222222222222
128 2 8 5 0.004480 2211111111111111
128 2 8 6 0.004948 1111111111111111
128 2 8 7 0.004833 1111111111111111
128 2 8 8 0.004711 2222222222222222
128 2 8 9 0.003540 2222222222222222
128 2 8 10 0.005146 2222222222222222
128 2 8 11 0.004550 1111111111111111
128 2 8 12 0.004274 2222222222222222
128 2 8 13 0.004005 2222222222222222
128 2 8 14 0.005211 2222222222222222
128 2 8 15 0.003666 1111111111111111
128 2 8 16 0.004320 2221111111111111
128 2 8 17 0.004664 2222222222222222
128 2 8 18 0.004921 1111111111111111
128 2 8 19 0.004723 1111111111111111
128 2 8 20 0.004460 1111111111111111
128 2 8 21 0.004098 2222222222222222
128 2 8 22 0.004801 2222222222222222
128 2 8 23 0.004927 2111111111111111
128 2 8 24 0.004489 2222222222222222
128 2 8 25 0.003957 1111111111111111
128 2 8 26 0.004781 1111111111111111
128 2 8 27 0.003603 1111111111111111
128 2 8 28 0.004979 1111111111111111
128 2 8 29 0.004709 1111111111111111
128 2 8 30 0.003939 2222222222222222
128 2 8 31 0.004299 2222222222222222
128 2 8 32 0.004372 1111111111111111
128 2 8 33 0.004369 2222222222222222
128 2 8 34 0.005307 2222221111111111
128 2 8 35 0.005424 2222221111111111
128 2 8 36 0.004508 2111111111111111
128 2 8 37 0.004156 2222222222222222
128 2 8 38 0.004655 2222111111111111
128 2 8 39 0.004183 1111111111111111
128 2 8 40 0.003805 0222222222211111
128 2 8 41 0.005137 1111111111111111
128 2 8 42 0.004903 2222222222222222
128 2 8 43 0.004426 2221111111111111
128 2 8 44 0.004081 2222111111111111
128 2 8 45 0.004032 2222111111111111
128 2 8 46 0.004601 2211111111111111
128 2 8 47 0.003982 2111111111111111
128 2 8 48 0.004424 2222222222222222
128 2 8 49 0.005040 1111111111111111
128 2 8 50 0.004942 2222222222222222
128 2 8 51 0.004622 2222222222222222
128 2 8 52 0.004869 2222222222222222
128 2 8 53 0.004934 2222222222221111
128 2 8 54 0.004846 2222222222222222
128 2 8 55 0.003909 2222211111111111
128 2 8 56 0.004654 2222222222222111
128 2 8 57 0.004581 1111111111111111
128 2 8 58 0.005487 2222222222222222
128 2 8 59 0.004377 2222111111111111
128 2 8 60 0.004081 2222222222222222
128 2 8 61 0.003468 2222222222111111
128 2 8 62 0.004813 2222222222222222
128 2 8 63 0.004527 2111111111111111
128 2 8 64 0.004539 2111111111111111
128 2 8 65 0.003747 2222111111111111
128 2 8 66 0.004349 2222222221111111
128 2 8 67 0.003791 2222222222222222
128 2 8 68 0.004471 1111111111111111
128 2 8 69 0.004596 2222222222222222
128 2 8 70 0.004390 2211111111111111
128 2 8 71 0.005632 2222222222222222
128 2 8 72 0.004933 2222211111111111
128 2 8 73 0.004420 2222222222222222
128 2 8 74 0.004753 2222222222222222
128 2 8 75 0.003537 2222222222222222
128 2 8 76 0.004444 2222222222222222
128 2 8 77 0.004638 1111111111111111
128 2 8 78 0.003927 2222222222222222
128 2 8 79 0.004241 2222222222222222
128 2 8 80 0.004501 2222222222222222
128 2 8 81 0.005344 2222222222222222
128 2 8 82 0.005491 1111111111111111
128 2 8 83 0.004743 1111111111111111
128 2 8 84 0.004706 2222222222222222
128 2 8 85 0.004774 1111111111111111
128 2 8 86 0.003946 2222222211111111
128 2 8 87 0.003575 2222222222222222
128 2 8 88 0.004732 2222222222222222
128 2 8 89 0.004499 2222222222222222
128 2 8 90 0.004137 2222222222222222
128 2 8 91 0.004751 2222222222222222
128 2 8 92 0.004358 2111111111111111
128 2 8 93 0.004150 2222222222222222
128 2 8 94 0.003699 2111111111111111
128 2 8 95 0.004251 1111111111111111
128 2 8 96 0.005049 1111111111111111
128 2 8 97 0.003481 2222222222211111
128 2 8 98 0.004797 1111111111111111
128 2 8 99 0.004282 2222222222222222
128 2 16 0 0.002288 22221111
128 2 16 1 0.001907 11111111
128 2 16 2 0.002355 22111111
128 2 16 3 0.002283 22222222
128 2 16 4 0.002661 22222222
128 2 16 5 0.002373 21111111
128 2 16 6 0.002624 11111111
128 2 16 7 0.002569 11111111
128 2 16 8 0.002499 22222222
128 2 16 9 0.002540 22222222
128 2 16 10 0.002681 22222222
128 2 16 11 0.002409 11111111
128 2 16 12 0.002236 22222222
128 2 16 13 0.002084 22222222
128 2 16 14 0.002767 22222222
128 2 16 15 0.001919 11111111
128 2 16 16 0.002307 21111111
128 2 16 17 0.002443 22222222
128 2 16 18 0.002609 11111111
128 2 16 19 0.002136 11111111
128 2 16 20 0.002352 11111111
128 2 16 21 0.002178 22222222
128 2 16 22 0.002540 22222222
128 2 16 23 0.002572 11111111
128 2 16 24 0.002331 22222222
128 2 16 25 0.002061 11111111
128 2 16 26 0.002556 11111111
128 2 16 27 0.001963 11111111
128 2 16 28 0.002639 11111111
128 2 16 29 0.002441 11111111
128 2 16 30 0.002134 22222222
128 2 16 31 0.002325 22222222
128 2 16 32 0.002301 11111111
128 2 16 33 0.002273 22222222
128 2 16 34 0.002514 22211111
128 2 16 35 0.002694 22211111
128 2 16 36 0.002361 11111111
128 2 16 37 0.002218 22222222
128 2 16 38 0.002441 22111111
128 2 16 39 0.002263 11111111
128 2 16 40 0.002044 22222111
128 2 16 41 0.002693 11111111
128 2 16 42 0.002571 22222222
128 2 16 43 0.002319 21111111
128 2 16 44 0.002116 22111111
128 2 16 45 0.002098 22111111
128 2 16 46 0.002435 21111111
128 2 16 47 0.002091 11111111
128 2 16 48 0.002341 22222222
128 2 16 49 0.002648 11111111
128 2 16 50 0.002607 22222222
128 2 16 51 0.002458 22222222
128 2 16 52 0.002652 22222222
128 2 16 53 0.002630 22222211
128 2 16 54 0.002593 22222222
128 2 16 55 0.002047 22111111
128 2 16 56 0.002505 22222211
128 2 16 57 0.002412 11111111
128 2 16 58 0.002906 22222222
128 2 16 59 0.002293 22111111
128 2 16 60 0.002179 22222222
128 2 16 61 0.001859 22222111
128 2 16 62 0.002508 22222222
128 2 16 63 0.002338 11111111
128 2 16 64 0.002411 11111111
128 2 16 65 0.002008 22111111
128 2 16 66 0.002283 22221111
128 2 16 67 0.002000 22222222
128 2 16 68 0.002377 11111111
128 2 16 69 0.002467 22222222
128 2 16 70 0.002307 21111111
128 2 16 71 0.002978 22222222
128 2 16 72 0.002579 22111111
128 2 16 73 0.002382 22222222
128 2 16 74 0.002493 22222222
128 2 16 75 0.001845 22222222
128 2 16 76 0.002361 22222222
128 2 16 77 0.002452 11111111
128 2 16 78 0.002069 22222222
128 2 16 79 0.002284 22222222
128 2 16 80 0.002345 22222222
128 2 16 81 0.002576 22222222
128 2 16 82 0.002949 11111111
128 2 16 83 0.002497 11111111
128 2 16 84 0.002549 22222222
128 2 16 85 0.002509 11111111
128 2 16 86 0.002142 22221111
128 2 16 87 0.001865 22222222
128 2 16 88 0.002536 22222222
128 2 16 89 0.002382 22222222
128 2 16 90 0.002185 22222222
128 2 16 91 0.002472 22222222
128 2 16 92 0.002323 11111111
128 2 16 93 0.002213 22222222
128 2 16 94 0.001890 11111111
128 2 16 95 0.002159 11111111
128 2 16 96 0.002639 11111111
128 2 16 97 0.001822 22222111
128 2 16 98 0.002481 11111111
128 2 16 99 0.002266 22222222
128 2 32 0 0.001271 2211
128 2 32 1 0.001061 1111
128 2 32 2 0.001360 2111
128 2 32 3 0.001287 2222
128 2 32 4 0.001451 2222
128 2 32 5 0.001312 1111
128 2 32 6 0.001480 1111
128 2 32 7 0.001423 1111
128 2 32 8 0.001415 2222
128 2 32 9 0.001072 2222
128 2 32 10 0.001507 2222
128 2 32 11 0.001337 1111
128 2 32 12 0.001306 2222
128 2 32 13 0.001187 2222
128 2 32 14 0.001538 2222
128 2 32 15 0.001109 1111
128 2 32 16 0.001267 1111
128 2 32 17 0.001370 2222
128 2 32 18 0.001406 1111
128 2 32 19 0.001221 1111
128 2 32 20 0.001312 1111
128 2 32 21 0.001237 2222
128 2 32 22 0.001442 2222
128 2 32 23 0.001441 1111
128 2 32 24 0.001296 2222
128 2 32 25 0.001149 1111
128 2 32 26 0.001412 1111
128 2 32 27 0.001100 1111
128 2 32 28 0.001443 1111
128 2 32 29 0.001396 1111
128 2 32 30 0.001175 2222
128 2 32 31 0.001290 2222
128 2 32 32 0.001246 1111
128 2 32 33 0.001274 2222
128 2 32 34 0.001391 2111
128 2 32 35 0.001491 2111
128 2 32 36 0.001305 1111
128 2 32 37 0.001262 2222
128 2 32 38 0.001386 2111
128 2 32 39 0.001245 1111
128 2 32 40 0.001185 2211
128 2 32 41 0.001506 1111
128 2 32 42 0.001448 2222
128 2 32 43 0.001319 1111
128 2 32 44 0.001182 2111
128 2 32 45 0.001186 2111
128 2 32 46 0.001360 1111
128 2 32 47 0.001164 1111
128 2 32 48 0.001300 2222
128 2 32 49 0.001490 1111
128 2 32 50 0.001456 2222
128 2 32 51 0.001407 2222
128 2 32 52 0.001435 2222
128 2 32 53 0.001492 2221
128 2 32 54 0.001431 2222
128 2 32 55 0.001162 2111
128 2 32 56 0.001421 2221
128 2 32 57 0.001348 1111
128 2 32 58 0.001621 2222
128 2 32 59 0.001290 2111
128 2 32 60 0.001206 2222
128 2 32 61 0.001018 2211
128 2 32 62 0.001419 2222
128 2 32 63 0.001301 1111
128 2 32 64 0.001361 1111
128 2 32 65 0.001161 2111
128 2 32 66 0.001281 2211
128 2 32 67 0.001131 2222
128 2 32 68 0.001334 1111
128 2 32 69 0.001365 2222
128 2 32 70 0.001274 1111
128 2 32 71 0.001765 2222
128 2 32 72 0.001449 2111
128 2 32 73 0.001318 2222
128 2 32 74 0.001366 2222
128 2 32 75 0.001030 2222
128 2 32 76 0.001352 2222
128 2 32 77 0.001379 1111
128 2 32 78 0.001151 2222
128 2 32 79 0.001255 2222
128 2 32 80 0.001288 2222
128 2 32 81 0.001405 2222
128 2 32 82 0.001661 1111
128 2 32 83 0.001399 1111
128 2 32 84 0.001347 2222
128 2 32 85 0.001397 1111
128 2 32 86 0.001156 2211
128 2 32 87 0.001034 2222
128 2 32 88 0.001472 2222
128 2 32 89 0.001344 2222
128 2 32 90 0.001216 2222
128 2 32 91 0.001338 2222
128 2 32 92 0.001291 1111
128 2 32 93 0.001227 2222
128 2 32 94 0.001059 1111
128 2 32 95 0.001224 1111
128 2 32 96 0.001436 1111
128 2 32 97 0.001016 2211
128 2 32 98 0.001399 1111
128 2 32 99 0.001253 2222
128 4 8 0 0.011369 2222222222222222
128 4 8 1 0.009075 1111111111111111
128 4 8 2 0.012032 2222222222222222
128 4 8 3 0.011970 2222222222222222
128 4 8 4 0.013346 2222222222222222
128 4 8 5 0.012149 2222222222222222
128 4 8 6 0.013690 2222222222222222
128 4 8 7 0.013648 1111111111111111
128 4 8 8 0.013678 2222222222222222
128 4 8 9 0.009421 2222222222222222
128 4 8 10 0.014283 2222222222222222
128 4 8 11 0.012991 1111111111111111
128 4 8 12 0.011414 2222222222222222
128 4 8 13 0.010292 2222222222222222
128 4 8 14 0.014780 2222222222222222
128 4 8 15 0.009138 1111111111111111
128 4 8 16 0.011130 2222222222222222
128 4 8 17 0.012519 2222222222222222
128 4 8 18 0.013627 1111111111111111
128 4 8 19 0.011159 1111111111111111
128 4 8 20 0.012627 1111111111111111
128 4 8 21 0.012016 2222222222222222
128 4 8 22 0.013094 2222222222222222
128 4 8 23 0.013202 2222222222222222
128 4 8 24 0.011881 2222222222222222
128 4 8 25 0.010571 1111111111111111
128 4 8 26 0.012762 1111111111111111
128 4 8 27 0.009655 1111111111111111
128 4 8 28 0.013691 1111111111111111
128 4 8 29 0.012690 1111111111111111
128 4 8 30 0.010744 2222222222222222
128 4 8 31 0.011889 2222222222222222
128 4 8 32 0.011896 1111111111111111
128 4 8 33 0.011597 2222222222222222
128 4 8 34 0.012806 2222222222222222
128 4 8 35 0.014748 2222222222222222
128 4 8 36 0.011192 2222222222222222
128 4 8 37 0.011451 2222222222222222
128 4 8 38 0.012482 2222222222222222
128 4 8 39 0.012189 1111111111111111
128 4 8 40 0.010300 0222222222222222
128 4 8 41 0.014567 1111111111111111
128 4 8 42 0.013267 2222222222222222
128 4 8 43 0.012203 2222222222222222
128 4 8 44 0.010746 2222222222222222
128 4 8 45 0.010926 2222222222222222
128 4 8 46 0.012718 2222222222222222
128 4 8 47 0.009680 2222222222222222
128 4 8 48 0.012076 2222222222222222
128 4 8 49 0.014703 1111111111111111
128 4 8 50 0.014098 2222222222222222
128 4 8 51 0.012729 2222222222222222
128 4 8 52 0.013747 2222222222222222
128 4 8 53 0.012764 2222222222222222
128 4 8 54 0.013673 2222222222222222
128 4 8 55 0.010003 2222222222222222
128 4 8 56 0.013005 2222222222222222
128 4 8 57 0.012613 1111111111111111
128 4 8 58 0.015777 2222222222222222
128 4 8 59 0.011417 2222222222222222
128 4 8 60 0.010772 2222222222222222
128 4 8 61 0.009237 2222222222222222
128 4 8 62 0.013125 2222222222222222
128 4 8 63 0.011553 2222222222222222
128 4 8 64 0.012060 2222222222222222
128 4 8 65 0.010363 2222222222222222
128 4 8 66 0.012060 2222222222222222
128 4 8 67 0.009279 2222222222222222
128 4 8 68 0.012630 1111111111111111
128 4 8 69 0.012692 2222222222222222
128 4 8 70 0.011989 2222222222222222
128 4 8 71 0.015990 2222222222222222
128 4 8 72 0.013953 2222222222222222
128 4 8 73 0.012481 2222222222222222
128 4 8 74 0.012888 2222222222222222
128 4 8 75 0.009766 2222222222222222
128 4 8 76 0.011647 2222222222222222
128 4 8 77 0.013421 1111111111111111
128 4 8 78 0.009531 2222222222222222
128 4 8 79 0.012662 2222222222222222
128 4 8 80 0.012787 2222222222222222
128 4 8 81 0.015012 2222222222222222
128 4 8 82 0.015834 1111111111111111
128 4 8 83 0.012728 1111111111111111
128 4 8 84 0.012494 2222222222222222
128 4 8 85 0.013151 1111111111111111
128 4 8 86 0.010982 2222222222222222
128 4 8 87 0.009226 2222222222222222
128 4 8 88 0.013088 2222222222222222
128 4 8 89 0.012841 2222222222222222
128 4 8 90 0.011398 2222222222222222
128 4 8 91 0.013308 2222222222222222
128 4 8 92 0.011457 2222222222222222
128 4 8 93 0.011727 2222222222222222
128 4 8 94 0.009880 2222222222222222
128 4 8 95 0.010696 1111111111111111
128 4 8 96 0.013621 1111111111111111
128 4 8 97 0.008976 2222222222222222
128 4 8 98 0.013522 1111111111111111
128 4 8 99 0.011311 2222222222222222
128 4 16 0 0.006182 22222222
128 4 16 1 0.004884 11111111
128 4 16 2 0.006593 22222222
128 4 16 3 0.006266 22222222
128 4 16 4 0.007202 22222222
128 4 16 5 0.006208 22222222
128 4 16 6 0.006997 22222222
128 4 16 7 0.007034 11111111
128 4 16 8 0.007009 22222222
128 4 16 9 0.005019 22222222
128 4 16 10 0.007600 22222222
128 4 16 11 0.006769 11111111
128 4 16 12 0.006038 22222222
128 4 16 13 0.005549 22222222
128 4 16 14 0.008036 22222222
128 4 16 15 0.004801 11111111
128 4 16 16 0.005875 22222222
128 4 16 17 0.007001 22222222
128 4 16 18 0.006864 11111111
128 4 16 19 0.005997 11111111
128 4 16 20 0.006497 11111111
128 4 16 21 0.005942 22222222
128 4 16 22 0.006963 22222222
128 4 16 23 0.006665 22222222
128 4 16 24 0.006635 22222222
128 4 16 25 0.005617 11111111
128 4 16 26 0.006938 11111111
128 4 16 27 0.005084 11111111
128 4 16 28 0.007441 11111111
128 4 16 29 0.006496 11111111
128 4 16 30 0.005849 22222222
128 4 16 31 0.006319 22222222
128 4 16 32 0.006176 11111111
128 4 16 33 0.006122 22222222
128 4 16 34 0.006557 22222222
128 4 16 35 0.007466 22222222
128 4 16 36 0.006161 22222222
128 4 16 37 0.006400 22222222
128 4 16 38 0.006664 22222222
128 4 16 39 0.006490 11111111
128 4 16 40 0.005430 22222222
128 4 16 41 0.007700 11111111
128 4 16 42 0.007021 22222222
128 4 16 43 0.006142 22222222
128 4 16 44 0.005676 22222222
128 4 16 45 0.005666 22222222
128 4 16 46 0.006694 22222222
128 4 16 47 0.005067 22222222
128 4 16 48 0.006339 22222222
128 4 16 49 0.007522 11111111
128 4 16 50 0.007062 22222222
128 4 16 51 0.007058 22222222
128 4 16 52 0.007141 22222222
128 4 16 53 0.006596 22222222
128 4 16 54 0.007300 22222222
128 4 16 55 0.005335 22222222
128 4 16 56 0.007723 22222222
128 4 16 57 0.006776 11111111
128 4 16 58 0.008675 22222222
128 4 16 59 0.006221 22222222
128 4 16 60 0.005731 22222222
128 4 16 61 0.004914 22222222
128 4 16 62 0.006706 22222222
128 4 16 63 0.006170 22222222
128 4 16 64 0.006280 22222222
128 4 16 65 0.005333 22222222
128 4 16 66 0.006537 22222222
128 4 16 67 0.004831 22222222
128 4 16 68 0.006734 11111111
128 4 16 69 0.006658 22222222
128 4 16 70 0.006483 22222222
128 4 16 71 0.008458 22222222
128 4 16 72 0.007430 22222222
128 4 16 73 0.006741 22222222
128 4 16 74 0.006962 22222222
128 4 16 75 0.005113 22222222
128 4 16 76 0.005994 22222222
128 4 16 77 0.006997 11111111
128 4 16 78 0.005083 22222222
128 4 16 79 0.006477 22222222
128 4 16 80 0.006404 22222222
128 4 16 81 0.007848 22222222
128 4 16 82 0.007976 11111111
128 4 16 83 0.006790 11111111
128 4 16 84 0.006635 22222222
128 4 16 85 0.006806 11111111
128 4 16 86 0.005802 22222222
128 4 16 87 0.004889 22222222
128 4 16 88 0.007224 22222222
128 4 16 89 0.006687 22222222
128 4 16 90 0.006152 22222222
128 4 16 91 0.006964 22222222
128 4 16 92 0.005795 22222222
128 4 16 93 0.006310 22222222
128 4 16 94 0.005050 22222222
128 4 16 95 0.005842 11111111
128 4 16 96 0.007433 11111111
128 4 16 97 0.004798 22222222
128 4 16 98 0.007283 11111111
128 4 16 99 0.005930 22222222
128 4 32 0 0.003297 2222
128 4 32 1 0.002775 1111
128 4 32 2 0.003805 2222
128 4 32 3 0.003527 2222
128 4 32 4 0.003830 2222
128 4 32 5 0.003507 2222
128 4 32 6 0.004041 2222
128 4 32 7 0.003932 1111
128 4 32 8 0.003892 2222
128 4 32 9 0.002896 2222
128 4 32 10 0.004198 2222
128 4 32 11 0.003879 1111
128 4 32 12 0.003453 2222
128 4 32 13 0.003188 2222
128 4 32 14 0.004446 2222
128 4 32 15 0.002795 1111
128 4 32 16 0.003300 2222
128 4 32 17 0.003740 2222
128 4 32 18 0.004015 1111
128 4 32 19 0.003546 1111
128 4 32 20 0.003686 1111
128 4 32 21 0.003365 2222
128 4 32 22 0.003955 2222
128 4 32 23 0.003819 2222
128 4 32 24 0.003527 2222
128 4 32 25 0.003107 1111
128 4 32 26 0.003956 1111
128 4 32 27 0.002852 1111
128 4 32 28 0.004005 1111
128 4 32 29 0.003737 1111
128 4 32 30 0.003297 2222
128 4 32 31 0.003579 2222
128 4 32 32 0.003461 1111
128 4 32 33 0.003526 2222
128 4 32 34 0.003832 2222
128 4 32 35 0.004172 2222
128 4 32 36 0.003254 2222
128 4 32 37 0.003524 2222
128 4 32 38 0.003869 2222
128 4 32 39 0.003591 1111
128 4 32 40 0.003137 2222
128 4 32 41 0.004380 1111
128 4 32 42 0.003990 2222
128 4 32 43 0.003544 2222
128 4 32 44 0.003199 2222
128 4 32 45 0.003244 2222
128 4 32 46 0.003719 2222
128 4 32 47 0.002896 2222
128 4 32 48 0.003582 2222
128 4 32 49 0.004316 1111
128 4 32 50 0.004090 2222
128 4 32 51 0.003806 2222
128 4 32 52 0.003712 2222
128 4 32 53 0.003764 2222
128 4 32 54 0.004010 2222
128 4 32 55 0.003015 2222
128 4 32 56 0.003960 2222
128 4 32 57 0.003812 1111
128 4 32 58 0.004836 2222
128 4 32 59 0.003309 2222
128 4 32 60 0.003290 2222
128 4 32 61 0.002719 2222
128 4 32 62 0.003752 2222
128 4 32 63 0.003401 2222
128 4 32 64 0.003519 2222
128 4 32 65 0.003138 2222
128 4 32 66 0.003584 2222
128 4 32 67 0.002759 2222
128 4 32 68 0.003698 1111
128 4 32 69 0.003691 2222
128 4 32 70 0.003547 2222
128 4 32 71 0.004671 2222
128 4 32 72 0.003995 2222
128 4 32 73 0.003744 2222
128 4 32 74 0.003779 2222
128 4 32 75 0.002942 2222
128 4 32 76 0.003488 2222
128 4 32 77 0.003758 1111
128 4 32 78 0.002927 2222
128 4 32 79 0.003785 2222
128 4 32 80 0.003720 2222
128 4 32 81 0.004125 2222
128 4 32 82 0.004654 1111
128 4 32 83 0.003796 1111
128 4 32 84 0.003684 2222
128 4 32 85 0.003865 1111
128 4 32 86 0.003179 2222
128 4 32 87 0.002720 2222
128 4 32 88 0.003851 2222
128 4 32 89 0.003852 2222
128 4 32 90 0.003387 2222
128 4 32 91 0.003733 2222
128 4 32 92 0.003200 2222
128 4 32 93 0.003480 2222
128 4 32 94 0.002757 2222
128 4 32 95 0.003171 1111
128 4 32 96 0.004020 1111
128 4 32 97 0.002663 2222
128 4 32 98 0.004052 1111
128 4 32 99 0.003315 2222
128 8 16 0 0.018469 22222222
128 8 16 1 0.014888 11111111
128 8 16 2 0.018350 22222222
128 8 16 3 0.020063 22222222
128 8 16 4 0.022643 22222222
128 8 16 5 0.018778 22222222
128 8 16 6 0.022445 22222222
128 8 16 7 0.022699 11111111
128 8 16 8 0.021862 22222222
128 8 16 9 0.014136 22222222
128 8 16 10 0.024639 22222222
128 8 16 11 0.020794 11111111
128 8 16 12 0.018986 22222222
128 8 16 13 0.017296 22222222
128 8 16 14 0.023312 22222222
128 8 16 15 0.015319 11111111
128 8 16 16 0.017949 22222222
128 8 16 17 0.021403 22222222
128 8 16 18 0.022605 11111111
128 8 16 19 0.018170 11111111
128 8 16 20 0.020489 11111111
128 8 16 21 0.018044 22222222
128 8 16 22 0.020052 22222222
128 8 16 23 0.023326 22222222
128 8 16 24 0.017745 22222222
128 8 16 25 0.016477 11111111
128 8 16 26 0.022521 11111111
128 8 16 27 0.015694 11111111
128 8 16 28 0.022220 11111111
128 8 16 29 0.020913 11111111
128 8 16 30 0.016365 22222222
128 8 16 31 0.019368 22222222
128 8 16 32 0.019183 11111111
128 8 16 33 0.017270 22222222
128 8 16 34 0.020837 22222222
128 8 16 35 0.022343 22222222
128 8 16 36 0.019240 22222222
128 8 16 37 0.016629 22222222
128 8 16 38 0.021815 22222222
128 8 16 39 0.019417 11111111
128 8 16 40 0.016054 22222222
128 8 16 41 0.025375 11111111
128 8 16 42 0.021464 22222222
128 8 16 43 0.020751 22222222
128 8 16 44 0.017457 22222222
128 8 16 45 0.017415 22222222
128 8 16 46 0.021484 22222222
128 8 16 47 0.015651 22222222
128 8 16 48 0.019115 22222222
128 8 16 49 0.024545 11111111
128 8 16 50 0.023827 22222222
128 8 16 51 0.021211 22222222
128 8 16 52 0.021358 22222222
128 8 16 53 0.021178 22222222
128 8 16 54 0.022757 22222222
128 8 16 55 0.017601 22222222
128 8 16 56 0.020943 22222222
128 8 16 57 0.020496 11111111
128 8 16 58 0.028083 22222222
128 8 16 59 0.017616 22222222
128 8 16 60 0.017410 22222222
128 8 16 61 0.014973 22222222
128 8 16 62 0.020268 22222222
128 8 16 63 0.018354 22222222
128 8 16 64 0.018642 22222222
128 8 16 65 0.016167 22222222
128 8 16 66 0.019024 22222222
128 8 16 67 0.014615 22222222
128 8 16 68 0.020145 11111111
128 8 16 69 0.020335 22222222
128 8 16 70 0.019884 22222222
128 8 16 71 0.026519 22222222
128 8 16 72 0.023272 22222222
128 8 16 73 0.020257 22222222
128 8 16 74 0.021319 22222222
128 8 16 75 0.013875 22222222
128 8 16 76 0.019535 22222222
128 8 16 77 0.021652 11111111
128 8 16 78 0.016515 22222222
128 8 16 79 0.020112 22222222
128 8 16 80 0.019219 22222222
128 8 16 81 0.023945 22222222
128 8 16 82 0.027384 11111111
128 8 16 83 0.021765 11111111
128 8 16 84 0.018411 22222222
128 8 16 85 0.021268 11111111
128 8 16 86 0.016799 22222222
128 8 16 87 0.015973 22222222
128 8 16 88 0.022311 22222222
128 8 16 89 0.021066 22222222
128 8 16 90 0.018588 22222222
128 8 16 91 0.022289 22222222
128 8 16 92 0.018489 22222222
128 8 16 93 0.018934 22222222
128 8 16 94 0.015005 22222222
128 8 16 95 0.017107 11111111
128 8 16 96 0.023210 11111111
128 8 16 97 0.014375 22222222
128 8 16 98 0.023155 11111111
128 8 16 99 0.019256 22222222
128 8 32 0 0.010393 2222
128 8 32 1 0.008047 1111
128 8 32 2 0.010310 2222
128 8 32 3 0.010985 2222
128 8 32 4 0.012551 2222
128 8 32 5 0.010456 2222
128 8 32 6 0.012593 2222
128 8 32 7 0.013202 1111
128 8 32 8 0.013428 2222
128 8 32 9 0.007815 2222
128 8 32 10 0.014336 2222
128 8 32 11 0.011888 1111
128 8 32 12 0.010842 2222
128 8 32 13 0.009652 2222
128 8 32 14 0.013758 2222
128 8 32 15 0.008666 1111
128 8 32 16 0.009926 2222
128 8 32 17 0.011935 2222
128 8 32 18 0.013125 1111
128 8 32 19 0.010580 1111
128 8 32 20 0.011062 1111
128 8 32 21 0.010133 2222
128 8 32 22 0.011981 2222
128 8 32 23 0.012362 2222
128 8 32 24 0.010160 2222
128 8 32 25 0.009358 1111
128 8 32 26 0.012250 1111
128 8 32 27 0.008706 1111
128 8 32 28 0.012852 1111
128 8 32 29 0.011839 1111
128 8 32 30 0.009325 2222
128 8 32 31 0.011089 2222
128 8 32 32 0.010492 1111
128 8 32 33 0.009579 2222
128 8 32 34 0.012092 2222
128 8 32 35 0.012904 2222
128 8 32 36 0.010338 2222
128 8 32 37 0.009358 2222
128 8 32 38 0.012086 2222
128 8 32 39 0.011090 1111
128 8 32 40 0.009396 2222
128 8 32 41 0.014111 1111
128 8 32 42 0.012218 2222
128 8 32 43 0.011809 2222
128 8 32 44 0.008905 2222
128 8 32 45 0.009414 2222
128 8 32 46 0.011810 2222
128 8 32 47 0.008672 2222
128 8 32 48 0.010709 2222
128 8 32 49 0.013582 1111
128 8 32 50 0.013427 2222
128 8 32 51 0.011959 2222
128 8 32 52 0.012122 2222
128 8 32 53 0.011318 2222
128 8 32 54 0.012841 2222
128 8 32 55 0.009357 2222
128 8 32 56 0.011609 2222
128 8 32 57 0.011970 1111
128 8 32 58 0.015114 2222
128 8 32 59 0.009672 2222
128 8 32 60 0.009508 2222
128 8 32 61 0.007699 2222
128 8 32 62 0.011598 2222
128 8 32 63 0.010761 2222
128 8 32 64 0.010299 2222
128 8 32 65 0.009189 2222
128 8 32 66 0.011441 2222
128 8 32 67 0.008263 2222
128 8 32 68 0.011347 1111
128 8 32 69 0.011328 2222
128 8 32 70 0.010256 2222
128 8 32 71 0.014756 2222
128 8 32 72 0.012691 2222
128 8 32 73 0.011337 2222
128 8 32 74 0.012217 2222
128 8 32 75 0.008060 2222
128 8 32 76 0.010872 2222
128 8 32 77 0.011900 1111
128 8 32 78 0.008674 2222
128 8 32 79 0.010695 2222
128 8 32 80 0.011112 2222
128 8 32 81 0.013049 2222
128 8 32 82 0.015402 1111
128 8 32 83 0.012087 1111
128 8 32 84 0.011109 2222
128 8 32 85 0.011815 1111
128 8 32 86 0.009237 2222
128 8 32 87 0.009215 2222
128 8 32 88 0.011514 2222
128 8 32 89 0.012591 2222
128 8 32 90 0.011003 2222
128 8 32 91 0.012309 2222
128 8 32 92 0.010256 2222
128 8 32 93 0.010652 2222
128 8 32 94 0.007873 2222
128 8 32 95 0.009539 1111
128 8 32 96 0.012715 1111
128 8 32 97 0.008036 2222
128 8 32 98 0.012755 1111
128 8 32 99 0.010531 2222
256 2 4 0 0.042592 2222222222222222222222222222222222222222222222222222222222222222
256 2 4 1 0.036354 0222222222222222222222222221111111111111111111111111111111111111
256 2 4 2 0.036314 2222222222222222222222222222222222222222222222222222222222222222
256 2 4 3 0.033324 0222222222222222222222222222222222222222222222222222222222222222
256 2 4 4 0.042457 2222222222222222222222222222222222222222222222222222222222222222
256 2 4 5 0.031746 1111111111111111111111111111111111111111111111111111111111111111
256 2 4 6 0.036774 2222222222222222222222222222222222222222222222222222222222222222
256 2 4 7 0.038195 1111111111111111111111111111111111111111111111111111111111111111
256 2 4 8 0.039573 2222222222222222222222222222222222221111111111111111111111111111
256 2 4 9 0.037741 2222222222222222222222222222222222222222222222222222222222222222
256 2 4 10 0.036361 1111111111111111111111111111111111111111111111111111111111111111
256 2 4 11 0.037641 0021111111111111111111111111111111111111111111111111111111111111
256 2 4 12 0.033391 2222222222222222222222222222222222211111111111111111111111111111
256 2 4 13 0.032813 0222222222222222222222222222222222222222222222222222111111111111
256 2 4 14 0.035917 2222222222222222222222222222222222222222222222222222222222222221
256 2 4 15 0.035035 1111111111111111111111111111111111111111111111111111111111111111
256 2 4 16 0.032622 2222222222222222222222222211111111111111111111111111111111111111
256 2 4 17 0.033841 1111111111111111111111111111111111111111111111111111111111111111
256 2 4 18 0.040693 2222222222222222221111111111111111111111111111111111111111111111
256 2 4 19 0.039228 2222222222222222222222222222222222222222222222222222111111111111
256 2 4 20 0.034820 2222222222222222222222222222222222222222222222222222111111111111
256 2 4 21 0.034822 1111111111111111111111111111111111111111111111111111111111111111
256 2 4 22 0.039239 2222211111111111111111111111111111111111111111111111111111111111
256 2 4 23 0.036665 2222222222222222222222222222222222222222222222222222222222222222
256 2 4 24 0.033692 2222222222222222222222222222222222222222222222222222222222222221
256 2 4 25 0.034055 0222222222222222222222222222222222222222222222222222222222222222
256 2 4 26 0.035676 1111111111111111111111111111111111111111111111111111111111111111
256 2 4 27 0.031642 0222222222222222222222222222222222222222222222222222222222222222
256 2 4 28 0.036573 2222222222222222222222222222222222222222222222222222222222221111
256 2 4 29 0.035601 2222222222222222222222222222222221111111111111111111111111111111
256 2 4 30 0.035025 2222111111111111111111111111111111111111111111111111111111111111
256 2 4 31 0.038728 1111111111111111111111111111111111111111111111111111111111111111
256 2 4 32 0.040614 0222222222222222222222222111111111111111111111111111111111111111
256 2 4 33 0.039623 2222111111111111111111111111111111111111111111111111111111111111
256 2 4 34 0.035089 1111111111111111111111111111111111111111111111111111111111111111
256 2 4 35 0.039060 2222222222222222222222222222222222222222222222222222222222222222
256 2 4 36 0.034336 2222222222111111111111111111111111111111111111111111111111111111
256 2 4 37 0.037836 1111111111111111111111111111111111111111111111111111111111111111
256 2 4 38 0.037361 2222222222222222222222222222222222222222222211111111111111111111
256 2 4 39 0.035544 0222222222222222222222222211111111111111111111111111111111111111
256 2 4 40 0.037090 2222222222222222222222222222222222222222222222222222222211111111
256 2 4 41 0.034361 2222221111111111111111111111111111111111111111111111111111111111
256 2 4 42 0.040072 2222222222222222222222222222222222222222222222222222222222222222
256 2 4 43 0.031369 2222222222222222111111111111111111111111111111111111111111111111
256 2 4 44 0.033121 1111111111111111111111111111111111111111111111111111111111111111
256 2 4 45 0.034886 2222222222222222222222222222222222222222111111111111111111111111
256 2 4 46 0.035910 0022222222222222222222222222222222222222222222222222222222222222
256 2 4 47 0.037817 1111111111111111111111111111111111111111111111111111111111111111
256 2 4 48 0.032767 0222222222222222222222222222222222222111111111111111111111111111
256 2 4 49 0.033906 1111111111111111111111111111111111111111111111111111111111111111
256 2 4 50 0.034656 1111111111111111111111111111111111111111111111111111111111111111
256 2 4 51 0.031799 0222222222222222222222222222222222222222222222222222222222222222
256 2 4 52 0.037455 2222222222111111111111111111111111111111111111111111111111111111
256 2 4 53 0.035619 2222222222222222222222222222222222222222222222222222222222222222
256 2 4 54 0.036669 2222222222222222222222222222222222211111111111111111111111111111
256 2 4 55 0.036345 2222222222222221111111111111111111111111111111111111111111111111
256 2 4 56 0.032438 2222222222222222222222222222222222222222222222222222222222222222
256 2 4 57 0.035831 2222222222222222222222222221111111111111111111111111111111111111
256 2 4 58 0.035094 2222222222111111111111111111111111111111111111111111111111111111
256 2 4 59 0.035696 2222222222222222222222222222222222222222211111111111111111111111
256 2 4 60 0.036849 1111111111111111111111111111111111111111111111111111111111111111
256 2 4 61 0.038318 2221111111111111111111111111111111111111111111111111111111111111
256 2 4 62 0.037289 2222222222222222222222222222222222222222222222222222222222222222
256 2 4 63 0.035266 1111111111111111111111111111111111111111111111111111111111111111
256 2 4 64 0.031941 0022111111111111111111111111111111111111111111111111111111111111
256 2 4 65 0.032829 2222222222222222222222221111111111111111111111111111111111111111
256 2 4 66 0.034785 2222111111111111111111111111111111111111111111111111111111111111
256 2 4 67 0.034486 2222222222222221111111111111111111111111111111111111111111111111
256 2 4 68 0.031814 0222222222222222222222222222222222222222222222222222222222222222
256 2 4 69 0.031443 1111111111111111111111111111111111111111111111111111111111111111
256 2 4 70 0.035225 2222222222222222222222222222111111111111111111111111111111111111
256 2 4 71 0.040130 2222222222222222222222222222222222222222222222222221111111111111
256 2 4 72 0.031711 2222222222222222222222222222222222222222222222222221111111111111
256 2 4 73 0.034637 0222222221111111111111111111111111111111111111111111111111111111
256 2 4 74 0.031372 2222222222221111111111111111111111111111111111111111111111111111
256 2 4 75 0.035994 2222222222222222222222222222222222222222222222222222222222222222
256 2 4 76 0.032880 1111111111111111111111111111111111111111111111111111111111111111
256 2 4 77 0.034014 1111111111111111111111111111111111111111111111111111111111111111
256 2 4 78 0.033817 1111111111111111111111111111111111111111111111111111111111111111
256 2 4 79 0.033076 0222222222222222222222222222222222222222222111111111111111111111
256 2 4 80 0.034878 2222222222222222222222222222211111111111111111111111111111111111
256 2 4 81 0.037855 2222222222222222222222222222222222222222222222222222222222222222
256 2 4 82 0.036629 1111111111111111111111111111111111111111111111111111111111111111
256 2 4 83 0.028520 2222222111111111111111111111111111111111111111111111111111111111
256 2 4 84 0.033736 2222222222222222222222222222222222222222222222222222222222111111
256 2 4 85 0.034407 1111111111111111111111111111111111111111111111111111111111111111
256 2 4 86 0.036311 2222222222222222222222222222222222222222222222222222222222222222
256 2 4 87 0.034201 2222222222222222111111111111111111111111111111111111111111111111
256 2 4 88 0.035199 1111111111111111111111111111111111111111111111111111111111111111
256 2 4 89 0.036198 1111111111111111111111111111111111111111111111111111111111111111
256 2 4 90 0.037939 2222222222222222222222222222222222222222222222222222222222222222
256 2 4 91 0.039467 1111111111111111111111111111111111111111111111111111111111111111
256 2 4 92 0.031797 2222222222222222222222222222222222222222222222222222222111111111
256 2 4 93 0.034789 1111111111111111111111111111111111111111111111111111111111111111
256 2 4 94 0.037279 2222222222222222222222222222222222222222222222222222222222222222
256 2 4 95 0.036919 2222222222222222222222222222222222222222222222222222211111111111
256 2 4 96 0.036412 0222222222222222222222222222222222222222222222222222222222222222
256 2 4 97 0.034434 2222222222222222222222222111111111111111111111111111111111111111
256 2 4 98 0.036961 2222222222222222222222222222222222222222222222222222211111111111
256 2 4 99 0.037846 2222222222222222222222222222222222222222222222222222222222222222
256 2 8 0 0.021275 22222222222222222222222222222222
256 2 8 1 0.018113 22222222222221111111111111111111
256 2 8 2 0.018146 22222222222222222222222222222211
256 2 8 3 0.016491 22222222222222222222222222222222
256 2 8 4 0.020646 22222222222222222222222222222222
256 2 8 5 0.015915 11111111111111111111111111111111
256 2 8 6 0.018527 22222222222222222222222222222222
256 2 8 7 0.018995 11111111111111111111111111111111
256 2 8 8 0.019641 22222222222222222211111111111111
256 2 8 9 0.019091 22222222222222222222222222222222
256 2 8 10 0.018309 11111111111111111111111111111111
256 2 8 11 0.019031 01111111111111111111111111111111
256 2 8 12 0.017327 22222222222222222111111111111111
256 2 8 13 0.016610 22222222222222222222222222111111
256 2 8 14 0.017772 22222222222222222222222222222221
256 2 8 15 0.017686 11111111111111111111111111111111
256 2 8 16 0.016516 22222222222221111111111111111111
256 2 8 17 0.017139 11111111111111111111111111111111
256 2 8 18 0.021064 22222222211111111111111111111111
256 2 8 19 0.019960 22222222222222222222222222111111
256 2 8 20 0.017611 22222222222222222222222222111111
256 2 8 21 0.017443 11111111111111111111111111111111
256 2 8 22 0.019722 22111111111111111111111111111111
256 2 8 23 0.018778 22222222222222222222222222222222
256 2 8 24 0.017067 22222222222222222222222222222221
256 2 8 25 0.017303 22222222222222222222222222222222
256 2 8 26 0.017966 11111111111111111111111111111111
256 2 8 27 0.015497 22222222222222222222222222222222
256 2 8 28 0.018328 22222222222222222222222222222211
256 2 8 29 0.018051 22222222222222221111111111111111
256 2 8 30 0.017555 22111111111111111111111111111111
256 2 8 31 0.019327 11111111111111111111111111111111
256 2 8 32 0.020000 22222222222211111111111111111111
256 2 8 33 0.019840 22111111111111111111111111111111
256 2 8 34 0.017918 11111111111111111111111111111111
256 2 8 35 0.019098 22222222222222222222222222222222
256 2 8 36 0.017440 22222111111111111111111111111111
256 2 8 37 0.018843 11111111111111111111111111111111
256 2 8 38 0.018636 22222222222222222222221111111111
256 2 8 39 0.018240 22222222222221111111111111111111
256 2 8 40 0.020495 22222222222222222222222222221111
256 2 8 41 0.017115 22211111111111111111111111111111
256 2 8 42 0.020018 22222222222222222222222222222222
256 2 8 43 0.015969 22222222111111111111111111111111
256 2 8 44 0.016672 11111111111111111111111111111111
256 2 8 45 0.017587 22222222222222222222111111111111
256 2 8 46 0.017870 02222222222222222222222222222222
256 2 8 47 0.019200 11111111111111111111111111111111
256 2 8 48 0.016281 22222222222222222211111111111111
256 2 8 49 0.017012 11111111111111111111111111111111
256 2 8 50 0.017270 11111111111111111111111111111111
256 2 8 51 0.016024 22222222222222222222222222222222
256 2 8 52 0.018693 22222111111111111111111111111111
256 2 8 53 0.018010 22222222222222222222222222222222
256 2 8 54 0.018752 22222222222222222111111111111111
256 2 8 55 0.018237 22222221111111111111111111111111
256 2 8 56 0.016548 22222222222222222222222222222222
256 2 8 57 0.018460 22222222222221111111111111111111
256 2 8 58 0.018002 22222111111111111111111111111111
256 2 8 59 0.018394 22222222222222222222111111111111
256 2 8 60 0.018434 11111111111111111111111111111111
256 2 8 61 0.019255 21111111111111111111111111111111
256 2 8 62 0.018601 22222222222222222222222222222222
256 2 8 63 0.018281 11111111111111111111111111111111
256 2 8 64 0.015819 02111111111111111111111111111111
256 2 8 65 0.016381 22222222222211111111111111111111
256 2 8 66 0.017368 22111111111111111111111111111111
256 2 8 67 0.017270 22222221111111111111111111111111
256 2 8 68 0.016015 22111111111111111111111111111111
256 2 8 69 0.016180 11111111111111111111111111111111
256 2 8 70 0.017923 22222222222222111111111111111111
256 2 8 71 0.020091 22222222222222222222222221111111
256 2 8 72 0.015755 22222222222222222222222221111111
256 2 8 73 0.017166 22221111111111111111111111111111
256 2 8 74 0.015798 22222211111111111111111111111111
256 2 8 75 0.018231 22222222222222222222222222222222
256 2 8 76 0.016756 11111111111111111111111111111111
256 2 8 77 0.017441 11111111111111111111111111111111
256 2 8 78 0.017033 11111111111111111111111111111111
256 2 8 79 0.016725 22222222222222222222211111111111
256 2 8 80 0.017718 22222222222222111111111111111111
256 2 8 81 0.018883 22222222222222222222222222222222
256 2 8 82 0.018392 11111111111111111111111111111111
256 2 8 83 0.014148 22211111111111111111111111111111
256 2 8 84 0.017333 22222222222222222222222222222111
256 2 8 85 0.017183 11111111111111111111111111111111
256 2 8 86 0.018551 22222222222222222222222222222222
256 2 8 87 0.016953 22222222111111111111111111111111
256 2 8 88 0.017875 11111111111111111111111111111111
256 2 8 89 0.018195 11111111111111111111111111111111
256 2 8 90 0.019103 22222222222222222222222222222222
256 2 8 91 0.019783 11111111111111111111111111111111
256 2 8 92 0.016091 22222222222222222222222222211111
256 2 8 93 0.017683 11111111111111111111111111111111
256 2 8 94 0.018923 22222222222222222222222222222222
256 2 8 95 0.018732 22222222222222222222222222111111
256 2 8 96 0.018489 22222222222222222222222222222222
256 2 8 97 0.017309 22222222222211111111111111111111
256 2 8 98 0.018598 22222222222222222222222222111111
256 2 8 99 0.019242 22222222222222222222222222222222
256 2 16 0 0.010754 2222222222222222
256 2 16 1 0.009150 2222221111111111
256 2 16 2 0.009590 2222222222222221
256 2 16 3 0.008351 2222222222222222
256 2 16 4 0.010880 2222222222222222
256 2 16 5 0.007981 1111111111111111
256 2 16 6 0.009917 2222222222222222
256 2 16 7 0.009744 1111111111111111
256 2 16 8 0.010098 2222222221111111
256 2 16 9 0.009595 2222222222222222
256 2 16 10 0.009374 1111111111111111
256 2 16 11 0.009681 1111111111111111
256 2 16 12 0.008791 2222222211111111
256 2 16 13 0.008551 2222222222222111
256 2 16 14 0.009188 2222222222222221
256 2 16 15 0.009163 1111111111111111
256 2 16 16 0.008420 2222221111111111
256 2 16 17 0.008721 1111111111111111
256 2 16 18 0.010596 2222111111111111
256 2 16 19 0.010033 2222222222222111
256 2 16 20 0.009336 2222222222222111
256 2 16 21 0.008885 1111111111111111
256 2 16 22 0.010083 2111111111111111
256 2 16 23 0.009540 2222222222222222
256 2 16 24 0.008828 2222222222222221
256 2 16 25 0.009027 2222222222222222
256 2 16 26 0.009107 1111111111111111
256 2 16 27 0.008177 2222222222222222
256 2 16 28 0.009395 2222222222222221
256 2 16 29 0.009318 2222222211111111
256 2 16 30 0.008928 2111111111111111
256 2 16 31 0.010323 1111111111111111
256 2 16 32 0.009955 2222221111111111
256 2 16 33 0.010738 2111111111111111
256 2 16 34 0.008903 1111111111111111
256 2 16 35 0.009891 2222222222222222
256 2 16 36 0.008772 2211111111111111
256 2 16 37 0.009994 1111111111111111
256 2 16 38 0.009498 2222222222211111
256 2 16 39 0.009106 2222221111111111
256 2 16 40 0.009563 2222222222222211
256 2 16 41 0.008869 2111111111111111
256 2 16 42 0.010256 2222222222222222
256 2 16 43 0.008027 2222111111111111
256 2 16 44 0.008693 1111111111111111
256 2 16 45 0.008983 2222222222111111
256 2 16 46 0.009288 2222222222222222
256 2 16 47 0.009980 1111111111111111
256 2 16 48 0.008250 2222222221111111
256 2 16 49 0.009003 1111111111111111
256 2 16 50 0.008742 1111111111111111
256 2 16 51 0.008545 2222222222222222
256 2 16 52 0.009540 2211111111111111
256 2 16 53 0.009448 2222222222222222
256 2 16 54 0.009418 2222222211111111
256 2 16 55 0.009190 2221111111111111
256 2 16 56 0.008426 2222222222222222
256 2 16 57 0.009343 2222221111111111
256 2 16 58 0.009008 2211111111111111
256 2 16 59 0.009558 2222222222111111
256 2 16 60 0.009283 1111111111111111
256 2 16 61 0.009998 1111111111111111
256 2 16 62 0.009626 2222222222222222
256 2 16 63 0.009311 1111111111111111
256 2 16 64 0.008093 2111111111111111
256 2 16 65 0.008411 2222221111111111
256 2 16 66 0.008919 2111111111111111
256 2 16 67 0.008924 2221111111111111
256 2 16 68 0.008160 2111111111111111
256 2 16 69 0.008475 1111111111111111
256 2 16 70 0.009241 2222222111111111
256 2 16 71 0.010536 2222222222221111
256 2 16 72 0.008216 2222222222221111
256 2 16 73 0.008835 2211111111111111
256 2 16 74 0.008013 2221111111111111
256 2 16 75 0.009378 2222222222222222
256 2 16 76 0.008441 1111111111111111
256 2 16 77 0.008883 1111111111111111
256 2 16 78 0.008734 1111111111111111
256 2 16 79 0.008581 2222222222111111
256 2 16 80 0.009137 2222222111111111
256 2 16 81 0.009659 2222222222222222
256 2 16 82 0.009712 1111111111111111
256 2 16 83 0.007325 2111111111111111
256 2 16 84 0.009180 2222222222222211
256 2 16 85 0.008715 1111111111111111
256 2 16 86 0.009433 2222222222222222
256 2 16 87 0.008695 2222111111111111
256 2 16 88 0.009399 1111111111111111
256 2 16 89 0.009235 1111111111111111
256 2 16 90 0.009710 2222222222222222
256 2 16 91 0.010303 1111111111111111
256 2 16 92 0.008040 2222222222222111
256 2 16 93 0.009329 1111111111111111
256 2 16 94 0.009561 2222222222222222
256 2 16 95 0.009658 2222222222222111
256 2 16 96 0.009562 2222222222222222
256 2 16 97 0.008883 2222221111111111
256 2 16 98 0.009699 2222222222222111
256 2 16 99 0.009993 2222222222222222
256 2 32 0 0.005742 22222222
256 2 32 1 0.004933 22211111
256 2 32 2 0.005155 22222221
256 2 32 3 0.004578 22222222
256 2 32 4 0.005828 22222222
256 2 32 5 0.004299 11111111
256 2 32 6 0.005037 22222222
256 2 32 7 0.005344 11111111
256 2 32 8 0.005316 22221111
256 2 32 9 0.005065 22222222
256 2 32 10 0.004934 11111111
256 2 32 11 0.005134 11111111
256 2 32 12 0.004772 22221111
256 2 32 13 0.004452 22222211
256 2 32 14 0.004882 22222221
256 2 32 15 0.005465 11111111
256 2 32 16 0.004409 22211111
256 2 32 17 0.004681 11111111
256 2 32 18 0.005617 22111111
256 2 32 19 0.005346 22222211
256 2 32 20 0.004794 22222211
256 2 32 21 0.004850 11111111
256 2 32 22 0.005259 11111111
256 2 32 23 0.005133 22222222
256 2 32 24 0.004560 22222221
256 2 32 25 0.004679 22222222
256 2 32 26 0.004801 11111111
256 2 32 27 0.004234 22222222
256 2 32 28 0.005104 22222221
256 2 32 29 0.004894 22221111
256 2 32 30 0.004747 11111111
256 2 32 31 0.005199 11111111
256 2 32 32 0.005374 22211111
256 2 32 33 0.005426 11111111
256 2 32 34 0.004835 11111111
256 2 32 35 0.005204 22222222
256 2 32 36 0.004685 21111111
256 2 32 37 0.005024 11111111
256 2 32 38 0.004988 22222111
256 2 32 39 0.004873 22211111
256 2 32 40 0.005094 22222221
256 2 32 41 0.004676 11111111
256 2 32 42 0.005520 22222222
256 2 32 43 0.004281 22111111
256 2 32 44 0.004508 11111111
256 2 32 45 0.004772 22222111
256 2 32 46 0.004891 22222222
256 2 32 47 0.005224 11111111
256 2 32 48 0.004438 22221111
256 2 32 49 0.004608 11111111
256 2 32 50 0.004659 11111111
256 2 32 51 0.004378 22222222
256 2 32 52 0.005137 21111111
256 2 32 53 0.004849 22222222
256 2 32 54 0.005008 22221111
256 2 32 55 0.004940 21111111
256 2 32 56 0.004428 22222222
256 2 32 57 0.004927 22211111
256 2 32 58 0.004772 21111111
256 2 32 59 0.004883 22222111
256 2 32 60 0.004904 11111111
256 2 32 61 0.005337 11111111
256 2 32 62 0.005102 22222222
256 2 32 63 0.004855 11111111
256 2 32 64 0.004353 11111111
256 2 32 65 0.004510 22211111
256 2 32 66 0.004767 11111111
256 2 32 67 0.004639 21111111
256 2 32 68 0.004349 11111111
256 2 32 69 0.004313 11111111
256 2 32 70 0.005060 22211111
256 2 32 71 0.005458 22222211
256 2 32 72 0.004312 22222211
256 2 32 73 0.004843 21111111
256 2 32 74 0.004152 21111111
256 2 32 75 0.004942 22222222
256 2 32 76 0.004560 11111111
256 2 32 77 0.004582 11111111
256 2 32 78 0.004572 11111111
256 2 32 79 0.005053 22222111
256 2 32 80 0.005334 22211111
256 2 32 81 0.004998 22222222
256 2 32 82 0.005119 11111111
256 2 32 83 0.003778 11111111
256 2 32 84 0.004664 22222221
256 2 32 85 0.004752 11111111
256 2 32 86 0.004953 22222222
256 2 32 87 0.004625 22111111
256 2 32 88 0.004825 11111111
256 2 32 89 0.004951 11111111
256 2 32 90 0.005191 22222222
256 2 32 91 0.005328 11111111
256 2 32 92 0.004367 22222211
256 2 32 93 0.004874 11111111
256 2 32 94 0.005136 22222222
256 2 32 95 0.005153 22222211
256 2 32 96 0.004964 22222222
256 2 32 97 0.004892 22211111
256 2 32 98 0.004986 22222211
256 2 32 99 0.005147 22222222
256 4 8 0 0.061394 22222222222222222222222222222222
256 4 8 1 0.048304 22222222222222222222222222222222
256 4 8 2 0.050901 22222222222222222222222222222222
256 4 8 3 0.044585 22222222222222222222222222222222
256 4 8 4 0.059233 22222222222222222222222222222222
256 4 8 5 0.043302 11111111111111111111111111111111
256 4 8 6 0.052453 22222222222222222222222222222222
256 4 8 7 0.054375 11111111111111111111111111111111
256 4 8 8 0.056645 22222222222222222222222222222222
256 4 8 9 0.051287 22222222222222222222222222222222
256 4 8 10 0.050109 11111111111111111111111111111111
256 4 8 11 0.050970 02222222222222222222222222222222
256 4 8 12 0.046145 22222222222222222222222222222222
256 4 8 13 0.045325 22222222222222222222222222222222
256 4 8 14 0.051271 22222222222222222222222222222222
256 4 8 15 0.050753 11111111111111111111111111111111
256 4 8 16 0.043308 22222222222222222222222222222222
256 4 8 17 0.045244 11111111111111111111111111111111
256 4 8 18 0.055669 22222222222222222222222222222222
256 4 8 19 0.056013 22222222222222222222222222222222
256 4 8 20 0.046144 22222222222222222222222222222222
256 4 8 21 0.046513 11111111111111111111111111111111
256 4 8 22 0.057004 22222222222222222222222222222222
256 4 8 23 0.051106 22222222222222222222222222222222
256 4 8 24 0.045801 22222222222222222222222222222222
256 4 8 25 0.044731 22222222222222222222222222222222
256 4 8 26 0.050151 11111111111111111111111111111111
256 4 8 27 0.042734 22222222222222222222222222222222
256 4 8 28 0.051216 22222222222222222222222222222222
256 4 8 29 0.050483 22222222222222222222222222222222
256 4 8 30 0.049035 22222222222222222222222222222222
256 4 8 31 0.055313 11111111111111111111111111111111
256 4 8 32 0.053652 22222222222222222222222222222222
256 4 8 33 0.056354 22222222222222222222222222222222
256 4 8 34 0.047281 11111111111111111111111111111111
256 4 8 35 0.052942 22222222222222222222222222222222
256 4 8 36 0.045319 22222222222222222222222222222222
256 4 8 37 0.051622 11111111111111111111111111111111
256 4 8 38 0.051432 22222222222222222222222222222222
256 4 8 39 0.050822 22222222222222222222222222222222
256 4 8 40 0.051730 22222222222222222222222222222222
256 4 8 41 0.047421 22222222222222222222222222222222
256 4 8 42 0.054743 22222222222222222222222222222222
256 4 8 43 0.040664 22222222222222222222222222222222
256 4 8 44 0.042100 11111111111111111111111111111111
256 4 8 45 0.049942 22222222222222222222222222222222
256 4 8 46 0.050425 02222222222222222222222222222222
256 4 8 47 0.054794 11111111111111111111111111111111
256 4 8 48 0.044912 22222222222222222222222222222222
256 4 8 49 0.046414 11111111111111111111111111111111
256 4 8 50 0.047003 11111111111111111111111111111111
256 4 8 51 0.043036 22222222222222222222222222222222
256 4 8 52 0.055458 22222222222222222222222222222222
256 4 8 53 0.050875 22222222222222222222222222222222
256 4 8 54 0.051684 22222222222222222222222222222222
256 4 8 55 0.051774 22222222222222222222222222222222
256 4 8 56 0.042463 22222222222222222222222222222222
256 4 8 57 0.050021 22222222222222222222222222222222
256 4 8 58 0.047065 22222222222222222222222222222222
256 4 8 59 0.048758 22222222222222222222222222222222
256 4 8 60 0.050144 11111111111111111111111111111111
256 4 8 61 0.053751 22222222222222222222222222222222
256 4 8 62 0.049599 22222222222222222222222222222222
256 4 8 63 0.047401 11111111111111111111111111111111
256 4 8 64 0.041878 02222222222222222222222222222222
256 4 8 65 0.043013 22222222222222222222222222222222
256 4 8 66 0.051591 22222222222222222222222222222222
256 4 8 67 0.047507 22222222222222222222222222222222
256 4 8 68 0.043031 22222222222222222222222222222222
256 4 8 69 0.041649 11111111111111111111111111111111
256 4 8 70 0.049228 22222222222222222222222222222222
256 4 8 71 0.055691 22222222222222222222222222222222
256 4 8 72 0.042787 22222222222222222222222222222222
256 4 8 73 0.045601 22222222222222222222222222222222
256 4 8 74 0.041853 22222222222222222222222222222222
256 4 8 75 0.048108 22222222222222222222222222222222
256 4 8 76 0.049034 11111111111111111111111111111111
256 4 8 77 0.045983 11111111111111111111111111111111
256 4 8 78 0.045470 11111111111111111111111111111111
256 4 8 79 0.047828 22222222222222222222222222222222
256 4 8 80 0.047725 22222222222222222222222222222222
256 4 8 81 0.052707 22222222222222222222222222222222
256 4 8 82 0.051149 11111111111111111111111111111111
256 4 8 83 0.035547 22222222222222222222222222222222
256 4 8 84 0.044085 22222222222222222222222222222222
256 4 8 85 0.047875 11111111111111111111111111111111
256 4 8 86 0.052423 22222222222222222222222222222222
256 4 8 87 0.044854 22222222222222222222222222222222
256 4 8 88 0.049245 11111111111111111111111111111111
256 4 8 89 0.049101 11111111111111111111111111111111
256 4 8 90 0.054209 22222222222222222222222222222222
256 4 8 91 0.054151 11111111111111111111111111111111
256 4 8 92 0.042765 22222222222222222222222222222222
256 4 8 93 0.049206 11111111111111111111111111111111
256 4 8 94 0.049376 22222222222222222222222222222222
256 4 8 95 0.052002 22222222222222222222222222222222
256 4 8 96 0.051863 22222222222222222222222222222222
256 4 8 97 0.046748 22222222222222222222222222222222
256 4 8 98 0.051574 22222222222222222222222222222222
256 4 8 99 0.053899 22222222222222222222222222222222
256 4 16 0 0.031713 2222222222222222
256 4 16 1 0.024454 2222222222222222
256 4 16 2 0.025573 2222222222222222
256 4 16 3 0.023002 2222222222222222
256 4 16 4 0.029635 2222222222222222
256 4 16 5 0.022497 1111111111111111
256 4 16 6 0.027482 2222222222222222
256 4 16 7 0.027594 1111111111111111
256 4 16 8 0.027859 2222222222222222
256 4 16 9 0.026549 2222222222222222
256 4 16 10 0.026335 1111111111111111
256 4 16 11 0.025992 2222222222222222
256 4 16 12 0.023659 2222222222222222
256 4 16 13 0.023356 2222222222222222
256 4 16 14 0.025944 2222222222222222
256 4 16 15 0.025144 1111111111111111
256 4 16 16 0.021917 2222222222222222
256 4 16 17 0.022730 1111111111111111
256 4 16 18 0.028499 2222222222222222
256 4 16 19 0.028006 2222222222222222
256 4 16 20 0.023935 2222222222222222
256 4 16 21 0.024109 1111111111111111
256 4 16 22 0.028444 2222222222222222
256 4 16 23 0.026100 2222222222222222
256 4 16 24 0.023477 2222222222222222
256 4 16 25 0.022870 2222222222222222
256 4 16 26 0.025680 1111111111111111
256 4 16 27 0.021565 2222222222222222
256 4 16 28 0.026284 2222222222222222
256 4 16 29 0.025255 2222222222222222
256 4 16 30 0.025284 2222222222222222
256 4 16 31 0.027592 1111111111111111
256 4 16 32 0.027518 2222222222222222
256 4 16 33 0.028764 2222222222222222
256 4 16 34 0.024935 1111111111111111
256 4 16 35 0.026970 2222222222222222
256 4 16 36 0.023512 2222222222222222
256 4 16 37 0.026367 1111111111111111
256 4 16 38 0.026275 2222222222222222
256 4 16 39 0.025759 2222222222222222
256 4 16 40 0.026341 2222222222222222
256 4 16 41 0.023589 2222222222222222
256 4 16 42 0.027860 2222222222222222
256 4 16 43 0.020691 2222222222222222
256 4 16 44 0.022211 1111111111111111
256 4 16 45 0.025960 2222222222222222
256 4 16 46 0.026216 2222222222222222
256 4 16 47 0.028872 1111111111111111
256 4 16 48 0.023370 2222222222222222
256 4 16 49 0.023719 1111111111111111
256 4 16 50 0.023663 1111111111111111
256 4 16 51 0.022572 2222222222222222
256 4 16 52 0.026283 2222222222222222
256 4 16 53 0.024943 2222222222222222
256 4 16 54 0.026622 2222222222222222
256 4 16 55 0.026305 2222222222222222
256 4 16 56 0.021720 2222222222222222
256 4 16 57 0.026340 2222222222222222
256 4 16 58 0.024295 2222222222222222
256 4 16 59 0.025578 2222222222222222
256 4 16 60 0.028804 1111111111111111
256 4 16 61 0.027494 2222222222222222
256 4 16 62 0.025775 2222222222222222
256 4 16 63 0.024452 1111111111111111
256 4 16 64 0.021441 2222222222222222
256 4 16 65 0.022927 2222222222222222
256 4 16 66 0.024793 2222222222222222
256 4 16 67 0.024383 2222222222222222
256 4 16 68 0.021672 2222222222222222
256 4 16 69 0.022218 1111111111111111
256 4 16 70 0.024219 2222222222222222
256 4 16 71 0.029151 2222222222222222
256 4 16 72 0.022076 2222222222222222
256 4 16 73 0.023667 2222222222222222
256 4 16 74 0.021127 2222222222222222
256 4 16 75 0.025179 2222222222222222
256 4 16 76 0.023917 1111111111111111
256 4 16 77 0.023123 1111111111111111
256 4 16 78 0.024363 1111111111111111
256 4 16 79 0.024529 2222222222222222
256 4 16 80 0.024850 2222222222222222
256 4 16 81 0.026840 2222222222222222
256 4 16 82 0.026697 1111111111111111
256 4 16 83 0.018534 2222222222222222
256 4 16 84 0.022682 2222222222222222
256 4 16 85 0.023708 1111111111111111
256 4 16 86 0.027691 2222222222222222
256 4 16 87 0.022959 2222222222222222
256 4 16 88 0.025469 1111111111111111
256 4 16 89 0.025383 1111111111111111
256 4 16 90 0.027408 2222222222222222
256 4 16 91 0.027673 1111111111111111
256 4 16 92 0.021983 2222222222222222
256 4 16 93 0.025509 1111111111111111
256 4 16 94 0.026660 2222222222222222
256 4 16 95 0.025731 2222222222222222
256 4 16 96 0.025968 2222222222222222
256 4 16 97 0.024057 2222222222222222
256 4 16 98 0.025962 2222222222222222
256 4 16 99 0.027680 2222222222222222
256 4 32 0 0.016888 22222222
256 4 32 1 0.013206 22222222
256 4 32 2 0.013929 22222222
256 4 32 3 0.012316 22222222
256 4 32 4 0.015679 22222222
256 4 32 5 0.011563 11111111
256 4 32 6 0.014665 22222222
256 4 32 7 0.014015 11111111
256 4 32 8 0.015350 22222222
256 4 32 9 0.013849 22222222
256 4 32 10 0.013668 11111111
256 4 32 11 0.013502 22222222
256 4 32 12 0.012737 22222222
256 4 32 13 0.012087 22222222
256 4 32 14 0.013595 22222222
256 4 32 15 0.013646 11111111
256 4 32 16 0.011486 22222222
256 4 32 17 0.011971 11111111
256 4 32 18 0.015283 22222222
256 4 32 19 0.015010 22222222
256 4 32 20 0.013012 22222222
256 4 32 21 0.012699 11111111
256 4 32 22 0.015033 22222222
256 4 32 23 0.015229 22222222
256 4 32 24 0.012340 22222222
256 4 32 25 0.012122 22222222
256 4 32 26 0.013735 11111111
256 4 32 27 0.011304 22222222
256 4 32 28 0.013908 22222222
256 4 32 29 0.013490 22222222
256 4 32 30 0.013435 22222222
256 4 32 31 0.014643 11111111
256 4 32 32 0.014326 22222222
256 4 32 33 0.015635 22222222
256 4 32 34 0.013124 11111111
256 4 32 35 0.014884 22222222
256 4 32 36 0.012153 22222222
256 4 32 37 0.014106 11111111
256 4 32 38 0.013685 22222222
256 4 32 39 0.013727 22222222
256 4 32 40 0.013914 22222222
256 4 32 41 0.012587 22222222
256 4 32 42 0.014753 22222222
256 4 32 43 0.010771 22222222
256 4 32 44 0.011502 11111111
256 4 32 45 0.013586 22222222
256 4 32 46 0.013986 22222222
256 4 32 47 0.014880 11111111
256 4 32 48 0.012445 22222222
256 4 32 49 0.012637 11111111
256 4 32 50 0.012768 11111111
256 4 32 51 0.011590 22222222
256 4 32 52 0.014065 22222222
256 4 32 53 0.013355 22222222
256 4 32 54 0.014196 22222222
256 4 32 55 0.014077 22222222
256 4 32 56 0.011732 22222222
256 4 32 57 0.013538 22222222
256 4 32 58 0.013251 22222222
256 4 32 59 0.013405 22222222
256 4 32 60 0.013911 11111111
256 4 32 61 0.014527 22222222
256 4 32 62 0.013701 22222222
256 4 32 63 0.012954 11111111
256 4 32 64 0.012325 22222222
256 4 32 65 0.011674 22222222
256 4 32 66 0.013368 22222222
256 4 32 67 0.012465 22222222
256 4 32 68 0.011468 22222222
256 4 32 69 0.011230 11111111
256 4 32 70 0.013184 22222222
256 4 32 71 0.015761 22222222
256 4 32 72 0.011890 22222222
256 4 32 73 0.013319 22222222
256 4 32 74 0.011314 22222222
256 4 32 75 0.013347 22222222
256 4 32 76 0.012609 11111111
256 4 32 77 0.012205 11111111
256 4 32 78 0.012371 11111111
256 4 32 79 0.012547 22222222
256 4 32 80 0.013306 22222222
256 4 32 81 0.013998 22222222
256 4 32 82 0.014431 11111111
256 4 32 83 0.009898 22222222
256 4 32 84 0.011916 22222222
256 4 32 85 0.013000 11111111
256 4 32 86 0.014397 22222222
256 4 32 87 0.012158 22222222
256 4 32 88 0.013179 11111111
256 4 32 89 0.013638 11111111
256 4 32 90 0.014458 22222222
256 4 32 91 0.014779 11111111
256 4 32 92 0.011735 22222222
256 4 32 93 0.013452 11111111
256 4 32 94 0.013258 22222222
256 4 32 95 0.014074 22222222
256 4 32 96 0.013795 22222222
256 4 32 97 0.012913 22222222
256 4 32 98 0.013757 22222222
256 4 32 99 0.014730 22222222
256 8 16 0 0.100764 2222222222222222
256 8 16 1 0.079700 2222222222222222
256 8 16 2 0.084143 2222222222222222
256 8 16 3 0.074049 2222222222222222
256 8 16 4 0.102336 2222222222222222
256 8 16 5 0.067876 1111111111111111
256 8 16 6 0.080585 2222222222222222
256 8 16 7 0.085859 1111111111111111
256 8 16 8 0.089013 2222222222222222
256 8 16 9 0.084981 2222222222222222
256 8 16 10 0.081496 1111111111111111
256 8 16 11 0.086792 2222222222222222
256 8 16 12 0.074997 2222222222222222
256 8 16 13 0.074162 2222222222222222
256 8 16 14 0.078236 2222222222222222
256 8 16 15 0.084076 1111111111111111
256 8 16 16 0.071094 2222222222222222
256 8 16 17 0.086485 1111111111111111
256 8 16 18 0.093287 2222222222222222
256 8 16 19 0.093948 2222222222222222
256 8 16 20 0.075055 2222222222222222
256 8 16 21 0.080364 1111111111111111
256 8 16 22 0.089827 2222222222222222
256 8 16 23 0.084336 2222222222222222
256 8 16 24 0.074475 2222222222222222
256 8 16 25 0.076471 2222222222222222
256 8 16 26 0.084896 1111111111111111
256 8 16 27 0.068656 2222222222222222
256 8 16 28 0.084377 2222222222222222
256 8 16 29 0.076572 2222222222222222
256 8 16 30 0.083839 2222222222222222
256 8 16 31 0.089915 1111111111111111
256 8 16 32 0.084412 2222222222222222
256 8 16 33 0.095222 2222222222222222
256 8 16 34 0.080720 1111111111111111
256 8 16 35 0.096862 2222222222222222
256 8 16 36 0.079823 2222222222222222
256 8 16 37 0.085130 1111111111111111
256 8 16 38 0.084766 2222222222222222
256 8 16 39 0.085037 2222222222222222
256 8 16 40 0.089832 2222222222222222
256 8 16 41 0.072118 2222222222222222
256 8 16 42 0.090085 2222222222222222
256 8 16 43 0.063236 2222222222222222
256 8 16 44 0.066550 1111111111111111
256 8 16 45 0.079319 2222222222222222
256 8 16 46 0.082991 2222222222222222
256 8 16 47 0.090242 1111111111111111
256 8 16 48 0.068962 2222222222222222
256 8 16 49 0.073868 1111111111111111
256 8 16 50 0.074493 1111111111111111
256 8 16 51 0.071040 2222222222222222
256 8 16 52 0.082709 2222222222222222
256 8 16 53 0.079915 2222222222222222
256 8 16 54 0.081022 2222222222222222
256 8 16 55 0.082339 2222222222222222
256 8 16 56 0.073905 2222222222222222
256 8 16 57 0.080511 2222222222222222
256 8 16 58 0.079480 2222222222222222
256 8 16 59 0.079558 2222222222222222
256 8 16 60 0.082992 1111111111111111
256 8 16 61 0.088528 2222222222222222
256 8 16 62 0.085226 2222222222222222
256 8 16 63 0.081676 1111111111111111
256 8 16 64 0.071666 2222222222222222
256 8 16 65 0.068545 2222222222222222
256 8 16 66 0.081286 2222222222222222
256 8 16 67 0.076668 2222222222222222
256 8 16 68 0.064438 2222222222222222
256 8 16 69 0.068855 1111111111111111
256 8 16 70 0.076730 2222222222222222
256 8 16 71 0.090444 2222222222222222
256 8 16 72 0.074474 2222222222222222
256 8 16 73 0.073209 2222222222222222
256 8 16 74 0.064047 2222222222222222
256 8 16 75 0.083527 2222222222222222
256 8 16 76 0.073173 1111111111111111
256 8 16 77 0.080412 1111111111111111
256 8 16 78 0.073164 1111111111111111
256 8 16 79 0.074644 2222222222222222
256 8 16 80 0.075906 2222222222222222
256 8 16 81 0.087733 2222222222222222
256 8 16 82 0.086182 1111111111111111
256 8 16 83 0.053173 2222222222222222
256 8 16 84 0.069479 2222222222222222
256 8 16 85 0.078849 1111111111111111
256 8 16 86 0.089516 2222222222222222
256 8 16 87 0.074053 2222222222222222
256 8 16 88 0.078520 1111111111111111
256 8 16 89 0.081320 1111111111111111
256 8 16 90 0.089221 2222222222222222
256 8 16 91 0.090718 1111111111111111
256 8 16 92 0.070623 2222222222222222
256 8 16 93 0.077863 1111111111111111
256 8 16 94 0.086421 2222222222222222
256 8 16 95 0.084229 2222222222222222
256 8 16 96 0.078919 2222222222222222
256 8 16 97 0.076078 2222222222222222
256 8 16 98 0.083758 2222222222222222
256 8 16 99 0.090279 2222222222222222
256 8 32 0 0.051868 22222222
256 8 32 1 0.042188 22222222
256 8 32 2 0.044609 22222222
256 8 32 3 0.037253 22222222
256 8 32 4 0.053476 22222222
256 8 32 5 0.038479 11111111
256 8 32 6 0.042577 22222222
256 8 32 7 0.044945 11111111
256 8 32 8 0.049154 22222222
256 8 32 9 0.044649 22222222
256 8 32 10 0.043177 11111111
256 8 32 11 0.045008 22222222
256 8 32 12 0.041122 22222222
256 8 32 13 0.040750 22222222
256 8 32 14 0.043378 22222222
256 8 32 15 0.043871 11111111
256 8 32 16 0.036329 22222222
256 8 32 17 0.040993 11111111
256 8 32 18 0.050835 22222222
256 8 32 19 0.048848 22222222
256 8 32 20 0.039554 22222222
256 8 32 21 0.040025 11111111
256 8 32 22 0.047389 22222222
256 8 32 23 0.046018 22222222
256 8 32 24 0.039607 22222222
256 8 32 25 0.039500 22222222
256 8 32 26 0.044176 11111111
256 8 32 27 0.035405 22222222
256 8 32 28 0.045808 22222222
256 8 32 29 0.039548 22222222
256 8 32 30 0.042158 22222222
256 8 32 31 0.047922 11111111
256 8 32 32 0.044948 22222222
256 8 32 33 0.049587 22222222
256 8 32 34 0.040888 11111111
256 8 32 35 0.047077 22222222
256 8 32 36 0.039150 22222222
256 8 32 37 0.046574 11111111
256 8 32 38 0.047125 22222222
256 8 32 39 0.043384 22222222
256 8 32 40 0.044704 22222222
256 8 32 41 0.039643 22222222
256 8 32 42 0.047291 22222222
256 8 32 43 0.033486 22222222
256 8 32 44 0.036180 11111111
256 8 32 45 0.042306 22222222
256 8 32 46 0.044415 22222222
256 8 32 47 0.050798 11111111
256 8 32 48 0.039239 22222222
256 8 32 49 0.037928 11111111
256 8 32 50 0.039115 11111111
256 8 32 51 0.037606 22222222
256 8 32 52 0.044519 22222222
256 8 32 53 0.041723 22222222
256 8 32 54 0.041518 22222222
256 8 32 55 0.044591 22222222
256 8 32 56 0.036996 22222222
256 8 32 57 0.044944 22222222
256 8 32 58 0.043546 22222222
256 8 32 59 0.041294 22222222
256 8 32 60 0.043942 11111111
256 8 32 61 0.047692 22222222
256 8 32 62 0.043869 22222222
256 8 32 63 0.043093 11111111
256 8 32 64 0.037175 22222222
256 8 32 65 0.036770 22222222
256 8 32 66 0.045355 22222222
256 8 32 67 0.039256 22222222
256 8 32 68 0.035277 22222222
256 8 32 69 0.035062 11111111
256 8 32 70 0.041430 22222222
256 8 32 71 0.047170 22222222
256 8 32 72 0.036853 22222222
256 8 32 73 0.039114 22222222
256 8 32 74 0.034452 22222222
256 8 32 75 0.041901 22222222
256 8 32 76 0.040400 11111111
256 8 32 77 0.041338 11111111
256 8 32 78 0.038217 11111111
256 8 32 79 0.038458 22222222
256 8 32 80 0.041604 22222222
256 8 32 81 0.047747 22222222
256 8 32 82 0.048287 11111111
256 8 32 83 0.027334 22222222
256 8 32 84 0.038027 22222222
256 8 32 85 0.042220 11111111
256 8 32 86 0.046637 22222222
256 8 32 87 0.040351 22222222
256 8 32 88 0.042805 11111111
256 8 32 89 0.041715 11111111
256 8 32 90 0.048808 22222222
256 8 32 91 0.048559 11111111
256 8 32 92 0.036643 22222222
256 8 32 93 0.042036 11111111
256 8 32 94 0.042738 22222222
256 8 32 95 0.043979 22222222
256 8 32 96 0.042984 22222222
256 8 32 97 0.040939 22222222
256 8 32 98 0.047106 22222222
256 8 32 99 0.047959 22222222
512 2 4 0 0.142209 11111111111111111111111111111111111111111111111111111111111111111111111111111111111111111111111111111111111111111111111111111111
512 2 4 1 0.152330 22222222222222222222222222222222222222222222222222222222222222222222222221111111111111111111111111111111111111111111111111111111
512 2 4 2 0.151130 11111111111111111111111111111111111111111111111111111111111111111111111111111111111111111111111111111111111111111111111111111111
512 2 4 3 0.151807 22222222222222222222222222222222222222222222222222222222222222222222222222222222222111111111111111111111111111111111111111111111
512 2 4 4 0.141741 22222222222222211111111111111111111111111111111111111111111111111111111111111111111111111111111111111111111111111111111111111111
512 2 4 5 0.148663 22222222222222222222222222222222222222222222222222222222222222222111111111111111111111111111111111111111111111111111111111111111
512 2 4 6 0.147161 02222222222222222222222222222222222222222221111111111111111111111111111111111111111111111111111111111111111111111111111111111111
512 2 4 7 0.146121 22221111111111111111111111111111111111111111111111111111111111111111111111111111111111111111111111111111111111111111111111111111
512 2 4 8 0.143474 22222222222222222222222222222222222222222222222222222222222222222222222222222222222222211111111111111111111111111111111111111111
512 2 4 9 0.157669 22222222222222222222222222222222222222222222222222222222222222222222222222222222222222222211111111111111111111111111111111111111
512 2 4 10 0.147408 22222222222222222111111111111111111111111111111111111111111111111111111111111111111111111111111111111111111111111111111111111111
512 2 4 11 0.148349 22222222221111111111111111111111111111111111111111111111111111111111111111111111111111111111111111111111111111111111111111111111
512 2 4 12 0.142276 22222222222222222222222222222222222222222222222222211111111111111111111111111111111111111111111111111111111111111111111111111111
512 2 4 13 0.150428 02222222222222222222222222222222222222222222222222222222222222222222222222222222222222222222222222222222222222221111111111111111
512 2 4 14 0.154144 11111111111111111111111111111111111111111111111111111111111111111111111111111111111111111111111111111111111111111111111111111111
512 2 4 15 0.139198 00022222222222222221111111111111111111111111111111111111111111111111111111111111111111111111111111111111111111111111111111111111
512 2 4 16 0.157583 02222222222222222222222222222222222222111111111111111111111111111111111111111111111111111111111111111111111111111111111111111111
512 2 4 17 0.144450 11111111111111111111111111111111111111111111111111111111111111111111111111111111111111111111111111111111111111111111111111111111
512 2 4 18 0.138347 11111111111111111111111111111111111111111111111111111111111111111111111111111111111111111111111111111111111111111111111111111111
512 2 4 19 0.131645 11111111111111111111111111111111111111111111111111111111111111111111111111111111111111111111111111111111111111111111111111111111
512 2 4 20 0.145277 11111111111111111111111111111111111111111111111111111111111111111111111111111111111111111111111111111111111111111111111111111111
512 2 4 21 0.142512 22222222222222222222222221111111111111111111111111111111111111111111111111111111111111111111111111111111111111111111111111111111
512 2 4 22 0.140941 22222222222222222222222222222222222222222222222222222222222222221111111111111111111111111111111111111111111111111111111111111111
512 2 4 23 0.137962 02222221111111111111111111111111111111111111111111111111111111111111111111111111111111111111111111111111111111111111111111111111
512 2 4 24 0.149959 22222222222222222211111111111111111111111111111111111111111111111111111111111111111111111111111111111111111111111111111111111111
512 2 4 25 0.137592 22211111111111111111111111111111111111111111111111111111111111111111111111111111111111111111111111111111111111111111111111111111
512 2 4 26 0.137550 22222222222222222222222222222222222222222222222222222222222222222222222222222222222222222222222222222222222222222222222222222222
512 2 4 27 0.148485 22222111111111111111111111111111111111111111111111111111111111111111111111111111111111111111111111111111111111111111111111111111
512 2 4 28 0.145500 22222222222222222222222222222222211111111111111111111111111111111111111111111111111111111111111111111111111111111111111111111111
512 2 4 29 0.147012 22222222222222222222222111111111111111111111111111111111111111111111111111111111111111111111111111111111111111111111111111111111
512 2 4 30 0.144830 11111111111111111111111111111111111111111111111111111111111111111111111111111111111111111111111111111111111111111111111111111111
512 2 4 31 0.147504 11111111111111111111111111111111111111111111111111111111111111111111111111111111111111111111111111111111111111111111111111111111
512 2 4 32 0.157906 22222222222222222222222222222222222222222222222222222222222222222222222222222222222222222221111111111111111111111111111111111111
512 2 4 33 0.133587 22222222222222222222222222222222222222222222222222222222222222222222222222222111111111111111111111111111111111111111111111111111
512 2 4 34 0.143971 22222222222222222222222222222221111111111111111111111111111111111111111111111111111111111111111111111111111111111111111111111111
512 2 4 35 0.149526 22222222222222222222222222222222222222222222222222111111111111111111111111111111111111111111111111111111111111111111111111111111
512 2 4 36 0.156399 22222222222222222222222222222222222221111111111111111111111111111111111111111111111111111111111111111111111111111111111111111111
512 2 4 37 0.147831 02222222222222222222222222222222222222222222222222222222222222222222211111111111111111111111111111111111111111111111111111111111
512 2 4 38 0.132990 22222222222222222222222221111111111111111111111111111111111111111111111111111111111111111111111111111111111111111111111111111111
512 2 4 39 0.153326 22222221111111111111111111111111111111111111111111111111111111111111111111111111111111111111111111111111111111111111111111111111
512 2 4 40 0.144089 22222222222222222222222221111111111111111111111111111111111111111111111111111111111111111111111111111111111111111111111111111111
512 2 4 41 0.150438 22222222222222222222222222222222222222222222222222222222222222222222222222222222222222222222222222222111111111111111111111111111
512 2 4 42 0.155728 02222222222222222111111111111111111111111111111111111111111111111111111111111111111111111111111111111111111111111111111111111111
512 2 4 43 0.148555 22222222222222222222222222222222222222222222222222222222222222222222222222222222222222222222222222222222222222222222222222222222
512 2 4 44 0.161609 22222222222222222222222222222222222222222221111111111111111111111111111111111111111111111111111111111111111111111111111111111111
512 2 4 45 0.147261 22222222222222222222222222222222222222222222222222222222222222222222222222222111111111111111111111111111111111111111111111111111
512 2 4 46 0.157700 22222222222222222222222222222222222222222222222222221111111111111111111111111111111111111111111111111111111111111111111111111111
512 2 4 47 0.141556 11111111111111111111111111111111111111111111111111111111111111111111111111111111111111111111111111111111111111111111111111111111
512 2 4 48 0.160744 22222222222222222222222222222222222111111111111111111111111111111111111111111111111111111111111111111111111111111111111111111111
512 2 4 49 0.136360 11111111111111111111111111111111111111111111111111111111111111111111111111111111111111111111111111111111111111111111111111111111
512 2 4 50 0.137561 02222222222222222211111111111111111111111111111111111111111111111111111111111111111111111111111111111111111111111111111111111111
512 2 4 51 0.144058 22222222222222222222222222222222222222222211111111111111111111111111111111111111111111111111111111111111111111111111111111111111
512 2 4 52 0.144969 22222222222222222222222222222222222222222222222222222222221111111111111111111111111111111111111111111111111111111111111111111111
512 2 4 53 0.145047 11111111111111111111111111111111111111111111111111111111111111111111111111111111111111111111111111111111111111111111111111111111
512 2 4 54 0.140202 11111111111111111111111111111111111111111111111111111111111111111111111111111111111111111111111111111111111111111111111111111111
512 2 4 55 0.137516 22222222222222222222222222222222111111111111111111111111111111111111111111111111111111111111111111111111111111111111111111111111
512 2 4 56 0.144444 02222222222222222222222222222222222222222111111111111111111111111111111111111111111111111111111111111111111111111111111111111111
512 2 4 57 0.136984 22222222222222222222222222222222222222221111111111111111111111111111111111111111111111111111111111111111111111111111111111111111
512 2 4 58 0.143405 21111111111111111111111111111111111111111111111111111111111111111111111111111111111111111111111111111111111111111111111111111111
512 2 4 59 0.149000 22222222222222222222222222222222222222222222222222222222222222222222222222222222221111111111111111111111111111111111111111111111
512 2 4 60 0.145939 11111111111111111111111111111111111111111111111111111111111111111111111111111111111111111111111111111111111111111111111111111111
512 2 4 61 0.144763 11111111111111111111111111111111111111111111111111111111111111111111111111111111111111111111111111111111111111111111111111111111
512 2 4 62 0.145389 22222222222222222222222222222222222222222222222222222222222222222222211111111111111111111111111111111111111111111111111111111111
512 2 4 63 0.147461 22222222222222221111111111111111111111111111111111111111111111111111111111111111111111111111111111111111111111111111111111111111
512 2 4 64 0.156867 22222222222222222222222222222222222222222222222222222222222222222222222222222222222222222222222222222222222222222222222211111111
512 2 4 65 0.151330 11111111111111111111111111111111111111111111111111111111111111111111111111111111111111111111111111111111111111111111111111111111
512 2 4 66 0.147591 22222222222111111111111111111111111111111111111111111111111111111111111111111111111111111111111111111111111111111111111111111111
512 2 4 67 0.159804 22222222222222221111111111111111111111111111111111111111111111111111111111111111111111111111111111111111111111111111111111111111
512 2 4 68 0.140616 11111111111111111111111111111111111111111111111111111111111111111111111111111111111111111111111111111111111111111111111111111111
512 2 4 69 0.153079 22222222222222222222222222222222222222222222222222222222222222222222222222222211111111111111111111111111111111111111111111111111
512 2 4 70 0.153654 11111111111111111111111111111111111111111111111111111111111111111111111111111111111111111111111111111111111111111111111111111111
512 2 4 71 0.158916 22222222222222222222222222222222222222222222222222222222222222222222222222222222222221111111111111111111111111111111111111111111
512 2 4 72 0.150016 22222222222222111111111111111111111111111111111111111111111111111111111111111111111111111111111111111111111111111111111111111111
512 2 4 73 0.149090 22222222222222222222222222221111111111111111111111111111111111111111111111111111111111111111111111111111111111111111111111111111
512 2 4 74 0.135994 22111111111111111111111111111111111111111111111111111111111111111111111111111111111111111111111111111111111111111111111111111111
512 2 4 75 0.153769 22221111111111111111111111111111111111111111111111111111111111111111111111111111111111111111111111111111111111111111111111111111
512 2 4 76 0.156224 11111111111111111111111111111111111111111111111111111111111111111111111111111111111111111111111111111111111111111111111111111111
512 2 4 77 0.141880 22222222222222211111111111111111111111111111111111111111111111111111111111111111111111111111111111111111111111111111111111111111
512 2 4 78 0.147129 22222222222222222222222211111111111111111111111111111111111111111111111111111111111111111111111111111111111111111111111111111111
512 2 4 79 0.154408 11111111111111111111111111111111111111111111111111111111111111111111111111111111111111111111111111111111111111111111111111111111
512 2 4 80 0.144018 02222222222222222211111111111111111111111111111111111111111111111111111111111111111111111111111111111111111111111111111111111111
512 2 4 81 0.145578 02222222222222222222222222221111111111111111111111111111111111111111111111111111111111111111111111111111111111111111111111111111
512 2 4 82 0.141819 11111111111111111111111111111111111111111111111111111111111111111111111111111111111111111111111111111111111111111111111111111111
512 2 4 83 0.142328 22222222222222222222221111111111111111111111111111111111111111111111111111111111111111111111111111111111111111111111111111111111
512 2 4 84 0.165482 22222222222222222222222222222222222222222222222222222222222222222222222222222222222222222222222222222211111111111111111111111111
512 2 4 85 0.149443 22222222222222222222222222222222222222222222222222222222222222222222221111111111111111111111111111111111111111111111111111111111
512 2 4 86 0.148497 11111111111111111111111111111111111111111111111111111111111111111111111111111111111111111111111111111111111111111111111111111111
512 2 4 87 0.150800 11111111111111111111111111111111111111111111111111111111111111111111111111111111111111111111111111111111111111111111111111111111
512 2 4 88 0.154249 22222222222222222222222222222222222222222222222222222222222222222222222222222222222221111111111111111111111111111111111111111111
512 2 4 89 0.142349 22222211111111111111111111111111111111111111111111111111111111111111111111111111111111111111111111111111111111111111111111111111
512 2 4 90 0.146076 02222222222222222222222222222222222222222222222222222222222222222222222222222222222222222222111111111111111111111111111111111111
512 2 4 91 0.156491 22222222222222222222222222221111111111111111111111111111111111111111111111111111111111111111111111111111111111111111111111111111
512 2 4 92 0.153175 22222222222222222222222222222221111111111111111111111111111111111111111111111111111111111111111111111111111111111111111111111111
512 2 4 93 0.149701 22111111111111111111111111111111111111111111111111111111111111111111111111111111111111111111111111111111111111111111111111111111
512 2 4 94 0.151393 22222222222222222222222222222222222222222222222222222222222222222222222222222222222222222222222222222222222222222222222222222222
512 2 4 95 0.147609 22222222222222222222222222222222222222222222222222222222222222222222222222222222222222222222222222222222222222211111111111111111
512 2 4 96 0.143413 11111111111111111111111111111111111111111111111111111111111111111111111111111111111111111111111111111111111111111111111111111111
512 2 4 97 0.146693 11111111111111111111111111111111111111111111111111111111111111111111111111111111111111111111111111111111111111111111111111111111
512 2 4 98 0.147710 22222222222222222222222222211111111111111111111111111111111111111111111111111111111111111111111111111111111111111111111111111111
512 2 4 99 0.162171 22222222222222222222222222222111111111111111111111111111111111111111111111111111111111111111111111111111111111111111111111111111
512 2 8 0 0.070760 1111111111111111111111111111111111111111111111111111111111111111
512 2 8 1 0.077837 2222222222222222222222222222222222221111111111111111111111111111
512 2 8 2 0.074358 1111111111111111111111111111111111111111111111111111111111111111
512 2 8 3 0.075427 2222222222222222222222222222222222222222211111111111111111111111
512 2 8 4 0.071796 2222222111111111111111111111111111111111111111111111111111111111
512 2 8 5 0.074039 2222222222222222222222222222222211111111111111111111111111111111
512 2 8 6 0.073713 2222222222222222222221111111111111111111111111111111111111111111
512 2 8 7 0.073392 2211111111111111111111111111111111111111111111111111111111111111
512 2 8 8 0.070930 2222222222222222222222222222222222222222222111111111111111111111
512 2 8 9 0.080346 2222222222222222222222222222222222222222222221111111111111111111
512 2 8 10 0.072858 2222222211111111111111111111111111111111111111111111111111111111
512 2 8 11 0.074665 2222211111111111111111111111111111111111111111111111111111111111
512 2 8 12 0.071219 2222222222222222222222222111111111111111111111111111111111111111
512 2 8 13 0.076274 2222222222222222222222222222222222222222222222222222222211111111
512 2 8 14 0.076989 1111111111111111111111111111111111111111111111111111111111111111
512 2 8 15 0.070037 0222222221111111111111111111111111111111111111111111111111111111
512 2 8 16 0.080220 2222222222222222222111111111111111111111111111111111111111111111
512 2 8 17 0.072307 1111111111111111111111111111111111111111111111111111111111111111
512 2 8 18 0.068650 1111111111111111111111111111111111111111111111111111111111111111
512 2 8 19 0.066266 1111111111111111111111111111111111111111111111111111111111111111
512 2 8 20 0.073580 1111111111111111111111111111111111111111111111111111111111111111
512 2 8 21 0.071073 2222222222221111111111111111111111111111111111111111111111111111
512 2 8 22 0.070767 2222222222222222222222222222222211111111111111111111111111111111
512 2 8 23 0.069284 2221111111111111111111111111111111111111111111111111111111111111
512 2 8 24 0.074593 2222222221111111111111111111111111111111111111111111111111111111
512 2 8 25 0.074907 2111111111111111111111111111111111111111111111111111111111111111
512 2 8 26 0.068864 2222222222222222222222222222222222222222222222222222222222222222
512 2 8 27 0.075106 2211111111111111111111111111111111111111111111111111111111111111
512 2 8 28 0.073469 2222222222222222111111111111111111111111111111111111111111111111
512 2 8 29 0.073003 2222222222211111111111111111111111111111111111111111111111111111
512 2 8 30 0.071354 1111111111111111111111111111111111111111111111111111111111111111
512 2 8 31 0.074409 1111111111111111111111111111111111111111111111111111111111111111
512 2 8 32 0.078345 2222222222222222222222222222222222222222222221111111111111111111
512 2 8 33 0.066603 2222222222222222222222222222222222222211111111111111111111111111
512 2 8 34 0.072394 2222222222222221111111111111111111111111111111111111111111111111
512 2 8 35 0.074942 2222222222222222222222222111111111111111111111111111111111111111
512 2 8 36 0.078330 2222222222222222221111111111111111111111111111111111111111111111
512 2 8 37 0.074265 2222222222222222222222222222222222111111111111111111111111111111
512 2 8 38 0.066286 2222222222221111111111111111111111111111111111111111111111111111
512 2 8 39 0.075804 2221111111111111111111111111111111111111111111111111111111111111
512 2 8 40 0.072499 2222222222221111111111111111111111111111111111111111111111111111
512 2 8 41 0.074598 2222222222222222222222222222222222222222222222222211111111111111
512 2 8 42 0.077812 2222222211111111111111111111111111111111111111111111111111111111
512 2 8 43 0.075287 2222222222222222222222222222222222222222222222222222222222222222
512 2 8 44 0.080119 2222222222222222222221111111111111111111111111111111111111111111
512 2 8 45 0.073845 2222222222222222222222222222222222222211111111111111111111111111
512 2 8 46 0.078566 2222222222222222222222222211111111111111111111111111111111111111
512 2 8 47 0.071163 1111111111111111111111111111111111111111111111111111111111111111
512 2 8 48 0.081107 2222222222222222211111111111111111111111111111111111111111111111
512 2 8 49 0.068246 1111111111111111111111111111111111111111111111111111111111111111
512 2 8 50 0.068481 2222222221111111111111111111111111111111111111111111111111111111
512 2 8 51 0.071340 2222222222222222222221111111111111111111111111111111111111111111
512 2 8 52 0.070858 2222222222222222222222222222211111111111111111111111111111111111
512 2 8 53 0.072857 1111111111111111111111111111111111111111111111111111111111111111
512 2 8 54 0.069886 1111111111111111111111111111111111111111111111111111111111111111
512 2 8 55 0.074874 1111111111111111111111111111111111111111111111111111111111111111
512 2 8 56 0.071048 2222222222222222222211111111111111111111111111111111111111111111
512 2 8 57 0.072088 2222222222222222222211111111111111111111111111111111111111111111
512 2 8 58 0.071195 1111111111111111111111111111111111111111111111111111111111111111
512 2 8 59 0.074954 2222222222222222222222222222222222222222211111111111111111111111
512 2 8 60 0.073078 1111111111111111111111111111111111111111111111111111111111111111
512 2 8 61 0.071428 1111111111111111111111111111111111111111111111111111111111111111
512 2 8 62 0.071971 2222222222222222222222222222222222111111111111111111111111111111
512 2 8 63 0.074607 2222222211111111111111111111111111111111111111111111111111111111
512 2 8 64 0.078740 2222222222222222222222222222222222222222222222222222222222221111
512 2 8 65 0.075399 1111111111111111111111111111111111111111111111111111111111111111
512 2 8 66 0.074124 2222211111111111111111111111111111111111111111111111111111111111
512 2 8 67 0.072109 2222222211111111111111111111111111111111111111111111111111111111
512 2 8 68 0.070133 1111111111111111111111111111111111111111111111111111111111111111
512 2 8 69 0.075837 2222222222222222222222222222222222222221111111111111111111111111
512 2 8 70 0.077105 1111111111111111111111111111111111111111111111111111111111111111
512 2 8 71 0.079075 2222222222222222222222222222222222222222221111111111111111111111
512 2 8 72 0.075588 2222222111111111111111111111111111111111111111111111111111111111
512 2 8 73 0.074305 2222222222222211111111111111111111111111111111111111111111111111
512 2 8 74 0.067372 2111111111111111111111111111111111111111111111111111111111111111
512 2 8 75 0.077072 2211111111111111111111111111111111111111111111111111111111111111
512 2 8 76 0.077433 1111111111111111111111111111111111111111111111111111111111111111
512 2 8 77 0.070451 2222222111111111111111111111111111111111111111111111111111111111
512 2 8 78 0.074838 2222222222221111111111111111111111111111111111111111111111111111
512 2 8 79 0.076872 1111111111111111111111111111111111111111111111111111111111111111
512 2 8 80 0.070786 2222222221111111111111111111111111111111111111111111111111111111
512 2 8 81 0.073019 2222222222222211111111111111111111111111111111111111111111111111
512 2 8 82 0.071116 1111111111111111111111111111111111111111111111111111111111111111
512 2 8 83 0.071568 2222222222211111111111111111111111111111111111111111111111111111
512 2 8 84 0.082299 2222222222222222222222222222222222222222222222222221111111111111
512 2 8 85 0.073819 2222222222222222222222222222222222211111111111111111111111111111
512 2 8 86 0.074004 1111111111111111111111111111111111111111111111111111111111111111
512 2 8 87 0.075498 1111111111111111111111111111111111111111111111111111111111111111
512 2 8 88 0.076107 2222222222222222222222222222222222222222221111111111111111111111
512 2 8 89 0.071318 2221111111111111111111111111111111111111111111111111111111111111
512 2 8 90 0.072334 2222222222222222222222222222222222222222222222111111111111111111
512 2 8 91 0.078560 2222222222222211111111111111111111111111111111111111111111111111
512 2 8 92 0.079154 2222222222222221111111111111111111111111111111111111111111111111
512 2 8 93 0.075231 2111111111111111111111111111111111111111111111111111111111111111
512 2 8 94 0.076094 1111111111111111111111111111111111111111111111111111111111111111
512 2 8 95 0.073902 2222222222222222222222222222222222222222222222222222222111111111
512 2 8 96 0.072041 1111111111111111111111111111111111111111111111111111111111111111
512 2 8 97 0.073834 1111111111111111111111111111111111111111111111111111111111111111
512 2 8 98 0.074002 2222222222222111111111111111111111111111111111111111111111111111
512 2 8 99 0.080190 2222221111111111111111111111111111111111111111111111111111111111
512 2 16 0 0.036131 11111111111111111111111111111111
512 2 16 1 0.038351 22222222222222222211111111111111
512 2 16 2 0.037936 11111111111111111111111111111111
512 2 16 3 0.038117 22222222222222222222111111111111
512 2 16 4 0.036431 22211111111111111111111111111111
512 2 16 5 0.037283 22222222222222221111111111111111
512 2 16 6 0.037016 22222222221111111111111111111111
512 2 16 7 0.037164 21111111111111111111111111111111
512 2 16 8 0.036153 22222222222222222222211111111111
512 2 16 9 0.040218 22222222222222222222221111111111
512 2 16 10 0.036916 22221111111111111111111111111111
512 2 16 11 0.038221 22111111111111111111111111111111
512 2 16 12 0.035792 22222222222211111111111111111111
512 2 16 13 0.038627 22222222222222222222222222221111
512 2 16 14 0.038828 11111111111111111111111111111111
512 2 16 15 0.035632 22221111111111111111111111111111
512 2 16 16 0.043732 22222222211111111111111111111111
512 2 16 17 0.036855 11111111111111111111111111111111
512 2 16 18 0.034309 11111111111111111111111111111111
512 2 16 19 0.033316 11111111111111111111111111111111
512 2 16 20 0.037245 11111111111111111111111111111111
512 2 16 21 0.036944 22222211111111111111111111111111
512 2 16 22 0.036138 22222222222222221111111111111111
512 2 16 23 0.035535 21111111111111111111111111111111
512 2 16 24 0.037450 22221111111111111111111111111111
512 2 16 25 0.034610 11111111111111111111111111111111
512 2 16 26 0.035042 22222222222222222222222222222222
512 2 16 27 0.037608 21111111111111111111111111111111
512 2 16 28 0.036786 22222222111111111111111111111111
512 2 16 29 0.036790 22222111111111111111111111111111
512 2 16 30 0.036988 11111111111111111111111111111111
512 2 16 31 0.037144 11111111111111111111111111111111
512 2 16 32 0.039790 22222222222222222222221111111111
512 2 16 33 0.033978 22222222222222222221111111111111
512 2 16 34 0.036418 22222221111111111111111111111111
512 2 16 35 0.038133 22222222222211111111111111111111
512 2 16 36 0.039069 22222222211111111111111111111111
512 2 16 37 0.038022 22222222222222222111111111111111
512 2 16 38 0.033443 22222211111111111111111111111111
512 2 16 39 0.038575 21111111111111111111111111111111
512 2 16 40 0.036452 22222211111111111111111111111111
512 2 16 41 0.038198 22222222222222222222222221111111
512 2 16 42 0.039327 22221111111111111111111111111111
512 2 16 43 0.037790 22222222222222222222222222222222
512 2 16 44 0.041250 22222222221111111111111111111111
512 2 16 45 0.037343 22222222222222222221111111111111
512 2 16 46 0.039981 22222222222221111111111111111111
512 2 16 47 0.035901 11111111111111111111111111111111
512 2 16 48 0.041382 22222222111111111111111111111111
512 2 16 49 0.035020 11111111111111111111111111111111
512 2 16 50 0.037641 22221111111111111111111111111111
512 2 16 51 0.036187 22222222221111111111111111111111
512 2 16 52 0.036199 22222222222222111111111111111111
512 2 16 53 0.036880 11111111111111111111111111111111
512 2 16 54 0.035086 11111111111111111111111111111111
512 2 16 55 0.034557 11111111111111111111111111111111
512 2 16 56 0.036292 22222222221111111111111111111111
512 2 16 57 0.035575 22222222221111111111111111111111
512 2 16 58 0.036017 11111111111111111111111111111111
512 2 16 59 0.037617 22222222222222222222111111111111
512 2 16 60 0.036583 11111111111111111111111111111111
512 2 16 61 0.036417 11111111111111111111111111111111
512 2 16 62 0.036468 22222222222222222111111111111111
512 2 16 63 0.038142 22221111111111111111111111111111
512 2 16 64 0.039782 22222222222222222222222222222211
512 2 16 65 0.038463 11111111111111111111111111111111
512 2 16 66 0.037362 22111111111111111111111111111111
512 2 16 67 0.036175 22221111111111111111111111111111
512 2 16 68 0.035668 11111111111111111111111111111111
512 2 16 69 0.039208 22222222222222222221111111111111
512 2 16 70 0.039333 11111111111111111111111111111111
512 2 16 71 0.039698 22222222222222222222211111111111
512 2 16 72 0.037501 22211111111111111111111111111111
512 2 16 73 0.037673 22222221111111111111111111111111
512 2 16 74 0.034043 11111111111111111111111111111111
512 2 16 75 0.038475 21111111111111111111111111111111
512 2 16 76 0.039287 11111111111111111111111111111111
512 2 16 77 0.035767 22211111111111111111111111111111
512 2 16 78 0.037221 22222211111111111111111111111111
512 2 16 79 0.039067 11111111111111111111111111111111
512 2 16 80 0.035941 22221111111111111111111111111111
512 2 16 81 0.036922 22222221111111111111111111111111
512 2 16 82 0.035821 11111111111111111111111111111111
512 2 16 83 0.035944 22222111111111111111111111111111
512 2 16 84 0.041477 22222222222222222222222221111111
512 2 16 85 0.037239 22222222222222222111111111111111
512 2 16 86 0.037058 11111111111111111111111111111111
512 2 16 87 0.039128 11111111111111111111111111111111
512 2 16 88 0.038778 22222222222222222222211111111111
512 2 16 89 0.035809 21111111111111111111111111111111
512 2 16 90 0.037103 22222222222222222222222111111111
512 2 16 91 0.040372 22222221111111111111111111111111
512 2 16 92 0.039222 22222221111111111111111111111111
512 2 16 93 0.037566 11111111111111111111111111111111
512 2 16 94 0.037674 11111111111111111111111111111111
512 2 16 95 0.037553 22222222222222222222222222211111
512 2 16 96 0.036627 11111111111111111111111111111111
512 2 16 97 0.037072 11111111111111111111111111111111
512 2 16 98 0.038065 22222211111111111111111111111111
512 2 16 99 0.041372 22211111111111111111111111111111
512 2 32 0 0.018270 1111111111111111
512 2 32 1 0.020041 2222222221111111
512 2 32 2 0.019229 1111111111111111
512 2 32 3 0.019920 2222222222111111
512 2 32 4 0.018695 2111111111111111
512 2 32 5 0.019411 2222222211111111
512 2 32 6 0.019203 2222211111111111
512 2 32 7 0.018902 1111111111111111
512 2 32 8 0.018760 2222222222111111
512 2 32 9 0.021004 2222222222211111
512 2 32 10 0.019225 2211111111111111
512 2 32 11 0.019834 2111111111111111
512 2 32 12 0.018599 2222221111111111
512 2 32 13 0.019896 2222222222222211
512 2 32 14 0.020033 1111111111111111
512 2 32 15 0.018261 2211111111111111
512 2 32 16 0.020431 2222111111111111
512 2 32 17 0.018881 1111111111111111
512 2 32 18 0.019539 1111111111111111
512 2 32 19 0.017312 1111111111111111
512 2 32 20 0.019202 1111111111111111
512 2 32 21 0.018314 2221111111111111
512 2 32 22 0.018337 2222222211111111
512 2 32 23 0.018121 1111111111111111
512 2 32 24 0.019438 2211111111111111
512 2 32 25 0.017676 1111111111111111
512 2 32 26 0.017932 2222222222222222
512 2 32 27 0.020017 1111111111111111
512 2 32 28 0.019435 2222111111111111
512 2 32 29 0.018946 2211111111111111
512 2 32 30 0.018794 1111111111111111
512 2 32 31 0.019337 1111111111111111
512 2 32 32 0.020406 2222222222211111
512 2 32 33 0.017607 2222222221111111
512 2 32 34 0.018772 2221111111111111
512 2 32 35 0.019529 2222221111111111
512 2 32 36 0.019929 2222111111111111
512 2 32 37 0.019682 2222222211111111
512 2 32 38 0.016971 2221111111111111
512 2 32 39 0.019898 1111111111111111
512 2 32 40 0.018964 2221111111111111
512 2 32 41 0.019853 2222222222221111
512 2 32 42 0.020505 2211111111111111
512 2 32 43 0.019613 2222222222222222
512 2 32 44 0.020797 2222211111111111
512 2 32 45 0.019295 2222222221111111
512 2 32 46 0.020408 2222221111111111
512 2 32 47 0.018407 1111111111111111
512 2 32 48 0.021160 2222111111111111
512 2 32 49 0.017834 1111111111111111
512 2 32 50 0.017837 2211111111111111
512 2 32 51 0.018733 2222211111111111
512 2 32 52 0.018727 2222222111111111
512 2 32 53 0.019176 1111111111111111
512 2 32 54 0.018264 1111111111111111
512 2 32 55 0.017993 1111111111111111
512 2 32 56 0.018442 2222211111111111
512 2 32 57 0.018120 2222211111111111
512 2 32 58 0.018651 1111111111111111
512 2 32 59 0.019645 2222222222111111
512 2 32 60 0.018869 1111111111111111
512 2 32 61 0.018622 1111111111111111
512 2 32 62 0.019005 2222222211111111
512 2 32 63 0.019455 2211111111111111
512 2 32 64 0.020498 2222222222222221
512 2 32 65 0.019963 1111111111111111
512 2 32 66 0.019031 2111111111111111
512 2 32 67 0.018793 2211111111111111
512 2 32 68 0.018284 1111111111111111
512 2 32 69 0.019672 2222222221111111
512 2 32 70 0.020448 1111111111111111
512 2 32 71 0.020414 2222222222111111
512 2 32 72 0.019437 2111111111111111
512 2 32 73 0.019229 2221111111111111
512 2 32 74 0.017380 1111111111111111
512 2 32 75 0.019651 1111111111111111
512 2 32 76 0.020003 1111111111111111
512 2 32 77 0.018446 2111111111111111
512 2 32 78 0.019316 2221111111111111
512 2 32 79 0.020176 1111111111111111
512 2 32 80 0.018965 2211111111111111
512 2 32 81 0.018842 2221111111111111
512 2 32 82 0.018285 1111111111111111
512 2 32 83 0.018671 2211111111111111
512 2 32 84 0.021439 2222222222221111
512 2 32 85 0.019135 2222222211111111
512 2 32 86 0.018968 1111111111111111
512 2 32 87 0.020401 1111111111111111
512 2 32 88 0.020002 2222222222111111
512 2 32 89 0.018279 1111111111111111
512 2 32 90 0.019790 2222222222211111
512 2 32 91 0.020438 2221111111111111
512 2 32 92 0.019966 2221111111111111
512 2 32 93 0.019596 1111111111111111
512 2 32 94 0.019558 1111111111111111
512 2 32 95 0.019581 2222222222222111
512 2 32 96 0.018868 1111111111111111
512 2 32 97 0.019253 1111111111111111
512 2 32 98 0.018988 2221111111111111
512 2 32 99 0.021056 2111111111111111
512 4 8 0 0.193433 1111111111111111111111111111111111111111111111111111111111111111
512 4 8 1 0.205365 2222222222222222222222222222222222222222222222222222222222222222
512 4 8 2 0.200869 1111111111111111111111111111111111111111111111111111111111111111
512 4 8 3 0.205628 2222222222222222222222222222222222222222222222222222222222222222
512 4 8 4 0.186155 2222222222222222222222222222222222222222222222222222222222222222
512 4 8 5 0.198358 2222222222222222222222222222222222222222222222222222222222222222
512 4 8 6 0.201152 2222222222222222222222222222222222222222222222222222222222222222
512 4 8 7 0.201015 2222222222222222222222222222222222222222222222222222222222222222
512 4 8 8 0.189936 2222222222222222222222222222222222222222222222222222222222222222
512 4 8 9 0.216684 2222222222222222222222222222222222222222222222222222222222222222
512 4 8 10 0.200008 2222222222222222222222222222222222222222222222222222222222222222
512 4 8 11 0.203951 2222222222222222222222222222222222222222222222222222222222222222
512 4 8 12 0.188071 2222222222222222222222222222222222222222222222222222222222222222
512 4 8 13 0.207741 2222222222222222222222222222222222222222222222222222222222222222
512 4 8 14 0.208367 1111111111111111111111111111111111111111111111111111111111111111
512 4 8 15 0.181843 0222222222222222222222222222222222222222222222222222222222222222
512 4 8 16 0.212753 2222222222222222222222222222222222222222222222222222222222222222
512 4 8 17 0.205857 1111111111111111111111111111111111111111111111111111111111111111
512 4 8 18 0.183509 1111111111111111111111111111111111111111111111111111111111111111
512 4 8 19 0.176353 1111111111111111111111111111111111111111111111111111111111111111
512 4 8 20 0.189841 1111111111111111111111111111111111111111111111111111111111111111
512 4 8 21 0.187239 2222222222222222222222222222222222222222222222222222222222222222
512 4 8 22 0.194578 2222222222222222222222222222222222222222222222222222222222222222
512 4 8 23 0.178231 2222222222222222222222222222222222222222222222222222222222222222
512 4 8 24 0.208430 2222222222222222222222222222222222222222222222222222222222222222
512 4 8 25 0.187496 2222222222222222222222222222222222222222222222222222222222222222
512 4 8 26 0.186306 2222222222222222222222222222222222222222222222222222222222222222
512 4 8 27 0.202024 2222222222222222222222222222222222222222222222222222222222222222
512 4 8 28 0.192353 2222222222222222222222222222222222222222222222222222222222222222
512 4 8 29 0.191567 2222222222222222222222222222222222222222222222222222222222222222
512 4 8 30 0.187742 1111111111111111111111111111111111111111111111111111111111111111
512 4 8 31 0.194659 1111111111111111111111111111111111111111111111111111111111111111
512 4 8 32 0.211046 2222222222222222222222222222222222222222222222222222222222222222
512 4 8 33 0.181866 2222222222222222222222222222222222222222222222222222222222222222
512 4 8 34 0.195104 2222222222222222222222222222222222222222222222222222222222222222
512 4 8 35 0.204139 2222222222222222222222222222222222222222222222222222222222222222
512 4 8 36 0.210415 2222222222222222222222222222222222222222222222222222222222222222
512 4 8 37 0.200056 2222222222222222222222222222222222222222222222222222222222222222
512 4 8 38 0.171226 2222222222222222222222222222222222222222222222222222222222222222
512 4 8 39 0.214468 2222222222222222222222222222222222222222222222222222222222222222
512 4 8 40 0.193043 2222222222222222222222222222222222222222222222222222222222222222
512 4 8 41 0.198279 2222222222222222222222222222222222222222222222222222222222222222
512 4 8 42 0.208442 2222222222222222222222222222222222222222222222222222222222222222
512 4 8 43 0.199820 2222222222222222222222222222222222222222222222222222222222222222
512 4 8 44 0.225857 2222222222222222222222222222222222222222222222222222222222222222
512 4 8 45 0.198687 2222222222222222222222222222222222222222222222222222222222222222
512 4 8 46 0.218370 2222222222222222222222222222222222222222222222222222222222222222
512 4 8 47 0.192820 1111111111111111111111111111111111111111111111111111111111111111
512 4 8 48 0.220647 2222222222222222222222222222222222222222222222222222222222222222
512 4 8 49 0.181972 1111111111111111111111111111111111111111111111111111111111111111
512 4 8 50 0.182059 2222222222222222222222222222222222222222222222222222222222222222
512 4 8 51 0.189339 2222222222222222222222222222222222222222222222222222222222222222
512 4 8 52 0.191013 2222222222222222222222222222222222222222222222222222222222222222
512 4 8 53 0.194193 1111111111111111111111111111111111111111111111111111111111111111
512 4 8 54 0.186210 1111111111111111111111111111111111111111111111111111111111111111
512 4 8 55 0.186794 2222222222222222222222222222222222222222222222222222222222222222
512 4 8 56 0.191096 2222222222222222222222222222222222222222222222222222222222222222
512 4 8 57 0.185183 2222222222222222222222222222222222222222222222222222222222222222
512 4 8 58 0.187647 2222222222222222222222222222222222222222222222222222222222222222
512 4 8 59 0.207628 2222222222222222222222222222222222222222222222222222222222222222
512 4 8 60 0.211243 1111111111111111111111111111111111111111111111111111111111111111
512 4 8 61 0.187782 1111111111111111111111111111111111111111111111111111111111111111
512 4 8 62 0.198733 2222222222222222222222222222222222222222222222222222222222222222
512 4 8 63 0.200636 2222222222222222222222222222222222222222222222222222222222222222
512 4 8 64 0.223166 2222222222222222222222222222222222222222222222222222222222222222
512 4 8 65 0.206946 1111111111111111111111111111111111111111111111111111111111111111
512 4 8 66 0.197986 2222222222222222222222222222222222222222222222222222222222222222
512 4 8 67 0.197791 2222222222222222222222222222222222222222222222222222222222222222
512 4 8 68 0.183235 1111111111111111111111111111111111111111111111111111111111111111
512 4 8 69 0.214189 2222222222222222222222222222222222222222222222222222222222222222
512 4 8 70 0.210632 1111111111111111111111111111111111111111111111111111111111111111
512 4 8 71 0.212389 2222222222222222222222222222222222222222222222222222222222222222
512 4 8 72 0.192559 2222222222222222222222222222222222222222222222222222222222222222
512 4 8 73 0.203485 2222222222222222222222222222222222222222222222222222222222222222
512 4 8 74 0.177278 2222222222222222222222222222222222222222222222222222222222222222
512 4 8 75 0.213430 2222222222222222222222222222222222222222222222222222222222222222
512 4 8 76 0.211482 1111111111111111111111111111111111111111111111111111111111111111
512 4 8 77 0.196103 2222222222222222222222222222222222222222222222222222222222222222
512 4 8 78 0.201435 2222222222222222222222222222222222222222222222222222222222222222
512 4 8 79 0.212566 1111111111111111111111111111111111111111111111111111111111111111
512 4 8 80 0.186524 2222222222222222222222222222222222222222222222222222222222222222
512 4 8 81 0.199819 2222222222222222222222222222222222222222222222222222222222222222
512 4 8 82 0.189340 1111111111111111111111111111111111111111111111111111111111111111
512 4 8 83 0.187366 2222222222222222222222222222222222222222222222222222222222222222
512 4 8 84 0.222784 2222222222222222222222222222222222222222222222222222222222222222
512 4 8 85 0.202812 2222222222222222222222222222222222222222222222222222222222222222
512 4 8 86 0.197533 1111111111111111111111111111111111111111111111111111111111111111
512 4 8 87 0.205428 1111111111111111111111111111111111111111111111111111111111111111
512 4 8 88 0.210720 2222222222222222222222222222222222222222222222222222222222222222
512 4 8 89 0.190364 2222222222222222222222222222222222222222222222222222222222222222
512 4 8 90 0.200458 2222222222222222222222222222222222222222222222222222222222222222
512 4 8 91 0.216486 2222222222222222222222222222222222222222222222222222222222222222
512 4 8 92 0.211468 2222222222222222222222222222222222222222222222222222222222222222
512 4 8 93 0.206642 2222222222222222222222222222222222222222222222222222222222222222
512 4 8 94 0.203191 2222222222222222222222222222222222222222222222222222222222222222
512 4 8 95 0.198051 2222222222222222222222222222222222222222222222222222222222222222
512 4 8 96 0.189949 1111111111111111111111111111111111111111111111111111111111111111
512 4 8 97 0.194349 1111111111111111111111111111111111111111111111111111111111111111
512 4 8 98 0.195690 2222222222222222222222222222222222222222222222222222222222222222
512 4 8 99 0.221867 2222222222222222222222222222222222222222222222222222222222222222
512 4 16 0 0.101122 11111111111111111111111111111111
512 4 16 1 0.103182 22222222222222222222222222222222
512 4 16 2 0.117994 11111111111111111111111111111111
512 4 16 3 0.102218 22222222222222222222222222222222
512 4 16 4 0.094834 22222222222222222222222222222222
512 4 16 5 0.102341 22222222222222222222222222222222
512 4 16 6 0.104246 22222222222222222222222222222222
512 4 16 7 0.099678 22222222222222222222222222222222
512 4 16 8 0.099341 22222222222222222222222222222222
512 4 16 9 0.112122 22222222222222222222222222222222
512 4 16 10 0.101260 22222222222222222222222222222222
512 4 16 11 0.103444 22222222222222222222222222222222
512 4 16 12 0.094376 22222222222222222222222222222222
512 4 16 13 0.104096 22222222222222222222222222222222
512 4 16 14 0.106419 11111111111111111111111111111111
512 4 16 15 0.092367 22222222222222222222222222222222
512 4 16 16 0.107537 22222222222222222222222222222222
512 4 16 17 0.101739 11111111111111111111111111111111
512 4 16 18 0.092216 11111111111111111111111111111111
512 4 16 19 0.089428 11111111111111111111111111111111
512 4 16 20 0.095642 11111111111111111111111111111111
512 4 16 21 0.095097 22222222222222222222222222222222
512 4 16 22 0.095680 22222222222222222222222222222222
512 4 16 23 0.089446 22222222222222222222222222222222
512 4 16 24 0.104144 22222222222222222222222222222222
512 4 16 25 0.092709 22222222222222222222222222222222
512 4 16 26 0.094751 22222222222222222222222222222222
512 4 16 27 0.102423 22222222222222222222222222222222
512 4 16 28 0.098095 22222222222222222222222222222222
512 4 16 29 0.096134 22222222222222222222222222222222
512 4 16 30 0.093566 11111111111111111111111111111111
512 4 16 31 0.103652 11111111111111111111111111111111
512 4 16 32 0.111423 22222222222222222222222222222222
512 4 16 33 0.094138 22222222222222222222222222222222
512 4 16 34 0.097786 22222222222222222222222222222222
512 4 16 35 0.103933 22222222222222222222222222222222
512 4 16 36 0.107184 22222222222222222222222222222222
512 4 16 37 0.101907 22222222222222222222222222222222
512 4 16 38 0.087500 22222222222222222222222222222222
512 4 16 39 0.108526 22222222222222222222222222222222
512 4 16 40 0.098318 22222222222222222222222222222222
512 4 16 41 0.100549 22222222222222222222222222222222
512 4 16 42 0.107225 22222222222222222222222222222222
512 4 16 43 0.101123 22222222222222222222222222222222
512 4 16 44 0.113739 22222222222222222222222222222222
512 4 16 45 0.101881 22222222222222222222222222222222
512 4 16 46 0.112777 22222222222222222222222222222222
512 4 16 47 0.096023 11111111111111111111111111111111
512 4 16 48 0.112242 22222222222222222222222222222222
512 4 16 49 0.094042 11111111111111111111111111111111
512 4 16 50 0.091655 22222222222222222222222222222222
512 4 16 51 0.096547 22222222222222222222222222222222
512 4 16 52 0.097231 22222222222222222222222222222222
512 4 16 53 0.101516 11111111111111111111111111111111
512 4 16 54 0.097297 11111111111111111111111111111111
512 4 16 55 0.093682 22222222222222222222222222222222
512 4 16 56 0.095772 22222222222222222222222222222222
512 4 16 57 0.092074 22222222222222222222222222222222
512 4 16 58 0.093980 22222222222222222222222222222222
512 4 16 59 0.103015 22222222222222222222222222222222
512 4 16 60 0.101353 11111111111111111111111111111111
512 4 16 61 0.096012 11111111111111111111111111111111
512 4 16 62 0.100385 22222222222222222222222222222222
512 4 16 63 0.099391 22222222222222222222222222222222
512 4 16 64 0.109973 22222222222222222222222222222222
512 4 16 65 0.107489 11111111111111111111111111111111
512 4 16 66 0.098190 22222222222222222222222222222222
512 4 16 67 0.101508 22222222222222222222222222222222
512 4 16 68 0.092972 11111111111111111111111111111111
512 4 16 69 0.108004 22222222222222222222222222222222
512 4 16 70 0.112471 11111111111111111111111111111111
512 4 16 71 0.107072 22222222222222222222222222222222
512 4 16 72 0.099901 22222222222222222222222222222222
512 4 16 73 0.103779 22222222222222222222222222222222
512 4 16 74 0.089618 22222222222222222222222222222222
512 4 16 75 0.105304 22222222222222222222222222222222
512 4 16 76 0.104922 11111111111111111111111111111111
512 4 16 77 0.096404 22222222222222222222222222222222
512 4 16 78 0.105127 22222222222222222222222222222222
512 4 16 79 0.106701 11111111111111111111111111111111
512 4 16 80 0.107801 22222222222222222222222222222222
512 4 16 81 0.101743 22222222222222222222222222222222
512 4 16 82 0.093789 11111111111111111111111111111111
512 4 16 83 0.097837 22222222222222222222222222222222
512 4 16 84 0.118136 22222222222222222222222222222222
512 4 16 85 0.102669 22222222222222222222222222222222
512 4 16 86 0.100618 11111111111111111111111111111111
512 4 16 87 0.107315 11111111111111111111111111111111
512 4 16 88 0.104293 22222222222222222222222222222222
512 4 16 89 0.096623 22222222222222222222222222222222
512 4 16 90 0.100412 22222222222222222222222222222222
512 4 16 91 0.109876 22222222222222222222222222222222
512 4 16 92 0.108496 22222222222222222222222222222222
512 4 16 93 0.101733 22222222222222222222222222222222
512 4 16 94 0.104734 22222222222222222222222222222222
512 4 16 95 0.098457 22222222222222222222222222222222
512 4 16 96 0.095435 11111111111111111111111111111111
512 4 16 97 0.099744 11111111111111111111111111111111
512 4 16 98 0.098600 22222222222222222222222222222222
512 4 16 99 0.110872 22222222222222222222222222222222
512 4 32 0 0.050527 1111111111111111
512 4 32 1 0.053820 2222222222222222
512 4 32 2 0.053506 1111111111111111
512 4 32 3 0.052302 2222222222222222
512 4 32 4 0.048253 2222222222222222
512 4 32 5 0.051655 2222222222222222
512 4 32 6 0.052302 2222222222222222
512 4 32 7 0.050870 2222222222222222
512 4 32 8 0.048812 2222222222222222
512 4 32 9 0.059228 2222222222222222
512 4 32 10 0.053933 2222222222222222
512 4 32 11 0.052570 2222222222222222
512 4 32 12 0.048900 2222222222222222
512 4 32 13 0.055487 2222222222222222
512 4 32 14 0.055500 1111111111111111
512 4 32 15 0.048157 2222222222222222
512 4 32 16 0.055553 2222222222222222
512 4 32 17 0.052210 1111111111111111
512 4 32 18 0.047305 1111111111111111
512 4 32 19 0.045098 1111111111111111
512 4 32 20 0.050368 1111111111111111
512 4 32 21 0.048804 2222222222222222
512 4 32 22 0.049245 2222222222222222
512 4 32 23 0.046516 2222222222222222
512 4 32 24 0.054504 2222222222222222
512 4 32 25 0.047442 2222222222222222
512 4 32 26 0.049322 2222222222222222
512 4 32 27 0.052781 2222222222222222
512 4 32 28 0.049945 2222222222222222
512 4 32 29 0.049507 2222222222222222
512 4 32 30 0.047975 1111111111111111
512 4 32 31 0.051318 1111111111111111
512 4 32 32 0.054590 2222222222222222
512 4 32 33 0.047591 2222222222222222
512 4 32 34 0.049897 2222222222222222
512 4 32 35 0.053849 2222222222222222
512 4 32 36 0.061337 2222222222222222
512 4 32 37 0.051839 2222222222222222
512 4 32 38 0.045222 2222222222222222
512 4 32 39 0.055599 2222222222222222
512 4 32 40 0.051378 2222222222222222
512 4 32 41 0.051162 2222222222222222
512 4 32 42 0.055679 2222222222222222
512 4 32 43 0.052021 2222222222222222
512 4 32 44 0.058698 2222222222222222
512 4 32 45 0.051828 2222222222222222
512 4 32 46 0.056325 2222222222222222
512 4 32 47 0.049394 1111111111111111
512 4 32 48 0.057410 2222222222222222
512 4 32 49 0.046950 1111111111111111
512 4 32 50 0.047945 2222222222222222
512 4 32 51 0.050911 2222222222222222
512 4 32 52 0.050277 2222222222222222
512 4 32 53 0.050563 1111111111111111
512 4 32 54 0.048547 1111111111111111
512 4 32 55 0.048432 2222222222222222
512 4 32 56 0.050725 2222222222222222
512 4 32 57 0.047405 2222222222222222
512 4 32 58 0.048599 2222222222222222
512 4 32 59 0.052390 2222222222222222
512 4 32 60 0.052645 1111111111111111
512 4 32 61 0.048588 1111111111111111
512 4 32 62 0.050848 2222222222222222
512 4 32 63 0.051952 2222222222222222
512 4 32 64 0.056480 2222222222222222
512 4 32 65 0.053246 1111111111111111
512 4 32 66 0.051020 2222222222222222
512 4 32 67 0.050759 2222222222222222
512 4 32 68 0.048573 1111111111111111
512 4 32 69 0.054098 2222222222222222
512 4 32 70 0.056757 1111111111111111
512 4 32 71 0.054841 2222222222222222
512 4 32 72 0.049865 2222222222222222
512 4 32 73 0.053383 2222222222222222
512 4 32 74 0.047209 2222222222222222
512 4 32 75 0.055598 2222222222222222
512 4 32 76 0.054661 1111111111111111
512 4 32 77 0.050535 2222222222222222
512 4 32 78 0.053856 2222222222222222
512 4 32 79 0.056422 1111111111111111
512 4 32 80 0.047791 2222222222222222
512 4 32 81 0.051873 2222222222222222
512 4 32 82 0.049118 1111111111111111
512 4 32 83 0.049352 2222222222222222
512 4 32 84 0.057564 2222222222222222
512 4 32 85 0.051987 2222222222222222
512 4 32 86 0.050780 1111111111111111
512 4 32 87 0.053812 1111111111111111
512 4 32 88 0.055501 2222222222222222
512 4 32 89 0.049416 2222222222222222
512 4 32 90 0.052886 2222222222222222
512 4 32 91 0.059015 2222222222222222
512 4 32 92 0.056108 2222222222222222
512 4 32 93 0.052167 2222222222222222
512 4 32 94 0.053077 2222222222222222
512 4 32 95 0.052626 2222222222222222
512 4 32 96 0.048569 1111111111111111
512 4 32 97 0.051143 1111111111111111
512 4 32 98 0.052203 2222222222222222
512 4 32 99 0.056994 2222222222222222
512 8 16 0 0.314894 11111111111111111111111111111111
512 8 16 1 0.336968 22222222222222222222222222222222
512 8 16 2 0.325925 11111111111111111111111111111111
512 8 16 3 0.329792 22222222222222222222222222222222
512 8 16 4 0.300682 22222222222222222222222222222222
512 8 16 5 0.324037 22222222222222222222222222222222
512 8 16 6 0.323719 22222222222222222222222222222222
512 8 16 7 0.322001 22222222222222222222222222222222
512 8 16 8 0.321081 22222222222222222222222222222222
512 8 16 9 0.387439 22222222222222222222222222222222
512 8 16 10 0.318669 22222222222222222222222222222222
512 8 16 11 0.326694 22222222222222222222222222222222
512 8 16 12 0.321630 22222222222222222222222222222222
512 8 16 13 0.345343 22222222222222222222222222222222
512 8 16 14 0.339984 11111111111111111111111111111111
512 8 16 15 0.289031 22222222222222222222222222222222
512 8 16 16 0.361341 22222222222222222222222222222222
512 8 16 17 0.331717 11111111111111111111111111111111
512 8 16 18 0.298344 11111111111111111111111111111111
512 8 16 19 0.279551 11111111111111111111111111111111
512 8 16 20 0.326950 11111111111111111111111111111111
512 8 16 21 0.306264 22222222222222222222222222222222
512 8 16 22 0.313917 22222222222222222222222222222222
512 8 16 23 0.297715 22222222222222222222222222222222
512 8 16 24 0.351126 22222222222222222222222222222222
512 8 16 25 0.293846 22222222222222222222222222222222
512 8 16 26 0.300310 22222222222222222222222222222222
512 8 16 27 0.325870 22222222222222222222222222222222
512 8 16 28 0.329149 22222222222222222222222222222222
512 8 16 29 0.320897 22222222222222222222222222222222
512 8 16 30 0.319067 11111111111111111111111111111111
512 8 16 31 0.336094 11111111111111111111111111111111
512 8 16 32 0.352071 22222222222222222222222222222222
512 8 16 33 0.288900 22222222222222222222222222222222
512 8 16 34 0.317427 22222222222222222222222222222222
512 8 16 35 0.348030 22222222222222222222222222222222
512 8 16 36 0.345994 22222222222222222222222222222222
512 8 16 37 0.345564 22222222222222222222222222222222
512 8 16 38 0.264118 22222222222222222222222222222222
512 8 16 39 0.342800 22222222222222222222222222222222
512 8 16 40 0.311023 22222222222222222222222222222222
512 8 16 41 0.335644 22222222222222222222222222222222
512 8 16 42 0.348494 22222222222222222222222222222222
512 8 16 43 0.337466 22222222222222222222222222222222
512 8 16 44 0.375873 22222222222222222222222222222222
512 8 16 45 0.328637 22222222222222222222222222222222
512 8 16 46 0.356924 22222222222222222222222222222222
512 8 16 47 0.303753 11111111111111111111111111111111
512 8 16 48 0.380728 22222222222222222222222222222222
512 8 16 49 0.299491 11111111111111111111111111111111
512 8 16 50 0.291241 22222222222222222222222222222222
512 8 16 51 0.325892 22222222222222222222222222222222
512 8 16 52 0.324285 22222222222222222222222222222222
512 8 16 53 0.303968 11111111111111111111111111111111
512 8 16 54 0.294939 11111111111111111111111111111111
512 8 16 55 0.290910 22222222222222222222222222222222
512 8 16 56 0.307467 22222222222222222222222222222222
512 8 16 57 0.297228 22222222222222222222222222222222
512 8 16 58 0.306316 22222222222222222222222222222222
512 8 16 59 0.330742 22222222222222222222222222222222
512 8 16 60 0.323502 11111111111111111111111111111111
512 8 16 61 0.293874 11111111111111111111111111111111
512 8 16 62 0.332059 22222222222222222222222222222222
512 8 16 63 0.335193 22222222222222222222222222222222
512 8 16 64 0.377005 22222222222222222222222222222222
512 8 16 65 0.323986 11111111111111111111111111111111
512 8 16 66 0.307021 22222222222222222222222222222222
512 8 16 67 0.327212 22222222222222222222222222222222
512 8 16 68 0.291245 11111111111111111111111111111111
512 8 16 69 0.366995 22222222222222222222222222222222
512 8 16 70 0.334541 11111111111111111111111111111111
512 8 16 71 0.355260 22222222222222222222222222222222
512 8 16 72 0.317118 22222222222222222222222222222222
512 8 16 73 0.334577 22222222222222222222222222222222
512 8 16 74 0.291471 22222222222222222222222222222222
512 8 16 75 0.325016 22222222222222222222222222222222
512 8 16 76 0.341435 11111111111111111111111111111111
512 8 16 77 0.322472 22222222222222222222222222222222
512 8 16 78 0.334476 22222222222222222222222222222222
512 8 16 79 0.424670 11111111111111111111111111111111
512 8 16 80 0.312352 22222222222222222222222222222222
512 8 16 81 0.316468 22222222222222222222222222222222
512 8 16 82 0.309270 11111111111111111111111111111111
512 8 16 83 0.307019 22222222222222222222222222222222
512 8 16 84 0.376763 22222222222222222222222222222222
512 8 16 85 0.349264 22222222222222222222222222222222
512 8 16 86 0.322077 11111111111111111111111111111111
512 8 16 87 0.331522 11111111111111111111111111111111
512 8 16 88 0.349918 22222222222222222222222222222222
512 8 16 89 0.318541 22222222222222222222222222222222
512 8 16 90 0.308747 22222222222222222222222222222222
512 8 16 91 0.355778 22222222222222222222222222222222
512 8 16 92 0.342014 22222222222222222222222222222222
512 8 16 93 0.337913 22222222222222222222222222222222
512 8 16 94 0.327701 22222222222222222222222222222222
512 8 16 95 0.322864 22222222222222222222222222222222
512 8 16 96 0.306786 11111111111111111111111111111111
512 8 16 97 0.316877 11111111111111111111111111111111
512 8 16 98 0.326219 22222222222222222222222222222222
512 8 16 99 0.356221 22222222222222222222222222222222
512 8 32 0 0.161700 1111111111111111
512 8 32 1 0.179110 2222222222222222
512 8 32 2 0.166011 1111111111111111
512 8 32 3 0.168877 2222222222222222
512 8 32 4 0.155180 2222222222222222
512 8 32 5 0.170513 2222222222222222
512 8 32 6 0.169463 2222222222222222
512 8 32 7 0.167624 2222222222222222
512 8 32 8 0.159962 2222222222222222
512 8 32 9 0.182946 2222222222222222
512 8 32 10 0.168405 2222222222222222
512 8 32 11 0.163292 2222222222222222
512 8 32 12 0.159230 2222222222222222
512 8 32 13 0.172419 2222222222222222
512 8 32 14 0.181857 1111111111111111
512 8 32 15 0.158138 2222222222222222
512 8 32 16 0.185842 2222222222222222
512 8 32 17 0.175269 1111111111111111
512 8 32 18 0.148635 1111111111111111
512 8 32 19 0.147720 1111111111111111
512 8 32 20 0.164568 1111111111111111
512 8 32 21 0.153661 2222222222222222
512 8 32 22 0.158845 2222222222222222
512 8 32 23 0.158379 2222222222222222
512 8 32 24 0.172983 2222222222222222
512 8 32 25 0.151482 2222222222222222
512 8 32 26 0.151896 2222222222222222
512 8 32 27 0.168614 2222222222222222
512 8 32 28 0.158350 2222222222222222
512 8 32 29 0.158819 2222222222222222
512 8 32 30 0.158566 1111111111111111
512 8 32 31 0.177646 1111111111111111
512 8 32 32 0.183657 2222222222222222
512 8 32 33 0.147793 2222222222222222
512 8 32 34 0.157796 2222222222222222
512 8 32 35 0.174363 2222222222222222
512 8 32 36 0.177371 2222222222222222
512 8 32 37 0.172290 2222222222222222
512 8 32 38 0.134024 2222222222222222
512 8 32 39 0.176140 2222222222222222
512 8 32 40 0.160474 2222222222222222
512 8 32 41 0.172941 2222222222222222
512 8 32 42 0.176673 2222222222222222
512 8 32 43 0.172795 2222222222222222
512 8 32 44 0.187450 2222222222222222
512 8 32 45 0.170995 2222222222222222
512 8 32 46 0.190761 2222222222222222
512 8 32 47 0.146885 1111111111111111
512 8 32 48 0.190438 2222222222222222
512 8 32 49 0.152596 1111111111111111
512 8 32 50 0.157455 2222222222222222
512 8 32 51 0.164696 2222222222222222
512 8 32 52 0.165016 2222222222222222
512 8 32 53 0.172422 1111111111111111
512 8 32 54 0.152808 1111111111111111
512 8 32 55 0.164249 2222222222222222
512 8 32 56 0.165821 2222222222222222
512 8 32 57 0.157637 2222222222222222
512 8 32 58 0.157989 2222222222222222
512 8 32 59 0.175061 2222222222222222
512 8 32 60 0.166925 1111111111111111
512 8 32 61 0.153633 1111111111111111
512 8 32 62 0.170072 2222222222222222
512 8 32 63 0.168052 2222222222222222
512 8 32 64 0.189335 2222222222222222
512 8 32 65 0.179398 1111111111111111
512 8 32 66 0.168998 2222222222222222
512 8 32 67 0.161605 2222222222222222
512 8 32 68 0.144219 1111111111111111
512 8 32 69 0.184032 2222222222222222
512 8 32 70 0.172726 1111111111111111
512 8 32 71 0.182841 2222222222222222
512 8 32 72 0.167921 2222222222222222
512 8 32 73 0.174971 2222222222222222
512 8 32 74 0.147843 2222222222222222
512 8 32 75 0.174229 2222222222222222
512 8 32 76 0.173735 1111111111111111
512 8 32 77 0.166679 2222222222222222
512 8 32 78 0.170614 2222222222222222
512 8 32 79 0.175086 1111111111111111
512 8 32 80 0.160281 2222222222222222
512 8 32 81 0.165609 2222222222222222
512 8 32 82 0.164782 1111111111111111
512 8 32 83 0.157704 2222222222222222
512 8 32 84 0.185895 2222222222222222
512 8 32 85 0.172052 2222222222222222
512 8 32 86 0.168124 1111111111111111
512 8 32 87 0.174775 1111111111111111
512 8 32 88 0.174566 2222222222222222
512 8 32 89 0.160844 2222222222222222
512 8 32 90 0.159227 2222222222222222
512 8 32 91 0.189026 2222222222222222
512 8 32 92 0.182692 2222222222222222
512 8 32 93 0.166425 2222222222222222
512 8 32 94 0.170749 2222222222222222
512 8 32 95 0.171889 2222222222222222
512 8 32 96 0.160384 1111111111111111
512 8 32 97 0.167630 1111111111111111
512 8 32 98 0.177798 2222222222222222
512 8 32 99 0.184379 2222222222222222
