16 2 4 0 0.000125 2211
16 2 4 1 0.000057 1111
16 2 4 2 0.000120 1111
16 2 4 3 0.000110 1111
16 2 4 4 0.000116 2111
16 2 4 5 0.000113 1111
16 2 4 6 0.000134 1111
16 2 4 7 0.000140 1111
16 2 4 8 0.000135 1111
16 2 4 9 0.000069 1111
16 2 4 10 0.000104 2111
16 2 4 11 0.000115 1111
16 2 4 12 0.000083 2211
16 2 4 13 0.000138 1111
16 2 4 14 0.000130 1111
16 2 4 15 0.000132 1111
16 2 4 16 0.000137 1111
16 2 4 17 0.000108 2111
16 2 4 18 0.000112 2222
16 2 4 19 0.000118 2111
16 2 4 20 0.000161 1111
16 2 4 21 0.000184 2211
16 2 4 22 0.000085 1111
16 2 4 23 0.000099 1111
16 2 4 24 0.000116 2111
16 2 4 25 0.000080 1111
16 2 4 26 0.000044 1111
16 2 4 27 0.000137 1111
16 2 4 28 0.000135 1111
16 2 4 29 0.000113 2111
16 2 4 30 0.000121 2111
16 2 4 31 0.000147 2211
16 2 4 32 0.000133 1111
16 2 4 33 0.000064 2211
16 2 4 34 0.000154 2221
16 2 4 35 0.000139 1111
16 2 4 36 0.000099 2111
16 2 4 37 0.000140 2221
16 2 4 38 0.000151 2211
16 2 4 39 0.000095 1111
16 2 4 40 0.000043 1111
16 2 4 41 0.000133 1111
16 2 4 42 0.000075 1111
16 2 4 43 0.000196 1111
16 2 4 44 0.000185 1111
16 2 4 45 0.000082 1111
16 2 4 46 0.000125 2111
16 2 4 47 0.000064 1111
16 2 4 48 0.000111 1111
16 2 4 49 0.000088 1111
16 2 4 50 0.000073 1111
16 2 4 51 0.000173 1111
16 2 4 52 0.000089 2111
16 2 4 53 0.000047 1111
16 2 4 54 0.000121 1111
16 2 4 55 0.000153 1111
16 2 4 56 0.000117 2211
16 2 4 57 0.000077 1111
16 2 4 58 0.000149 2111
16 2 4 59 0.000152 1111
16 2 4 60 0.000197 2111
16 2 4 61 0.000151 1111
16 2 4 62 0.000185 1111
16 2 4 63 0.000103 1111
16 2 4 64 0.000121 2111
16 2 4 65 0.000117 2111
16 2 4 66 0.000140 1111
16 2 4 67 0.000158 2222
16 2 4 68 0.000090 1111
16 2 4 69 0.000080 2211
16 2 4 70 0.000062 1111
16 2 4 71 0.000178 2221
16 2 4 72 0.000211 1111
16 2 4 73 0.000102 1111
16 2 4 74 0.000112 1111
16 2 4 75 0.000042 1111
16 2 4 76 0.000117 1111
16 2 4 77 0.000145 1111
16 2 4 78 0.000119 1111
16 2 4 79 0.000107 1111
16 2 4 80 0.000166 1111
16 2 4 81 0.000129 2111
16 2 4 82 0.000195 2211
16 2 4 83 0.000131 1111
16 2 4 84 0.000114 1111
16 2 4 85 0.000181 1111
16 2 4 86 0.000134 1111
16 2 4 87 0.000127 2111
16 2 4 88 0.000188 1111
16 2 4 89 0.000201 2211
16 2 4 90 0.000094 2111
16 2 4 91 0.000157 1111
16 2 4 92 0.000108 1111
16 2 4 93 0.000193 1111
16 2 4 94 0.000138 1111
16 2 4 95 0.000111 2111
16 2 4 96 0.000130 1111
16 2 4 97 0.000185 2111
16 2 4 98 0.000122 1111
16 2 4 99 0.000185 1111
16 2 8 0 0.000083 21
16 2 8 1 0.000036 11
16 2 8 2 0.000065 11
16 2 8 3 0.000068 11
16 2 8 4 0.000079 11
16 2 8 5 0.000077 11
16 2 8 6 0.000079 11
16 2 8 7 0.000088 11
16 2 8 8 0.000086 11
16 2 8 9 0.000046 11
16 2 8 10 0.000063 11
16 2 8 11 0.000069 11
16 2 8 12 0.000047 11
16 2 8 13 0.000088 11
16 2 8 14 0.000081 11
16 2 8 15 0.000072 11
16 2 8 16 0.000089 11
16 2 8 17 0.000066 11
16 2 8 18 0.000076 22
16 2 8 19 0.000082 11
16 2 8 20 0.000105 11
16 2 8 21 0.000119 21
16 2 8 22 0.000055 11
16 2 8 23 0.000067 11
16 2 8 24 0.000063 11
16 2 8 25 0.000048 11
16 2 8 26 0.000028 11
16 2 8 27 0.000082 11
16 2 8 28 0.000104 11
16 2 8 29 0.000071 11
16 2 8 30 0.000075 11
16 2 8 31 0.000087 21
16 2 8 32 0.000077 11
16 2 8 33 0.000032 11
16 2 8 34 0.000094 21
16 2 8 35 0.000093 11
16 2 8 36 0.000062 11
16 2 8 37 0.000090 21
16 2 8 38 0.000094 21
16 2 8 39 0.000059 11
16 2 8 40 0.000028 11
16 2 8 41 0.000095 11
16 2 8 42 0.000053 11
16 2 8 43 0.000118 11
16 2 8 44 0.000117 11
16 2 8 45 0.000053 11
16 2 8 46 0.000068 11
16 2 8 47 0.000039 11
16 2 8 48 0.000070 11
16 2 8 49 0.000056 11
16 2 8 50 0.000050 11
16 2 8 51 0.000108 11
16 2 8 52 0.000055 11
16 2 8 53 0.000031 11
16 2 8 54 0.000083 11
16 2 8 55 0.000101 11
16 2 8 56 0.000067 11
16 2 8 57 0.000047 11
16 2 8 58 0.000094 11
16 2 8 59 0.000094 11
16 2 8 60 0.000120 11
16 2 8 61 0.000094 11
16 2 8 62 0.000110 11
16 2 8 63 0.000062 11
16 2 8 64 0.000074 11
16 2 8 65 0.000077 11
16 2 8 66 0.000086 11
16 2 8 67 0.000096 22
16 2 8 68 0.000057 11
16 2 8 69 0.000042 21
16 2 8 70 0.000043 11
16 2 8 71 0.000107 21
16 2 8 72 0.000151 11
16 2 8 73 0.000071 11
16 2 8 74 0.000066 11
16 2 8 75 0.000029 11
16 2 8 76 0.000086 11
16 2 8 77 0.000092 11
16 2 8 78 0.000076 11
16 2 8 79 0.000067 11
16 2 8 80 0.000112 11
16 2 8 81 0.000078 11
16 2 8 82 0.000122 21
16 2 8 83 0.000081 11
16 2 8 84 0.000078 11
16 2 8 85 0.000101 11
16 2 8 86 0.000095 11
16 2 8 87 0.000066 11
16 2 8 88 0.000137 11
16 2 8 89 0.000125 21
16 2 8 90 0.000066 11
16 2 8 91 0.000093 11
16 2 8 92 0.000067 11
16 2 8 93 0.000120 11
16 2 8 94 0.000080 11
16 2 8 95 0.000063 11
16 2 8 96 0.000074 11
16 2 8 97 0.000109 11
16 2 8 98 0.000078 11
16 2 8 99 0.000121 11
16 2 16 0 0.000064 1
16 2 16 1 0.000028 1
16 2 16 2 0.000056 1
16 2 16 3 0.000054 1
16 2 16 4 0.000059 1
16 2 16 5 0.000049 1
16 2 16 6 0.000061 1
16 2 16 7 0.000062 1
16 2 16 8 0.000062 1
16 2 16 9 0.000036 1
16 2 16 10 0.000042 1
16 2 16 11 0.000046 1
16 2 16 12 0.000040 1
16 2 16 13 0.000067 1
16 2 16 14 0.000058 1
16 2 16 15 0.000055 1
16 2 16 16 0.000064 1
16 2 16 17 0.000048 1
16 2 16 18 0.000057 2
16 2 16 19 0.000058 1
16 2 16 20 0.000073 1
16 2 16 21 0.000074 1
16 2 16 22 0.000039 1
16 2 16 23 0.000058 1
16 2 16 24 0.000038 1
16 2 16 25 0.000041 1
16 2 16 26 0.000023 1
16 2 16 27 0.000050 1
16 2 16 28 0.000061 1
16 2 16 29 0.000052 1
16 2 16 30 0.000051 1
16 2 16 31 0.000059 1
16 2 16 32 0.000051 1
16 2 16 33 0.000022 1
16 2 16 34 0.000059 1
16 2 16 35 0.000054 1
16 2 16 36 0.000041 1
16 2 16 37 0.000052 1
16 2 16 38 0.000065 1
16 2 16 39 0.000046 1
16 2 16 40 0.000022 1
16 2 16 41 0.000058 1
16 2 16 42 0.000037 1
16 2 16 43 0.000079 1
16 2 16 44 0.000078 1
16 2 16 45 0.000039 1
16 2 16 46 0.000051 1
16 2 16 47 0.000032 1
16 2 16 48 0.000059 1
16 2 16 49 0.000039 1
16 2 16 50 0.000035 1
16 2 16 51 0.000082 1
16 2 16 52 0.000039 1
16 2 16 53 0.000026 1
16 2 16 54 0.000055 1
16 2 16 55 0.000065 1
16 2 16 56 0.000060 1
16 2 16 57 0.000039 1
16 2 16 58 0.000071 1
16 2 16 59 0.000067 1
16 2 16 60 0.000079 1
16 2 16 61 0.000062 1
16 2 16 62 0.000080 1
16 2 16 63 0.000054 1
16 2 16 64 0.000048 1
16 2 16 65 0.000060 1
16 2 16 66 0.000062 1
16 2 16 67 0.000069 2
16 2 16 68 0.000043 1
16 2 16 69 0.000027 1
16 2 16 70 0.000032 1
16 2 16 71 0.000081 1
16 2 16 72 0.000096 1
16 2 16 73 0.000050 1
16 2 16 74 0.000048 1
16 2 16 75 0.000026 1
16 2 16 76 0.000068 1
16 2 16 77 0.000066 1
16 2 16 78 0.000058 1
16 2 16 79 0.000054 1
16 2 16 80 0.000072 1
16 2 16 81 0.000062 1
16 2 16 82 0.000080 1
16 2 16 83 0.000059 1
16 2 16 84 0.000059 1
16 2 16 85 0.000095 1
16 2 16 86 0.000061 1
16 2 16 87 0.000050 1
16 2 16 88 0.000084 1
16 2 16 89 0.000084 1
16 2 16 90 0.000061 1
16 2 16 91 0.000066 1
16 2 16 92 0.000041 1
16 2 16 93 0.000086 1
16 2 16 94 0.000062 1
16 2 16 95 0.000046 1
16 2 16 96 0.000057 1
16 2 16 97 0.000079 1
16 2 16 98 0.000064 1
16 2 16 99 0.000088 1
16 4 8 0 0.000182 22
16 4 8 1 0.000058 11
16 4 8 2 0.000143 11
16 4 8 3 0.000129 11
16 4 8 4 0.000152 22
16 4 8 5 0.000141 11
16 4 8 6 0.000162 11
16 4 8 7 0.000208 11
16 4 8 8 0.000189 11
16 4 8 9 0.000087 11
16 4 8 10 0.000133 22
16 4 8 11 0.000085 11
16 4 8 12 0.000085 22
16 4 8 13 0.000195 11
16 4 8 14 0.000157 11
16 4 8 15 0.000152 11
16 4 8 16 0.000149 11
16 4 8 17 0.000148 22
16 4 8 18 0.000140 22
16 4 8 19 0.000119 22
16 4 8 20 0.000211 11
16 4 8 21 0.000247 22
16 4 8 22 0.000088 11
16 4 8 23 0.000144 11
16 4 8 24 0.000108 22
16 4 8 25 0.000113 11
16 4 8 26 0.000043 11
16 4 8 27 0.000180 11
16 4 8 28 0.000160 11
16 4 8 29 0.000137 22
16 4 8 30 0.000173 22
16 4 8 31 0.000183 22
16 4 8 32 0.000184 11
16 4 8 33 0.000065 22
16 4 8 34 0.000222 22
16 4 8 35 0.000161 11
16 4 8 36 0.000122 22
16 4 8 37 0.000145 22
16 4 8 38 0.000218 22
16 4 8 39 0.000118 11
16 4 8 40 0.000032 11
16 4 8 41 0.000157 11
16 4 8 42 0.000098 11
16 4 8 43 0.000289 11
16 4 8 44 0.000260 11
16 4 8 45 0.000103 11
16 4 8 46 0.000102 22
16 4 8 47 0.000068 11
16 4 8 48 0.000165 11
16 4 8 49 0.000105 11
16 4 8 50 0.000062 11
16 4 8 51 0.000241 11
16 4 8 52 0.000121 22
16 4 8 53 0.000063 11
16 4 8 54 0.000159 11
16 4 8 55 0.000181 11
16 4 8 56 0.000159 21
16 4 8 57 0.000101 11
16 4 8 58 0.000215 22
16 4 8 59 0.000204 11
16 4 8 60 0.000289 22
16 4 8 61 0.000217 11
16 4 8 62 0.000253 11
16 4 8 63 0.000123 11
16 4 8 64 0.000129 21
16 4 8 65 0.000177 22
16 4 8 66 0.000170 11
16 4 8 67 0.000205 22
16 4 8 68 0.000107 11
16 4 8 69 0.000055 21
16 4 8 70 0.000079 11
16 4 8 71 0.000240 22
16 4 8 72 0.000331 11
16 4 8 73 0.000095 11
16 4 8 74 0.000143 11
16 4 8 75 0.000051 11
16 4 8 76 0.000156 11
16 4 8 77 0.000197 11
16 4 8 78 0.000147 11
16 4 8 79 0.000135 11
16 4 8 80 0.000226 11
16 4 8 81 0.000169 21
16 4 8 82 0.000285 22
16 4 8 83 0.000166 11
16 4 8 84 0.000131 11
16 4 8 85 0.000241 11
16 4 8 86 0.000158 11
16 4 8 87 0.000135 22
16 4 8 88 0.000220 11
16 4 8 89 0.000305 22
16 4 8 90 0.000134 22
16 4 8 91 0.000200 11
16 4 8 92 0.000144 11
16 4 8 93 0.000302 11
16 4 8 94 0.000178 11
16 4 8 95 0.000110 22
16 4 8 96 0.000157 11
16 4 8 97 0.000244 22
16 4 8 98 0.000150 11
16 4 8 99 0.000308 11
16 4 16 0 0.000159 2
16 4 16 1 0.000045 1
16 4 16 2 0.000125 1
16 4 16 3 0.000095 1
16 4 16 4 0.000125 2
16 4 16 5 0.000091 1
16 4 16 6 0.000143 1
16 4 16 7 0.000170 1
16 4 16 8 0.000152 1
16 4 16 9 0.000079 1
16 4 16 10 0.000105 2
16 4 16 11 0.000060 1
16 4 16 12 0.000075 2
16 4 16 13 0.000161 1
16 4 16 14 0.000128 1
16 4 16 15 0.000119 1
16 4 16 16 0.000108 1
16 4 16 17 0.000124 2
16 4 16 18 0.000112 2
16 4 16 19 0.000098 2
16 4 16 20 0.000176 1
16 4 16 21 0.000148 2
16 4 16 22 0.000075 1
16 4 16 23 0.000135 1
16 4 16 24 0.000083 2
16 4 16 25 0.000103 1
16 4 16 26 0.000035 1
16 4 16 27 0.000127 1
16 4 16 28 0.000119 1
16 4 16 29 0.000115 2
16 4 16 30 0.000117 2
16 4 16 31 0.000145 2
16 4 16 32 0.000134 1
16 4 16 33 0.000047 2
16 4 16 34 0.000162 2
16 4 16 35 0.000127 1
16 4 16 36 0.000100 2
16 4 16 37 0.000109 2
16 4 16 38 0.000179 2
16 4 16 39 0.000103 1
16 4 16 40 0.000024 1
16 4 16 41 0.000109 1
16 4 16 42 0.000085 1
16 4 16 43 0.000210 1
16 4 16 44 0.000175 1
16 4 16 45 0.000085 1
16 4 16 46 0.000084 2
16 4 16 47 0.000060 1
16 4 16 48 0.000141 1
16 4 16 49 0.000080 1
16 4 16 50 0.000057 1
16 4 16 51 0.000189 1
16 4 16 52 0.000090 2
16 4 16 53 0.000063 1
16 4 16 54 0.000115 1
16 4 16 55 0.000148 1
16 4 16 56 0.000146 1
16 4 16 57 0.000093 1
16 4 16 58 0.000176 2
16 4 16 59 0.000164 1
16 4 16 60 0.000209 2
16 4 16 61 0.000175 1
16 4 16 62 0.000209 1
16 4 16 63 0.000137 1
16 4 16 64 0.000093 1
16 4 16 65 0.000136 2
16 4 16 66 0.000134 1
16 4 16 67 0.000172 2
16 4 16 68 0.000110 1
16 4 16 69 0.000036 1
16 4 16 70 0.000070 1
16 4 16 71 0.000192 2
16 4 16 72 0.000257 1
16 4 16 73 0.000077 1
16 4 16 74 0.000115 1
16 4 16 75 0.000042 1
16 4 16 76 0.000117 1
16 4 16 77 0.000153 1
16 4 16 78 0.000131 1
16 4 16 79 0.000086 1
16 4 16 80 0.000189 1
16 4 16 81 0.000145 1
16 4 16 82 0.000205 2
16 4 16 83 0.000143 1
16 4 16 84 0.000108 1
16 4 16 85 0.000198 1
16 4 16 86 0.000123 1
16 4 16 87 0.000116 2
16 4 16 88 0.000168 1
16 4 16 89 0.000238 2
16 4 16 90 0.000118 2
16 4 16 91 0.000160 1
16 4 16 92 0.000110 1
16 4 16 93 0.000224 1
16 4 16 94 0.000149 1
16 4 16 95 0.000081 2
16 4 16 96 0.000131 1
16 4 16 97 0.000198 2
16 4 16 98 0.000136 1
16 4 16 99 0.000233 1
16 8 16 0 0.000266 2
16 8 16 1 0.000060 1
16 8 16 2 0.000195 1
16 8 16 3 0.000181 1
16 8 16 4 0.000203 2
16 8 16 5 0.000137 1
16 8 16 6 0.000191 1
16 8 16 7 0.000251 1
16 8 16 8 0.000220 1
16 8 16 9 0.000112 1
16 8 16 10 0.000147 2
16 8 16 11 0.000134 1
16 8 16 12 0.000084 2
16 8 16 13 0.000271 1
16 8 16 14 0.000203 1
16 8 16 15 0.000194 1
16 8 16 16 0.000166 1
16 8 16 17 0.000183 2
16 8 16 18 0.000143 2
16 8 16 19 0.000171 2
16 8 16 20 0.000298 1
16 8 16 21 0.000335 2
16 8 16 22 0.000129 1
16 8 16 23 0.000170 1
16 8 16 24 0.000078 2
16 8 16 25 0.000142 1
16 8 16 26 0.000041 1
16 8 16 27 0.000105 1
16 8 16 28 0.000212 1
16 8 16 29 0.000205 2
16 8 16 30 0.000127 2
16 8 16 31 0.000194 2
16 8 16 32 0.000222 1
16 8 16 33 0.000068 2
16 8 16 34 0.000222 2
16 8 16 35 0.000164 1
16 8 16 36 0.000118 2
16 8 16 37 0.000138 2
16 8 16 38 0.000193 2
16 8 16 39 0.000116 1
16 8 16 40 0.000038 1
16 8 16 41 0.000200 1
16 8 16 42 0.000122 1
16 8 16 43 0.000393 1
16 8 16 44 0.000315 1
16 8 16 45 0.000126 1
16 8 16 46 0.000144 2
16 8 16 47 0.000066 1
16 8 16 48 0.000157 1
16 8 16 49 0.000092 1
16 8 16 50 0.000094 1
16 8 16 51 0.000281 1
16 8 16 52 0.000174 2
16 8 16 53 0.000079 1
16 8 16 54 0.000165 1
16 8 16 55 0.000252 1
16 8 16 56 0.000138 2
16 8 16 57 0.000117 1
16 8 16 58 0.000273 2
16 8 16 59 0.000270 1
16 8 16 60 0.000314 2
16 8 16 61 0.000223 1
16 8 16 62 0.000255 1
16 8 16 63 0.000158 1
16 8 16 64 0.000141 2
16 8 16 65 0.000154 2
16 8 16 66 0.000208 1
16 8 16 67 0.000247 2
16 8 16 68 0.000110 1
16 8 16 69 0.000071 2
16 8 16 70 0.000102 1
16 8 16 71 0.000348 2
16 8 16 72 0.000402 1
16 8 16 73 0.000131 1
16 8 16 74 0.000144 1
16 8 16 75 0.000063 1
16 8 16 76 0.000214 1
16 8 16 77 0.000247 1
16 8 16 78 0.000206 1
16 8 16 79 0.000170 1
16 8 16 80 0.000251 1
16 8 16 81 0.000228 2
16 8 16 82 0.000390 2
16 8 16 83 0.000174 1
16 8 16 84 0.000184 1
16 8 16 85 0.000370 1
16 8 16 86 0.000170 1
16 8 16 87 0.000128 2
16 8 16 88 0.000336 1
16 8 16 89 0.000411 2
16 8 16 90 0.000174 2
16 8 16 91 0.000207 1
16 8 16 92 0.000144 1
16 8 16 93 0.000371 1
16 8 16 94 0.000219 1
16 8 16 95 0.000155 2
16 8 16 96 0.000154 1
16 8 16 97 0.000196 2
16 8 16 98 0.000225 1
16 8 16 99 0.000436 1
32 2 4 0 0.000530 11111111
32 2 4 1 0.000507 11111111
32 2 4 2 0.000575 21111111
32 2 4 3 0.000600 11111111
32 2 4 4 0.000615 11111111
32 2 4 5 0.000484 11111111
32 2 4 6 0.000691 11111111
32 2 4 7 0.000254 11111111
32 2 4 8 0.000463 11111111
32 2 4 9 0.000522 21111111
32 2 4 10 0.000493 11111111
32 2 4 11 0.000682 21111111
32 2 4 12 0.000452 11111111
32 2 4 13 0.000723 11111111
32 2 4 14 0.000553 11111111
32 2 4 15 0.000603 11111111
32 2 4 16 0.000667 11111111
32 2 4 17 0.000572 02222111
32 2 4 18 0.000459 11111111
32 2 4 19 0.000780 21111111
32 2 4 20 0.000462 11111111
32 2 4 21 0.000608 11111111
32 2 4 22 0.000718 22222221
32 2 4 23 0.000622 11111111
32 2 4 24 0.000547 11111111
32 2 4 25 0.000442 11111111
32 2 4 26 0.000572 11111111
32 2 4 27 0.000304 21111111
32 2 4 28 0.000682 22221111
32 2 4 29 0.000850 22222111
32 2 4 30 0.000514 11111111
32 2 4 31 0.000533 11111111
32 2 4 32 0.000441 22111111
32 2 4 33 0.000349 21111111
32 2 4 34 0.000648 11111111
32 2 4 35 0.000519 21111111
32 2 4 36 0.000566 11111111
32 2 4 37 0.000360 21111111
32 2 4 38 0.000526 11111111
32 2 4 39 0.000276 11111111
32 2 4 40 0.000467 11111111
32 2 4 41 0.000492 22221111
32 2 4 42 0.000593 11111111
32 2 4 43 0.000588 11111111
32 2 4 44 0.000541 11111111
32 2 4 45 0.000721 22111111
32 2 4 46 0.000558 11111111
32 2 4 47 0.000507 21111111
32 2 4 48 0.000313 21111111
32 2 4 49 0.000527 22111111
32 2 4 50 0.000722 11111111
32 2 4 51 0.000457 11111111
32 2 4 52 0.000331 21111111
32 2 4 53 0.000456 11111111
32 2 4 54 0.000376 11111111
32 2 4 55 0.000408 11111111
32 2 4 56 0.000537 11111111
32 2 4 57 0.000828 11111111
32 2 4 58 0.000707 11111111
32 2 4 59 0.000474 11111111
32 2 4 60 0.000624 21111111
32 2 4 61 0.000540 11111111
32 2 4 62 0.000518 11111111
32 2 4 63 0.000386 11111111
32 2 4 64 0.000437 21111111
32 2 4 65 0.000635 11111111
32 2 4 66 0.000558 11111111
32 2 4 67 0.000547 21111111
32 2 4 68 0.000371 21111111
32 2 4 69 0.000440 11111111
32 2 4 70 0.000430 11111111
32 2 4 71 0.000499 11111111
32 2 4 72 0.000496 11111111
32 2 4 73 0.000646 22221111
32 2 4 74 0.000586 11111111
32 2 4 75 0.000647 11111111
32 2 4 76 0.000550 11111111
32 2 4 77 0.000635 11111111
32 2 4 78 0.000441 21111111
32 2 4 79 0.000507 11111111
32 2 4 80 0.000352 11111111
32 2 4 81 0.000610 11111111
32 2 4 82 0.000640 11111111
32 2 4 83 0.000481 11111111
32 2 4 84 0.000625 21111111
32 2 4 85 0.000544 11111111
32 2 4 86 0.000513 11111111
32 2 4 87 0.000418 11111111
32 2 4 88 0.000487 11111111
32 2 4 89 0.000543 11111111
32 2 4 90 0.000652 21111111
32 2 4 91 0.000695 11111111
32 2 4 92 0.000432 11111111
32 2 4 93 0.000498 11111111
32 2 4 94 0.000434 11111111
32 2 4 95 0.000232 11111111
32 2 4 96 0.000515 11111111
32 2 4 97 0.000595 11111111
32 2 4 98 0.000812 11111111
32 2 4 99 0.000576 11111111
32 2 8 0 0.000305 1111
32 2 8 1 0.000289 1111
32 2 8 2 0.000320 1111
32 2 8 3 0.000323 1111
32 2 8 4 0.000340 1111
32 2 8 5 0.000276 1111
32 2 8 6 0.000392 1111
32 2 8 7 0.000156 1111
32 2 8 8 0.000265 1111
32 2 8 9 0.000269 1111
32 2 8 10 0.000266 1111
32 2 8 11 0.000381 1111
32 2 8 12 0.000242 1111
32 2 8 13 0.000406 1111
32 2 8 14 0.000303 1111
32 2 8 15 0.000349 1111
32 2 8 16 0.000423 1111
32 2 8 17 0.000331 2211
32 2 8 18 0.000272 1111
32 2 8 19 0.000448 1111
32 2 8 20 0.000249 1111
32 2 8 21 0.000351 1111
32 2 8 22 0.000399 2221
32 2 8 23 0.000347 1111
32 2 8 24 0.000315 1111
32 2 8 25 0.000248 1111
32 2 8 26 0.000330 1111
32 2 8 27 0.000195 1111
32 2 8 28 0.000387 2211
32 2 8 29 0.000468 2211
32 2 8 30 0.000306 1111
32 2 8 31 0.000304 1111
32 2 8 32 0.000252 2111
32 2 8 33 0.000194 1111
32 2 8 34 0.000333 1111
32 2 8 35 0.000298 1111
32 2 8 36 0.000326 1111
32 2 8 37 0.000204 1111
32 2 8 38 0.000299 1111
32 2 8 39 0.000145 1111
32 2 8 40 0.000250 1111
32 2 8 41 0.000279 2211
32 2 8 42 0.000324 1111
32 2 8 43 0.000338 1111
32 2 8 44 0.000316 1111
32 2 8 45 0.000404 2111
32 2 8 46 0.000313 1111
32 2 8 47 0.000284 1111
32 2 8 48 0.000169 1111
32 2 8 49 0.000288 1111
32 2 8 50 0.000402 1111
32 2 8 51 0.000257 1111
32 2 8 52 0.000194 1111
32 2 8 53 0.000258 1111
32 2 8 54 0.000223 1111
32 2 8 55 0.000237 1111
32 2 8 56 0.000300 1111
32 2 8 57 0.000455 1111
32 2 8 58 0.000447 1111
32 2 8 59 0.000276 1111
32 2 8 60 0.000351 1111
32 2 8 61 0.000300 1111
32 2 8 62 0.000293 1111
32 2 8 63 0.000227 1111
32 2 8 64 0.000262 1111
32 2 8 65 0.000359 1111
32 2 8 66 0.000322 1111
32 2 8 67 0.000320 1111
32 2 8 68 0.000199 1111
32 2 8 69 0.000255 1111
32 2 8 70 0.000234 1111
32 2 8 71 0.000283 1111
32 2 8 72 0.000288 1111
32 2 8 73 0.000358 2211
32 2 8 74 0.000324 1111
32 2 8 75 0.000284 1111
32 2 8 76 0.000313 1111
32 2 8 77 0.000363 1111
32 2 8 78 0.000244 1111
32 2 8 79 0.000275 1111
32 2 8 80 0.000210 1111
32 2 8 81 0.000355 1111
32 2 8 82 0.000345 1111
32 2 8 83 0.000268 1111
32 2 8 84 0.000362 1111
32 2 8 85 0.000294 1111
32 2 8 86 0.000512 1111
32 2 8 87 0.000290 1111
32 2 8 88 0.000255 1111
32 2 8 89 0.000312 1111
32 2 8 90 0.000340 1111
32 2 8 91 0.000410 1111
32 2 8 92 0.000228 1111
32 2 8 93 0.000276 1111
32 2 8 94 0.000227 1111
32 2 8 95 0.000139 1111
32 2 8 96 0.000347 1111
32 2 8 97 0.000312 1111
32 2 8 98 0.000465 1111
32 2 8 99 0.000333 1111
32 2 16 0 0.000198 11
32 2 16 1 0.000166 11
32 2 16 2 0.000179 11
32 2 16 3 0.000183 11
32 2 16 4 0.000198 11
32 2 16 5 0.000174 11
32 2 16 6 0.000235 11
32 2 16 7 0.000094 11
32 2 16 8 0.000180 11
32 2 16 9 0.000171 11
32 2 16 10 0.000171 11
32 2 16 11 0.000230 11
32 2 16 12 0.000257 11
32 2 16 13 0.000241 11
32 2 16 14 0.000193 11
32 2 16 15 0.000220 11
32 2 16 16 0.000239 11
32 2 16 17 0.000218 21
32 2 16 18 0.000175 11
32 2 16 19 0.000270 11
32 2 16 20 0.000163 11
32 2 16 21 0.000237 11
32 2 16 22 0.000253 21
32 2 16 23 0.000223 11
32 2 16 24 0.000194 11
32 2 16 25 0.000160 11
32 2 16 26 0.000198 11
32 2 16 27 0.000115 11
32 2 16 28 0.000243 21
32 2 16 29 0.000274 21
32 2 16 30 0.000189 11
32 2 16 31 0.000200 11
32 2 16 32 0.000149 11
32 2 16 33 0.000120 11
32 2 16 34 0.000204 11
32 2 16 35 0.000180 11
32 2 16 36 0.000202 11
32 2 16 37 0.000144 11
32 2 16 38 0.000187 11
32 2 16 39 0.000096 11
32 2 16 40 0.000158 11
32 2 16 41 0.000169 21
32 2 16 42 0.000202 11
32 2 16 43 0.000216 11
32 2 16 44 0.000181 11
32 2 16 45 0.000243 11
32 2 16 46 0.000187 11
32 2 16 47 0.000182 11
32 2 16 48 0.000107 11
32 2 16 49 0.000192 11
32 2 16 50 0.000234 11
32 2 16 51 0.000165 11
32 2 16 52 0.000127 11
32 2 16 53 0.000162 11
32 2 16 54 0.000133 11
32 2 16 55 0.000137 11
32 2 16 56 0.000190 11
32 2 16 57 0.000263 11
32 2 16 58 0.000238 11
32 2 16 59 0.000157 11
32 2 16 60 0.000226 11
32 2 16 61 0.000189 11
32 2 16 62 0.000181 11
32 2 16 63 0.000139 11
32 2 16 64 0.000174 11
32 2 16 65 0.000223 11
32 2 16 66 0.000191 11
32 2 16 67 0.000196 11
32 2 16 68 0.000129 11
32 2 16 69 0.000158 11
32 2 16 70 0.000136 11
32 2 16 71 0.000201 11
32 2 16 72 0.000178 11
32 2 16 73 0.000226 21
32 2 16 74 0.000189 11
32 2 16 75 0.000171 11
32 2 16 76 0.000195 11
32 2 16 77 0.000220 11
32 2 16 78 0.000141 11
32 2 16 79 0.000165 11
32 2 16 80 0.000141 11
32 2 16 81 0.000223 11
32 2 16 82 0.000215 11
32 2 16 83 0.000159 11
32 2 16 84 0.000221 11
32 2 16 85 0.000185 11
32 2 16 86 0.000172 11
32 2 16 87 0.000140 11
32 2 16 88 0.000153 11
32 2 16 89 0.000183 11
32 2 16 90 0.000206 11
32 2 16 91 0.000249 11
32 2 16 92 0.000136 11
32 2 16 93 0.000157 11
32 2 16 94 0.000148 11
32 2 16 95 0.000082 11
32 2 16 96 0.000176 11
32 2 16 97 0.000198 11
32 2 16 98 0.000275 11
32 2 16 99 0.000215 11
32 2 32 0 0.000136 1
32 2 32 1 0.000118 1
32 2 32 2 0.000126 1
32 2 32 3 0.000126 1
32 2 32 4 0.000126 1
32 2 32 5 0.000116 1
32 2 32 6 0.000154 1
32 2 32 7 0.000063 1
32 2 32 8 0.000148 1
32 2 32 9 0.000124 1
32 2 32 10 0.000124 1
32 2 32 11 0.000160 1
32 2 32 12 0.000131 1
32 2 32 13 0.000141 1
32 2 32 14 0.000122 1
32 2 32 15 0.000153 1
32 2 32 16 0.000164 1
32 2 32 17 0.000152 1
32 2 32 18 0.000125 1
32 2 32 19 0.000191 1
32 2 32 20 0.000125 1
32 2 32 21 0.000142 1
32 2 32 22 0.000167 1
32 2 32 23 0.000138 1
32 2 32 24 0.000127 1
32 2 32 25 0.000108 1
32 2 32 26 0.000138 1
32 2 32 27 0.000086 1
32 2 32 28 0.000169 1
32 2 32 29 0.000181 1
32 2 32 30 0.000130 1
32 2 32 31 0.000139 1
32 2 32 32 0.000094 1
32 2 32 33 0.000091 1
32 2 32 34 0.000153 1
32 2 32 35 0.000123 1
32 2 32 36 0.000134 1
32 2 32 37 0.000110 1
32 2 32 38 0.000127 1
32 2 32 39 0.000069 1
32 2 32 40 0.000116 1
32 2 32 41 0.000112 1
32 2 32 42 0.000138 1
32 2 32 43 0.000130 1
32 2 32 44 0.000125 1
32 2 32 45 0.000181 1
32 2 32 46 0.000142 1
32 2 32 47 0.000138 1
32 2 32 48 0.000073 1
32 2 32 49 0.000138 1
32 2 32 50 0.000147 1
32 2 32 51 0.000105 1
32 2 32 52 0.000100 1
32 2 32 53 0.000118 1
32 2 32 54 0.000094 1
32 2 32 55 0.000092 1
32 2 32 56 0.000135 1
32 2 32 57 0.000164 1
32 2 32 58 0.000160 1
32 2 32 59 0.000102 1
32 2 32 60 0.000173 1
32 2 32 61 0.000134 1
32 2 32 62 0.000140 1
32 2 32 63 0.000108 1
32 2 32 64 0.000130 1
32 2 32 65 0.000157 1
32 2 32 66 0.000125 1
32 2 32 67 0.000139 1
32 2 32 68 0.000083 1
32 2 32 69 0.000121 1
32 2 32 70 0.000086 1
32 2 32 71 0.000132 1
32 2 32 72 0.000120 1
32 2 32 73 0.000161 1
32 2 32 74 0.000131 1
32 2 32 75 0.000111 1
32 2 32 76 0.000152 1
32 2 32 77 0.000148 1
32 2 32 78 0.000105 1
32 2 32 79 0.000129 1
32 2 32 80 0.000096 1
32 2 32 81 0.000155 1
32 2 32 82 0.000141 1
32 2 32 83 0.000105 1
32 2 32 84 0.000163 1
32 2 32 85 0.000119 1
32 2 32 86 0.000115 1
32 2 32 87 0.000104 1
32 2 32 88 0.000106 1
32 2 32 89 0.000121 1
32 2 32 90 0.000137 1
32 2 32 91 0.000151 1
32 2 32 92 0.000096 1
32 2 32 93 0.000107 1
32 2 32 94 0.000115 1
32 2 32 95 0.000071 1
32 2 32 96 0.000132 1
32 2 32 97 0.000131 1
32 2 32 98 0.000183 1
32 2 32 99 0.000151 1
32 4 8 0 0.000759 1111
32 4 8 1 0.000668 1111
32 4 8 2 0.000831 2222
32 4 8 3 0.000753 1111
32 4 8 4 0.000869 1111
32 4 8 5 0.000568 1111
32 4 8 6 0.000961 1111
32 4 8 7 0.000275 1111
32 4 8 8 0.000473 1111
32 4 8 9 0.000559 2222
32 4 8 10 0.000662 1111
32 4 8 11 0.001026 2222
32 4 8 12 0.000470 1111
32 4 8 13 0.001148 1111
32 4 8 14 0.000775 1111
32 4 8 15 0.000800 1111
32 4 8 16 0.000941 1111
32 4 8 17 0.000795 2222
32 4 8 18 0.000645 1111
32 4 8 19 0.001119 2222
32 4 8 20 0.000594 1111
32 4 8 21 0.000829 1111
32 4 8 22 0.001053 2222
32 4 8 23 0.000860 1111
32 4 8 24 0.000613 1111
32 4 8 25 0.000558 1111
32 4 8 26 0.000786 1111
32 4 8 27 0.000371 2222
32 4 8 28 0.000975 2222
32 4 8 29 0.001291 2222
32 4 8 30 0.000663 1111
32 4 8 31 0.000650 1111
32 4 8 32 0.000577 2111
32 4 8 33 0.000463 2222
32 4 8 34 0.000883 1111
32 4 8 35 0.000701 2222
32 4 8 36 0.000818 1111
32 4 8 37 0.000482 2222
32 4 8 38 0.000753 1111
32 4 8 39 0.000349 1111
32 4 8 40 0.000690 1111
32 4 8 41 0.000681 2222
32 4 8 42 0.000826 1111
32 4 8 43 0.000718 1111
32 4 8 44 0.000726 1111
32 4 8 45 0.000972 2222
32 4 8 46 0.000839 1111
32 4 8 47 0.000574 2222
32 4 8 48 0.000343 2211
32 4 8 49 0.000756 2222
32 4 8 50 0.000982 1111
32 4 8 51 0.000612 1111
32 4 8 52 0.000431 2222
32 4 8 53 0.000612 1111
32 4 8 54 0.000482 1111
32 4 8 55 0.000494 1111
32 4 8 56 0.000836 1111
32 4 8 57 0.001171 1111
32 4 8 58 0.001013 1111
32 4 8 59 0.000609 1111
32 4 8 60 0.000943 2222
32 4 8 61 0.000819 1111
32 4 8 62 0.000723 1111
32 4 8 63 0.000496 1111
32 4 8 64 0.000660 2211
32 4 8 65 0.000938 1111
32 4 8 66 0.000737 1111
32 4 8 67 0.000662 2222
32 4 8 68 0.000409 2222
32 4 8 69 0.000526 1111
32 4 8 70 0.000542 1111
32 4 8 71 0.000671 1111
32 4 8 72 0.000677 1111
32 4 8 73 0.000927 2222
32 4 8 74 0.000811 1111
32 4 8 75 0.000703 1111
32 4 8 76 0.000728 1111
32 4 8 77 0.000836 1111
32 4 8 78 0.000568 2222
32 4 8 79 0.000681 1111
32 4 8 80 0.000484 1111
32 4 8 81 0.000865 1111
32 4 8 82 0.000806 1111
32 4 8 83 0.000534 1111
32 4 8 84 0.000998 2222
32 4 8 85 0.000728 1111
32 4 8 86 0.000605 1111
32 4 8 87 0.000461 1111
32 4 8 88 0.000576 1111
32 4 8 89 0.000620 1111
32 4 8 90 0.000822 2222
32 4 8 91 0.001097 1111
32 4 8 92 0.000465 1111
32 4 8 93 0.000659 1111
32 4 8 94 0.000566 1111
32 4 8 95 0.000269 1111
32 4 8 96 0.000629 1111
32 4 8 97 0.000808 1111
32 4 8 98 0.001235 1111
32 4 8 99 0.000742 1111
32 4 16 0 0.000479 11
32 4 16 1 0.000377 11
32 4 16 2 0.000451 22
32 4 16 3 0.000453 11
32 4 16 4 0.000513 11
32 4 16 5 0.000361 11
32 4 16 6 0.000597 11
32 4 16 7 0.000170 11
32 4 16 8 0.000352 11
32 4 16 9 0.000362 22
32 4 16 10 0.000422 11
32 4 16 11 0.000641 22
32 4 16 12 0.000309 11
32 4 16 13 0.000701 11
32 4 16 14 0.000494 11
32 4 16 15 0.000513 11
32 4 16 16 0.000631 11
32 4 16 17 0.000507 22
32 4 16 18 0.000407 11
32 4 16 19 0.000704 22
32 4 16 20 0.000387 11
32 4 16 21 0.000504 11
32 4 16 22 0.000608 22
32 4 16 23 0.000450 11
32 4 16 24 0.000347 11
32 4 16 25 0.000355 11
32 4 16 26 0.000506 11
32 4 16 27 0.000264 22
32 4 16 28 0.000658 22
32 4 16 29 0.000767 22
32 4 16 30 0.000430 11
32 4 16 31 0.000413 11
32 4 16 32 0.000335 11
32 4 16 33 0.000309 22
32 4 16 34 0.000578 11
32 4 16 35 0.000433 22
32 4 16 36 0.000513 11
32 4 16 37 0.000311 22
32 4 16 38 0.000483 11
32 4 16 39 0.000208 11
32 4 16 40 0.000403 11
32 4 16 41 0.000418 22
32 4 16 42 0.000512 11
32 4 16 43 0.000455 11
32 4 16 44 0.000447 11
32 4 16 45 0.000655 22
32 4 16 46 0.000507 11
32 4 16 47 0.000353 22
32 4 16 48 0.000209 21
32 4 16 49 0.000475 22
32 4 16 50 0.000603 11
32 4 16 51 0.000392 11
32 4 16 52 0.000289 22
32 4 16 53 0.000366 11
32 4 16 54 0.000307 11
32 4 16 55 0.000270 11
32 4 16 56 0.000504 11
32 4 16 57 0.000635 11
32 4 16 58 0.000615 11
32 4 16 59 0.000331 11
32 4 16 60 0.000619 22
32 4 16 61 0.000515 11
32 4 16 62 0.000457 11
32 4 16 63 0.000329 11
32 4 16 64 0.000415 21
32 4 16 65 0.000585 11
32 4 16 66 0.000467 11
32 4 16 67 0.000439 22
32 4 16 68 0.000267 22
32 4 16 69 0.000343 11
32 4 16 70 0.000337 11
32 4 16 71 0.000422 11
32 4 16 72 0.000433 11
32 4 16 73 0.000587 22
32 4 16 74 0.000515 11
32 4 16 75 0.000441 11
32 4 16 76 0.000456 11
32 4 16 77 0.000519 11
32 4 16 78 0.000346 22
32 4 16 79 0.000374 11
32 4 16 80 0.000295 11
32 4 16 81 0.000581 11
32 4 16 82 0.000520 11
32 4 16 83 0.000310 11
32 4 16 84 0.000595 22
32 4 16 85 0.000477 11
32 4 16 86 0.000378 11
32 4 16 87 0.000272 11
32 4 16 88 0.000337 11
32 4 16 89 0.000377 11
32 4 16 90 0.000520 22
32 4 16 91 0.000720 11
32 4 16 92 0.000289 11
32 4 16 93 0.000345 11
32 4 16 94 0.000360 11
32 4 16 95 0.000161 11
32 4 16 96 0.000407 11
32 4 16 97 0.000514 11
32 4 16 98 0.000775 11
32 4 16 99 0.000501 11
32 4 32 0 0.000361 1
32 4 32 1 0.000280 1
32 4 32 2 0.000331 2
32 4 32 3 0.000318 1
32 4 32 4 0.000320 1
32 4 32 5 0.000258 1
32 4 32 6 0.000369 1
32 4 32 7 0.000101 1
32 4 32 8 0.000236 1
32 4 32 9 0.000284 2
32 4 32 10 0.000312 1
32 4 32 11 0.000496 2
32 4 32 12 0.000255 1
32 4 32 13 0.000403 1
32 4 32 14 0.000307 1
32 4 32 15 0.000382 1
32 4 32 16 0.000459 1
32 4 32 17 0.000377 2
32 4 32 18 0.000310 1
32 4 32 19 0.000522 2
32 4 32 20 0.000306 1
32 4 32 21 0.000367 1
32 4 32 22 0.000492 2
32 4 32 23 0.000323 1
32 4 32 24 0.000234 1
32 4 32 25 0.000279 1
32 4 32 26 0.000357 1
32 4 32 27 0.000200 2
32 4 32 28 0.000453 2
32 4 32 29 0.000539 2
32 4 32 30 0.000307 1
32 4 32 31 0.000327 1
32 4 32 32 0.000220 1
32 4 32 33 0.000215 2
32 4 32 34 0.000448 1
32 4 32 35 0.000287 2
32 4 32 36 0.000337 1
32 4 32 37 0.000249 2
32 4 32 38 0.000345 1
32 4 32 39 0.000176 1
32 4 32 40 0.000286 1
32 4 32 41 0.000282 2
32 4 32 42 0.000329 1
32 4 32 43 0.000315 1
32 4 32 44 0.000320 1
32 4 32 45 0.000493 2
32 4 32 46 0.000400 1
32 4 32 47 0.000295 2
32 4 32 48 0.000149 1
32 4 32 49 0.000396 2
32 4 32 50 0.000388 1
32 4 32 51 0.000266 1
32 4 32 52 0.000235 2
32 4 32 53 0.000278 1
32 4 32 54 0.000234 1
32 4 32 55 0.000173 1
32 4 32 56 0.000361 1
32 4 32 57 0.000414 1
32 4 32 58 0.000484 1
32 4 32 59 0.000235 1
32 4 32 60 0.000473 2
32 4 32 61 0.000349 1
32 4 32 62 0.000345 1
32 4 32 63 0.000236 1
32 4 32 64 0.000322 1
32 4 32 65 0.000371 1
32 4 32 66 0.000326 1
32 4 32 67 0.000312 2
32 4 32 68 0.000178 2
32 4 32 69 0.000263 1
32 4 32 70 0.000224 1
32 4 32 71 0.000305 1
32 4 32 72 0.000285 1
32 4 32 73 0.000441 2
32 4 32 74 0.000350 1
32 4 32 75 0.000279 1
32 4 32 76 0.000368 1
32 4 32 77 0.000359 1
32 4 32 78 0.000260 2
32 4 32 79 0.000300 1
32 4 32 80 0.000222 1
32 4 32 81 0.000383 1
32 4 32 82 0.000371 1
32 4 32 83 0.000205 1
32 4 32 84 0.000473 2
32 4 32 85 0.000320 1
32 4 32 86 0.000247 1
32 4 32 87 0.000215 1
32 4 32 88 0.000251 1
32 4 32 89 0.000288 1
32 4 32 90 0.000371 2
32 4 32 91 0.000449 1
32 4 32 92 0.000236 1
32 4 32 93 0.000245 1
32 4 32 94 0.000302 1
32 4 32 95 0.000121 1
32 4 32 96 0.000326 1
32 4 32 97 0.000357 1
32 4 32 98 0.000522 1
32 4 32 99 0.000368 1
32 8 16 0 0.000988 11
32 8 16 1 0.000858 11
32 8 16 2 0.001233 22
32 8 16 3 0.001184 11
32 8 16 4 0.001162 11
32 8 16 5 0.000814 11
32 8 16 6 0.001318 11
32 8 16 7 0.000373 11
32 8 16 8 0.000672 11
32 8 16 9 0.000892 22
32 8 16 10 0.001028 11
32 8 16 11 0.001759 22
32 8 16 12 0.000701 11
32 8 16 13 0.001739 11
32 8 16 14 0.001011 11
32 8 16 15 0.001293 11
32 8 16 16 0.001488 11
32 8 16 17 0.001255 22
32 8 16 18 0.000935 11
32 8 16 19 0.001806 22
32 8 16 20 0.000935 11
32 8 16 21 0.001253 11
32 8 16 22 0.001618 22
32 8 16 23 0.001184 11
32 8 16 24 0.000818 11
32 8 16 25 0.000763 11
32 8 16 26 0.001097 11
32 8 16 27 0.000443 22
32 8 16 28 0.001579 22
32 8 16 29 0.002119 22
32 8 16 30 0.000842 11
32 8 16 31 0.001013 11
32 8 16 32 0.000610 22
32 8 16 33 0.000568 22
32 8 16 34 0.001530 11
32 8 16 35 0.000905 22
32 8 16 36 0.001244 11
32 8 16 37 0.000765 22
32 8 16 38 0.001168 11
32 8 16 39 0.000382 11
32 8 16 40 0.000767 11
32 8 16 41 0.001042 22
32 8 16 42 0.001170 11
32 8 16 43 0.001163 11
32 8 16 44 0.000952 11
32 8 16 45 0.001477 22
32 8 16 46 0.001177 11
32 8 16 47 0.000879 22
32 8 16 48 0.000349 22
32 8 16 49 0.001193 22
32 8 16 50 0.001479 11
32 8 16 51 0.000774 11
32 8 16 52 0.000642 22
32 8 16 53 0.000888 11
32 8 16 54 0.000678 11
32 8 16 55 0.000457 11
32 8 16 56 0.001330 11
32 8 16 57 0.001801 11
32 8 16 58 0.001434 11
32 8 16 59 0.000688 11
32 8 16 60 0.001538 22
32 8 16 61 0.001118 11
32 8 16 62 0.000987 11
32 8 16 63 0.000676 11
32 8 16 64 0.001007 22
32 8 16 65 0.001332 11
32 8 16 66 0.001086 11
32 8 16 67 0.001002 22
32 8 16 68 0.000533 22
32 8 16 69 0.000568 11
32 8 16 70 0.000770 11
32 8 16 71 0.001025 11
32 8 16 72 0.000850 11
32 8 16 73 0.001609 22
32 8 16 74 0.000948 11
32 8 16 75 0.000904 11
32 8 16 76 0.001218 11
32 8 16 77 0.001162 11
32 8 16 78 0.000759 22
32 8 16 79 0.000953 11
32 8 16 80 0.000658 11
32 8 16 81 0.001248 11
32 8 16 82 0.001048 11
32 8 16 83 0.000705 11
32 8 16 84 0.001597 22
32 8 16 85 0.001176 11
32 8 16 86 0.000861 11
32 8 16 87 0.000640 11
32 8 16 88 0.000761 11
32 8 16 89 0.000894 11
32 8 16 90 0.001198 22
32 8 16 91 0.002328 11
32 8 16 92 0.000578 11
32 8 16 93 0.000703 11
32 8 16 94 0.000960 11
32 8 16 95 0.000351 11
32 8 16 96 0.000993 11
32 8 16 97 0.001071 11
32 8 16 98 0.001810 11
32 8 16 99 0.000983 11
32 8 32 0 0.000818 1
32 8 32 1 0.000706 1
32 8 32 2 0.000997 2
32 8 32 3 0.000959 1
32 8 32 4 0.000812 1
32 8 32 5 0.000677 1
32 8 32 6 0.001005 1
32 8 32 7 0.000278 1
32 8 32 8 0.000552 1
32 8 32 9 0.000756 2
32 8 32 10 0.000870 1
32 8 32 11 0.001439 2
32 8 32 12 0.000601 1
32 8 32 13 0.001266 1
32 8 32 14 0.000812 1
32 8 32 15 0.001056 1
32 8 32 16 0.001262 1
32 8 32 17 0.001082 2
32 8 32 18 0.000798 1
32 8 32 19 0.001580 2
32 8 32 20 0.000879 1
32 8 32 21 0.001015 1
32 8 32 22 0.001337 2
32 8 32 23 0.000951 1
32 8 32 24 0.000622 1
32 8 32 25 0.000612 1
32 8 32 26 0.000927 1
32 8 32 27 0.000351 2
32 8 32 28 0.001169 2
32 8 32 29 0.001731 2
32 8 32 30 0.000702 1
32 8 32 31 0.000847 1
32 8 32 32 0.000441 2
32 8 32 33 0.000497 2
32 8 32 34 0.001221 1
32 8 32 35 0.000707 2
32 8 32 36 0.000951 1
32 8 32 37 0.000681 2
32 8 32 38 0.001025 1
32 8 32 39 0.000316 1
32 8 32 40 0.000627 1
32 8 32 41 0.000829 2
32 8 32 42 0.000882 1
32 8 32 43 0.000847 1
32 8 32 44 0.000750 1
32 8 32 45 0.001294 2
32 8 32 46 0.001015 1
32 8 32 47 0.000762 2
32 8 32 48 0.000292 2
32 8 32 49 0.001025 2
32 8 32 50 0.001127 1
32 8 32 51 0.000630 1
32 8 32 52 0.000539 2
32 8 32 53 0.000734 1
32 8 32 54 0.000625 1
32 8 32 55 0.000305 1
32 8 32 56 0.001060 1
32 8 32 57 0.001358 1
32 8 32 58 0.001184 1
32 8 32 59 0.000568 1
32 8 32 60 0.001375 2
32 8 32 61 0.000882 1
32 8 32 62 0.000873 1
32 8 32 63 0.000532 1
32 8 32 64 0.000885 2
32 8 32 65 0.001022 1
32 8 32 66 0.000819 1
32 8 32 67 0.000807 2
32 8 32 68 0.000431 2
32 8 32 69 0.000467 1
32 8 32 70 0.000574 1
32 8 32 71 0.000811 1
32 8 32 72 0.000691 1
32 8 32 73 0.001239 2
32 8 32 74 0.000740 1
32 8 32 75 0.000691 1
32 8 32 76 0.001121 1
32 8 32 77 0.000916 1
32 8 32 78 0.000644 2
32 8 32 79 0.000881 1
32 8 32 80 0.000581 1
32 8 32 81 0.000956 1
32 8 32 82 0.000857 1
32 8 32 83 0.000563 1
32 8 32 84 0.001430 2
32 8 32 85 0.000864 1
32 8 32 86 0.000649 1
32 8 32 87 0.000533 1
32 8 32 88 0.000618 1
32 8 32 89 0.000701 1
32 8 32 90 0.000995 2
32 8 32 91 0.001255 1
32 8 32 92 0.000442 1
32 8 32 93 0.000539 1
32 8 32 94 0.000855 1
32 8 32 95 0.000292 1
32 8 32 96 0.000832 1
32 8 32 97 0.000852 1
32 8 32 98 0.001499 1
32 8 32 99 0.000878 1
64 2 4 0 0.001733 2111111111111111
64 2 4 1 0.002967 1111111111111111
64 2 4 2 0.002662 1111111111111111
64 2 4 3 0.001544 1111111111111111
64 2 4 4 0.002347 1111111111111111
64 2 4 5 0.002231 1111111111111111
64 2 4 6 0.002040 1111111111111111
64 2 4 7 0.001720 1111111111111111
64 2 4 8 0.002038 1111111111111111
64 2 4 9 0.002189 1111111111111111
64 2 4 10 0.001687 1111111111111111
64 2 4 11 0.001579 1111111111111111
64 2 4 12 0.002203 1111111111111111
64 2 4 13 0.002000 1111111111111111
64 2 4 14 0.001891 1111111111111111
64 2 4 15 0.001556 1111111111111111
64 2 4 16 0.002257 2111111111111111
64 2 4 17 0.002010 1111111111111111
64 2 4 18 0.002119 2222111111111111
64 2 4 19 0.002657 2111111111111111
64 2 4 20 0.002187 1111111111111111
64 2 4 21 0.002134 1111111111111111
64 2 4 22 0.002422 1111111111111111
64 2 4 23 0.001700 1111111111111111
64 2 4 24 0.001835 1111111111111111
64 2 4 25 0.001910 1111111111111111
64 2 4 26 0.002416 1111111111111111
64 2 4 27 0.002563 1111111111111111
64 2 4 28 0.001860 1111111111111111
64 2 4 29 0.002235 1111111111111111
64 2 4 30 0.002242 1111111111111111
64 2 4 31 0.002969 1111111111111111
64 2 4 32 0.001935 1111111111111111
64 2 4 33 0.001601 1111111111111111
64 2 4 34 0.002019 1111111111111111
64 2 4 35 0.001631 1111111111111111
64 2 4 36 0.002165 1111111111111111
64 2 4 37 0.002313 1111111111111111
64 2 4 38 0.002361 1111111111111111
64 2 4 39 0.002616 1111111111111111
64 2 4 40 0.002010 2221111111111111
64 2 4 41 0.002237 1111111111111111
64 2 4 42 0.002188 1111111111111111
64 2 4 43 0.002071 1111111111111111
64 2 4 44 0.002207 1111111111111111
64 2 4 45 0.002358 1111111111111111
64 2 4 46 0.002022 1111111111111111
64 2 4 47 0.002095 1111111111111111
64 2 4 48 0.002276 1111111111111111
64 2 4 49 0.002049 1111111111111111
64 2 4 50 0.002418 1111111111111111
64 2 4 51 0.001732 1111111111111111
64 2 4 52 0.002307 1111111111111111
64 2 4 53 0.002154 1111111111111111
64 2 4 54 0.002392 1111111111111111
64 2 4 55 0.002502 2221111111111111
64 2 4 56 0.001670 1111111111111111
64 2 4 57 0.002004 1111111111111111
64 2 4 58 0.002002 1111111111111111
64 2 4 59 0.002125 1111111111111111
64 2 4 60 0.001896 1111111111111111
64 2 4 61 0.002662 1111111111111111
64 2 4 62 0.002339 1111111111111111
64 2 4 63 0.002492 2221111111111111
64 2 4 64 0.001792 1111111111111111
64 2 4 65 0.001642 2222111111111111
64 2 4 66 0.001953 1111111111111111
64 2 4 67 0.002564 1111111111111111
64 2 4 68 0.002200 1111111111111111
64 2 4 69 0.001959 1111111111111111
64 2 4 70 0.001893 2111111111111111
64 2 4 71 0.002555 1111111111111111
64 2 4 72 0.002121 1111111111111111
64 2 4 73 0.001913 1111111111111111
64 2 4 74 0.002299 1111111111111111
64 2 4 75 0.001956 1111111111111111
64 2 4 76 0.002899 1111111111111111
64 2 4 77 0.002300 1111111111111111
64 2 4 78 0.002406 2221111111111111
64 2 4 79 0.001676 2111111111111111
64 2 4 80 0.001943 1111111111111111
64 2 4 81 0.002328 1111111111111111
64 2 4 82 0.002589 2211111111111111
64 2 4 83 0.002181 1111111111111111
64 2 4 84 0.002061 1111111111111111
64 2 4 85 0.002244 1111111111111111
64 2 4 86 0.002409 2211111111111111
64 2 4 87 0.002223 2111111111111111
64 2 4 88 0.001659 1111111111111111
64 2 4 89 0.001822 1111111111111111
64 2 4 90 0.002148 1111111111111111
64 2 4 91 0.002083 2111111111111111
64 2 4 92 0.002714 1111111111111111
64 2 4 93 0.002158 2111111111111111
64 2 4 94 0.002391 1111111111111111
64 2 4 95 0.002083 1111111111111111
64 2 4 96 0.002489 1111111111111111
64 2 4 97 0.001828 1111111111111111
64 2 4 98 0.002328 1111111111111111
64 2 4 99 0.001828 2211111111111111
64 2 8 0 0.000922 11111111
64 2 8 1 0.001513 11111111
64 2 8 2 0.001537 11111111
64 2 8 3 0.000846 11111111
64 2 8 4 0.001252 11111111
64 2 8 5 0.001186 11111111
64 2 8 6 0.001097 11111111
64 2 8 7 0.000924 11111111
64 2 8 8 0.001020 11111111
64 2 8 9 0.001157 11111111
64 2 8 10 0.000883 11111111
64 2 8 11 0.000849 11111111
64 2 8 12 0.001196 11111111
64 2 8 13 0.001061 11111111
64 2 8 14 0.000971 11111111
64 2 8 15 0.000824 11111111
64 2 8 16 0.001147 11111111
64 2 8 17 0.001086 11111111
64 2 8 18 0.001166 22111111
64 2 8 19 0.001417 11111111
64 2 8 20 0.001164 11111111
64 2 8 21 0.001110 11111111
64 2 8 22 0.001268 11111111
64 2 8 23 0.000874 11111111
64 2 8 24 0.000994 11111111
64 2 8 25 0.001007 11111111
64 2 8 26 0.001256 11111111
64 2 8 27 0.001387 11111111
64 2 8 28 0.001014 11111111
64 2 8 29 0.001175 11111111
64 2 8 30 0.001173 11111111
64 2 8 31 0.001580 11111111
64 2 8 32 0.001014 11111111
64 2 8 33 0.000898 11111111
64 2 8 34 0.001068 11111111
64 2 8 35 0.000857 11111111
64 2 8 36 0.001163 11111111
64 2 8 37 0.001226 11111111
64 2 8 38 0.001257 11111111
64 2 8 39 0.001362 11111111
64 2 8 40 0.001038 21111111
64 2 8 41 0.001152 11111111
64 2 8 42 0.001174 11111111
64 2 8 43 0.001105 11111111
64 2 8 44 0.001157 11111111
64 2 8 45 0.001256 11111111
64 2 8 46 0.001066 11111111
64 2 8 47 0.001103 11111111
64 2 8 48 0.001214 11111111
64 2 8 49 0.001114 11111111
64 2 8 50 0.001242 11111111
64 2 8 51 0.000905 11111111
64 2 8 52 0.001446 11111111
64 2 8 53 0.001136 11111111
64 2 8 54 0.001251 11111111
64 2 8 55 0.001334 21111111
64 2 8 56 0.000903 11111111
64 2 8 57 0.001032 11111111
64 2 8 58 0.001056 11111111
64 2 8 59 0.001137 11111111
64 2 8 60 0.001005 11111111
64 2 8 61 0.001388 11111111
64 2 8 62 0.001217 11111111
64 2 8 63 0.001259 21111111
64 2 8 64 0.000922 11111111
64 2 8 65 0.000851 22111111
64 2 8 66 0.001037 11111111
64 2 8 67 0.001369 11111111
64 2 8 68 0.001189 11111111
64 2 8 69 0.000989 11111111
64 2 8 70 0.000933 11111111
64 2 8 71 0.001349 11111111
64 2 8 72 0.001130 11111111
64 2 8 73 0.001019 11111111
64 2 8 74 0.001216 11111111
64 2 8 75 0.001026 11111111
64 2 8 76 0.002734 11111111
64 2 8 77 0.001182 11111111
64 2 8 78 0.001278 21111111
64 2 8 79 0.000897 11111111
64 2 8 80 0.000981 11111111
64 2 8 81 0.001249 11111111
64 2 8 82 0.001370 21111111
64 2 8 83 0.001157 11111111
64 2 8 84 0.001088 11111111
64 2 8 85 0.001126 11111111
64 2 8 86 0.001256 21111111
64 2 8 87 0.001159 11111111
64 2 8 88 0.000887 11111111
64 2 8 89 0.000969 11111111
64 2 8 90 0.001132 11111111
64 2 8 91 0.001123 11111111
64 2 8 92 0.001388 11111111
64 2 8 93 0.001044 11111111
64 2 8 94 0.001264 11111111
64 2 8 95 0.001069 11111111
64 2 8 96 0.001310 11111111
64 2 8 97 0.000897 11111111
64 2 8 98 0.001227 11111111
64 2 8 99 0.000946 21111111
64 2 16 0 0.000500 1111
64 2 16 1 0.000833 1111
64 2 16 2 0.000757 1111
64 2 16 3 0.000470 1111
64 2 16 4 0.000687 1111
64 2 16 5 0.000686 1111
64 2 16 6 0.000585 1111
64 2 16 7 0.000509 1111
64 2 16 8 0.000578 1111
64 2 16 9 0.000648 1111
64 2 16 10 0.000499 1111
64 2 16 11 0.000482 1111
64 2 16 12 0.000647 1111
64 2 16 13 0.000627 1111
64 2 16 14 0.000528 1111
64 2 16 15 0.000468 1111
64 2 16 16 0.000603 1111
64 2 16 17 0.000613 1111
64 2 16 18 0.000638 2111
64 2 16 19 0.000801 1111
64 2 16 20 0.000657 1111
64 2 16 21 0.000622 1111
64 2 16 22 0.000717 1111
64 2 16 23 0.000487 1111
64 2 16 24 0.000560 1111
64 2 16 25 0.000572 1111
64 2 16 26 0.000715 1111
64 2 16 27 0.000756 1111
64 2 16 28 0.000570 1111
64 2 16 29 0.000650 1111
64 2 16 30 0.000651 1111
64 2 16 31 0.000876 1111
64 2 16 32 0.000568 1111
64 2 16 33 0.000477 1111
64 2 16 34 0.000605 1111
64 2 16 35 0.000482 1111
64 2 16 36 0.000666 1111
64 2 16 37 0.000683 1111
64 2 16 38 0.000697 1111
64 2 16 39 0.000776 1111
64 2 16 40 0.000579 1111
64 2 16 41 0.000644 1111
64 2 16 42 0.000652 1111
64 2 16 43 0.000643 1111
64 2 16 44 0.000633 1111
64 2 16 45 0.000693 1111
64 2 16 46 0.000582 1111
64 2 16 47 0.000641 1111
64 2 16 48 0.000668 1111
64 2 16 49 0.000636 1111
64 2 16 50 0.000695 1111
64 2 16 51 0.000500 1111
64 2 16 52 0.000679 1111
64 2 16 53 0.000606 1111
64 2 16 54 0.000697 1111
64 2 16 55 0.000744 1111
64 2 16 56 0.000497 1111
64 2 16 57 0.000555 1111
64 2 16 58 0.000600 1111
64 2 16 59 0.000670 1111
64 2 16 60 0.000573 1111
64 2 16 61 0.000758 1111
64 2 16 62 0.000694 1111
64 2 16 63 0.000715 1111
64 2 16 64 0.000523 1111
64 2 16 65 0.000485 2111
64 2 16 66 0.000595 1111
64 2 16 67 0.000761 1111
64 2 16 68 0.000705 1111
64 2 16 69 0.000554 1111
64 2 16 70 0.000490 1111
64 2 16 71 0.000756 1111
64 2 16 72 0.000650 1111
64 2 16 73 0.000563 1111
64 2 16 74 0.000687 1111
64 2 16 75 0.000580 1111
64 2 16 76 0.000848 1111
64 2 16 77 0.000653 1111
64 2 16 78 0.000699 1111
64 2 16 79 0.000500 1111
64 2 16 80 0.000537 1111
64 2 16 81 0.000700 1111
64 2 16 82 0.000767 1111
64 2 16 83 0.000645 1111
64 2 16 84 0.000577 1111
64 2 16 85 0.000615 1111
64 2 16 86 0.000693 1111
64 2 16 87 0.000712 1111
64 2 16 88 0.000476 1111
64 2 16 89 0.000546 1111
64 2 16 90 0.000632 1111
64 2 16 91 0.000668 1111
64 2 16 92 0.000775 1111
64 2 16 93 0.000601 1111
64 2 16 94 0.000697 1111
64 2 16 95 0.000611 1111
64 2 16 96 0.000742 1111
64 2 16 97 0.000486 1111
64 2 16 98 0.000679 1111
64 2 16 99 0.000553 1111
64 2 32 0 0.000304 11
64 2 32 1 0.000494 11
64 2 32 2 0.000455 11
64 2 32 3 0.000296 11
64 2 32 4 0.000424 11
64 2 32 5 0.000421 11
64 2 32 6 0.000344 11
64 2 32 7 0.000320 11
64 2 32 8 0.000342 11
64 2 32 9 0.000397 11
64 2 32 10 0.000309 11
64 2 32 11 0.000295 11
64 2 32 12 0.000388 11
64 2 32 13 0.000377 11
64 2 32 14 0.000340 11
64 2 32 15 0.000302 11
64 2 32 16 0.000413 11
64 2 32 17 0.000384 11
64 2 32 18 0.000390 11
64 2 32 19 0.000504 11
64 2 32 20 0.000398 11
64 2 32 21 0.000394 11
64 2 32 22 0.000422 11
64 2 32 23 0.000307 11
64 2 32 24 0.000348 11
64 2 32 25 0.000363 11
64 2 32 26 0.000446 11
64 2 32 27 0.000459 11
64 2 32 28 0.000338 11
64 2 32 29 0.000385 11
64 2 32 30 0.000393 11
64 2 32 31 0.000521 11
64 2 32 32 0.000348 11
64 2 32 33 0.000292 11
64 2 32 34 0.000371 11
64 2 32 35 0.000305 11
64 2 32 36 0.000399 11
64 2 32 37 0.000416 11
64 2 32 38 0.000412 11
64 2 32 39 0.000479 11
64 2 32 40 0.000357 11
64 2 32 41 0.000402 11
64 2 32 42 0.000406 11
64 2 32 43 0.000395 11
64 2 32 44 0.000394 11
64 2 32 45 0.000386 11
64 2 32 46 0.000354 11
64 2 32 47 0.000390 11
64 2 32 48 0.000420 11
64 2 32 49 0.000395 11
64 2 32 50 0.000440 11
64 2 32 51 0.000313 11
64 2 32 52 0.000421 11
64 2 32 53 0.000381 11
64 2 32 54 0.000417 11
64 2 32 55 0.000448 11
64 2 32 56 0.000305 11
64 2 32 57 0.000324 11
64 2 32 58 0.000372 11
64 2 32 59 0.000401 11
64 2 32 60 0.000345 11
64 2 32 61 0.000453 11
64 2 32 62 0.000414 11
64 2 32 63 0.000441 11
64 2 32 64 0.000329 11
64 2 32 65 0.000306 11
64 2 32 66 0.000364 11
64 2 32 67 0.000553 11
64 2 32 68 0.000427 11
64 2 32 69 0.000346 11
64 2 32 70 0.000302 11
64 2 32 71 0.000468 11
64 2 32 72 0.000416 11
64 2 32 73 0.000337 11
64 2 32 74 0.000416 11
64 2 32 75 0.000354 11
64 2 32 76 0.000517 11
64 2 32 77 0.000450 11
64 2 32 78 0.000429 11
64 2 32 79 0.000310 11
64 2 32 80 0.000333 11
64 2 32 81 0.000407 11
64 2 32 82 0.000466 11
64 2 32 83 0.000369 11
64 2 32 84 0.000358 11
64 2 32 85 0.000373 11
64 2 32 86 0.000418 11
64 2 32 87 0.000380 11
64 2 32 88 0.000302 11
64 2 32 89 0.000327 11
64 2 32 90 0.000405 11
64 2 32 91 0.000396 11
64 2 32 92 0.000471 11
64 2 32 93 0.000383 11
64 2 32 94 0.000416 11
64 2 32 95 0.000378 11
64 2 32 96 0.000445 11
64 2 32 97 0.000294 11
64 2 32 98 0.000413 11
64 2 32 99 0.000316 11
64 4 8 0 0.002544 22211111
64 4 8 1 0.004528 11111111
64 4 8 2 0.003635 11111111
64 4 8 3 0.001836 11111111
64 4 8 4 0.003289 11111111
64 4 8 5 0.003314 11111111
64 4 8 6 0.003018 11111111
64 4 8 7 0.003112 11111111
64 4 8 8 0.002485 11111111
64 4 8 9 0.002985 11111111
64 4 8 10 0.002185 11111111
64 4 8 11 0.002056 11111111
64 4 8 12 0.003314 11111111
64 4 8 13 0.002683 11111111
64 4 8 14 0.002398 11111111
64 4 8 15 0.001958 11111111
64 4 8 16 0.002998 22222111
64 4 8 17 0.002840 11111111
64 4 8 18 0.003059 22222221
64 4 8 19 0.003812 22222222
64 4 8 20 0.003015 11111111
64 4 8 21 0.003050 11111111
64 4 8 22 0.003365 11111111
64 4 8 23 0.002115 11111111
64 4 8 24 0.002524 11111111
64 4 8 25 0.002702 11111111
64 4 8 26 0.003396 11111111
64 4 8 27 0.003162 11111111
64 4 8 28 0.002478 11111111
64 4 8 29 0.002960 11111111
64 4 8 30 0.002916 11111111
64 4 8 31 0.004431 11111111
64 4 8 32 0.002403 11111111
64 4 8 33 0.002088 11111111
64 4 8 34 0.002707 11111111
64 4 8 35 0.002009 11111111
64 4 8 36 0.002991 11111111
64 4 8 37 0.003396 11111111
64 4 8 38 0.003431 11111111
64 4 8 39 0.003696 11111111
64 4 8 40 0.002633 22222222
64 4 8 41 0.002994 11111111
64 4 8 42 0.002711 11111111
64 4 8 43 0.002824 11111111
64 4 8 44 0.003083 11111111
64 4 8 45 0.003363 11111111
64 4 8 46 0.002515 11111111
64 4 8 47 0.002725 11111111
64 4 8 48 0.003107 11111111
64 4 8 49 0.002867 11111111
64 4 8 50 0.003166 11111111
64 4 8 51 0.002300 11111111
64 4 8 52 0.003303 11111111
64 4 8 53 0.002958 11111111
64 4 8 54 0.003367 11111111
64 4 8 55 0.003662 22222222
64 4 8 56 0.002044 11111111
64 4 8 57 0.002715 11111111
64 4 8 58 0.002565 11111111
64 4 8 59 0.002942 11111111
64 4 8 60 0.002571 11111111
64 4 8 61 0.003969 11111111
64 4 8 62 0.003133 11111111
64 4 8 63 0.003389 22222222
64 4 8 64 0.002394 11111111
64 4 8 65 0.002122 22222111
64 4 8 66 0.002569 11111111
64 4 8 67 0.003380 11111111
64 4 8 68 0.003325 11111111
64 4 8 69 0.002619 11111111
64 4 8 70 0.002273 21111111
64 4 8 71 0.003383 11111111
64 4 8 72 0.003060 11111111
64 4 8 73 0.002533 11111111
64 4 8 74 0.003169 11111111
64 4 8 75 0.002483 11111111
64 4 8 76 0.004502 11111111
64 4 8 77 0.003131 11111111
64 4 8 78 0.003504 22222222
64 4 8 79 0.002283 22111111
64 4 8 80 0.002415 11111111
64 4 8 81 0.003339 11111111
64 4 8 82 0.003558 22222222
64 4 8 83 0.002826 11111111
64 4 8 84 0.002790 11111111
64 4 8 85 0.002888 11111111
64 4 8 86 0.003391 22222222
64 4 8 87 0.003165 22111111
64 4 8 88 0.001889 11111111
64 4 8 89 0.002231 11111111
64 4 8 90 0.002934 11111111
64 4 8 91 0.002780 22222211
64 4 8 92 0.004093 11111111
64 4 8 93 0.002615 22222111
64 4 8 94 0.003031 11111111
64 4 8 95 0.002548 11111111
64 4 8 96 0.003438 11111111
64 4 8 97 0.002155 11111111
64 4 8 98 0.003360 11111111
64 4 8 99 0.002101 22222222
64 4 16 0 0.001376 2111
64 4 16 1 0.002353 1111
64 4 16 2 0.002032 1111
64 4 16 3 0.001043 1111
64 4 16 4 0.001873 1111
64 4 16 5 0.001931 1111
64 4 16 6 0.001559 1111
64 4 16 7 0.001409 1111
64 4 16 8 0.001434 1111
64 4 16 9 0.001660 1111
64 4 16 10 0.001232 1111
64 4 16 11 0.001144 1111
64 4 16 12 0.001791 1111
64 4 16 13 0.001596 1111
64 4 16 14 0.001344 1111
64 4 16 15 0.001202 1111
64 4 16 16 0.001596 2211
64 4 16 17 0.001659 1111
64 4 16 18 0.001677 2221
64 4 16 19 0.002117 2222
64 4 16 20 0.001701 1111
64 4 16 21 0.001721 1111
64 4 16 22 0.001891 1111
64 4 16 23 0.001164 1111
64 4 16 24 0.001381 1111
64 4 16 25 0.001529 1111
64 4 16 26 0.001880 1111
64 4 16 27 0.001822 1111
64 4 16 28 0.001481 1111
64 4 16 29 0.001654 1111
64 4 16 30 0.001615 1111
64 4 16 31 0.002330 1111
64 4 16 32 0.001299 1111
64 4 16 33 0.001178 1111
64 4 16 34 0.001521 1111
64 4 16 35 0.001157 1111
64 4 16 36 0.001666 1111
64 4 16 37 0.001809 1111
64 4 16 38 0.001937 1111
64 4 16 39 0.002192 1111
64 4 16 40 0.001515 2222
64 4 16 41 0.001663 1111
64 4 16 42 0.001519 1111
64 4 16 43 0.001699 1111
64 4 16 44 0.001743 1111
64 4 16 45 0.001825 1111
64 4 16 46 0.001417 1111
64 4 16 47 0.001479 1111
64 4 16 48 0.001745 1111
64 4 16 49 0.001571 1111
64 4 16 50 0.001766 1111
64 4 16 51 0.001227 1111
64 4 16 52 0.001871 1111
64 4 16 53 0.001590 1111
64 4 16 54 0.001900 1111
64 4 16 55 0.002088 2222
64 4 16 56 0.001163 1111
64 4 16 57 0.001434 1111
64 4 16 58 0.001457 1111
64 4 16 59 0.001659 1111
64 4 16 60 0.001441 1111
64 4 16 61 0.002125 1111
64 4 16 62 0.001804 1111
64 4 16 63 0.001979 2222
64 4 16 64 0.001242 1111
64 4 16 65 0.001149 2211
64 4 16 66 0.001490 1111
64 4 16 67 0.001918 1111
64 4 16 68 0.001996 1111
64 4 16 69 0.001449 1111
64 4 16 70 0.001212 1111
64 4 16 71 0.001904 1111
64 4 16 72 0.001715 1111
64 4 16 73 0.001323 1111
64 4 16 74 0.001849 1111
64 4 16 75 0.001391 1111
64 4 16 76 0.002332 1111
64 4 16 77 0.001770 1111
64 4 16 78 0.001993 2222
64 4 16 79 0.001276 2111
64 4 16 80 0.001299 1111
64 4 16 81 0.001947 1111
64 4 16 82 0.002001 2222
64 4 16 83 0.001614 1111
64 4 16 84 0.001540 1111
64 4 16 85 0.001555 1111
64 4 16 86 0.001883 2222
64 4 16 87 0.001744 2111
64 4 16 88 0.001040 1111
64 4 16 89 0.001277 1111
64 4 16 90 0.001726 1111
64 4 16 91 0.001491 2221
64 4 16 92 0.002171 1111
64 4 16 93 0.001478 2211
64 4 16 94 0.001759 1111
64 4 16 95 0.001445 1111
64 4 16 96 0.001941 1111
64 4 16 97 0.001245 1111
64 4 16 98 0.001887 1111
64 4 16 99 0.001156 2222
64 4 32 0 0.000805 11
64 4 32 1 0.001438 11
64 4 32 2 0.001241 11
64 4 32 3 0.000663 11
64 4 32 4 0.001120 11
64 4 32 5 0.001186 11
64 4 32 6 0.000923 11
64 4 32 7 0.000878 11
64 4 32 8 0.000886 11
64 4 32 9 0.001001 11
64 4 32 10 0.000780 11
64 4 32 11 0.000721 11
64 4 32 12 0.001069 11
64 4 32 13 0.000976 11
64 4 32 14 0.000876 11
64 4 32 15 0.000739 11
64 4 32 16 0.000958 21
64 4 32 17 0.001034 11
64 4 32 18 0.001055 21
64 4 32 19 0.001318 22
64 4 32 20 0.001041 11
64 4 32 21 0.001106 11
64 4 32 22 0.001141 11
64 4 32 23 0.000743 11
64 4 32 24 0.000885 11
64 4 32 25 0.001035 11
64 4 32 26 0.001117 11
64 4 32 27 0.001111 11
64 4 32 28 0.000875 11
64 4 32 29 0.000979 11
64 4 32 30 0.000999 11
64 4 32 31 0.001408 11
64 4 32 32 0.000798 11
64 4 32 33 0.000687 11
64 4 32 34 0.000932 11
64 4 32 35 0.000814 11
64 4 32 36 0.001057 11
64 4 32 37 0.001138 11
64 4 32 38 0.001132 11
64 4 32 39 0.001281 11
64 4 32 40 0.000943 22
64 4 32 41 0.001055 11
64 4 32 42 0.000994 11
64 4 32 43 0.001060 11
64 4 32 44 0.001128 11
64 4 32 45 0.001050 11
64 4 32 46 0.000891 11
64 4 32 47 0.000954 11
64 4 32 48 0.001096 11
64 4 32 49 0.001042 11
64 4 32 50 0.001132 11
64 4 32 51 0.000759 11
64 4 32 52 0.001778 11
64 4 32 53 0.000995 11
64 4 32 54 0.001158 11
64 4 32 55 0.001282 22
64 4 32 56 0.000754 11
64 4 32 57 0.000891 11
64 4 32 58 0.000910 11
64 4 32 59 0.001049 11
64 4 32 60 0.000892 11
64 4 32 61 0.001320 11
64 4 32 62 0.001097 11
64 4 32 63 0.001155 22
64 4 32 64 0.000803 11
64 4 32 65 0.000745 21
64 4 32 66 0.000889 11
64 4 32 67 0.001222 11
64 4 32 68 0.001206 11
64 4 32 69 0.000902 11
64 4 32 70 0.000721 11
64 4 32 71 0.001224 11
64 4 32 72 0.001096 11
64 4 32 73 0.000837 11
64 4 32 74 0.001089 11
64 4 32 75 0.000852 11
64 4 32 76 0.001487 11
64 4 32 77 0.001128 11
64 4 32 78 0.001289 22
64 4 32 79 0.000769 11
64 4 32 80 0.000844 11
64 4 32 81 0.001115 11
64 4 32 82 0.001265 22
64 4 32 83 0.000938 11
64 4 32 84 0.000970 11
64 4 32 85 0.000962 11
64 4 32 86 0.001130 22
64 4 32 87 0.001007 11
64 4 32 88 0.000636 11
64 4 32 89 0.000787 11
64 4 32 90 0.001084 11
64 4 32 91 0.000933 21
64 4 32 92 0.001321 11
64 4 32 93 0.001013 21
64 4 32 94 0.001109 11
64 4 32 95 0.000944 11
64 4 32 96 0.001206 11
64 4 32 97 0.000734 11
64 4 32 98 0.001114 11
64 4 32 99 0.000727 22
64 8 16 0 0.003814 2222
64 8 16 1 0.006707 1111
64 8 16 2 0.006054 1111
64 8 16 3 0.002500 1111
64 8 16 4 0.005076 1111
64 8 16 5 0.004971 1111
64 8 16 6 0.004220 1111
64 8 16 7 0.003732 1111
64 8 16 8 0.003478 1111
64 8 16 9 0.004911 1111
64 8 16 10 0.003715 1111
64 8 16 11 0.003114 1111
64 8 16 12 0.004858 1111
64 8 16 13 0.004049 1111
64 8 16 14 0.004097 1111
64 8 16 15 0.003114 1111
64 8 16 16 0.004579 2222
64 8 16 17 0.004335 1111
64 8 16 18 0.004676 2222
64 8 16 19 0.006567 2222
64 8 16 20 0.004849 1111
64 8 16 21 0.004793 1111
64 8 16 22 0.005219 1111
64 8 16 23 0.003005 1111
64 8 16 24 0.003919 1111
64 8 16 25 0.004417 1111
64 8 16 26 0.005427 1111
64 8 16 27 0.005351 1111
64 8 16 28 0.003504 1111
64 8 16 29 0.004548 1111
64 8 16 30 0.004622 1111
64 8 16 31 0.007504 1111
64 8 16 32 0.003592 1111
64 8 16 33 0.002817 1111
64 8 16 34 0.003700 1111
64 8 16 35 0.002655 1111
64 8 16 36 0.004568 1111
64 8 16 37 0.005547 1111
64 8 16 38 0.005570 1111
64 8 16 39 0.006373 1111
64 8 16 40 0.004020 2222
64 8 16 41 0.004806 1111
64 8 16 42 0.004073 1111
64 8 16 43 0.004518 1111
64 8 16 44 0.005095 1111
64 8 16 45 0.004727 1111
64 8 16 46 0.003917 1111
64 8 16 47 0.004507 1111
64 8 16 48 0.004911 1111
64 8 16 49 0.004409 1111
64 8 16 50 0.005496 1111
64 8 16 51 0.003335 1111
64 8 16 52 0.004505 1111
64 8 16 53 0.004008 1111
64 8 16 54 0.005504 1111
64 8 16 55 0.005584 2222
64 8 16 56 0.003326 1111
64 8 16 57 0.004261 1111
64 8 16 58 0.003876 1111
64 8 16 59 0.005502 1111
64 8 16 60 0.003975 1111
64 8 16 61 0.006214 1111
64 8 16 62 0.004945 1111
64 8 16 63 0.005269 2222
64 8 16 64 0.003371 1111
64 8 16 65 0.002975 2222
64 8 16 66 0.003701 1111
64 8 16 67 0.005888 1111
64 8 16 68 0.004692 1111
64 8 16 69 0.003494 1111
64 8 16 70 0.003229 2222
64 8 16 71 0.005644 1111
64 8 16 72 0.004909 1111
64 8 16 73 0.003834 1111
64 8 16 74 0.004536 1111
64 8 16 75 0.003858 1111
64 8 16 76 0.008168 1111
64 8 16 77 0.005068 1111
64 8 16 78 0.005516 2222
64 8 16 79 0.003160 2222
64 8 16 80 0.003552 1111
64 8 16 81 0.005397 1111
64 8 16 82 0.005559 2222
64 8 16 83 0.004495 1111
64 8 16 84 0.004244 1111
64 8 16 85 0.004434 1111
64 8 16 86 0.005372 2222
64 8 16 87 0.004764 2222
64 8 16 88 0.002735 1111
64 8 16 89 0.003575 1111
64 8 16 90 0.004535 1111
64 8 16 91 0.004414 2222
64 8 16 92 0.006733 1111
64 8 16 93 0.003897 2222
64 8 16 94 0.004838 1111
64 8 16 95 0.004294 1111
64 8 16 96 0.005863 1111
64 8 16 97 0.003325 1111
64 8 16 98 0.005923 1111
64 8 16 99 0.003528 2222
64 8 32 0 0.002436 22
64 8 32 1 0.004157 11
64 8 32 2 0.003572 11
64 8 32 3 0.001512 11
64 8 32 4 0.003163 11
64 8 32 5 0.003291 11
64 8 32 6 0.002601 11
64 8 32 7 0.002284 11
64 8 32 8 0.002151 11
64 8 32 9 0.002956 11
64 8 32 10 0.002400 11
64 8 32 11 0.002007 11
64 8 32 12 0.003192 11
64 8 32 13 0.002491 11
64 8 32 14 0.002693 11
64 8 32 15 0.001951 11
64 8 32 16 0.002797 22
64 8 32 17 0.002748 11
64 8 32 18 0.002959 22
64 8 32 19 0.004284 22
64 8 32 20 0.002998 11
64 8 32 21 0.003180 11
64 8 32 22 0.003116 11
64 8 32 23 0.001933 11
64 8 32 24 0.002542 11
64 8 32 25 0.003020 11
64 8 32 26 0.003309 11
64 8 32 27 0.003504 11
64 8 32 28 0.002126 11
64 8 32 29 0.003088 11
64 8 32 30 0.003009 11
64 8 32 31 0.004374 11
64 8 32 32 0.002325 11
64 8 32 33 0.001758 11
64 8 32 34 0.002381 11
64 8 32 35 0.001817 11
64 8 32 36 0.003023 11
64 8 32 37 0.003366 11
64 8 32 38 0.003644 11
64 8 32 39 0.004244 11
64 8 32 40 0.002611 22
64 8 32 41 0.003125 11
64 8 32 42 0.002757 11
64 8 32 43 0.003079 11
64 8 32 44 0.003396 11
64 8 32 45 0.002847 11
64 8 32 46 0.002469 11
64 8 32 47 0.002790 11
64 8 32 48 0.002921 11
64 8 32 49 0.002771 11
64 8 32 50 0.003177 11
64 8 32 51 0.002155 11
64 8 32 52 0.003143 11
64 8 32 53 0.002667 11
64 8 32 54 0.003312 11
64 8 32 55 0.003544 22
64 8 32 56 0.002343 11
64 8 32 57 0.002726 11
64 8 32 58 0.002357 11
64 8 32 59 0.003245 11
64 8 32 60 0.002638 11
64 8 32 61 0.003868 11
64 8 32 62 0.003137 11
64 8 32 63 0.003172 22
64 8 32 64 0.002230 11
64 8 32 65 0.001949 22
64 8 32 66 0.002512 11
64 8 32 67 0.003757 11
64 8 32 68 0.003179 11
64 8 32 69 0.002439 11
64 8 32 70 0.002019 22
64 8 32 71 0.003848 11
64 8 32 72 0.003100 11
64 8 32 73 0.002443 11
64 8 32 74 0.003075 11
64 8 32 75 0.002447 11
64 8 32 76 0.004966 11
64 8 32 77 0.003427 11
64 8 32 78 0.003489 22
64 8 32 79 0.001931 22
64 8 32 80 0.002346 11
64 8 32 81 0.003274 11
64 8 32 82 0.003567 22
64 8 32 83 0.002943 11
64 8 32 84 0.002797 11
64 8 32 85 0.002867 11
64 8 32 86 0.003189 22
64 8 32 87 0.002958 22
64 8 32 88 0.001677 11
64 8 32 89 0.002150 11
64 8 32 90 0.002967 11
64 8 32 91 0.002693 22
64 8 32 92 0.004574 11
64 8 32 93 0.002725 22
64 8 32 94 0.003123 11
64 8 32 95 0.002424 11
64 8 32 96 0.003651 11
64 8 32 97 0.002038 11
64 8 32 98 0.003616 11
64 8 32 99 0.002261 22
128 2 4 0 0.008229 11111111111111111111111111111111
128 2 4 1 0.007452 11111111111111111111111111111111
128 2 4 2 0.008509 11111111111111111111111111111111
128 2 4 3 0.008709 11111111111111111111111111111111
128 2 4 4 0.009731 22221111111111111111111111111111
128 2 4 5 0.008978 11111111111111111111111111111111
128 2 4 6 0.009611 11111111111111111111111111111111
128 2 4 7 0.009636 11111111111111111111111111111111
128 2 4 8 0.009443 22111111111111111111111111111111
128 2 4 9 0.007112 11111111111111111111111111111111
128 2 4 10 0.009916 11111111111111111111111111111111
128 2 4 11 0.009186 11111111111111111111111111111111
128 2 4 12 0.008323 11111111111111111111111111111111
128 2 4 13 0.007869 11111111111111111111111111111111
128 2 4 14 0.010274 11111111111111111111111111111111
128 2 4 15 0.007248 11111111111111111111111111111111
128 2 4 16 0.008795 11111111111111111111111111111111
128 2 4 17 0.009162 21111111111111111111111111111111
128 2 4 18 0.009485 11111111111111111111111111111111
128 2 4 19 0.008296 11111111111111111111111111111111
128 2 4 20 0.008746 11111111111111111111111111111111
128 2 4 21 0.008654 11111111111111111111111111111111
128 2 4 22 0.009335 11111111111111111111111111111111
128 2 4 23 0.010205 11111111111111111111111111111111
128 2 4 24 0.008650 11111111111111111111111111111111
128 2 4 25 0.007784 11111111111111111111111111111111
128 2 4 26 0.009548 11111111111111111111111111111111
128 2 4 27 0.007135 11111111111111111111111111111111
128 2 4 28 0.010103 11111111111111111111111111111111
128 2 4 29 0.009153 11111111111111111111111111111111
128 2 4 30 0.007824 21111111111111111111111111111111
128 2 4 31 0.008495 11111111111111111111111111111111
128 2 4 32 0.008431 11111111111111111111111111111111
128 2 4 33 0.008888 11111111111111111111111111111111
128 2 4 34 0.009474 11111111111111111111111111111111
128 2 4 35 0.010080 11111111111111111111111111111111
128 2 4 36 0.008905 11111111111111111111111111111111
128 2 4 37 0.008837 21111111111111111111111111111111
128 2 4 38 0.008882 21111111111111111111111111111111
128 2 4 39 0.008792 11111111111111111111111111111111
128 2 4 40 0.007561 22211111111111111111111111111111
128 2 4 41 0.010133 11111111111111111111111111111111
128 2 4 42 0.009726 11111111111111111111111111111111
128 2 4 43 0.008810 11111111111111111111111111111111
128 2 4 44 0.008301 11111111111111111111111111111111
128 2 4 45 0.007854 22222211111111111111111111111111
128 2 4 46 0.009369 11111111111111111111111111111111
128 2 4 47 0.007768 22211111111111111111111111111111
128 2 4 48 0.008899 21111111111111111111111111111111
128 2 4 49 0.009666 11111111111111111111111111111111
128 2 4 50 0.009795 11111111111111111111111111111111
128 2 4 51 0.009101 22221111111111111111111111111111
128 2 4 52 0.009680 22221111111111111111111111111111
128 2 4 53 0.009775 22111111111111111111111111111111
128 2 4 54 0.009705 11111111111111111111111111111111
128 2 4 55 0.007499 11111111111111111111111111111111
128 2 4 56 0.009297 11111111111111111111111111111111
128 2 4 57 0.009112 11111111111111111111111111111111
128 2 4 58 0.010774 11111111111111111111111111111111
128 2 4 59 0.008696 11111111111111111111111111111111
128 2 4 60 0.008574 11111111111111111111111111111111
128 2 4 61 0.006847 11111111111111111111111111111111
128 2 4 62 0.009398 22211111111111111111111111111111
128 2 4 63 0.008914 11111111111111111111111111111111
128 2 4 64 0.008855 11111111111111111111111111111111
128 2 4 65 0.007474 21111111111111111111111111111111
128 2 4 66 0.008637 21111111111111111111111111111111
128 2 4 67 0.007643 21111111111111111111111111111111
128 2 4 68 0.008724 11111111111111111111111111111111
128 2 4 69 0.009122 11111111111111111111111111111111
128 2 4 70 0.008556 11111111111111111111111111111111
128 2 4 71 0.011105 11111111111111111111111111111111
128 2 4 72 0.009597 11111111111111111111111111111111
128 2 4 73 0.009205 22111111111111111111111111111111
128 2 4 74 0.009252 11111111111111111111111111111111
128 2 4 75 0.007144 11111111111111111111111111111111
128 2 4 76 0.008796 11111111111111111111111111111111
128 2 4 77 0.010024 11111111111111111111111111111111
128 2 4 78 0.007559 11111111111111111111111111111111
128 2 4 79 0.008991 11111111111111111111111111111111
128 2 4 80 0.008697 21111111111111111111111111111111
128 2 4 81 0.009948 11111111111111111111111111111111
128 2 4 82 0.010708 11111111111111111111111111111111
128 2 4 83 0.009204 11111111111111111111111111111111
128 2 4 84 0.009271 11111111111111111111111111111111
128 2 4 85 0.009120 11111111111111111111111111111111
128 2 4 86 0.008044 11111111111111111111111111111111
128 2 4 87 0.007001 11111111111111111111111111111111
128 2 4 88 0.009593 11111111111111111111111111111111
128 2 4 89 0.009052 11111111111111111111111111111111
128 2 4 90 0.008471 21111111111111111111111111111111
128 2 4 91 0.009369 22222211111111111111111111111111
128 2 4 92 0.008956 11111111111111111111111111111111
128 2 4 93 0.008376 11111111111111111111111111111111
128 2 4 94 0.007608 11111111111111111111111111111111
128 2 4 95 0.008093 11111111111111111111111111111111
128 2 4 96 0.009951 11111111111111111111111111111111
128 2 4 97 0.006833 21111111111111111111111111111111
128 2 4 98 0.009450 11111111111111111111111111111111
128 2 4 99 0.008224 22111111111111111111111111111111
128 2 8 0 0.004351 1111111111111111
128 2 8 1 0.003682 1111111111111111
128 2 8 2 0.004394 1111111111111111
128 2 8 3 0.004341 1111111111111111
128 2 8 4 0.005229 2211111111111111
128 2 8 5 0.004464 1111111111111111
128 2 8 6 0.004959 1111111111111111
128 2 8 7 0.004897 1111111111111111
128 2 8 8 0.004714 1111111111111111
128 2 8 9 0.003536 1111111111111111
128 2 8 10 0.005180 1111111111111111
128 2 8 11 0.004592 1111111111111111
128 2 8 12 0.004255 1111111111111111
128 2 8 13 0.004047 1111111111111111
128 2 8 14 0.005251 1111111111111111
128 2 8 15 0.003689 1111111111111111
128 2 8 16 0.004369 1111111111111111
128 2 8 17 0.004624 1111111111111111
128 2 8 18 0.004909 1111111111111111
128 2 8 19 0.004211 1111111111111111
128 2 8 20 0.004454 1111111111111111
128 2 8 21 0.004133 1111111111111111
128 2 8 22 0.004848 1111111111111111
128 2 8 23 0.004903 1111111111111111
128 2 8 24 0.004408 1111111111111111
128 2 8 25 0.003942 1111111111111111
128 2 8 26 0.004821 1111111111111111
128 2 8 27 0.003621 1111111111111111
128 2 8 28 0.005253 1111111111111111
128 2 8 29 0.004696 1111111111111111
128 2 8 30 0.003937 1111111111111111
128 2 8 31 0.004455 1111111111111111
128 2 8 32 0.004377 1111111111111111
128 2 8 33 0.004341 1111111111111111
128 2 8 34 0.004883 1111111111111111
128 2 8 35 0.005108 1111111111111111
128 2 8 36 0.004642 1111111111111111
128 2 8 37 0.004203 1111111111111111
128 2 8 38 0.004606 1111111111111111
128 2 8 39 0.004388 1111111111111111
128 2 8 40 0.003854 2111111111111111
128 2 8 41 0.005129 1111111111111111
128 2 8 42 0.005033 1111111111111111
128 2 8 43 0.004518 1111111111111111
128 2 8 44 0.004031 1111111111111111
128 2 8 45 0.004064 2221111111111111
128 2 8 46 0.004630 1111111111111111
128 2 8 47 0.003968 2111111111111111
128 2 8 48 0.004400 1111111111111111
128 2 8 49 0.005047 1111111111111111
128 2 8 50 0.004930 1111111111111111
128 2 8 51 0.004636 2211111111111111
128 2 8 52 0.005027 2211111111111111
128 2 8 53 0.004998 2111111111111111
128 2 8 54 0.004824 1111111111111111
128 2 8 55 0.004033 1111111111111111
128 2 8 56 0.004671 1111111111111111
128 2 8 57 0.004603 1111111111111111
128 2 8 58 0.005586 1111111111111111
128 2 8 59 0.004396 1111111111111111
128 2 8 60 0.004095 1111111111111111
128 2 8 61 0.003566 1111111111111111
128 2 8 62 0.004746 2111111111111111
128 2 8 63 0.004501 1111111111111111
128 2 8 64 0.004665 1111111111111111
128 2 8 65 0.003756 1111111111111111
128 2 8 66 0.004387 1111111111111111
128 2 8 67 0.003810 1111111111111111
128 2 8 68 0.004528 1111111111111111
128 2 8 69 0.004565 1111111111111111
128 2 8 70 0.004406 1111111111111111
128 2 8 71 0.005663 1111111111111111
128 2 8 72 0.004902 1111111111111111
128 2 8 73 0.004511 1111111111111111
128 2 8 74 0.004707 1111111111111111
128 2 8 75 0.003531 1111111111111111
128 2 8 76 0.004447 1111111111111111
128 2 8 77 0.004691 1111111111111111
128 2 8 78 0.003919 1111111111111111
128 2 8 79 0.004253 1111111111111111
128 2 8 80 0.004434 1111111111111111
128 2 8 81 0.004998 1111111111111111
128 2 8 82 0.005499 1111111111111111
128 2 8 83 0.004813 1111111111111111
128 2 8 84 0.004689 1111111111111111
128 2 8 85 0.004669 1111111111111111
128 2 8 86 0.003925 1111111111111111
128 2 8 87 0.003626 1111111111111111
128 2 8 88 0.004741 1111111111111111
128 2 8 89 0.004530 1111111111111111
128 2 8 90 0.004303 1111111111111111
128 2 8 91 0.004723 2221111111111111
128 2 8 92 0.004366 1111111111111111
128 2 8 93 0.004170 1111111111111111
128 2 8 94 0.003899 1111111111111111
128 2 8 95 0.004101 1111111111111111
128 2 8 96 0.004985 1111111111111111
128 2 8 97 0.003562 1111111111111111
128 2 8 98 0.004781 1111111111111111
128 2 8 99 0.004220 2111111111111111
128 2 16 0 0.002273 11111111
128 2 16 1 0.001966 11111111
128 2 16 2 0.002403 11111111
128 2 16 3 0.002322 11111111
128 2 16 4 0.002640 21111111
128 2 16 5 0.002386 11111111
128 2 16 6 0.002611 11111111
128 2 16 7 0.002647 11111111
128 2 16 8 0.002536 11111111
128 2 16 9 0.001909 11111111
128 2 16 10 0.002720 11111111
128 2 16 11 0.002442 11111111
128 2 16 12 0.002266 11111111
128 2 16 13 0.002088 11111111
128 2 16 14 0.002801 11111111
128 2 16 15 0.001982 11111111
128 2 16 16 0.002317 11111111
128 2 16 17 0.002475 11111111
128 2 16 18 0.002588 11111111
128 2 16 19 0.002179 11111111
128 2 16 20 0.002378 11111111
128 2 16 21 0.002149 11111111
128 2 16 22 0.002566 11111111
128 2 16 23 0.002581 11111111
128 2 16 24 0.002321 11111111
128 2 16 25 0.002116 11111111
128 2 16 26 0.002607 11111111
128 2 16 27 0.001924 11111111
128 2 16 28 0.002621 11111111
128 2 16 29 0.002459 11111111
128 2 16 30 0.002096 11111111
128 2 16 31 0.002317 11111111
128 2 16 32 0.002323 11111111
128 2 16 33 0.002283 11111111
128 2 16 34 0.002576 11111111
128 2 16 35 0.002697 11111111
128 2 16 36 0.002400 11111111
128 2 16 37 0.002359 11111111
128 2 16 38 0.002411 11111111
128 2 16 39 0.002247 11111111
128 2 16 40 0.002042 11111111
128 2 16 41 0.002722 11111111
128 2 16 42 0.002583 11111111
128 2 16 43 0.002336 11111111
128 2 16 44 0.002128 11111111
128 2 16 45 0.002115 21111111
128 2 16 46 0.002425 11111111
128 2 16 47 0.002097 11111111
128 2 16 48 0.002371 11111111
128 2 16 49 0.003239 11111111
128 2 16 50 0.002569 11111111
128 2 16 51 0.002469 21111111
128 2 16 52 0.002618 21111111
128 2 16 53 0.002672 11111111
128 2 16 54 0.002593 11111111
128 2 16 55 0.002084 11111111
128 2 16 56 0.002574 11111111
128 2 16 57 0.002401 11111111
128 2 16 58 0.002934 11111111
128 2 16 59 0.002331 11111111
128 2 16 60 0.002182 11111111
128 2 16 61 0.001849 11111111
128 2 16 62 0.002558 11111111
128 2 16 63 0.002359 11111111
128 2 16 64 0.002402 11111111
128 2 16 65 0.002022 11111111
128 2 16 66 0.002300 11111111
128 2 16 67 0.002003 11111111
128 2 16 68 0.002384 11111111
128 2 16 69 0.002462 11111111
128 2 16 70 0.002282 11111111
128 2 16 71 0.002961 11111111
128 2 16 72 0.002602 11111111
128 2 16 73 0.002418 11111111
128 2 16 74 0.002479 11111111
128 2 16 75 0.001874 11111111
128 2 16 76 0.002346 11111111
128 2 16 77 0.002463 11111111
128 2 16 78 0.002086 11111111
128 2 16 79 0.002235 11111111
128 2 16 80 0.002354 11111111
128 2 16 81 0.002600 11111111
128 2 16 82 0.002907 11111111
128 2 16 83 0.002534 11111111
128 2 16 84 0.002427 11111111
128 2 16 85 0.002525 11111111
128 2 16 86 0.002076 11111111
128 2 16 87 0.001865 11111111
128 2 16 88 0.002552 11111111
128 2 16 89 0.002373 11111111
128 2 16 90 0.002181 11111111
128 2 16 91 0.002514 21111111
128 2 16 92 0.002342 11111111
128 2 16 93 0.002224 11111111
128 2 16 94 0.001933 11111111
128 2 16 95 0.002172 11111111
128 2 16 96 0.002692 11111111
128 2 16 97 0.001858 11111111
128 2 16 98 0.002548 11111111
128 2 16 99 0.002284 11111111
128 2 32 0 0.001287 1111
128 2 32 1 0.001108 1111
128 2 32 2 0.001349 1111
128 2 32 3 0.001305 1111
128 2 32 4 0.001479 1111
128 2 32 5 0.001335 1111
128 2 32 6 0.001487 1111
128 2 32 7 0.001417 1111
128 2 32 8 0.001425 1111
128 2 32 9 0.001063 1111
128 2 32 10 0.001513 1111
128 2 32 11 0.001341 1111
128 2 32 12 0.001293 1111
128 2 32 13 0.001231 1111
128 2 32 14 0.001550 1111
128 2 32 15 0.001081 1111
128 2 32 16 0.001282 1111
128 2 32 17 0.001393 1111
128 2 32 18 0.001444 1111
128 2 32 19 0.001244 1111
128 2 32 20 0.001312 1111
128 2 32 21 0.001215 1111
128 2 32 22 0.001441 1111
128 2 32 23 0.001451 1111
128 2 32 24 0.001302 1111
128 2 32 25 0.001174 1111
128 2 32 26 0.001450 1111
128 2 32 27 0.001108 1111
128 2 32 28 0.001458 1111
128 2 32 29 0.001368 1111
128 2 32 30 0.001175 1111
128 2 32 31 0.001310 1111
128 2 32 32 0.001260 1111
128 2 32 33 0.001255 1111
128 2 32 34 0.001414 1111
128 2 32 35 0.001496 1111
128 2 32 36 0.001306 1111
128 2 32 37 0.001279 1111
128 2 32 38 0.001360 1111
128 2 32 39 0.001256 1111
128 2 32 40 0.001191 1111
128 2 32 41 0.001528 1111
128 2 32 42 0.001462 1111
128 2 32 43 0.001334 1111
128 2 32 44 0.001205 1111
128 2 32 45 0.001185 1111
128 2 32 46 0.001366 1111
128 2 32 47 0.001177 1111
128 2 32 48 0.001305 1111
128 2 32 49 0.001467 1111
128 2 32 50 0.001473 1111
128 2 32 51 0.001410 1111
128 2 32 52 0.001435 1111
128 2 32 53 0.001470 1111
128 2 32 54 0.001481 1111
128 2 32 55 0.001177 1111
128 2 32 56 0.001406 1111
128 2 32 57 0.001365 1111
128 2 32 58 0.001599 1111
128 2 32 59 0.001300 1111
128 2 32 60 0.001234 1111
128 2 32 61 0.001022 1111
128 2 32 62 0.001420 1111
128 2 32 63 0.001312 1111
128 2 32 64 0.001366 1111
128 2 32 65 0.001163 1111
128 2 32 66 0.001283 1111
128 2 32 67 0.001107 1111
128 2 32 68 0.001341 1111
128 2 32 69 0.001346 1111
128 2 32 70 0.001284 1111
128 2 32 71 0.001652 1111
128 2 32 72 0.001454 1111
128 2 32 73 0.001366 1111
128 2 32 74 0.001397 1111
128 2 32 75 0.001045 1111
128 2 32 76 0.001334 1111
128 2 32 77 0.001361 1111
128 2 32 78 0.001139 1111
128 2 32 79 0.001254 1111
128 2 32 80 0.001302 1111
128 2 32 81 0.001407 1111
128 2 32 82 0.001628 1111
128 2 32 83 0.001442 1111
128 2 32 84 0.001402 1111
128 2 32 85 0.001404 1111
128 2 32 86 0.001155 1111
128 2 32 87 0.001043 1111
128 2 32 88 0.001429 1111
128 2 32 89 0.001333 1111
128 2 32 90 0.001217 1111
128 2 32 91 0.001347 1111
128 2 32 92 0.001307 1111
128 2 32 93 0.001240 1111
128 2 32 94 0.001077 1111
128 2 32 95 0.001232 1111
128 2 32 96 0.001446 1111
128 2 32 97 0.001018 1111
128 2 32 98 0.001398 1111
128 2 32 99 0.001256 1111
128 4 8 0 0.011286 1111111111111111
128 4 8 1 0.009074 1111111111111111
128 4 8 2 0.012411 1111111111111111
128 4 8 3 0.012247 1111111111111111
128 4 8 4 0.014111 2222222222222111
128 4 8 5 0.011985 1111111111111111
128 4 8 6 0.013276 1111111111111111
128 4 8 7 0.013407 1111111111111111
128 4 8 8 0.013177 2222222222222222
128 4 8 9 0.009353 1111111111111111
128 4 8 10 0.014052 1111111111111111
128 4 8 11 0.013138 1111111111111111
128 4 8 12 0.011343 1111111111111111
128 4 8 13 0.010495 1111111111111111
128 4 8 14 0.014869 1111111111111111
128 4 8 15 0.009482 1111111111111111
128 4 8 16 0.011195 1111111111111111
128 4 8 17 0.013298 2222222222222222
128 4 8 18 0.013634 1111111111111111
128 4 8 19 0.011153 1111111111111111
128 4 8 20 0.012485 1111111111111111
128 4 8 21 0.011423 1111111111111111
128 4 8 22 0.013255 1111111111111111
128 4 8 23 0.013345 1111111111111111
128 4 8 24 0.011917 1111111111111111
128 4 8 25 0.010613 1111111111111111
128 4 8 26 0.012987 1111111111111111
128 4 8 27 0.009827 1111111111111111
128 4 8 28 0.013743 1111111111111111
128 4 8 29 0.012693 1111111111111111
128 4 8 30 0.010762 2222222222222222
128 4 8 31 0.012069 1111111111111111
128 4 8 32 0.012075 1111111111111111
128 4 8 33 0.011901 1111111111111111
128 4 8 34 0.012597 1111111111111111
128 4 8 35 0.014783 1111111111111111
128 4 8 36 0.011248 1111111111111111
128 4 8 37 0.011208 2222222222222222
128 4 8 38 0.012602 2222222211111111
128 4 8 39 0.012283 1111111111111111
128 4 8 40 0.010082 2211111111111111
128 4 8 41 0.014444 1111111111111111
128 4 8 42 0.013663 1111111111111111
128 4 8 43 0.012323 1111111111111111
128 4 8 44 0.010937 1111111111111111
128 4 8 45 0.010812 2222222111111111
128 4 8 46 0.012699 1111111111111111
128 4 8 47 0.009563 2222222221111111
128 4 8 48 0.012228 2222221111111111
128 4 8 49 0.015156 1111111111111111
128 4 8 50 0.014167 1111111111111111
128 4 8 51 0.013010 2222222222222222
128 4 8 52 0.013489 2222222222222222
128 4 8 53 0.012713 2111111111111111
128 4 8 54 0.013762 1111111111111111
128 4 8 55 0.010318 1111111111111111
128 4 8 56 0.012610 1111111111111111
128 4 8 57 0.012685 1111111111111111
128 4 8 58 0.015940 1111111111111111
128 4 8 59 0.011257 1111111111111111
128 4 8 60 0.010966 1111111111111111
128 4 8 61 0.009183 1111111111111111
128 4 8 62 0.013287 2222222222222222
128 4 8 63 0.011820 1111111111111111
128 4 8 64 0.012207 1111111111111111
128 4 8 65 0.010083 2222111111111111
128 4 8 66 0.012063 2222222221111111
128 4 8 67 0.009506 2221111111111111
128 4 8 68 0.012579 1111111111111111
128 4 8 69 0.012681 1111111111111111
128 4 8 70 0.012106 1111111111111111
128 4 8 71 0.015509 1111111111111111
128 4 8 72 0.013767 1111111111111111
128 4 8 73 0.012363 2222222222222111
128 4 8 74 0.013278 1111111111111111
128 4 8 75 0.009932 1111111111111111
128 4 8 76 0.011377 1111111111111111
128 4 8 77 0.013518 1111111111111111
128 4 8 78 0.009555 1111111111111111
128 4 8 79 0.012390 1111111111111111
128 4 8 80 0.012299 2222222222221111
128 4 8 81 0.014868 1111111111111111
128 4 8 82 0.015319 1111111111111111
128 4 8 83 0.012534 1111111111111111
128 4 8 84 0.012279 1111111111111111
128 4 8 85 0.012776 1111111111111111
128 4 8 86 0.010740 1111111111111111
128 4 8 87 0.009460 1111111111111111
128 4 8 88 0.013186 1111111111111111
128 4 8 89 0.012612 1111111111111111
128 4 8 90 0.011136 2222222222222222
128 4 8 91 0.012884 2222222222221111
128 4 8 92 0.011294 1111111111111111
128 4 8 93 0.011750 1111111111111111
128 4 8 94 0.009957 1111111111111111
128 4 8 95 0.011041 1111111111111111
128 4 8 96 0.013679 1111111111111111
128 4 8 97 0.009239 2222222222211111
128 4 8 98 0.013748 1111111111111111
128 4 8 99 0.011387 2222222222222222
128 4 16 0 0.006013 11111111
128 4 16 1 0.004926 11111111
128 4 16 2 0.006540 11111111
128 4 16 3 0.006349 11111111
128 4 16 4 0.007008 22222211
128 4 16 5 0.006350 11111111
128 4 16 6 0.007219 11111111
128 4 16 7 0.007450 11111111
128 4 16 8 0.006996 22222222
128 4 16 9 0.004910 11111111
128 4 16 10 0.007566 11111111
128 4 16 11 0.006826 11111111
128 4 16 12 0.006277 11111111
128 4 16 13 0.005593 11111111
128 4 16 14 0.007811 11111111
128 4 16 15 0.004805 11111111
128 4 16 16 0.005969 11111111
128 4 16 17 0.006843 22222222
128 4 16 18 0.006966 11111111
128 4 16 19 0.005991 11111111
128 4 16 20 0.006589 11111111
128 4 16 21 0.005906 11111111
128 4 16 22 0.006821 11111111
128 4 16 23 0.006860 11111111
128 4 16 24 0.006445 11111111
128 4 16 25 0.005716 11111111
128 4 16 26 0.006728 11111111
128 4 16 27 0.005078 11111111
128 4 16 28 0.007225 11111111
128 4 16 29 0.006473 11111111
128 4 16 30 0.005935 22222222
128 4 16 31 0.006430 11111111
128 4 16 32 0.006471 11111111
128 4 16 33 0.006228 11111111
128 4 16 34 0.006663 11111111
128 4 16 35 0.007540 11111111
128 4 16 36 0.005975 11111111
128 4 16 37 0.006156 22222222
128 4 16 38 0.006561 22221111
128 4 16 39 0.006426 11111111
128 4 16 40 0.005351 21111111
128 4 16 41 0.007656 11111111
128 4 16 42 0.007081 11111111
128 4 16 43 0.006314 11111111
128 4 16 44 0.005747 11111111
128 4 16 45 0.005701 22211111
128 4 16 46 0.006831 11111111
128 4 16 47 0.005039 22221111
128 4 16 48 0.006213 22211111
128 4 16 49 0.007784 11111111
128 4 16 50 0.007150 11111111
128 4 16 51 0.007171 22222222
128 4 16 52 0.007149 22222222
128 4 16 53 0.006827 11111111
128 4 16 54 0.007118 11111111
128 4 16 55 0.005628 11111111
128 4 16 56 0.006805 11111111
128 4 16 57 0.006704 11111111
128 4 16 58 0.008238 11111111
128 4 16 59 0.006055 11111111
128 4 16 60 0.005802 11111111
128 4 16 61 0.004998 11111111
128 4 16 62 0.006746 22222222
128 4 16 63 0.006017 11111111
128 4 16 64 0.006444 11111111
128 4 16 65 0.005324 22111111
128 4 16 66 0.006291 22221111
128 4 16 67 0.004814 21111111
128 4 16 68 0.006613 11111111
128 4 16 69 0.006594 11111111
128 4 16 70 0.006246 11111111
128 4 16 71 0.008793 11111111
128 4 16 72 0.007177 11111111
128 4 16 73 0.006662 22222211
128 4 16 74 0.006863 11111111
128 4 16 75 0.005048 11111111
128 4 16 76 0.006163 11111111
128 4 16 77 0.007054 11111111
128 4 16 78 0.005010 11111111
128 4 16 79 0.006312 11111111
128 4 16 80 0.006507 22222211
128 4 16 81 0.007753 11111111
128 4 16 82 0.008140 11111111
128 4 16 83 0.006819 11111111
128 4 16 84 0.006789 11111111
128 4 16 85 0.006909 11111111
128 4 16 86 0.005704 11111111
128 4 16 87 0.004917 11111111
128 4 16 88 0.007123 11111111
128 4 16 89 0.006658 11111111
128 4 16 90 0.005924 22222222
128 4 16 91 0.006676 22222211
128 4 16 92 0.005837 11111111
128 4 16 93 0.006151 11111111
128 4 16 94 0.005054 11111111
128 4 16 95 0.005676 11111111
128 4 16 96 0.007155 11111111
128 4 16 97 0.004718 22222111
128 4 16 98 0.007172 11111111
128 4 16 99 0.005909 22222222
128 4 32 0 0.003381 1111
128 4 32 1 0.002713 1111
128 4 32 2 0.003630 1111
128 4 32 3 0.003522 1111
128 4 32 4 0.003904 2221
128 4 32 5 0.003528 1111
128 4 32 6 0.004008 1111
128 4 32 7 0.003971 1111
128 4 32 8 0.004138 2222
128 4 32 9 0.002818 1111
128 4 32 10 0.004182 1111
128 4 32 11 0.003799 1111
128 4 32 12 0.003491 1111
128 4 32 13 0.003841 1111
128 4 32 14 0.004399 1111
128 4 32 15 0.002743 1111
128 4 32 16 0.003309 1111
128 4 32 17 0.003881 2222
128 4 32 18 0.003878 1111
128 4 32 19 0.003409 1111
128 4 32 20 0.003711 1111
128 4 32 21 0.003411 1111
128 4 32 22 0.003943 1111
128 4 32 23 0.003741 1111
128 4 32 24 0.003570 1111
128 4 32 25 0.003201 1111
128 4 32 26 0.003874 1111
128 4 32 27 0.002901 1111
128 4 32 28 0.004196 1111
128 4 32 29 0.003678 1111
128 4 32 30 0.003297 2222
128 4 32 31 0.003610 1111
128 4 32 32 0.003491 1111
128 4 32 33 0.003348 1111
128 4 32 34 0.003678 1111
128 4 32 35 0.004135 1111
128 4 32 36 0.003349 1111
128 4 32 37 0.003447 2222
128 4 32 38 0.003823 2211
128 4 32 39 0.003558 1111
128 4 32 40 0.003202 1111
128 4 32 41 0.004224 1111
128 4 32 42 0.003932 1111
128 4 32 43 0.003555 1111
128 4 32 44 0.003246 1111
128 4 32 45 0.003209 2111
128 4 32 46 0.003825 1111
128 4 32 47 0.002943 2211
128 4 32 48 0.003458 2111
128 4 32 49 0.004216 1111
128 4 32 50 0.004019 1111
128 4 32 51 0.003778 2222
128 4 32 52 0.003856 2222
128 4 32 53 0.003775 1111
128 4 32 54 0.004020 1111
128 4 32 55 0.003041 1111
128 4 32 56 0.003872 1111
128 4 32 57 0.003796 1111
128 4 32 58 0.004625 1111
128 4 32 59 0.003270 1111
128 4 32 60 0.003220 1111
128 4 32 61 0.002694 1111
128 4 32 62 0.003736 2222
128 4 32 63 0.003331 1111
128 4 32 64 0.003493 1111
128 4 32 65 0.003130 2111
128 4 32 66 0.003507 2211
128 4 32 67 0.002710 1111
128 4 32 68 0.003673 1111
128 4 32 69 0.003626 1111
128 4 32 70 0.003551 1111
128 4 32 71 0.004596 1111
128 4 32 72 0.004041 1111
128 4 32 73 0.003660 2221
128 4 32 74 0.003723 1111
128 4 32 75 0.002879 1111
128 4 32 76 0.003434 1111
128 4 32 77 0.003769 1111
128 4 32 78 0.002813 1111
128 4 32 79 0.003533 1111
128 4 32 80 0.003576 2221
128 4 32 81 0.004150 1111
128 4 32 82 0.004525 1111
128 4 32 83 0.003832 1111
128 4 32 84 0.003672 1111
128 4 32 85 0.003746 1111
128 4 32 86 0.003127 1111
128 4 32 87 0.002749 1111
128 4 32 88 0.003871 1111
128 4 32 89 0.003869 1111
128 4 32 90 0.003283 2222
128 4 32 91 0.003691 2221
128 4 32 92 0.003246 1111
128 4 32 93 0.003485 1111
128 4 32 94 0.002787 1111
128 4 32 95 0.003194 1111
128 4 32 96 0.004013 1111
128 4 32 97 0.002644 2211
128 4 32 98 0.003971 1111
128 4 32 99 0.003288 2222
128 8 16 0 0.018899 11111111
128 8 16 1 0.015258 11111111
128 8 16 2 0.017802 11111111
128 8 16 3 0.020152 11111111
128 8 16 4 0.022650 22222222
128 8 16 5 0.019564 11111111
128 8 16 6 0.023210 11111111
128 8 16 7 0.022028 11111111
128 8 16 8 0.021846 22222222
128 8 16 9 0.013648 11111111
128 8 16 10 0.023770 11111111
128 8 16 11 0.020555 11111111
128 8 16 12 0.018828 11111111
128 8 16 13 0.016917 11111111
128 8 16 14 0.023412 11111111
128 8 16 15 0.015411 11111111
128 8 16 16 0.017612 11111111
128 8 16 17 0.020798 22222222
128 8 16 18 0.023351 11111111
128 8 16 19 0.017741 11111111
128 8 16 20 0.021053 11111111
128 8 16 21 0.018072 11111111
128 8 16 22 0.020793 11111111
128 8 16 23 0.022135 11111111
128 8 16 24 0.017788 11111111
128 8 16 25 0.016329 11111111
128 8 16 26 0.022156 11111111
128 8 16 27 0.015209 11111111
128 8 16 28 0.022207 11111111
128 8 16 29 0.019815 11111111
128 8 16 30 0.016894 22222222
128 8 16 31 0.020156 11111111
128 8 16 32 0.020031 11111111
128 8 16 33 0.017459 11111111
128 8 16 34 0.020794 11111111
128 8 16 35 0.023194 11111111
128 8 16 36 0.020045 11111111
128 8 16 37 0.016056 22222222
128 8 16 38 0.021116 22222222
128 8 16 39 0.019732 11111111
128 8 16 40 0.016206 22222222
128 8 16 41 0.025092 11111111
128 8 16 42 0.021462 11111111
128 8 16 43 0.021015 11111111
128 8 16 44 0.017578 11111111
128 8 16 45 0.017098 22222222
128 8 16 46 0.021460 11111111
128 8 16 47 0.015579 22222222
128 8 16 48 0.018998 22222222
128 8 16 49 0.025954 11111111
128 8 16 50 0.023094 11111111
128 8 16 51 0.022321 22222222
128 8 16 52 0.021559 22222222
128 8 16 53 0.020236 22222222
128 8 16 54 0.022777 11111111
128 8 16 55 0.016902 11111111
128 8 16 56 0.020517 11111111
128 8 16 57 0.021738 11111111
128 8 16 58 0.026860 11111111
128 8 16 59 0.017611 11111111
128 8 16 60 0.017412 11111111
128 8 16 61 0.013761 11111111
128 8 16 62 0.020397 22222222
128 8 16 63 0.018690 11111111
128 8 16 64 0.019000 11111111
128 8 16 65 0.016270 22222222
128 8 16 66 0.018906 22222222
128 8 16 67 0.014609 22222222
128 8 16 68 0.020318 11111111
128 8 16 69 0.019909 11111111
128 8 16 70 0.019332 11111111
128 8 16 71 0.027016 11111111
128 8 16 72 0.023338 11111111
128 8 16 73 0.020414 22222222
128 8 16 74 0.021370 11111111
128 8 16 75 0.013897 11111111
128 8 16 76 0.018789 11111111
128 8 16 77 0.022721 11111111
128 8 16 78 0.016141 11111111
128 8 16 79 0.018724 11111111
128 8 16 80 0.019624 22222222
128 8 16 81 0.022482 11111111
128 8 16 82 0.026029 11111111
128 8 16 83 0.021495 11111111
128 8 16 84 0.019174 11111111
128 8 16 85 0.020941 11111111
128 8 16 86 0.017076 11111111
128 8 16 87 0.015738 11111111
128 8 16 88 0.022451 11111111
128 8 16 89 0.020968 11111111
128 8 16 90 0.018217 22222222
128 8 16 91 0.021578 22222222
128 8 16 92 0.019219 11111111
128 8 16 93 0.018905 11111111
128 8 16 94 0.014606 11111111
128 8 16 95 0.016849 11111111
128 8 16 96 0.023088 11111111
128 8 16 97 0.014332 22222222
128 8 16 98 0.022688 11111111
128 8 16 99 0.018308 22222222
128 8 32 0 0.010611 1111
128 8 32 1 0.008147 1111
128 8 32 2 0.010427 1111
128 8 32 3 0.011592 1111
128 8 32 4 0.012079 2222
128 8 32 5 0.010417 1111
128 8 32 6 0.012531 1111
128 8 32 7 0.013340 1111
128 8 32 8 0.012412 2222
128 8 32 9 0.007936 1111
128 8 32 10 0.014393 1111
128 8 32 11 0.011665 1111
128 8 32 12 0.010774 1111
128 8 32 13 0.009611 1111
128 8 32 14 0.013068 1111
128 8 32 15 0.008659 1111
128 8 32 16 0.010174 1111
128 8 32 17 0.012463 2222
128 8 32 18 0.012785 1111
128 8 32 19 0.010226 1111
128 8 32 20 0.011431 1111
128 8 32 21 0.010287 1111
128 8 32 22 0.011522 1111
128 8 32 23 0.013192 1111
128 8 32 24 0.009692 1111
128 8 32 25 0.009633 1111
128 8 32 26 0.012507 1111
128 8 32 27 0.008596 1111
128 8 32 28 0.012982 1111
128 8 32 29 0.011152 1111
128 8 32 30 0.009336 2222
128 8 32 31 0.011307 1111
128 8 32 32 0.010241 1111
128 8 32 33 0.010201 1111
128 8 32 34 0.012396 1111
128 8 32 35 0.013104 1111
128 8 32 36 0.010467 1111
128 8 32 37 0.009207 2222
128 8 32 38 0.011746 2222
128 8 32 39 0.010575 1111
128 8 32 40 0.009512 2222
128 8 32 41 0.014821 1111
128 8 32 42 0.012242 1111
128 8 32 43 0.012157 1111
128 8 32 44 0.009055 1111
128 8 32 45 0.010142 2222
128 8 32 46 0.011886 1111
128 8 32 47 0.008595 2222
128 8 32 48 0.010781 2222
128 8 32 49 0.013756 1111
128 8 32 50 0.014295 1111
128 8 32 51 0.011928 2222
128 8 32 52 0.011996 2222
128 8 32 53 0.011461 2222
128 8 32 54 0.012536 1111
128 8 32 55 0.009736 1111
128 8 32 56 0.011783 1111
128 8 32 57 0.011737 1111
128 8 32 58 0.014687 1111
128 8 32 59 0.009668 1111
128 8 32 60 0.009471 1111
128 8 32 61 0.007510 1111
128 8 32 62 0.011951 2222
128 8 32 63 0.010296 1111
128 8 32 64 0.010610 1111
128 8 32 65 0.009400 2222
128 8 32 66 0.010617 2222
128 8 32 67 0.007854 2222
128 8 32 68 0.011178 1111
128 8 32 69 0.011854 1111
128 8 32 70 0.010313 1111
128 8 32 71 0.015305 1111
128 8 32 72 0.013893 1111
128 8 32 73 0.011528 2222
128 8 32 74 0.011854 1111
128 8 32 75 0.007871 1111
128 8 32 76 0.011363 1111
128 8 32 77 0.011764 1111
128 8 32 78 0.008900 1111
128 8 32 79 0.010515 1111
128 8 32 80 0.010875 2222
128 8 32 81 0.013094 1111
128 8 32 82 0.014877 1111
128 8 32 83 0.012384 1111
128 8 32 84 0.010531 1111
128 8 32 85 0.012049 1111
128 8 32 86 0.008942 1111
128 8 32 87 0.008535 1111
128 8 32 88 0.011605 1111
128 8 32 89 0.011662 1111
128 8 32 90 0.010970 2222
128 8 32 91 0.012007 2222
128 8 32 92 0.010131 1111
128 8 32 93 0.010193 1111
128 8 32 94 0.007883 1111
128 8 32 95 0.009795 1111
128 8 32 96 0.013463 1111
128 8 32 97 0.008281 2222
128 8 32 98 0.013226 1111
128 8 32 99 0.010568 2222
256 2 4 0 0.042777 1111111111111111111111111111111111111111111111111111111111111111
256 2 4 1 0.037074 2211111111111111111111111111111111111111111111111111111111111111
256 2 4 2 0.036101 1111111111111111111111111111111111111111111111111111111111111111
256 2 4 3 0.032767 2221111111111111111111111111111111111111111111111111111111111111
256 2 4 4 0.041560 1111111111111111111111111111111111111111111111111111111111111111
256 2 4 5 0.031434 1111111111111111111111111111111111111111111111111111111111111111
256 2 4 6 0.037440 1111111111111111111111111111111111111111111111111111111111111111
256 2 4 7 0.038589 1111111111111111111111111111111111111111111111111111111111111111
256 2 4 8 0.039025 1111111111111111111111111111111111111111111111111111111111111111
256 2 4 9 0.037968 2111111111111111111111111111111111111111111111111111111111111111
256 2 4 10 0.036296 1111111111111111111111111111111111111111111111111111111111111111
256 2 4 11 0.037400 2211111111111111111111111111111111111111111111111111111111111111
256 2 4 12 0.033508 1111111111111111111111111111111111111111111111111111111111111111
256 2 4 13 0.033160 2211111111111111111111111111111111111111111111111111111111111111
256 2 4 14 0.035957 1111111111111111111111111111111111111111111111111111111111111111
256 2 4 15 0.038591 1111111111111111111111111111111111111111111111111111111111111111
256 2 4 16 0.032427 2211111111111111111111111111111111111111111111111111111111111111
256 2 4 17 0.033708 1111111111111111111111111111111111111111111111111111111111111111
256 2 4 18 0.040223 1111111111111111111111111111111111111111111111111111111111111111
256 2 4 19 0.039085 2211111111111111111111111111111111111111111111111111111111111111
256 2 4 20 0.035422 1111111111111111111111111111111111111111111111111111111111111111
256 2 4 21 0.034567 1111111111111111111111111111111111111111111111111111111111111111
256 2 4 22 0.039065 2222111111111111111111111111111111111111111111111111111111111111
256 2 4 23 0.036589 2211111111111111111111111111111111111111111111111111111111111111
256 2 4 24 0.033525 1111111111111111111111111111111111111111111111111111111111111111
256 2 4 25 0.033555 1111111111111111111111111111111111111111111111111111111111111111
256 2 4 26 0.035602 1111111111111111111111111111111111111111111111111111111111111111
256 2 4 27 0.031593 1111111111111111111111111111111111111111111111111111111111111111
256 2 4 28 0.036625 1111111111111111111111111111111111111111111111111111111111111111
256 2 4 29 0.036109 1111111111111111111111111111111111111111111111111111111111111111
256 2 4 30 0.035073 1111111111111111111111111111111111111111111111111111111111111111
256 2 4 31 0.038290 1111111111111111111111111111111111111111111111111111111111111111
256 2 4 32 0.038896 2221111111111111111111111111111111111111111111111111111111111111
256 2 4 33 0.039769 1111111111111111111111111111111111111111111111111111111111111111
256 2 4 34 0.035159 1111111111111111111111111111111111111111111111111111111111111111
256 2 4 35 0.038830 2211111111111111111111111111111111111111111111111111111111111111
256 2 4 36 0.034721 2111111111111111111111111111111111111111111111111111111111111111
256 2 4 37 0.037212 1111111111111111111111111111111111111111111111111111111111111111
256 2 4 38 0.037306 1111111111111111111111111111111111111111111111111111111111111111
256 2 4 39 0.035669 1111111111111111111111111111111111111111111111111111111111111111
256 2 4 40 0.036900 1111111111111111111111111111111111111111111111111111111111111111
256 2 4 41 0.034234 2111111111111111111111111111111111111111111111111111111111111111
256 2 4 42 0.040985 1111111111111111111111111111111111111111111111111111111111111111
256 2 4 43 0.031815 1111111111111111111111111111111111111111111111111111111111111111
256 2 4 44 0.032694 1111111111111111111111111111111111111111111111111111111111111111
256 2 4 45 0.035151 1111111111111111111111111111111111111111111111111111111111111111
256 2 4 46 0.035870 1111111111111111111111111111111111111111111111111111111111111111
256 2 4 47 0.037753 1111111111111111111111111111111111111111111111111111111111111111
256 2 4 48 0.032618 2221111111111111111111111111111111111111111111111111111111111111
256 2 4 49 0.034504 1111111111111111111111111111111111111111111111111111111111111111
256 2 4 50 0.034759 1111111111111111111111111111111111111111111111111111111111111111
256 2 4 51 0.031978 1111111111111111111111111111111111111111111111111111111111111111
256 2 4 52 0.037410 1111111111111111111111111111111111111111111111111111111111111111
256 2 4 53 0.034824 1111111111111111111111111111111111111111111111111111111111111111
256 2 4 54 0.036798 1111111111111111111111111111111111111111111111111111111111111111
256 2 4 55 0.036731 1111111111111111111111111111111111111111111111111111111111111111
256 2 4 56 0.032311 1111111111111111111111111111111111111111111111111111111111111111
256 2 4 57 0.035875 1111111111111111111111111111111111111111111111111111111111111111
256 2 4 58 0.034925 1111111111111111111111111111111111111111111111111111111111111111
256 2 4 59 0.035390 1111111111111111111111111111111111111111111111111111111111111111
256 2 4 60 0.036988 1111111111111111111111111111111111111111111111111111111111111111
256 2 4 61 0.038055 1111111111111111111111111111111111111111111111111111111111111111
256 2 4 62 0.037088 1111111111111111111111111111111111111111111111111111111111111111
256 2 4 63 0.035650 1111111111111111111111111111111111111111111111111111111111111111
256 2 4 64 0.031899 2221111111111111111111111111111111111111111111111111111111111111
256 2 4 65 0.033383 1111111111111111111111111111111111111111111111111111111111111111
256 2 4 66 0.034993 2221111111111111111111111111111111111111111111111111111111111111
256 2 4 67 0.034497 1111111111111111111111111111111111111111111111111111111111111111
256 2 4 68 0.032301 2211111111111111111111111111111111111111111111111111111111111111
256 2 4 69 0.037181 1111111111111111111111111111111111111111111111111111111111111111
256 2 4 70 0.035233 1111111111111111111111111111111111111111111111111111111111111111
256 2 4 71 0.039508 1111111111111111111111111111111111111111111111111111111111111111
256 2 4 72 0.032474 2211111111111111111111111111111111111111111111111111111111111111
256 2 4 73 0.034449 2111111111111111111111111111111111111111111111111111111111111111
256 2 4 74 0.030974 1111111111111111111111111111111111111111111111111111111111111111
256 2 4 75 0.036484 1111111111111111111111111111111111111111111111111111111111111111
256 2 4 76 0.032918 1111111111111111111111111111111111111111111111111111111111111111
256 2 4 77 0.034373 1111111111111111111111111111111111111111111111111111111111111111
256 2 4 78 0.034035 1111111111111111111111111111111111111111111111111111111111111111
256 2 4 79 0.033347 1111111111111111111111111111111111111111111111111111111111111111
256 2 4 80 0.034889 2211111111111111111111111111111111111111111111111111111111111111
256 2 4 81 0.037636 2221111111111111111111111111111111111111111111111111111111111111
256 2 4 82 0.036584 1111111111111111111111111111111111111111111111111111111111111111
256 2 4 83 0.028515 2211111111111111111111111111111111111111111111111111111111111111
256 2 4 84 0.033764 1111111111111111111111111111111111111111111111111111111111111111
256 2 4 85 0.034435 1111111111111111111111111111111111111111111111111111111111111111
256 2 4 86 0.036637 2221111111111111111111111111111111111111111111111111111111111111
256 2 4 87 0.034301 1111111111111111111111111111111111111111111111111111111111111111
256 2 4 88 0.035858 1111111111111111111111111111111111111111111111111111111111111111
256 2 4 89 0.036121 1111111111111111111111111111111111111111111111111111111111111111
256 2 4 90 0.037570 2222111111111111111111111111111111111111111111111111111111111111
256 2 4 91 0.040015 1111111111111111111111111111111111111111111111111111111111111111
256 2 4 92 0.031462 2111111111111111111111111111111111111111111111111111111111111111
256 2 4 93 0.034831 1111111111111111111111111111111111111111111111111111111111111111
256 2 4 94 0.036774 1111111111111111111111111111111111111111111111111111111111111111
256 2 4 95 0.036931 1111111111111111111111111111111111111111111111111111111111111111
256 2 4 96 0.036347 2211111111111111111111111111111111111111111111111111111111111111
256 2 4 97 0.034540 1111111111111111111111111111111111111111111111111111111111111111
256 2 4 98 0.036408 2211111111111111111111111111111111111111111111111111111111111111
256 2 4 99 0.040264 2111111111111111111111111111111111111111111111111111111111111111
256 2 8 0 0.020988 11111111111111111111111111111111
256 2 8 1 0.018745 21111111111111111111111111111111
256 2 8 2 0.018508 11111111111111111111111111111111
256 2 8 3 0.016319 21111111111111111111111111111111
256 2 8 4 0.020688 11111111111111111111111111111111
256 2 8 5 0.015788 11111111111111111111111111111111
256 2 8 6 0.018528 11111111111111111111111111111111
256 2 8 7 0.019179 11111111111111111111111111111111
256 2 8 8 0.019767 11111111111111111111111111111111
256 2 8 9 0.018776 11111111111111111111111111111111
256 2 8 10 0.018028 11111111111111111111111111111111
256 2 8 11 0.019140 11111111111111111111111111111111
256 2 8 12 0.017153 11111111111111111111111111111111
256 2 8 13 0.016755 21111111111111111111111111111111
256 2 8 14 0.017666 11111111111111111111111111111111
256 2 8 15 0.017909 11111111111111111111111111111111
256 2 8 16 0.016370 21111111111111111111111111111111
256 2 8 17 0.017311 11111111111111111111111111111111
256 2 8 18 0.020567 11111111111111111111111111111111
256 2 8 19 0.020172 11111111111111111111111111111111
256 2 8 20 0.017623 11111111111111111111111111111111
256 2 8 21 0.017228 11111111111111111111111111111111
256 2 8 22 0.019635 22111111111111111111111111111111
256 2 8 23 0.018570 21111111111111111111111111111111
256 2 8 24 0.016892 11111111111111111111111111111111
256 2 8 25 0.016968 11111111111111111111111111111111
256 2 8 26 0.018072 11111111111111111111111111111111
256 2 8 27 0.016495 11111111111111111111111111111111
256 2 8 28 0.018140 11111111111111111111111111111111
256 2 8 29 0.018266 11111111111111111111111111111111
256 2 8 30 0.017766 11111111111111111111111111111111
256 2 8 31 0.020042 11111111111111111111111111111111
256 2 8 32 0.019496 21111111111111111111111111111111
256 2 8 33 0.020013 11111111111111111111111111111111
256 2 8 34 0.017811 11111111111111111111111111111111
256 2 8 35 0.019455 21111111111111111111111111111111
256 2 8 36 0.017338 11111111111111111111111111111111
256 2 8 37 0.018710 11111111111111111111111111111111
256 2 8 38 0.018973 11111111111111111111111111111111
256 2 8 39 0.017906 11111111111111111111111111111111
256 2 8 40 0.018704 11111111111111111111111111111111
256 2 8 41 0.017131 11111111111111111111111111111111
256 2 8 42 0.020448 11111111111111111111111111111111
256 2 8 43 0.015583 11111111111111111111111111111111
256 2 8 44 0.016759 11111111111111111111111111111111
256 2 8 45 0.017497 11111111111111111111111111111111
256 2 8 46 0.017718 11111111111111111111111111111111
256 2 8 47 0.019538 11111111111111111111111111111111
256 2 8 48 0.016420 21111111111111111111111111111111
256 2 8 49 0.017067 11111111111111111111111111111111
256 2 8 50 0.017228 11111111111111111111111111111111
256 2 8 51 0.016233 11111111111111111111111111111111
256 2 8 52 0.018779 11111111111111111111111111111111
256 2 8 53 0.017660 11111111111111111111111111111111
256 2 8 54 0.018579 11111111111111111111111111111111
256 2 8 55 0.018476 11111111111111111111111111111111
256 2 8 56 0.016628 11111111111111111111111111111111
256 2 8 57 0.018502 11111111111111111111111111111111
256 2 8 58 0.017633 11111111111111111111111111111111
256 2 8 59 0.018269 11111111111111111111111111111111
256 2 8 60 0.018536 11111111111111111111111111111111
256 2 8 61 0.019557 11111111111111111111111111111111
256 2 8 62 0.018744 11111111111111111111111111111111
256 2 8 63 0.017904 11111111111111111111111111111111
256 2 8 64 0.015964 11111111111111111111111111111111
256 2 8 65 0.016744 11111111111111111111111111111111
256 2 8 66 0.017579 21111111111111111111111111111111
256 2 8 67 0.017353 11111111111111111111111111111111
256 2 8 68 0.016285 11111111111111111111111111111111
256 2 8 69 0.016082 11111111111111111111111111111111
256 2 8 70 0.017937 11111111111111111111111111111111
256 2 8 71 0.020049 11111111111111111111111111111111
256 2 8 72 0.015806 21111111111111111111111111111111
256 2 8 73 0.017389 11111111111111111111111111111111
256 2 8 74 0.015319 11111111111111111111111111111111
256 2 8 75 0.017826 11111111111111111111111111111111
256 2 8 76 0.016704 11111111111111111111111111111111
256 2 8 77 0.017396 11111111111111111111111111111111
256 2 8 78 0.016946 11111111111111111111111111111111
256 2 8 79 0.016808 11111111111111111111111111111111
256 2 8 80 0.017961 21111111111111111111111111111111
256 2 8 81 0.018607 11111111111111111111111111111111
256 2 8 82 0.018344 11111111111111111111111111111111
256 2 8 83 0.013989 11111111111111111111111111111111
256 2 8 84 0.017068 11111111111111111111111111111111
256 2 8 85 0.016864 11111111111111111111111111111111
256 2 8 86 0.018648 21111111111111111111111111111111
256 2 8 87 0.017057 11111111111111111111111111111111
256 2 8 88 0.017791 11111111111111111111111111111111
256 2 8 89 0.018153 11111111111111111111111111111111
256 2 8 90 0.018864 22111111111111111111111111111111
256 2 8 91 0.019770 11111111111111111111111111111111
256 2 8 92 0.015705 11111111111111111111111111111111
256 2 8 93 0.017403 11111111111111111111111111111111
256 2 8 94 0.018615 11111111111111111111111111111111
256 2 8 95 0.019123 11111111111111111111111111111111
256 2 8 96 0.018770 21111111111111111111111111111111
256 2 8 97 0.017554 11111111111111111111111111111111
256 2 8 98 0.018627 21111111111111111111111111111111
256 2 8 99 0.019160 11111111111111111111111111111111
256 2 16 0 0.010982 1111111111111111
256 2 16 1 0.009218 1111111111111111
256 2 16 2 0.009234 1111111111111111
256 2 16 3 0.008595 1111111111111111
256 2 16 4 0.010620 1111111111111111
256 2 16 5 0.008058 1111111111111111
256 2 16 6 0.009653 1111111111111111
256 2 16 7 0.009701 1111111111111111
256 2 16 8 0.010246 1111111111111111
256 2 16 9 0.009769 1111111111111111
256 2 16 10 0.009258 1111111111111111
256 2 16 11 0.009829 1111111111111111
256 2 16 12 0.008622 1111111111111111
256 2 16 13 0.008430 1111111111111111
256 2 16 14 0.009597 1111111111111111
256 2 16 15 0.009099 1111111111111111
256 2 16 16 0.008687 1111111111111111
256 2 16 17 0.008793 1111111111111111
256 2 16 18 0.010420 1111111111111111
256 2 16 19 0.010065 1111111111111111
256 2 16 20 0.009305 1111111111111111
256 2 16 21 0.009020 1111111111111111
256 2 16 22 0.010154 2111111111111111
256 2 16 23 0.009356 1111111111111111
256 2 16 24 0.008720 1111111111111111
256 2 16 25 0.008667 1111111111111111
256 2 16 26 0.009319 1111111111111111
256 2 16 27 0.008027 1111111111111111
256 2 16 28 0.009846 1111111111111111
256 2 16 29 0.009208 1111111111111111
256 2 16 30 0.008911 1111111111111111
256 2 16 31 0.010165 1111111111111111
256 2 16 32 0.010119 1111111111111111
256 2 16 33 0.010304 1111111111111111
256 2 16 34 0.009362 1111111111111111
256 2 16 35 0.009628 1111111111111111
256 2 16 36 0.008936 1111111111111111
256 2 16 37 0.009551 1111111111111111
256 2 16 38 0.009447 1111111111111111
256 2 16 39 0.009260 1111111111111111
256 2 16 40 0.009455 1111111111111111
256 2 16 41 0.008924 1111111111111111
256 2 16 42 0.010331 1111111111111111
256 2 16 43 0.007954 1111111111111111
256 2 16 44 0.008777 1111111111111111
256 2 16 45 0.008978 1111111111111111
256 2 16 46 0.009378 1111111111111111
256 2 16 47 0.009809 1111111111111111
256 2 16 48 0.008436 1111111111111111
256 2 16 49 0.008675 1111111111111111
256 2 16 50 0.008980 1111111111111111
256 2 16 51 0.008123 1111111111111111
256 2 16 52 0.010014 1111111111111111
256 2 16 53 0.009055 1111111111111111
256 2 16 54 0.009461 1111111111111111
256 2 16 55 0.009208 1111111111111111
256 2 16 56 0.008315 1111111111111111
256 2 16 57 0.009396 1111111111111111
256 2 16 58 0.009108 1111111111111111
256 2 16 59 0.009250 1111111111111111
256 2 16 60 0.009353 1111111111111111
256 2 16 61 0.009955 1111111111111111
256 2 16 62 0.009564 1111111111111111
256 2 16 63 0.009276 1111111111111111
256 2 16 64 0.008052 1111111111111111
256 2 16 65 0.008718 1111111111111111
256 2 16 66 0.008866 1111111111111111
256 2 16 67 0.008792 1111111111111111
256 2 16 68 0.008216 1111111111111111
256 2 16 69 0.008218 1111111111111111
256 2 16 70 0.009245 1111111111111111
256 2 16 71 0.010757 1111111111111111
256 2 16 72 0.008075 1111111111111111
256 2 16 73 0.009176 1111111111111111
256 2 16 74 0.007768 1111111111111111
256 2 16 75 0.009533 1111111111111111
256 2 16 76 0.008612 1111111111111111
256 2 16 77 0.008571 1111111111111111
256 2 16 78 0.008844 1111111111111111
256 2 16 79 0.008514 1111111111111111
256 2 16 80 0.009297 1111111111111111
256 2 16 81 0.009532 1111111111111111
256 2 16 82 0.009538 1111111111111111
256 2 16 83 0.007056 1111111111111111
256 2 16 84 0.009060 1111111111111111
256 2 16 85 0.008518 1111111111111111
256 2 16 86 0.009602 1111111111111111
256 2 16 87 0.008673 1111111111111111
256 2 16 88 0.009118 1111111111111111
256 2 16 89 0.009215 1111111111111111
256 2 16 90 0.009933 2111111111111111
256 2 16 91 0.010056 1111111111111111
256 2 16 92 0.008313 1111111111111111
256 2 16 93 0.009799 1111111111111111
256 2 16 94 0.009518 1111111111111111
256 2 16 95 0.009572 1111111111111111
256 2 16 96 0.009409 1111111111111111
256 2 16 97 0.009001 1111111111111111
256 2 16 98 0.009352 1111111111111111
256 2 16 99 0.010375 1111111111111111
256 2 32 0 0.005818 11111111
256 2 32 1 0.004937 11111111
256 2 32 2 0.004897 11111111
256 2 32 3 0.004661 11111111
256 2 32 4 0.005683 11111111
256 2 32 5 0.004390 11111111
256 2 32 6 0.005434 11111111
256 2 32 7 0.005326 11111111
256 2 32 8 0.005324 11111111
256 2 32 9 0.005640 11111111
256 2 32 10 0.004932 11111111
256 2 32 11 0.005165 11111111
256 2 32 12 0.004766 11111111
256 2 32 13 0.004637 11111111
256 2 32 14 0.004922 11111111
256 2 32 15 0.004834 11111111
256 2 32 16 0.004446 11111111
256 2 32 17 0.004802 11111111
256 2 32 18 0.005458 11111111
256 2 32 19 0.005440 11111111
256 2 32 20 0.004838 11111111
256 2 32 21 0.004795 11111111
256 2 32 22 0.005392 11111111
256 2 32 23 0.005067 11111111
256 2 32 24 0.004611 11111111
256 2 32 25 0.004611 11111111
256 2 32 26 0.004823 11111111
256 2 32 27 0.004262 11111111
256 2 32 28 0.005085 11111111
256 2 32 29 0.004815 11111111
256 2 32 30 0.004736 11111111
256 2 32 31 0.005381 11111111
256 2 32 32 0.005356 11111111
256 2 32 33 0.005616 11111111
256 2 32 34 0.004859 11111111
256 2 32 35 0.005226 11111111
256 2 32 36 0.004708 11111111
256 2 32 37 0.005075 11111111
256 2 32 38 0.004990 11111111
256 2 32 39 0.004858 11111111
256 2 32 40 0.005049 11111111
256 2 32 41 0.004697 11111111
256 2 32 42 0.006121 11111111
256 2 32 43 0.004289 11111111
256 2 32 44 0.004514 11111111
256 2 32 45 0.004844 11111111
256 2 32 46 0.004858 11111111
256 2 32 47 0.005197 11111111
256 2 32 48 0.004513 11111111
256 2 32 49 0.004623 11111111
256 2 32 50 0.004654 11111111
256 2 32 51 0.004397 11111111
256 2 32 52 0.005218 11111111
256 2 32 53 0.004814 11111111
256 2 32 54 0.005123 11111111
256 2 32 55 0.004891 11111111
256 2 32 56 0.004500 11111111
256 2 32 57 0.004923 11111111
256 2 32 58 0.004759 11111111
256 2 32 59 0.005001 11111111
256 2 32 60 0.004975 11111111
256 2 32 61 0.005305 11111111
256 2 32 62 0.005108 11111111
256 2 32 63 0.004880 11111111
256 2 32 64 0.004483 11111111
256 2 32 65 0.004542 11111111
256 2 32 66 0.004725 11111111
256 2 32 67 0.004690 11111111
256 2 32 68 0.004399 11111111
256 2 32 69 0.004327 11111111
256 2 32 70 0.004918 11111111
256 2 32 71 0.005419 11111111
256 2 32 72 0.004319 11111111
256 2 32 73 0.004687 11111111
256 2 32 74 0.004144 11111111
256 2 32 75 0.004974 11111111
256 2 32 76 0.004742 11111111
256 2 32 77 0.004529 11111111
256 2 32 78 0.004647 11111111
256 2 32 79 0.004581 11111111
256 2 32 80 0.004713 11111111
256 2 32 81 0.005089 11111111
256 2 32 82 0.005064 11111111
256 2 32 83 0.004190 11111111
256 2 32 84 0.004738 11111111
256 2 32 85 0.004662 11111111
256 2 32 86 0.004947 11111111
256 2 32 87 0.004643 11111111
256 2 32 88 0.004812 11111111
256 2 32 89 0.004931 11111111
256 2 32 90 0.005200 11111111
256 2 32 91 0.005402 11111111
256 2 32 92 0.004333 11111111
256 2 32 93 0.004870 11111111
256 2 32 94 0.005018 11111111
256 2 32 95 0.005090 11111111
256 2 32 96 0.004931 11111111
256 2 32 97 0.004762 11111111
256 2 32 98 0.004976 11111111
256 2 32 99 0.005264 11111111
256 4 8 0 0.060228 11111111111111111111111111111111
256 4 8 1 0.048031 22222222111111111111111111111111
256 4 8 2 0.051268 11111111111111111111111111111111
256 4 8 3 0.044650 22111111111111111111111111111111
256 4 8 4 0.058272 11111111111111111111111111111111
256 4 8 5 0.042814 11111111111111111111111111111111
256 4 8 6 0.053201 11111111111111111111111111111111
256 4 8 7 0.052274 11111111111111111111111111111111
256 4 8 8 0.055500 11111111111111111111111111111111
256 4 8 9 0.052071 22111111111111111111111111111111
256 4 8 10 0.050343 11111111111111111111111111111111
256 4 8 11 0.051654 22222222222222222222222222211111
256 4 8 12 0.049051 11111111111111111111111111111111
256 4 8 13 0.045172 22222222222222211111111111111111
256 4 8 14 0.049834 11111111111111111111111111111111
256 4 8 15 0.049707 11111111111111111111111111111111
256 4 8 16 0.042910 22222222222222222221111111111111
256 4 8 17 0.049313 11111111111111111111111111111111
256 4 8 18 0.056033 11111111111111111111111111111111
256 4 8 19 0.055730 22222222111111111111111111111111
256 4 8 20 0.046793 11111111111111111111111111111111
256 4 8 21 0.047508 11111111111111111111111111111111
256 4 8 22 0.055283 22111111111111111111111111111111
256 4 8 23 0.052314 22221111111111111111111111111111
256 4 8 24 0.046809 11111111111111111111111111111111
256 4 8 25 0.045193 11111111111111111111111111111111
256 4 8 26 0.052568 11111111111111111111111111111111
256 4 8 27 0.041997 11111111111111111111111111111111
256 4 8 28 0.051045 11111111111111111111111111111111
256 4 8 29 0.049164 11111111111111111111111111111111
256 4 8 30 0.049947 11111111111111111111111111111111
256 4 8 31 0.053272 11111111111111111111111111111111
256 4 8 32 0.053140 22222222222222222222222222222222
256 4 8 33 0.055276 11111111111111111111111111111111
256 4 8 34 0.048740 11111111111111111111111111111111
256 4 8 35 0.053816 22222222222222222222222222222222
256 4 8 36 0.045977 22222111111111111111111111111111
256 4 8 37 0.053614 11111111111111111111111111111111
256 4 8 38 0.051596 11111111111111111111111111111111
256 4 8 39 0.051150 11111111111111111111111111111111
256 4 8 40 0.051565 11111111111111111111111111111111
256 4 8 41 0.047634 22211111111111111111111111111111
256 4 8 42 0.055545 11111111111111111111111111111111
256 4 8 43 0.041242 11111111111111111111111111111111
256 4 8 44 0.042645 11111111111111111111111111111111
256 4 8 45 0.049312 11111111111111111111111111111111
256 4 8 46 0.051162 11111111111111111111111111111111
256 4 8 47 0.054053 11111111111111111111111111111111
256 4 8 48 0.045690 22222222222222222222222222111111
256 4 8 49 0.048237 11111111111111111111111111111111
256 4 8 50 0.046727 11111111111111111111111111111111
256 4 8 51 0.044823 11111111111111111111111111111111
256 4 8 52 0.054241 11111111111111111111111111111111
256 4 8 53 0.050966 11111111111111111111111111111111
256 4 8 54 0.051472 11111111111111111111111111111111
256 4 8 55 0.050783 11111111111111111111111111111111
256 4 8 56 0.043245 11111111111111111111111111111111
256 4 8 57 0.050352 11111111111111111111111111111111
256 4 8 58 0.046897 11111111111111111111111111111111
256 4 8 59 0.048993 11111111111111111111111111111111
256 4 8 60 0.050948 11111111111111111111111111111111
256 4 8 61 0.055023 11111111111111111111111111111111
256 4 8 62 0.051054 11111111111111111111111111111111
256 4 8 63 0.047957 11111111111111111111111111111111
256 4 8 64 0.041815 22111111111111111111111111111111
256 4 8 65 0.043282 11111111111111111111111111111111
256 4 8 66 0.049649 22222222222222222222222222222222
256 4 8 67 0.046822 11111111111111111111111111111111
256 4 8 68 0.044586 22111111111111111111111111111111
256 4 8 69 0.042878 11111111111111111111111111111111
256 4 8 70 0.050039 11111111111111111111111111111111
256 4 8 71 0.055642 11111111111111111111111111111111
256 4 8 72 0.043404 22222211111111111111111111111111
256 4 8 73 0.046010 22222222221111111111111111111111
256 4 8 74 0.042310 11111111111111111111111111111111
256 4 8 75 0.048509 11111111111111111111111111111111
256 4 8 76 0.048869 11111111111111111111111111111111
256 4 8 77 0.045944 11111111111111111111111111111111
256 4 8 78 0.046388 11111111111111111111111111111111
256 4 8 79 0.047548 11111111111111111111111111111111
256 4 8 80 0.048702 21111111111111111111111111111111
256 4 8 81 0.052020 22222222222222222222222111111111
256 4 8 82 0.051939 11111111111111111111111111111111
256 4 8 83 0.035442 22222111111111111111111111111111
256 4 8 84 0.043995 11111111111111111111111111111111
256 4 8 85 0.045840 11111111111111111111111111111111
256 4 8 86 0.053145 22222222222222222222222222211111
256 4 8 87 0.044590 11111111111111111111111111111111
256 4 8 88 0.050706 11111111111111111111111111111111
256 4 8 89 0.051023 11111111111111111111111111111111
256 4 8 90 0.055462 22222222222222222222222222222222
256 4 8 91 0.054715 11111111111111111111111111111111
256 4 8 92 0.043311 22222222222222222222222222221111
256 4 8 93 0.050070 11111111111111111111111111111111
256 4 8 94 0.049552 11111111111111111111111111111111
256 4 8 95 0.051634 11111111111111111111111111111111
256 4 8 96 0.051562 22222222222222222111111111111111
256 4 8 97 0.047309 11111111111111111111111111111111
256 4 8 98 0.050791 22222222222222222222222222111111
256 4 8 99 0.054899 22222222222111111111111111111111
256 4 16 0 0.031107 1111111111111111
256 4 16 1 0.024694 2222111111111111
256 4 16 2 0.026687 1111111111111111
256 4 16 3 0.022920 2111111111111111
256 4 16 4 0.029869 1111111111111111
256 4 16 5 0.022997 1111111111111111
256 4 16 6 0.027347 1111111111111111
256 4 16 7 0.026329 1111111111111111
256 4 16 8 0.028303 1111111111111111
256 4 16 9 0.026540 2111111111111111
256 4 16 10 0.026135 1111111111111111
256 4 16 11 0.025906 2222222222222111
256 4 16 12 0.023858 1111111111111111
256 4 16 13 0.023255 2222222111111111
256 4 16 14 0.025469 1111111111111111
256 4 16 15 0.025421 1111111111111111
256 4 16 16 0.021994 2222222221111111
256 4 16 17 0.022955 1111111111111111
256 4 16 18 0.028599 1111111111111111
256 4 16 19 0.028147 2222111111111111
256 4 16 20 0.024692 1111111111111111
256 4 16 21 0.024998 1111111111111111
256 4 16 22 0.028369 2111111111111111
256 4 16 23 0.026294 2211111111111111
256 4 16 24 0.024066 1111111111111111
256 4 16 25 0.023373 1111111111111111
256 4 16 26 0.026467 1111111111111111
256 4 16 27 0.022405 1111111111111111
256 4 16 28 0.026363 1111111111111111
256 4 16 29 0.025881 1111111111111111
256 4 16 30 0.025182 1111111111111111
256 4 16 31 0.028300 1111111111111111
256 4 16 32 0.027081 2222222222222222
256 4 16 33 0.028717 1111111111111111
256 4 16 34 0.024549 1111111111111111
256 4 16 35 0.027416 2222222222222222
256 4 16 36 0.023466 2211111111111111
256 4 16 37 0.026782 1111111111111111
256 4 16 38 0.026651 1111111111111111
256 4 16 39 0.025959 1111111111111111
256 4 16 40 0.026404 1111111111111111
256 4 16 41 0.024455 2111111111111111
256 4 16 42 0.028188 1111111111111111
256 4 16 43 0.020746 1111111111111111
256 4 16 44 0.022018 1111111111111111
256 4 16 45 0.025475 1111111111111111
256 4 16 46 0.026547 1111111111111111
256 4 16 47 0.028136 1111111111111111
256 4 16 48 0.023686 2222222222222111
256 4 16 49 0.024385 1111111111111111
256 4 16 50 0.023886 1111111111111111
256 4 16 51 0.022228 1111111111111111
256 4 16 52 0.027067 1111111111111111
256 4 16 53 0.025310 1111111111111111
256 4 16 54 0.026575 1111111111111111
256 4 16 55 0.026157 1111111111111111
256 4 16 56 0.022345 1111111111111111
256 4 16 57 0.026790 1111111111111111
256 4 16 58 0.024597 1111111111111111
256 4 16 59 0.024960 1111111111111111
256 4 16 60 0.026213 1111111111111111
256 4 16 61 0.027622 1111111111111111
256 4 16 62 0.025345 1111111111111111
256 4 16 63 0.024470 1111111111111111
256 4 16 64 0.021661 1111111111111111
256 4 16 65 0.022625 1111111111111111
256 4 16 66 0.026024 2222222222222222
256 4 16 67 0.024038 1111111111111111
256 4 16 68 0.022272 2111111111111111
256 4 16 69 0.021253 1111111111111111
256 4 16 70 0.025435 1111111111111111
256 4 16 71 0.029919 1111111111111111
256 4 16 72 0.022128 2221111111111111
256 4 16 73 0.024170 2222211111111111
256 4 16 74 0.021358 1111111111111111
256 4 16 75 0.025006 1111111111111111
256 4 16 76 0.024620 1111111111111111
256 4 16 77 0.023520 1111111111111111
256 4 16 78 0.023869 1111111111111111
256 4 16 79 0.023590 1111111111111111
256 4 16 80 0.025130 1111111111111111
256 4 16 81 0.026947 2222222222211111
256 4 16 82 0.026959 1111111111111111
256 4 16 83 0.018457 2211111111111111
256 4 16 84 0.022621 1111111111111111
256 4 16 85 0.024524 1111111111111111
256 4 16 86 0.026976 2222222222222111
256 4 16 87 0.025885 1111111111111111
256 4 16 88 0.026414 1111111111111111
256 4 16 89 0.025508 1111111111111111
256 4 16 90 0.027802 2222222222222222
256 4 16 91 0.028219 1111111111111111
256 4 16 92 0.022040 2222222222222211
256 4 16 93 0.025465 1111111111111111
256 4 16 94 0.025683 1111111111111111
256 4 16 95 0.026109 1111111111111111
256 4 16 96 0.026981 2222222211111111
256 4 16 97 0.025163 1111111111111111
256 4 16 98 0.026314 2222222222222111
256 4 16 99 0.027593 2222211111111111
256 4 32 0 0.016541 11111111
256 4 32 1 0.013291 22111111
256 4 32 2 0.013961 11111111
256 4 32 3 0.012398 11111111
256 4 32 4 0.016074 11111111
256 4 32 5 0.011649 11111111
256 4 32 6 0.014467 11111111
256 4 32 7 0.014094 11111111
256 4 32 8 0.014857 11111111
256 4 32 9 0.014157 11111111
256 4 32 10 0.013868 11111111
256 4 32 11 0.013886 22222211
256 4 32 12 0.012896 11111111
256 4 32 13 0.012147 22211111
256 4 32 14 0.013539 11111111
256 4 32 15 0.013463 11111111
256 4 32 16 0.011714 22221111
256 4 32 17 0.012284 11111111
256 4 32 18 0.015318 11111111
256 4 32 19 0.014966 22111111
256 4 32 20 0.013057 11111111
256 4 32 21 0.012983 11111111
256 4 32 22 0.015442 11111111
256 4 32 23 0.013944 21111111
256 4 32 24 0.012412 11111111
256 4 32 25 0.012104 11111111
256 4 32 26 0.013759 11111111
256 4 32 27 0.011309 11111111
256 4 32 28 0.014183 11111111
256 4 32 29 0.013507 11111111
256 4 32 30 0.013602 11111111
256 4 32 31 0.014742 11111111
256 4 32 32 0.014813 22222222
256 4 32 33 0.015300 11111111
256 4 32 34 0.012927 11111111
256 4 32 35 0.014628 22222222
256 4 32 36 0.012233 21111111
256 4 32 37 0.013947 11111111
256 4 32 38 0.013676 11111111
256 4 32 39 0.013854 11111111
256 4 32 40 0.014172 11111111
256 4 32 41 0.012457 11111111
256 4 32 42 0.015426 11111111
256 4 32 43 0.011035 11111111
256 4 32 44 0.011883 11111111
256 4 32 45 0.013739 11111111
256 4 32 46 0.013589 11111111
256 4 32 47 0.014880 11111111
256 4 32 48 0.012220 22222211
256 4 32 49 0.012921 11111111
256 4 32 50 0.012575 11111111
256 4 32 51 0.011914 11111111
256 4 32 52 0.014144 11111111
256 4 32 53 0.013494 11111111
256 4 32 54 0.014162 11111111
256 4 32 55 0.013616 11111111
256 4 32 56 0.011794 11111111
256 4 32 57 0.014141 11111111
256 4 32 58 0.012924 11111111
256 4 32 59 0.013558 11111111
256 4 32 60 0.013833 11111111
256 4 32 61 0.014691 11111111
256 4 32 62 0.013640 11111111
256 4 32 63 0.013272 11111111
256 4 32 64 0.011579 11111111
256 4 32 65 0.012157 11111111
256 4 32 66 0.013118 22222222
256 4 32 67 0.012606 11111111
256 4 32 68 0.011649 11111111
256 4 32 69 0.011469 11111111
256 4 32 70 0.013989 11111111
256 4 32 71 0.015169 11111111
256 4 32 72 0.011849 21111111
256 4 32 73 0.012656 22111111
256 4 32 74 0.011333 11111111
256 4 32 75 0.013503 11111111
256 4 32 76 0.012881 11111111
256 4 32 77 0.012300 11111111
256 4 32 78 0.012650 11111111
256 4 32 79 0.012604 11111111
256 4 32 80 0.013398 11111111
256 4 32 81 0.014184 22222111
256 4 32 82 0.014141 11111111
256 4 32 83 0.009727 21111111
256 4 32 84 0.011763 11111111
256 4 32 85 0.012627 11111111
256 4 32 86 0.014857 22222211
256 4 32 87 0.012325 11111111
256 4 32 88 0.013538 11111111
256 4 32 89 0.013589 11111111
256 4 32 90 0.014646 22222222
256 4 32 91 0.015137 11111111
256 4 32 92 0.011895 22222221
256 4 32 93 0.013549 11111111
256 4 32 94 0.013344 11111111
256 4 32 95 0.013879 11111111
256 4 32 96 0.014020 22221111
256 4 32 97 0.012871 11111111
256 4 32 98 0.013866 22222211
256 4 32 99 0.015192 22111111
256 8 16 0 0.101079 1111111111111111
256 8 16 1 0.079784 2222222222222222
256 8 16 2 0.083862 1111111111111111
256 8 16 3 0.071611 2222222222222222
256 8 16 4 0.098456 1111111111111111
256 8 16 5 0.067119 1111111111111111
256 8 16 6 0.084527 1111111111111111
256 8 16 7 0.086636 1111111111111111
256 8 16 8 0.091179 1111111111111111
256 8 16 9 0.089857 2222222222222222
256 8 16 10 0.079969 1111111111111111
256 8 16 11 0.091745 2222222222222222
256 8 16 12 0.075510 1111111111111111
256 8 16 13 0.074455 2222222222222222
256 8 16 14 0.081455 1111111111111111
256 8 16 15 0.079295 1111111111111111
256 8 16 16 0.068138 2222222222222222
256 8 16 17 0.075335 1111111111111111
256 8 16 18 0.092531 1111111111111111
256 8 16 19 0.093622 2222222222222222
256 8 16 20 0.075528 1111111111111111
256 8 16 21 0.073319 1111111111111111
256 8 16 22 0.088055 2222222222222222
256 8 16 23 0.083128 2222222222222222
256 8 16 24 0.073687 1111111111111111
256 8 16 25 0.075558 1111111111111111
256 8 16 26 0.082366 1111111111111111
256 8 16 27 0.068866 1111111111111111
256 8 16 28 0.089368 1111111111111111
256 8 16 29 0.076715 1111111111111111
256 8 16 30 0.077065 1111111111111111
256 8 16 31 0.088506 1111111111111111
256 8 16 32 0.084840 2222222222222222
256 8 16 33 0.097248 1111111111111111
256 8 16 34 0.078832 1111111111111111
256 8 16 35 0.090038 2222222222222222
256 8 16 36 0.073971 2222222222222222
256 8 16 37 0.083889 1111111111111111
256 8 16 38 0.086245 1111111111111111
256 8 16 39 0.080477 1111111111111111
256 8 16 40 0.085909 1111111111111111
256 8 16 41 0.075501 2222222222222222
256 8 16 42 0.088416 1111111111111111
256 8 16 43 0.062587 1111111111111111
256 8 16 44 0.067451 1111111111111111
256 8 16 45 0.083539 1111111111111111
256 8 16 46 0.086515 1111111111111111
256 8 16 47 0.093217 1111111111111111
256 8 16 48 0.069965 2222222222222222
256 8 16 49 0.072028 1111111111111111
256 8 16 50 0.073766 1111111111111111
256 8 16 51 0.072360 1111111111111111
256 8 16 52 0.084547 1111111111111111
256 8 16 53 0.079054 1111111111111111
256 8 16 54 0.079658 1111111111111111
256 8 16 55 0.082500 1111111111111111
256 8 16 56 0.069972 1111111111111111
256 8 16 57 0.077617 1111111111111111
256 8 16 58 0.081803 1111111111111111
256 8 16 59 0.077016 1111111111111111
256 8 16 60 0.085292 1111111111111111
256 8 16 61 0.091537 1111111111111111
256 8 16 62 0.089137 1111111111111111
256 8 16 63 0.079760 1111111111111111
256 8 16 64 0.069791 2222222222222222
256 8 16 65 0.069028 1111111111111111
256 8 16 66 0.081112 2222222222222222
256 8 16 67 0.076219 1111111111111111
256 8 16 68 0.064872 2222222222222222
256 8 16 69 0.067315 1111111111111111
256 8 16 70 0.076713 1111111111111111
256 8 16 71 0.089063 1111111111111111
256 8 16 72 0.068936 2222222222222222
256 8 16 73 0.071832 2222222222222222
256 8 16 74 0.066330 1111111111111111
256 8 16 75 0.079250 1111111111111111
256 8 16 76 0.074629 1111111111111111
256 8 16 77 0.077074 1111111111111111
256 8 16 78 0.074881 1111111111111111
256 8 16 79 0.076394 1111111111111111
256 8 16 80 0.077653 2222222222222222
256 8 16 81 0.085891 2222222222222222
256 8 16 82 0.090254 1111111111111111
256 8 16 83 0.053265 2222222222222222
256 8 16 84 0.069755 1111111111111111
256 8 16 85 0.074702 1111111111111111
256 8 16 86 0.083941 2222222222222222
256 8 16 87 0.074905 1111111111111111
256 8 16 88 0.077537 1111111111111111
256 8 16 89 0.079541 1111111111111111
256 8 16 90 0.090969 2222222222222222
256 8 16 91 0.091194 1111111111111111
256 8 16 92 0.072817 2222222222222222
256 8 16 93 0.077077 1111111111111111
256 8 16 94 0.082299 1111111111111111
256 8 16 95 0.084222 1111111111111111
256 8 16 96 0.081612 2222222222222222
256 8 16 97 0.076762 1111111111111111
256 8 16 98 0.084455 2222222222222222
256 8 16 99 0.092544 2222222222222222
256 8 32 0 0.052786 11111111
256 8 32 1 0.041296 22222222
256 8 32 2 0.043903 11111111
256 8 32 3 0.037367 22222222
256 8 32 4 0.052653 11111111
256 8 32 5 0.036952 11111111
256 8 32 6 0.043466 11111111
256 8 32 7 0.045435 11111111
256 8 32 8 0.047586 11111111
256 8 32 9 0.045953 22222222
256 8 32 10 0.045378 11111111
256 8 32 11 0.049083 22222222
256 8 32 12 0.039838 11111111
256 8 32 13 0.039363 22222222
256 8 32 14 0.043405 11111111
256 8 32 15 0.043740 11111111
256 8 32 16 0.036309 22222222
256 8 32 17 0.041585 11111111
256 8 32 18 0.050148 11111111
256 8 32 19 0.047784 22222222
256 8 32 20 0.040409 11111111
256 8 32 21 0.038828 11111111
256 8 32 22 0.047518 22222222
256 8 32 23 0.043328 22222222
256 8 32 24 0.041398 11111111
256 8 32 25 0.039623 11111111
256 8 32 26 0.044407 11111111
256 8 32 27 0.035563 11111111
256 8 32 28 0.045227 11111111
256 8 32 29 0.041394 11111111
256 8 32 30 0.044517 11111111
256 8 32 31 0.047960 11111111
256 8 32 32 0.045255 22222222
256 8 32 33 0.049023 11111111
256 8 32 34 0.042160 11111111
256 8 32 35 0.048003 22222222
256 8 32 36 0.038744 22222222
256 8 32 37 0.044360 11111111
256 8 32 38 0.046346 11111111
256 8 32 39 0.042358 11111111
256 8 32 40 0.047632 11111111
256 8 32 41 0.039054 22222222
256 8 32 42 0.049714 11111111
256 8 32 43 0.034153 11111111
256 8 32 44 0.036259 11111111
256 8 32 45 0.041663 11111111
256 8 32 46 0.045208 11111111
256 8 32 47 0.049528 11111111
256 8 32 48 0.037709 22222222
256 8 32 49 0.038097 11111111
256 8 32 50 0.039589 11111111
256 8 32 51 0.038061 11111111
256 8 32 52 0.044456 11111111
256 8 32 53 0.043259 11111111
256 8 32 54 0.041672 11111111
256 8 32 55 0.046192 11111111
256 8 32 56 0.037552 11111111
256 8 32 57 0.041602 11111111
256 8 32 58 0.043623 11111111
256 8 32 59 0.040499 11111111
256 8 32 60 0.043244 11111111
256 8 32 61 0.048279 11111111
256 8 32 62 0.044992 11111111
256 8 32 63 0.042760 11111111
256 8 32 64 0.036212 22222222
256 8 32 65 0.037451 11111111
256 8 32 66 0.043748 22222222
256 8 32 67 0.038155 11111111
256 8 32 68 0.034815 22222222
256 8 32 69 0.035344 11111111
256 8 32 70 0.039720 11111111
256 8 32 71 0.048293 11111111
256 8 32 72 0.035933 22222222
256 8 32 73 0.039439 22222222
256 8 32 74 0.034915 11111111
256 8 32 75 0.041751 11111111
256 8 32 76 0.039551 11111111
256 8 32 77 0.040293 11111111
256 8 32 78 0.039536 11111111
256 8 32 79 0.038469 11111111
256 8 32 80 0.040621 22222222
256 8 32 81 0.045956 22222222
256 8 32 82 0.049010 11111111
256 8 32 83 0.026956 22222222
256 8 32 84 0.035936 11111111
256 8 32 85 0.041842 11111111
256 8 32 86 0.047821 22222222
256 8 32 87 0.039715 11111111
256 8 32 88 0.041786 11111111
256 8 32 89 0.042298 11111111
256 8 32 90 0.047416 22222222
256 8 32 91 0.051301 11111111
256 8 32 92 0.037496 22222222
256 8 32 93 0.041104 11111111
256 8 32 94 0.043551 11111111
256 8 32 95 0.045653 11111111
256 8 32 96 0.044453 22222222
256 8 32 97 0.040175 11111111
256 8 32 98 0.047414 22222222
256 8 32 99 0.046417 22222222
512 2 4 0 0.144415 11111111111111111111111111111111111111111111111111111111111111111111111111111111111111111111111111111111111111111111111111111111
512 2 4 1 0.151393 21111111111111111111111111111111111111111111111111111111111111111111111111111111111111111111111111111111111111111111111111111111
512 2 4 2 0.150394 11111111111111111111111111111111111111111111111111111111111111111111111111111111111111111111111111111111111111111111111111111111
512 2 4 3 0.151468 11111111111111111111111111111111111111111111111111111111111111111111111111111111111111111111111111111111111111111111111111111111
512 2 4 4 0.142725 21111111111111111111111111111111111111111111111111111111111111111111111111111111111111111111111111111111111111111111111111111111
512 2 4 5 0.147902 11111111111111111111111111111111111111111111111111111111111111111111111111111111111111111111111111111111111111111111111111111111
512 2 4 6 0.148402 11111111111111111111111111111111111111111111111111111111111111111111111111111111111111111111111111111111111111111111111111111111
512 2 4 7 0.147096 22221111111111111111111111111111111111111111111111111111111111111111111111111111111111111111111111111111111111111111111111111111
512 2 4 8 0.144110 11111111111111111111111111111111111111111111111111111111111111111111111111111111111111111111111111111111111111111111111111111111
512 2 4 9 0.156648 22211111111111111111111111111111111111111111111111111111111111111111111111111111111111111111111111111111111111111111111111111111
512 2 4 10 0.147975 11111111111111111111111111111111111111111111111111111111111111111111111111111111111111111111111111111111111111111111111111111111
512 2 4 11 0.154803 11111111111111111111111111111111111111111111111111111111111111111111111111111111111111111111111111111111111111111111111111111111
512 2 4 12 0.143848 11111111111111111111111111111111111111111111111111111111111111111111111111111111111111111111111111111111111111111111111111111111
512 2 4 13 0.150946 11111111111111111111111111111111111111111111111111111111111111111111111111111111111111111111111111111111111111111111111111111111
512 2 4 14 0.154203 11111111111111111111111111111111111111111111111111111111111111111111111111111111111111111111111111111111111111111111111111111111
512 2 4 15 0.141086 11111111111111111111111111111111111111111111111111111111111111111111111111111111111111111111111111111111111111111111111111111111
512 2 4 16 0.157601 11111111111111111111111111111111111111111111111111111111111111111111111111111111111111111111111111111111111111111111111111111111
512 2 4 17 0.145909 11111111111111111111111111111111111111111111111111111111111111111111111111111111111111111111111111111111111111111111111111111111
512 2 4 18 0.139313 11111111111111111111111111111111111111111111111111111111111111111111111111111111111111111111111111111111111111111111111111111111
512 2 4 19 0.133425 11111111111111111111111111111111111111111111111111111111111111111111111111111111111111111111111111111111111111111111111111111111
512 2 4 20 0.146179 11111111111111111111111111111111111111111111111111111111111111111111111111111111111111111111111111111111111111111111111111111111
512 2 4 21 0.144097 21111111111111111111111111111111111111111111111111111111111111111111111111111111111111111111111111111111111111111111111111111111
512 2 4 22 0.142498 11111111111111111111111111111111111111111111111111111111111111111111111111111111111111111111111111111111111111111111111111111111
512 2 4 23 0.139226 11111111111111111111111111111111111111111111111111111111111111111111111111111111111111111111111111111111111111111111111111111111
512 2 4 24 0.149552 11111111111111111111111111111111111111111111111111111111111111111111111111111111111111111111111111111111111111111111111111111111
512 2 4 25 0.139080 11111111111111111111111111111111111111111111111111111111111111111111111111111111111111111111111111111111111111111111111111111111
512 2 4 26 0.139147 11111111111111111111111111111111111111111111111111111111111111111111111111111111111111111111111111111111111111111111111111111111
512 2 4 27 0.149513 11111111111111111111111111111111111111111111111111111111111111111111111111111111111111111111111111111111111111111111111111111111
512 2 4 28 0.146797 22211111111111111111111111111111111111111111111111111111111111111111111111111111111111111111111111111111111111111111111111111111
512 2 4 29 0.147033 11111111111111111111111111111111111111111111111111111111111111111111111111111111111111111111111111111111111111111111111111111111
512 2 4 30 0.144281 11111111111111111111111111111111111111111111111111111111111111111111111111111111111111111111111111111111111111111111111111111111
512 2 4 31 0.147848 11111111111111111111111111111111111111111111111111111111111111111111111111111111111111111111111111111111111111111111111111111111
512 2 4 32 0.158668 11111111111111111111111111111111111111111111111111111111111111111111111111111111111111111111111111111111111111111111111111111111
512 2 4 33 0.133295 11111111111111111111111111111111111111111111111111111111111111111111111111111111111111111111111111111111111111111111111111111111
512 2 4 34 0.143437 11111111111111111111111111111111111111111111111111111111111111111111111111111111111111111111111111111111111111111111111111111111
512 2 4 35 0.150576 11111111111111111111111111111111111111111111111111111111111111111111111111111111111111111111111111111111111111111111111111111111
512 2 4 36 0.154919 11111111111111111111111111111111111111111111111111111111111111111111111111111111111111111111111111111111111111111111111111111111
512 2 4 37 0.150053 21111111111111111111111111111111111111111111111111111111111111111111111111111111111111111111111111111111111111111111111111111111
512 2 4 38 0.132243 11111111111111111111111111111111111111111111111111111111111111111111111111111111111111111111111111111111111111111111111111111111
512 2 4 39 0.153670 22222111111111111111111111111111111111111111111111111111111111111111111111111111111111111111111111111111111111111111111111111111
512 2 4 40 0.145545 11111111111111111111111111111111111111111111111111111111111111111111111111111111111111111111111111111111111111111111111111111111
512 2 4 41 0.155015 11111111111111111111111111111111111111111111111111111111111111111111111111111111111111111111111111111111111111111111111111111111
512 2 4 42 0.157509 11111111111111111111111111111111111111111111111111111111111111111111111111111111111111111111111111111111111111111111111111111111
512 2 4 43 0.149449 11111111111111111111111111111111111111111111111111111111111111111111111111111111111111111111111111111111111111111111111111111111
512 2 4 44 0.163496 11111111111111111111111111111111111111111111111111111111111111111111111111111111111111111111111111111111111111111111111111111111
512 2 4 45 0.150297 11111111111111111111111111111111111111111111111111111111111111111111111111111111111111111111111111111111111111111111111111111111
512 2 4 46 0.159119 11111111111111111111111111111111111111111111111111111111111111111111111111111111111111111111111111111111111111111111111111111111
512 2 4 47 0.143421 11111111111111111111111111111111111111111111111111111111111111111111111111111111111111111111111111111111111111111111111111111111
512 2 4 48 0.163012 11111111111111111111111111111111111111111111111111111111111111111111111111111111111111111111111111111111111111111111111111111111
512 2 4 49 0.138690 11111111111111111111111111111111111111111111111111111111111111111111111111111111111111111111111111111111111111111111111111111111
512 2 4 50 0.137678 11111111111111111111111111111111111111111111111111111111111111111111111111111111111111111111111111111111111111111111111111111111
512 2 4 51 0.145440 11111111111111111111111111111111111111111111111111111111111111111111111111111111111111111111111111111111111111111111111111111111
512 2 4 52 0.143832 11111111111111111111111111111111111111111111111111111111111111111111111111111111111111111111111111111111111111111111111111111111
512 2 4 53 0.145026 11111111111111111111111111111111111111111111111111111111111111111111111111111111111111111111111111111111111111111111111111111111
512 2 4 54 0.140131 11111111111111111111111111111111111111111111111111111111111111111111111111111111111111111111111111111111111111111111111111111111
512 2 4 55 0.138364 11111111111111111111111111111111111111111111111111111111111111111111111111111111111111111111111111111111111111111111111111111111
512 2 4 56 0.144269 11111111111111111111111111111111111111111111111111111111111111111111111111111111111111111111111111111111111111111111111111111111
512 2 4 57 0.138055 11111111111111111111111111111111111111111111111111111111111111111111111111111111111111111111111111111111111111111111111111111111
512 2 4 58 0.143745 11111111111111111111111111111111111111111111111111111111111111111111111111111111111111111111111111111111111111111111111111111111
512 2 4 59 0.150534 11111111111111111111111111111111111111111111111111111111111111111111111111111111111111111111111111111111111111111111111111111111
512 2 4 60 0.148323 11111111111111111111111111111111111111111111111111111111111111111111111111111111111111111111111111111111111111111111111111111111
512 2 4 61 0.149209 11111111111111111111111111111111111111111111111111111111111111111111111111111111111111111111111111111111111111111111111111111111
512 2 4 62 0.145563 11111111111111111111111111111111111111111111111111111111111111111111111111111111111111111111111111111111111111111111111111111111
512 2 4 63 0.148288 11111111111111111111111111111111111111111111111111111111111111111111111111111111111111111111111111111111111111111111111111111111
512 2 4 64 0.157439 11111111111111111111111111111111111111111111111111111111111111111111111111111111111111111111111111111111111111111111111111111111
512 2 4 65 0.151403 11111111111111111111111111111111111111111111111111111111111111111111111111111111111111111111111111111111111111111111111111111111
512 2 4 66 0.146948 21111111111111111111111111111111111111111111111111111111111111111111111111111111111111111111111111111111111111111111111111111111
512 2 4 67 0.146370 21111111111111111111111111111111111111111111111111111111111111111111111111111111111111111111111111111111111111111111111111111111
512 2 4 68 0.141147 11111111111111111111111111111111111111111111111111111111111111111111111111111111111111111111111111111111111111111111111111111111
512 2 4 69 0.153127 21111111111111111111111111111111111111111111111111111111111111111111111111111111111111111111111111111111111111111111111111111111
512 2 4 70 0.155413 11111111111111111111111111111111111111111111111111111111111111111111111111111111111111111111111111111111111111111111111111111111
512 2 4 71 0.156498 11111111111111111111111111111111111111111111111111111111111111111111111111111111111111111111111111111111111111111111111111111111
512 2 4 72 0.148186 11111111111111111111111111111111111111111111111111111111111111111111111111111111111111111111111111111111111111111111111111111111
512 2 4 73 0.149788 11111111111111111111111111111111111111111111111111111111111111111111111111111111111111111111111111111111111111111111111111111111
512 2 4 74 0.136409 21111111111111111111111111111111111111111111111111111111111111111111111111111111111111111111111111111111111111111111111111111111
512 2 4 75 0.154944 11111111111111111111111111111111111111111111111111111111111111111111111111111111111111111111111111111111111111111111111111111111
512 2 4 76 0.154904 11111111111111111111111111111111111111111111111111111111111111111111111111111111111111111111111111111111111111111111111111111111
512 2 4 77 0.141290 11111111111111111111111111111111111111111111111111111111111111111111111111111111111111111111111111111111111111111111111111111111
512 2 4 78 0.146986 11111111111111111111111111111111111111111111111111111111111111111111111111111111111111111111111111111111111111111111111111111111
512 2 4 79 0.154272 11111111111111111111111111111111111111111111111111111111111111111111111111111111111111111111111111111111111111111111111111111111
512 2 4 80 0.143812 22111111111111111111111111111111111111111111111111111111111111111111111111111111111111111111111111111111111111111111111111111111
512 2 4 81 0.145894 11111111111111111111111111111111111111111111111111111111111111111111111111111111111111111111111111111111111111111111111111111111
512 2 4 82 0.141970 11111111111111111111111111111111111111111111111111111111111111111111111111111111111111111111111111111111111111111111111111111111
512 2 4 83 0.144345 11111111111111111111111111111111111111111111111111111111111111111111111111111111111111111111111111111111111111111111111111111111
512 2 4 84 0.164059 11111111111111111111111111111111111111111111111111111111111111111111111111111111111111111111111111111111111111111111111111111111
512 2 4 85 0.148748 11111111111111111111111111111111111111111111111111111111111111111111111111111111111111111111111111111111111111111111111111111111
512 2 4 86 0.147165 11111111111111111111111111111111111111111111111111111111111111111111111111111111111111111111111111111111111111111111111111111111
512 2 4 87 0.152670 11111111111111111111111111111111111111111111111111111111111111111111111111111111111111111111111111111111111111111111111111111111
512 2 4 88 0.154550 22111111111111111111111111111111111111111111111111111111111111111111111111111111111111111111111111111111111111111111111111111111
512 2 4 89 0.142912 11111111111111111111111111111111111111111111111111111111111111111111111111111111111111111111111111111111111111111111111111111111
512 2 4 90 0.145454 11111111111111111111111111111111111111111111111111111111111111111111111111111111111111111111111111111111111111111111111111111111
512 2 4 91 0.156319 21111111111111111111111111111111111111111111111111111111111111111111111111111111111111111111111111111111111111111111111111111111
512 2 4 92 0.156316 11111111111111111111111111111111111111111111111111111111111111111111111111111111111111111111111111111111111111111111111111111111
512 2 4 93 0.150043 11111111111111111111111111111111111111111111111111111111111111111111111111111111111111111111111111111111111111111111111111111111
512 2 4 94 0.152073 11111111111111111111111111111111111111111111111111111111111111111111111111111111111111111111111111111111111111111111111111111111
512 2 4 95 0.148972 11111111111111111111111111111111111111111111111111111111111111111111111111111111111111111111111111111111111111111111111111111111
512 2 4 96 0.144313 11111111111111111111111111111111111111111111111111111111111111111111111111111111111111111111111111111111111111111111111111111111
512 2 4 97 0.146279 11111111111111111111111111111111111111111111111111111111111111111111111111111111111111111111111111111111111111111111111111111111
512 2 4 98 0.148676 11111111111111111111111111111111111111111111111111111111111111111111111111111111111111111111111111111111111111111111111111111111
512 2 4 99 0.163104 11111111111111111111111111111111111111111111111111111111111111111111111111111111111111111111111111111111111111111111111111111111
512 2 8 0 0.071344 1111111111111111111111111111111111111111111111111111111111111111
512 2 8 1 0.076192 1111111111111111111111111111111111111111111111111111111111111111
512 2 8 2 0.074540 1111111111111111111111111111111111111111111111111111111111111111
512 2 8 3 0.075660 1111111111111111111111111111111111111111111111111111111111111111
512 2 8 4 0.072331 1111111111111111111111111111111111111111111111111111111111111111
512 2 8 5 0.073458 1111111111111111111111111111111111111111111111111111111111111111
512 2 8 6 0.074686 1111111111111111111111111111111111111111111111111111111111111111
512 2 8 7 0.073088 1111111111111111111111111111111111111111111111111111111111111111
512 2 8 8 0.071669 1111111111111111111111111111111111111111111111111111111111111111
512 2 8 9 0.080017 1111111111111111111111111111111111111111111111111111111111111111
512 2 8 10 0.073855 1111111111111111111111111111111111111111111111111111111111111111
512 2 8 11 0.075193 1111111111111111111111111111111111111111111111111111111111111111
512 2 8 12 0.070855 1111111111111111111111111111111111111111111111111111111111111111
512 2 8 13 0.077129 1111111111111111111111111111111111111111111111111111111111111111
512 2 8 14 0.077928 1111111111111111111111111111111111111111111111111111111111111111
512 2 8 15 0.070135 1111111111111111111111111111111111111111111111111111111111111111
512 2 8 16 0.078883 1111111111111111111111111111111111111111111111111111111111111111
512 2 8 17 0.073322 1111111111111111111111111111111111111111111111111111111111111111
512 2 8 18 0.068835 1111111111111111111111111111111111111111111111111111111111111111
512 2 8 19 0.066602 1111111111111111111111111111111111111111111111111111111111111111
512 2 8 20 0.073407 1111111111111111111111111111111111111111111111111111111111111111
512 2 8 21 0.071633 1111111111111111111111111111111111111111111111111111111111111111
512 2 8 22 0.071714 1111111111111111111111111111111111111111111111111111111111111111
512 2 8 23 0.069749 1111111111111111111111111111111111111111111111111111111111111111
512 2 8 24 0.074472 1111111111111111111111111111111111111111111111111111111111111111
512 2 8 25 0.067978 1111111111111111111111111111111111111111111111111111111111111111
512 2 8 26 0.069160 1111111111111111111111111111111111111111111111111111111111111111
512 2 8 27 0.075232 1111111111111111111111111111111111111111111111111111111111111111
512 2 8 28 0.073740 2111111111111111111111111111111111111111111111111111111111111111
512 2 8 29 0.074053 1111111111111111111111111111111111111111111111111111111111111111
512 2 8 30 0.072511 1111111111111111111111111111111111111111111111111111111111111111
512 2 8 31 0.074278 1111111111111111111111111111111111111111111111111111111111111111
512 2 8 32 0.078554 1111111111111111111111111111111111111111111111111111111111111111
512 2 8 33 0.067207 1111111111111111111111111111111111111111111111111111111111111111
512 2 8 34 0.072254 1111111111111111111111111111111111111111111111111111111111111111
512 2 8 35 0.075066 1111111111111111111111111111111111111111111111111111111111111111
512 2 8 36 0.077870 1111111111111111111111111111111111111111111111111111111111111111
512 2 8 37 0.076018 1111111111111111111111111111111111111111111111111111111111111111
512 2 8 38 0.066037 1111111111111111111111111111111111111111111111111111111111111111
512 2 8 39 0.076695 2211111111111111111111111111111111111111111111111111111111111111
512 2 8 40 0.072315 1111111111111111111111111111111111111111111111111111111111111111
512 2 8 41 0.074939 1111111111111111111111111111111111111111111111111111111111111111
512 2 8 42 0.078508 1111111111111111111111111111111111111111111111111111111111111111
512 2 8 43 0.075006 1111111111111111111111111111111111111111111111111111111111111111
512 2 8 44 0.081691 1111111111111111111111111111111111111111111111111111111111111111
512 2 8 45 0.073985 1111111111111111111111111111111111111111111111111111111111111111
512 2 8 46 0.079292 1111111111111111111111111111111111111111111111111111111111111111
512 2 8 47 0.071435 1111111111111111111111111111111111111111111111111111111111111111
512 2 8 48 0.081496 1111111111111111111111111111111111111111111111111111111111111111
512 2 8 49 0.068250 1111111111111111111111111111111111111111111111111111111111111111
512 2 8 50 0.068212 1111111111111111111111111111111111111111111111111111111111111111
512 2 8 51 0.072048 1111111111111111111111111111111111111111111111111111111111111111
512 2 8 52 0.071663 1111111111111111111111111111111111111111111111111111111111111111
512 2 8 53 0.072316 1111111111111111111111111111111111111111111111111111111111111111
512 2 8 54 0.070008 1111111111111111111111111111111111111111111111111111111111111111
512 2 8 55 0.068074 1111111111111111111111111111111111111111111111111111111111111111
512 2 8 56 0.071031 1111111111111111111111111111111111111111111111111111111111111111
512 2 8 57 0.069494 1111111111111111111111111111111111111111111111111111111111111111
512 2 8 58 0.071812 1111111111111111111111111111111111111111111111111111111111111111
512 2 8 59 0.074486 1111111111111111111111111111111111111111111111111111111111111111
512 2 8 60 0.073359 1111111111111111111111111111111111111111111111111111111111111111
512 2 8 61 0.071716 1111111111111111111111111111111111111111111111111111111111111111
512 2 8 62 0.072540 1111111111111111111111111111111111111111111111111111111111111111
512 2 8 63 0.074160 1111111111111111111111111111111111111111111111111111111111111111
512 2 8 64 0.078414 1111111111111111111111111111111111111111111111111111111111111111
512 2 8 65 0.075844 1111111111111111111111111111111111111111111111111111111111111111
512 2 8 66 0.073391 1111111111111111111111111111111111111111111111111111111111111111
512 2 8 67 0.071778 1111111111111111111111111111111111111111111111111111111111111111
512 2 8 68 0.071307 1111111111111111111111111111111111111111111111111111111111111111
512 2 8 69 0.076547 1111111111111111111111111111111111111111111111111111111111111111
512 2 8 70 0.078032 1111111111111111111111111111111111111111111111111111111111111111
512 2 8 71 0.079497 1111111111111111111111111111111111111111111111111111111111111111
512 2 8 72 0.075232 1111111111111111111111111111111111111111111111111111111111111111
512 2 8 73 0.074697 1111111111111111111111111111111111111111111111111111111111111111
512 2 8 74 0.068167 1111111111111111111111111111111111111111111111111111111111111111
512 2 8 75 0.075969 1111111111111111111111111111111111111111111111111111111111111111
512 2 8 76 0.077585 1111111111111111111111111111111111111111111111111111111111111111
512 2 8 77 0.070883 1111111111111111111111111111111111111111111111111111111111111111
512 2 8 78 0.073656 1111111111111111111111111111111111111111111111111111111111111111
512 2 8 79 0.077391 1111111111111111111111111111111111111111111111111111111111111111
512 2 8 80 0.071097 1111111111111111111111111111111111111111111111111111111111111111
512 2 8 81 0.073596 1111111111111111111111111111111111111111111111111111111111111111
512 2 8 82 0.073279 1111111111111111111111111111111111111111111111111111111111111111
512 2 8 83 0.071366 1111111111111111111111111111111111111111111111111111111111111111
512 2 8 84 0.083270 1111111111111111111111111111111111111111111111111111111111111111
512 2 8 85 0.074103 1111111111111111111111111111111111111111111111111111111111111111
512 2 8 86 0.074594 1111111111111111111111111111111111111111111111111111111111111111
512 2 8 87 0.076165 1111111111111111111111111111111111111111111111111111111111111111
512 2 8 88 0.077692 2111111111111111111111111111111111111111111111111111111111111111
512 2 8 89 0.071152 1111111111111111111111111111111111111111111111111111111111111111
512 2 8 90 0.074031 1111111111111111111111111111111111111111111111111111111111111111
512 2 8 91 0.079833 1111111111111111111111111111111111111111111111111111111111111111
512 2 8 92 0.077666 1111111111111111111111111111111111111111111111111111111111111111
512 2 8 93 0.075046 1111111111111111111111111111111111111111111111111111111111111111
512 2 8 94 0.075289 1111111111111111111111111111111111111111111111111111111111111111
512 2 8 95 0.074203 1111111111111111111111111111111111111111111111111111111111111111
512 2 8 96 0.072094 1111111111111111111111111111111111111111111111111111111111111111
512 2 8 97 0.073856 1111111111111111111111111111111111111111111111111111111111111111
512 2 8 98 0.073653 1111111111111111111111111111111111111111111111111111111111111111
512 2 8 99 0.081218 1111111111111111111111111111111111111111111111111111111111111111
512 2 16 0 0.035946 11111111111111111111111111111111
512 2 16 1 0.039015 11111111111111111111111111111111
512 2 16 2 0.037781 11111111111111111111111111111111
512 2 16 3 0.038183 11111111111111111111111111111111
512 2 16 4 0.036368 11111111111111111111111111111111
512 2 16 5 0.037380 11111111111111111111111111111111
512 2 16 6 0.037836 11111111111111111111111111111111
512 2 16 7 0.036901 11111111111111111111111111111111
512 2 16 8 0.036741 11111111111111111111111111111111
512 2 16 9 0.040089 11111111111111111111111111111111
512 2 16 10 0.037180 11111111111111111111111111111111
512 2 16 11 0.037972 11111111111111111111111111111111
512 2 16 12 0.036381 11111111111111111111111111111111
512 2 16 13 0.038933 11111111111111111111111111111111
512 2 16 14 0.038959 11111111111111111111111111111111
512 2 16 15 0.035982 11111111111111111111111111111111
512 2 16 16 0.040419 11111111111111111111111111111111
512 2 16 17 0.037077 11111111111111111111111111111111
512 2 16 18 0.035413 11111111111111111111111111111111
512 2 16 19 0.033656 11111111111111111111111111111111
512 2 16 20 0.037568 11111111111111111111111111111111
512 2 16 21 0.036139 11111111111111111111111111111111
512 2 16 22 0.035995 11111111111111111111111111111111
512 2 16 23 0.035458 11111111111111111111111111111111
512 2 16 24 0.037773 11111111111111111111111111111111
512 2 16 25 0.034638 11111111111111111111111111111111
512 2 16 26 0.035628 11111111111111111111111111111111
512 2 16 27 0.037977 11111111111111111111111111111111
512 2 16 28 0.037100 11111111111111111111111111111111
512 2 16 29 0.037591 11111111111111111111111111111111
512 2 16 30 0.036447 11111111111111111111111111111111
512 2 16 31 0.037790 11111111111111111111111111111111
512 2 16 32 0.040261 11111111111111111111111111111111
512 2 16 33 0.034298 11111111111111111111111111111111
512 2 16 34 0.036846 11111111111111111111111111111111
512 2 16 35 0.038458 11111111111111111111111111111111
512 2 16 36 0.038606 11111111111111111111111111111111
512 2 16 37 0.039073 11111111111111111111111111111111
512 2 16 38 0.033770 11111111111111111111111111111111
512 2 16 39 0.038996 21111111111111111111111111111111
512 2 16 40 0.037290 11111111111111111111111111111111
512 2 16 41 0.038416 11111111111111111111111111111111
512 2 16 42 0.041165 11111111111111111111111111111111
512 2 16 43 0.038488 11111111111111111111111111111111
512 2 16 44 0.040626 11111111111111111111111111111111
512 2 16 45 0.037720 11111111111111111111111111111111
512 2 16 46 0.039815 11111111111111111111111111111111
512 2 16 47 0.036584 11111111111111111111111111111111
512 2 16 48 0.041389 11111111111111111111111111111111
512 2 16 49 0.035021 11111111111111111111111111111111
512 2 16 50 0.035479 11111111111111111111111111111111
512 2 16 51 0.036181 11111111111111111111111111111111
512 2 16 52 0.036079 11111111111111111111111111111111
512 2 16 53 0.036630 11111111111111111111111111111111
512 2 16 54 0.035405 11111111111111111111111111111111
512 2 16 55 0.034764 11111111111111111111111111111111
512 2 16 56 0.036325 11111111111111111111111111111111
512 2 16 57 0.035341 11111111111111111111111111111111
512 2 16 58 0.035930 11111111111111111111111111111111
512 2 16 59 0.037940 11111111111111111111111111111111
512 2 16 60 0.036951 11111111111111111111111111111111
512 2 16 61 0.036372 11111111111111111111111111111111
512 2 16 62 0.036748 11111111111111111111111111111111
512 2 16 63 0.037770 11111111111111111111111111111111
512 2 16 64 0.039621 11111111111111111111111111111111
512 2 16 65 0.039770 11111111111111111111111111111111
512 2 16 66 0.036696 11111111111111111111111111111111
512 2 16 67 0.036284 11111111111111111111111111111111
512 2 16 68 0.035591 11111111111111111111111111111111
512 2 16 69 0.038591 11111111111111111111111111111111
512 2 16 70 0.039512 11111111111111111111111111111111
512 2 16 71 0.039619 11111111111111111111111111111111
512 2 16 72 0.037949 11111111111111111111111111111111
512 2 16 73 0.037898 11111111111111111111111111111111
512 2 16 74 0.034258 11111111111111111111111111111111
512 2 16 75 0.038648 11111111111111111111111111111111
512 2 16 76 0.038946 11111111111111111111111111111111
512 2 16 77 0.035549 11111111111111111111111111111111
512 2 16 78 0.037524 11111111111111111111111111111111
512 2 16 79 0.039615 11111111111111111111111111111111
512 2 16 80 0.036400 11111111111111111111111111111111
512 2 16 81 0.037376 11111111111111111111111111111111
512 2 16 82 0.036125 11111111111111111111111111111111
512 2 16 83 0.036544 11111111111111111111111111111111
512 2 16 84 0.041625 11111111111111111111111111111111
512 2 16 85 0.037103 11111111111111111111111111111111
512 2 16 86 0.037796 11111111111111111111111111111111
512 2 16 87 0.038621 11111111111111111111111111111111
512 2 16 88 0.039021 11111111111111111111111111111111
512 2 16 89 0.035917 11111111111111111111111111111111
512 2 16 90 0.037082 11111111111111111111111111111111
512 2 16 91 0.039608 11111111111111111111111111111111
512 2 16 92 0.039148 11111111111111111111111111111111
512 2 16 93 0.037744 11111111111111111111111111111111
512 2 16 94 0.037859 11111111111111111111111111111111
512 2 16 95 0.037651 11111111111111111111111111111111
512 2 16 96 0.036415 11111111111111111111111111111111
512 2 16 97 0.037772 11111111111111111111111111111111
512 2 16 98 0.036878 11111111111111111111111111111111
512 2 16 99 0.041249 11111111111111111111111111111111
512 2 32 0 0.018694 1111111111111111
512 2 32 1 0.019929 1111111111111111
512 2 32 2 0.019309 1111111111111111
512 2 32 3 0.019757 1111111111111111
512 2 32 4 0.018865 1111111111111111
512 2 32 5 0.019208 1111111111111111
512 2 32 6 0.019160 1111111111111111
512 2 32 7 0.019017 1111111111111111
512 2 32 8 0.018743 1111111111111111
512 2 32 9 0.020526 1111111111111111
512 2 32 10 0.019212 1111111111111111
512 2 32 11 0.019383 1111111111111111
512 2 32 12 0.018626 1111111111111111
512 2 32 13 0.019619 1111111111111111
512 2 32 14 0.020066 1111111111111111
512 2 32 15 0.018385 1111111111111111
512 2 32 16 0.020583 1111111111111111
512 2 32 17 0.018963 1111111111111111
512 2 32 18 0.017890 1111111111111111
512 2 32 19 0.017289 1111111111111111
512 2 32 20 0.019212 1111111111111111
512 2 32 21 0.018492 1111111111111111
512 2 32 22 0.018584 1111111111111111
512 2 32 23 0.018218 1111111111111111
512 2 32 24 0.019374 1111111111111111
512 2 32 25 0.018499 1111111111111111
512 2 32 26 0.017857 1111111111111111
512 2 32 27 0.019421 1111111111111111
512 2 32 28 0.019325 1111111111111111
512 2 32 29 0.019061 1111111111111111
512 2 32 30 0.019373 1111111111111111
512 2 32 31 0.019469 1111111111111111
512 2 32 32 0.020462 1111111111111111
512 2 32 33 0.017543 1111111111111111
512 2 32 34 0.018768 1111111111111111
512 2 32 35 0.019628 1111111111111111
512 2 32 36 0.019998 1111111111111111
512 2 32 37 0.019538 1111111111111111
512 2 32 38 0.016941 1111111111111111
512 2 32 39 0.020137 1111111111111111
512 2 32 40 0.018690 1111111111111111
512 2 32 41 0.019658 1111111111111111
512 2 32 42 0.020540 1111111111111111
512 2 32 43 0.019476 1111111111111111
512 2 32 44 0.021065 1111111111111111
512 2 32 45 0.019208 1111111111111111
512 2 32 46 0.020741 1111111111111111
512 2 32 47 0.018581 1111111111111111
512 2 32 48 0.021371 1111111111111111
512 2 32 49 0.017593 1111111111111111
512 2 32 50 0.018035 1111111111111111
512 2 32 51 0.018858 1111111111111111
512 2 32 52 0.018654 1111111111111111
512 2 32 53 0.018989 1111111111111111
512 2 32 54 0.018177 1111111111111111
512 2 32 55 0.017771 1111111111111111
512 2 32 56 0.018522 1111111111111111
512 2 32 57 0.018131 1111111111111111
512 2 32 58 0.018543 1111111111111111
512 2 32 59 0.019840 1111111111111111
512 2 32 60 0.019027 1111111111111111
512 2 32 61 0.018591 1111111111111111
512 2 32 62 0.019548 1111111111111111
512 2 32 63 0.019600 1111111111111111
512 2 32 64 0.020475 1111111111111111
512 2 32 65 0.019970 1111111111111111
512 2 32 66 0.019043 1111111111111111
512 2 32 67 0.018888 1111111111111111
512 2 32 68 0.018375 1111111111111111
512 2 32 69 0.019843 1111111111111111
512 2 32 70 0.020679 1111111111111111
512 2 32 71 0.020422 1111111111111111
512 2 32 72 0.019298 1111111111111111
512 2 32 73 0.019193 1111111111111111
512 2 32 74 0.017486 1111111111111111
512 2 32 75 0.020190 1111111111111111
512 2 32 76 0.020124 1111111111111111
512 2 32 77 0.018586 1111111111111111
512 2 32 78 0.021612 1111111111111111
512 2 32 79 0.020139 1111111111111111
512 2 32 80 0.018293 1111111111111111
512 2 32 81 0.019244 1111111111111111
512 2 32 82 0.018692 1111111111111111
512 2 32 83 0.018602 1111111111111111
512 2 32 84 0.021658 1111111111111111
512 2 32 85 0.019245 1111111111111111
512 2 32 86 0.019064 1111111111111111
512 2 32 87 0.020075 1111111111111111
512 2 32 88 0.020078 1111111111111111
512 2 32 89 0.018600 1111111111111111
512 2 32 90 0.019037 1111111111111111
512 2 32 91 0.020555 1111111111111111
512 2 32 92 0.020072 1111111111111111
512 2 32 93 0.019481 1111111111111111
512 2 32 94 0.019299 1111111111111111
512 2 32 95 0.019445 1111111111111111
512 2 32 96 0.018659 1111111111111111
512 2 32 97 0.019211 1111111111111111
512 2 32 98 0.019309 1111111111111111
512 2 32 99 0.021300 1111111111111111
512 4 8 0 0.194420 1111111111111111111111111111111111111111111111111111111111111111
512 4 8 1 0.206613 2222222222222222221111111111111111111111111111111111111111111111
512 4 8 2 0.199055 1111111111111111111111111111111111111111111111111111111111111111
512 4 8 3 0.210354 1111111111111111111111111111111111111111111111111111111111111111
512 4 8 4 0.188274 2222222222222222211111111111111111111111111111111111111111111111
512 4 8 5 0.198959 1111111111111111111111111111111111111111111111111111111111111111
512 4 8 6 0.202066 1111111111111111111111111111111111111111111111111111111111111111
512 4 8 7 0.201180 2211111111111111111111111111111111111111111111111111111111111111
512 4 8 8 0.187404 1111111111111111111111111111111111111111111111111111111111111111
512 4 8 9 0.219139 2222222222222222222222222221111111111111111111111111111111111111
512 4 8 10 0.202211 1111111111111111111111111111111111111111111111111111111111111111
512 4 8 11 0.208221 1111111111111111111111111111111111111111111111111111111111111111
512 4 8 12 0.191663 1111111111111111111111111111111111111111111111111111111111111111
512 4 8 13 0.207218 1111111111111111111111111111111111111111111111111111111111111111
512 4 8 14 0.216010 1111111111111111111111111111111111111111111111111111111111111111
512 4 8 15 0.181023 1111111111111111111111111111111111111111111111111111111111111111
512 4 8 16 0.215399 1111111111111111111111111111111111111111111111111111111111111111
512 4 8 17 0.200340 1111111111111111111111111111111111111111111111111111111111111111
512 4 8 18 0.184913 1111111111111111111111111111111111111111111111111111111111111111
512 4 8 19 0.173843 1111111111111111111111111111111111111111111111111111111111111111
512 4 8 20 0.191478 1111111111111111111111111111111111111111111111111111111111111111
512 4 8 21 0.193036 2111111111111111111111111111111111111111111111111111111111111111
512 4 8 22 0.193663 1111111111111111111111111111111111111111111111111111111111111111
512 4 8 23 0.177303 1111111111111111111111111111111111111111111111111111111111111111
512 4 8 24 0.205751 1111111111111111111111111111111111111111111111111111111111111111
512 4 8 25 0.185987 1111111111111111111111111111111111111111111111111111111111111111
512 4 8 26 0.188024 1111111111111111111111111111111111111111111111111111111111111111
512 4 8 27 0.202796 1111111111111111111111111111111111111111111111111111111111111111
512 4 8 28 0.193188 2222222222222222211111111111111111111111111111111111111111111111
512 4 8 29 0.191328 1111111111111111111111111111111111111111111111111111111111111111
512 4 8 30 0.188109 1111111111111111111111111111111111111111111111111111111111111111
512 4 8 31 0.205095 1111111111111111111111111111111111111111111111111111111111111111
512 4 8 32 0.213185 1111111111111111111111111111111111111111111111111111111111111111
512 4 8 33 0.180776 1111111111111111111111111111111111111111111111111111111111111111
512 4 8 34 0.198423 1111111111111111111111111111111111111111111111111111111111111111
512 4 8 35 0.209967 1111111111111111111111111111111111111111111111111111111111111111
512 4 8 36 0.210255 1111111111111111111111111111111111111111111111111111111111111111
512 4 8 37 0.201254 2222222222222222222222222222111111111111111111111111111111111111
512 4 8 38 0.173817 1111111111111111111111111111111111111111111111111111111111111111
512 4 8 39 0.211682 2221111111111111111111111111111111111111111111111111111111111111
512 4 8 40 0.197379 1111111111111111111111111111111111111111111111111111111111111111
512 4 8 41 0.196871 1111111111111111111111111111111111111111111111111111111111111111
512 4 8 42 0.209125 1111111111111111111111111111111111111111111111111111111111111111
512 4 8 43 0.200275 1111111111111111111111111111111111111111111111111111111111111111
512 4 8 44 0.224414 1111111111111111111111111111111111111111111111111111111111111111
512 4 8 45 0.206167 1111111111111111111111111111111111111111111111111111111111111111
512 4 8 46 0.219232 1111111111111111111111111111111111111111111111111111111111111111
512 4 8 47 0.188472 1111111111111111111111111111111111111111111111111111111111111111
512 4 8 48 0.221045 1111111111111111111111111111111111111111111111111111111111111111
512 4 8 49 0.182310 1111111111111111111111111111111111111111111111111111111111111111
512 4 8 50 0.188156 1111111111111111111111111111111111111111111111111111111111111111
512 4 8 51 0.193707 1111111111111111111111111111111111111111111111111111111111111111
512 4 8 52 0.192846 1111111111111111111111111111111111111111111111111111111111111111
512 4 8 53 0.195458 1111111111111111111111111111111111111111111111111111111111111111
512 4 8 54 0.189994 1111111111111111111111111111111111111111111111111111111111111111
512 4 8 55 0.186961 1111111111111111111111111111111111111111111111111111111111111111
512 4 8 56 0.189940 1111111111111111111111111111111111111111111111111111111111111111
512 4 8 57 0.183608 1111111111111111111111111111111111111111111111111111111111111111
512 4 8 58 0.189950 1111111111111111111111111111111111111111111111111111111111111111
512 4 8 59 0.231563 1111111111111111111111111111111111111111111111111111111111111111
512 4 8 60 0.195907 1111111111111111111111111111111111111111111111111111111111111111
512 4 8 61 0.191110 1111111111111111111111111111111111111111111111111111111111111111
512 4 8 62 0.196390 1111111111111111111111111111111111111111111111111111111111111111
512 4 8 63 0.197658 1111111111111111111111111111111111111111111111111111111111111111
512 4 8 64 0.219365 1111111111111111111111111111111111111111111111111111111111111111
512 4 8 65 0.202603 1111111111111111111111111111111111111111111111111111111111111111
512 4 8 66 0.197302 2222222222222222222222222222222222221111111111111111111111111111
512 4 8 67 0.198107 2222222211111111111111111111111111111111111111111111111111111111
512 4 8 68 0.185276 1111111111111111111111111111111111111111111111111111111111111111
512 4 8 69 0.208942 2222222222222222221111111111111111111111111111111111111111111111
512 4 8 70 0.211736 1111111111111111111111111111111111111111111111111111111111111111
512 4 8 71 0.210739 1111111111111111111111111111111111111111111111111111111111111111
512 4 8 72 0.192329 1111111111111111111111111111111111111111111111111111111111111111
512 4 8 73 0.204996 1111111111111111111111111111111111111111111111111111111111111111
512 4 8 74 0.178849 2222222222222222221111111111111111111111111111111111111111111111
512 4 8 75 0.207666 1111111111111111111111111111111111111111111111111111111111111111
512 4 8 76 0.209860 1111111111111111111111111111111111111111111111111111111111111111
512 4 8 77 0.192659 1111111111111111111111111111111111111111111111111111111111111111
512 4 8 78 0.202556 1111111111111111111111111111111111111111111111111111111111111111
512 4 8 79 0.216425 1111111111111111111111111111111111111111111111111111111111111111
512 4 8 80 0.184666 2222222222222222222222222222111111111111111111111111111111111111
512 4 8 81 0.218041 1111111111111111111111111111111111111111111111111111111111111111
512 4 8 82 0.187942 1111111111111111111111111111111111111111111111111111111111111111
512 4 8 83 0.188954 1111111111111111111111111111111111111111111111111111111111111111
512 4 8 84 0.224376 1111111111111111111111111111111111111111111111111111111111111111
512 4 8 85 0.201096 1111111111111111111111111111111111111111111111111111111111111111
512 4 8 86 0.194380 1111111111111111111111111111111111111111111111111111111111111111
512 4 8 87 0.206504 1111111111111111111111111111111111111111111111111111111111111111
512 4 8 88 0.205884 2222222222222222222222222222222222222222222111111111111111111111
512 4 8 89 0.189564 1111111111111111111111111111111111111111111111111111111111111111
512 4 8 90 0.199079 1111111111111111111111111111111111111111111111111111111111111111
512 4 8 91 0.219998 2222222222222222111111111111111111111111111111111111111111111111
512 4 8 92 0.227284 1111111111111111111111111111111111111111111111111111111111111111
512 4 8 93 0.200079 1111111111111111111111111111111111111111111111111111111111111111
512 4 8 94 0.203489 1111111111111111111111111111111111111111111111111111111111111111
512 4 8 95 0.199016 1111111111111111111111111111111111111111111111111111111111111111
512 4 8 96 0.186718 1111111111111111111111111111111111111111111111111111111111111111
512 4 8 97 0.198685 1111111111111111111111111111111111111111111111111111111111111111
512 4 8 98 0.198886 1111111111111111111111111111111111111111111111111111111111111111
512 4 8 99 0.217587 1111111111111111111111111111111111111111111111111111111111111111
512 4 16 0 0.098151 11111111111111111111111111111111
512 4 16 1 0.105819 22222222211111111111111111111111
512 4 16 2 0.101369 11111111111111111111111111111111
512 4 16 3 0.100849 11111111111111111111111111111111
512 4 16 4 0.093866 22222222111111111111111111111111
512 4 16 5 0.102277 11111111111111111111111111111111
512 4 16 6 0.100718 11111111111111111111111111111111
512 4 16 7 0.099569 21111111111111111111111111111111
512 4 16 8 0.096215 11111111111111111111111111111111
512 4 16 9 0.112027 22222222222221111111111111111111
512 4 16 10 0.102732 11111111111111111111111111111111
512 4 16 11 0.103227 11111111111111111111111111111111
512 4 16 12 0.094633 11111111111111111111111111111111
512 4 16 13 0.104773 11111111111111111111111111111111
512 4 16 14 0.111167 11111111111111111111111111111111
512 4 16 15 0.091664 11111111111111111111111111111111
512 4 16 16 0.107435 11111111111111111111111111111111
512 4 16 17 0.102766 11111111111111111111111111111111
512 4 16 18 0.093822 11111111111111111111111111111111
512 4 16 19 0.087897 11111111111111111111111111111111
512 4 16 20 0.096921 11111111111111111111111111111111
512 4 16 21 0.095489 11111111111111111111111111111111
512 4 16 22 0.096362 11111111111111111111111111111111
512 4 16 23 0.089683 11111111111111111111111111111111
512 4 16 24 0.105285 11111111111111111111111111111111
512 4 16 25 0.095230 11111111111111111111111111111111
512 4 16 26 0.096562 11111111111111111111111111111111
512 4 16 27 0.105412 11111111111111111111111111111111
512 4 16 28 0.098099 22222222111111111111111111111111
512 4 16 29 0.097177 11111111111111111111111111111111
512 4 16 30 0.096203 11111111111111111111111111111111
512 4 16 31 0.100955 11111111111111111111111111111111
512 4 16 32 0.108382 11111111111111111111111111111111
512 4 16 33 0.091646 11111111111111111111111111111111
512 4 16 34 0.100433 11111111111111111111111111111111
512 4 16 35 0.103486 11111111111111111111111111111111
512 4 16 36 0.105340 11111111111111111111111111111111
512 4 16 37 0.103787 22222222222222111111111111111111
512 4 16 38 0.086629 11111111111111111111111111111111
512 4 16 39 0.105567 21111111111111111111111111111111
512 4 16 40 0.097950 11111111111111111111111111111111
512 4 16 41 0.099928 11111111111111111111111111111111
512 4 16 42 0.105919 11111111111111111111111111111111
512 4 16 43 0.101400 11111111111111111111111111111111
512 4 16 44 0.116503 11111111111111111111111111111111
512 4 16 45 0.100551 11111111111111111111111111111111
512 4 16 46 0.110440 11111111111111111111111111111111
512 4 16 47 0.097843 11111111111111111111111111111111
512 4 16 48 0.113012 11111111111111111111111111111111
512 4 16 49 0.092798 11111111111111111111111111111111
512 4 16 50 0.090600 11111111111111111111111111111111
512 4 16 51 0.097414 11111111111111111111111111111111
512 4 16 52 0.097307 11111111111111111111111111111111
512 4 16 53 0.100057 11111111111111111111111111111111
512 4 16 54 0.094036 11111111111111111111111111111111
512 4 16 55 0.093722 11111111111111111111111111111111
512 4 16 56 0.096272 11111111111111111111111111111111
512 4 16 57 0.092155 11111111111111111111111111111111
512 4 16 58 0.094317 11111111111111111111111111111111
512 4 16 59 0.103386 11111111111111111111111111111111
512 4 16 60 0.099659 11111111111111111111111111111111
512 4 16 61 0.096092 11111111111111111111111111111111
512 4 16 62 0.099552 11111111111111111111111111111111
512 4 16 63 0.099855 11111111111111111111111111111111
512 4 16 64 0.111301 11111111111111111111111111111111
512 4 16 65 0.105505 11111111111111111111111111111111
512 4 16 66 0.100175 22222222222222222211111111111111
512 4 16 67 0.100986 22221111111111111111111111111111
512 4 16 68 0.094736 11111111111111111111111111111111
512 4 16 69 0.104906 22222222211111111111111111111111
512 4 16 70 0.106447 11111111111111111111111111111111
512 4 16 71 0.107331 11111111111111111111111111111111
512 4 16 72 0.098740 11111111111111111111111111111111
512 4 16 73 0.104527 11111111111111111111111111111111
512 4 16 74 0.092582 22222222211111111111111111111111
512 4 16 75 0.106810 11111111111111111111111111111111
512 4 16 76 0.106123 11111111111111111111111111111111
512 4 16 77 0.095714 11111111111111111111111111111111
512 4 16 78 0.102199 11111111111111111111111111111111
512 4 16 79 0.105155 11111111111111111111111111111111
512 4 16 80 0.093965 22222222222222111111111111111111
512 4 16 81 0.100802 11111111111111111111111111111111
512 4 16 82 0.093696 11111111111111111111111111111111
512 4 16 83 0.095160 11111111111111111111111111111111
512 4 16 84 0.114951 11111111111111111111111111111111
512 4 16 85 0.101065 11111111111111111111111111111111
512 4 16 86 0.099476 11111111111111111111111111111111
512 4 16 87 0.104805 11111111111111111111111111111111
512 4 16 88 0.104223 22222222222222222222211111111111
512 4 16 89 0.096991 11111111111111111111111111111111
512 4 16 90 0.101636 11111111111111111111111111111111
512 4 16 91 0.111244 22222222111111111111111111111111
512 4 16 92 0.108122 11111111111111111111111111111111
512 4 16 93 0.101657 11111111111111111111111111111111
512 4 16 94 0.103068 11111111111111111111111111111111
512 4 16 95 0.100097 11111111111111111111111111111111
512 4 16 96 0.098522 11111111111111111111111111111111
512 4 16 97 0.102565 11111111111111111111111111111111
512 4 16 98 0.100284 11111111111111111111111111111111
512 4 16 99 0.110625 11111111111111111111111111111111
512 4 32 0 0.051452 1111111111111111
512 4 32 1 0.053970 2222111111111111
512 4 32 2 0.052362 1111111111111111
512 4 32 3 0.051710 1111111111111111
512 4 32 4 0.048171 2222111111111111
512 4 32 5 0.052192 1111111111111111
512 4 32 6 0.052964 1111111111111111
512 4 32 7 0.051961 1111111111111111
512 4 32 8 0.049364 1111111111111111
512 4 32 9 0.056736 2222221111111111
512 4 32 10 0.054081 1111111111111111
512 4 32 11 0.052766 1111111111111111
512 4 32 12 0.048981 1111111111111111
512 4 32 13 0.053848 1111111111111111
512 4 32 14 0.057095 1111111111111111
512 4 32 15 0.047138 1111111111111111
512 4 32 16 0.056413 1111111111111111
512 4 32 17 0.052953 1111111111111111
512 4 32 18 0.048836 1111111111111111
512 4 32 19 0.046170 1111111111111111
512 4 32 20 0.051014 1111111111111111
512 4 32 21 0.049298 1111111111111111
512 4 32 22 0.049614 1111111111111111
512 4 32 23 0.046861 1111111111111111
512 4 32 24 0.053640 1111111111111111
512 4 32 25 0.048515 1111111111111111
512 4 32 26 0.050186 1111111111111111
512 4 32 27 0.053705 1111111111111111
512 4 32 28 0.049928 2222111111111111
512 4 32 29 0.049502 1111111111111111
512 4 32 30 0.049073 1111111111111111
512 4 32 31 0.051499 1111111111111111
512 4 32 32 0.055662 1111111111111111
512 4 32 33 0.047769 1111111111111111
512 4 32 34 0.051458 1111111111111111
512 4 32 35 0.053359 1111111111111111
512 4 32 36 0.054320 1111111111111111
512 4 32 37 0.054381 2222222111111111
512 4 32 38 0.044729 1111111111111111
512 4 32 39 0.054732 1111111111111111
512 4 32 40 0.050285 1111111111111111
512 4 32 41 0.051226 1111111111111111
512 4 32 42 0.054036 1111111111111111
512 4 32 43 0.052512 1111111111111111
512 4 32 44 0.058426 1111111111111111
512 4 32 45 0.052096 1111111111111111
512 4 32 46 0.056441 1111111111111111
512 4 32 47 0.049246 1111111111111111
512 4 32 48 0.057925 1111111111111111
512 4 32 49 0.047666 1111111111111111
512 4 32 50 0.047532 1111111111111111
512 4 32 51 0.051376 1111111111111111
512 4 32 52 0.051431 1111111111111111
512 4 32 53 0.053305 1111111111111111
512 4 32 54 0.049709 1111111111111111
512 4 32 55 0.048768 1111111111111111
512 4 32 56 0.050439 1111111111111111
512 4 32 57 0.047914 1111111111111111
512 4 32 58 0.048532 1111111111111111
512 4 32 59 0.052648 1111111111111111
512 4 32 60 0.051298 1111111111111111
512 4 32 61 0.049312 1111111111111111
512 4 32 62 0.052357 1111111111111111
512 4 32 63 0.052004 1111111111111111
512 4 32 64 0.056021 1111111111111111
512 4 32 65 0.053403 1111111111111111
512 4 32 66 0.051720 2222222221111111
512 4 32 67 0.052525 2211111111111111
512 4 32 68 0.047852 1111111111111111
512 4 32 69 0.055031 2222111111111111
512 4 32 70 0.056139 1111111111111111
512 4 32 71 0.056244 1111111111111111
512 4 32 72 0.051111 1111111111111111
512 4 32 73 0.053263 1111111111111111
512 4 32 74 0.046152 2222111111111111
512 4 32 75 0.053905 1111111111111111
512 4 32 76 0.055683 1111111111111111
512 4 32 77 0.049759 1111111111111111
512 4 32 78 0.052732 1111111111111111
512 4 32 79 0.054218 1111111111111111
512 4 32 80 0.048059 2222222111111111
512 4 32 81 0.052462 1111111111111111
512 4 32 82 0.048352 1111111111111111
512 4 32 83 0.049516 1111111111111111
512 4 32 84 0.058252 1111111111111111
512 4 32 85 0.052963 1111111111111111
512 4 32 86 0.051204 1111111111111111
512 4 32 87 0.054359 1111111111111111
512 4 32 88 0.053749 2222222222111111
512 4 32 89 0.050430 1111111111111111
512 4 32 90 0.051786 1111111111111111
512 4 32 91 0.057421 2222111111111111
512 4 32 92 0.055352 1111111111111111
512 4 32 93 0.053572 1111111111111111
512 4 32 94 0.053177 1111111111111111
512 4 32 95 0.051446 1111111111111111
512 4 32 96 0.048533 1111111111111111
512 4 32 97 0.051676 1111111111111111
512 4 32 98 0.052014 1111111111111111
512 4 32 99 0.057669 1111111111111111
512 8 16 0 0.326070 11111111111111111111111111111111
512 8 16 1 0.347590 22222222222222222222222222222222
512 8 16 2 0.323705 11111111111111111111111111111111
512 8 16 3 0.323955 11111111111111111111111111111111
512 8 16 4 0.299285 22222222222222222222222222222222
512 8 16 5 0.325841 11111111111111111111111111111111
512 8 16 6 0.326809 11111111111111111111111111111111
512 8 16 7 0.311667 22222222222222222222222222222222
512 8 16 8 0.315022 11111111111111111111111111111111
512 8 16 9 0.356528 22222222222222222222222222222222
512 8 16 10 0.332273 11111111111111111111111111111111
512 8 16 11 0.326068 11111111111111111111111111111111
512 8 16 12 0.304777 11111111111111111111111111111111
512 8 16 13 0.333489 11111111111111111111111111111111
512 8 16 14 0.352175 11111111111111111111111111111111
512 8 16 15 0.307362 11111111111111111111111111111111
512 8 16 16 0.362852 11111111111111111111111111111111
512 8 16 17 0.319269 11111111111111111111111111111111
512 8 16 18 0.291273 11111111111111111111111111111111
512 8 16 19 0.286819 11111111111111111111111111111111
512 8 16 20 0.336003 11111111111111111111111111111111
512 8 16 21 0.316792 22222222222222222222222222222222
512 8 16 22 0.314731 11111111111111111111111111111111
512 8 16 23 0.297386 11111111111111111111111111111111
512 8 16 24 0.330645 11111111111111111111111111111111
512 8 16 25 0.296106 11111111111111111111111111111111
512 8 16 26 0.305326 11111111111111111111111111111111
512 8 16 27 0.337988 11111111111111111111111111111111
512 8 16 28 0.312402 22222222222222222222222222222222
512 8 16 29 0.314918 11111111111111111111111111111111
512 8 16 30 0.319301 11111111111111111111111111111111
512 8 16 31 0.320979 11111111111111111111111111111111
512 8 16 32 0.350958 11111111111111111111111111111111
512 8 16 33 0.310696 11111111111111111111111111111111
512 8 16 34 0.311936 11111111111111111111111111111111
512 8 16 35 0.346446 11111111111111111111111111111111
512 8 16 36 0.346083 11111111111111111111111111111111
512 8 16 37 0.329047 22222222222222222222222222222222
512 8 16 38 0.260848 11111111111111111111111111111111
512 8 16 39 0.347160 22222222222222222222222222222222
512 8 16 40 0.323395 11111111111111111111111111111111
512 8 16 41 0.314138 11111111111111111111111111111111
512 8 16 42 0.342495 11111111111111111111111111111111
512 8 16 43 0.326426 11111111111111111111111111111111
512 8 16 44 0.362460 11111111111111111111111111111111
512 8 16 45 0.338128 11111111111111111111111111111111
512 8 16 46 0.356848 11111111111111111111111111111111
512 8 16 47 0.287247 11111111111111111111111111111111
512 8 16 48 0.379655 11111111111111111111111111111111
512 8 16 49 0.287613 11111111111111111111111111111111
512 8 16 50 0.302782 11111111111111111111111111111111
512 8 16 51 0.315038 11111111111111111111111111111111
512 8 16 52 0.313554 11111111111111111111111111111111
512 8 16 53 0.303977 11111111111111111111111111111111
512 8 16 54 0.293144 11111111111111111111111111111111
512 8 16 55 0.294699 11111111111111111111111111111111
512 8 16 56 0.307648 11111111111111111111111111111111
512 8 16 57 0.302917 11111111111111111111111111111111
512 8 16 58 0.307042 11111111111111111111111111111111
512 8 16 59 0.349403 11111111111111111111111111111111
512 8 16 60 0.331166 11111111111111111111111111111111
512 8 16 61 0.300940 11111111111111111111111111111111
512 8 16 62 0.349166 11111111111111111111111111111111
512 8 16 63 0.324999 11111111111111111111111111111111
512 8 16 64 0.360748 11111111111111111111111111111111
512 8 16 65 0.337839 11111111111111111111111111111111
512 8 16 66 0.308540 22222222222222222222222222222222
512 8 16 67 0.316526 22222222222222222222222222222222
512 8 16 68 0.305335 11111111111111111111111111111111
512 8 16 69 0.346009 22222222222222222222222222222222
512 8 16 70 0.339113 11111111111111111111111111111111
512 8 16 71 0.354667 11111111111111111111111111111111
512 8 16 72 0.307222 11111111111111111111111111111111
512 8 16 73 0.339734 11111111111111111111111111111111
512 8 16 74 0.282260 22222222222222222222222222222222
512 8 16 75 0.331678 11111111111111111111111111111111
512 8 16 76 0.336477 11111111111111111111111111111111
512 8 16 77 0.321995 11111111111111111111111111111111
512 8 16 78 0.335093 11111111111111111111111111111111
512 8 16 79 0.342179 11111111111111111111111111111111
512 8 16 80 0.327625 22222222222222222222222222222222
512 8 16 81 0.312539 11111111111111111111111111111111
512 8 16 82 0.318104 11111111111111111111111111111111
512 8 16 83 0.302866 11111111111111111111111111111111
512 8 16 84 0.367443 11111111111111111111111111111111
512 8 16 85 0.333841 11111111111111111111111111111111
512 8 16 86 0.324434 11111111111111111111111111111111
512 8 16 87 0.341084 11111111111111111111111111111111
512 8 16 88 0.343567 22222222222222222222222222222222
512 8 16 89 0.308224 11111111111111111111111111111111
512 8 16 90 0.311627 11111111111111111111111111111111
512 8 16 91 0.352038 22222222222222222222222222222222
512 8 16 92 0.347466 11111111111111111111111111111111
512 8 16 93 0.324469 11111111111111111111111111111111
512 8 16 94 0.327786 11111111111111111111111111111111
512 8 16 95 0.327561 11111111111111111111111111111111
512 8 16 96 0.301355 11111111111111111111111111111111
512 8 16 97 0.315694 11111111111111111111111111111111
512 8 16 98 0.320293 11111111111111111111111111111111
512 8 16 99 0.364857 11111111111111111111111111111111
512 8 32 0 0.172080 1111111111111111
512 8 32 1 0.174021 2222222222222222
512 8 32 2 0.172868 1111111111111111
512 8 32 3 0.171141 1111111111111111
512 8 32 4 0.157141 2222222222222222
512 8 32 5 0.170201 1111111111111111
512 8 32 6 0.164839 1111111111111111
512 8 32 7 0.157546 2222222222222222
512 8 32 8 0.160082 1111111111111111
512 8 32 9 0.188865 2222222222222222
512 8 32 10 0.170944 1111111111111111
512 8 32 11 0.163742 1111111111111111
512 8 32 12 0.156129 1111111111111111
512 8 32 13 0.170691 1111111111111111
512 8 32 14 0.180544 1111111111111111
512 8 32 15 0.149117 1111111111111111
512 8 32 16 0.179405 1111111111111111
512 8 32 17 0.163838 1111111111111111
512 8 32 18 0.146948 1111111111111111
512 8 32 19 0.148758 1111111111111111
512 8 32 20 0.164167 1111111111111111
512 8 32 21 0.159420 2222222222222222
512 8 32 22 0.164884 1111111111111111
512 8 32 23 0.157739 1111111111111111
512 8 32 24 0.175609 1111111111111111
512 8 32 25 0.152514 1111111111111111
512 8 32 26 0.156410 1111111111111111
512 8 32 27 0.174994 1111111111111111
512 8 32 28 0.163649 2222222222222222
512 8 32 29 0.169162 1111111111111111
512 8 32 30 0.163884 1111111111111111
512 8 32 31 0.167725 1111111111111111
512 8 32 32 0.187066 1111111111111111
512 8 32 33 0.147809 1111111111111111
512 8 32 34 0.157693 1111111111111111
512 8 32 35 0.170313 1111111111111111
512 8 32 36 0.173656 1111111111111111
512 8 32 37 0.179127 2222222222222222
512 8 32 38 0.133849 1111111111111111
512 8 32 39 0.179452 2222222222222222
512 8 32 40 0.162730 1111111111111111
512 8 32 41 0.168465 1111111111111111
512 8 32 42 0.176712 1111111111111111
512 8 32 43 0.165957 1111111111111111
512 8 32 44 0.186224 1111111111111111
512 8 32 45 0.174580 1111111111111111
512 8 32 46 0.191742 1111111111111111
512 8 32 47 0.160831 1111111111111111
512 8 32 48 0.193046 1111111111111111
512 8 32 49 0.150307 1111111111111111
512 8 32 50 0.156112 1111111111111111
512 8 32 51 0.163370 1111111111111111
512 8 32 52 0.162074 1111111111111111
512 8 32 53 0.167282 1111111111111111
512 8 32 54 0.155056 1111111111111111
512 8 32 55 0.150072 1111111111111111
512 8 32 56 0.166108 1111111111111111
512 8 32 57 0.152398 1111111111111111
512 8 32 58 0.164407 1111111111111111
512 8 32 59 0.179563 1111111111111111
512 8 32 60 0.161161 1111111111111111
512 8 32 61 0.156586 1111111111111111
512 8 32 62 0.167909 1111111111111111
512 8 32 63 0.169850 1111111111111111
512 8 32 64 0.184701 1111111111111111
512 8 32 65 0.170757 1111111111111111
512 8 32 66 0.160924 2222222222222222
512 8 32 67 0.167449 2222222222222222
512 8 32 68 0.148788 1111111111111111
512 8 32 69 0.175814 2222222222222222
512 8 32 70 0.170860 1111111111111111
512 8 32 71 0.178726 1111111111111111
512 8 32 72 0.160399 1111111111111111
512 8 32 73 0.175049 1111111111111111
512 8 32 74 0.145930 2222222222222222
512 8 32 75 0.168888 1111111111111111
512 8 32 76 0.173779 1111111111111111
512 8 32 77 0.168965 1111111111111111
512 8 32 78 0.176042 1111111111111111
512 8 32 79 0.179379 1111111111111111
512 8 32 80 0.169065 2222222222222222
512 8 32 81 0.163403 1111111111111111
512 8 32 82 0.161447 1111111111111111
512 8 32 83 0.159363 1111111111111111
512 8 32 84 0.199221 1111111111111111
512 8 32 85 0.184333 1111111111111111
512 8 32 86 0.165654 1111111111111111
512 8 32 87 0.172406 1111111111111111
512 8 32 88 0.174330 2222222222222222
512 8 32 89 0.163786 1111111111111111
512 8 32 90 0.164404 1111111111111111
512 8 32 91 0.182906 2222222222222222
512 8 32 92 0.178082 1111111111111111
512 8 32 93 0.172562 1111111111111111
512 8 32 94 0.170085 1111111111111111
512 8 32 95 0.168832 1111111111111111
512 8 32 96 0.157002 1111111111111111
512 8 32 97 0.171977 1111111111111111
512 8 32 98 0.164755 1111111111111111
512 8 32 99 0.182953 1111111111111111
