16 2 4 0 0.000124 0000
16 2 4 1 0.000058 1222
16 2 4 2 0.000122 2222
16 2 4 3 0.000122 2222
16 2 4 4 0.000115 0000
16 2 4 5 0.000114 2222
16 2 4 6 0.000137 2222
16 2 4 7 0.000140 2222
16 2 4 8 0.000140 1222
16 2 4 9 0.000069 2222
16 2 4 10 0.000103 0000
16 2 4 11 0.000113 2222
16 2 4 12 0.000082 0000
16 2 4 13 0.000131 2222
16 2 4 14 0.000130 2222
16 2 4 15 0.000132 2222
16 2 4 16 0.000135 2222
16 2 4 17 0.000107 0000
16 2 4 18 0.000110 0000
16 2 4 19 0.000118 0000
16 2 4 20 0.000161 2222
16 2 4 21 0.000180 0000
16 2 4 22 0.000083 2222
16 2 4 23 0.000099 2222
16 2 4 24 0.000116 0000
16 2 4 25 0.000084 1222
16 2 4 26 0.000044 1222
16 2 4 27 0.000136 2222
16 2 4 28 0.000133 2222
16 2 4 29 0.000115 0000
16 2 4 30 0.000134 0000
16 2 4 31 0.000152 0000
16 2 4 32 0.000135 2222
16 2 4 33 0.000063 0000
16 2 4 34 0.000156 0000
16 2 4 35 0.000137 2222
16 2 4 36 0.000100 0000
16 2 4 37 0.000144 0000
16 2 4 38 0.000152 0000
16 2 4 39 0.000089 1222
16 2 4 40 0.000043 2222
16 2 4 41 0.000134 2222
16 2 4 42 0.000076 2222
16 2 4 43 0.000191 2222
16 2 4 44 0.000192 2222
16 2 4 45 0.000081 1222
16 2 4 46 0.000126 0000
16 2 4 47 0.000063 1222
16 2 4 48 0.000115 2222
16 2 4 49 0.000087 1222
16 2 4 50 0.000074 2222
16 2 4 51 0.000173 2222
16 2 4 52 0.000087 0000
16 2 4 53 0.000047 2222
16 2 4 54 0.000121 2222
16 2 4 55 0.000155 2222
16 2 4 56 0.000115 0000
16 2 4 57 0.000071 1222
16 2 4 58 0.000150 0000
16 2 4 59 0.000159 2222
16 2 4 60 0.000188 0000
16 2 4 61 0.000149 2222
16 2 4 62 0.000179 2222
16 2 4 63 0.000105 2000
16 2 4 64 0.000119 0000
16 2 4 65 0.000120 0000
16 2 4 66 0.000137 2222
16 2 4 67 0.000153 0000
16 2 4 68 0.000084 2222
16 2 4 69 0.000080 0000
16 2 4 70 0.000064 2222
16 2 4 71 0.000174 0000
16 2 4 72 0.000221 2222
16 2 4 73 0.000102 2222
16 2 4 74 0.000106 2222
16 2 4 75 0.000042 1222
16 2 4 76 0.000120 2222
16 2 4 77 0.000145 2222
16 2 4 78 0.000120 1222
16 2 4 79 0.000102 2222
16 2 4 80 0.000166 2222
16 2 4 81 0.000133 0000
16 2 4 82 0.000195 0000
16 2 4 83 0.000133 2222
16 2 4 84 0.000114 2222
16 2 4 85 0.000181 2222
16 2 4 86 0.000133 2222
16 2 4 87 0.000126 0000
16 2 4 88 0.000185 2222
16 2 4 89 0.000200 0000
16 2 4 90 0.000095 0000
16 2 4 91 0.000161 2222
16 2 4 92 0.000108 2222
16 2 4 93 0.000190 2222
16 2 4 94 0.000137 1222
16 2 4 95 0.000110 0000
16 2 4 96 0.000136 2222
16 2 4 97 0.000182 0000
16 2 4 98 0.000121 2222
16 2 4 99 0.000186 2222
16 2 8 0 0.000082 00
16 2 8 1 0.000037 22
16 2 8 2 0.000065 22
16 2 8 3 0.000071 22
16 2 8 4 0.000081 00
16 2 8 5 0.000074 22
16 2 8 6 0.000079 22
16 2 8 7 0.000087 22
16 2 8 8 0.000086 22
16 2 8 9 0.000047 22
16 2 8 10 0.000053 00
16 2 8 11 0.000068 22
16 2 8 12 0.000052 00
16 2 8 13 0.000095 22
16 2 8 14 0.000081 22
16 2 8 15 0.000077 22
16 2 8 16 0.000089 22
16 2 8 17 0.000071 00
16 2 8 18 0.000075 00
16 2 8 19 0.000080 00
16 2 8 20 0.000104 22
16 2 8 21 0.000117 00
16 2 8 22 0.000059 22
16 2 8 23 0.000069 22
16 2 8 24 0.000054 00
16 2 8 25 0.000053 22
16 2 8 26 0.000029 22
16 2 8 27 0.000082 22
16 2 8 28 0.000089 22
16 2 8 29 0.000073 00
16 2 8 30 0.000080 00
16 2 8 31 0.000090 00
16 2 8 32 0.000075 22
16 2 8 33 0.000032 00
16 2 8 34 0.000098 00
16 2 8 35 0.000089 22
16 2 8 36 0.000059 00
16 2 8 37 0.000089 00
16 2 8 38 0.000093 00
16 2 8 39 0.000060 22
16 2 8 40 0.000030 22
16 2 8 41 0.000093 22
16 2 8 42 0.000048 22
16 2 8 43 0.000118 22
16 2 8 44 0.000117 22
16 2 8 45 0.000061 22
16 2 8 46 0.000068 00
16 2 8 47 0.000040 22
16 2 8 48 0.000075 22
16 2 8 49 0.000053 22
16 2 8 50 0.000046 22
16 2 8 51 0.000115 22
16 2 8 52 0.000056 00
16 2 8 53 0.000032 22
16 2 8 54 0.000079 22
16 2 8 55 0.000096 22
16 2 8 56 0.000068 00
16 2 8 57 0.000053 22
16 2 8 58 0.000097 00
16 2 8 59 0.000095 22
16 2 8 60 0.000126 00
16 2 8 61 0.000093 22
16 2 8 62 0.000111 22
16 2 8 63 0.000061 00
16 2 8 64 0.000074 00
16 2 8 65 0.000080 00
16 2 8 66 0.000090 22
16 2 8 67 0.000100 00
16 2 8 68 0.000056 22
16 2 8 69 0.000042 00
16 2 8 70 0.000042 22
16 2 8 71 0.000100 00
16 2 8 72 0.000137 22
16 2 8 73 0.000071 22
16 2 8 74 0.000068 22
16 2 8 75 0.000029 22
16 2 8 76 0.000086 22
16 2 8 77 0.000093 22
16 2 8 78 0.000075 22
16 2 8 79 0.000067 22
16 2 8 80 0.000102 22
16 2 8 81 0.000079 00
16 2 8 82 0.000139 00
16 2 8 83 0.000084 22
16 2 8 84 0.000079 22
16 2 8 85 0.000105 22
16 2 8 86 0.000088 22
16 2 8 87 0.000071 00
16 2 8 88 0.000121 22
16 2 8 89 0.000131 00
16 2 8 90 0.000065 00
16 2 8 91 0.000095 22
16 2 8 92 0.000067 22
16 2 8 93 0.000118 22
16 2 8 94 0.000081 22
16 2 8 95 0.000061 00
16 2 8 96 0.000072 22
16 2 8 97 0.000110 00
16 2 8 98 0.000080 22
16 2 8 99 0.000123 22
16 2 16 0 0.000067 0
16 2 16 1 0.000028 2
16 2 16 2 0.000057 2
16 2 16 3 0.000050 2
16 2 16 4 0.000058 0
16 2 16 5 0.000049 2
16 2 16 6 0.000063 2
16 2 16 7 0.000062 2
16 2 16 8 0.000062 2
16 2 16 9 0.000037 2
16 2 16 10 0.000040 0
16 2 16 11 0.000047 2
16 2 16 12 0.000040 0
16 2 16 13 0.000074 2
16 2 16 14 0.000057 2
16 2 16 15 0.000053 2
16 2 16 16 0.000061 2
16 2 16 17 0.000050 0
16 2 16 18 0.000058 0
16 2 16 19 0.000058 0
16 2 16 20 0.000075 2
16 2 16 21 0.000074 0
16 2 16 22 0.000038 2
16 2 16 23 0.000058 2
16 2 16 24 0.000039 0
16 2 16 25 0.000041 2
16 2 16 26 0.000023 2
16 2 16 27 0.000055 2
16 2 16 28 0.000061 2
16 2 16 29 0.000052 0
16 2 16 30 0.000047 0
16 2 16 31 0.000059 0
16 2 16 32 0.000052 2
16 2 16 33 0.000023 0
16 2 16 34 0.000059 0
16 2 16 35 0.000054 2
16 2 16 36 0.000039 0
16 2 16 37 0.000053 0
16 2 16 38 0.000065 0
16 2 16 39 0.000051 2
16 2 16 40 0.000021 2
16 2 16 41 0.000059 2
16 2 16 42 0.000037 2
16 2 16 43 0.000083 2
16 2 16 44 0.000084 2
16 2 16 45 0.000041 2
16 2 16 46 0.000051 0
16 2 16 47 0.000033 2
16 2 16 48 0.000060 2
16 2 16 49 0.000040 2
16 2 16 50 0.000045 2
16 2 16 51 0.000074 2
16 2 16 52 0.000038 0
16 2 16 53 0.000026 2
16 2 16 54 0.000056 2
16 2 16 55 0.000071 2
16 2 16 56 0.000057 0
16 2 16 57 0.000041 2
16 2 16 58 0.000071 0
16 2 16 59 0.000070 2
16 2 16 60 0.000080 0
16 2 16 61 0.000062 2
16 2 16 62 0.000074 2
16 2 16 63 0.000055 0
16 2 16 64 0.000052 0
16 2 16 65 0.000059 0
16 2 16 66 0.000061 2
16 2 16 67 0.000069 0
16 2 16 68 0.000043 2
16 2 16 69 0.000027 0
16 2 16 70 0.000033 2
16 2 16 71 0.000082 0
16 2 16 72 0.000099 2
16 2 16 73 0.000049 2
16 2 16 74 0.000048 2
16 2 16 75 0.000025 2
16 2 16 76 0.000058 2
16 2 16 77 0.000067 2
16 2 16 78 0.000061 2
16 2 16 79 0.000049 2
16 2 16 80 0.000074 2
16 2 16 81 0.000061 0
16 2 16 82 0.000090 0
16 2 16 83 0.000061 2
16 2 16 84 0.000059 2
16 2 16 85 0.000079 2
16 2 16 86 0.000062 2
16 2 16 87 0.000052 0
16 2 16 88 0.000085 2
16 2 16 89 0.000084 0
16 2 16 90 0.000056 0
16 2 16 91 0.000067 2
16 2 16 92 0.000043 2
16 2 16 93 0.000086 2
16 2 16 94 0.000060 2
16 2 16 95 0.000046 0
16 2 16 96 0.000059 2
16 2 16 97 0.000079 0
16 2 16 98 0.000069 2
16 2 16 99 0.000089 2
16 4 8 0 0.000177 00
16 4 8 1 0.000059 22
16 4 8 2 0.000140 22
16 4 8 3 0.000132 22
16 4 8 4 0.000158 00
16 4 8 5 0.000147 22
16 4 8 6 0.000165 22
16 4 8 7 0.000206 22
16 4 8 8 0.000193 22
16 4 8 9 0.000090 22
16 4 8 10 0.000124 00
16 4 8 11 0.000086 22
16 4 8 12 0.000079 00
16 4 8 13 0.000195 22
16 4 8 14 0.000155 22
16 4 8 15 0.000140 22
16 4 8 16 0.000153 22
16 4 8 17 0.000144 00
16 4 8 18 0.000147 00
16 4 8 19 0.000125 00
16 4 8 20 0.000217 22
16 4 8 21 0.000225 00
16 4 8 22 0.000092 22
16 4 8 23 0.000148 22
16 4 8 24 0.000109 00
16 4 8 25 0.000114 22
16 4 8 26 0.000042 22
16 4 8 27 0.000183 22
16 4 8 28 0.000157 22
16 4 8 29 0.000133 00
16 4 8 30 0.000168 00
16 4 8 31 0.000187 00
16 4 8 32 0.000182 22
16 4 8 33 0.000065 00
16 4 8 34 0.000250 00
16 4 8 35 0.000164 22
16 4 8 36 0.000123 00
16 4 8 37 0.000150 00
16 4 8 38 0.000228 00
16 4 8 39 0.000117 22
16 4 8 40 0.000034 22
16 4 8 41 0.000159 22
16 4 8 42 0.000095 22
16 4 8 43 0.000286 22
16 4 8 44 0.000269 22
16 4 8 45 0.000101 22
16 4 8 46 0.000106 00
16 4 8 47 0.000067 22
16 4 8 48 0.000167 22
16 4 8 49 0.000105 22
16 4 8 50 0.000063 22
16 4 8 51 0.000238 22
16 4 8 52 0.000118 00
16 4 8 53 0.000065 22
16 4 8 54 0.000155 22
16 4 8 55 0.000171 22
16 4 8 56 0.000154 00
16 4 8 57 0.000104 22
16 4 8 58 0.000214 00
16 4 8 59 0.000203 22
16 4 8 60 0.000303 00
16 4 8 61 0.000217 22
16 4 8 62 0.000252 22
16 4 8 63 0.000127 22
16 4 8 64 0.000127 00
16 4 8 65 0.000161 00
16 4 8 66 0.000170 22
16 4 8 67 0.000209 00
16 4 8 68 0.000102 22
16 4 8 69 0.000055 00
16 4 8 70 0.000079 22
16 4 8 71 0.000229 00
16 4 8 72 0.000335 22
16 4 8 73 0.000094 22
16 4 8 74 0.000148 22
16 4 8 75 0.000050 22
16 4 8 76 0.000154 22
16 4 8 77 0.000200 22
16 4 8 78 0.000156 22
16 4 8 79 0.000134 22
16 4 8 80 0.000235 22
16 4 8 81 0.000170 00
16 4 8 82 0.000295 00
16 4 8 83 0.000167 22
16 4 8 84 0.000131 22
16 4 8 85 0.000251 22
16 4 8 86 0.000159 22
16 4 8 87 0.000138 00
16 4 8 88 0.000221 22
16 4 8 89 0.000316 00
16 4 8 90 0.000131 00
16 4 8 91 0.000202 22
16 4 8 92 0.000142 22
16 4 8 93 0.000288 22
16 4 8 94 0.000183 22
16 4 8 95 0.000116 00
16 4 8 96 0.000159 22
16 4 8 97 0.000247 00
16 4 8 98 0.000158 22
16 4 8 99 0.000299 22
16 4 16 0 0.000160 0
16 4 16 1 0.000047 2
16 4 16 2 0.000129 2
16 4 16 3 0.000096 2
16 4 16 4 0.000121 0
16 4 16 5 0.000090 2
16 4 16 6 0.000143 2
16 4 16 7 0.000165 2
16 4 16 8 0.000152 2
16 4 16 9 0.000082 2
16 4 16 10 0.000103 0
16 4 16 11 0.000062 2
16 4 16 12 0.000074 0
16 4 16 13 0.000142 2
16 4 16 14 0.000127 2
16 4 16 15 0.000116 2
16 4 16 16 0.000107 2
16 4 16 17 0.000129 0
16 4 16 18 0.000111 0
16 4 16 19 0.000102 0
16 4 16 20 0.000169 2
16 4 16 21 0.000147 0
16 4 16 22 0.000079 2
16 4 16 23 0.000132 2
16 4 16 24 0.000084 0
16 4 16 25 0.000106 2
16 4 16 26 0.000036 2
16 4 16 27 0.000127 2
16 4 16 28 0.000118 2
16 4 16 29 0.000117 0
16 4 16 30 0.000120 0
16 4 16 31 0.000134 0
16 4 16 32 0.000143 2
16 4 16 33 0.000048 0
16 4 16 34 0.000160 0
16 4 16 35 0.000136 2
16 4 16 36 0.000094 0
16 4 16 37 0.000109 0
16 4 16 38 0.000170 0
16 4 16 39 0.000103 2
16 4 16 40 0.000024 2
16 4 16 41 0.000113 2
16 4 16 42 0.000079 2
16 4 16 43 0.000209 2
16 4 16 44 0.000182 2
16 4 16 45 0.000086 2
16 4 16 46 0.000083 0
16 4 16 47 0.000060 2
16 4 16 48 0.000141 2
16 4 16 49 0.000077 2
16 4 16 50 0.000056 2
16 4 16 51 0.000194 2
16 4 16 52 0.000091 0
16 4 16 53 0.000060 2
16 4 16 54 0.000116 2
16 4 16 55 0.000149 2
16 4 16 56 0.000135 0
16 4 16 57 0.000095 2
16 4 16 58 0.000184 0
16 4 16 59 0.000164 2
16 4 16 60 0.000217 0
16 4 16 61 0.000168 2
16 4 16 62 0.000208 2
16 4 16 63 0.000117 2
16 4 16 64 0.000094 0
16 4 16 65 0.000136 0
16 4 16 66 0.000135 2
16 4 16 67 0.000172 0
16 4 16 68 0.000087 2
16 4 16 69 0.000037 0
16 4 16 70 0.000069 2
16 4 16 71 0.000196 0
16 4 16 72 0.000268 2
16 4 16 73 0.000075 2
16 4 16 74 0.000118 2
16 4 16 75 0.000044 2
16 4 16 76 0.000112 2
16 4 16 77 0.000154 2
16 4 16 78 0.000126 2
16 4 16 79 0.000084 2
16 4 16 80 0.000183 2
16 4 16 81 0.000150 0
16 4 16 82 0.000205 0
16 4 16 83 0.000139 2
16 4 16 84 0.000106 2
16 4 16 85 0.000196 2
16 4 16 86 0.000128 2
16 4 16 87 0.000113 0
16 4 16 88 0.000166 2
16 4 16 89 0.000230 0
16 4 16 90 0.000115 0
16 4 16 91 0.000171 2
16 4 16 92 0.000109 2
16 4 16 93 0.000223 2
16 4 16 94 0.000150 2
16 4 16 95 0.000082 0
16 4 16 96 0.000138 2
16 4 16 97 0.000202 0
16 4 16 98 0.000135 2
16 4 16 99 0.000230 2
16 8 16 0 0.000275 0
16 8 16 1 0.000062 2
16 8 16 2 0.000205 2
16 8 16 3 0.000171 2
16 8 16 4 0.000197 0
16 8 16 5 0.000144 2
16 8 16 6 0.000189 2
16 8 16 7 0.000249 2
16 8 16 8 0.000205 2
16 8 16 9 0.000114 2
16 8 16 10 0.000155 0
16 8 16 11 0.000124 2
16 8 16 12 0.000085 0
16 8 16 13 0.000263 2
16 8 16 14 0.000197 2
16 8 16 15 0.000202 2
16 8 16 16 0.000174 2
16 8 16 17 0.000187 0
16 8 16 18 0.000145 0
16 8 16 19 0.000183 0
16 8 16 20 0.000294 2
16 8 16 21 0.000323 0
16 8 16 22 0.000125 2
16 8 16 23 0.000167 2
16 8 16 24 0.000082 0
16 8 16 25 0.000149 2
16 8 16 26 0.000040 2
16 8 16 27 0.000107 2
16 8 16 28 0.000227 2
16 8 16 29 0.000210 0
16 8 16 30 0.000125 0
16 8 16 31 0.000194 0
16 8 16 32 0.000220 2
16 8 16 33 0.000071 0
16 8 16 34 0.000205 0
16 8 16 35 0.000162 2
16 8 16 36 0.000115 0
16 8 16 37 0.000150 0
16 8 16 38 0.000200 0
16 8 16 39 0.000116 2
16 8 16 40 0.000038 2
16 8 16 41 0.000186 2
16 8 16 42 0.000121 2
16 8 16 43 0.000394 2
16 8 16 44 0.000317 2
16 8 16 45 0.000134 2
16 8 16 46 0.000149 0
16 8 16 47 0.000068 2
16 8 16 48 0.000165 2
16 8 16 49 0.000092 2
16 8 16 50 0.000098 2
16 8 16 51 0.000278 2
16 8 16 52 0.000168 0
16 8 16 53 0.000077 2
16 8 16 54 0.000166 2
16 8 16 55 0.000265 2
16 8 16 56 0.000136 0
16 8 16 57 0.000115 2
16 8 16 58 0.000266 0
16 8 16 59 0.000263 2
16 8 16 60 0.000335 0
16 8 16 61 0.000214 2
16 8 16 62 0.000255 2
16 8 16 63 0.000169 2
16 8 16 64 0.000142 0
16 8 16 65 0.000158 0
16 8 16 66 0.000205 2
16 8 16 67 0.000259 0
16 8 16 68 0.000108 2
16 8 16 69 0.000072 0
16 8 16 70 0.000097 2
16 8 16 71 0.000348 0
16 8 16 72 0.000400 2
16 8 16 73 0.000123 2
16 8 16 74 0.000148 2
16 8 16 75 0.000062 2
16 8 16 76 0.000216 2
16 8 16 77 0.000240 2
16 8 16 78 0.000194 2
16 8 16 79 0.000168 2
16 8 16 80 0.000237 2
16 8 16 81 0.000228 0
16 8 16 82 0.000360 0
16 8 16 83 0.000182 2
16 8 16 84 0.000180 2
16 8 16 85 0.000364 2
16 8 16 86 0.000173 2
16 8 16 87 0.000134 0
16 8 16 88 0.000339 2
16 8 16 89 0.000415 0
16 8 16 90 0.000175 0
16 8 16 91 0.000206 2
16 8 16 92 0.000148 2
16 8 16 93 0.000370 2
16 8 16 94 0.000214 2
16 8 16 95 0.000153 0
16 8 16 96 0.000156 2
16 8 16 97 0.000201 0
16 8 16 98 0.000221 2
16 8 16 99 0.000436 2
32 2 4 0 0.000531 12222222
32 2 4 1 0.000504 22222222
32 2 4 2 0.000580 00000000
32 2 4 3 0.000571 22222222
32 2 4 4 0.000625 22222222
32 2 4 5 0.000480 22222222
32 2 4 6 0.000709 22200000
32 2 4 7 0.000253 22222200
32 2 4 8 0.000457 20000000
32 2 4 9 0.000513 00000000
32 2 4 10 0.000499 22222222
32 2 4 11 0.000675 00000000
32 2 4 12 0.000454 22200000
32 2 4 13 0.000738 22222200
32 2 4 14 0.000558 22222222
32 2 4 15 0.000609 22222222
32 2 4 16 0.000680 12222222
32 2 4 17 0.000574 00000000
32 2 4 18 0.000462 22222222
32 2 4 19 0.000781 00000000
32 2 4 20 0.000457 22222222
32 2 4 21 0.000599 12222222
32 2 4 22 0.000708 00000000
32 2 4 23 0.000594 22222222
32 2 4 24 0.000559 22222222
32 2 4 25 0.000446 12222222
32 2 4 26 0.000566 22222222
32 2 4 27 0.000292 00000000
32 2 4 28 0.000680 00000000
32 2 4 29 0.000834 00000000
32 2 4 30 0.000509 22222222
32 2 4 31 0.000539 22222222
32 2 4 32 0.000444 00000000
32 2 4 33 0.000351 00000000
32 2 4 34 0.000617 22222222
32 2 4 35 0.000519 00000000
32 2 4 36 0.000569 22222222
32 2 4 37 0.000353 00000000
32 2 4 38 0.000528 22222222
32 2 4 39 0.000250 22222222
32 2 4 40 0.000462 22222222
32 2 4 41 0.000493 00000000
32 2 4 42 0.000582 22222222
32 2 4 43 0.000585 22222222
32 2 4 44 0.000543 22000000
32 2 4 45 0.000690 00000000
32 2 4 46 0.000555 22222222
32 2 4 47 0.000495 00000000
32 2 4 48 0.000312 00000000
32 2 4 49 0.000531 00000000
32 2 4 50 0.000703 22222222
32 2 4 51 0.000462 22222222
32 2 4 52 0.000326 00000000
32 2 4 53 0.000456 22222000
32 2 4 54 0.000377 12222222
32 2 4 55 0.000399 22222222
32 2 4 56 0.000538 22222222
32 2 4 57 0.000855 22222222
32 2 4 58 0.000703 22222222
32 2 4 59 0.000476 22222222
32 2 4 60 0.000620 00000000
32 2 4 61 0.000542 12222222
32 2 4 62 0.000513 22222222
32 2 4 63 0.000390 22222222
32 2 4 64 0.000436 00000000
32 2 4 65 0.000627 22222222
32 2 4 66 0.000556 22222222
32 2 4 67 0.000548 00000000
32 2 4 68 0.000371 00000000
32 2 4 69 0.000441 12222222
32 2 4 70 0.000415 22222222
32 2 4 71 0.000497 20000000
32 2 4 72 0.000498 22222222
32 2 4 73 0.000636 00000000
32 2 4 74 0.000589 22222222
32 2 4 75 0.000543 22222222
32 2 4 76 0.000538 22222222
32 2 4 77 0.000665 22222222
32 2 4 78 0.000436 00000000
32 2 4 79 0.000508 22222222
32 2 4 80 0.000356 12222222
32 2 4 81 0.000618 22222222
32 2 4 82 0.000599 12222222
32 2 4 83 0.000478 22222222
32 2 4 84 0.000624 00000000
32 2 4 85 0.000537 22222222
32 2 4 86 0.000516 22222222
32 2 4 87 0.000422 12222222
32 2 4 88 0.000480 22222222
32 2 4 89 0.000560 22222222
32 2 4 90 0.000593 00000000
32 2 4 91 0.000702 12222222
32 2 4 92 0.000419 22222222
32 2 4 93 0.000503 22220000
32 2 4 94 0.000434 22222222
32 2 4 95 0.000237 12000000
32 2 4 96 0.000506 22222222
32 2 4 97 0.000595 12222220
32 2 4 98 0.000808 22222222
32 2 4 99 0.000579 12222222
32 2 8 0 0.000305 2222
32 2 8 1 0.000285 2222
32 2 8 2 0.000323 0000
32 2 8 3 0.000328 2222
32 2 8 4 0.000334 2222
32 2 8 5 0.000280 2222
32 2 8 6 0.000402 2000
32 2 8 7 0.000154 2220
32 2 8 8 0.000261 0000
32 2 8 9 0.000270 0000
32 2 8 10 0.000266 2222
32 2 8 11 0.000379 0000
32 2 8 12 0.000237 2000
32 2 8 13 0.000408 2220
32 2 8 14 0.000300 2222
32 2 8 15 0.000355 2222
32 2 8 16 0.000375 2222
32 2 8 17 0.000333 0000
32 2 8 18 0.000272 2222
32 2 8 19 0.000444 0000
32 2 8 20 0.000252 2222
32 2 8 21 0.000341 2222
32 2 8 22 0.000406 0000
32 2 8 23 0.000344 2222
32 2 8 24 0.000314 2222
32 2 8 25 0.000249 2222
32 2 8 26 0.000324 2222
32 2 8 27 0.000171 0000
32 2 8 28 0.000391 0000
32 2 8 29 0.000470 0000
32 2 8 30 0.000294 2222
32 2 8 31 0.000307 2222
32 2 8 32 0.000248 0000
32 2 8 33 0.000194 0000
32 2 8 34 0.000332 2222
32 2 8 35 0.000298 0000
32 2 8 36 0.000331 2222
32 2 8 37 0.000204 0000
32 2 8 38 0.000302 2222
32 2 8 39 0.000141 0000
32 2 8 40 0.000247 2222
32 2 8 41 0.000278 0000
32 2 8 42 0.000336 2222
32 2 8 43 0.000332 2222
32 2 8 44 0.000320 2000
32 2 8 45 0.000404 0000
32 2 8 46 0.000317 2222
32 2 8 47 0.000282 0000
32 2 8 48 0.000168 0000
32 2 8 49 0.000290 0000
32 2 8 50 0.000406 2222
32 2 8 51 0.000255 2222
32 2 8 52 0.000193 0000
32 2 8 53 0.000267 2200
32 2 8 54 0.000216 2222
32 2 8 55 0.000229 2222
32 2 8 56 0.000304 2222
32 2 8 57 0.000462 2222
32 2 8 58 0.000405 2222
32 2 8 59 0.000254 2222
32 2 8 60 0.000355 0000
32 2 8 61 0.000308 2222
32 2 8 62 0.000293 2222
32 2 8 63 0.000223 2222
32 2 8 64 0.000263 0000
32 2 8 65 0.000358 2222
32 2 8 66 0.000316 2222
32 2 8 67 0.000314 0000
32 2 8 68 0.000201 0000
32 2 8 69 0.000251 2222
32 2 8 70 0.000236 2222
32 2 8 71 0.000283 0000
32 2 8 72 0.000292 2222
32 2 8 73 0.000360 0000
32 2 8 74 0.000315 2222
32 2 8 75 0.000281 2222
32 2 8 76 0.000319 2222
32 2 8 77 0.000364 2222
32 2 8 78 0.000247 0000
32 2 8 79 0.000277 2222
32 2 8 80 0.000208 2222
32 2 8 81 0.000351 2222
32 2 8 82 0.000342 2222
32 2 8 83 0.000271 2222
32 2 8 84 0.000362 0000
32 2 8 85 0.000294 2222
32 2 8 86 0.000292 2222
32 2 8 87 0.000244 2222
32 2 8 88 0.000261 2222
32 2 8 89 0.000313 2222
32 2 8 90 0.000341 0000
32 2 8 91 0.000399 2222
32 2 8 92 0.000232 2222
32 2 8 93 0.000281 2200
32 2 8 94 0.000222 2222
32 2 8 95 0.000132 2000
32 2 8 96 0.000294 2222
32 2 8 97 0.000311 2220
32 2 8 98 0.000468 2222
32 2 8 99 0.000325 2222
32 2 16 0 0.000201 22
32 2 16 1 0.000165 22
32 2 16 2 0.000180 00
32 2 16 3 0.000185 22
32 2 16 4 0.000199 22
32 2 16 5 0.000172 22
32 2 16 6 0.000226 00
32 2 16 7 0.000094 20
32 2 16 8 0.000177 00
32 2 16 9 0.000173 00
32 2 16 10 0.000170 22
32 2 16 11 0.000232 00
32 2 16 12 0.000148 00
32 2 16 13 0.000250 20
32 2 16 14 0.000193 22
32 2 16 15 0.000220 22
32 2 16 16 0.000247 22
32 2 16 17 0.000212 00
32 2 16 18 0.000176 22
32 2 16 19 0.000264 00
32 2 16 20 0.000158 22
32 2 16 21 0.000214 22
32 2 16 22 0.000236 00
32 2 16 23 0.000205 22
32 2 16 24 0.000188 22
32 2 16 25 0.000165 22
32 2 16 26 0.000201 22
32 2 16 27 0.000115 00
32 2 16 28 0.000245 00
32 2 16 29 0.000281 00
32 2 16 30 0.000187 22
32 2 16 31 0.000193 22
32 2 16 32 0.000150 00
32 2 16 33 0.000120 00
32 2 16 34 0.000205 22
32 2 16 35 0.000176 00
32 2 16 36 0.000204 22
32 2 16 37 0.000138 00
32 2 16 38 0.000191 22
32 2 16 39 0.000091 00
32 2 16 40 0.000158 22
32 2 16 41 0.000171 00
32 2 16 42 0.000195 22
32 2 16 43 0.000206 22
32 2 16 44 0.000182 00
32 2 16 45 0.000243 00
32 2 16 46 0.000190 22
32 2 16 47 0.000176 00
32 2 16 48 0.000106 00
32 2 16 49 0.000186 00
32 2 16 50 0.000236 22
32 2 16 51 0.000161 22
32 2 16 52 0.000133 00
32 2 16 53 0.000163 20
32 2 16 54 0.000133 22
32 2 16 55 0.000136 22
32 2 16 56 0.000198 22
32 2 16 57 0.000264 22
32 2 16 58 0.000237 22
32 2 16 59 0.000150 22
32 2 16 60 0.000225 00
32 2 16 61 0.000192 22
32 2 16 62 0.000183 22
32 2 16 63 0.000138 22
32 2 16 64 0.000171 00
32 2 16 65 0.000228 22
32 2 16 66 0.000192 22
32 2 16 67 0.000194 00
32 2 16 68 0.000126 00
32 2 16 69 0.000156 22
32 2 16 70 0.000138 22
32 2 16 71 0.000185 00
32 2 16 72 0.000175 22
32 2 16 73 0.000231 00
32 2 16 74 0.000186 22
32 2 16 75 0.000173 22
32 2 16 76 0.000201 22
32 2 16 77 0.000239 22
32 2 16 78 0.000141 00
32 2 16 79 0.000169 22
32 2 16 80 0.000134 22
32 2 16 81 0.000226 22
32 2 16 82 0.000215 22
32 2 16 83 0.000157 22
32 2 16 84 0.000223 00
32 2 16 85 0.000182 22
32 2 16 86 0.000178 22
32 2 16 87 0.000142 22
32 2 16 88 0.000154 22
32 2 16 89 0.000181 22
32 2 16 90 0.000200 00
32 2 16 91 0.000242 22
32 2 16 92 0.000143 22
32 2 16 93 0.000156 20
32 2 16 94 0.000148 22
32 2 16 95 0.000083 00
32 2 16 96 0.000176 22
32 2 16 97 0.000195 20
32 2 16 98 0.000282 22
32 2 16 99 0.000208 22
32 2 32 0 0.000136 2
32 2 32 1 0.000113 2
32 2 32 2 0.000126 0
32 2 32 3 0.000126 2
32 2 32 4 0.000126 2
32 2 32 5 0.000117 2
32 2 32 6 0.000150 0
32 2 32 7 0.000064 0
32 2 32 8 0.000133 0
32 2 32 9 0.000124 0
32 2 32 10 0.000122 2
32 2 32 11 0.000159 0
32 2 32 12 0.000115 0
32 2 32 13 0.000141 0
32 2 32 14 0.000126 2
32 2 32 15 0.000147 2
32 2 32 16 0.000167 2
32 2 32 17 0.000160 0
32 2 32 18 0.000127 2
32 2 32 19 0.000189 0
32 2 32 20 0.000124 2
32 2 32 21 0.000140 2
32 2 32 22 0.000166 0
32 2 32 23 0.000138 2
32 2 32 24 0.000126 2
32 2 32 25 0.000109 2
32 2 32 26 0.000138 2
32 2 32 27 0.000085 0
32 2 32 28 0.000165 0
32 2 32 29 0.000186 0
32 2 32 30 0.000133 2
32 2 32 31 0.000141 2
32 2 32 32 0.000094 0
32 2 32 33 0.000089 0
32 2 32 34 0.000148 2
32 2 32 35 0.000123 0
32 2 32 36 0.000136 2
32 2 32 37 0.000109 0
32 2 32 38 0.000128 2
32 2 32 39 0.000073 0
32 2 32 40 0.000117 2
32 2 32 41 0.000109 0
32 2 32 42 0.000129 2
32 2 32 43 0.000131 2
32 2 32 44 0.000126 0
32 2 32 45 0.000181 0
32 2 32 46 0.000144 2
32 2 32 47 0.000133 0
32 2 32 48 0.000071 0
32 2 32 49 0.000137 0
32 2 32 50 0.000153 2
32 2 32 51 0.000108 2
32 2 32 52 0.000096 0
32 2 32 53 0.000118 0
32 2 32 54 0.000093 2
32 2 32 55 0.000087 2
32 2 32 56 0.000128 2
32 2 32 57 0.000166 2
32 2 32 58 0.000168 2
32 2 32 59 0.000099 2
32 2 32 60 0.000163 0
32 2 32 61 0.000122 2
32 2 32 62 0.000127 2
32 2 32 63 0.000104 2
32 2 32 64 0.000120 0
32 2 32 65 0.000147 2
32 2 32 66 0.000127 2
32 2 32 67 0.000140 0
32 2 32 68 0.000080 0
32 2 32 69 0.000119 2
32 2 32 70 0.000086 2
32 2 32 71 0.000127 0
32 2 32 72 0.000122 2
32 2 32 73 0.000160 0
32 2 32 74 0.000131 2
32 2 32 75 0.000106 2
32 2 32 76 0.000146 2
32 2 32 77 0.000149 2
32 2 32 78 0.000106 0
32 2 32 79 0.000123 2
32 2 32 80 0.000096 2
32 2 32 81 0.000148 2
32 2 32 82 0.000140 2
32 2 32 83 0.000107 2
32 2 32 84 0.000158 0
32 2 32 85 0.000121 2
32 2 32 86 0.000115 2
32 2 32 87 0.000096 2
32 2 32 88 0.000107 2
32 2 32 89 0.000123 2
32 2 32 90 0.000136 0
32 2 32 91 0.000151 2
32 2 32 92 0.000092 2
32 2 32 93 0.000111 0
32 2 32 94 0.000111 2
32 2 32 95 0.000073 0
32 2 32 96 0.000132 2
32 2 32 97 0.000131 0
32 2 32 98 0.000188 2
32 2 32 99 0.000153 2
32 4 8 0 0.000731 2222
32 4 8 1 0.000657 2222
32 4 8 2 0.000870 0000
32 4 8 3 0.000749 2222
32 4 8 4 0.000865 2222
32 4 8 5 0.000570 2222
32 4 8 6 0.000962 2222
32 4 8 7 0.000272 2222
32 4 8 8 0.000483 2222
32 4 8 9 0.000564 0000
32 4 8 10 0.000644 2222
32 4 8 11 0.001042 0000
32 4 8 12 0.000466 2222
32 4 8 13 0.001111 2222
32 4 8 14 0.000761 2222
32 4 8 15 0.000820 2222
32 4 8 16 0.000943 2222
32 4 8 17 0.000788 0000
32 4 8 18 0.000633 2222
32 4 8 19 0.001105 0000
32 4 8 20 0.000586 2222
32 4 8 21 0.000808 2222
32 4 8 22 0.001018 0000
32 4 8 23 0.000809 2222
32 4 8 24 0.000597 2222
32 4 8 25 0.000561 2222
32 4 8 26 0.000770 2222
32 4 8 27 0.000374 0000
32 4 8 28 0.000989 0000
32 4 8 29 0.001259 0000
32 4 8 30 0.000634 2222
32 4 8 31 0.000639 2222
32 4 8 32 0.000579 0000
32 4 8 33 0.000458 0000
32 4 8 34 0.000877 2222
32 4 8 35 0.000708 0000
32 4 8 36 0.000834 2222
32 4 8 37 0.000474 0000
32 4 8 38 0.000756 2222
32 4 8 39 0.000317 2222
32 4 8 40 0.000623 2222
32 4 8 41 0.000670 0000
32 4 8 42 0.000815 2222
32 4 8 43 0.000724 2222
32 4 8 44 0.000738 2222
32 4 8 45 0.000973 0000
32 4 8 46 0.000825 2222
32 4 8 47 0.000581 0000
32 4 8 48 0.000340 0000
32 4 8 49 0.000763 0000
32 4 8 50 0.001026 2222
32 4 8 51 0.000632 2222
32 4 8 52 0.000426 0000
32 4 8 53 0.000607 2222
32 4 8 54 0.000486 2222
32 4 8 55 0.000480 2222
32 4 8 56 0.000801 2222
32 4 8 57 0.001200 2222
32 4 8 58 0.001010 2222
32 4 8 59 0.000588 2222
32 4 8 60 0.000962 0000
32 4 8 61 0.000806 2222
32 4 8 62 0.000713 2222
32 4 8 63 0.000499 2222
32 4 8 64 0.000629 0000
32 4 8 65 0.000914 2222
32 4 8 66 0.000746 2222
32 4 8 67 0.000676 0000
32 4 8 68 0.000412 0000
32 4 8 69 0.000526 2222
32 4 8 70 0.000542 2222
32 4 8 71 0.000662 2222
32 4 8 72 0.000675 2222
32 4 8 73 0.000920 0000
32 4 8 74 0.000800 2222
32 4 8 75 0.000698 2222
32 4 8 76 0.000736 2222
32 4 8 77 0.000821 2222
32 4 8 78 0.000571 0000
32 4 8 79 0.000648 2222
32 4 8 80 0.000437 2222
32 4 8 81 0.000854 2222
32 4 8 82 0.000851 2222
32 4 8 83 0.000543 2222
32 4 8 84 0.000973 0000
32 4 8 85 0.000750 2222
32 4 8 86 0.000597 2222
32 4 8 87 0.000470 2222
32 4 8 88 0.000579 2222
32 4 8 89 0.000622 2222
32 4 8 90 0.000836 0000
32 4 8 91 0.001049 2222
32 4 8 92 0.000448 2222
32 4 8 93 0.000659 2222
32 4 8 94 0.000572 2222
32 4 8 95 0.000265 2222
32 4 8 96 0.000623 2222
32 4 8 97 0.000821 2222
32 4 8 98 0.001218 2222
32 4 8 99 0.000748 2222
32 4 16 0 0.000473 22
32 4 16 1 0.000388 22
32 4 16 2 0.000456 00
32 4 16 3 0.000488 22
32 4 16 4 0.000492 22
32 4 16 5 0.000359 22
32 4 16 6 0.000580 22
32 4 16 7 0.000157 22
32 4 16 8 0.000321 22
32 4 16 9 0.000364 00
32 4 16 10 0.000409 22
32 4 16 11 0.000658 00
32 4 16 12 0.000305 22
32 4 16 13 0.000708 22
32 4 16 14 0.000511 22
32 4 16 15 0.000503 22
32 4 16 16 0.000624 22
32 4 16 17 0.000512 00
32 4 16 18 0.000395 22
32 4 16 19 0.000688 00
32 4 16 20 0.000392 22
32 4 16 21 0.000510 22
32 4 16 22 0.000594 00
32 4 16 23 0.000451 22
32 4 16 24 0.000352 22
32 4 16 25 0.000356 22
32 4 16 26 0.000484 22
32 4 16 27 0.000264 00
32 4 16 28 0.000660 00
32 4 16 29 0.000770 00
32 4 16 30 0.000426 22
32 4 16 31 0.000411 22
32 4 16 32 0.000331 00
32 4 16 33 0.000286 00
32 4 16 34 0.000564 22
32 4 16 35 0.000422 00
32 4 16 36 0.000508 22
32 4 16 37 0.000310 00
32 4 16 38 0.000487 22
32 4 16 39 0.000206 22
32 4 16 40 0.000390 22
32 4 16 41 0.000427 00
32 4 16 42 0.000498 22
32 4 16 43 0.000467 22
32 4 16 44 0.000441 22
32 4 16 45 0.000622 00
32 4 16 46 0.000526 22
32 4 16 47 0.000359 00
32 4 16 48 0.000209 00
32 4 16 49 0.000471 00
32 4 16 50 0.000599 22
32 4 16 51 0.000411 22
32 4 16 52 0.000290 00
32 4 16 53 0.000363 22
32 4 16 54 0.000308 22
32 4 16 55 0.000262 22
32 4 16 56 0.000494 22
32 4 16 57 0.000634 22
32 4 16 58 0.000613 22
32 4 16 59 0.000331 22
32 4 16 60 0.000612 00
32 4 16 61 0.000525 22
32 4 16 62 0.000461 22
32 4 16 63 0.000321 22
32 4 16 64 0.000432 00
32 4 16 65 0.000605 22
32 4 16 66 0.000459 22
32 4 16 67 0.000438 00
32 4 16 68 0.000273 00
32 4 16 69 0.000330 22
32 4 16 70 0.000332 22
32 4 16 71 0.000423 22
32 4 16 72 0.000431 22
32 4 16 73 0.000595 00
32 4 16 74 0.000492 22
32 4 16 75 0.000428 22
32 4 16 76 0.000455 22
32 4 16 77 0.000556 22
32 4 16 78 0.000346 00
32 4 16 79 0.000377 22
32 4 16 80 0.000293 22
32 4 16 81 0.000557 22
32 4 16 82 0.000520 22
32 4 16 83 0.000306 22
32 4 16 84 0.000588 00
32 4 16 85 0.000470 22
32 4 16 86 0.000363 22
32 4 16 87 0.000266 22
32 4 16 88 0.000333 22
32 4 16 89 0.000382 22
32 4 16 90 0.000508 00
32 4 16 91 0.000686 22
32 4 16 92 0.000295 22
32 4 16 93 0.000339 22
32 4 16 94 0.000363 22
32 4 16 95 0.000157 22
32 4 16 96 0.000420 22
32 4 16 97 0.000521 22
32 4 16 98 0.000777 22
32 4 16 99 0.000493 22
32 4 32 0 0.000340 2
32 4 32 1 0.000277 2
32 4 32 2 0.000343 0
32 4 32 3 0.000322 2
32 4 32 4 0.000321 2
32 4 32 5 0.000250 2
32 4 32 6 0.000372 2
32 4 32 7 0.000102 2
32 4 32 8 0.000228 2
32 4 32 9 0.000278 0
32 4 32 10 0.000322 2
32 4 32 11 0.000502 0
32 4 32 12 0.000257 2
32 4 32 13 0.000426 2
32 4 32 14 0.000305 2
32 4 32 15 0.000370 2
32 4 32 16 0.000447 2
32 4 32 17 0.000370 0
32 4 32 18 0.000304 2
32 4 32 19 0.000521 0
32 4 32 20 0.000312 2
32 4 32 21 0.000359 2
32 4 32 22 0.000480 0
32 4 32 23 0.000318 2
32 4 32 24 0.000235 2
32 4 32 25 0.000257 2
32 4 32 26 0.000347 2
32 4 32 27 0.000204 0
32 4 32 28 0.000458 0
32 4 32 29 0.000532 0
32 4 32 30 0.000306 2
32 4 32 31 0.000328 2
32 4 32 32 0.000211 0
32 4 32 33 0.000217 0
32 4 32 34 0.000428 2
32 4 32 35 0.000288 0
32 4 32 36 0.000351 2
32 4 32 37 0.000255 0
32 4 32 38 0.000358 2
32 4 32 39 0.000168 2
32 4 32 40 0.000285 2
32 4 32 41 0.000281 0
32 4 32 42 0.000338 2
32 4 32 43 0.000311 2
32 4 32 44 0.000318 2
32 4 32 45 0.000481 0
32 4 32 46 0.000403 2
32 4 32 47 0.000313 0
32 4 32 48 0.000147 0
32 4 32 49 0.000398 0
32 4 32 50 0.000383 2
32 4 32 51 0.000262 2
32 4 32 52 0.000234 0
32 4 32 53 0.000272 2
32 4 32 54 0.000233 2
32 4 32 55 0.000164 2
32 4 32 56 0.000367 2
32 4 32 57 0.000440 2
32 4 32 58 0.000449 2
32 4 32 59 0.000239 2
32 4 32 60 0.000474 0
32 4 32 61 0.000361 2
32 4 32 62 0.000351 2
32 4 32 63 0.000250 2
32 4 32 64 0.000321 0
32 4 32 65 0.000378 2
32 4 32 66 0.000322 2
32 4 32 67 0.000311 0
32 4 32 68 0.000177 0
32 4 32 69 0.000260 2
32 4 32 70 0.000228 2
32 4 32 71 0.000308 2
32 4 32 72 0.000285 2
32 4 32 73 0.000428 0
32 4 32 74 0.000360 2
32 4 32 75 0.000284 2
32 4 32 76 0.000365 2
32 4 32 77 0.000353 2
32 4 32 78 0.000261 0
32 4 32 79 0.000299 2
32 4 32 80 0.000220 2
32 4 32 81 0.000380 2
32 4 32 82 0.000364 2
32 4 32 83 0.000210 2
32 4 32 84 0.000490 0
32 4 32 85 0.000323 2
32 4 32 86 0.000245 2
32 4 32 87 0.000218 2
32 4 32 88 0.000251 2
32 4 32 89 0.000283 2
32 4 32 90 0.000371 0
32 4 32 91 0.000446 2
32 4 32 92 0.000213 2
32 4 32 93 0.000247 2
32 4 32 94 0.000296 2
32 4 32 95 0.000123 2
32 4 32 96 0.000324 2
32 4 32 97 0.000364 2
32 4 32 98 0.000527 2
32 4 32 99 0.000361 2
32 8 16 0 0.000982 22
32 8 16 1 0.000883 22
32 8 16 2 0.001227 00
32 8 16 3 0.001157 22
32 8 16 4 0.001229 22
32 8 16 5 0.000799 22
32 8 16 6 0.001274 22
32 8 16 7 0.000383 22
32 8 16 8 0.000667 22
32 8 16 9 0.000874 00
32 8 16 10 0.000997 22
32 8 16 11 0.001657 00
32 8 16 12 0.000711 22
32 8 16 13 0.001789 22
32 8 16 14 0.001085 22
32 8 16 15 0.001285 22
32 8 16 16 0.001475 22
32 8 16 17 0.001239 00
32 8 16 18 0.000950 22
32 8 16 19 0.001829 00
32 8 16 20 0.000958 22
32 8 16 21 0.001271 22
32 8 16 22 0.001618 00
32 8 16 23 0.001221 22
32 8 16 24 0.000840 22
32 8 16 25 0.000750 22
32 8 16 26 0.001124 22
32 8 16 27 0.000444 00
32 8 16 28 0.001692 00
32 8 16 29 0.002212 00
32 8 16 30 0.000823 22
32 8 16 31 0.000973 22
32 8 16 32 0.000594 00
32 8 16 33 0.000585 00
32 8 16 34 0.001558 22
32 8 16 35 0.000918 00
32 8 16 36 0.001276 22
32 8 16 37 0.000759 00
32 8 16 38 0.001192 22
32 8 16 39 0.000389 22
32 8 16 40 0.000775 22
32 8 16 41 0.001023 00
32 8 16 42 0.001138 22
32 8 16 43 0.001151 22
32 8 16 44 0.000910 22
32 8 16 45 0.001464 00
32 8 16 46 0.001166 22
32 8 16 47 0.000881 00
32 8 16 48 0.000359 00
32 8 16 49 0.001222 00
32 8 16 50 0.001488 22
32 8 16 51 0.000813 22
32 8 16 52 0.000652 00
32 8 16 53 0.000909 22
32 8 16 54 0.000676 22
32 8 16 55 0.000457 22
32 8 16 56 0.001269 22
32 8 16 57 0.001893 22
32 8 16 58 0.001435 22
32 8 16 59 0.000690 22
32 8 16 60 0.001538 00
32 8 16 61 0.001063 22
32 8 16 62 0.000985 22
32 8 16 63 0.000656 22
32 8 16 64 0.000990 00
32 8 16 65 0.001373 22
32 8 16 66 0.001145 22
32 8 16 67 0.001022 00
32 8 16 68 0.000527 00
32 8 16 69 0.000538 22
32 8 16 70 0.000743 22
32 8 16 71 0.000972 22
32 8 16 72 0.000852 22
32 8 16 73 0.001498 00
32 8 16 74 0.000922 22
32 8 16 75 0.000919 22
32 8 16 76 0.001218 22
32 8 16 77 0.001157 22
32 8 16 78 0.000716 00
32 8 16 79 0.001010 22
32 8 16 80 0.000664 22
32 8 16 81 0.001287 22
32 8 16 82 0.001120 22
32 8 16 83 0.000724 22
32 8 16 84 0.001553 00
32 8 16 85 0.001191 22
32 8 16 86 0.000837 22
32 8 16 87 0.000608 22
32 8 16 88 0.000753 22
32 8 16 89 0.000848 22
32 8 16 90 0.001176 00
32 8 16 91 0.001681 22
32 8 16 92 0.000576 22
32 8 16 93 0.000738 22
32 8 16 94 0.000988 22
32 8 16 95 0.000345 22
32 8 16 96 0.000946 22
32 8 16 97 0.001074 22
32 8 16 98 0.001848 22
32 8 16 99 0.000984 22
32 8 32 0 0.000804 2
32 8 32 1 0.000700 2
32 8 32 2 0.000974 0
32 8 32 3 0.001002 2
32 8 32 4 0.000844 2
32 8 32 5 0.000659 2
32 8 32 6 0.000983 2
32 8 32 7 0.000276 2
32 8 32 8 0.000569 2
32 8 32 9 0.000818 0
32 8 32 10 0.000874 2
32 8 32 11 0.001426 0
32 8 32 12 0.000609 2
32 8 32 13 0.001196 2
32 8 32 14 0.000791 2
32 8 32 15 0.001123 2
32 8 32 16 0.001198 2
32 8 32 17 0.001086 0
32 8 32 18 0.000775 2
32 8 32 19 0.001556 0
32 8 32 20 0.000852 2
32 8 32 21 0.001001 2
32 8 32 22 0.001338 0
32 8 32 23 0.000907 2
32 8 32 24 0.000624 2
32 8 32 25 0.000620 2
32 8 32 26 0.000903 2
32 8 32 27 0.000353 0
32 8 32 28 0.001212 0
32 8 32 29 0.001647 0
32 8 32 30 0.000731 2
32 8 32 31 0.000816 2
32 8 32 32 0.000431 0
32 8 32 33 0.000486 0
32 8 32 34 0.001235 2
32 8 32 35 0.000708 0
32 8 32 36 0.000964 2
32 8 32 37 0.000666 0
32 8 32 38 0.001026 2
32 8 32 39 0.000322 2
32 8 32 40 0.000659 2
32 8 32 41 0.000832 0
32 8 32 42 0.000951 2
32 8 32 43 0.000883 2
32 8 32 44 0.000774 2
32 8 32 45 0.001327 0
32 8 32 46 0.001638 2
32 8 32 47 0.000747 0
32 8 32 48 0.000285 0
32 8 32 49 0.001014 0
32 8 32 50 0.001182 2
32 8 32 51 0.000661 2
32 8 32 52 0.000548 0
32 8 32 53 0.000772 2
32 8 32 54 0.000638 2
32 8 32 55 0.000310 2
32 8 32 56 0.001080 2
32 8 32 57 0.001353 2
32 8 32 58 0.001141 2
32 8 32 59 0.000556 2
32 8 32 60 0.001306 0
32 8 32 61 0.000876 2
32 8 32 62 0.000832 2
32 8 32 63 0.000565 2
32 8 32 64 0.000836 0
32 8 32 65 0.000958 2
32 8 32 66 0.000827 2
32 8 32 67 0.000746 0
32 8 32 68 0.000445 0
32 8 32 69 0.000484 2
32 8 32 70 0.000600 2
32 8 32 71 0.000831 2
32 8 32 72 0.000696 2
32 8 32 73 0.001292 0
32 8 32 74 0.000757 2
32 8 32 75 0.000659 2
32 8 32 76 0.001023 2
32 8 32 77 0.000895 2
32 8 32 78 0.000623 0
32 8 32 79 0.000815 2
32 8 32 80 0.000582 2
32 8 32 81 0.000994 2
32 8 32 82 0.000855 2
32 8 32 83 0.000565 2
32 8 32 84 0.001472 0
32 8 32 85 0.000865 2
32 8 32 86 0.000635 2
32 8 32 87 0.000528 2
32 8 32 88 0.000611 2
32 8 32 89 0.000709 2
32 8 32 90 0.000955 0
32 8 32 91 0.001208 2
32 8 32 92 0.000441 2
32 8 32 93 0.000562 2
32 8 32 94 0.000957 2
32 8 32 95 0.000297 2
32 8 32 96 0.000831 2
32 8 32 97 0.000851 2
32 8 32 98 0.001456 2
32 8 32 99 0.000866 2
64 2 4 0 0.001741 0000000000000000
64 2 4 1 0.002859 2222222222222222
64 2 4 2 0.002737 2222222222222222
64 2 4 3 0.001615 2222222220000000
64 2 4 4 0.002358 2222222222222222
64 2 4 5 0.002238 1222222222222222
64 2 4 6 0.002052 2222222222222200
64 2 4 7 0.001716 2222222222222222
64 2 4 8 0.002004 2222200000000000
64 2 4 9 0.002175 2222222222222222
64 2 4 10 0.001691 1120000000000000
64 2 4 11 0.001598 1120000000000000
64 2 4 12 0.002234 2222222222222220
64 2 4 13 0.001990 1222222222222222
64 2 4 14 0.001823 2222222222222222
64 2 4 15 0.001518 2222222222222222
64 2 4 16 0.002244 0000000000000000
64 2 4 17 0.002023 2222222222222222
64 2 4 18 0.002153 0000000000000000
64 2 4 19 0.002695 0000000000000000
64 2 4 20 0.002186 1222222222222222
64 2 4 21 0.002109 2222222222222222
64 2 4 22 0.002398 2222222222222222
64 2 4 23 0.001716 2220000000000000
64 2 4 24 0.001856 2222222222222222
64 2 4 25 0.001910 2222222222222222
64 2 4 26 0.002412 2222222222222222
64 2 4 27 0.002566 2222222222222222
64 2 4 28 0.001925 2222222222200000
64 2 4 29 0.002199 2222222222222222
64 2 4 30 0.002246 2222222222222222
64 2 4 31 0.002949 2222222222222222
64 2 4 32 0.001926 2222200000000000
64 2 4 33 0.001647 2220000000000000
64 2 4 34 0.001998 1222222222222222
64 2 4 35 0.001637 2220000000000000
64 2 4 36 0.002152 2222222222222222
64 2 4 37 0.002308 2222222222220000
64 2 4 38 0.002372 1222222222222222
64 2 4 39 0.002614 2222222222222222
64 2 4 40 0.002081 0000000000000000
64 2 4 41 0.002205 2222222222222222
64 2 4 42 0.002204 2222222222222222
64 2 4 43 0.002087 2222222222222222
64 2 4 44 0.002202 2222222222222222
64 2 4 45 0.002353 2222222222222222
64 2 4 46 0.001987 2222200000000000
64 2 4 47 0.002053 2222222222222222
64 2 4 48 0.002286 2222222222222222
64 2 4 49 0.002071 2222222222222222
64 2 4 50 0.002442 2222222200000000
64 2 4 51 0.001731 1222222222222222
64 2 4 52 0.002307 2222222222222222
64 2 4 53 0.002121 2222222222222222
64 2 4 54 0.002374 2222222222222222
64 2 4 55 0.002530 0000000000000000
64 2 4 56 0.001661 2200000000000000
64 2 4 57 0.001998 2000000000000000
64 2 4 58 0.002017 2222222200000000
64 2 4 59 0.002126 2222222222222222
64 2 4 60 0.001904 1222222222222222
64 2 4 61 0.002664 1222222222222222
64 2 4 62 0.002351 2222200000000000
64 2 4 63 0.002461 0000000000000000
64 2 4 64 0.001772 2222222222222222
64 2 4 65 0.001680 0000000000000000
64 2 4 66 0.001940 2222222222222222
64 2 4 67 0.002562 2222222222222222
64 2 4 68 0.002201 2222000000000000
64 2 4 69 0.001910 2222222222222222
64 2 4 70 0.001780 0000000000000000
64 2 4 71 0.002566 2222222222222222
64 2 4 72 0.002194 2222222200000000
64 2 4 73 0.001897 2222000000000000
64 2 4 74 0.002322 1222222222222222
64 2 4 75 0.001955 2222222222222222
64 2 4 76 0.002879 2222222222222222
64 2 4 77 0.002283 2222222222222222
64 2 4 78 0.002386 0000000000000000
64 2 4 79 0.001676 0000000000000000
64 2 4 80 0.001904 2000000000000000
64 2 4 81 0.002374 2222222222220000
64 2 4 82 0.002575 0000000000000000
64 2 4 83 0.002167 2222222222220000
64 2 4 84 0.002061 2222222222222222
64 2 4 85 0.002204 2222222222222222
64 2 4 86 0.002674 0000000000000000
64 2 4 87 0.002517 0000000000000000
64 2 4 88 0.001646 2222222000000000
64 2 4 89 0.001837 2222222222222220
64 2 4 90 0.002172 2222222222222222
64 2 4 91 0.002079 0000000000000000
64 2 4 92 0.002714 2222222222222222
64 2 4 93 0.001965 0000000000000000
64 2 4 94 0.002380 2222222222220000
64 2 4 95 0.002071 2222222222222222
64 2 4 96 0.002486 2222222222222222
64 2 4 97 0.001746 2200000000000000
64 2 4 98 0.002307 2000000000000000
64 2 4 99 0.001769 0000000000000000
64 2 8 0 0.000950 00000000
64 2 8 1 0.001520 22222222
64 2 8 2 0.001403 22222222
64 2 8 3 0.000834 22220000
64 2 8 4 0.001237 22222222
64 2 8 5 0.001197 22222222
64 2 8 6 0.001098 22222220
64 2 8 7 0.000911 22222222
64 2 8 8 0.001013 22000000
64 2 8 9 0.001204 22222222
64 2 8 10 0.000901 10000000
64 2 8 11 0.000860 10000000
64 2 8 12 0.001166 22222220
64 2 8 13 0.001068 22222222
64 2 8 14 0.000964 22222222
64 2 8 15 0.000787 22222222
64 2 8 16 0.001138 00000000
64 2 8 17 0.001074 22222222
64 2 8 18 0.001142 00000000
64 2 8 19 0.001432 00000000
64 2 8 20 0.001153 22222222
64 2 8 21 0.001109 22222222
64 2 8 22 0.001276 22222222
64 2 8 23 0.000870 20000000
64 2 8 24 0.000994 22222222
64 2 8 25 0.001023 22222222
64 2 8 26 0.001262 22222222
64 2 8 27 0.001371 22222222
64 2 8 28 0.001007 22222000
64 2 8 29 0.001189 22222222
64 2 8 30 0.001173 22222222
64 2 8 31 0.001565 22222222
64 2 8 32 0.001019 22000000
64 2 8 33 0.000868 20000000
64 2 8 34 0.001068 22222222
64 2 8 35 0.000870 20000000
64 2 8 36 0.001162 22222222
64 2 8 37 0.001225 22222200
64 2 8 38 0.001255 22222222
64 2 8 39 0.001367 22222222
64 2 8 40 0.001042 00000000
64 2 8 41 0.001159 22222222
64 2 8 42 0.001168 22222222
64 2 8 43 0.001108 22222222
64 2 8 44 0.001146 22222222
64 2 8 45 0.001266 22222222
64 2 8 46 0.001052 22000000
64 2 8 47 0.001088 22222222
64 2 8 48 0.001221 22222222
64 2 8 49 0.001104 22222222
64 2 8 50 0.001253 22220000
64 2 8 51 0.000913 22222222
64 2 8 52 0.001269 22222222
64 2 8 53 0.001107 22222222
64 2 8 54 0.001256 22222222
64 2 8 55 0.001317 00000000
64 2 8 56 0.000888 20000000
64 2 8 57 0.001028 00000000
64 2 8 58 0.001053 22220000
64 2 8 59 0.001146 22222222
64 2 8 60 0.001014 22222222
64 2 8 61 0.001381 22222222
64 2 8 62 0.001213 22000000
64 2 8 63 0.001255 00000000
64 2 8 64 0.000928 22222222
64 2 8 65 0.000871 00000000
64 2 8 66 0.001049 22222222
64 2 8 67 0.001354 22222222
64 2 8 68 0.001196 22000000
64 2 8 69 0.000979 22222222
64 2 8 70 0.000906 00000000
64 2 8 71 0.001357 22222222
64 2 8 72 0.001127 22220000
64 2 8 73 0.001017 22000000
64 2 8 74 0.001231 22222222
64 2 8 75 0.001018 22222222
64 2 8 76 0.001530 22222222
64 2 8 77 0.001184 22222222
64 2 8 78 0.001275 00000000
64 2 8 79 0.000888 00000000
64 2 8 80 0.000970 00000000
64 2 8 81 0.001247 22222200
64 2 8 82 0.001370 00000000
64 2 8 83 0.001157 22222200
64 2 8 84 0.001088 22222222
64 2 8 85 0.001109 22222222
64 2 8 86 0.001249 00000000
64 2 8 87 0.001175 00000000
64 2 8 88 0.000878 22200000
64 2 8 89 0.000970 22222220
64 2 8 90 0.001129 22222222
64 2 8 91 0.001118 00000000
64 2 8 92 0.001393 22222222
64 2 8 93 0.001037 00000000
64 2 8 94 0.001279 22222200
64 2 8 95 0.001074 22222222
64 2 8 96 0.001316 22222222
64 2 8 97 0.000882 20000000
64 2 8 98 0.001224 00000000
64 2 8 99 0.000933 00000000
64 2 16 0 0.000501 0000
64 2 16 1 0.000835 2222
64 2 16 2 0.000782 2222
64 2 16 3 0.000468 2200
64 2 16 4 0.000668 2222
64 2 16 5 0.000694 2222
64 2 16 6 0.000587 2220
64 2 16 7 0.000520 2222
64 2 16 8 0.000577 2000
64 2 16 9 0.000654 2222
64 2 16 10 0.000494 0000
64 2 16 11 0.000484 0000
64 2 16 12 0.000709 2220
64 2 16 13 0.000613 2222
64 2 16 14 0.000528 2222
64 2 16 15 0.000458 2222
64 2 16 16 0.000609 0000
64 2 16 17 0.000612 2222
64 2 16 18 0.000638 0000
64 2 16 19 0.000807 0000
64 2 16 20 0.000669 2222
64 2 16 21 0.000623 2222
64 2 16 22 0.000720 2222
64 2 16 23 0.000488 0000
64 2 16 24 0.000553 2222
64 2 16 25 0.000572 2222
64 2 16 26 0.000709 2222
64 2 16 27 0.000757 2222
64 2 16 28 0.000569 2200
64 2 16 29 0.000653 2222
64 2 16 30 0.000651 2222
64 2 16 31 0.000869 2222
64 2 16 32 0.000560 2000
64 2 16 33 0.000495 0000
64 2 16 34 0.000601 2222
64 2 16 35 0.000486 0000
64 2 16 36 0.000648 2222
64 2 16 37 0.000684 2220
64 2 16 38 0.000704 2222
64 2 16 39 0.000777 2222
64 2 16 40 0.000580 0000
64 2 16 41 0.000654 2222
64 2 16 42 0.000647 2222
64 2 16 43 0.000635 2222
64 2 16 44 0.000634 2222
64 2 16 45 0.000696 2222
64 2 16 46 0.000580 2000
64 2 16 47 0.000618 2222
64 2 16 48 0.000676 2222
64 2 16 49 0.000637 2222
64 2 16 50 0.000703 2200
64 2 16 51 0.000499 2222
64 2 16 52 0.000698 2222
64 2 16 53 0.000609 2222
64 2 16 54 0.000713 2222
64 2 16 55 0.000741 0000
64 2 16 56 0.000503 0000
64 2 16 57 0.000550 0000
64 2 16 58 0.000603 2200
64 2 16 59 0.000653 2222
64 2 16 60 0.000565 2222
64 2 16 61 0.000758 2222
64 2 16 62 0.000683 2000
64 2 16 63 0.000705 0000
64 2 16 64 0.000521 2222
64 2 16 65 0.000500 0000
64 2 16 66 0.000591 2222
64 2 16 67 0.000776 2222
64 2 16 68 0.000690 2000
64 2 16 69 0.000574 2222
64 2 16 70 0.000485 0000
64 2 16 71 0.000773 2222
64 2 16 72 0.000645 2200
64 2 16 73 0.000560 2000
64 2 16 74 0.000694 2222
64 2 16 75 0.000570 2222
64 2 16 76 0.000855 2222
64 2 16 77 0.000704 2222
64 2 16 78 0.000700 0000
64 2 16 79 0.000498 0000
64 2 16 80 0.000573 0000
64 2 16 81 0.000701 2220
64 2 16 82 0.000762 0000
64 2 16 83 0.000649 2220
64 2 16 84 0.000587 2222
64 2 16 85 0.000604 2222
64 2 16 86 0.000701 0000
64 2 16 87 0.000660 0000
64 2 16 88 0.000485 2000
64 2 16 89 0.000536 2220
64 2 16 90 0.000633 2222
64 2 16 91 0.000626 0000
64 2 16 92 0.000774 2222
64 2 16 93 0.000594 0000
64 2 16 94 0.000698 2220
64 2 16 95 0.000618 2222
64 2 16 96 0.000747 2222
64 2 16 97 0.000489 0000
64 2 16 98 0.000683 0000
64 2 16 99 0.000526 0000
64 2 32 0 0.000299 00
64 2 32 1 0.000490 22
64 2 32 2 0.000468 22
64 2 32 3 0.000295 20
64 2 32 4 0.000414 22
64 2 32 5 0.000430 22
64 2 32 6 0.000346 20
64 2 32 7 0.000322 22
64 2 32 8 0.000347 00
64 2 32 9 0.000393 22
64 2 32 10 0.000308 00
64 2 32 11 0.000295 00
64 2 32 12 0.000389 20
64 2 32 13 0.000377 22
64 2 32 14 0.000342 22
64 2 32 15 0.000292 22
64 2 32 16 0.000367 00
64 2 32 17 0.000381 22
64 2 32 18 0.000389 00
64 2 32 19 0.000505 00
64 2 32 20 0.000399 22
64 2 32 21 0.000393 22
64 2 32 22 0.000419 22
64 2 32 23 0.000305 00
64 2 32 24 0.000346 22
64 2 32 25 0.000365 22
64 2 32 26 0.000442 22
64 2 32 27 0.000460 22
64 2 32 28 0.000338 20
64 2 32 29 0.000393 22
64 2 32 30 0.000394 22
64 2 32 31 0.000517 22
64 2 32 32 0.000340 00
64 2 32 33 0.000291 00
64 2 32 34 0.000375 22
64 2 32 35 0.000305 00
64 2 32 36 0.000396 22
64 2 32 37 0.000423 20
64 2 32 38 0.000404 22
64 2 32 39 0.000473 22
64 2 32 40 0.000359 00
64 2 32 41 0.000397 22
64 2 32 42 0.000406 22
64 2 32 43 0.000393 22
64 2 32 44 0.000395 22
64 2 32 45 0.000384 22
64 2 32 46 0.000356 00
64 2 32 47 0.000405 22
64 2 32 48 0.000398 22
64 2 32 49 0.000392 22
64 2 32 50 0.000433 20
64 2 32 51 0.000310 22
64 2 32 52 0.000424 22
64 2 32 53 0.000394 22
64 2 32 54 0.000413 22
64 2 32 55 0.000447 00
64 2 32 56 0.000326 00
64 2 32 57 0.000327 00
64 2 32 58 0.000372 20
64 2 32 59 0.000404 22
64 2 32 60 0.000342 22
64 2 32 61 0.000450 22
64 2 32 62 0.000416 00
64 2 32 63 0.000416 00
64 2 32 64 0.000325 22
64 2 32 65 0.000303 00
64 2 32 66 0.000369 22
64 2 32 67 0.000470 22
64 2 32 68 0.000426 00
64 2 32 69 0.000388 22
64 2 32 70 0.000294 00
64 2 32 71 0.000468 22
64 2 32 72 0.000413 20
64 2 32 73 0.000331 00
64 2 32 74 0.000408 22
64 2 32 75 0.000353 22
64 2 32 76 0.000510 22
64 2 32 77 0.000411 22
64 2 32 78 0.000438 00
64 2 32 79 0.000299 00
64 2 32 80 0.000338 00
64 2 32 81 0.000413 20
64 2 32 82 0.000467 00
64 2 32 83 0.000366 20
64 2 32 84 0.000362 22
64 2 32 85 0.000372 22
64 2 32 86 0.000427 00
64 2 32 87 0.000382 00
64 2 32 88 0.000307 00
64 2 32 89 0.000326 20
64 2 32 90 0.000401 22
64 2 32 91 0.000408 00
64 2 32 92 0.000469 22
64 2 32 93 0.000383 00
64 2 32 94 0.000423 20
64 2 32 95 0.000376 22
64 2 32 96 0.000451 22
64 2 32 97 0.000295 00
64 2 32 98 0.000410 00
64 2 32 99 0.000314 00
64 4 8 0 0.002425 00000000
64 4 8 1 0.004216 22222222
64 4 8 2 0.003761 22222222
64 4 8 3 0.001854 22222222
64 4 8 4 0.003340 22222222
64 4 8 5 0.003282 22222222
64 4 8 6 0.003017 22222222
64 4 8 7 0.002451 22222222
64 4 8 8 0.002495 22222222
64 4 8 9 0.002994 22222222
64 4 8 10 0.002188 12222222
64 4 8 11 0.002054 12222222
64 4 8 12 0.003186 22222222
64 4 8 13 0.002678 22222222
64 4 8 14 0.002381 22222222
64 4 8 15 0.002006 22222222
64 4 8 16 0.003031 00000000
64 4 8 17 0.002840 22222222
64 4 8 18 0.003064 00000000
64 4 8 19 0.003921 00000000
64 4 8 20 0.002991 22222222
64 4 8 21 0.002991 22222222
64 4 8 22 0.003522 22222222
64 4 8 23 0.002139 22222222
64 4 8 24 0.002541 22222222
64 4 8 25 0.002777 22222222
64 4 8 26 0.003478 22222222
64 4 8 27 0.003262 22222222
64 4 8 28 0.002406 22222222
64 4 8 29 0.002985 22222222
64 4 8 30 0.002965 22222222
64 4 8 31 0.004516 22222222
64 4 8 32 0.002325 22222222
64 4 8 33 0.002058 22222222
64 4 8 34 0.002636 22222222
64 4 8 35 0.001991 22222222
64 4 8 36 0.003120 22222222
64 4 8 37 0.003280 22222222
64 4 8 38 0.003315 22222222
64 4 8 39 0.003629 22222222
64 4 8 40 0.002608 00000000
64 4 8 41 0.002908 22222222
64 4 8 42 0.002785 22222222
64 4 8 43 0.002855 22222222
64 4 8 44 0.003145 22222222
64 4 8 45 0.003304 22222222
64 4 8 46 0.002604 22222222
64 4 8 47 0.002744 22222222
64 4 8 48 0.003333 22222222
64 4 8 49 0.002934 22222222
64 4 8 50 0.003223 22222222
64 4 8 51 0.002227 22222222
64 4 8 52 0.003384 22222222
64 4 8 53 0.002788 22222222
64 4 8 54 0.003438 22222222
64 4 8 55 0.003732 00000000
64 4 8 56 0.002052 22222222
64 4 8 57 0.002719 22222222
64 4 8 58 0.002413 22222222
64 4 8 59 0.002951 22222222
64 4 8 60 0.002575 22222222
64 4 8 61 0.003806 22222222
64 4 8 62 0.003168 22222222
64 4 8 63 0.003422 00000000
64 4 8 64 0.002240 22222222
64 4 8 65 0.002089 00000000
64 4 8 66 0.002553 22222222
64 4 8 67 0.003516 22222222
64 4 8 68 0.003247 22222222
64 4 8 69 0.002901 22222222
64 4 8 70 0.002255 00000000
64 4 8 71 0.003355 22222222
64 4 8 72 0.002977 22222222
64 4 8 73 0.002387 22222222
64 4 8 74 0.003146 22222222
64 4 8 75 0.002446 22222222
64 4 8 76 0.004271 22222222
64 4 8 77 0.003139 22222222
64 4 8 78 0.003528 00000000
64 4 8 79 0.002280 00000000
64 4 8 80 0.002404 22222222
64 4 8 81 0.003396 22222222
64 4 8 82 0.003554 00000000
64 4 8 83 0.002830 22222222
64 4 8 84 0.002756 22222222
64 4 8 85 0.002908 22222222
64 4 8 86 0.003395 00000000
64 4 8 87 0.003164 00000000
64 4 8 88 0.001919 22222222
64 4 8 89 0.002210 22222222
64 4 8 90 0.002935 22222222
64 4 8 91 0.002725 00000000
64 4 8 92 0.003880 22222222
64 4 8 93 0.002615 00000000
64 4 8 94 0.003105 22222222
64 4 8 95 0.002526 22222222
64 4 8 96 0.003543 22222222
64 4 8 97 0.002137 22222222
64 4 8 98 0.003385 22222222
64 4 8 99 0.002102 00000000
64 4 16 0 0.001363 0000
64 4 16 1 0.002396 2222
64 4 16 2 0.002003 2222
64 4 16 3 0.001044 2222
64 4 16 4 0.001895 2222
64 4 16 5 0.001886 2222
64 4 16 6 0.001596 2222
64 4 16 7 0.001458 2222
64 4 16 8 0.001440 2222
64 4 16 9 0.001653 2222
64 4 16 10 0.001278 2222
64 4 16 11 0.001192 2222
64 4 16 12 0.001760 2222
64 4 16 13 0.001606 2222
64 4 16 14 0.001337 2222
64 4 16 15 0.001201 2222
64 4 16 16 0.001642 0000
64 4 16 17 0.001679 2222
64 4 16 18 0.001655 0000
64 4 16 19 0.002167 0000
64 4 16 20 0.001690 2222
64 4 16 21 0.001666 2222
64 4 16 22 0.001892 2222
64 4 16 23 0.001167 2222
64 4 16 24 0.001353 2222
64 4 16 25 0.001582 2222
64 4 16 26 0.001977 2222
64 4 16 27 0.001856 2222
64 4 16 28 0.001391 2222
64 4 16 29 0.001598 2222
64 4 16 30 0.001608 2222
64 4 16 31 0.002353 2222
64 4 16 32 0.001304 2222
64 4 16 33 0.001160 2222
64 4 16 34 0.001508 2222
64 4 16 35 0.001168 2222
64 4 16 36 0.001702 2222
64 4 16 37 0.001810 2222
64 4 16 38 0.001871 2222
64 4 16 39 0.002109 2222
64 4 16 40 0.001451 0000
64 4 16 41 0.001651 2222
64 4 16 42 0.001519 2222
64 4 16 43 0.001667 2222
64 4 16 44 0.001761 2222
64 4 16 45 0.001837 2222
64 4 16 46 0.001428 2222
64 4 16 47 0.001482 2222
64 4 16 48 0.001740 2222
64 4 16 49 0.001660 2222
64 4 16 50 0.001836 2222
64 4 16 51 0.001230 2222
64 4 16 52 0.001917 2222
64 4 16 53 0.001556 2222
64 4 16 54 0.001975 2222
64 4 16 55 0.002072 0000
64 4 16 56 0.001198 2222
64 4 16 57 0.001453 2222
64 4 16 58 0.001430 2222
64 4 16 59 0.001625 2222
64 4 16 60 0.001455 2222
64 4 16 61 0.002110 2222
64 4 16 62 0.001800 2222
64 4 16 63 0.001917 0000
64 4 16 64 0.001278 2222
64 4 16 65 0.001166 0000
64 4 16 66 0.001490 2222
64 4 16 67 0.001900 2222
64 4 16 68 0.001924 2222
64 4 16 69 0.001443 2222
64 4 16 70 0.001211 0000
64 4 16 71 0.001850 2222
64 4 16 72 0.001769 2222
64 4 16 73 0.001324 2222
64 4 16 74 0.001792 2222
64 4 16 75 0.001379 2222
64 4 16 76 0.002582 2222
64 4 16 77 0.001789 2222
64 4 16 78 0.002034 0000
64 4 16 79 0.001280 0000
64 4 16 80 0.001348 2222
64 4 16 81 0.001913 2222
64 4 16 82 0.002023 0000
64 4 16 83 0.001583 2222
64 4 16 84 0.001509 2222
64 4 16 85 0.001592 2222
64 4 16 86 0.001895 0000
64 4 16 87 0.001725 0000
64 4 16 88 0.001047 2222
64 4 16 89 0.001267 2222
64 4 16 90 0.001729 2222
64 4 16 91 0.001480 0000
64 4 16 92 0.002135 2222
64 4 16 93 0.001518 0000
64 4 16 94 0.001717 2222
64 4 16 95 0.001445 2222
64 4 16 96 0.001942 2222
64 4 16 97 0.001199 2222
64 4 16 98 0.001875 2222
64 4 16 99 0.001157 0000
64 4 32 0 0.000808 00
64 4 32 1 0.001411 22
64 4 32 2 0.001268 22
64 4 32 3 0.000649 22
64 4 32 4 0.001117 22
64 4 32 5 0.001217 22
64 4 32 6 0.000911 22
64 4 32 7 0.000879 22
64 4 32 8 0.000873 22
64 4 32 9 0.001002 22
64 4 32 10 0.000780 22
64 4 32 11 0.000732 22
64 4 32 12 0.001075 22
64 4 32 13 0.000983 22
64 4 32 14 0.000918 22
64 4 32 15 0.000744 22
64 4 32 16 0.000958 00
64 4 32 17 0.001083 22
64 4 32 18 0.001055 00
64 4 32 19 0.001399 00
64 4 32 20 0.001049 22
64 4 32 21 0.001105 22
64 4 32 22 0.001111 22
64 4 32 23 0.000739 22
64 4 32 24 0.000868 22
64 4 32 25 0.001020 22
64 4 32 26 0.001125 22
64 4 32 27 0.001121 22
64 4 32 28 0.000859 22
64 4 32 29 0.000968 22
64 4 32 30 0.001067 22
64 4 32 31 0.001405 22
64 4 32 32 0.000807 22
64 4 32 33 0.000694 22
64 4 32 34 0.000944 22
64 4 32 35 0.000739 22
64 4 32 36 0.001087 22
64 4 32 37 0.001136 22
64 4 32 38 0.001083 22
64 4 32 39 0.001332 22
64 4 32 40 0.000908 00
64 4 32 41 0.001022 22
64 4 32 42 0.000961 22
64 4 32 43 0.001118 22
64 4 32 44 0.001143 22
64 4 32 45 0.001020 22
64 4 32 46 0.000863 22
64 4 32 47 0.000961 22
64 4 32 48 0.001050 22
64 4 32 49 0.001004 22
64 4 32 50 0.001078 22
64 4 32 51 0.000777 22
64 4 32 52 0.001156 22
64 4 32 53 0.001005 22
64 4 32 54 0.001145 22
64 4 32 55 0.001274 00
64 4 32 56 0.000747 22
64 4 32 57 0.000859 22
64 4 32 58 0.000918 22
64 4 32 59 0.001041 22
64 4 32 60 0.000872 22
64 4 32 61 0.001273 22
64 4 32 62 0.001116 22
64 4 32 63 0.001170 00
64 4 32 64 0.000797 22
64 4 32 65 0.000761 00
64 4 32 66 0.000896 22
64 4 32 67 0.001227 22
64 4 32 68 0.001168 22
64 4 32 69 0.000903 22
64 4 32 70 0.000724 00
64 4 32 71 0.001214 22
64 4 32 72 0.001110 22
64 4 32 73 0.000812 22
64 4 32 74 0.001081 22
64 4 32 75 0.000845 22
64 4 32 76 0.001399 22
64 4 32 77 0.001156 22
64 4 32 78 0.001238 00
64 4 32 79 0.000777 00
64 4 32 80 0.000830 22
64 4 32 81 0.001137 22
64 4 32 82 0.001228 00
64 4 32 83 0.000960 22
64 4 32 84 0.000939 22
64 4 32 85 0.000962 22
64 4 32 86 0.001148 00
64 4 32 87 0.000992 00
64 4 32 88 0.000632 22
64 4 32 89 0.000789 22
64 4 32 90 0.001046 22
64 4 32 91 0.000917 00
64 4 32 92 0.001333 22
64 4 32 93 0.000993 00
64 4 32 94 0.001056 22
64 4 32 95 0.000922 22
64 4 32 96 0.001236 22
64 4 32 97 0.000745 22
64 4 32 98 0.001120 22
64 4 32 99 0.000725 00
64 8 16 0 0.003828 0000
64 8 16 1 0.007240 2222
64 8 16 2 0.005827 2222
64 8 16 3 0.002632 2222
64 8 16 4 0.004993 2222
64 8 16 5 0.005208 2222
64 8 16 6 0.004072 2222
64 8 16 7 0.003649 2222
64 8 16 8 0.003388 2222
64 8 16 9 0.004565 2222
64 8 16 10 0.003935 2222
64 8 16 11 0.003177 2222
64 8 16 12 0.004781 2222
64 8 16 13 0.003921 2222
64 8 16 14 0.004054 2222
64 8 16 15 0.003017 2222
64 8 16 16 0.004656 0000
64 8 16 17 0.004285 2222
64 8 16 18 0.004648 0000
64 8 16 19 0.006652 0000
64 8 16 20 0.004817 2222
64 8 16 21 0.004964 2222
64 8 16 22 0.005090 2222
64 8 16 23 0.003106 2222
64 8 16 24 0.003690 2222
64 8 16 25 0.004499 2222
64 8 16 26 0.005404 2222
64 8 16 27 0.005342 2222
64 8 16 28 0.003384 2222
64 8 16 29 0.004885 2222
64 8 16 30 0.004656 2222
64 8 16 31 0.007187 2222
64 8 16 32 0.003875 2222
64 8 16 33 0.002823 2222
64 8 16 34 0.003663 2222
64 8 16 35 0.002596 2222
64 8 16 36 0.004383 2222
64 8 16 37 0.005552 2222
64 8 16 38 0.005776 2222
64 8 16 39 0.006275 2222
64 8 16 40 0.004396 0000
64 8 16 41 0.004805 2222
64 8 16 42 0.004183 2222
64 8 16 43 0.004355 2222
64 8 16 44 0.005189 2222
64 8 16 45 0.004755 2222
64 8 16 46 0.004297 2222
64 8 16 47 0.004409 2222
64 8 16 48 0.004886 2222
64 8 16 49 0.004455 2222
64 8 16 50 0.005130 2222
64 8 16 51 0.003285 2222
64 8 16 52 0.004405 2222
64 8 16 53 0.004061 2222
64 8 16 54 0.005389 2222
64 8 16 55 0.005465 0000
64 8 16 56 0.003402 2222
64 8 16 57 0.004187 2222
64 8 16 58 0.003650 2222
64 8 16 59 0.004748 2222
64 8 16 60 0.003890 2222
64 8 16 61 0.006291 2222
64 8 16 62 0.004897 2222
64 8 16 63 0.005441 0000
64 8 16 64 0.003463 2222
64 8 16 65 0.002994 0000
64 8 16 66 0.003752 2222
64 8 16 67 0.006088 2222
64 8 16 68 0.004768 2222
64 8 16 69 0.003574 2222
64 8 16 70 0.003190 0000
64 8 16 71 0.005728 2222
64 8 16 72 0.004598 2222
64 8 16 73 0.004334 2222
64 8 16 74 0.004539 2222
64 8 16 75 0.003819 2222
64 8 16 76 0.007503 2222
64 8 16 77 0.005221 2222
64 8 16 78 0.005501 0000
64 8 16 79 0.003169 0000
64 8 16 80 0.003695 2222
64 8 16 81 0.005647 2222
64 8 16 82 0.005430 0000
64 8 16 83 0.004553 2222
64 8 16 84 0.004432 2222
64 8 16 85 0.004366 2222
64 8 16 86 0.005093 0000
64 8 16 87 0.004723 0000
64 8 16 88 0.002665 2222
64 8 16 89 0.003538 2222
64 8 16 90 0.004800 2222
64 8 16 91 0.004381 0000
64 8 16 92 0.006668 2222
64 8 16 93 0.003963 0000
64 8 16 94 0.004774 2222
64 8 16 95 0.003934 2222
64 8 16 96 0.005898 2222
64 8 16 97 0.003310 2222
64 8 16 98 0.005839 2222
64 8 16 99 0.003767 0000
64 8 32 0 0.002597 00
64 8 32 1 0.004347 22
64 8 32 2 0.003826 22
64 8 32 3 0.001489 22
64 8 32 4 0.003091 22
64 8 32 5 0.003356 22
64 8 32 6 0.002599 22
64 8 32 7 0.002331 22
64 8 32 8 0.002116 22
64 8 32 9 0.002963 22
64 8 32 10 0.002441 22
64 8 32 11 0.002015 22
64 8 32 12 0.003178 22
64 8 32 13 0.002536 22
64 8 32 14 0.002702 22
64 8 32 15 0.002156 22
64 8 32 16 0.002803 00
64 8 32 17 0.002724 22
64 8 32 18 0.003095 00
64 8 32 19 0.004001 00
64 8 32 20 0.002907 22
64 8 32 21 0.003202 22
64 8 32 22 0.003037 22
64 8 32 23 0.001922 22
64 8 32 24 0.002380 22
64 8 32 25 0.002965 22
64 8 32 26 0.003553 22
64 8 32 27 0.003326 22
64 8 32 28 0.002242 22
64 8 32 29 0.002907 22
64 8 32 30 0.002957 22
64 8 32 31 0.004391 22
64 8 32 32 0.002442 22
64 8 32 33 0.001708 22
64 8 32 34 0.002419 22
64 8 32 35 0.001787 22
64 8 32 36 0.002956 22
64 8 32 37 0.003510 22
64 8 32 38 0.003500 22
64 8 32 39 0.004004 22
64 8 32 40 0.002694 00
64 8 32 41 0.003152 22
64 8 32 42 0.002721 22
64 8 32 43 0.002917 22
64 8 32 44 0.003354 22
64 8 32 45 0.003047 22
64 8 32 46 0.002465 22
64 8 32 47 0.002766 22
64 8 32 48 0.003070 22
64 8 32 49 0.002859 22
64 8 32 50 0.003436 22
64 8 32 51 0.002172 22
64 8 32 52 0.002991 22
64 8 32 53 0.002683 22
64 8 32 54 0.003544 22
64 8 32 55 0.003539 00
64 8 32 56 0.002311 22
64 8 32 57 0.002817 22
64 8 32 58 0.002413 22
64 8 32 59 0.003226 22
64 8 32 60 0.002513 22
64 8 32 61 0.003863 22
64 8 32 62 0.003090 22
64 8 32 63 0.003391 00
64 8 32 64 0.002296 22
64 8 32 65 0.002064 00
64 8 32 66 0.002326 22
64 8 32 67 0.003906 22
64 8 32 68 0.003267 22
64 8 32 69 0.002401 22
64 8 32 70 0.002056 00
64 8 32 71 0.003611 22
64 8 32 72 0.003183 22
64 8 32 73 0.002346 22
64 8 32 74 0.002915 22
64 8 32 75 0.002458 22
64 8 32 76 0.004598 22
64 8 32 77 0.003372 22
64 8 32 78 0.003555 00
64 8 32 79 0.001960 00
64 8 32 80 0.002333 22
64 8 32 81 0.003245 22
64 8 32 82 0.003779 00
64 8 32 83 0.002683 22
64 8 32 84 0.002953 22
64 8 32 85 0.002998 22
64 8 32 86 0.003117 00
64 8 32 87 0.002948 00
64 8 32 88 0.001689 22
64 8 32 89 0.002185 22
64 8 32 90 0.003003 22
64 8 32 91 0.002725 00
64 8 32 92 0.004409 22
64 8 32 93 0.002632 00
64 8 32 94 0.003206 22
64 8 32 95 0.002408 22
64 8 32 96 0.003892 22
64 8 32 97 0.002078 22
64 8 32 98 0.003552 22
64 8 32 99 0.002246 00
128 2 4 0 0.008282 22222222222222222200000000000000
128 2 4 1 0.007012 12222222220000000000000000000000
128 2 4 2 0.008686 22222222222222222222222222222222
128 2 4 3 0.008373 22222222222222222222222222222222
128 2 4 4 0.009756 00000000000000000000000000000000
128 2 4 5 0.008857 22222222222222222222222222200000
128 2 4 6 0.010243 11222222222222222222222222222222
128 2 4 7 0.009760 22222222222222222222222222222222
128 2 4 8 0.009392 00000000000000000000000000000000
128 2 4 9 0.007027 20000000000000000000000000000000
128 2 4 10 0.010050 22222222222222222222222222222222
128 2 4 11 0.008876 22220000000000000000000000000000
128 2 4 12 0.008407 12222222222222222222222222222222
128 2 4 13 0.008021 12222222222222222222222222222222
128 2 4 14 0.010170 22222222000000000000000000000000
128 2 4 15 0.007674 22222222222222222222222222222222
128 2 4 16 0.008573 22222222222222222000000000000000
128 2 4 17 0.009349 00000000000000000000000000000000
128 2 4 18 0.009545 22222222222222222222222222222222
128 2 4 19 0.008064 22222222222222220000000000000000
128 2 4 20 0.008778 22222222222222222222222000000000
128 2 4 21 0.008501 22222222222222222222220000000000
128 2 4 22 0.009394 22222222222222222222222222222222
128 2 4 23 0.010272 22222222222222222222222222222222
128 2 4 24 0.008648 22222222220000000000000000000000
128 2 4 25 0.008107 22222222222222222222222222222222
128 2 4 26 0.009428 22222222222222222222222222222222
128 2 4 27 0.007225 22222222222222222222222222222222
128 2 4 28 0.009894 22222222222222222222222000000000
128 2 4 29 0.009222 22200000000000000000000000000000
128 2 4 30 0.008543 00000000000000000000000000000000
128 2 4 31 0.008445 22222222222222222222222222222222
128 2 4 32 0.010018 22222222222222000000000000000000
128 2 4 33 0.008522 22222222222222222222222222220000
128 2 4 34 0.009500 22222222222222222222222222222222
128 2 4 35 0.010011 22222222222222222222222222222220
128 2 4 36 0.009232 22222222222222222222222222222222
128 2 4 37 0.008004 00000000000000000000000000000000
128 2 4 38 0.009144 00000000000000000000000000000000
128 2 4 39 0.008437 22222222000000000000000000000000
128 2 4 40 0.007458 00000000000000000000000000000000
128 2 4 41 0.010253 22222222222222222222222222222222
128 2 4 42 0.009678 22222222222222222222222222222222
128 2 4 43 0.009162 22222222222222222222222222222220
128 2 4 44 0.008062 22222000000000000000000000000000
128 2 4 45 0.007915 00000000000000000000000000000000
128 2 4 46 0.009143 22222222222222222222222222222222
128 2 4 47 0.007865 00000000000000000000000000000000
128 2 4 48 0.008791 00000000000000000000000000000000
128 2 4 49 0.009930 22222222222222222222222222222222
128 2 4 50 0.009611 22200000000000000000000000000000
128 2 4 51 0.009052 00000000000000000000000000000000
128 2 4 52 0.009898 00000000000000000000000000000000
128 2 4 53 0.009690 00000000000000000000000000000000
128 2 4 54 0.009527 22222222200000000000000000000000
128 2 4 55 0.007614 22222222222222222222200000000000
128 2 4 56 0.009105 22222222222222222222222222222222
128 2 4 57 0.009387 22000000000000000000000000000000
128 2 4 58 0.010768 22222222222222222222222222222222
128 2 4 59 0.008919 22222222222222222222222222220000
128 2 4 60 0.008182 22222222222222222222222222222222
128 2 4 61 0.006837 22222222222222222220000000000000
128 2 4 62 0.009219 00000000000000000000000000000000
128 2 4 63 0.008983 22222222222222222222222222222222
128 2 4 64 0.008969 22222222222222222222000000000000
128 2 4 65 0.007443 00000000000000000000000000000000
128 2 4 66 0.008553 00000000000000000000000000000000
128 2 4 67 0.007223 00000000000000000000000000000000
128 2 4 68 0.008898 12222222222222222222222222220000
128 2 4 69 0.009037 22222222222222222222222222222222
128 2 4 70 0.008867 12222222222222222222222222222222
128 2 4 71 0.011104 12222222222222222222222222222222
128 2 4 72 0.009710 22222222222222222222222222222222
128 2 4 73 0.008986 00000000000000000000000000000000
128 2 4 74 0.009685 22222222222222222222222222222222
128 2 4 75 0.007100 22222222222222000000000000000000
128 2 4 76 0.009066 20000000000000000000000000000000
128 2 4 77 0.009544 22222222222222222222222222222222
128 2 4 78 0.007804 22222200000000000000000000000000
128 2 4 79 0.008645 22222222222222222222222222222222
128 2 4 80 0.008638 00000000000000000000000000000000
128 2 4 81 0.010037 22222222222222222222222222222222
128 2 4 82 0.011204 22222222222222222222222222222222
128 2 4 83 0.009167 22222222222222222222222222222222
128 2 4 84 0.009036 22200000000000000000000000000000
128 2 4 85 0.009584 22222222222222222200000000000000
128 2 4 86 0.007782 20000000000000000000000000000000
128 2 4 87 0.007143 22222222222222222220000000000000
128 2 4 88 0.009342 22222222222222222222222222222222
128 2 4 89 0.009059 22222222222222222222222222222222
128 2 4 90 0.008236 00000000000000000000000000000000
128 2 4 91 0.009523 00000000000000000000000000000000
128 2 4 92 0.008643 22222222222220000000000000000000
128 2 4 93 0.008451 22222222222222222222222222222222
128 2 4 94 0.007779 11122222222200000000000000000000
128 2 4 95 0.008160 22222222222222220000000000000000
128 2 4 96 0.009758 12222222222222222222222222222222
128 2 4 97 0.006927 00000000000000000000000000000000
128 2 4 98 0.009331 12222222222222222222222222222222
128 2 4 99 0.008237 00000000000000000000000000000000
128 2 8 0 0.004318 2222222220000000
128 2 8 1 0.003664 2222200000000000
128 2 8 2 0.004412 2222222222222222
128 2 8 3 0.004295 2222222222222222
128 2 8 4 0.005042 0000000000000000
128 2 8 5 0.004477 2222222222222000
128 2 8 6 0.004965 1222222222222222
128 2 8 7 0.004797 2222222222222222
128 2 8 8 0.004884 0000000000000000
128 2 8 9 0.003550 0000000000000000
128 2 8 10 0.005111 2222222222222222
128 2 8 11 0.004553 2200000000000000
128 2 8 12 0.004348 2222222222222222
128 2 8 13 0.003978 2222222222222222
128 2 8 14 0.005223 2222000000000000
128 2 8 15 0.003669 2222222222222222
128 2 8 16 0.004358 2222222200000000
128 2 8 17 0.004666 0000000000000000
128 2 8 18 0.004967 2222222222222222
128 2 8 19 0.004086 2222222200000000
128 2 8 20 0.004469 2222222222200000
128 2 8 21 0.004200 2222222222200000
128 2 8 22 0.004861 2222222222222222
128 2 8 23 0.004969 2222222222222222
128 2 8 24 0.004428 2222200000000000
128 2 8 25 0.003897 2222222222222222
128 2 8 26 0.004868 2222222222222222
128 2 8 27 0.003646 2222222222222222
128 2 8 28 0.005044 2222222222200000
128 2 8 29 0.004950 2000000000000000
128 2 8 30 0.003983 0000000000000000
128 2 8 31 0.004286 2222222222222222
128 2 8 32 0.004445 2222222000000000
128 2 8 33 0.004404 2222222222222200
128 2 8 34 0.004808 2222222222222222
128 2 8 35 0.005204 2222222222222220
128 2 8 36 0.004498 2222222222222222
128 2 8 37 0.004136 0000000000000000
128 2 8 38 0.004681 0000000000000000
128 2 8 39 0.004250 2222000000000000
128 2 8 40 0.003833 0000000000000000
128 2 8 41 0.005194 2222222222222222
128 2 8 42 0.004882 2222222222222222
128 2 8 43 0.004450 2222222222222220
128 2 8 44 0.004231 2200000000000000
128 2 8 45 0.004054 0000000000000000
128 2 8 46 0.004499 2222222222222222
128 2 8 47 0.003982 0000000000000000
128 2 8 48 0.004553 0000000000000000
128 2 8 49 0.004978 2222222222222222
128 2 8 50 0.004870 2000000000000000
128 2 8 51 0.004895 0000000000000000
128 2 8 52 0.004909 0000000000000000
128 2 8 53 0.004915 0000000000000000
128 2 8 54 0.004990 2222000000000000
128 2 8 55 0.003877 2222222222000000
128 2 8 56 0.004702 2222222222222222
128 2 8 57 0.004614 2000000000000000
128 2 8 58 0.005666 2222222222222200
128 2 8 59 0.004415 2222222222222200
128 2 8 60 0.004096 2222222222222222
128 2 8 61 0.003479 2222222220000000
128 2 8 62 0.004729 0000000000000000
128 2 8 63 0.004609 2222222222222222
128 2 8 64 0.004554 2222222222000000
128 2 8 65 0.003760 0000000000000000
128 2 8 66 0.004338 0000000000000000
128 2 8 67 0.003796 0000000000000000
128 2 8 68 0.004453 2222222222222200
128 2 8 69 0.004641 2222222222222222
128 2 8 70 0.004485 2222222222222222
128 2 8 71 0.005610 2222222222222222
128 2 8 72 0.004969 2222222222222222
128 2 8 73 0.004480 0000000000000000
128 2 8 74 0.004782 2222222222222222
128 2 8 75 0.003557 2222222000000000
128 2 8 76 0.004522 0000000000000000
128 2 8 77 0.004713 2222222222222222
128 2 8 78 0.003951 2220000000000000
128 2 8 79 0.004335 2222222222222222
128 2 8 80 0.004435 0000000000000000
128 2 8 81 0.004939 2222222222222222
128 2 8 82 0.005962 2222222222222222
128 2 8 83 0.004809 2222222222222222
128 2 8 84 0.004757 2000000000000000
128 2 8 85 0.004872 2222222220000000
128 2 8 86 0.003969 0000000000000000
128 2 8 87 0.003542 2222222220000000
128 2 8 88 0.004777 2222222222222222
128 2 8 89 0.004582 2222222222222222
128 2 8 90 0.004148 0000000000000000
128 2 8 91 0.004879 0000000000000000
128 2 8 92 0.004362 2222220000000000
128 2 8 93 0.004196 2222222222222222
128 2 8 94 0.003707 1222220000000000
128 2 8 95 0.004136 2222222200000000
128 2 8 96 0.004978 2222222222222222
128 2 8 97 0.003485 0000000000000000
128 2 8 98 0.004847 2222222222222222
128 2 8 99 0.004315 0000000000000000
128 2 16 0 0.002294 22220000
128 2 16 1 0.001905 22000000
128 2 16 2 0.002398 22222222
128 2 16 3 0.002284 22222222
128 2 16 4 0.002621 00000000
128 2 16 5 0.002410 22222200
128 2 16 6 0.002670 22222222
128 2 16 7 0.002559 22222222
128 2 16 8 0.002466 00000000
128 2 16 9 0.001869 00000000
128 2 16 10 0.002686 22222222
128 2 16 11 0.002486 20000000
128 2 16 12 0.002253 22222222
128 2 16 13 0.002102 22222222
128 2 16 14 0.002782 22000000
128 2 16 15 0.001913 22222222
128 2 16 16 0.002297 22220000
128 2 16 17 0.002462 00000000
128 2 16 18 0.002604 22222222
128 2 16 19 0.002190 22220000
128 2 16 20 0.002355 22222000
128 2 16 21 0.002176 22222000
128 2 16 22 0.002537 22222222
128 2 16 23 0.002576 22222222
128 2 16 24 0.002379 22000000
128 2 16 25 0.002095 22222222
128 2 16 26 0.002560 22222222
128 2 16 27 0.001927 22222222
128 2 16 28 0.002654 22222000
128 2 16 29 0.002473 00000000
128 2 16 30 0.002118 00000000
128 2 16 31 0.002301 22222222
128 2 16 32 0.002304 22200000
128 2 16 33 0.002310 22222220
128 2 16 34 0.002546 22222222
128 2 16 35 0.002684 22222220
128 2 16 36 0.002445 22222222
128 2 16 37 0.002222 00000000
128 2 16 38 0.002417 00000000
128 2 16 39 0.002231 22000000
128 2 16 40 0.002052 00000000
128 2 16 41 0.002755 22222222
128 2 16 42 0.002589 22222222
128 2 16 43 0.002347 22222220
128 2 16 44 0.002138 20000000
128 2 16 45 0.002130 00000000
128 2 16 46 0.002391 22222222
128 2 16 47 0.002101 00000000
128 2 16 48 0.002350 00000000
128 2 16 49 0.002640 22222222
128 2 16 50 0.002621 00000000
128 2 16 51 0.002499 00000000
128 2 16 52 0.002647 00000000
128 2 16 53 0.002632 00000000
128 2 16 54 0.002597 22000000
128 2 16 55 0.002058 22222000
128 2 16 56 0.002523 22222222
128 2 16 57 0.002431 00000000
128 2 16 58 0.002968 22222220
128 2 16 59 0.002314 22222220
128 2 16 60 0.002164 22222222
128 2 16 61 0.001847 22220000
128 2 16 62 0.002504 00000000
128 2 16 63 0.002359 22222222
128 2 16 64 0.002406 22222000
128 2 16 65 0.002016 00000000
128 2 16 66 0.002282 00000000
128 2 16 67 0.001968 00000000
128 2 16 68 0.002411 22222220
128 2 16 69 0.002405 22222222
128 2 16 70 0.002322 22222222
128 2 16 71 0.002988 22222222
128 2 16 72 0.002573 22222222
128 2 16 73 0.002349 00000000
128 2 16 74 0.002471 22222222
128 2 16 75 0.001848 22200000
128 2 16 76 0.002344 00000000
128 2 16 77 0.002720 22222222
128 2 16 78 0.002098 20000000
128 2 16 79 0.002237 22222222
128 2 16 80 0.002304 00000000
128 2 16 81 0.002596 22222222
128 2 16 82 0.002929 22222222
128 2 16 83 0.002534 22222222
128 2 16 84 0.002458 00000000
128 2 16 85 0.002493 22220000
128 2 16 86 0.002042 00000000
128 2 16 87 0.001878 22220000
128 2 16 88 0.002538 22222222
128 2 16 89 0.002394 22222222
128 2 16 90 0.002255 00000000
128 2 16 91 0.002436 00000000
128 2 16 92 0.002344 22200000
128 2 16 93 0.002212 22222222
128 2 16 94 0.001914 22200000
128 2 16 95 0.002161 22220000
128 2 16 96 0.002653 22222222
128 2 16 97 0.001865 00000000
128 2 16 98 0.002539 22222222
128 2 16 99 0.002265 00000000
128 2 32 0 0.001279 2200
128 2 32 1 0.001076 2000
128 2 32 2 0.001320 2222
128 2 32 3 0.001288 2222
128 2 32 4 0.001449 0000
128 2 32 5 0.001338 2220
128 2 32 6 0.001508 2222
128 2 32 7 0.001427 2222
128 2 32 8 0.001419 0000
128 2 32 9 0.001084 0000
128 2 32 10 0.001530 2222
128 2 32 11 0.001351 0000
128 2 32 12 0.001286 2222
128 2 32 13 0.001195 2222
128 2 32 14 0.001580 2000
128 2 32 15 0.001074 2222
128 2 32 16 0.001280 2200
128 2 32 17 0.001398 0000
128 2 32 18 0.001412 2222
128 2 32 19 0.001236 2200
128 2 32 20 0.001313 2200
128 2 32 21 0.001235 2200
128 2 32 22 0.001448 2222
128 2 32 23 0.001484 2222
128 2 32 24 0.001324 2000
128 2 32 25 0.001147 2222
128 2 32 26 0.001493 2222
128 2 32 27 0.001104 2222
128 2 32 28 0.001473 2200
128 2 32 29 0.001363 0000
128 2 32 30 0.001185 0000
128 2 32 31 0.001289 2222
128 2 32 32 0.001246 2000
128 2 32 33 0.001259 2220
128 2 32 34 0.001402 2222
128 2 32 35 0.001512 2220
128 2 32 36 0.001327 2222
128 2 32 37 0.001259 0000
128 2 32 38 0.001382 0000
128 2 32 39 0.001267 2000
128 2 32 40 0.001173 0000
128 2 32 41 0.001510 2222
128 2 32 42 0.001465 2222
128 2 32 43 0.001334 2220
128 2 32 44 0.001184 0000
128 2 32 45 0.001172 0000
128 2 32 46 0.001366 2222
128 2 32 47 0.001196 0000
128 2 32 48 0.001305 0000
128 2 32 49 0.001483 2222
128 2 32 50 0.001447 0000
128 2 32 51 0.001425 0000
128 2 32 52 0.001443 0000
128 2 32 53 0.001488 0000
128 2 32 54 0.001455 2000
128 2 32 55 0.001172 2200
128 2 32 56 0.001401 2222
128 2 32 57 0.001351 0000
128 2 32 58 0.001596 2220
128 2 32 59 0.001277 2220
128 2 32 60 0.001225 2222
128 2 32 61 0.001020 2200
128 2 32 62 0.001443 0000
128 2 32 63 0.001308 2222
128 2 32 64 0.001410 2200
128 2 32 65 0.001146 0000
128 2 32 66 0.001286 0000
128 2 32 67 0.001109 0000
128 2 32 68 0.001355 2220
128 2 32 69 0.001355 2222
128 2 32 70 0.001277 2222
128 2 32 71 0.001668 2222
128 2 32 72 0.001443 2222
128 2 32 73 0.001338 0000
128 2 32 74 0.001373 2222
128 2 32 75 0.001038 2000
128 2 32 76 0.001325 0000
128 2 32 77 0.001380 2222
128 2 32 78 0.001164 0000
128 2 32 79 0.001280 2222
128 2 32 80 0.001299 0000
128 2 32 81 0.001415 2222
128 2 32 82 0.001660 2222
128 2 32 83 0.001421 2222
128 2 32 84 0.001351 0000
128 2 32 85 0.001415 2200
128 2 32 86 0.001152 0000
128 2 32 87 0.001028 2200
128 2 32 88 0.001433 2222
128 2 32 89 0.001354 2222
128 2 32 90 0.001267 0000
128 2 32 91 0.001342 0000
128 2 32 92 0.001328 2000
128 2 32 93 0.001240 2222
128 2 32 94 0.001052 2000
128 2 32 95 0.001228 2200
128 2 32 96 0.001468 2222
128 2 32 97 0.001020 0000
128 2 32 98 0.001414 2222
128 2 32 99 0.001255 0000
128 4 8 0 0.011545 2222222222222222
128 4 8 1 0.009071 2222222222222222
128 4 8 2 0.012321 2222222222222222
128 4 8 3 0.012252 2222222222222222
128 4 8 4 0.013295 0000000000000000
128 4 8 5 0.012082 2222222222222222
128 4 8 6 0.013361 1222222222222222
128 4 8 7 0.013324 2222222222222222
128 4 8 8 0.013491 0000000000000000
128 4 8 9 0.009174 2222222222222222
128 4 8 10 0.014122 2222222222222222
128 4 8 11 0.013057 2222222222222222
128 4 8 12 0.011287 2222222222222222
128 4 8 13 0.010569 2222222222222222
128 4 8 14 0.014920 2222222222222222
128 4 8 15 0.009151 2222222222222222
128 4 8 16 0.011494 2222222222222222
128 4 8 17 0.012855 0000000000000000
128 4 8 18 0.013583 2222222222222222
128 4 8 19 0.011493 2222222222222222
128 4 8 20 0.012371 2222222222222222
128 4 8 21 0.011482 2222222222222222
128 4 8 22 0.013200 2222222222222222
128 4 8 23 0.013187 2222222222222222
128 4 8 24 0.011750 2222222222222222
128 4 8 25 0.010619 2222222222222222
128 4 8 26 0.013732 2222222222222222
128 4 8 27 0.009534 2222222222222222
128 4 8 28 0.014110 2222222222222222
128 4 8 29 0.012560 2222222222222222
128 4 8 30 0.010867 0000000000000000
128 4 8 31 0.011967 2222222222222222
128 4 8 32 0.012301 2222222222222222
128 4 8 33 0.011769 2222222222222222
128 4 8 34 0.012731 2222222222222222
128 4 8 35 0.014314 2222222222222222
128 4 8 36 0.011387 2222222222222222
128 4 8 37 0.011203 0000000000000000
128 4 8 38 0.012695 0000000000000000
128 4 8 39 0.012148 2222222222222222
128 4 8 40 0.009882 0000000000000000
128 4 8 41 0.014552 2222222222222222
128 4 8 42 0.013453 2222222222222222
128 4 8 43 0.012166 2222222222222222
128 4 8 44 0.011008 2222222222222222
128 4 8 45 0.010915 0000000000000000
128 4 8 46 0.013047 2222222222222222
128 4 8 47 0.009766 0000000000000000
128 4 8 48 0.011918 0000000000000000
128 4 8 49 0.014354 2222222222222222
128 4 8 50 0.013966 2222222222222222
128 4 8 51 0.013041 0000000000000000
128 4 8 52 0.013507 0000000000000000
128 4 8 53 0.012874 0000000000000000
128 4 8 54 0.013708 2222222222222222
128 4 8 55 0.010190 2222222222222222
128 4 8 56 0.013305 2222222222222222
128 4 8 57 0.012707 2222222222222222
128 4 8 58 0.016190 2222222222222222
128 4 8 59 0.011319 2222222222222222
128 4 8 60 0.010838 2222222222222222
128 4 8 61 0.009599 2222222222222222
128 4 8 62 0.013531 0000000000000000
128 4 8 63 0.011576 2222222222222222
128 4 8 64 0.012206 2222222222222222
128 4 8 65 0.010000 0000000000000000
128 4 8 66 0.012304 0000000000000000
128 4 8 67 0.009269 0000000000000000
128 4 8 68 0.012782 2222222222222222
128 4 8 69 0.012487 2222222222222222
128 4 8 70 0.013487 2222222222222222
128 4 8 71 0.015760 2222222222222222
128 4 8 72 0.013816 2222222222222222
128 4 8 73 0.012607 0000000000000000
128 4 8 74 0.012800 2222222222222222
128 4 8 75 0.009796 2222222222222222
128 4 8 76 0.011935 2222222222222222
128 4 8 77 0.013678 2222222222222222
128 4 8 78 0.009662 2222222222222222
128 4 8 79 0.012088 2222222222222222
128 4 8 80 0.012153 0000000000000000
128 4 8 81 0.014673 2222222222222222
128 4 8 82 0.015552 2222222222222222
128 4 8 83 0.012615 2222222222222222
128 4 8 84 0.012641 2222222222222222
128 4 8 85 0.013089 2222222222222222
128 4 8 86 0.010822 2222222222222222
128 4 8 87 0.009768 2222222222222222
128 4 8 88 0.013089 2222222222222222
128 4 8 89 0.012990 2222222222222222
128 4 8 90 0.011585 0000000000000000
128 4 8 91 0.013209 0000000000000000
128 4 8 92 0.011025 2222222222222222
128 4 8 93 0.011477 2222222222222222
128 4 8 94 0.010262 1222222222222222
128 4 8 95 0.010705 2222222222222222
128 4 8 96 0.013594 2222222222222222
128 4 8 97 0.008814 0000000000000000
128 4 8 98 0.013457 2222222222222222
128 4 8 99 0.011292 0000000000000000
128 4 16 0 0.006061 22222222
128 4 16 1 0.004778 22222222
128 4 16 2 0.006603 22222222
128 4 16 3 0.006509 22222222
128 4 16 4 0.007109 00000000
128 4 16 5 0.006563 22222222
128 4 16 6 0.007320 22222222
128 4 16 7 0.007093 22222222
128 4 16 8 0.006897 00000000
128 4 16 9 0.005129 22222222
128 4 16 10 0.007487 22222222
128 4 16 11 0.007071 22222222
128 4 16 12 0.006077 22222222
128 4 16 13 0.005543 22222222
128 4 16 14 0.008112 22222222
128 4 16 15 0.004876 22222222
128 4 16 16 0.005957 22222222
128 4 16 17 0.006843 00000000
128 4 16 18 0.007359 22222222
128 4 16 19 0.005910 22222222
128 4 16 20 0.006810 22222222
128 4 16 21 0.005939 22222222
128 4 16 22 0.006849 22222222
128 4 16 23 0.006947 22222222
128 4 16 24 0.006421 22222222
128 4 16 25 0.005637 22222222
128 4 16 26 0.006863 22222222
128 4 16 27 0.005159 22222222
128 4 16 28 0.007553 22222222
128 4 16 29 0.006813 22222222
128 4 16 30 0.005813 00000000
128 4 16 31 0.006288 22222222
128 4 16 32 0.006298 22222222
128 4 16 33 0.006369 22222222
128 4 16 34 0.006719 22222222
128 4 16 35 0.007343 22222222
128 4 16 36 0.006159 22222222
128 4 16 37 0.006146 00000000
128 4 16 38 0.006812 00000000
128 4 16 39 0.006588 22222222
128 4 16 40 0.005329 00000000
128 4 16 41 0.007906 22222222
128 4 16 42 0.007114 22222222
128 4 16 43 0.006330 22222222
128 4 16 44 0.005684 22222222
128 4 16 45 0.005719 00000000
128 4 16 46 0.006689 22222222
128 4 16 47 0.005139 00000000
128 4 16 48 0.006219 00000000
128 4 16 49 0.007547 22222222
128 4 16 50 0.007260 22222222
128 4 16 51 0.006843 00000000
128 4 16 52 0.007071 00000000
128 4 16 53 0.006856 00000000
128 4 16 54 0.007194 22222222
128 4 16 55 0.005285 22222222
128 4 16 56 0.007003 22222222
128 4 16 57 0.006666 22222222
128 4 16 58 0.008881 22222222
128 4 16 59 0.006155 22222222
128 4 16 60 0.005868 22222222
128 4 16 61 0.004883 22222222
128 4 16 62 0.006809 00000000
128 4 16 63 0.006175 22222222
128 4 16 64 0.006219 22222222
128 4 16 65 0.005425 00000000
128 4 16 66 0.006411 00000000
128 4 16 67 0.004817 00000000
128 4 16 68 0.006673 22222222
128 4 16 69 0.006497 22222222
128 4 16 70 0.006462 22222222
128 4 16 71 0.008429 22222222
128 4 16 72 0.007170 22222222
128 4 16 73 0.006701 00000000
128 4 16 74 0.006767 22222222
128 4 16 75 0.005084 22222222
128 4 16 76 0.006142 22222222
128 4 16 77 0.007168 22222222
128 4 16 78 0.005022 22222222
128 4 16 79 0.006549 22222222
128 4 16 80 0.006530 00000000
128 4 16 81 0.007789 22222222
128 4 16 82 0.008270 22222222
128 4 16 83 0.006669 22222222
128 4 16 84 0.006681 22222222
128 4 16 85 0.006921 22222222
128 4 16 86 0.005615 22222222
128 4 16 87 0.005010 22222222
128 4 16 88 0.007237 22222222
128 4 16 89 0.006645 22222222
128 4 16 90 0.005887 00000000
128 4 16 91 0.006700 00000000
128 4 16 92 0.005887 22222222
128 4 16 93 0.006208 22222222
128 4 16 94 0.005049 22222222
128 4 16 95 0.005772 22222222
128 4 16 96 0.007341 22222222
128 4 16 97 0.004726 00000000
128 4 16 98 0.007183 22222222
128 4 16 99 0.006057 00000000
128 4 32 0 0.003286 2222
128 4 32 1 0.002776 2222
128 4 32 2 0.003634 2222
128 4 32 3 0.003495 2222
128 4 32 4 0.003988 0000
128 4 32 5 0.003539 2222
128 4 32 6 0.004018 2222
128 4 32 7 0.003916 2222
128 4 32 8 0.003952 0000
128 4 32 9 0.002887 2222
128 4 32 10 0.004171 2222
128 4 32 11 0.003762 2222
128 4 32 12 0.003491 2222
128 4 32 13 0.003208 2222
128 4 32 14 0.004282 2222
128 4 32 15 0.002790 2222
128 4 32 16 0.003338 2222
128 4 32 17 0.003749 0000
128 4 32 18 0.003966 2222
128 4 32 19 0.003414 2222
128 4 32 20 0.003717 2222
128 4 32 21 0.003511 2222
128 4 32 22 0.003977 2222
128 4 32 23 0.003774 2222
128 4 32 24 0.003566 2222
128 4 32 25 0.003242 2222
128 4 32 26 0.003917 2222
128 4 32 27 0.002901 2222
128 4 32 28 0.004189 2222
128 4 32 29 0.003695 2222
128 4 32 30 0.003853 0000
128 4 32 31 0.003592 2222
128 4 32 32 0.003455 2222
128 4 32 33 0.003413 2222
128 4 32 34 0.003693 2222
128 4 32 35 0.004085 2222
128 4 32 36 0.003277 2222
128 4 32 37 0.003444 0000
128 4 32 38 0.003725 0000
128 4 32 39 0.003623 2222
128 4 32 40 0.003187 0000
128 4 32 41 0.004367 2222
128 4 32 42 0.004167 2222
128 4 32 43 0.003598 2222
128 4 32 44 0.003179 2222
128 4 32 45 0.003200 0000
128 4 32 46 0.003738 2222
128 4 32 47 0.002872 0000
128 4 32 48 0.003528 0000
128 4 32 49 0.004323 2222
128 4 32 50 0.004022 2222
128 4 32 51 0.003994 0000
128 4 32 52 0.003849 0000
128 4 32 53 0.003757 0000
128 4 32 54 0.004059 2222
128 4 32 55 0.003021 2222
128 4 32 56 0.003874 2222
128 4 32 57 0.003764 2222
128 4 32 58 0.004558 2222
128 4 32 59 0.003302 2222
128 4 32 60 0.003377 2222
128 4 32 61 0.002706 2222
128 4 32 62 0.003820 0000
128 4 32 63 0.003396 2222
128 4 32 64 0.003480 2222
128 4 32 65 0.003051 0000
128 4 32 66 0.003706 0000
128 4 32 67 0.002711 0000
128 4 32 68 0.003708 2222
128 4 32 69 0.003710 2222
128 4 32 70 0.003495 2222
128 4 32 71 0.004620 2222
128 4 32 72 0.004130 2222
128 4 32 73 0.003708 0000
128 4 32 74 0.003735 2222
128 4 32 75 0.002838 2222
128 4 32 76 0.003430 2222
128 4 32 77 0.003743 2222
128 4 32 78 0.002909 2222
128 4 32 79 0.003527 2222
128 4 32 80 0.003570 0000
128 4 32 81 0.004311 2222
128 4 32 82 0.004610 2222
128 4 32 83 0.003790 2222
128 4 32 84 0.003600 2222
128 4 32 85 0.003895 2222
128 4 32 86 0.003198 2222
128 4 32 87 0.002783 2222
128 4 32 88 0.003869 2222
128 4 32 89 0.003836 2222
128 4 32 90 0.003312 0000
128 4 32 91 0.003757 0000
128 4 32 92 0.003241 2222
128 4 32 93 0.003463 2222
128 4 32 94 0.002814 2222
128 4 32 95 0.003155 2222
128 4 32 96 0.003922 2222
128 4 32 97 0.002645 0000
128 4 32 98 0.004071 2222
128 4 32 99 0.003321 0000
128 8 16 0 0.019000 22222222
128 8 16 1 0.014687 22222222
128 8 16 2 0.018235 22222222
128 8 16 3 0.019777 22222222
128 8 16 4 0.022579 00000000
128 8 16 5 0.019761 22222222
128 8 16 6 0.023416 22222222
128 8 16 7 0.022633 22222222
128 8 16 8 0.021591 00000000
128 8 16 9 0.014040 22222222
128 8 16 10 0.023819 22222222
128 8 16 11 0.021529 22222222
128 8 16 12 0.019610 22222222
128 8 16 13 0.016815 22222222
128 8 16 14 0.023449 22222222
128 8 16 15 0.015947 22222222
128 8 16 16 0.017719 22222222
128 8 16 17 0.020509 00000000
128 8 16 18 0.024110 22222222
128 8 16 19 0.017970 22222222
128 8 16 20 0.020100 22222222
128 8 16 21 0.018270 22222222
128 8 16 22 0.020587 22222222
128 8 16 23 0.022610 22222222
128 8 16 24 0.018376 22222222
128 8 16 25 0.016333 22222222
128 8 16 26 0.022512 22222222
128 8 16 27 0.015738 22222222
128 8 16 28 0.023332 22222222
128 8 16 29 0.020295 22222222
128 8 16 30 0.016786 00000000
128 8 16 31 0.019937 22222222
128 8 16 32 0.019218 22222222
128 8 16 33 0.017090 22222222
128 8 16 34 0.022244 22222222
128 8 16 35 0.022693 22222222
128 8 16 36 0.020025 22222222
128 8 16 37 0.016124 00000000
128 8 16 38 0.021350 00000000
128 8 16 39 0.019846 22222222
128 8 16 40 0.016358 00000000
128 8 16 41 0.026692 22222222
128 8 16 42 0.021643 22222222
128 8 16 43 0.021563 22222222
128 8 16 44 0.016268 22222222
128 8 16 45 0.018087 00000000
128 8 16 46 0.021022 22222222
128 8 16 47 0.015980 00000000
128 8 16 48 0.019268 00000000
128 8 16 49 0.024203 22222222
128 8 16 50 0.023600 22222222
128 8 16 51 0.022385 00000000
128 8 16 52 0.021668 00000000
128 8 16 53 0.020606 00000000
128 8 16 54 0.022838 22222222
128 8 16 55 0.017218 22222222
128 8 16 56 0.021542 22222222
128 8 16 57 0.020487 22222222
128 8 16 58 0.026765 22222222
128 8 16 59 0.017678 22222222
128 8 16 60 0.016532 22222222
128 8 16 61 0.014063 22222222
128 8 16 62 0.021645 00000000
128 8 16 63 0.019724 22222222
128 8 16 64 0.019126 22222222
128 8 16 65 0.016220 00000000
128 8 16 66 0.018828 00000000
128 8 16 67 0.015758 00000000
128 8 16 68 0.019677 22222222
128 8 16 69 0.021510 22222222
128 8 16 70 0.019252 22222222
128 8 16 71 0.026246 22222222
128 8 16 72 0.023981 22222222
128 8 16 73 0.020705 00000000
128 8 16 74 0.020859 22222222
128 8 16 75 0.014076 22222222
128 8 16 76 0.019868 22222222
128 8 16 77 0.021800 22222222
128 8 16 78 0.016000 22222222
128 8 16 79 0.019084 22222222
128 8 16 80 0.019609 00000000
128 8 16 81 0.023364 22222222
128 8 16 82 0.026804 22222222
128 8 16 83 0.020907 22222222
128 8 16 84 0.018591 22222222
128 8 16 85 0.021550 22222222
128 8 16 86 0.016260 22222222
128 8 16 87 0.015582 22222222
128 8 16 88 0.021304 22222222
128 8 16 89 0.021928 22222222
128 8 16 90 0.018390 00000000
128 8 16 91 0.021676 00000000
128 8 16 92 0.018550 22222222
128 8 16 93 0.019386 22222222
128 8 16 94 0.014253 22222222
128 8 16 95 0.017123 22222222
128 8 16 96 0.023533 22222222
128 8 16 97 0.014714 00000000
128 8 16 98 0.022248 22222222
128 8 16 99 0.018544 00000000
128 8 32 0 0.010056 2222
128 8 32 1 0.008211 2222
128 8 32 2 0.010337 2222
128 8 32 3 0.010731 2222
128 8 32 4 0.013014 0000
128 8 32 5 0.010673 2222
128 8 32 6 0.013473 2222
128 8 32 7 0.012327 2222
128 8 32 8 0.012421 0000
128 8 32 9 0.007921 2222
128 8 32 10 0.013617 2222
128 8 32 11 0.012000 2222
128 8 32 12 0.010887 2222
128 8 32 13 0.009622 2222
128 8 32 14 0.013362 2222
128 8 32 15 0.008792 2222
128 8 32 16 0.010228 2222
128 8 32 17 0.012064 0000
128 8 32 18 0.013054 2222
128 8 32 19 0.010256 2222
128 8 32 20 0.010996 2222
128 8 32 21 0.010792 2222
128 8 32 22 0.011573 2222
128 8 32 23 0.012598 2222
128 8 32 24 0.009919 2222
128 8 32 25 0.010076 2222
128 8 32 26 0.012175 2222
128 8 32 27 0.008778 2222
128 8 32 28 0.012930 2222
128 8 32 29 0.011272 2222
128 8 32 30 0.010098 0000
128 8 32 31 0.011254 2222
128 8 32 32 0.010817 2222
128 8 32 33 0.009463 2222
128 8 32 34 0.011723 2222
128 8 32 35 0.012635 2222
128 8 32 36 0.010300 2222
128 8 32 37 0.009129 0000
128 8 32 38 0.012288 0000
128 8 32 39 0.011105 2222
128 8 32 40 0.009431 0000
128 8 32 41 0.014340 2222
128 8 32 42 0.012124 2222
128 8 32 43 0.012369 2222
128 8 32 44 0.008875 2222
128 8 32 45 0.009495 0000
128 8 32 46 0.012028 2222
128 8 32 47 0.008665 0000
128 8 32 48 0.011081 0000
128 8 32 49 0.013624 2222
128 8 32 50 0.013411 2222
128 8 32 51 0.012130 0000
128 8 32 52 0.011771 0000
128 8 32 53 0.011029 0000
128 8 32 54 0.012929 2222
128 8 32 55 0.009328 2222
128 8 32 56 0.011903 2222
128 8 32 57 0.011598 2222
128 8 32 58 0.015653 2222
128 8 32 59 0.009805 2222
128 8 32 60 0.009583 2222
128 8 32 61 0.008003 2222
128 8 32 62 0.011870 0000
128 8 32 63 0.010241 2222
128 8 32 64 0.010157 2222
128 8 32 65 0.009254 0000
128 8 32 66 0.010712 0000
128 8 32 67 0.007992 0000
128 8 32 68 0.011558 2222
128 8 32 69 0.011295 2222
128 8 32 70 0.010481 2222
128 8 32 71 0.014635 2222
128 8 32 72 0.013535 2222
128 8 32 73 0.011784 0000
128 8 32 74 0.011771 2222
128 8 32 75 0.007842 2222
128 8 32 76 0.010991 2222
128 8 32 77 0.011975 2222
128 8 32 78 0.008893 2222
128 8 32 79 0.010123 2222
128 8 32 80 0.011645 0000
128 8 32 81 0.012609 2222
128 8 32 82 0.014570 2222
128 8 32 83 0.012254 2222
128 8 32 84 0.010589 2222
128 8 32 85 0.011955 2222
128 8 32 86 0.009347 2222
128 8 32 87 0.008670 2222
128 8 32 88 0.012044 2222
128 8 32 89 0.011640 2222
128 8 32 90 0.010786 0000
128 8 32 91 0.011926 0000
128 8 32 92 0.010569 2222
128 8 32 93 0.010312 2222
128 8 32 94 0.007745 2222
128 8 32 95 0.010429 2222
128 8 32 96 0.012942 2222
128 8 32 97 0.008164 0000
128 8 32 98 0.012654 2222
128 8 32 99 0.010287 0000
256 2 4 0 0.042847 1222222222222222222222222222222222222222222222222222222222222222
256 2 4 1 0.036390 0000000000000000000000000000000000000000000000000000000000000000
256 2 4 2 0.036676 2222222222222222222222222222222222222222222222222222222222222222
256 2 4 3 0.033068 0000000000000000000000000000000000000000000000000000000000000000
256 2 4 4 0.041188 1222222222222222222222220000000000000000000000000000000000000000
256 2 4 5 0.031670 2222222222222222222200000000000000000000000000000000000000000000
256 2 4 6 0.037278 2222222222222222222222222222222222222222222222222222222222222222
256 2 4 7 0.038657 2222222222222222222222222222222222222222222222222222222222222222
256 2 4 8 0.039026 2222222222222222222222222222222222222222222222222222222222222222
256 2 4 9 0.037599 0000000000000000000000000000000000000000000000000000000000000000
256 2 4 10 0.036287 1222222222222222222222222222222200000000000000000000000000000000
256 2 4 11 0.039022 0000000000000000000000000000000000000000000000000000000000000000
256 2 4 12 0.033541 2222222222222222222222222222222222222222222222222222222222222222
256 2 4 13 0.033445 0000000000000000000000000000000000000000000000000000000000000000
256 2 4 14 0.036141 1222222000000000000000000000000000000000000000000000000000000000
256 2 4 15 0.036232 2222222222222222222222222222222222222222222222222222222222222222
256 2 4 16 0.032749 0000000000000000000000000000000000000000000000000000000000000000
256 2 4 17 0.033814 2222222222222222222222222222222222222222222222222200000000000000
256 2 4 18 0.040350 2222222222222222222222222222222222222222222222222222222222222222
256 2 4 19 0.039299 0000000000000000000000000000000000000000000000000000000000000000
256 2 4 20 0.035238 1222222222222222222222222222222222222222200000000000000000000000
256 2 4 21 0.034494 1222222222222222222222222222222200000000000000000000000000000000
256 2 4 22 0.040093 0000000000000000000000000000000000000000000000000000000000000000
256 2 4 23 0.036511 0000000000000000000000000000000000000000000000000000000000000000
256 2 4 24 0.034084 2222222222222222222222220000000000000000000000000000000000000000
256 2 4 25 0.033663 2200000000000000000000000000000000000000000000000000000000000000
256 2 4 26 0.035696 2222220000000000000000000000000000000000000000000000000000000000
256 2 4 27 0.031110 2000000000000000000000000000000000000000000000000000000000000000
256 2 4 28 0.037021 2222222222222222222222222222222222200000000000000000000000000000
256 2 4 29 0.036011 2222222220000000000000000000000000000000000000000000000000000000
256 2 4 30 0.035877 2222222220000000000000000000000000000000000000000000000000000000
256 2 4 31 0.038542 2222222222222222222222222222222222222222222222222222222222222222
256 2 4 32 0.039079 0000000000000000000000000000000000000000000000000000000000000000
256 2 4 33 0.039744 2222222222222222222222222222222222222222222222222200000000000000
256 2 4 34 0.035613 2222222222222222222222222222222222222222222222222222222222222222
256 2 4 35 0.038363 0000000000000000000000000000000000000000000000000000000000000000
256 2 4 36 0.034233 0000000000000000000000000000000000000000000000000000000000000000
256 2 4 37 0.037210 1222222222222222222222222222222200000000000000000000000000000000
256 2 4 38 0.036949 2222222222222000000000000000000000000000000000000000000000000000
256 2 4 39 0.036092 2222222222222222222222222222222222222222222222222222200000000000
256 2 4 40 0.037118 2222222222222222222222222222222222222222222222222222222222222222
256 2 4 41 0.033913 0000000000000000000000000000000000000000000000000000000000000000
256 2 4 42 0.040242 2222222222222222222222222222222222222222222222222222222222222222
256 2 4 43 0.031020 2222222222222222220000000000000000000000000000000000000000000000
256 2 4 44 0.032793 2222200000000000000000000000000000000000000000000000000000000000
256 2 4 45 0.034893 2222222222222222222222222000000000000000000000000000000000000000
256 2 4 46 0.035846 2222222222000000000000000000000000000000000000000000000000000000
256 2 4 47 0.038504 1222222222222222222222222222222222222222222222222222222222222222
256 2 4 48 0.034296 0000000000000000000000000000000000000000000000000000000000000000
256 2 4 49 0.034375 2222222222222222222222222222222222222222222200000000000000000000
256 2 4 50 0.034692 2222222222222222222222220000000000000000000000000000000000000000
256 2 4 51 0.032286 2222222222222222222222222222222222222222222222222222222222222222
256 2 4 52 0.037501 2222222222222222000000000000000000000000000000000000000000000000
256 2 4 53 0.034966 1222222222222200000000000000000000000000000000000000000000000000
256 2 4 54 0.036929 2222222222222222222222222222222222222222222222222222222200000000
256 2 4 55 0.036803 2222222222222222222222222200000000000000000000000000000000000000
256 2 4 56 0.032490 2222222222222222222222222222222222222222222222222222222222200000
256 2 4 57 0.036172 2222222222222222000000000000000000000000000000000000000000000000
256 2 4 58 0.035188 2222222222222222222222222222222222222220000000000000000000000000
256 2 4 59 0.035760 1222222222222222222222222222222222222222222222222222222200000000
256 2 4 60 0.036975 1222000000000000000000000000000000000000000000000000000000000000
256 2 4 61 0.038489 2222222000000000000000000000000000000000000000000000000000000000
256 2 4 62 0.036959 2222222222222000000000000000000000000000000000000000000000000000
256 2 4 63 0.035799 2222222222222222222222222222222222222222222222222222222220000000
256 2 4 64 0.031842 0000000000000000000000000000000000000000000000000000000000000000
256 2 4 65 0.033178 2222222222222222222000000000000000000000000000000000000000000000
256 2 4 66 0.034939 0000000000000000000000000000000000000000000000000000000000000000
256 2 4 67 0.034926 1222222222222222222222000000000000000000000000000000000000000000
256 2 4 68 0.031856 0000000000000000000000000000000000000000000000000000000000000000
256 2 4 69 0.031804 2222222222222222222222222222222222222222222222222222222222222220
256 2 4 70 0.036026 2222222222222222000000000000000000000000000000000000000000000000
256 2 4 71 0.039567 2222222222222222222200000000000000000000000000000000000000000000
256 2 4 72 0.032124 0000000000000000000000000000000000000000000000000000000000000000
256 2 4 73 0.034257 0000000000000000000000000000000000000000000000000000000000000000
256 2 4 74 0.031142 1222222222222222222222222222222222222222222222222222222222200000
256 2 4 75 0.037258 1222222222222222222222222222222222222222222222222000000000000000
256 2 4 76 0.033559 2222222222222222222222222222222222222222222222222222000000000000
256 2 4 77 0.034231 2000000000000000000000000000000000000000000000000000000000000000
256 2 4 78 0.033814 2222222222222222222222222222222222222222222222222222222222222222
256 2 4 79 0.033341 2220000000000000000000000000000000000000000000000000000000000000
256 2 4 80 0.035347 0000000000000000000000000000000000000000000000000000000000000000
256 2 4 81 0.037137 0000000000000000000000000000000000000000000000000000000000000000
256 2 4 82 0.036738 2222222222222222222222222222222222222222222222222222222200000000
256 2 4 83 0.029207 0000000000000000000000000000000000000000000000000000000000000000
256 2 4 84 0.034025 1222222220000000000000000000000000000000000000000000000000000000
256 2 4 85 0.033727 1222200000000000000000000000000000000000000000000000000000000000
256 2 4 86 0.036552 0000000000000000000000000000000000000000000000000000000000000000
256 2 4 87 0.034067 2222222222222222222222222222222222222222222222222222222222222222
256 2 4 88 0.035950 2222222222222222222222200000000000000000000000000000000000000000
256 2 4 89 0.036044 2222222222222222222222222222222222222222222222222222222222222222
256 2 4 90 0.037922 0000000000000000000000000000000000000000000000000000000000000000
256 2 4 91 0.039325 1222222222222222222222222222222222222222222222222222222222222222
256 2 4 92 0.031682 0000000000000000000000000000000000000000000000000000000000000000
256 2 4 93 0.035008 2222222222222222222222222222222222222222222222222222200000000000
256 2 4 94 0.036870 2222222222222222222222222222222222222222222222222222000000000000
256 2 4 95 0.037271 2222222222222222222222222222222222222222222222222222222222222222
256 2 4 96 0.036419 0000000000000000000000000000000000000000000000000000000000000000
256 2 4 97 0.034713 2222222222222222222200000000000000000000000000000000000000000000
256 2 4 98 0.037472 0000000000000000000000000000000000000000000000000000000000000000
256 2 4 99 0.038169 0000000000000000000000000000000000000000000000000000000000000000
256 2 8 0 0.021155 22222222222222222222222222222222
256 2 8 1 0.018113 00000000000000000000000000000000
256 2 8 2 0.018454 22222222222222222222222222222222
256 2 8 3 0.016251 00000000000000000000000000000000
256 2 8 4 0.020941 22222222222200000000000000000000
256 2 8 5 0.015786 22222222220000000000000000000000
256 2 8 6 0.018587 22222222222222222222222222222222
256 2 8 7 0.019259 22222222222222222222222222222222
256 2 8 8 0.019775 22222222222222222222222222222222
256 2 8 9 0.019008 00000000000000000000000000000000
256 2 8 10 0.018443 22222222222222220000000000000000
256 2 8 11 0.019052 00000000000000000000000000000000
256 2 8 12 0.016941 22222222222222222222222222222222
256 2 8 13 0.016612 00000000000000000000000000000000
256 2 8 14 0.018063 22200000000000000000000000000000
256 2 8 15 0.018342 22222222222222222222222222222222
256 2 8 16 0.016330 00000000000000000000000000000000
256 2 8 17 0.017381 22222222222222222222222220000000
256 2 8 18 0.020243 22222222222222222222222222222222
256 2 8 19 0.019827 00000000000000000000000000000000
256 2 8 20 0.017688 22222222222222222222000000000000
256 2 8 21 0.017592 22222222222222220000000000000000
256 2 8 22 0.019412 00000000000000000000000000000000
256 2 8 23 0.018944 00000000000000000000000000000000
256 2 8 24 0.016817 22222222222200000000000000000000
256 2 8 25 0.017166 20000000000000000000000000000000
256 2 8 26 0.018105 22200000000000000000000000000000
256 2 8 27 0.015600 00000000000000000000000000000000
256 2 8 28 0.018741 22222222222222222000000000000000
256 2 8 29 0.018054 22220000000000000000000000000000
256 2 8 30 0.017777 22220000000000000000000000000000
256 2 8 31 0.019463 22222222222222222222222222222222
256 2 8 32 0.019688 00000000000000000000000000000000
256 2 8 33 0.020100 22222222222222222222222220000000
256 2 8 34 0.018080 22222222222222222222222222222222
256 2 8 35 0.019073 00000000000000000000000000000000
256 2 8 36 0.017365 00000000000000000000000000000000
256 2 8 37 0.018925 22222222222222220000000000000000
256 2 8 38 0.018807 22222200000000000000000000000000
256 2 8 39 0.018069 22222222222222222222222222000000
256 2 8 40 0.018610 22222222222222222222222222222222
256 2 8 41 0.017275 00000000000000000000000000000000
256 2 8 42 0.020242 22222222222200000000000000000000
256 2 8 43 0.015625 22222222200000000000000000000000
256 2 8 44 0.016978 22000000000000000000000000000000
256 2 8 45 0.017848 22222222222200000000000000000000
256 2 8 46 0.018340 22222000000000000000000000000000
256 2 8 47 0.019287 22222222222222222222222222222222
256 2 8 48 0.016262 00000000000000000000000000000000
256 2 8 49 0.017147 22222222222222222222220000000000
256 2 8 50 0.017411 22222222222200000000000000000000
256 2 8 51 0.015895 22222222222222222222222222222222
256 2 8 52 0.018943 22222222000000000000000000000000
256 2 8 53 0.017688 22222220000000000000000000000000
256 2 8 54 0.018749 22222222222222222222222222220000
256 2 8 55 0.018357 22222222222220000000000000000000
256 2 8 56 0.016732 22222222222222222222222222222000
256 2 8 57 0.018194 22222222000000000000000000000000
256 2 8 58 0.017695 22222222222222222220000000000000
256 2 8 59 0.018371 22222222222222222222222222220000
256 2 8 60 0.018630 22000000000000000000000000000000
256 2 8 61 0.019149 22200000000000000000000000000000
256 2 8 62 0.018706 22222200000000000000000000000000
256 2 8 63 0.017964 22222222222222222222222222220000
256 2 8 64 0.015888 00000000000000000000000000000000
256 2 8 65 0.016335 22222222200000000000000000000000
256 2 8 66 0.017506 00000000000000000000000000000000
256 2 8 67 0.017341 22222222222000000000000000000000
256 2 8 68 0.015946 00000000000000000000000000000000
256 2 8 69 0.016155 22222222222222222222222222222220
256 2 8 70 0.017973 22222222000000000000000000000000
256 2 8 71 0.019830 22222222220000000000000000000000
256 2 8 72 0.015969 00000000000000000000000000000000
256 2 8 73 0.017328 00000000000000000000000000000000
256 2 8 74 0.015489 22222222222222222222222222222000
256 2 8 75 0.018220 22222222222222222222222200000000
256 2 8 76 0.016641 22222222222222222222222222000000
256 2 8 77 0.017039 00000000000000000000000000000000
256 2 8 78 0.017731 22222222222222222222222222222222
256 2 8 79 0.016744 20000000000000000000000000000000
256 2 8 80 0.017732 00000000000000000000000000000000
256 2 8 81 0.018923 00000000000000000000000000000000
256 2 8 82 0.018387 20000000000000000000000000000000
256 2 8 83 0.014085 00000000000000000000000000000000
256 2 8 84 0.017112 22220000000000000000000000000000
256 2 8 85 0.016846 22000000000000000000000000000000
256 2 8 86 0.018574 00000000000000000000000000000000
256 2 8 87 0.017553 22222222222222222222222222222222
256 2 8 88 0.018034 22222222222000000000000000000000
256 2 8 89 0.018174 22222222222222222222222222222222
256 2 8 90 0.018889 00000000000000000000000000000000
256 2 8 91 0.019872 22222222222222222222222222222222
256 2 8 92 0.015944 00000000000000000000000000000000
256 2 8 93 0.017748 22222222222222222222222222000000
256 2 8 94 0.018462 22222222222222222222222222000000
256 2 8 95 0.018862 22222222222222222222222222222222
256 2 8 96 0.018472 00000000000000000000000000000000
256 2 8 97 0.017913 22222222220000000000000000000000
256 2 8 98 0.018265 00000000000000000000000000000000
256 2 8 99 0.019242 00000000000000000000000000000000
256 2 16 0 0.010751 2222222222222222
256 2 16 1 0.009309 0000000000000000
256 2 16 2 0.009428 2222222222222222
256 2 16 3 0.008369 0000000000000000
256 2 16 4 0.010632 2222220000000000
256 2 16 5 0.008048 2222200000000000
256 2 16 6 0.009713 2222222222222222
256 2 16 7 0.009758 2222222222222222
256 2 16 8 0.009973 2222222222222222
256 2 16 9 0.009769 0000000000000000
256 2 16 10 0.009188 2222222200000000
256 2 16 11 0.009764 0000000000000000
256 2 16 12 0.008772 2222222222222222
256 2 16 13 0.008425 0000000000000000
256 2 16 14 0.009367 2000000000000000
256 2 16 15 0.009136 2222222222222222
256 2 16 16 0.008353 0000000000000000
256 2 16 17 0.008933 2222222222220000
256 2 16 18 0.010227 2222222222222222
256 2 16 19 0.010096 0000000000000000
256 2 16 20 0.009195 2222222222000000
256 2 16 21 0.008985 2222222200000000
256 2 16 22 0.009969 0000000000000000
256 2 16 23 0.009623 0000000000000000
256 2 16 24 0.008563 2222220000000000
256 2 16 25 0.009038 0000000000000000
256 2 16 26 0.009055 2000000000000000
256 2 16 27 0.008102 0000000000000000
256 2 16 28 0.009324 2222222200000000
256 2 16 29 0.009267 2200000000000000
256 2 16 30 0.008962 2200000000000000
256 2 16 31 0.010020 2222222222222222
256 2 16 32 0.010057 0000000000000000
256 2 16 33 0.010277 2222222222220000
256 2 16 34 0.008935 2222222222222222
256 2 16 35 0.009717 0000000000000000
256 2 16 36 0.008755 0000000000000000
256 2 16 37 0.009783 2222222200000000
256 2 16 38 0.009438 2220000000000000
256 2 16 39 0.009330 2222222222222000
256 2 16 40 0.009366 2222222222222222
256 2 16 41 0.008832 0000000000000000
256 2 16 42 0.010382 2222220000000000
256 2 16 43 0.008018 2222000000000000
256 2 16 44 0.009037 2000000000000000
256 2 16 45 0.008985 2222220000000000
256 2 16 46 0.009197 2200000000000000
256 2 16 47 0.009801 2222222222222222
256 2 16 48 0.008363 0000000000000000
256 2 16 49 0.008618 2222222222200000
256 2 16 50 0.008904 2222220000000000
256 2 16 51 0.008219 2222222222222222
256 2 16 52 0.009695 2222000000000000
256 2 16 53 0.009237 2220000000000000
256 2 16 54 0.009486 2222222222222200
256 2 16 55 0.009419 2222220000000000
256 2 16 56 0.008259 2222222222222200
256 2 16 57 0.009486 2222000000000000
256 2 16 58 0.009138 2222222220000000
256 2 16 59 0.009301 2222222222222200
256 2 16 60 0.009549 2000000000000000
256 2 16 61 0.009803 2000000000000000
256 2 16 62 0.009680 2220000000000000
256 2 16 63 0.009434 2222222222222200
256 2 16 64 0.008061 0000000000000000
256 2 16 65 0.008548 2222000000000000
256 2 16 66 0.008830 0000000000000000
256 2 16 67 0.009051 2222200000000000
256 2 16 68 0.008786 0000000000000000
256 2 16 69 0.008170 2222222222222220
256 2 16 70 0.009472 2222000000000000
256 2 16 71 0.010221 2222200000000000
256 2 16 72 0.008049 0000000000000000
256 2 16 73 0.009017 0000000000000000
256 2 16 74 0.007876 2222222222222200
256 2 16 75 0.009423 2222222222220000
256 2 16 76 0.008458 2222222222222000
256 2 16 77 0.008514 0000000000000000
256 2 16 78 0.009002 2222222222222222
256 2 16 79 0.008488 0000000000000000
256 2 16 80 0.008959 0000000000000000
256 2 16 81 0.009651 0000000000000000
256 2 16 82 0.009446 0000000000000000
256 2 16 83 0.007010 0000000000000000
256 2 16 84 0.008744 2200000000000000
256 2 16 85 0.008577 2000000000000000
256 2 16 86 0.009757 0000000000000000
256 2 16 87 0.008657 2222222222222222
256 2 16 88 0.009366 2222200000000000
256 2 16 89 0.009237 2222222222222222
256 2 16 90 0.009700 0000000000000000
256 2 16 91 0.010323 2222222222222222
256 2 16 92 0.008144 0000000000000000
256 2 16 93 0.009126 2222222222222000
256 2 16 94 0.009454 2222222222222000
256 2 16 95 0.009636 2222222222222222
256 2 16 96 0.009458 0000000000000000
256 2 16 97 0.009214 2222200000000000
256 2 16 98 0.009355 0000000000000000
256 2 16 99 0.010046 0000000000000000
256 2 32 0 0.005718 22222222
256 2 32 1 0.004850 00000000
256 2 32 2 0.004912 22222222
256 2 32 3 0.004478 00000000
256 2 32 4 0.005637 22200000
256 2 32 5 0.004311 22000000
256 2 32 6 0.005063 22222222
256 2 32 7 0.005300 22222222
256 2 32 8 0.005283 22222222
256 2 32 9 0.005130 00000000
256 2 32 10 0.004828 22220000
256 2 32 11 0.005251 00000000
256 2 32 12 0.005309 22222222
256 2 32 13 0.004455 00000000
256 2 32 14 0.004886 00000000
256 2 32 15 0.004919 22222222
256 2 32 16 0.004400 00000000
256 2 32 17 0.004721 22222200
256 2 32 18 0.005500 22222222
256 2 32 19 0.005337 00000000
256 2 32 20 0.004802 22222000
256 2 32 21 0.004828 22220000
256 2 32 22 0.005295 00000000
256 2 32 23 0.005038 00000000
256 2 32 24 0.004530 22200000
256 2 32 25 0.004629 00000000
256 2 32 26 0.004841 00000000
256 2 32 27 0.004229 00000000
256 2 32 28 0.004995 22220000
256 2 32 29 0.004911 20000000
256 2 32 30 0.004744 20000000
256 2 32 31 0.005349 22222222
256 2 32 32 0.005401 00000000
256 2 32 33 0.005432 22222200
256 2 32 34 0.004802 22222222
256 2 32 35 0.005169 00000000
256 2 32 36 0.004804 00000000
256 2 32 37 0.005051 22220000
256 2 32 38 0.004957 20000000
256 2 32 39 0.004917 22222200
256 2 32 40 0.005138 22222222
256 2 32 41 0.004637 00000000
256 2 32 42 0.005456 22200000
256 2 32 43 0.004302 22000000
256 2 32 44 0.004652 00000000
256 2 32 45 0.004809 22200000
256 2 32 46 0.004820 20000000
256 2 32 47 0.005246 22222222
256 2 32 48 0.004443 00000000
256 2 32 49 0.004593 22222000
256 2 32 50 0.004691 22200000
256 2 32 51 0.004386 22222222
256 2 32 52 0.005063 22000000
256 2 32 53 0.004756 20000000
256 2 32 54 0.005046 22222220
256 2 32 55 0.004873 22200000
256 2 32 56 0.004411 22222220
256 2 32 57 0.005199 22000000
256 2 32 58 0.004793 22220000
256 2 32 59 0.004886 22222220
256 2 32 60 0.004865 00000000
256 2 32 61 0.005267 00000000
256 2 32 62 0.005138 20000000
256 2 32 63 0.004848 22222220
256 2 32 64 0.004330 00000000
256 2 32 65 0.004508 22000000
256 2 32 66 0.004718 00000000
256 2 32 67 0.004593 22000000
256 2 32 68 0.004352 00000000
256 2 32 69 0.004346 22222220
256 2 32 70 0.004885 22000000
256 2 32 71 0.005375 22000000
256 2 32 72 0.004261 00000000
256 2 32 73 0.004711 00000000
256 2 32 74 0.004176 22222220
256 2 32 75 0.004910 22222200
256 2 32 76 0.004575 22222200
256 2 32 77 0.004512 00000000
256 2 32 78 0.004541 22222222
256 2 32 79 0.004604 00000000
256 2 32 80 0.004736 00000000
256 2 32 81 0.005018 00000000
256 2 32 82 0.005004 00000000
256 2 32 83 0.003757 00000000
256 2 32 84 0.004713 20000000
256 2 32 85 0.004616 00000000
256 2 32 86 0.004940 00000000
256 2 32 87 0.004698 22222222
256 2 32 88 0.004803 22000000
256 2 32 89 0.004918 22222222
256 2 32 90 0.005736 00000000
256 2 32 91 0.005517 22222222
256 2 32 92 0.004362 00000000
256 2 32 93 0.004794 22222200
256 2 32 94 0.005130 22222200
256 2 32 95 0.005082 22222222
256 2 32 96 0.004923 00000000
256 2 32 97 0.004764 22000000
256 2 32 98 0.005022 00000000
256 2 32 99 0.005161 00000000
256 4 8 0 0.060228 22222222222222222222222222222222
256 4 8 1 0.048882 00000000000000000000000000000000
256 4 8 2 0.050482 22222222222222222222222222222222
256 4 8 3 0.044638 00000000000000000000000000000000
256 4 8 4 0.060722 22222222222222222222222222222222
256 4 8 5 0.042594 22222222222222222222222222222222
256 4 8 6 0.052491 22222222222222222222222222222222
256 4 8 7 0.052204 22222222222222222222222222222222
256 4 8 8 0.055301 22222222222222222222222222222222
256 4 8 9 0.052388 00000000000000000000000000000000
256 4 8 10 0.051264 22222222222222222000000000000000
256 4 8 11 0.050667 00000000000000000000000000000000
256 4 8 12 0.045618 22222222222222222222222222222222
256 4 8 13 0.044662 00000000000000000000000000000000
256 4 8 14 0.048799 22222222222222222222222222222222
256 4 8 15 0.048393 22222222222222222222222222222222
256 4 8 16 0.042885 00000000000000000000000000000000
256 4 8 17 0.046339 22222222222222222222222222222222
256 4 8 18 0.055764 22222222222222222222222222222222
256 4 8 19 0.056242 00000000000000000000000000000000
256 4 8 20 0.046179 22222222222222222222222222222222
256 4 8 21 0.047103 22222222222222222222222222222222
256 4 8 22 0.054833 00000000000000000000000000000000
256 4 8 23 0.051899 00000000000000000000000000000000
256 4 8 24 0.046221 22222222222222222222222222222222
256 4 8 25 0.044688 22222222222222222222222222222222
256 4 8 26 0.052176 22222222222222222222222222222222
256 4 8 27 0.041417 22222222222222222222222222222222
256 4 8 28 0.051786 22222222222222222222222222222222
256 4 8 29 0.048897 22222222222222222222222222222222
256 4 8 30 0.049200 22222222222222222222222222222222
256 4 8 31 0.054111 22222222222222222222222222222222
256 4 8 32 0.052666 00000000000000000000000000000000
256 4 8 33 0.056060 22222222222222222222222222222222
256 4 8 34 0.048669 22222222222222222222222222222222
256 4 8 35 0.054302 00000000000000000000000000000000
256 4 8 36 0.045499 00000000000000000000000000000000
256 4 8 37 0.052306 22222222222222222222222222222222
256 4 8 38 0.051197 22222222222222222222222222222222
256 4 8 39 0.050097 22222222222222222222222222222222
256 4 8 40 0.051324 22222222222222222222222222222222
256 4 8 41 0.046088 00000000000000000000000000000000
256 4 8 42 0.055011 22222222222222222222222222222222
256 4 8 43 0.040493 22222222222222222222222222222222
256 4 8 44 0.042648 22222222222222222222222222222222
256 4 8 45 0.049343 22222222222222222222222222222222
256 4 8 46 0.051306 22222222222222222222222222222222
256 4 8 47 0.054002 22222222222222222222222222222222
256 4 8 48 0.045975 00000000000000000000000000000000
256 4 8 49 0.046777 22222222222222222222222222222222
256 4 8 50 0.046257 22222222222222222222222222222222
256 4 8 51 0.043461 22222222222222222222222222222222
256 4 8 52 0.051769 22222222222222222222222222222222
256 4 8 53 0.048990 22222222222222222222222222222222
256 4 8 54 0.051561 22222222222222222222222222222222
256 4 8 55 0.051219 22222222222222222222222222222222
256 4 8 56 0.043379 22222222222222222222222222222222
256 4 8 57 0.049829 22222222222222222222222222222222
256 4 8 58 0.047649 22222222222222222222222222222222
256 4 8 59 0.049393 22222222222222222222222222222222
256 4 8 60 0.050090 22222222222222222222222222222222
256 4 8 61 0.054189 22222222222222222222222222222222
256 4 8 62 0.050421 22222222222222222222222222222222
256 4 8 63 0.047529 22222222222222222222222222222222
256 4 8 64 0.043142 00000000000000000000000000000000
256 4 8 65 0.042823 22222222222222222222222222222222
256 4 8 66 0.049215 00000000000000000000000000000000
256 4 8 67 0.047082 22222222222222222222222222222222
256 4 8 68 0.042416 00000000000000000000000000000000
256 4 8 69 0.042156 22222222222222222222222222222222
256 4 8 70 0.049291 22222222222222222222222222222222
256 4 8 71 0.056691 22222222222222222222222222222222
256 4 8 72 0.046359 00000000000000000000000000000000
256 4 8 73 0.047070 00000000000000000000000000000000
256 4 8 74 0.041521 22222222222222222222222222222222
256 4 8 75 0.049241 22222222222222222222222222222222
256 4 8 76 0.048474 22222222222222222222222222222222
256 4 8 77 0.045850 22222222222222222222222222222222
256 4 8 78 0.046586 22222222222222222222222222222222
256 4 8 79 0.046758 22222222222222222222222222222222
256 4 8 80 0.048262 00000000000000000000000000000000
256 4 8 81 0.052092 00000000000000000000000000000000
256 4 8 82 0.051499 22222222222222222222222222222222
256 4 8 83 0.035572 00000000000000000000000000000000
256 4 8 84 0.044804 22222222222222222222222222222222
256 4 8 85 0.046957 22222222222222222222222222222222
256 4 8 86 0.052338 00000000000000000000000000000000
256 4 8 87 0.045304 22222222222222222222222222222222
256 4 8 88 0.049775 22222222222222222222222222222222
256 4 8 89 0.050395 22222222222222222222222222222222
256 4 8 90 0.052842 00000000000000000000000000000000
256 4 8 91 0.054055 22222222222222222222222222222222
256 4 8 92 0.043623 00000000000000000000000000000000
256 4 8 93 0.048520 22222222222222222222222222222222
256 4 8 94 0.050360 22222222222222222222222222222222
256 4 8 95 0.052791 22222222222222222222222222222222
256 4 8 96 0.050399 00000000000000000000000000000000
256 4 8 97 0.047200 22222222222222222222222222222222
256 4 8 98 0.051468 00000000000000000000000000000000
256 4 8 99 0.054805 00000000000000000000000000000000
256 4 16 0 0.031213 2222222222222222
256 4 16 1 0.024507 0000000000000000
256 4 16 2 0.026100 2222222222222222
256 4 16 3 0.023019 0000000000000000
256 4 16 4 0.030271 2222222222222222
256 4 16 5 0.021779 2222222222222222
256 4 16 6 0.027574 2222222222222222
256 4 16 7 0.026492 2222222222222222
256 4 16 8 0.029066 2222222222222222
256 4 16 9 0.026763 0000000000000000
256 4 16 10 0.025794 2222222200000000
256 4 16 11 0.026451 0000000000000000
256 4 16 12 0.023624 2222222222222222
256 4 16 13 0.022919 0000000000000000
256 4 16 14 0.025268 2222222222222222
256 4 16 15 0.025483 2222222222222222
256 4 16 16 0.022361 0000000000000000
256 4 16 17 0.023005 2222222222222222
256 4 16 18 0.029549 2222222222222222
256 4 16 19 0.028027 0000000000000000
256 4 16 20 0.024045 2222222222222222
256 4 16 21 0.023987 2222222222222222
256 4 16 22 0.028074 0000000000000000
256 4 16 23 0.026651 0000000000000000
256 4 16 24 0.023567 2222222222222222
256 4 16 25 0.023189 2222222222222222
256 4 16 26 0.026182 2222222222222222
256 4 16 27 0.021349 2222222222222222
256 4 16 28 0.026571 2222222222222222
256 4 16 29 0.025898 2222222222222222
256 4 16 30 0.025572 2222222222222222
256 4 16 31 0.027611 2222222222222222
256 4 16 32 0.026870 0000000000000000
256 4 16 33 0.028773 2222222222222222
256 4 16 34 0.024438 2222222222222222
256 4 16 35 0.027147 0000000000000000
256 4 16 36 0.023606 0000000000000000
256 4 16 37 0.026707 2222222222222222
256 4 16 38 0.025916 2222222222222222
256 4 16 39 0.026168 2222222222222222
256 4 16 40 0.026017 2222222222222222
256 4 16 41 0.024083 0000000000000000
256 4 16 42 0.027899 2222222222222222
256 4 16 43 0.020279 2222222222222222
256 4 16 44 0.021872 2222222222222222
256 4 16 45 0.025922 2222222222222222
256 4 16 46 0.026603 2222222222222222
256 4 16 47 0.028224 2222222222222222
256 4 16 48 0.023143 0000000000000000
256 4 16 49 0.024656 2222222222222222
256 4 16 50 0.024023 2222222222222222
256 4 16 51 0.022308 2222222222222222
256 4 16 52 0.027648 2222222222222222
256 4 16 53 0.025139 2222222222222222
256 4 16 54 0.026093 2222222222222222
256 4 16 55 0.026007 2222222222222222
256 4 16 56 0.022111 2222222222222222
256 4 16 57 0.026395 2222222222222222
256 4 16 58 0.025105 2222222222222222
256 4 16 59 0.025851 2222222222222222
256 4 16 60 0.026124 2222222222222222
256 4 16 61 0.027758 2222222222222222
256 4 16 62 0.025302 2222222222222222
256 4 16 63 0.023951 2222222222222222
256 4 16 64 0.021780 0000000000000000
256 4 16 65 0.022217 2222222222222222
256 4 16 66 0.025478 0000000000000000
256 4 16 67 0.024195 2222222222222222
256 4 16 68 0.022108 0000000000000000
256 4 16 69 0.021196 2222222222222222
256 4 16 70 0.024920 2222222222222222
256 4 16 71 0.028883 2222222222222222
256 4 16 72 0.022057 0000000000000000
256 4 16 73 0.024487 0000000000000000
256 4 16 74 0.021167 2222222222222222
256 4 16 75 0.024979 2222222222222222
256 4 16 76 0.024181 2222222222222222
256 4 16 77 0.023024 2222222222222222
256 4 16 78 0.023402 2222222222222222
256 4 16 79 0.023701 2222222222222222
256 4 16 80 0.024642 0000000000000000
256 4 16 81 0.027235 0000000000000000
256 4 16 82 0.026535 2222222222222222
256 4 16 83 0.018833 0000000000000000
256 4 16 84 0.022363 2222222222222222
256 4 16 85 0.023891 2222222222222222
256 4 16 86 0.026762 0000000000000000
256 4 16 87 0.023566 2222222222222222
256 4 16 88 0.025190 2222222222222222
256 4 16 89 0.025364 2222222222222222
256 4 16 90 0.027781 0000000000000000
256 4 16 91 0.028448 2222222222222222
256 4 16 92 0.022194 0000000000000000
256 4 16 93 0.025493 2222222222222222
256 4 16 94 0.025354 2222222222222222
256 4 16 95 0.026201 2222222222222222
256 4 16 96 0.026085 0000000000000000
256 4 16 97 0.024894 2222222222222222
256 4 16 98 0.025898 0000000000000000
256 4 16 99 0.028608 0000000000000000
256 4 32 0 0.017100 22222222
256 4 32 1 0.013123 00000000
256 4 32 2 0.014095 22222222
256 4 32 3 0.012271 00000000
256 4 32 4 0.015911 22222222
256 4 32 5 0.011585 22222222
256 4 32 6 0.014327 22222222
256 4 32 7 0.013989 22222222
256 4 32 8 0.015035 22222222
256 4 32 9 0.013929 00000000
256 4 32 10 0.013576 22220000
256 4 32 11 0.014085 00000000
256 4 32 12 0.012506 22222222
256 4 32 13 0.012284 00000000
256 4 32 14 0.013684 22222222
256 4 32 15 0.013494 22222222
256 4 32 16 0.011500 00000000
256 4 32 17 0.012078 22222222
256 4 32 18 0.015311 22222222
256 4 32 19 0.014863 00000000
256 4 32 20 0.013059 22222222
256 4 32 21 0.012804 22222222
256 4 32 22 0.014877 00000000
256 4 32 23 0.013682 00000000
256 4 32 24 0.012874 22222222
256 4 32 25 0.012604 22222222
256 4 32 26 0.013690 22222222
256 4 32 27 0.011242 22222222
256 4 32 28 0.013831 22222222
256 4 32 29 0.013416 22222222
256 4 32 30 0.013321 22222222
256 4 32 31 0.014371 22222222
256 4 32 32 0.014295 00000000
256 4 32 33 0.015474 22222222
256 4 32 34 0.012943 22222222
256 4 32 35 0.014473 00000000
256 4 32 36 0.012250 00000000
256 4 32 37 0.014118 22222222
256 4 32 38 0.013564 22222222
256 4 32 39 0.013754 22222222
256 4 32 40 0.013987 22222222
256 4 32 41 0.012500 00000000
256 4 32 42 0.015462 22222222
256 4 32 43 0.010864 22222222
256 4 32 44 0.011735 22222222
256 4 32 45 0.013338 22222222
256 4 32 46 0.013920 22222222
256 4 32 47 0.014796 22222222
256 4 32 48 0.012286 00000000
256 4 32 49 0.012835 22222222
256 4 32 50 0.012506 22222222
256 4 32 51 0.011770 22222222
256 4 32 52 0.013934 22222222
256 4 32 53 0.013236 22222222
256 4 32 54 0.013899 22222222
256 4 32 55 0.013745 22222222
256 4 32 56 0.011562 22222222
256 4 32 57 0.013925 22222222
256 4 32 58 0.013068 22222222
256 4 32 59 0.013647 22222222
256 4 32 60 0.013608 22222222
256 4 32 61 0.014741 22222222
256 4 32 62 0.013963 22222222
256 4 32 63 0.012990 22222222
256 4 32 64 0.011400 00000000
256 4 32 65 0.011867 22222222
256 4 32 66 0.013254 00000000
256 4 32 67 0.012516 22222222
256 4 32 68 0.011587 00000000
256 4 32 69 0.011247 22222222
256 4 32 70 0.012878 22222222
256 4 32 71 0.015485 22222222
256 4 32 72 0.011809 00000000
256 4 32 73 0.012685 00000000
256 4 32 74 0.011072 22222222
256 4 32 75 0.013129 22222222
256 4 32 76 0.012714 22222222
256 4 32 77 0.012454 22222222
256 4 32 78 0.012591 22222222
256 4 32 79 0.012658 22222222
256 4 32 80 0.013092 00000000
256 4 32 81 0.014493 00000000
256 4 32 82 0.014146 22222222
256 4 32 83 0.010108 00000000
256 4 32 84 0.012001 22222222
256 4 32 85 0.012657 22222222
256 4 32 86 0.014841 00000000
256 4 32 87 0.012106 22222222
256 4 32 88 0.013088 22222222
256 4 32 89 0.013611 22222222
256 4 32 90 0.014651 00000000
256 4 32 91 0.014786 22222222
256 4 32 92 0.011756 00000000
256 4 32 93 0.015300 22222222
256 4 32 94 0.013603 22222222
256 4 32 95 0.013685 22222222
256 4 32 96 0.013623 00000000
256 4 32 97 0.012906 22222222
256 4 32 98 0.013752 00000000
256 4 32 99 0.014633 00000000
256 8 16 0 0.101130 2222222222222222
256 8 16 1 0.077508 0000000000000000
256 8 16 2 0.080540 2222222222222222
256 8 16 3 0.070459 0000000000000000
256 8 16 4 0.100073 2222222222222222
256 8 16 5 0.068055 2222222222222222
256 8 16 6 0.081118 2222222222222222
256 8 16 7 0.087261 2222222222222222
256 8 16 8 0.089830 2222222222222222
256 8 16 9 0.084599 0000000000000000
256 8 16 10 0.082932 2222222222222222
256 8 16 11 0.083875 0000000000000000
256 8 16 12 0.075965 2222222222222222
256 8 16 13 0.072121 0000000000000000
256 8 16 14 0.079101 2222222222222222
256 8 16 15 0.078730 2222222222222222
256 8 16 16 0.068207 0000000000000000
256 8 16 17 0.074026 2222222222222222
256 8 16 18 0.093710 2222222222222222
256 8 16 19 0.090514 0000000000000000
256 8 16 20 0.075524 2222222222222222
256 8 16 21 0.073491 2222222222222222
256 8 16 22 0.088704 0000000000000000
256 8 16 23 0.081344 0000000000000000
256 8 16 24 0.074950 2222222222222222
256 8 16 25 0.076033 2222222222222222
256 8 16 26 0.082837 2222222222222222
256 8 16 27 0.066562 2222222222222222
256 8 16 28 0.084817 2222222222222222
256 8 16 29 0.089889 2222222222222222
256 8 16 30 0.077034 2222222222222222
256 8 16 31 0.095698 2222222222222222
256 8 16 32 0.090623 0000000000000000
256 8 16 33 0.093601 2222222222222222
256 8 16 34 0.078890 2222222222222222
256 8 16 35 0.097391 0000000000000000
256 8 16 36 0.072190 0000000000000000
256 8 16 37 0.087624 2222222222222222
256 8 16 38 0.090556 2222222222222222
256 8 16 39 0.083027 2222222222222222
256 8 16 40 0.084311 2222222222222222
256 8 16 41 0.074641 0000000000000000
256 8 16 42 0.095061 2222222222222222
256 8 16 43 0.064708 2222222222222222
256 8 16 44 0.069041 2222222222222222
256 8 16 45 0.081151 2222222222222222
256 8 16 46 0.083108 2222222222222222
256 8 16 47 0.087217 2222222222222222
256 8 16 48 0.070802 0000000000000000
256 8 16 49 0.072266 2222222222222222
256 8 16 50 0.075049 2222222222222222
256 8 16 51 0.073302 2222222222222222
256 8 16 52 0.083420 2222222222222222
256 8 16 53 0.079666 2222222222222222
256 8 16 54 0.077747 2222222222222222
256 8 16 55 0.081302 2222222222222222
256 8 16 56 0.074489 2222222222222222
256 8 16 57 0.080595 2222222222222222
256 8 16 58 0.086507 2222222222222222
256 8 16 59 0.079778 2222222222222222
256 8 16 60 0.085366 2222222222222222
256 8 16 61 0.092065 2222222222222222
256 8 16 62 0.084411 2222222222222222
256 8 16 63 0.079512 2222222222222222
256 8 16 64 0.067370 0000000000000000
256 8 16 65 0.071212 2222222222222222
256 8 16 66 0.079338 0000000000000000
256 8 16 67 0.073348 2222222222222222
256 8 16 68 0.068712 0000000000000000
256 8 16 69 0.067796 2222222222222222
256 8 16 70 0.076389 2222222222222222
256 8 16 71 0.089430 2222222222222222
256 8 16 72 0.071754 0000000000000000
256 8 16 73 0.072253 0000000000000000
256 8 16 74 0.066274 2222222222222222
256 8 16 75 0.083759 2222222222222222
256 8 16 76 0.075396 2222222222222222
256 8 16 77 0.075159 2222222222222222
256 8 16 78 0.072578 2222222222222222
256 8 16 79 0.072837 2222222222222222
256 8 16 80 0.083217 0000000000000000
256 8 16 81 0.086550 0000000000000000
256 8 16 82 0.088154 2222222222222222
256 8 16 83 0.054624 0000000000000000
256 8 16 84 0.068627 2222222222222222
256 8 16 85 0.076604 2222222222222222
256 8 16 86 0.084001 0000000000000000
256 8 16 87 0.074536 2222222222222222
256 8 16 88 0.079813 2222222222222222
256 8 16 89 0.081245 2222222222222222
256 8 16 90 0.091455 0000000000000000
256 8 16 91 0.092079 2222222222222222
256 8 16 92 0.070768 0000000000000000
256 8 16 93 0.082339 2222222222222222
256 8 16 94 0.082610 2222222222222222
256 8 16 95 0.083627 2222222222222222
256 8 16 96 0.083756 0000000000000000
256 8 16 97 0.076835 2222222222222222
256 8 16 98 0.083117 0000000000000000
256 8 16 99 0.093250 0000000000000000
256 8 32 0 0.054612 22222222
256 8 32 1 0.040734 00000000
256 8 32 2 0.044675 22222222
256 8 32 3 0.038380 00000000
256 8 32 4 0.056656 22222222
256 8 32 5 0.035411 22222222
256 8 32 6 0.047106 22222222
256 8 32 7 0.045624 22222222
256 8 32 8 0.050709 22222222
256 8 32 9 0.046811 00000000
256 8 32 10 0.042329 22222222
256 8 32 11 0.044518 00000000
256 8 32 12 0.040221 22222222
256 8 32 13 0.038565 00000000
256 8 32 14 0.043675 22222222
256 8 32 15 0.042363 22222222
256 8 32 16 0.036233 00000000
256 8 32 17 0.038975 22222222
256 8 32 18 0.050967 22222222
256 8 32 19 0.051350 00000000
256 8 32 20 0.040181 22222222
256 8 32 21 0.039968 22222222
256 8 32 22 0.047564 00000000
256 8 32 23 0.044684 00000000
256 8 32 24 0.039447 22222222
256 8 32 25 0.042246 22222222
256 8 32 26 0.044090 22222222
256 8 32 27 0.035768 22222222
256 8 32 28 0.046308 22222222
256 8 32 29 0.040294 22222222
256 8 32 30 0.040757 22222222
256 8 32 31 0.049578 22222222
256 8 32 32 0.045790 00000000
256 8 32 33 0.049678 22222222
256 8 32 34 0.041965 22222222
256 8 32 35 0.047384 00000000
256 8 32 36 0.040355 00000000
256 8 32 37 0.045364 22222222
256 8 32 38 0.044891 22222222
256 8 32 39 0.043645 22222222
256 8 32 40 0.046555 22222222
256 8 32 41 0.038787 00000000
256 8 32 42 0.047930 22222222
256 8 32 43 0.033798 22222222
256 8 32 44 0.035920 22222222
256 8 32 45 0.042503 22222222
256 8 32 46 0.045598 22222222
256 8 32 47 0.051203 22222222
256 8 32 48 0.040304 00000000
256 8 32 49 0.037777 22222222
256 8 32 50 0.039942 22222222
256 8 32 51 0.037631 22222222
256 8 32 52 0.043843 22222222
256 8 32 53 0.041963 22222222
256 8 32 54 0.042844 22222222
256 8 32 55 0.043366 22222222
256 8 32 56 0.037128 22222222
256 8 32 57 0.042566 22222222
256 8 32 58 0.042124 22222222
256 8 32 59 0.041166 22222222
256 8 32 60 0.044205 22222222
256 8 32 61 0.048956 22222222
256 8 32 62 0.048201 22222222
256 8 32 63 0.044943 22222222
256 8 32 64 0.035983 00000000
256 8 32 65 0.038235 22222222
256 8 32 66 0.042506 00000000
256 8 32 67 0.038280 22222222
256 8 32 68 0.037270 00000000
256 8 32 69 0.035333 22222222
256 8 32 70 0.039808 22222222
256 8 32 71 0.047374 22222222
256 8 32 72 0.037000 00000000
256 8 32 73 0.039510 00000000
256 8 32 74 0.035323 22222222
256 8 32 75 0.041490 22222222
256 8 32 76 0.038817 22222222
256 8 32 77 0.039822 22222222
256 8 32 78 0.039044 22222222
256 8 32 79 0.037836 22222222
256 8 32 80 0.041000 00000000
256 8 32 81 0.050949 00000000
256 8 32 82 0.047871 22222222
256 8 32 83 0.026869 00000000
256 8 32 84 0.036284 22222222
256 8 32 85 0.040723 22222222
256 8 32 86 0.046513 00000000
256 8 32 87 0.039553 22222222
256 8 32 88 0.041124 22222222
256 8 32 89 0.042090 22222222
256 8 32 90 0.051138 00000000
256 8 32 91 0.052989 22222222
256 8 32 92 0.037745 00000000
256 8 32 93 0.042512 22222222
256 8 32 94 0.042010 22222222
256 8 32 95 0.044865 22222222
256 8 32 96 0.043202 00000000
256 8 32 97 0.042844 22222222
256 8 32 98 0.044928 00000000
256 8 32 99 0.046984 00000000
512 2 4 0 0.142479 12222220000000000000000000000000000000000000000000000000000000000000000000000000000000000000000000000000000000000000000000000000
512 2 4 1 0.152256 00000000000000000000000000000000000000000000000000000000000000000000000000000000000000000000000000000000000000000000000000000000
512 2 4 2 0.150455 22222222222222222000000000000000000000000000000000000000000000000000000000000000000000000000000000000000000000000000000000000000
512 2 4 3 0.152352 22222000000000000000000000000000000000000000000000000000000000000000000000000000000000000000000000000000000000000000000000000000
512 2 4 4 0.141242 00000000000000000000000000000000000000000000000000000000000000000000000000000000000000000000000000000000000000000000000000000000
512 2 4 5 0.146618 22222222222222222200000000000000000000000000000000000000000000000000000000000000000000000000000000000000000000000000000000000000
512 2 4 6 0.148213 20000000000000000000000000000000000000000000000000000000000000000000000000000000000000000000000000000000000000000000000000000000
512 2 4 7 0.145798 00000000000000000000000000000000000000000000000000000000000000000000000000000000000000000000000000000000000000000000000000000000
512 2 4 8 0.143923 22222222222222222222222000000000000000000000000000000000000000000000000000000000000000000000000000000000000000000000000000000000
512 2 4 9 0.158280 00000000000000000000000000000000000000000000000000000000000000000000000000000000000000000000000000000000000000000000000000000000
512 2 4 10 0.146290 12222222220000000000000000000000000000000000000000000000000000000000000000000000000000000000000000000000000000000000000000000000
512 2 4 11 0.148230 22222222222222222222222222222222222222222222220000000000000000000000000000000000000000000000000000000000000000000000000000000000
512 2 4 12 0.143798 22222222222222222222222222222222222222222222222222222222222222222222222222222222222222222222222222222222222222200000000000000000
512 2 4 13 0.152500 22222222222222222222222222222222222222222222222222222222222222222222222222222222222222222222222222222222222222222222222222222222
512 2 4 14 0.153830 12222222222222222222222222222222222222222222222222222222222222222222222222220000000000000000000000000000000000000000000000000000
512 2 4 15 0.140293 20000000000000000000000000000000000000000000000000000000000000000000000000000000000000000000000000000000000000000000000000000000
512 2 4 16 0.156746 22222222222222222222222222222222222222222000000000000000000000000000000000000000000000000000000000000000000000000000000000000000
512 2 4 17 0.145032 22222222222222222222222222222222222222222222222222222222222222222222222222222222222222222222222222222222000000000000000000000000
512 2 4 18 0.139007 12222222222222222222222222222222222222222222222222222222222200000000000000000000000000000000000000000000000000000000000000000000
512 2 4 19 0.137235 12222222222222222222222222222222222222222220000000000000000000000000000000000000000000000000000000000000000000000000000000000000
512 2 4 20 0.147411 22000000000000000000000000000000000000000000000000000000000000000000000000000000000000000000000000000000000000000000000000000000
512 2 4 21 0.142514 00000000000000000000000000000000000000000000000000000000000000000000000000000000000000000000000000000000000000000000000000000000
512 2 4 22 0.142785 12222222222222222220000000000000000000000000000000000000000000000000000000000000000000000000000000000000000000000000000000000000
512 2 4 23 0.140018 22222222222222222222222222222222200000000000000000000000000000000000000000000000000000000000000000000000000000000000000000000000
512 2 4 24 0.150029 22222222222200000000000000000000000000000000000000000000000000000000000000000000000000000000000000000000000000000000000000000000
512 2 4 25 0.138547 22222222222222222222222222222222222222222222222222000000000000000000000000000000000000000000000000000000000000000000000000000000
512 2 4 26 0.145452 22222222222222222222222222222222222000000000000000000000000000000000000000000000000000000000000000000000000000000000000000000000
512 2 4 27 0.148393 22222222222222222222222222000000000000000000000000000000000000000000000000000000000000000000000000000000000000000000000000000000
512 2 4 28 0.146303 00000000000000000000000000000000000000000000000000000000000000000000000000000000000000000000000000000000000000000000000000000000
512 2 4 29 0.148384 22222222222222222222222222222222222222200000000000000000000000000000000000000000000000000000000000000000000000000000000000000000
512 2 4 30 0.144963 12222222222222222222222222222222222222222222222222222222222222222222222222222222222222222222222222222000000000000000000000000000
512 2 4 31 0.149239 22222222220000000000000000000000000000000000000000000000000000000000000000000000000000000000000000000000000000000000000000000000
512 2 4 32 0.158271 22222222222222222222222222222222222222222222222222222222222222222222222222222222222200000000000000000000000000000000000000000000
512 2 4 33 0.133956 22222222222222222222222222222222222222222222222222222222222222222222222222220000000000000000000000000000000000000000000000000000
512 2 4 34 0.143851 22222222222222222222222222222222222222222222222222222222222222222222222222222222222222222220000000000000000000000000000000000000
512 2 4 35 0.151305 22222222222222222222222222222222222222222222222222222222222222222222222222222220000000000000000000000000000000000000000000000000
512 2 4 36 0.158014 22222222222222222222222222222222222222222222222222222222222222222222222222222222222222222222222222222222222222222222222222222222
512 2 4 37 0.149714 00000000000000000000000000000000000000000000000000000000000000000000000000000000000000000000000000000000000000000000000000000000
512 2 4 38 0.132694 22222222222222222222222222222222000000000000000000000000000000000000000000000000000000000000000000000000000000000000000000000000
512 2 4 39 0.154206 00000000000000000000000000000000000000000000000000000000000000000000000000000000000000000000000000000000000000000000000000000000
512 2 4 40 0.143294 12222222220000000000000000000000000000000000000000000000000000000000000000000000000000000000000000000000000000000000000000000000
512 2 4 41 0.151137 22222222222222222222222222222222222222222222222222222222222222222222222222222222222222222222222222000000000000000000000000000000
512 2 4 42 0.159160 22222222222222222222222222222222222222222222222222222222222222222222222222222222222222222220000000000000000000000000000000000000
512 2 4 43 0.148335 22222222222222222222222222220000000000000000000000000000000000000000000000000000000000000000000000000000000000000000000000000000
512 2 4 44 0.162083 22222222222222222222222222222222222222222222222222222222222222222222222222222222222222222222222222222222222222222222222222222222
512 2 4 45 0.148596 12222222222222222222222222222222222222222222222222222222222222222222222222222222222222222222222222222222222222222222222200000000
512 2 4 46 0.157702 22222222222222222222222222222222222222222222220000000000000000000000000000000000000000000000000000000000000000000000000000000000
512 2 4 47 0.142224 22222222222222222222222222200000000000000000000000000000000000000000000000000000000000000000000000000000000000000000000000000000
512 2 4 48 0.162994 22222222222222222222222200000000000000000000000000000000000000000000000000000000000000000000000000000000000000000000000000000000
512 2 4 49 0.137483 12222222222222222222222222222222222222222222222222000000000000000000000000000000000000000000000000000000000000000000000000000000
512 2 4 50 0.136981 22222222000000000000000000000000000000000000000000000000000000000000000000000000000000000000000000000000000000000000000000000000
512 2 4 51 0.145568 22222222222222222222222222222222222222222222222222222222222222222222222220000000000000000000000000000000000000000000000000000000
512 2 4 52 0.144577 22200000000000000000000000000000000000000000000000000000000000000000000000000000000000000000000000000000000000000000000000000000
512 2 4 53 0.145467 22222200000000000000000000000000000000000000000000000000000000000000000000000000000000000000000000000000000000000000000000000000
512 2 4 54 0.141610 22222222222222222222222222222222222000000000000000000000000000000000000000000000000000000000000000000000000000000000000000000000
512 2 4 55 0.137062 12222222000000000000000000000000000000000000000000000000000000000000000000000000000000000000000000000000000000000000000000000000
512 2 4 56 0.145653 22222222000000000000000000000000000000000000000000000000000000000000000000000000000000000000000000000000000000000000000000000000
512 2 4 57 0.137651 22222222200000000000000000000000000000000000000000000000000000000000000000000000000000000000000000000000000000000000000000000000
512 2 4 58 0.143456 22222222222222222222222222222222222222222222222222222222222222222222222222222222222220000000000000000000000000000000000000000000
512 2 4 59 0.160457 22000000000000000000000000000000000000000000000000000000000000000000000000000000000000000000000000000000000000000000000000000000
512 2 4 60 0.146313 20000000000000000000000000000000000000000000000000000000000000000000000000000000000000000000000000000000000000000000000000000000
512 2 4 61 0.144310 22222220000000000000000000000000000000000000000000000000000000000000000000000000000000000000000000000000000000000000000000000000
512 2 4 62 0.146722 22200000000000000000000000000000000000000000000000000000000000000000000000000000000000000000000000000000000000000000000000000000
512 2 4 63 0.149955 22222222222222222222222222222222222222222222222222222222222200000000000000000000000000000000000000000000000000000000000000000000
512 2 4 64 0.156269 22222222222222222222222222222222222222222222222222222200000000000000000000000000000000000000000000000000000000000000000000000000
512 2 4 65 0.151220 22222222222222222222222222222222222222222222222000000000000000000000000000000000000000000000000000000000000000000000000000000000
512 2 4 66 0.146785 00000000000000000000000000000000000000000000000000000000000000000000000000000000000000000000000000000000000000000000000000000000
512 2 4 67 0.145339 00000000000000000000000000000000000000000000000000000000000000000000000000000000000000000000000000000000000000000000000000000000
512 2 4 68 0.141006 22222222222222222222222200000000000000000000000000000000000000000000000000000000000000000000000000000000000000000000000000000000
512 2 4 69 0.152767 00000000000000000000000000000000000000000000000000000000000000000000000000000000000000000000000000000000000000000000000000000000
512 2 4 70 0.154128 22222222222222222222222222222222222222220000000000000000000000000000000000000000000000000000000000000000000000000000000000000000
512 2 4 71 0.160159 22222222222222222222222222222222222222222200000000000000000000000000000000000000000000000000000000000000000000000000000000000000
512 2 4 72 0.148937 22222222222222222222222222222222220000000000000000000000000000000000000000000000000000000000000000000000000000000000000000000000
512 2 4 73 0.149903 22222222222222222222222222222200000000000000000000000000000000000000000000000000000000000000000000000000000000000000000000000000
512 2 4 74 0.136071 00000000000000000000000000000000000000000000000000000000000000000000000000000000000000000000000000000000000000000000000000000000
512 2 4 75 0.153761 22222222222222222220000000000000000000000000000000000000000000000000000000000000000000000000000000000000000000000000000000000000
512 2 4 76 0.154123 22222222222222222222222222222222222222222222222222222222222222222222200000000000000000000000000000000000000000000000000000000000
512 2 4 77 0.141697 22222222222222222222222222222222220000000000000000000000000000000000000000000000000000000000000000000000000000000000000000000000
512 2 4 78 0.160753 22222222222222222222222222222222222222222222222222222222222222222222222222222222222222222222222222222222222222222222222222222222
512 2 4 79 0.154016 22222222222222222222222222222222222200000000000000000000000000000000000000000000000000000000000000000000000000000000000000000000
512 2 4 80 0.143031 00000000000000000000000000000000000000000000000000000000000000000000000000000000000000000000000000000000000000000000000000000000
512 2 4 81 0.146094 20000000000000000000000000000000000000000000000000000000000000000000000000000000000000000000000000000000000000000000000000000000
512 2 4 82 0.141953 12222222222000000000000000000000000000000000000000000000000000000000000000000000000000000000000000000000000000000000000000000000
512 2 4 83 0.143375 22222222222222222222222222222222222222222200000000000000000000000000000000000000000000000000000000000000000000000000000000000000
512 2 4 84 0.165450 22222222222222222222222222222222222000000000000000000000000000000000000000000000000000000000000000000000000000000000000000000000
512 2 4 85 0.149205 22222222222222222222222222222222222222222222222222222222222222222222222222222222222222222222222222222222222222222222222222222222
512 2 4 86 0.155648 22222222222220000000000000000000000000000000000000000000000000000000000000000000000000000000000000000000000000000000000000000000
512 2 4 87 0.150452 22222222222222222222222222222222222222222222200000000000000000000000000000000000000000000000000000000000000000000000000000000000
512 2 4 88 0.155319 00000000000000000000000000000000000000000000000000000000000000000000000000000000000000000000000000000000000000000000000000000000
512 2 4 89 0.144401 22222222222222222222222222222222222222222222222220000000000000000000000000000000000000000000000000000000000000000000000000000000
512 2 4 90 0.145490 22222222200000000000000000000000000000000000000000000000000000000000000000000000000000000000000000000000000000000000000000000000
512 2 4 91 0.156310 00000000000000000000000000000000000000000000000000000000000000000000000000000000000000000000000000000000000000000000000000000000
512 2 4 92 0.152532 22222222200000000000000000000000000000000000000000000000000000000000000000000000000000000000000000000000000000000000000000000000
512 2 4 93 0.150468 12222222222200000000000000000000000000000000000000000000000000000000000000000000000000000000000000000000000000000000000000000000
512 2 4 94 0.152323 12222222222222222222222222222000000000000000000000000000000000000000000000000000000000000000000000000000000000000000000000000000
512 2 4 95 0.147719 22222222222222222222222222220000000000000000000000000000000000000000000000000000000000000000000000000000000000000000000000000000
512 2 4 96 0.144067 22222222222222222222222222222222222222222222222222222222222222222222222222222000000000000000000000000000000000000000000000000000
512 2 4 97 0.146443 12222222222222222222222222222222222222222222222222222222222222222222222222222220000000000000000000000000000000000000000000000000
512 2 4 98 0.148039 22222222222200000000000000000000000000000000000000000000000000000000000000000000000000000000000000000000000000000000000000000000
512 2 4 99 0.162292 22222222222222222222222222222222200000000000000000000000000000000000000000000000000000000000000000000000000000000000000000000000
512 2 8 0 0.071503 2220000000000000000000000000000000000000000000000000000000000000
512 2 8 1 0.075226 0000000000000000000000000000000000000000000000000000000000000000
512 2 8 2 0.074486 2222222200000000000000000000000000000000000000000000000000000000
512 2 8 3 0.076518 2200000000000000000000000000000000000000000000000000000000000000
512 2 8 4 0.070583 0000000000000000000000000000000000000000000000000000000000000000
512 2 8 5 0.073475 2222222220000000000000000000000000000000000000000000000000000000
512 2 8 6 0.073744 0000000000000000000000000000000000000000000000000000000000000000
512 2 8 7 0.072765 0000000000000000000000000000000000000000000000000000000000000000
512 2 8 8 0.071346 2222222222200000000000000000000000000000000000000000000000000000
512 2 8 9 0.078036 0000000000000000000000000000000000000000000000000000000000000000
512 2 8 10 0.072771 2222200000000000000000000000000000000000000000000000000000000000
512 2 8 11 0.075510 2222222222222222222222200000000000000000000000000000000000000000
512 2 8 12 0.070739 2222222222222222222222222222222222222222222222222222222000000000
512 2 8 13 0.075591 2222222222222222222222222222222222222222222222222222222222222222
512 2 8 14 0.076332 2222222222222222222222222222222222222200000000000000000000000000
512 2 8 15 0.069640 0000000000000000000000000000000000000000000000000000000000000000
512 2 8 16 0.079951 2222222222222222222200000000000000000000000000000000000000000000
512 2 8 17 0.072802 2222222222222222222222222222222222222222222222222222000000000000
512 2 8 18 0.068143 2222222222222222222222222222220000000000000000000000000000000000
512 2 8 19 0.065943 2222222222222222222220000000000000000000000000000000000000000000
512 2 8 20 0.072732 2000000000000000000000000000000000000000000000000000000000000000
512 2 8 21 0.070957 0000000000000000000000000000000000000000000000000000000000000000
512 2 8 22 0.071092 2222222220000000000000000000000000000000000000000000000000000000
512 2 8 23 0.068754 2222222222222222000000000000000000000000000000000000000000000000
512 2 8 24 0.074517 2222220000000000000000000000000000000000000000000000000000000000
512 2 8 25 0.068435 2222222222222222222222222000000000000000000000000000000000000000
512 2 8 26 0.068779 2222222222222222200000000000000000000000000000000000000000000000
512 2 8 27 0.075072 2222222222222000000000000000000000000000000000000000000000000000
512 2 8 28 0.072628 0000000000000000000000000000000000000000000000000000000000000000
512 2 8 29 0.072084 2222222222222222222000000000000000000000000000000000000000000000
512 2 8 30 0.070877 2222222222222222222222222222222222222222222222222200000000000000
512 2 8 31 0.073909 2222200000000000000000000000000000000000000000000000000000000000
512 2 8 32 0.081237 2222222222222222222222222222222222222222220000000000000000000000
512 2 8 33 0.066483 2222222222222222222222222222222222222200000000000000000000000000
512 2 8 34 0.071652 2222222222222222222222222222222222222222222220000000000000000000
512 2 8 35 0.074841 2222222222222222222222222222222222222000000000000000000000000000
512 2 8 36 0.077434 2222222222222222222222222222222222222222222222222222222222222222
512 2 8 37 0.075508 0000000000000000000000000000000000000000000000000000000000000000
512 2 8 38 0.065836 2222222222222222000000000000000000000000000000000000000000000000
512 2 8 39 0.075771 0000000000000000000000000000000000000000000000000000000000000000
512 2 8 40 0.071859 2222200000000000000000000000000000000000000000000000000000000000
512 2 8 41 0.074707 2222222222222222222222222222222222222222222222222000000000000000
512 2 8 42 0.078112 2222222222222222222222222222222222222222222220000000000000000000
512 2 8 43 0.074345 2222222222222200000000000000000000000000000000000000000000000000
512 2 8 44 0.080107 2222222222222222222222222222222222222222222222222222222222222222
512 2 8 45 0.074248 2222222222222222222222222222222222222222222222222222222222220000
512 2 8 46 0.079512 2222222222222222222000000000000000000000000000000000000000000000
512 2 8 47 0.070850 2222222222222000000000000000000000000000000000000000000000000000
512 2 8 48 0.080633 2222222222220000000000000000000000000000000000000000000000000000
512 2 8 49 0.069266 2222222222222222222222222000000000000000000000000000000000000000
512 2 8 50 0.068247 2222000000000000000000000000000000000000000000000000000000000000
512 2 8 51 0.072061 2222222222222222222222222222222222220000000000000000000000000000
512 2 8 52 0.071531 2000000000000000000000000000000000000000000000000000000000000000
512 2 8 53 0.072703 2220000000000000000000000000000000000000000000000000000000000000
512 2 8 54 0.070249 2222222222222222200000000000000000000000000000000000000000000000
512 2 8 55 0.069518 2222000000000000000000000000000000000000000000000000000000000000
512 2 8 56 0.070926 2222000000000000000000000000000000000000000000000000000000000000
512 2 8 57 0.068923 2222000000000000000000000000000000000000000000000000000000000000
512 2 8 58 0.070555 2222222222222222222222222222222222222222220000000000000000000000
512 2 8 59 0.074728 2000000000000000000000000000000000000000000000000000000000000000
512 2 8 60 0.072790 0000000000000000000000000000000000000000000000000000000000000000
512 2 8 61 0.071490 2220000000000000000000000000000000000000000000000000000000000000
512 2 8 62 0.071760 2000000000000000000000000000000000000000000000000000000000000000
512 2 8 63 0.073731 2222222222222222222222222222220000000000000000000000000000000000
512 2 8 64 0.079823 2222222222222222222222222220000000000000000000000000000000000000
512 2 8 65 0.076767 2222222222222222222222200000000000000000000000000000000000000000
512 2 8 66 0.072548 0000000000000000000000000000000000000000000000000000000000000000
512 2 8 67 0.071428 0000000000000000000000000000000000000000000000000000000000000000
512 2 8 68 0.070590 2222222222220000000000000000000000000000000000000000000000000000
512 2 8 69 0.075809 0000000000000000000000000000000000000000000000000000000000000000
512 2 8 70 0.077958 2222222222222222222200000000000000000000000000000000000000000000
512 2 8 71 0.078651 2222222222222222222220000000000000000000000000000000000000000000
512 2 8 72 0.073829 2222222222222222200000000000000000000000000000000000000000000000
512 2 8 73 0.073921 2222222222222220000000000000000000000000000000000000000000000000
512 2 8 74 0.067461 0000000000000000000000000000000000000000000000000000000000000000
512 2 8 75 0.076260 2222222220000000000000000000000000000000000000000000000000000000
512 2 8 76 0.077204 2222222222222222222222222222222222000000000000000000000000000000
512 2 8 77 0.071196 2222222222222222200000000000000000000000000000000000000000000000
512 2 8 78 0.073206 2222222222222222222222222222222222222222222222222222222222222222
512 2 8 79 0.076508 2222222222222222220000000000000000000000000000000000000000000000
512 2 8 80 0.071168 0000000000000000000000000000000000000000000000000000000000000000
512 2 8 81 0.073391 0000000000000000000000000000000000000000000000000000000000000000
512 2 8 82 0.070568 2222200000000000000000000000000000000000000000000000000000000000
512 2 8 83 0.070963 2222222222222222222220000000000000000000000000000000000000000000
512 2 8 84 0.081393 2222222222222222200000000000000000000000000000000000000000000000
512 2 8 85 0.074328 2222222222222222222222222222222222222222222222222222222222222222
512 2 8 86 0.073450 2222220000000000000000000000000000000000000000000000000000000000
512 2 8 87 0.076315 2222222222222222220000000000000000000000000000000000000000000000
512 2 8 88 0.076676 0000000000000000000000000000000000000000000000000000000000000000
512 2 8 89 0.071545 2222222222222222222222220000000000000000000000000000000000000000
512 2 8 90 0.072326 2222000000000000000000000000000000000000000000000000000000000000
512 2 8 91 0.078751 0000000000000000000000000000000000000000000000000000000000000000
512 2 8 92 0.077208 2222000000000000000000000000000000000000000000000000000000000000
512 2 8 93 0.073989 2222220000000000000000000000000000000000000000000000000000000000
512 2 8 94 0.074862 2222222222222200000000000000000000000000000000000000000000000000
512 2 8 95 0.073786 2222222222222200000000000000000000000000000000000000000000000000
512 2 8 96 0.071556 2222222222222222222222222222222222222200000000000000000000000000
512 2 8 97 0.073826 2222222222222222222222222222222222222220000000000000000000000000
512 2 8 98 0.073225 2222220000000000000000000000000000000000000000000000000000000000
512 2 8 99 0.081046 2222222222222222000000000000000000000000000000000000000000000000
512 2 16 0 0.035855 20000000000000000000000000000000
512 2 16 1 0.038140 00000000000000000000000000000000
512 2 16 2 0.037736 22220000000000000000000000000000
512 2 16 3 0.038398 20000000000000000000000000000000
512 2 16 4 0.036223 00000000000000000000000000000000
512 2 16 5 0.037286 22220000000000000000000000000000
512 2 16 6 0.036999 00000000000000000000000000000000
512 2 16 7 0.036987 00000000000000000000000000000000
512 2 16 8 0.036122 22222000000000000000000000000000
512 2 16 9 0.039641 00000000000000000000000000000000
512 2 16 10 0.036930 22000000000000000000000000000000
512 2 16 11 0.037710 22222222222000000000000000000000
512 2 16 12 0.035515 22222222222222222222222222200000
512 2 16 13 0.038096 22222222222222222222222222222222
512 2 16 14 0.038616 22222222222222222220000000000000
512 2 16 15 0.035645 00000000000000000000000000000000
512 2 16 16 0.039808 22222222220000000000000000000000
512 2 16 17 0.036803 22222222222222222222222222000000
512 2 16 18 0.035463 22222222222222200000000000000000
512 2 16 19 0.033584 22222222220000000000000000000000
512 2 16 20 0.037022 00000000000000000000000000000000
512 2 16 21 0.035578 00000000000000000000000000000000
512 2 16 22 0.035657 22220000000000000000000000000000
512 2 16 23 0.035133 22222222000000000000000000000000
512 2 16 24 0.037647 22200000000000000000000000000000
512 2 16 25 0.034418 22222220000000000000000000000000
512 2 16 26 0.034343 22222222000000000000000000000000
512 2 16 27 0.038423 22222200000000000000000000000000
512 2 16 28 0.036706 00000000000000000000000000000000
512 2 16 29 0.037235 22222222200000000000000000000000
512 2 16 30 0.035910 22222222222222222222222220000000
512 2 16 31 0.037574 22000000000000000000000000000000
512 2 16 32 0.039406 22222222222222222222200000000000
512 2 16 33 0.034289 22222222222222222220000000000000
512 2 16 34 0.036173 22222222222222222222220000000000
512 2 16 35 0.037875 22222222222222222200000000000000
512 2 16 36 0.038981 22222222222222222222222222222222
512 2 16 37 0.037903 00000000000000000000000000000000
512 2 16 38 0.032873 22222222000000000000000000000000
512 2 16 39 0.038548 00000000000000000000000000000000
512 2 16 40 0.035926 22000000000000000000000000000000
512 2 16 41 0.038074 22222222222222222222222200000000
512 2 16 42 0.039412 22222222222222222222220000000000
512 2 16 43 0.037613 22222220000000000000000000000000
512 2 16 44 0.040939 22222222222222222222222222222222
512 2 16 45 0.037878 22222222222222222222222222222200
512 2 16 46 0.039743 22222222200000000000000000000000
512 2 16 47 0.035807 22222200000000000000000000000000
512 2 16 48 0.041380 22222200000000000000000000000000
512 2 16 49 0.034576 22222222222200000000000000000000
512 2 16 50 0.034187 22000000000000000000000000000000
512 2 16 51 0.036117 22222222222222222200000000000000
512 2 16 52 0.035822 00000000000000000000000000000000
512 2 16 53 0.037155 20000000000000000000000000000000
512 2 16 54 0.035367 22222222000000000000000000000000
512 2 16 55 0.034811 22000000000000000000000000000000
512 2 16 56 0.036064 22000000000000000000000000000000
512 2 16 57 0.034909 22000000000000000000000000000000
512 2 16 58 0.036018 22222222222222222222200000000000
512 2 16 59 0.037632 00000000000000000000000000000000
512 2 16 60 0.036667 00000000000000000000000000000000
512 2 16 61 0.036442 20000000000000000000000000000000
512 2 16 62 0.036594 00000000000000000000000000000000
512 2 16 63 0.037408 22222222222222200000000000000000
512 2 16 64 0.040209 22222222222220000000000000000000
512 2 16 65 0.038321 22222222222000000000000000000000
512 2 16 66 0.036307 00000000000000000000000000000000
512 2 16 67 0.036304 00000000000000000000000000000000
512 2 16 68 0.035350 22222200000000000000000000000000
512 2 16 69 0.038311 00000000000000000000000000000000
512 2 16 70 0.039416 22222222220000000000000000000000
512 2 16 71 0.039885 22222222220000000000000000000000
512 2 16 72 0.037311 22222222000000000000000000000000
512 2 16 73 0.037424 22222220000000000000000000000000
512 2 16 74 0.034387 00000000000000000000000000000000
512 2 16 75 0.038513 22220000000000000000000000000000
512 2 16 76 0.039299 22222222222222222000000000000000
512 2 16 77 0.035881 22222222000000000000000000000000
512 2 16 78 0.036859 22222222222222222222222222222222
512 2 16 79 0.039390 22222222200000000000000000000000
512 2 16 80 0.035896 00000000000000000000000000000000
512 2 16 81 0.036969 00000000000000000000000000000000
512 2 16 82 0.035943 22000000000000000000000000000000
512 2 16 83 0.036004 22222222220000000000000000000000
512 2 16 84 0.041217 22222222000000000000000000000000
512 2 16 85 0.038016 22222222222222222222222222222222
512 2 16 86 0.037060 22200000000000000000000000000000
512 2 16 87 0.038068 22222222200000000000000000000000
512 2 16 88 0.038939 00000000000000000000000000000000
512 2 16 89 0.036142 22222222222200000000000000000000
512 2 16 90 0.036860 22000000000000000000000000000000
512 2 16 91 0.039722 00000000000000000000000000000000
512 2 16 92 0.039560 22000000000000000000000000000000
512 2 16 93 0.037634 22200000000000000000000000000000
512 2 16 94 0.037106 22222220000000000000000000000000
512 2 16 95 0.036997 22222220000000000000000000000000
512 2 16 96 0.036853 22222222222222222220000000000000
512 2 16 97 0.037364 22222222222222222220000000000000
512 2 16 98 0.037281 22200000000000000000000000000000
512 2 16 99 0.040944 22222222000000000000000000000000
512 2 32 0 0.018753 0000000000000000
512 2 32 1 0.019870 0000000000000000
512 2 32 2 0.019232 2200000000000000
512 2 32 3 0.019570 0000000000000000
512 2 32 4 0.018433 0000000000000000
512 2 32 5 0.019178 2200000000000000
512 2 32 6 0.019075 0000000000000000
512 2 32 7 0.019029 0000000000000000
512 2 32 8 0.018887 2200000000000000
512 2 32 9 0.020351 0000000000000000
512 2 32 10 0.018936 2000000000000000
512 2 32 11 0.019721 2222200000000000
512 2 32 12 0.018516 2222222222222000
512 2 32 13 0.019978 2222222222222222
512 2 32 14 0.019816 2222222220000000
512 2 32 15 0.018488 0000000000000000
512 2 32 16 0.020445 2222200000000000
512 2 32 17 0.018849 2222222222222000
512 2 32 18 0.018123 2222222000000000
512 2 32 19 0.017078 2222200000000000
512 2 32 20 0.019097 0000000000000000
512 2 32 21 0.018208 0000000000000000
512 2 32 22 0.018260 2200000000000000
512 2 32 23 0.018454 2222000000000000
512 2 32 24 0.019164 2000000000000000
512 2 32 25 0.017806 2220000000000000
512 2 32 26 0.017947 2222000000000000
512 2 32 27 0.019398 2220000000000000
512 2 32 28 0.018966 0000000000000000
512 2 32 29 0.019275 2222000000000000
512 2 32 30 0.018734 2222222222220000
512 2 32 31 0.019151 2000000000000000
512 2 32 32 0.021151 2222222222000000
512 2 32 33 0.017431 2222222220000000
512 2 32 34 0.018899 2222222222200000
512 2 32 35 0.019712 2222222220000000
512 2 32 36 0.019984 2222222222222222
512 2 32 37 0.019379 0000000000000000
512 2 32 38 0.017012 2222000000000000
512 2 32 39 0.020098 0000000000000000
512 2 32 40 0.018737 2000000000000000
512 2 32 41 0.019499 2222222222220000
512 2 32 42 0.020613 2222222222200000
512 2 32 43 0.019511 2220000000000000
512 2 32 44 0.020702 2222222222222222
512 2 32 45 0.019248 2222222222222220
512 2 32 46 0.020651 2222000000000000
512 2 32 47 0.018359 2220000000000000
512 2 32 48 0.021222 2220000000000000
512 2 32 49 0.018301 2222220000000000
512 2 32 50 0.017931 2000000000000000
512 2 32 51 0.018889 2222222220000000
512 2 32 52 0.018473 0000000000000000
512 2 32 53 0.019234 0000000000000000
512 2 32 54 0.018024 2222000000000000
512 2 32 55 0.018284 2000000000000000
512 2 32 56 0.018395 2000000000000000
512 2 32 57 0.018130 2000000000000000
512 2 32 58 0.018527 2222222222000000
512 2 32 59 0.019315 0000000000000000
512 2 32 60 0.019062 0000000000000000
512 2 32 61 0.018466 0000000000000000
512 2 32 62 0.018756 0000000000000000
512 2 32 63 0.019428 2222222000000000
512 2 32 64 0.020891 2222220000000000
512 2 32 65 0.019907 2222200000000000
512 2 32 66 0.018865 0000000000000000
512 2 32 67 0.018715 0000000000000000
512 2 32 68 0.018509 2220000000000000
512 2 32 69 0.019612 0000000000000000
512 2 32 70 0.020308 2222200000000000
512 2 32 71 0.020294 2222200000000000
512 2 32 72 0.019538 2222000000000000
512 2 32 73 0.019162 2220000000000000
512 2 32 74 0.017591 0000000000000000
512 2 32 75 0.019829 2200000000000000
512 2 32 76 0.020235 2222222200000000
512 2 32 77 0.018466 2222000000000000
512 2 32 78 0.019360 2222222222222222
512 2 32 79 0.019976 2222000000000000
512 2 32 80 0.018211 0000000000000000
512 2 32 81 0.018984 0000000000000000
512 2 32 82 0.020167 2000000000000000
512 2 32 83 0.018302 2222200000000000
512 2 32 84 0.021637 2222000000000000
512 2 32 85 0.019189 2222222222222222
512 2 32 86 0.019170 2000000000000000
512 2 32 87 0.019668 2222000000000000
512 2 32 88 0.019954 0000000000000000
512 2 32 89 0.018557 2222220000000000
512 2 32 90 0.018927 2000000000000000
512 2 32 91 0.020894 0000000000000000
512 2 32 92 0.020210 2000000000000000
512 2 32 93 0.019320 2000000000000000
512 2 32 94 0.019174 2220000000000000
512 2 32 95 0.019388 2220000000000000
512 2 32 96 0.018418 2222222220000000
512 2 32 97 0.019146 2222222220000000
512 2 32 98 0.019080 2000000000000000
512 2 32 99 0.021361 2222000000000000
512 4 8 0 0.196898 2222222222222222222222222222222222222222222222222222222222222222
512 4 8 1 0.208270 0000000000000000000000000000000000000000000000000000000000000000
512 4 8 2 0.200750 2222222222222222222222222222222222222222222222222222222222222222
512 4 8 3 0.204965 2222222222222222222222222222222222222222222222222222222222222222
512 4 8 4 0.184987 0000000000000000000000000000000000000000000000000000000000000000
512 4 8 5 0.199439 2222222222222222222222222222222222222222222222222222222222222222
512 4 8 6 0.200884 2222222222222222222222222222222222222222222222222222222222222222
512 4 8 7 0.196216 0000000000000000000000000000000000000000000000000000000000000000
512 4 8 8 0.193013 2222222222222222222222222222222222222222222222222222222222222222
512 4 8 9 0.220717 0000000000000000000000000000000000000000000000000000000000000000
512 4 8 10 0.202015 2222222222222222222222222222222222222222222222222222222222222222
512 4 8 11 0.207541 2222222222222222222222222222222222222222222222222222222222222222
512 4 8 12 0.185473 2222222222222222222222222222222222222222222222222222222222222222
512 4 8 13 0.209769 2222222222222222222222222222222222222222222222222222222222222222
512 4 8 14 0.211630 2222222222222222222222222222222222222222222222222222222222222222
512 4 8 15 0.183424 2222222222222222222222222222222222222222222222222222222222222222
512 4 8 16 0.214942 2222222222222222222222222222222222222222222222222222222222222222
512 4 8 17 0.199616 2222222222222222222222222222222222222222222222222222222222222222
512 4 8 18 0.187529 2222222222222222222222222222222222222222222222222222222222222222
512 4 8 19 0.174210 2222222222222222222222222222222222222222222222222222222222222222
512 4 8 20 0.190598 2222222222222222222222222222222222222222222222222222222222222222
512 4 8 21 0.190430 0000000000000000000000000000000000000000000000000000000000000000
512 4 8 22 0.190901 2222222222222222222222222222222222222222222222222222222222222222
512 4 8 23 0.175627 2222222222222222222222222222222222222222222222222222222222222222
512 4 8 24 0.204047 2222222222222222222222222222222222222222222222222222222222222222
512 4 8 25 0.185204 2222222222222222222222222222222222222222222222222222222222222222
512 4 8 26 0.186776 2222222222222222222222222222222222222222222222222222222222222222
512 4 8 27 0.201475 2222222222222222222222222222222222222222222222222222222222222222
512 4 8 28 0.192954 0000000000000000000000000000000000000000000000000000000000000000
512 4 8 29 0.194669 2222222222222222222222222222222222222222222222222222222222222222
512 4 8 30 0.192712 2222222222222222222222222222222222222222222222222222222222222222
512 4 8 31 0.196262 2222222222222222222222222222222222222222222222222222222222222222
512 4 8 32 0.221124 2222222222222222222222222222222222222222222222222222222222222222
512 4 8 33 0.179731 2222222222222222222222222222222222222222222222222222222222222222
512 4 8 34 0.192167 2222222222222222222222222222222222222222222222222222222222222222
512 4 8 35 0.206165 2222222222222222222222222222222222222222222222222222222222222222
512 4 8 36 0.210099 2222222222222222222222222222222222222222222222222222222222222222
512 4 8 37 0.204255 0000000000000000000000000000000000000000000000000000000000000000
512 4 8 38 0.175098 2222222222222222222222222222222222222222222222222222222222222222
512 4 8 39 0.208753 0000000000000000000000000000000000000000000000000000000000000000
512 4 8 40 0.193906 2222222222222222222222222222222222222222222222222222222222222222
512 4 8 41 0.194894 2222222222222222222222222222222222222222222222222222222222222222
512 4 8 42 0.208501 2222222222222222222222222222222222222222222222222222222222222222
512 4 8 43 0.202363 2222222222222222222222222222222222222222222222222222222222222222
512 4 8 44 0.231653 2222222222222222222222222222222222222222222222222222222222222222
512 4 8 45 0.203958 2222222222222222222222222222222222222222222222222222222222222222
512 4 8 46 0.218696 2222222222222222222222222222222222222222222222222222222222222222
512 4 8 47 0.188616 2222222222222222222222222222222222222222222222222222222222222222
512 4 8 48 0.223483 2222222222222222222222222222222222222222222222222222222222222222
512 4 8 49 0.182157 2222222222222222222222222222222222222222222222222222222222222222
512 4 8 50 0.181279 2222222222222222222222222222222222222222222222222222222222222222
512 4 8 51 0.194012 2222222222222222222222222222222222222222222222222222222222222222
512 4 8 52 0.192385 2222222222222222222222222222222222222222222222222222222222222222
512 4 8 53 0.196106 2222222222222222222222222222222222222222222222222222222222222222
512 4 8 54 0.183859 2222222222222222222222222222222222222222222222222222222222222222
512 4 8 55 0.187003 2222222222222222222222222222222222222222222222222222222222222222
512 4 8 56 0.191652 2222222222222222222222222222222222222222222222222222222222222222
512 4 8 57 0.180425 2222222222222222222222222222222222222222222222222222222222222222
512 4 8 58 0.186052 2222222222222222222222222222222222222222222222222222222222222222
512 4 8 59 0.203605 2222222222222222222222222222222222222222222222222222222222222222
512 4 8 60 0.196648 2222222222222222222222222222222222222222222222222222222222222222
512 4 8 61 0.190806 2222222222222222222222222222222222222222222222222222222222222222
512 4 8 62 0.198291 2222222222222222222222222222222222222222222222222222222222222222
512 4 8 63 0.202495 2222222222222222222222222222222222222222222222222222222222222222
512 4 8 64 0.218414 2222222222222222222222222222222222222222222222222222222222222222
512 4 8 65 0.206360 2222222222222222222222222222222222222222222222222222222222222222
512 4 8 66 0.198501 0000000000000000000000000000000000000000000000000000000000000000
512 4 8 67 0.195812 0000000000000000000000000000000000000000000000000000000000000000
512 4 8 68 0.183876 2222222222222222222222222222222222222222222222222222222222222222
512 4 8 69 0.211207 0000000000000000000000000000000000000000000000000000000000000000
512 4 8 70 0.210334 2222222222222222222222222222222222222222222222222222222222222222
512 4 8 71 0.213254 2222222222222222222222222222222222222222222222222222222222222222
512 4 8 72 0.195883 2222222222222222222222222222222222222222222222222222222222222222
512 4 8 73 0.206274 2222222222222222222222222222222222222222222222222222222222222222
512 4 8 74 0.182753 0000000000000000000000000000000000000000000000000000000000000000
512 4 8 75 0.208082 2222222222222222222222222222222222222222222222222222222222222222
512 4 8 76 0.210387 2222222222222222222222222222222222222222222222222222222222222222
512 4 8 77 0.191067 2222222222222222222222222222222222222222222222222222222222222222
512 4 8 78 0.202597 2222222222222222222222222222222222222222222222222222222222222222
512 4 8 79 0.215615 2222222222222222222222222222222222222222222222222222222222222222
512 4 8 80 0.183564 0000000000000000000000000000000000000000000000000000000000000000
512 4 8 81 0.199240 2222222222222222222222222222222222222222222222222222222222222222
512 4 8 82 0.185126 2222222222222222222222222222222222220000000000000000000000000000
512 4 8 83 0.187119 2222222222222222222222222222222222222222222222222222222222222222
512 4 8 84 0.224617 2222222222222222222222222222222222222222222222222222222222222222
512 4 8 85 0.206943 2222222222222222222222222222222222222222222222222222222222222222
512 4 8 86 0.197331 2222222222222222222222222222222222222222222222222222222222222222
512 4 8 87 0.205315 2222222222222222222222222222222222222222222222222222222222222222
512 4 8 88 0.206673 0000000000000000000000000000000000000000000000000000000000000000
512 4 8 89 0.190663 2222222222222222222222222222222222222222222222222222222222222222
512 4 8 90 0.198773 2222222222222222222222222222222222222222222222222222222222222222
512 4 8 91 0.218425 0000000000000000000000000000000000000000000000000000000000000000
512 4 8 92 0.211881 2222222222222222222222222222222222222222222222222222222222222222
512 4 8 93 0.204520 2222222222222222222222222222222222222222222222222222222222222222
512 4 8 94 0.201780 2222222222222222222222222222222222222222222222222222222222222222
512 4 8 95 0.200602 2222222222222222222222222222222222222222222222222222222222222222
512 4 8 96 0.189859 2222222222222222222222222222222222222222222222222222222222222222
512 4 8 97 0.198742 2222222222222222222222222222222222222222222222222222222222222222
512 4 8 98 0.197309 2222222222222222222222222222222222222222222222222222222222222222
512 4 8 99 0.223651 2222222222222222222222222222222222222222222222222222222222222222
512 4 16 0 0.098360 22222222222222222222222222222222
512 4 16 1 0.103506 00000000000000000000000000000000
512 4 16 2 0.100042 22222222222222222222222222222222
512 4 16 3 0.101787 22222222222222222222222222222222
512 4 16 4 0.093006 00000000000000000000000000000000
512 4 16 5 0.100014 22222222222222222222222222222222
512 4 16 6 0.102294 22222222222222222222222222222222
512 4 16 7 0.100248 00000000000000000000000000000000
512 4 16 8 0.095624 22222222222222222222222222222222
512 4 16 9 0.113582 00000000000000000000000000000000
512 4 16 10 0.102658 22222222222222222222222222222222
512 4 16 11 0.102755 22222222222222222222222222222222
512 4 16 12 0.094245 22222222222222222222222222222222
512 4 16 13 0.105059 22222222222222222222222222222222
512 4 16 14 0.106049 22222222222222222222222222222222
512 4 16 15 0.091917 22222222222222222222222222222222
512 4 16 16 0.111559 22222222222222222222222222222222
512 4 16 17 0.101392 22222222222222222222222222222222
512 4 16 18 0.093395 22222222222222222222222222222222
512 4 16 19 0.087997 22222222222222222222222222222222
512 4 16 20 0.097348 22222222222222222222222222222222
512 4 16 21 0.096502 00000000000000000000000000000000
512 4 16 22 0.098700 22222222222222222222222222222222
512 4 16 23 0.091772 22222222222222222222222222222222
512 4 16 24 0.108347 22222222222222222222222222222222
512 4 16 25 0.092898 22222222222222222222222222222222
512 4 16 26 0.094686 22222222222222222222222222222222
512 4 16 27 0.105460 22222222222222222222222222222222
512 4 16 28 0.098040 00000000000000000000000000000000
512 4 16 29 0.096971 22222222222222222222222222222222
512 4 16 30 0.094682 22222222222222222222222222222222
512 4 16 31 0.099592 22222222222222222222222222222222
512 4 16 32 0.106419 22222222222222222222222222222222
512 4 16 33 0.094024 22222222222222222222222222222222
512 4 16 34 0.097864 22222222222222222222222222222222
512 4 16 35 0.104402 22222222222222222222222222222222
512 4 16 36 0.104299 22222222222222222222222222222222
512 4 16 37 0.099738 00000000000000000000000000000000
512 4 16 38 0.089602 22222222222222222222222222222222
512 4 16 39 0.105997 00000000000000000000000000000000
512 4 16 40 0.098294 22222222222222222222222222222222
512 4 16 41 0.100157 22222222222222222222222222222222
512 4 16 42 0.105948 22222222222222222222222222222222
512 4 16 43 0.101780 22222222222222222222222222222222
512 4 16 44 0.115482 22222222222222222222222222222222
512 4 16 45 0.103610 22222222222222222222222222222222
512 4 16 46 0.110031 22222222222222222222222222222222
512 4 16 47 0.094968 22222222222222222222222222222222
512 4 16 48 0.111818 22222222222222222222222222222222
512 4 16 49 0.092130 22222222222222222222222222222222
512 4 16 50 0.090722 22222222222222222222222222222222
512 4 16 51 0.098762 22222222222222222222222222222222
512 4 16 52 0.097379 22222222222222222222222222222222
512 4 16 53 0.098580 22222222222222222222222222222222
512 4 16 54 0.093364 22222222222222222222222222222222
512 4 16 55 0.094126 22222222222222222222222222222222
512 4 16 56 0.096179 22222222222222222222222222222222
512 4 16 57 0.092495 22222222222222222222222222222222
512 4 16 58 0.093787 22222222222222222222222222222222
512 4 16 59 0.101288 22222222222222222222222222222222
512 4 16 60 0.099644 22222222222222222222222222222222
512 4 16 61 0.095894 22222222222222222222222222222222
512 4 16 62 0.099540 22222222222222222222222222222222
512 4 16 63 0.101088 22222222222222222222222222222222
512 4 16 64 0.110392 22222222222222222222222222222222
512 4 16 65 0.103084 22222222222222222222222222222222
512 4 16 66 0.098177 00000000000000000000000000000000
512 4 16 67 0.102103 00000000000000000000000000000000
512 4 16 68 0.094749 22222222222222222222222222222222
512 4 16 69 0.106295 00000000000000000000000000000000
512 4 16 70 0.106782 22222222222222222222222222222222
512 4 16 71 0.107504 22222222222222222222222222222222
512 4 16 72 0.097001 22222222222222222222222222222222
512 4 16 73 0.103198 22222222222222222222222222222222
512 4 16 74 0.090544 00000000000000000000000000000000
512 4 16 75 0.105200 22222222222222222222222222222222
512 4 16 76 0.107245 22222222222222222222222222222222
512 4 16 77 0.098033 22222222222222222222222222222222
512 4 16 78 0.105914 22222222222222222222222222222222
512 4 16 79 0.108793 22222222222222222222222222222222
512 4 16 80 0.093462 00000000000000000000000000000000
512 4 16 81 0.099947 22222222222222222222222222222222
512 4 16 82 0.095017 22222222222222222200000000000000
512 4 16 83 0.095781 22222222222222222222222222222222
512 4 16 84 0.112327 22222222222222222222222222222222
512 4 16 85 0.101471 22222222222222222222222222222222
512 4 16 86 0.101713 22222222222222222222222222222222
512 4 16 87 0.107431 22222222222222222222222222222222
512 4 16 88 0.103402 00000000000000000000000000000000
512 4 16 89 0.097566 22222222222222222222222222222222
512 4 16 90 0.099895 22222222222222222222222222222222
512 4 16 91 0.108772 00000000000000000000000000000000
512 4 16 92 0.112157 22222222222222222222222222222222
512 4 16 93 0.102294 22222222222222222222222222222222
512 4 16 94 0.102991 22222222222222222222222222222222
512 4 16 95 0.099063 22222222222222222222222222222222
512 4 16 96 0.094001 22222222222222222222222222222222
512 4 16 97 0.097913 22222222222222222222222222222222
512 4 16 98 0.099157 22222222222222222222222222222222
512 4 16 99 0.111210 22222222222222222222222222222222
512 4 32 0 0.050811 2222222222222222
512 4 32 1 0.053974 0000000000000000
512 4 32 2 0.052517 2222222222222222
512 4 32 3 0.051859 2222222222222222
512 4 32 4 0.047704 0000000000000000
512 4 32 5 0.053453 2222222222222222
512 4 32 6 0.051426 2222222222222222
512 4 32 7 0.052070 0000000000000000
512 4 32 8 0.050249 2222222222222222
512 4 32 9 0.056628 0000000000000000
512 4 32 10 0.053672 2222222222222222
512 4 32 11 0.052984 2222222222222222
512 4 32 12 0.048511 2222222222222222
512 4 32 13 0.053957 2222222222222222
512 4 32 14 0.054636 2222222222222222
512 4 32 15 0.047065 2222222222222222
512 4 32 16 0.056198 2222222222222222
512 4 32 17 0.053373 2222222222222222
512 4 32 18 0.047532 2222222222222222
512 4 32 19 0.045534 2222222222222222
512 4 32 20 0.049114 2222222222222222
512 4 32 21 0.049546 0000000000000000
512 4 32 22 0.051125 2222222222222222
512 4 32 23 0.045912 2222222222222222
512 4 32 24 0.053870 2222222222222222
512 4 32 25 0.048491 2222222222222222
512 4 32 26 0.048922 2222222222222222
512 4 32 27 0.052728 2222222222222222
512 4 32 28 0.050888 0000000000000000
512 4 32 29 0.049299 2222222222222222
512 4 32 30 0.048169 2222222222222222
512 4 32 31 0.050960 2222222222222222
512 4 32 32 0.055471 2222222222222222
512 4 32 33 0.047265 2222222222222222
512 4 32 34 0.050602 2222222222222222
512 4 32 35 0.053746 2222222222222222
512 4 32 36 0.054053 2222222222222222
512 4 32 37 0.051807 0000000000000000
512 4 32 38 0.044513 2222222222222222
512 4 32 39 0.054560 0000000000000000
512 4 32 40 0.050274 2222222222222222
512 4 32 41 0.050517 2222222222222222
512 4 32 42 0.054712 2222222222222222
512 4 32 43 0.053127 2222222222222222
512 4 32 44 0.058800 2222222222222222
512 4 32 45 0.051941 2222222222222222
512 4 32 46 0.058092 2222222222222222
512 4 32 47 0.049856 2222222222222222
512 4 32 48 0.057883 2222222222222222
512 4 32 49 0.047423 2222222222222222
512 4 32 50 0.046627 2222222222222222
512 4 32 51 0.050474 2222222222222222
512 4 32 52 0.050470 2222222222222222
512 4 32 53 0.050532 2222222222222222
512 4 32 54 0.048382 2222222222222222
512 4 32 55 0.048493 2222222222222222
512 4 32 56 0.049320 2222222222222222
512 4 32 57 0.047264 2222222222222222
512 4 32 58 0.047728 2222222222222222
512 4 32 59 0.053977 2222222222222222
512 4 32 60 0.052043 2222222222222222
512 4 32 61 0.049805 2222222222222222
512 4 32 62 0.052217 2222222222222222
512 4 32 63 0.051804 2222222222222222
512 4 32 64 0.056958 2222222222222222
512 4 32 65 0.053470 2222222222222222
512 4 32 66 0.052829 0000000000000000
512 4 32 67 0.050913 0000000000000000
512 4 32 68 0.047780 2222222222222222
512 4 32 69 0.054017 0000000000000000
512 4 32 70 0.054903 2222222222222222
512 4 32 71 0.056866 2222222222222222
512 4 32 72 0.050604 2222222222222222
512 4 32 73 0.052946 2222222222222222
512 4 32 74 0.046558 0000000000000000
512 4 32 75 0.054409 2222222222222222
512 4 32 76 0.054255 2222222222222222
512 4 32 77 0.050062 2222222222222222
512 4 32 78 0.052053 2222222222222222
512 4 32 79 0.054178 2222222222222222
512 4 32 80 0.048617 0000000000000000
512 4 32 81 0.051429 2222222222222222
512 4 32 82 0.049810 2222222220000000
512 4 32 83 0.048954 2222222222222222
512 4 32 84 0.058763 2222222222222222
512 4 32 85 0.052824 2222222222222222
512 4 32 86 0.051969 2222222222222222
512 4 32 87 0.053581 2222222222222222
512 4 32 88 0.053010 0000000000000000
512 4 32 89 0.049610 2222222222222222
512 4 32 90 0.052384 2222222222222222
512 4 32 91 0.057204 0000000000000000
512 4 32 92 0.055791 2222222222222222
512 4 32 93 0.053137 2222222222222222
512 4 32 94 0.054244 2222222222222222
512 4 32 95 0.052577 2222222222222222
512 4 32 96 0.048905 2222222222222222
512 4 32 97 0.050947 2222222222222222
512 4 32 98 0.052006 2222222222222222
512 4 32 99 0.056797 2222222222222222
512 8 16 0 0.319390 22222222222222222222222222222222
512 8 16 1 0.343267 00000000000000000000000000000000
512 8 16 2 0.337813 22222222222222222222222222222222
512 8 16 3 0.328450 22222222222222222222222222222222
512 8 16 4 0.303937 00000000000000000000000000000000
512 8 16 5 0.324541 22222222222222222222222222222222
512 8 16 6 0.325386 22222222222222222222222222222222
512 8 16 7 0.315738 00000000000000000000000000000000
512 8 16 8 0.311080 22222222222222222222222222222222
512 8 16 9 0.411970 00000000000000000000000000000000
512 8 16 10 0.327209 22222222222222222222222222222222
512 8 16 11 0.314402 22222222222222222222222222222222
512 8 16 12 0.308055 22222222222222222222222222222222
512 8 16 13 0.331829 22222222222222222222222222222222
512 8 16 14 0.363882 22222222222222222222222222222222
512 8 16 15 0.308171 22222222222222222222222222222222
512 8 16 16 0.372025 22222222222222222222222222222222
512 8 16 17 0.321460 22222222222222222222222222222222
512 8 16 18 0.285740 22222222222222222222222222222222
512 8 16 19 0.281908 22222222222222222222222222222222
512 8 16 20 0.307850 22222222222222222222222222222222
512 8 16 21 0.300521 00000000000000000000000000000000
512 8 16 22 0.315289 22222222222222222222222222222222
512 8 16 23 0.291882 22222222222222222222222222222222
512 8 16 24 0.329882 22222222222222222222222222222222
512 8 16 25 0.294220 22222222222222222222222222222222
512 8 16 26 0.311831 22222222222222222222222222222222
512 8 16 27 0.333954 22222222222222222222222222222222
512 8 16 28 0.309347 00000000000000000000000000000000
512 8 16 29 0.310980 22222222222222222222222222222222
512 8 16 30 0.311461 22222222222222222222222222222222
512 8 16 31 0.338894 22222222222222222222222222222222
512 8 16 32 0.364516 22222222222222222222222222222222
512 8 16 33 0.291699 22222222222222222222222222222222
512 8 16 34 0.308119 22222222222222222222222222222222
512 8 16 35 0.326491 22222222222222222222222222222222
512 8 16 36 0.345024 22222222222222222222222222222222
512 8 16 37 0.349282 00000000000000000000000000000000
512 8 16 38 0.275939 22222222222222222222222222222222
512 8 16 39 0.349402 00000000000000000000000000000000
512 8 16 40 0.312357 22222222222222222222222222222222
512 8 16 41 0.314826 22222222222222222222222222222222
512 8 16 42 0.337800 22222222222222222222222222222222
512 8 16 43 0.346194 22222222222222222222222222222222
512 8 16 44 0.364227 22222222222222222222222222222222
512 8 16 45 0.327374 22222222222222222222222222222222
512 8 16 46 0.352137 22222222222222222222222222222222
512 8 16 47 0.290670 22222222222222222222222222222222
512 8 16 48 0.365306 22222222222222222222222222222222
512 8 16 49 0.314942 22222222222222222222222222222222
512 8 16 50 0.312092 22222222222222222222222222222222
512 8 16 51 0.326317 22222222222222222222222222222222
512 8 16 52 0.313420 22222222222222222222222222222222
512 8 16 53 0.306493 22222222222222222222222222222222
512 8 16 54 0.301134 22222222222222222222222222222222
512 8 16 55 0.305178 22222222222222222222222222222222
512 8 16 56 0.312268 22222222222222222222222222222222
512 8 16 57 0.292766 22222222222222222222222222222222
512 8 16 58 0.306723 22222222222222222222222222222222
512 8 16 59 0.341285 22222222222222222222222222222222
512 8 16 60 0.317972 22222222222222222222222222222222
512 8 16 61 0.294333 22222222222222222222222222222222
512 8 16 62 0.319535 22222222222222222222222222222222
512 8 16 63 0.329779 22222222222222222222222222222222
512 8 16 64 0.378117 22222222222222222222222222222222
512 8 16 65 0.338481 22222222222222222222222222222222
512 8 16 66 0.313270 00000000000000000000000000000000
512 8 16 67 0.326276 00000000000000000000000000000000
512 8 16 68 0.285263 22222222222222222222222222222222
512 8 16 69 0.343840 00000000000000000000000000000000
512 8 16 70 0.339297 22222222222222222222222222222222
512 8 16 71 0.349583 22222222222222222222222222222222
512 8 16 72 0.304482 22222222222222222222222222222222
512 8 16 73 0.333714 22222222222222222222222222222222
512 8 16 74 0.292359 00000000000000000000000000000000
512 8 16 75 0.328959 22222222222222222222222222222222
512 8 16 76 0.338911 22222222222222222222222222222222
512 8 16 77 0.330158 22222222222222222222222222222222
512 8 16 78 0.334113 22222222222222222222222222222222
512 8 16 79 0.343577 22222222222222222222222222222222
512 8 16 80 0.304395 00000000000000000000000000000000
512 8 16 81 0.310308 22222222222222222222222222222222
512 8 16 82 0.319386 22222222222222222222222222222222
512 8 16 83 0.314400 22222222222222222222222222222222
512 8 16 84 0.368596 22222222222222222222222222222222
512 8 16 85 0.331285 22222222222222222222222222222222
512 8 16 86 0.318613 22222222222222222222222222222222
512 8 16 87 0.330836 22222222222222222222222222222222
512 8 16 88 0.349310 00000000000000000000000000000000
512 8 16 89 0.316493 22222222222222222222222222222222
512 8 16 90 0.312151 22222222222222222222222222222222
512 8 16 91 0.359716 00000000000000000000000000000000
512 8 16 92 0.348762 22222222222222222222222222222222
512 8 16 93 0.327296 22222222222222222222222222222222
512 8 16 94 0.330395 22222222222222222222222222222222
512 8 16 95 0.322706 22222222222222222222222222222222
512 8 16 96 0.305550 22222222222222222222222222222222
512 8 16 97 0.327029 22222222222222222222222222222222
512 8 16 98 0.320436 22222222222222222222222222222222
512 8 16 99 0.371002 22222222222222222222222222222222
512 8 32 0 0.172219 2222222222222222
512 8 32 1 0.178592 0000000000000000
512 8 32 2 0.172967 2222222222222222
512 8 32 3 0.164094 2222222222222222
512 8 32 4 0.159852 0000000000000000
512 8 32 5 0.175686 2222222222222222
512 8 32 6 0.170028 2222222222222222
512 8 32 7 0.161258 0000000000000000
512 8 32 8 0.159425 2222222222222222
512 8 32 9 0.186074 0000000000000000
512 8 32 10 0.179851 2222222222222222
512 8 32 11 0.162633 2222222222222222
512 8 32 12 0.156747 2222222222222222
512 8 32 13 0.174335 2222222222222222
512 8 32 14 0.175152 2222222222222222
512 8 32 15 0.149507 2222222222222222
512 8 32 16 0.186489 2222222222222222
512 8 32 17 0.167226 2222222222222222
512 8 32 18 0.153735 2222222222222222
512 8 32 19 0.142194 2222222222222222
512 8 32 20 0.161071 2222222222222222
512 8 32 21 0.159003 0000000000000000
512 8 32 22 0.154789 2222222222222222
512 8 32 23 0.150630 2222222222222222
512 8 32 24 0.170323 2222222222222222
512 8 32 25 0.149540 2222222222222222
512 8 32 26 0.153369 2222222222222222
512 8 32 27 0.168719 2222222222222222
512 8 32 28 0.168872 0000000000000000
512 8 32 29 0.162255 2222222222222222
512 8 32 30 0.168193 2222222222222222
512 8 32 31 0.167541 2222222222222222
512 8 32 32 0.183229 2222222222222222
512 8 32 33 0.156572 2222222222222222
512 8 32 34 0.159029 2222222222222222
512 8 32 35 0.170820 2222222222222222
512 8 32 36 0.180581 2222222222222222
512 8 32 37 0.178875 0000000000000000
512 8 32 38 0.135938 2222222222222222
512 8 32 39 0.172914 0000000000000000
512 8 32 40 0.161057 2222222222222222
512 8 32 41 0.164735 2222222222222222
512 8 32 42 0.179656 2222222222222222
512 8 32 43 0.169467 2222222222222222
512 8 32 44 0.187004 2222222222222222
512 8 32 45 0.184123 2222222222222222
512 8 32 46 0.179913 2222222222222222
512 8 32 47 0.150092 2222222222222222
512 8 32 48 0.192379 2222222222222222
512 8 32 49 0.160314 2222222222222222
512 8 32 50 0.153162 2222222222222222
512 8 32 51 0.172859 2222222222222222
512 8 32 52 0.164681 2222222222222222
512 8 32 53 0.159778 2222222222222222
512 8 32 54 0.155161 2222222222222222
512 8 32 55 0.153681 2222222222222222
512 8 32 56 0.155712 2222222222222222
512 8 32 57 0.151424 2222222222222222
512 8 32 58 0.154985 2222222222222222
512 8 32 59 0.175499 2222222222222222
512 8 32 60 0.171272 2222222222222222
512 8 32 61 0.157164 2222222222222222
512 8 32 62 0.167733 2222222222222222
512 8 32 63 0.183084 2222222222222222
512 8 32 64 0.188326 2222222222222222
512 8 32 65 0.171350 2222222222222222
512 8 32 66 0.158899 0000000000000000
512 8 32 67 0.172339 0000000000000000
512 8 32 68 0.146238 2222222222222222
512 8 32 69 0.182376 0000000000000000
512 8 32 70 0.177525 2222222222222222
512 8 32 71 0.180546 2222222222222222
512 8 32 72 0.168191 2222222222222222
512 8 32 73 0.167379 2222222222222222
512 8 32 74 0.145947 0000000000000000
512 8 32 75 0.171201 2222222222222222
512 8 32 76 0.171734 2222222222222222
512 8 32 77 0.173569 2222222222222222
512 8 32 78 0.169474 2222222222222222
512 8 32 79 0.172793 2222222222222222
512 8 32 80 0.160180 0000000000000000
512 8 32 81 0.163657 2222222222222222
512 8 32 82 0.170137 2222222222222222
512 8 32 83 0.158474 2222222222222222
512 8 32 84 0.186923 2222222222222222
512 8 32 85 0.167396 2222222222222222
512 8 32 86 0.170531 2222222222222222
512 8 32 87 0.170318 2222222222222222
512 8 32 88 0.174493 0000000000000000
512 8 32 89 0.161014 2222222222222222
512 8 32 90 0.162021 2222222222222222
512 8 32 91 0.183099 0000000000000000
512 8 32 92 0.176285 2222222222222222
512 8 32 93 0.172571 2222222222222222
512 8 32 94 0.169207 2222222222222222
512 8 32 95 0.172587 2222222222222222
512 8 32 96 0.155429 2222222222222222
512 8 32 97 0.173275 2222222222222222
512 8 32 98 0.163832 2222222222222222
512 8 32 99 0.187309 2222222222222222
