16 2 4 0 0.000126 2222
16 2 4 1 0.000059 1222
16 2 4 2 0.000121 2222
16 2 4 3 0.000110 2222
16 2 4 4 0.000118 2222
16 2 4 5 0.000114 2222
16 2 4 6 0.000136 2122
16 2 4 7 0.000141 2222
16 2 4 8 0.000138 1222
16 2 4 9 0.000068 2222
16 2 4 10 0.000105 0022
16 2 4 11 0.000114 2221
16 2 4 12 0.000086 2222
16 2 4 13 0.000131 2222
16 2 4 14 0.000132 2222
16 2 4 15 0.000136 2222
16 2 4 16 0.000134 2222
16 2 4 17 0.000110 2222
16 2 4 18 0.000109 2222
16 2 4 19 0.000126 2122
16 2 4 20 0.000164 2222
16 2 4 21 0.000182 2222
16 2 4 22 0.000082 2222
16 2 4 23 0.000099 2222
16 2 4 24 0.000117 2221
16 2 4 25 0.000086 1222
16 2 4 26 0.000046 1222
16 2 4 27 0.000145 0222
16 2 4 28 0.000135 2222
16 2 4 29 0.000114 2222
16 2 4 30 0.000123 2222
16 2 4 31 0.000147 2222
16 2 4 32 0.000140 2222
16 2 4 33 0.000066 2222
16 2 4 34 0.000156 2222
16 2 4 35 0.000137 2222
16 2 4 36 0.000101 2222
16 2 4 37 0.000148 2222
16 2 4 38 0.000153 2222
16 2 4 39 0.000090 1222
16 2 4 40 0.000044 2122
16 2 4 41 0.000135 2222
16 2 4 42 0.000077 2222
16 2 4 43 0.000188 2122
16 2 4 44 0.000187 2222
16 2 4 45 0.000083 1222
16 2 4 46 0.000127 2222
16 2 4 47 0.000062 0222
16 2 4 48 0.000113 0222
16 2 4 49 0.000088 1222
16 2 4 50 0.000074 2222
16 2 4 51 0.000170 2222
16 2 4 52 0.000088 2212
16 2 4 53 0.000048 0122
16 2 4 54 0.000123 2212
16 2 4 55 0.000156 2222
16 2 4 56 0.000118 0222
16 2 4 57 0.000072 1222
16 2 4 58 0.000148 2222
16 2 4 59 0.000157 2222
16 2 4 60 0.000191 2122
16 2 4 61 0.000158 2222
16 2 4 62 0.000180 2222
16 2 4 63 0.000109 2222
16 2 4 64 0.000118 2212
16 2 4 65 0.000118 2222
16 2 4 66 0.000140 2212
16 2 4 67 0.000156 2222
16 2 4 68 0.000084 0222
16 2 4 69 0.000081 2212
16 2 4 70 0.000065 2222
16 2 4 71 0.000175 2222
16 2 4 72 0.000212 2212
16 2 4 73 0.000104 2222
16 2 4 74 0.000108 2222
16 2 4 75 0.000041 1222
16 2 4 76 0.000120 0222
16 2 4 77 0.000145 2222
16 2 4 78 0.000119 1222
16 2 4 79 0.000101 2222
16 2 4 80 0.000167 2222
16 2 4 81 0.000131 2222
16 2 4 82 0.000192 2222
16 2 4 83 0.000137 2221
16 2 4 84 0.000115 2222
16 2 4 85 0.000180 2222
16 2 4 86 0.000132 0222
16 2 4 87 0.000127 2122
16 2 4 88 0.000189 2222
16 2 4 89 0.000204 2222
16 2 4 90 0.000093 2222
16 2 4 91 0.000156 2222
16 2 4 92 0.000109 2212
16 2 4 93 0.000195 2212
16 2 4 94 0.000138 1222
16 2 4 95 0.000111 2222
16 2 4 96 0.000137 2222
16 2 4 97 0.000185 2221
16 2 4 98 0.000122 2222
16 2 4 99 0.000189 2222
16 2 8 0 0.000085 22
16 2 8 1 0.000042 22
16 2 8 2 0.000066 22
16 2 8 3 0.000070 22
16 2 8 4 0.000079 22
16 2 8 5 0.000075 22
16 2 8 6 0.000081 12
16 2 8 7 0.000089 22
16 2 8 8 0.000085 22
16 2 8 9 0.000048 22
16 2 8 10 0.000056 02
16 2 8 11 0.000067 21
16 2 8 12 0.000049 22
16 2 8 13 0.000090 22
16 2 8 14 0.000082 22
16 2 8 15 0.000074 22
16 2 8 16 0.000089 22
16 2 8 17 0.000067 22
16 2 8 18 0.000079 22
16 2 8 19 0.000080 12
16 2 8 20 0.000102 22
16 2 8 21 0.000116 22
16 2 8 22 0.000056 22
16 2 8 23 0.000067 22
16 2 8 24 0.000057 21
16 2 8 25 0.000049 22
16 2 8 26 0.000030 22
16 2 8 27 0.000083 22
16 2 8 28 0.000096 22
16 2 8 29 0.000073 22
16 2 8 30 0.000078 22
16 2 8 31 0.000088 22
16 2 8 32 0.000077 22
16 2 8 33 0.000033 22
16 2 8 34 0.000097 22
16 2 8 35 0.000089 22
16 2 8 36 0.000063 22
16 2 8 37 0.000093 22
16 2 8 38 0.000095 22
16 2 8 39 0.000059 22
16 2 8 40 0.000030 12
16 2 8 41 0.000090 22
16 2 8 42 0.000054 22
16 2 8 43 0.000119 12
16 2 8 44 0.000119 22
16 2 8 45 0.000053 22
16 2 8 46 0.000069 22
16 2 8 47 0.000046 22
16 2 8 48 0.000071 22
16 2 8 49 0.000055 22
16 2 8 50 0.000048 22
16 2 8 51 0.000110 22
16 2 8 52 0.000057 22
16 2 8 53 0.000032 12
16 2 8 54 0.000080 22
16 2 8 55 0.000096 22
16 2 8 56 0.000073 22
16 2 8 57 0.000048 22
16 2 8 58 0.000098 22
16 2 8 59 0.000095 22
16 2 8 60 0.000130 12
16 2 8 61 0.000096 22
16 2 8 62 0.000111 22
16 2 8 63 0.000061 22
16 2 8 64 0.000075 22
16 2 8 65 0.000077 22
16 2 8 66 0.000095 22
16 2 8 67 0.000096 22
16 2 8 68 0.000057 22
16 2 8 69 0.000044 22
16 2 8 70 0.000042 22
16 2 8 71 0.000102 22
16 2 8 72 0.000137 22
16 2 8 73 0.000071 22
16 2 8 74 0.000068 22
16 2 8 75 0.000030 22
16 2 8 76 0.000083 22
16 2 8 77 0.000094 22
16 2 8 78 0.000079 22
16 2 8 79 0.000079 22
16 2 8 80 0.000103 22
16 2 8 81 0.000079 22
16 2 8 82 0.000123 22
16 2 8 83 0.000087 21
16 2 8 84 0.000078 22
16 2 8 85 0.000101 22
16 2 8 86 0.000088 22
16 2 8 87 0.000067 12
16 2 8 88 0.000121 22
16 2 8 89 0.000127 22
16 2 8 90 0.000069 22
16 2 8 91 0.000094 22
16 2 8 92 0.000074 22
16 2 8 93 0.000119 22
16 2 8 94 0.000081 22
16 2 8 95 0.000064 22
16 2 8 96 0.000074 22
16 2 8 97 0.000113 21
16 2 8 98 0.000080 22
16 2 8 99 0.000120 22
16 2 16 0 0.000066 2
16 2 16 1 0.000028 2
16 2 16 2 0.000058 2
16 2 16 3 0.000050 2
16 2 16 4 0.000061 2
16 2 16 5 0.000049 2
16 2 16 6 0.000063 2
16 2 16 7 0.000064 2
16 2 16 8 0.000068 2
16 2 16 9 0.000038 2
16 2 16 10 0.000041 2
16 2 16 11 0.000049 1
16 2 16 12 0.000040 2
16 2 16 13 0.000068 2
16 2 16 14 0.000058 2
16 2 16 15 0.000053 2
16 2 16 16 0.000062 2
16 2 16 17 0.000051 2
16 2 16 18 0.000066 2
16 2 16 19 0.000058 2
16 2 16 20 0.000075 2
16 2 16 21 0.000075 2
16 2 16 22 0.000041 2
16 2 16 23 0.000062 2
16 2 16 24 0.000039 1
16 2 16 25 0.000040 2
16 2 16 26 0.000023 2
16 2 16 27 0.000051 2
16 2 16 28 0.000064 2
16 2 16 29 0.000053 2
16 2 16 30 0.000054 2
16 2 16 31 0.000060 2
16 2 16 32 0.000054 2
16 2 16 33 0.000021 2
16 2 16 34 0.000059 2
16 2 16 35 0.000053 2
16 2 16 36 0.000043 2
16 2 16 37 0.000054 2
16 2 16 38 0.000067 2
16 2 16 39 0.000049 2
16 2 16 40 0.000023 2
16 2 16 41 0.000063 2
16 2 16 42 0.000038 2
16 2 16 43 0.000083 2
16 2 16 44 0.000079 2
16 2 16 45 0.000040 2
16 2 16 46 0.000055 2
16 2 16 47 0.000032 2
16 2 16 48 0.000064 2
16 2 16 49 0.000040 2
16 2 16 50 0.000037 2
16 2 16 51 0.000076 2
16 2 16 52 0.000039 2
16 2 16 53 0.000027 2
16 2 16 54 0.000058 2
16 2 16 55 0.000064 2
16 2 16 56 0.000057 2
16 2 16 57 0.000047 2
16 2 16 58 0.000071 2
16 2 16 59 0.000068 2
16 2 16 60 0.000080 2
16 2 16 61 0.000063 2
16 2 16 62 0.000076 2
16 2 16 63 0.000054 2
16 2 16 64 0.000048 2
16 2 16 65 0.000059 2
16 2 16 66 0.000069 2
16 2 16 67 0.000069 2
16 2 16 68 0.000044 2
16 2 16 69 0.000028 2
16 2 16 70 0.000034 2
16 2 16 71 0.000081 2
16 2 16 72 0.000099 2
16 2 16 73 0.000050 2
16 2 16 74 0.000049 2
16 2 16 75 0.000025 2
16 2 16 76 0.000059 2
16 2 16 77 0.000067 2
16 2 16 78 0.000061 2
16 2 16 79 0.000046 2
16 2 16 80 0.000073 2
16 2 16 81 0.000063 2
16 2 16 82 0.000086 2
16 2 16 83 0.000061 1
16 2 16 84 0.000069 2
16 2 16 85 0.000076 2
16 2 16 86 0.000062 2
16 2 16 87 0.000057 2
16 2 16 88 0.000085 2
16 2 16 89 0.000086 2
16 2 16 90 0.000055 2
16 2 16 91 0.000067 2
16 2 16 92 0.000043 2
16 2 16 93 0.000090 2
16 2 16 94 0.000060 2
16 2 16 95 0.000044 2
16 2 16 96 0.000059 2
16 2 16 97 0.000080 1
16 2 16 98 0.000065 2
16 2 16 99 0.000088 2
16 4 8 0 0.000182 22
16 4 8 1 0.000064 22
16 4 8 2 0.000139 22
16 4 8 3 0.000138 22
16 4 8 4 0.000151 22
16 4 8 5 0.000144 22
16 4 8 6 0.000168 22
16 4 8 7 0.000212 22
16 4 8 8 0.000182 22
16 4 8 9 0.000088 22
16 4 8 10 0.000131 02
16 4 8 11 0.000087 22
16 4 8 12 0.000081 22
16 4 8 13 0.000193 22
16 4 8 14 0.000154 22
16 4 8 15 0.000142 22
16 4 8 16 0.000155 22
16 4 8 17 0.000143 22
16 4 8 18 0.000144 22
16 4 8 19 0.000118 22
16 4 8 20 0.000224 22
16 4 8 21 0.000229 22
16 4 8 22 0.000088 22
16 4 8 23 0.000149 22
16 4 8 24 0.000111 22
16 4 8 25 0.000114 22
16 4 8 26 0.000043 22
16 4 8 27 0.000181 22
16 4 8 28 0.000151 22
16 4 8 29 0.000134 22
16 4 8 30 0.000173 22
16 4 8 31 0.000182 22
16 4 8 32 0.000186 22
16 4 8 33 0.000064 22
16 4 8 34 0.000204 22
16 4 8 35 0.000166 22
16 4 8 36 0.000122 22
16 4 8 37 0.000152 22
16 4 8 38 0.000219 22
16 4 8 39 0.000118 22
16 4 8 40 0.000035 22
16 4 8 41 0.000160 22
16 4 8 42 0.000091 22
16 4 8 43 0.000274 22
16 4 8 44 0.000263 22
16 4 8 45 0.000102 22
16 4 8 46 0.000102 22
16 4 8 47 0.000066 22
16 4 8 48 0.000157 22
16 4 8 49 0.000106 22
16 4 8 50 0.000065 22
16 4 8 51 0.000240 22
16 4 8 52 0.000119 22
16 4 8 53 0.000065 22
16 4 8 54 0.000152 22
16 4 8 55 0.000178 22
16 4 8 56 0.000157 22
16 4 8 57 0.000106 22
16 4 8 58 0.000219 22
16 4 8 59 0.000201 22
16 4 8 60 0.000279 22
16 4 8 61 0.000214 22
16 4 8 62 0.000260 22
16 4 8 63 0.000124 22
16 4 8 64 0.000119 22
16 4 8 65 0.000160 22
16 4 8 66 0.000168 22
16 4 8 67 0.000215 22
16 4 8 68 0.000105 22
16 4 8 69 0.000054 22
16 4 8 70 0.000079 22
16 4 8 71 0.000231 22
16 4 8 72 0.000321 22
16 4 8 73 0.000096 22
16 4 8 74 0.000141 22
16 4 8 75 0.000051 22
16 4 8 76 0.000151 22
16 4 8 77 0.000192 22
16 4 8 78 0.000150 22
16 4 8 79 0.000129 22
16 4 8 80 0.000226 22
16 4 8 81 0.000172 22
16 4 8 82 0.000275 22
16 4 8 83 0.000166 22
16 4 8 84 0.000125 22
16 4 8 85 0.000245 22
16 4 8 86 0.000160 22
16 4 8 87 0.000138 22
16 4 8 88 0.000217 22
16 4 8 89 0.000298 22
16 4 8 90 0.000129 22
16 4 8 91 0.000208 22
16 4 8 92 0.000146 22
16 4 8 93 0.000272 22
16 4 8 94 0.000177 22
16 4 8 95 0.000114 22
16 4 8 96 0.000160 22
16 4 8 97 0.000254 22
16 4 8 98 0.000150 22
16 4 8 99 0.000295 22
16 4 16 0 0.000155 2
16 4 16 1 0.000047 2
16 4 16 2 0.000137 2
16 4 16 3 0.000095 2
16 4 16 4 0.000125 2
16 4 16 5 0.000092 2
16 4 16 6 0.000145 2
16 4 16 7 0.000166 2
16 4 16 8 0.000151 2
16 4 16 9 0.000080 2
16 4 16 10 0.000108 2
16 4 16 11 0.000062 2
16 4 16 12 0.000072 2
16 4 16 13 0.000156 2
16 4 16 14 0.000132 2
16 4 16 15 0.000119 2
16 4 16 16 0.000108 2
16 4 16 17 0.000123 2
16 4 16 18 0.000110 2
16 4 16 19 0.000100 2
16 4 16 20 0.000184 2
16 4 16 21 0.000148 2
16 4 16 22 0.000075 2
16 4 16 23 0.000133 2
16 4 16 24 0.000083 2
16 4 16 25 0.000102 2
16 4 16 26 0.000035 2
16 4 16 27 0.000121 2
16 4 16 28 0.000119 2
16 4 16 29 0.000115 2
16 4 16 30 0.000123 2
16 4 16 31 0.000134 2
16 4 16 32 0.000140 2
16 4 16 33 0.000047 2
16 4 16 34 0.000163 2
16 4 16 35 0.000127 2
16 4 16 36 0.000092 2
16 4 16 37 0.000135 2
16 4 16 38 0.000179 2
16 4 16 39 0.000105 2
16 4 16 40 0.000025 2
16 4 16 41 0.000106 2
16 4 16 42 0.000077 2
16 4 16 43 0.000213 2
16 4 16 44 0.000177 2
16 4 16 45 0.000087 2
16 4 16 46 0.000087 2
16 4 16 47 0.000060 2
16 4 16 48 0.000149 2
16 4 16 49 0.000080 2
16 4 16 50 0.000057 2
16 4 16 51 0.000190 2
16 4 16 52 0.000098 2
16 4 16 53 0.000059 2
16 4 16 54 0.000117 2
16 4 16 55 0.000138 2
16 4 16 56 0.000139 2
16 4 16 57 0.000095 2
16 4 16 58 0.000183 2
16 4 16 59 0.000162 2
16 4 16 60 0.000221 2
16 4 16 61 0.000162 2
16 4 16 62 0.000201 2
16 4 16 63 0.000117 2
16 4 16 64 0.000095 2
16 4 16 65 0.000143 2
16 4 16 66 0.000138 2
16 4 16 67 0.000170 2
16 4 16 68 0.000088 2
16 4 16 69 0.000037 2
16 4 16 70 0.000064 2
16 4 16 71 0.000195 2
16 4 16 72 0.000255 2
16 4 16 73 0.000076 2
16 4 16 74 0.000113 2
16 4 16 75 0.000045 2
16 4 16 76 0.000115 2
16 4 16 77 0.000157 2
16 4 16 78 0.000129 2
16 4 16 79 0.000084 2
16 4 16 80 0.000180 2
16 4 16 81 0.000142 2
16 4 16 82 0.000219 2
16 4 16 83 0.000142 2
16 4 16 84 0.000107 2
16 4 16 85 0.000201 2
16 4 16 86 0.000128 2
16 4 16 87 0.000115 2
16 4 16 88 0.000166 2
16 4 16 89 0.000222 2
16 4 16 90 0.000142 2
16 4 16 91 0.000169 2
16 4 16 92 0.000110 2
16 4 16 93 0.000224 2
16 4 16 94 0.000142 2
16 4 16 95 0.000081 2
16 4 16 96 0.000132 2
16 4 16 97 0.000202 2
16 4 16 98 0.000132 2
16 4 16 99 0.000236 2
16 8 16 0 0.000256 2
16 8 16 1 0.000062 2
16 8 16 2 0.000206 2
16 8 16 3 0.000179 2
16 8 16 4 0.000205 2
16 8 16 5 0.000139 2
16 8 16 6 0.000188 2
16 8 16 7 0.000248 2
16 8 16 8 0.000209 2
16 8 16 9 0.000110 2
16 8 16 10 0.000144 2
16 8 16 11 0.000124 2
16 8 16 12 0.000087 2
16 8 16 13 0.000262 2
16 8 16 14 0.000199 2
16 8 16 15 0.000194 2
16 8 16 16 0.000171 2
16 8 16 17 0.000180 2
16 8 16 18 0.000142 2
16 8 16 19 0.000173 2
16 8 16 20 0.000311 2
16 8 16 21 0.000313 2
16 8 16 22 0.000124 2
16 8 16 23 0.000170 2
16 8 16 24 0.000079 2
16 8 16 25 0.000143 2
16 8 16 26 0.000041 2
16 8 16 27 0.000106 2
16 8 16 28 0.000222 2
16 8 16 29 0.000200 2
16 8 16 30 0.000129 2
16 8 16 31 0.000198 2
16 8 16 32 0.000218 2
16 8 16 33 0.000069 2
16 8 16 34 0.000199 2
16 8 16 35 0.000164 2
16 8 16 36 0.000115 2
16 8 16 37 0.000138 2
16 8 16 38 0.000204 2
16 8 16 39 0.000119 2
16 8 16 40 0.000038 2
16 8 16 41 0.000181 2
16 8 16 42 0.000121 2
16 8 16 43 0.000382 2
16 8 16 44 0.000309 2
16 8 16 45 0.000136 2
16 8 16 46 0.000152 2
16 8 16 47 0.000069 2
16 8 16 48 0.000160 2
16 8 16 49 0.000092 2
16 8 16 50 0.000096 2
16 8 16 51 0.000299 2
16 8 16 52 0.000166 2
16 8 16 53 0.000078 2
16 8 16 54 0.000160 2
16 8 16 55 0.000249 2
16 8 16 56 0.000139 2
16 8 16 57 0.000118 2
16 8 16 58 0.000261 2
16 8 16 59 0.000268 2
16 8 16 60 0.000329 2
16 8 16 61 0.000228 2
16 8 16 62 0.000246 2
16 8 16 63 0.000158 2
16 8 16 64 0.000145 2
16 8 16 65 0.000164 2
16 8 16 66 0.000203 2
16 8 16 67 0.000247 2
16 8 16 68 0.000106 2
16 8 16 69 0.000073 2
16 8 16 70 0.000097 2
16 8 16 71 0.000343 2
16 8 16 72 0.000396 2
16 8 16 73 0.000119 2
16 8 16 74 0.000142 2
16 8 16 75 0.000063 2
16 8 16 76 0.000239 2
16 8 16 77 0.000237 2
16 8 16 78 0.000193 2
16 8 16 79 0.000175 2
16 8 16 80 0.000242 2
16 8 16 81 0.000231 2
16 8 16 82 0.000371 2
16 8 16 83 0.000180 2
16 8 16 84 0.000183 2
16 8 16 85 0.000360 2
16 8 16 86 0.000173 2
16 8 16 87 0.000127 2
16 8 16 88 0.000328 2
16 8 16 89 0.000405 2
16 8 16 90 0.000179 2
16 8 16 91 0.000200 2
16 8 16 92 0.000149 2
16 8 16 93 0.000361 2
16 8 16 94 0.000221 2
16 8 16 95 0.000153 2
16 8 16 96 0.000160 2
16 8 16 97 0.000189 2
16 8 16 98 0.000219 2
16 8 16 99 0.000430 2
32 2 4 0 0.000532 22221222
32 2 4 1 0.000503 22222122
32 2 4 2 0.000591 22222222
32 2 4 3 0.000568 22222222
32 2 4 4 0.000626 22222222
32 2 4 5 0.000500 21222222
32 2 4 6 0.000701 22222122
32 2 4 7 0.000258 21222222
32 2 4 8 0.000456 20222222
32 2 4 9 0.000506 21222222
32 2 4 10 0.000501 22222222
32 2 4 11 0.000671 22222212
32 2 4 12 0.000460 22222122
32 2 4 13 0.000728 22221222
32 2 4 14 0.000562 22222222
32 2 4 15 0.000610 22222222
32 2 4 16 0.000670 12222222
32 2 4 17 0.000579 02222222
32 2 4 18 0.000462 22222222
32 2 4 19 0.000794 22222222
32 2 4 20 0.000457 22222222
32 2 4 21 0.000607 12222222
32 2 4 22 0.000707 22222222
32 2 4 23 0.000650 22222222
32 2 4 24 0.000553 22222222
32 2 4 25 0.000514 22222222
32 2 4 26 0.000575 22222222
32 2 4 27 0.000293 02222212
32 2 4 28 0.000681 22222222
32 2 4 29 0.000838 22222222
32 2 4 30 0.000513 22222222
32 2 4 31 0.000548 22222222
32 2 4 32 0.000444 22122222
32 2 4 33 0.000354 22222222
32 2 4 34 0.000618 22222222
32 2 4 35 0.000524 22222222
32 2 4 36 0.000573 22222222
32 2 4 37 0.000357 22222222
32 2 4 38 0.000532 22212221
32 2 4 39 0.000252 02122222
32 2 4 40 0.000460 22222222
32 2 4 41 0.000495 22222222
32 2 4 42 0.000582 22222221
32 2 4 43 0.000588 22222222
32 2 4 44 0.000550 22212221
32 2 4 45 0.000690 22122222
32 2 4 46 0.000585 22222222
32 2 4 47 0.000489 01222222
32 2 4 48 0.000315 02222221
32 2 4 49 0.000537 22222222
32 2 4 50 0.000703 22212212
32 2 4 51 0.000463 22222222
32 2 4 52 0.000329 02222222
32 2 4 53 0.000452 22222022
32 2 4 54 0.000385 12122112
32 2 4 55 0.000401 22222222
32 2 4 56 0.000540 22222222
32 2 4 57 0.000833 22222211
32 2 4 58 0.000717 22222222
32 2 4 59 0.000477 22222222
32 2 4 60 0.000617 22222222
32 2 4 61 0.000559 12222222
32 2 4 62 0.000514 21222222
32 2 4 63 0.000392 22222222
32 2 4 64 0.000445 22211222
32 2 4 65 0.000622 22222222
32 2 4 66 0.000564 21222221
32 2 4 67 0.000548 22221222
32 2 4 68 0.000375 22222022
32 2 4 69 0.000447 12211222
32 2 4 70 0.000417 22222211
32 2 4 71 0.000491 22222222
32 2 4 72 0.000505 22222222
32 2 4 73 0.000637 22221222
32 2 4 74 0.000596 22222222
32 2 4 75 0.000547 22222211
32 2 4 76 0.000546 22222222
32 2 4 77 0.000635 22222222
32 2 4 78 0.000445 22222222
32 2 4 79 0.000519 22222122
32 2 4 80 0.000354 12222222
32 2 4 81 0.000611 22222222
32 2 4 82 0.000604 12222222
32 2 4 83 0.000479 22222222
32 2 4 84 0.000626 22222222
32 2 4 85 0.000541 22222222
32 2 4 86 0.000526 22222222
32 2 4 87 0.000428 12222222
32 2 4 88 0.000482 21222122
32 2 4 89 0.000543 22222222
32 2 4 90 0.000594 22222222
32 2 4 91 0.000701 12222212
32 2 4 92 0.000421 22122222
32 2 4 93 0.000506 22222222
32 2 4 94 0.000437 22222222
32 2 4 95 0.000236 12222222
32 2 4 96 0.000510 22122222
32 2 4 97 0.000606 12212220
32 2 4 98 0.000811 22222222
32 2 4 99 0.000600 12212222
32 2 8 0 0.000303 2222
32 2 8 1 0.000289 2212
32 2 8 2 0.000323 2222
32 2 8 3 0.000317 2222
32 2 8 4 0.000341 2222
32 2 8 5 0.000279 1222
32 2 8 6 0.000403 2212
32 2 8 7 0.000149 1222
32 2 8 8 0.000264 0222
32 2 8 9 0.000273 1222
32 2 8 10 0.000272 2222
32 2 8 11 0.000386 2222
32 2 8 12 0.000240 2212
32 2 8 13 0.000407 2222
32 2 8 14 0.000298 2222
32 2 8 15 0.000347 2222
32 2 8 16 0.000386 2222
32 2 8 17 0.000335 2222
32 2 8 18 0.000270 2222
32 2 8 19 0.000439 2222
32 2 8 20 0.000251 2222
32 2 8 21 0.000348 2222
32 2 8 22 0.000406 2222
32 2 8 23 0.000346 2222
32 2 8 24 0.000331 2222
32 2 8 25 0.000245 2222
32 2 8 26 0.000327 2222
32 2 8 27 0.000175 2222
32 2 8 28 0.000397 2222
32 2 8 29 0.000473 2222
32 2 8 30 0.000295 2222
32 2 8 31 0.000313 2222
32 2 8 32 0.000250 2222
32 2 8 33 0.000191 2222
32 2 8 34 0.000331 2222
32 2 8 35 0.000302 2222
32 2 8 36 0.000337 2222
32 2 8 37 0.000203 2222
32 2 8 38 0.000299 2121
32 2 8 39 0.000144 2222
32 2 8 40 0.000258 2222
32 2 8 41 0.000278 2222
32 2 8 42 0.000327 2221
32 2 8 43 0.000331 2222
32 2 8 44 0.000323 2121
32 2 8 45 0.000407 2222
32 2 8 46 0.000312 2222
32 2 8 47 0.000286 1222
32 2 8 48 0.000171 2221
32 2 8 49 0.000288 2222
32 2 8 50 0.000404 2122
32 2 8 51 0.000259 2222
32 2 8 52 0.000200 2222
32 2 8 53 0.000261 2202
32 2 8 54 0.000218 2212
32 2 8 55 0.000226 2222
32 2 8 56 0.000306 2222
32 2 8 57 0.000461 2221
32 2 8 58 0.000401 2222
32 2 8 59 0.000257 2222
32 2 8 60 0.000364 2222
32 2 8 61 0.000303 2222
32 2 8 62 0.000289 1222
32 2 8 63 0.000226 2222
32 2 8 64 0.000266 2122
32 2 8 65 0.000361 2222
32 2 8 66 0.000320 1221
32 2 8 67 0.000319 2222
32 2 8 68 0.000200 2202
32 2 8 69 0.000252 2122
32 2 8 70 0.000239 2221
32 2 8 71 0.000281 2222
32 2 8 72 0.000296 2222
32 2 8 73 0.000368 2222
32 2 8 74 0.000322 2222
32 2 8 75 0.000279 2221
32 2 8 76 0.000324 2222
32 2 8 77 0.000366 2222
32 2 8 78 0.000244 2222
32 2 8 79 0.000277 2212
32 2 8 80 0.000205 2222
32 2 8 81 0.000358 2222
32 2 8 82 0.000341 2222
32 2 8 83 0.000268 2222
32 2 8 84 0.000368 2222
32 2 8 85 0.000293 2222
32 2 8 86 0.000294 2222
32 2 8 87 0.000246 2222
32 2 8 88 0.000259 1212
32 2 8 89 0.000312 2222
32 2 8 90 0.000347 2222
32 2 8 91 0.000402 2222
32 2 8 92 0.000231 2222
32 2 8 93 0.000275 2222
32 2 8 94 0.000224 2222
32 2 8 95 0.000136 2222
32 2 8 96 0.000302 2222
32 2 8 97 0.000315 2120
32 2 8 98 0.000460 2222
32 2 8 99 0.000334 2122
32 2 16 0 0.000193 22
32 2 16 1 0.000165 22
32 2 16 2 0.000181 22
32 2 16 3 0.000188 22
32 2 16 4 0.000201 22
32 2 16 5 0.000205 22
32 2 16 6 0.000228 22
32 2 16 7 0.000093 22
32 2 16 8 0.000180 22
32 2 16 9 0.000167 22
32 2 16 10 0.000174 22
32 2 16 11 0.000233 22
32 2 16 12 0.000146 22
32 2 16 13 0.000244 22
32 2 16 14 0.000194 22
32 2 16 15 0.000219 22
32 2 16 16 0.000242 22
32 2 16 17 0.000216 22
32 2 16 18 0.000179 22
32 2 16 19 0.000267 22
32 2 16 20 0.000162 22
32 2 16 21 0.000212 22
32 2 16 22 0.000246 22
32 2 16 23 0.000207 22
32 2 16 24 0.000187 22
32 2 16 25 0.000164 22
32 2 16 26 0.000201 22
32 2 16 27 0.000119 22
32 2 16 28 0.000244 22
32 2 16 29 0.000285 22
32 2 16 30 0.000190 22
32 2 16 31 0.000192 22
32 2 16 32 0.000150 22
32 2 16 33 0.000123 22
32 2 16 34 0.000207 22
32 2 16 35 0.000177 22
32 2 16 36 0.000210 22
32 2 16 37 0.000138 22
32 2 16 38 0.000185 11
32 2 16 39 0.000090 22
32 2 16 40 0.000158 22
32 2 16 41 0.000194 22
32 2 16 42 0.000200 21
32 2 16 43 0.000206 22
32 2 16 44 0.000181 11
32 2 16 45 0.000249 22
32 2 16 46 0.000190 22
32 2 16 47 0.000180 22
32 2 16 48 0.000104 21
32 2 16 49 0.000178 22
32 2 16 50 0.000237 12
32 2 16 51 0.000162 22
32 2 16 52 0.000131 22
32 2 16 53 0.000172 22
32 2 16 54 0.000129 22
32 2 16 55 0.000136 22
32 2 16 56 0.000196 22
32 2 16 57 0.000261 21
32 2 16 58 0.000236 22
32 2 16 59 0.000148 22
32 2 16 60 0.000233 22
32 2 16 61 0.000197 22
32 2 16 62 0.000184 22
32 2 16 63 0.000141 22
32 2 16 64 0.000165 12
32 2 16 65 0.000229 22
32 2 16 66 0.000196 21
32 2 16 67 0.000195 22
32 2 16 68 0.000127 22
32 2 16 69 0.000158 12
32 2 16 70 0.000136 21
32 2 16 71 0.000186 22
32 2 16 72 0.000177 22
32 2 16 73 0.000230 22
32 2 16 74 0.000189 22
32 2 16 75 0.000173 21
32 2 16 76 0.000203 22
32 2 16 77 0.000216 22
32 2 16 78 0.000142 22
32 2 16 79 0.000166 22
32 2 16 80 0.000139 22
32 2 16 81 0.000225 22
32 2 16 82 0.000208 22
32 2 16 83 0.000156 22
32 2 16 84 0.000240 22
32 2 16 85 0.000187 22
32 2 16 86 0.000180 22
32 2 16 87 0.000143 22
32 2 16 88 0.000155 22
32 2 16 89 0.000186 22
32 2 16 90 0.000200 22
32 2 16 91 0.000241 22
32 2 16 92 0.000143 22
32 2 16 93 0.000159 22
32 2 16 94 0.000150 22
32 2 16 95 0.000083 22
32 2 16 96 0.000181 22
32 2 16 97 0.000199 10
32 2 16 98 0.000287 22
32 2 16 99 0.000206 12
32 2 32 0 0.000135 2
32 2 32 1 0.000121 2
32 2 32 2 0.000130 2
32 2 32 3 0.000130 2
32 2 32 4 0.000128 2
32 2 32 5 0.000118 2
32 2 32 6 0.000151 2
32 2 32 7 0.000064 2
32 2 32 8 0.000136 2
32 2 32 9 0.000133 2
32 2 32 10 0.000124 2
32 2 32 11 0.000160 2
32 2 32 12 0.000121 2
32 2 32 13 0.000142 2
32 2 32 14 0.000123 2
32 2 32 15 0.000151 2
32 2 32 16 0.000166 2
32 2 32 17 0.000152 2
32 2 32 18 0.000127 2
32 2 32 19 0.000187 2
32 2 32 20 0.000125 2
32 2 32 21 0.000141 2
32 2 32 22 0.000169 2
32 2 32 23 0.000134 2
32 2 32 24 0.000127 2
32 2 32 25 0.000112 2
32 2 32 26 0.000145 2
32 2 32 27 0.000085 2
32 2 32 28 0.000173 2
32 2 32 29 0.000182 2
32 2 32 30 0.000131 2
32 2 32 31 0.000148 2
32 2 32 32 0.000098 2
32 2 32 33 0.000088 2
32 2 32 34 0.000150 2
32 2 32 35 0.000123 2
32 2 32 36 0.000139 2
32 2 32 37 0.000105 2
32 2 32 38 0.000128 1
32 2 32 39 0.000070 2
32 2 32 40 0.000117 2
32 2 32 41 0.000109 2
32 2 32 42 0.000132 1
32 2 32 43 0.000131 2
32 2 32 44 0.000126 1
32 2 32 45 0.000181 2
32 2 32 46 0.000152 2
32 2 32 47 0.000133 2
32 2 32 48 0.000072 1
32 2 32 49 0.000144 2
32 2 32 50 0.000156 2
32 2 32 51 0.000107 2
32 2 32 52 0.000100 2
32 2 32 53 0.000119 2
32 2 32 54 0.000093 2
32 2 32 55 0.000088 2
32 2 32 56 0.000136 2
32 2 32 57 0.000168 1
32 2 32 58 0.000158 2
32 2 32 59 0.000101 2
32 2 32 60 0.000166 2
32 2 32 61 0.000123 2
32 2 32 62 0.000131 2
32 2 32 63 0.000107 2
32 2 32 64 0.000119 2
32 2 32 65 0.000141 2
32 2 32 66 0.000132 1
32 2 32 67 0.000137 2
32 2 32 68 0.000080 2
32 2 32 69 0.000123 2
32 2 32 70 0.000086 1
32 2 32 71 0.000129 2
32 2 32 72 0.000121 2
32 2 32 73 0.000158 2
32 2 32 74 0.000138 2
32 2 32 75 0.000108 1
32 2 32 76 0.000147 2
32 2 32 77 0.000149 2
32 2 32 78 0.000105 2
32 2 32 79 0.000120 2
32 2 32 80 0.000099 2
32 2 32 81 0.000150 2
32 2 32 82 0.000148 2
32 2 32 83 0.000107 2
32 2 32 84 0.000162 2
32 2 32 85 0.000121 2
32 2 32 86 0.000117 2
32 2 32 87 0.000098 2
32 2 32 88 0.000107 2
32 2 32 89 0.000128 2
32 2 32 90 0.000143 2
32 2 32 91 0.000153 2
32 2 32 92 0.000092 2
32 2 32 93 0.000108 2
32 2 32 94 0.000119 2
32 2 32 95 0.000067 2
32 2 32 96 0.000136 2
32 2 32 97 0.000136 0
32 2 32 98 0.000188 2
32 2 32 99 0.000151 2
32 4 8 0 0.000736 2222
32 4 8 1 0.000656 2222
32 4 8 2 0.000789 2222
32 4 8 3 0.000790 2222
32 4 8 4 0.000872 2222
32 4 8 5 0.000562 2222
32 4 8 6 0.000964 2222
32 4 8 7 0.000271 2222
32 4 8 8 0.000474 2222
32 4 8 9 0.000568 2222
32 4 8 10 0.000659 2222
32 4 8 11 0.001034 2222
32 4 8 12 0.000470 2222
32 4 8 13 0.001113 2222
32 4 8 14 0.000776 2222
32 4 8 15 0.000841 2222
32 4 8 16 0.000956 2222
32 4 8 17 0.000800 2222
32 4 8 18 0.000634 2222
32 4 8 19 0.001117 2222
32 4 8 20 0.000582 2222
32 4 8 21 0.000818 2222
32 4 8 22 0.001026 2222
32 4 8 23 0.000799 2222
32 4 8 24 0.000603 2222
32 4 8 25 0.000570 2222
32 4 8 26 0.000780 2222
32 4 8 27 0.000380 2222
32 4 8 28 0.000993 2222
32 4 8 29 0.001241 2222
32 4 8 30 0.000641 2222
32 4 8 31 0.000618 2222
32 4 8 32 0.000585 2222
32 4 8 33 0.000457 2222
32 4 8 34 0.000895 2222
32 4 8 35 0.000712 2222
32 4 8 36 0.000828 2222
32 4 8 37 0.000471 2222
32 4 8 38 0.000748 2222
32 4 8 39 0.000321 2222
32 4 8 40 0.000611 2222
32 4 8 41 0.000682 2222
32 4 8 42 0.000837 2222
32 4 8 43 0.000711 2222
32 4 8 44 0.000721 2222
32 4 8 45 0.000966 2222
32 4 8 46 0.000824 2222
32 4 8 47 0.000575 2222
32 4 8 48 0.000339 2222
32 4 8 49 0.000793 2222
32 4 8 50 0.000998 2222
32 4 8 51 0.000605 2222
32 4 8 52 0.000432 2222
32 4 8 53 0.000637 2222
32 4 8 54 0.000492 2222
32 4 8 55 0.000491 2222
32 4 8 56 0.000803 2222
32 4 8 57 0.001203 2221
32 4 8 58 0.001006 2222
32 4 8 59 0.000589 2222
32 4 8 60 0.000943 2222
32 4 8 61 0.000796 2222
32 4 8 62 0.000713 2222
32 4 8 63 0.000501 2222
32 4 8 64 0.000648 2222
32 4 8 65 0.000954 2222
32 4 8 66 0.000767 2222
32 4 8 67 0.000662 2222
32 4 8 68 0.000413 2222
32 4 8 69 0.000530 2222
32 4 8 70 0.000543 2221
32 4 8 71 0.000666 2222
32 4 8 72 0.000672 2222
32 4 8 73 0.000924 2222
32 4 8 74 0.000821 2222
32 4 8 75 0.000686 2221
32 4 8 76 0.000732 2222
32 4 8 77 0.000846 2222
32 4 8 78 0.000560 2222
32 4 8 79 0.000635 2222
32 4 8 80 0.000442 2222
32 4 8 81 0.000875 2222
32 4 8 82 0.000820 2222
32 4 8 83 0.000535 2222
32 4 8 84 0.000963 2222
32 4 8 85 0.000734 2222
32 4 8 86 0.000592 2222
32 4 8 87 0.000455 2222
32 4 8 88 0.000597 2222
32 4 8 89 0.000611 2222
32 4 8 90 0.000827 2222
32 4 8 91 0.001070 2222
32 4 8 92 0.000455 2222
32 4 8 93 0.000632 2222
32 4 8 94 0.000581 2222
32 4 8 95 0.000264 2222
32 4 8 96 0.000637 2222
32 4 8 97 0.000801 2222
32 4 8 98 0.001213 2222
32 4 8 99 0.000762 2222
32 4 16 0 0.000483 22
32 4 16 1 0.000370 22
32 4 16 2 0.000457 22
32 4 16 3 0.000455 22
32 4 16 4 0.000486 22
32 4 16 5 0.000374 22
32 4 16 6 0.000545 22
32 4 16 7 0.000150 22
32 4 16 8 0.000309 22
32 4 16 9 0.000373 22
32 4 16 10 0.000416 22
32 4 16 11 0.000628 22
32 4 16 12 0.000308 22
32 4 16 13 0.000686 22
32 4 16 14 0.000493 22
32 4 16 15 0.000495 22
32 4 16 16 0.000628 22
32 4 16 17 0.000516 22
32 4 16 18 0.000400 22
32 4 16 19 0.000694 22
32 4 16 20 0.000384 22
32 4 16 21 0.000508 22
32 4 16 22 0.000601 22
32 4 16 23 0.000467 22
32 4 16 24 0.000353 22
32 4 16 25 0.000354 22
32 4 16 26 0.000504 22
32 4 16 27 0.000266 22
32 4 16 28 0.000642 22
32 4 16 29 0.000769 22
32 4 16 30 0.000434 22
32 4 16 31 0.000416 22
32 4 16 32 0.000346 22
32 4 16 33 0.000288 22
32 4 16 34 0.000540 22
32 4 16 35 0.000412 22
32 4 16 36 0.000501 22
32 4 16 37 0.000313 22
32 4 16 38 0.000476 22
32 4 16 39 0.000206 22
32 4 16 40 0.000394 22
32 4 16 41 0.000424 22
32 4 16 42 0.000498 22
32 4 16 43 0.000455 22
32 4 16 44 0.000452 22
32 4 16 45 0.000653 22
32 4 16 46 0.000524 22
32 4 16 47 0.000361 22
32 4 16 48 0.000205 22
32 4 16 49 0.000474 22
32 4 16 50 0.000607 22
32 4 16 51 0.000389 22
32 4 16 52 0.000288 22
32 4 16 53 0.000364 22
32 4 16 54 0.000306 22
32 4 16 55 0.000266 22
32 4 16 56 0.000492 22
32 4 16 57 0.000649 21
32 4 16 58 0.000618 22
32 4 16 59 0.000338 22
32 4 16 60 0.000626 22
32 4 16 61 0.000519 22
32 4 16 62 0.000464 22
32 4 16 63 0.000324 22
32 4 16 64 0.000422 22
32 4 16 65 0.000572 22
32 4 16 66 0.000457 22
32 4 16 67 0.000433 22
32 4 16 68 0.000265 22
32 4 16 69 0.000332 22
32 4 16 70 0.000331 21
32 4 16 71 0.000424 22
32 4 16 72 0.000421 22
32 4 16 73 0.000599 22
32 4 16 74 0.000479 22
32 4 16 75 0.000426 21
32 4 16 76 0.000461 22
32 4 16 77 0.000523 22
32 4 16 78 0.000339 22
32 4 16 79 0.000380 22
32 4 16 80 0.000298 22
32 4 16 81 0.000557 22
32 4 16 82 0.000538 22
32 4 16 83 0.000303 22
32 4 16 84 0.000590 22
32 4 16 85 0.000479 22
32 4 16 86 0.000368 22
32 4 16 87 0.000270 22
32 4 16 88 0.000328 22
32 4 16 89 0.000397 22
32 4 16 90 0.000508 22
32 4 16 91 0.000712 22
32 4 16 92 0.000287 22
32 4 16 93 0.000343 22
32 4 16 94 0.000371 22
32 4 16 95 0.000163 22
32 4 16 96 0.000402 22
32 4 16 97 0.000524 22
32 4 16 98 0.000805 22
32 4 16 99 0.000487 22
32 4 32 0 0.000357 2
32 4 32 1 0.000285 2
32 4 32 2 0.000329 2
32 4 32 3 0.000323 2
32 4 32 4 0.000329 2
32 4 32 5 0.000251 2
32 4 32 6 0.000380 2
32 4 32 7 0.000102 2
32 4 32 8 0.000228 2
32 4 32 9 0.000278 2
32 4 32 10 0.000311 2
32 4 32 11 0.000466 2
32 4 32 12 0.000257 2
32 4 32 13 0.000407 2
32 4 32 14 0.000305 2
32 4 32 15 0.000375 2
32 4 32 16 0.000440 2
32 4 32 17 0.000389 2
32 4 32 18 0.000312 2
32 4 32 19 0.000510 2
32 4 32 20 0.000310 2
32 4 32 21 0.000358 2
32 4 32 22 0.000472 2
32 4 32 23 0.000314 2
32 4 32 24 0.000238 2
32 4 32 25 0.000257 2
32 4 32 26 0.000352 2
32 4 32 27 0.000202 2
32 4 32 28 0.000457 2
32 4 32 29 0.000546 2
32 4 32 30 0.000305 2
32 4 32 31 0.000323 2
32 4 32 32 0.000212 2
32 4 32 33 0.000208 2
32 4 32 34 0.000438 2
32 4 32 35 0.000288 2
32 4 32 36 0.000343 2
32 4 32 37 0.000250 2
32 4 32 38 0.000345 2
32 4 32 39 0.000169 2
32 4 32 40 0.000288 2
32 4 32 41 0.000278 2
32 4 32 42 0.000331 2
32 4 32 43 0.000308 2
32 4 32 44 0.000322 2
32 4 32 45 0.000497 2
32 4 32 46 0.000402 2
32 4 32 47 0.000290 2
32 4 32 48 0.000146 2
32 4 32 49 0.000385 2
32 4 32 50 0.000383 2
32 4 32 51 0.000264 2
32 4 32 52 0.000246 2
32 4 32 53 0.000281 2
32 4 32 54 0.000240 2
32 4 32 55 0.000167 2
32 4 32 56 0.000381 2
32 4 32 57 0.000416 1
32 4 32 58 0.000445 2
32 4 32 59 0.000239 2
32 4 32 60 0.000471 2
32 4 32 61 0.000357 2
32 4 32 62 0.000340 2
32 4 32 63 0.000240 2
32 4 32 64 0.000319 2
32 4 32 65 0.000361 2
32 4 32 66 0.000327 2
32 4 32 67 0.000315 2
32 4 32 68 0.000187 2
32 4 32 69 0.000266 2
32 4 32 70 0.000224 1
32 4 32 71 0.000308 2
32 4 32 72 0.000292 2
32 4 32 73 0.000424 2
32 4 32 74 0.000356 2
32 4 32 75 0.000281 1
32 4 32 76 0.000385 2
32 4 32 77 0.000363 2
32 4 32 78 0.000257 2
32 4 32 79 0.000293 2
32 4 32 80 0.000221 2
32 4 32 81 0.000385 2
32 4 32 82 0.000366 2
32 4 32 83 0.000202 2
32 4 32 84 0.000471 2
32 4 32 85 0.000322 2
32 4 32 86 0.000256 2
32 4 32 87 0.000217 2
32 4 32 88 0.000251 2
32 4 32 89 0.000288 2
32 4 32 90 0.000365 2
32 4 32 91 0.000455 2
32 4 32 92 0.000215 2
32 4 32 93 0.000248 2
32 4 32 94 0.000313 2
32 4 32 95 0.000117 2
32 4 32 96 0.000325 2
32 4 32 97 0.000359 2
32 4 32 98 0.000521 2
32 4 32 99 0.000370 2
32 8 16 0 0.000996 22
32 8 16 1 0.000902 22
32 8 16 2 0.001256 22
32 8 16 3 0.001217 22
32 8 16 4 0.001152 22
32 8 16 5 0.000822 22
32 8 16 6 0.001227 22
32 8 16 7 0.000367 22
32 8 16 8 0.000688 22
32 8 16 9 0.000905 22
32 8 16 10 0.001024 22
32 8 16 11 0.001763 22
32 8 16 12 0.000675 22
32 8 16 13 0.001722 22
32 8 16 14 0.001048 22
32 8 16 15 0.001304 22
32 8 16 16 0.001466 22
32 8 16 17 0.001243 22
32 8 16 18 0.000962 22
32 8 16 19 0.001877 22
32 8 16 20 0.000925 22
32 8 16 21 0.001288 22
32 8 16 22 0.001601 22
32 8 16 23 0.001185 22
32 8 16 24 0.000846 22
32 8 16 25 0.000749 22
32 8 16 26 0.001067 22
32 8 16 27 0.000444 22
32 8 16 28 0.001572 22
32 8 16 29 0.002079 22
32 8 16 30 0.000841 22
32 8 16 31 0.000971 22
32 8 16 32 0.000595 22
32 8 16 33 0.000573 22
32 8 16 34 0.001466 22
32 8 16 35 0.000933 22
32 8 16 36 0.001230 22
32 8 16 37 0.000746 22
32 8 16 38 0.001182 22
32 8 16 39 0.000376 22
32 8 16 40 0.000761 22
32 8 16 41 0.001033 22
32 8 16 42 0.001194 22
32 8 16 43 0.001135 22
32 8 16 44 0.000944 22
32 8 16 45 0.001466 22
32 8 16 46 0.001171 22
32 8 16 47 0.001522 22
32 8 16 48 0.000352 22
32 8 16 49 0.001130 22
32 8 16 50 0.001485 22
32 8 16 51 0.000781 22
32 8 16 52 0.000648 22
32 8 16 53 0.000892 22
32 8 16 54 0.000700 22
32 8 16 55 0.000463 22
32 8 16 56 0.001305 22
32 8 16 57 0.001763 22
32 8 16 58 0.001516 22
32 8 16 59 0.000720 22
32 8 16 60 0.001545 22
32 8 16 61 0.001143 22
32 8 16 62 0.001019 22
32 8 16 63 0.000630 22
32 8 16 64 0.001056 22
32 8 16 65 0.001322 22
32 8 16 66 0.001137 22
32 8 16 67 0.001002 22
32 8 16 68 0.000529 22
32 8 16 69 0.000529 22
32 8 16 70 0.000738 22
32 8 16 71 0.000971 22
32 8 16 72 0.000856 22
32 8 16 73 0.001498 22
32 8 16 74 0.000907 22
32 8 16 75 0.000901 22
32 8 16 76 0.001153 22
32 8 16 77 0.001209 22
32 8 16 78 0.000737 22
32 8 16 79 0.001008 22
32 8 16 80 0.000698 22
32 8 16 81 0.001239 22
32 8 16 82 0.001099 22
32 8 16 83 0.000743 22
32 8 16 84 0.001555 22
32 8 16 85 0.001140 22
32 8 16 86 0.000830 22
32 8 16 87 0.000618 22
32 8 16 88 0.000767 22
32 8 16 89 0.000844 22
32 8 16 90 0.001178 22
32 8 16 91 0.001684 22
32 8 16 92 0.000572 22
32 8 16 93 0.000715 22
32 8 16 94 0.000955 22
32 8 16 95 0.000349 22
32 8 16 96 0.000926 22
32 8 16 97 0.001075 22
32 8 16 98 0.001811 22
32 8 16 99 0.001003 22
32 8 32 0 0.000860 2
32 8 32 1 0.000706 2
32 8 32 2 0.000998 2
32 8 32 3 0.000962 2
32 8 32 4 0.000810 2
32 8 32 5 0.000691 2
32 8 32 6 0.000981 2
32 8 32 7 0.000280 2
32 8 32 8 0.000564 2
32 8 32 9 0.000743 2
32 8 32 10 0.000872 2
32 8 32 11 0.001430 2
32 8 32 12 0.000645 2
32 8 32 13 0.001227 2
32 8 32 14 0.000797 2
32 8 32 15 0.001042 2
32 8 32 16 0.001253 2
32 8 32 17 0.001070 2
32 8 32 18 0.000788 2
32 8 32 19 0.001577 2
32 8 32 20 0.000822 2
32 8 32 21 0.001035 2
32 8 32 22 0.001392 2
32 8 32 23 0.000909 2
32 8 32 24 0.000636 2
32 8 32 25 0.000608 2
32 8 32 26 0.000951 2
32 8 32 27 0.000357 2
32 8 32 28 0.001171 2
32 8 32 29 0.001644 2
32 8 32 30 0.000731 2
32 8 32 31 0.000861 2
32 8 32 32 0.000442 2
32 8 32 33 0.000499 2
32 8 32 34 0.001246 2
32 8 32 35 0.000692 2
32 8 32 36 0.000940 2
32 8 32 37 0.000666 2
32 8 32 38 0.000962 2
32 8 32 39 0.000316 2
32 8 32 40 0.000615 2
32 8 32 41 0.000788 2
32 8 32 42 0.000881 2
32 8 32 43 0.000889 2
32 8 32 44 0.000754 2
32 8 32 45 0.001246 2
32 8 32 46 0.001011 2
32 8 32 47 0.000717 2
32 8 32 48 0.000293 2
32 8 32 49 0.000975 2
32 8 32 50 0.001091 2
32 8 32 51 0.000612 2
32 8 32 52 0.000539 2
32 8 32 53 0.000724 2
32 8 32 54 0.000637 2
32 8 32 55 0.000310 2
32 8 32 56 0.001060 2
32 8 32 57 0.001390 2
32 8 32 58 0.001185 2
32 8 32 59 0.000559 2
32 8 32 60 0.001320 2
32 8 32 61 0.000881 2
32 8 32 62 0.000850 2
32 8 32 63 0.000525 2
32 8 32 64 0.000823 2
32 8 32 65 0.000943 2
32 8 32 66 0.000822 2
32 8 32 67 0.000754 2
32 8 32 68 0.000451 2
32 8 32 69 0.000477 2
32 8 32 70 0.000554 2
32 8 32 71 0.000836 2
32 8 32 72 0.000651 2
32 8 32 73 0.001223 2
32 8 32 74 0.000751 2
32 8 32 75 0.000698 2
32 8 32 76 0.001011 2
32 8 32 77 0.000903 2
32 8 32 78 0.000627 2
32 8 32 79 0.000806 2
32 8 32 80 0.000584 2
32 8 32 81 0.000906 2
32 8 32 82 0.000849 2
32 8 32 83 0.000573 2
32 8 32 84 0.001420 2
32 8 32 85 0.000865 2
32 8 32 86 0.000628 2
32 8 32 87 0.000533 2
32 8 32 88 0.000609 2
32 8 32 89 0.000684 2
32 8 32 90 0.001017 2
32 8 32 91 0.001170 2
32 8 32 92 0.000448 2
32 8 32 93 0.000549 2
32 8 32 94 0.000837 2
32 8 32 95 0.000299 2
32 8 32 96 0.000833 2
32 8 32 97 0.000844 2
32 8 32 98 0.001594 2
32 8 32 99 0.000892 2
64 2 4 0 0.001795 2222221221222202
64 2 4 1 0.002891 2222222212222222
64 2 4 2 0.002628 2222222222221221
64 2 4 3 0.001557 2222222220021222
64 2 4 4 0.002362 2222222222222222
64 2 4 5 0.002241 1222222222222222
64 2 4 6 0.002056 2222222222222102
64 2 4 7 0.001740 2222222222222222
64 2 4 8 0.001999 2222222222222222
64 2 4 9 0.002194 2222122222222222
64 2 4 10 0.001722 2222222222222222
64 2 4 11 0.001586 1122022222222222
64 2 4 12 0.002219 2222222222222220
64 2 4 13 0.002035 1212122222222222
64 2 4 14 0.001841 2222222222222222
64 2 4 15 0.001538 2222122222222222
64 2 4 16 0.002247 2122222222222221
64 2 4 17 0.002045 2222222212221222
64 2 4 18 0.002168 0222222222222222
64 2 4 19 0.002659 2222222212222222
64 2 4 20 0.002195 1222222222222222
64 2 4 21 0.002106 2122222222222212
64 2 4 22 0.002386 2222122222222222
64 2 4 23 0.001665 2220222222222122
64 2 4 24 0.001860 2222222222222112
64 2 4 25 0.001942 2222221212222222
64 2 4 26 0.002415 2222222212222122
64 2 4 27 0.002601 2222222222122222
64 2 4 28 0.001872 2222222222202222
64 2 4 29 0.002219 2222212222222212
64 2 4 30 0.002227 2222212222222221
64 2 4 31 0.002973 2222222222222222
64 2 4 32 0.001920 2222222222222222
64 2 4 33 0.001627 0222222222222221
64 2 4 34 0.002010 1222222222222122
64 2 4 35 0.001650 2222222022222222
64 2 4 36 0.002172 2222222222222222
64 2 4 37 0.002307 2222222222222222
64 2 4 38 0.002365 1222222222222222
64 2 4 39 0.002584 2222222222222222
64 2 4 40 0.002039 2222222222222222
64 2 4 41 0.002209 2222222222222121
64 2 4 42 0.002190 2222222122222222
64 2 4 43 0.002090 2222222212222222
64 2 4 44 0.002194 2222222222222222
64 2 4 45 0.002374 2222212222121122
64 2 4 46 0.001996 2212202222222222
64 2 4 47 0.002069 2212222221222222
64 2 4 48 0.002348 2222222222122222
64 2 4 49 0.002067 2222222221222222
64 2 4 50 0.002429 2222222202222222
64 2 4 51 0.001729 2222222222222222
64 2 4 52 0.002314 2221222222222222
64 2 4 53 0.002115 2222222222222222
64 2 4 54 0.002388 2222222222222221
64 2 4 55 0.002531 2222222222222222
64 2 4 56 0.001670 2222222222222222
64 2 4 57 0.002003 2222222222222212
64 2 4 58 0.001968 2221222222211222
64 2 4 59 0.002135 2222222222222122
64 2 4 60 0.001901 1222222222222222
64 2 4 61 0.002683 1222212222222122
64 2 4 62 0.002382 2222222222222012
64 2 4 63 0.002484 2222222222122221
64 2 4 64 0.001784 2212221222222222
64 2 4 65 0.001684 2222222222222222
64 2 4 66 0.001974 2222211222122222
64 2 4 67 0.002571 2222222222222222
64 2 4 68 0.002214 2221222222222222
64 2 4 69 0.001933 2222221122222222
64 2 4 70 0.001798 0222222222222222
64 2 4 71 0.002516 0222222222222222
64 2 4 72 0.002146 2222222202222222
64 2 4 73 0.001930 2222221222222122
64 2 4 74 0.002339 0222222222222222
64 2 4 75 0.001973 2221222222222222
64 2 4 76 0.002889 2222222222222122
64 2 4 77 0.002296 2222222212222222
64 2 4 78 0.002437 2222222222222222
64 2 4 79 0.001685 2222222222202222
64 2 4 80 0.001939 0022222222222212
64 2 4 81 0.002319 2222122222222222
64 2 4 82 0.002562 2222221222222222
64 2 4 83 0.002220 2222221222220122
64 2 4 84 0.002080 2222212222212221
64 2 4 85 0.002206 2222222222222222
64 2 4 86 0.002384 2220222222122222
64 2 4 87 0.002229 2221222222222222
64 2 4 88 0.001652 2222122022222222
64 2 4 89 0.001832 2212222222222222
64 2 4 90 0.002151 2222222222222222
64 2 4 91 0.002126 2222222122222222
64 2 4 92 0.002717 2222222222222222
64 2 4 93 0.001994 2221222222222222
64 2 4 94 0.002398 2222222222222222
64 2 4 95 0.002066 2221222222222222
64 2 4 96 0.002490 2222222222222122
64 2 4 97 0.001761 2202222222222222
64 2 4 98 0.002330 0222222222222122
64 2 4 99 0.001776 2222222222222222
64 2 8 0 0.000921 22221222
64 2 8 1 0.001526 22222222
64 2 8 2 0.001389 22222221
64 2 8 3 0.000839 22220222
64 2 8 4 0.001243 22222222
64 2 8 5 0.001196 22222222
64 2 8 6 0.001124 22222212
64 2 8 7 0.000914 22222222
64 2 8 8 0.001017 22222222
64 2 8 9 0.001166 22222222
64 2 8 10 0.000890 12222222
64 2 8 11 0.000871 12222222
64 2 8 12 0.001176 22222220
64 2 8 13 0.001071 22222222
64 2 8 14 0.000982 22222222
64 2 8 15 0.000784 22222222
64 2 8 16 0.001152 12222221
64 2 8 17 0.001078 22222222
64 2 8 18 0.001143 22222222
64 2 8 19 0.001442 22222222
64 2 8 20 0.001179 22222222
64 2 8 21 0.001111 12222222
64 2 8 22 0.001285 22222222
64 2 8 23 0.000882 20222212
64 2 8 24 0.001002 22222212
64 2 8 25 0.001011 22222222
64 2 8 26 0.001258 22222212
64 2 8 27 0.001363 22222222
64 2 8 28 0.001007 22222022
64 2 8 29 0.001184 22122222
64 2 8 30 0.001198 22122221
64 2 8 31 0.001589 22222222
64 2 8 32 0.001042 22222222
64 2 8 33 0.000872 22222221
64 2 8 34 0.001074 22222212
64 2 8 35 0.000881 22202222
64 2 8 36 0.001178 22222222
64 2 8 37 0.001234 22222222
64 2 8 38 0.001256 22222222
64 2 8 39 0.001378 22222222
64 2 8 40 0.001061 22222222
64 2 8 41 0.001171 22222211
64 2 8 42 0.001171 22212222
64 2 8 43 0.001114 22222222
64 2 8 44 0.001151 22222222
64 2 8 45 0.001263 22122212
64 2 8 46 0.001054 22022222
64 2 8 47 0.001107 22221222
64 2 8 48 0.001229 22222222
64 2 8 49 0.001128 22221222
64 2 8 50 0.001245 22222222
64 2 8 51 0.000919 22222222
64 2 8 52 0.001248 21222222
64 2 8 53 0.001120 22222222
64 2 8 54 0.001265 22222221
64 2 8 55 0.001336 22222222
64 2 8 56 0.000918 22222222
64 2 8 57 0.001036 22222222
64 2 8 58 0.001077 21222122
64 2 8 59 0.001159 22222212
64 2 8 60 0.001009 22222222
64 2 8 61 0.001387 22122212
64 2 8 62 0.001219 22222202
64 2 8 63 0.001278 22222221
64 2 8 64 0.000958 22222222
64 2 8 65 0.000877 22222222
64 2 8 66 0.001057 22122222
64 2 8 67 0.001380 22222222
64 2 8 68 0.001201 21222222
64 2 8 69 0.001002 22212222
64 2 8 70 0.000911 22222222
64 2 8 71 0.001357 22222222
64 2 8 72 0.001143 22222222
64 2 8 73 0.001032 22222212
64 2 8 74 0.001222 22222222
64 2 8 75 0.001017 21222222
64 2 8 76 0.001536 22222212
64 2 8 77 0.001198 22222222
64 2 8 78 0.001276 22222222
64 2 8 79 0.000889 22222022
64 2 8 80 0.000979 02222222
64 2 8 81 0.001254 22222222
64 2 8 82 0.001431 22222222
64 2 8 83 0.001165 22222212
64 2 8 84 0.001106 22122121
64 2 8 85 0.001112 22222222
64 2 8 86 0.001285 20222222
64 2 8 87 0.001154 21222222
64 2 8 88 0.000895 22202222
64 2 8 89 0.000974 22222222
64 2 8 90 0.001140 22222222
64 2 8 91 0.001126 22212222
64 2 8 92 0.001396 22222222
64 2 8 93 0.001053 21222222
64 2 8 94 0.001262 22222222
64 2 8 95 0.001098 21222222
64 2 8 96 0.001324 22222212
64 2 8 97 0.000897 22222222
64 2 8 98 0.001238 22222212
64 2 8 99 0.000940 22222222
64 2 16 0 0.000505 2222
64 2 16 1 0.000913 2222
64 2 16 2 0.000772 2221
64 2 16 3 0.000472 2222
64 2 16 4 0.000681 2222
64 2 16 5 0.000694 2222
64 2 16 6 0.000584 2222
64 2 16 7 0.000514 2222
64 2 16 8 0.000579 2222
64 2 16 9 0.000669 2222
64 2 16 10 0.000500 2222
64 2 16 11 0.000489 2222
64 2 16 12 0.000652 2220
64 2 16 13 0.000609 2222
64 2 16 14 0.000527 2222
64 2 16 15 0.000458 2222
64 2 16 16 0.000619 2221
64 2 16 17 0.000620 2222
64 2 16 18 0.000646 2222
64 2 16 19 0.000808 2222
64 2 16 20 0.000677 2222
64 2 16 21 0.000639 2222
64 2 16 22 0.000716 2222
64 2 16 23 0.000496 0222
64 2 16 24 0.000557 2222
64 2 16 25 0.000577 2222
64 2 16 26 0.000711 2222
64 2 16 27 0.000755 2222
64 2 16 28 0.000598 2202
64 2 16 29 0.000657 2222
64 2 16 30 0.000650 2221
64 2 16 31 0.000872 2222
64 2 16 32 0.000566 2222
64 2 16 33 0.000487 2221
64 2 16 34 0.000605 2222
64 2 16 35 0.000497 2022
64 2 16 36 0.000656 2222
64 2 16 37 0.000689 2222
64 2 16 38 0.000704 2222
64 2 16 39 0.000780 2222
64 2 16 40 0.000585 2222
64 2 16 41 0.000660 2221
64 2 16 42 0.000654 2122
64 2 16 43 0.000641 2222
64 2 16 44 0.000630 2222
64 2 16 45 0.000696 2222
64 2 16 46 0.000600 2222
64 2 16 47 0.000622 2222
64 2 16 48 0.000673 2222
64 2 16 49 0.000636 2222
64 2 16 50 0.000710 2222
64 2 16 51 0.000576 2222
64 2 16 52 0.000683 1222
64 2 16 53 0.000612 2222
64 2 16 54 0.000709 2221
64 2 16 55 0.000777 2222
64 2 16 56 0.000515 2222
64 2 16 57 0.000556 2222
64 2 16 58 0.000616 1212
64 2 16 59 0.000648 2222
64 2 16 60 0.000580 2222
64 2 16 61 0.000767 2222
64 2 16 62 0.000708 2222
64 2 16 63 0.000694 2221
64 2 16 64 0.000533 2222
64 2 16 65 0.000488 2222
64 2 16 66 0.000595 2222
64 2 16 67 0.000770 2222
64 2 16 68 0.000703 1222
64 2 16 69 0.000565 2122
64 2 16 70 0.000492 2222
64 2 16 71 0.000771 2222
64 2 16 72 0.000648 2222
64 2 16 73 0.000572 2222
64 2 16 74 0.000700 2222
64 2 16 75 0.000593 1222
64 2 16 76 0.000851 2222
64 2 16 77 0.000674 2222
64 2 16 78 0.000729 2222
64 2 16 79 0.000505 2202
64 2 16 80 0.000540 2222
64 2 16 81 0.000710 2222
64 2 16 82 0.000765 2222
64 2 16 83 0.000650 2222
64 2 16 84 0.000580 2211
64 2 16 85 0.000605 2222
64 2 16 86 0.000704 0222
64 2 16 87 0.000663 1222
64 2 16 88 0.000484 2022
64 2 16 89 0.000539 2222
64 2 16 90 0.000652 2222
64 2 16 91 0.000631 2122
64 2 16 92 0.000788 2222
64 2 16 93 0.000612 1222
64 2 16 94 0.000706 2222
64 2 16 95 0.000619 1222
64 2 16 96 0.000746 2222
64 2 16 97 0.000490 2222
64 2 16 98 0.000698 2222
64 2 16 99 0.000525 2222
64 2 32 0 0.000307 22
64 2 32 1 0.000496 22
64 2 32 2 0.000460 21
64 2 32 3 0.000301 22
64 2 32 4 0.000410 22
64 2 32 5 0.000431 22
64 2 32 6 0.000344 22
64 2 32 7 0.000324 22
64 2 32 8 0.000346 22
64 2 32 9 0.000393 22
64 2 32 10 0.000319 22
64 2 32 11 0.000296 22
64 2 32 12 0.000390 20
64 2 32 13 0.000385 22
64 2 32 14 0.000343 22
64 2 32 15 0.000294 22
64 2 32 16 0.000366 21
64 2 32 17 0.000406 22
64 2 32 18 0.000391 22
64 2 32 19 0.000495 22
64 2 32 20 0.000407 22
64 2 32 21 0.000389 22
64 2 32 22 0.000424 22
64 2 32 23 0.000309 22
64 2 32 24 0.000347 22
64 2 32 25 0.000366 22
64 2 32 26 0.000431 22
64 2 32 27 0.000462 22
64 2 32 28 0.000345 22
64 2 32 29 0.000388 22
64 2 32 30 0.000394 21
64 2 32 31 0.000511 22
64 2 32 32 0.000349 22
64 2 32 33 0.000289 21
64 2 32 34 0.000374 22
64 2 32 35 0.000303 02
64 2 32 36 0.000409 22
64 2 32 37 0.000420 22
64 2 32 38 0.000409 22
64 2 32 39 0.000494 22
64 2 32 40 0.000355 22
64 2 32 41 0.000399 21
64 2 32 42 0.000411 12
64 2 32 43 0.000392 22
64 2 32 44 0.000398 22
64 2 32 45 0.000392 22
64 2 32 46 0.000357 22
64 2 32 47 0.000389 22
64 2 32 48 0.000412 22
64 2 32 49 0.000391 22
64 2 32 50 0.000415 22
64 2 32 51 0.000316 22
64 2 32 52 0.000426 22
64 2 32 53 0.000386 22
64 2 32 54 0.000432 21
64 2 32 55 0.000447 22
64 2 32 56 0.000324 22
64 2 32 57 0.000332 22
64 2 32 58 0.000374 22
64 2 32 59 0.000402 22
64 2 32 60 0.000345 22
64 2 32 61 0.000454 22
64 2 32 62 0.000413 22
64 2 32 63 0.000419 21
64 2 32 64 0.000325 22
64 2 32 65 0.000307 22
64 2 32 66 0.000365 22
64 2 32 67 0.000483 22
64 2 32 68 0.000432 22
64 2 32 69 0.000354 12
64 2 32 70 0.000300 22
64 2 32 71 0.000472 22
64 2 32 72 0.000410 22
64 2 32 73 0.000341 22
64 2 32 74 0.000416 22
64 2 32 75 0.000352 22
64 2 32 76 0.000514 22
64 2 32 77 0.000420 22
64 2 32 78 0.000434 22
64 2 32 79 0.000310 22
64 2 32 80 0.000344 22
64 2 32 81 0.000420 22
64 2 32 82 0.000471 22
64 2 32 83 0.000373 22
64 2 32 84 0.000731 21
64 2 32 85 0.000366 22
64 2 32 86 0.000423 22
64 2 32 87 0.000380 22
64 2 32 88 0.000300 02
64 2 32 89 0.000332 22
64 2 32 90 0.000413 22
64 2 32 91 0.000389 12
64 2 32 92 0.000474 22
64 2 32 93 0.000386 22
64 2 32 94 0.000419 22
64 2 32 95 0.000380 22
64 2 32 96 0.000449 22
64 2 32 97 0.000296 22
64 2 32 98 0.000418 22
64 2 32 99 0.000319 22
64 4 8 0 0.002423 22222222
64 4 8 1 0.004236 22222222
64 4 8 2 0.003662 22222222
64 4 8 3 0.001840 22222222
64 4 8 4 0.003390 22222222
64 4 8 5 0.003294 22222222
64 4 8 6 0.002945 22222222
64 4 8 7 0.002600 22222222
64 4 8 8 0.002482 22222222
64 4 8 9 0.003036 22222222
64 4 8 10 0.002222 22222222
64 4 8 11 0.002024 12222222
64 4 8 12 0.003139 22222222
64 4 8 13 0.002665 22222222
64 4 8 14 0.002403 22222222
64 4 8 15 0.002004 22222222
64 4 8 16 0.002965 22222222
64 4 8 17 0.002809 22222222
64 4 8 18 0.002945 22222222
64 4 8 19 0.003830 22222222
64 4 8 20 0.002927 22222222
64 4 8 21 0.002979 22222222
64 4 8 22 0.003510 22222222
64 4 8 23 0.002133 22222222
64 4 8 24 0.002543 22222222
64 4 8 25 0.002723 22222222
64 4 8 26 0.003351 22222222
64 4 8 27 0.003269 22222222
64 4 8 28 0.002374 22222222
64 4 8 29 0.002977 22222222
64 4 8 30 0.002916 22222222
64 4 8 31 0.004458 22222222
64 4 8 32 0.002312 22222222
64 4 8 33 0.002053 22222222
64 4 8 34 0.002640 22222222
64 4 8 35 0.001997 22222222
64 4 8 36 0.002924 22222222
64 4 8 37 0.003236 22222222
64 4 8 38 0.003324 22222222
64 4 8 39 0.003611 22222222
64 4 8 40 0.002634 22222222
64 4 8 41 0.002979 22222222
64 4 8 42 0.002778 22222222
64 4 8 43 0.002801 22222222
64 4 8 44 0.003053 22222222
64 4 8 45 0.003269 22222212
64 4 8 46 0.002525 22222222
64 4 8 47 0.002646 22222222
64 4 8 48 0.003130 22222222
64 4 8 49 0.002867 22222222
64 4 8 50 0.003152 22222222
64 4 8 51 0.002279 22222222
64 4 8 52 0.003292 22222222
64 4 8 53 0.002812 22222222
64 4 8 54 0.003381 22222222
64 4 8 55 0.003700 22222222
64 4 8 56 0.002088 22222222
64 4 8 57 0.002667 22222222
64 4 8 58 0.002448 22222222
64 4 8 59 0.002929 22222222
64 4 8 60 0.002549 22222222
64 4 8 61 0.003879 22222222
64 4 8 62 0.003162 22222222
64 4 8 63 0.003515 22222222
64 4 8 64 0.002251 22222222
64 4 8 65 0.002130 22222222
64 4 8 66 0.002559 22222222
64 4 8 67 0.003367 22222222
64 4 8 68 0.003239 22222222
64 4 8 69 0.002571 22212222
64 4 8 70 0.002262 22222222
64 4 8 71 0.003438 22222222
64 4 8 72 0.002972 22222222
64 4 8 73 0.002446 22222222
64 4 8 74 0.003122 22222222
64 4 8 75 0.002424 22222222
64 4 8 76 0.004387 22222222
64 4 8 77 0.003109 22222222
64 4 8 78 0.003480 22222222
64 4 8 79 0.002303 22222222
64 4 8 80 0.002393 02222222
64 4 8 81 0.003281 22222222
64 4 8 82 0.003684 22222222
64 4 8 83 0.002791 22222222
64 4 8 84 0.002738 22222222
64 4 8 85 0.002872 22222222
64 4 8 86 0.003369 22222222
64 4 8 87 0.003156 22222222
64 4 8 88 0.001875 22222222
64 4 8 89 0.002262 22222222
64 4 8 90 0.002986 22222222
64 4 8 91 0.002661 22222222
64 4 8 92 0.003945 22222222
64 4 8 93 0.002610 22222222
64 4 8 94 0.003121 22222222
64 4 8 95 0.002541 22222222
64 4 8 96 0.003461 22222222
64 4 8 97 0.002240 22222222
64 4 8 98 0.003298 22222222
64 4 8 99 0.002134 22222222
64 4 16 0 0.001332 2222
64 4 16 1 0.002439 2222
64 4 16 2 0.002066 2222
64 4 16 3 0.001059 2222
64 4 16 4 0.001871 2222
64 4 16 5 0.001956 2222
64 4 16 6 0.001547 2222
64 4 16 7 0.001419 2222
64 4 16 8 0.001405 2222
64 4 16 9 0.001619 2222
64 4 16 10 0.001227 2222
64 4 16 11 0.001145 2222
64 4 16 12 0.001754 2222
64 4 16 13 0.001559 2222
64 4 16 14 0.001337 2222
64 4 16 15 0.001188 2222
64 4 16 16 0.001637 2222
64 4 16 17 0.001644 2222
64 4 16 18 0.001647 2222
64 4 16 19 0.002159 2222
64 4 16 20 0.001666 2222
64 4 16 21 0.001685 2222
64 4 16 22 0.001912 2222
64 4 16 23 0.001184 2222
64 4 16 24 0.001359 2222
64 4 16 25 0.001529 2222
64 4 16 26 0.001879 2222
64 4 16 27 0.001800 2222
64 4 16 28 0.001393 2222
64 4 16 29 0.001630 2222
64 4 16 30 0.001618 2222
64 4 16 31 0.002521 2222
64 4 16 32 0.001295 2222
64 4 16 33 0.001160 2222
64 4 16 34 0.001550 2222
64 4 16 35 0.001160 2222
64 4 16 36 0.001676 2222
64 4 16 37 0.001809 2222
64 4 16 38 0.001862 2222
64 4 16 39 0.002073 2222
64 4 16 40 0.001452 2222
64 4 16 41 0.001648 2222
64 4 16 42 0.001506 2222
64 4 16 43 0.001691 2222
64 4 16 44 0.001788 2222
64 4 16 45 0.001788 2222
64 4 16 46 0.001407 2222
64 4 16 47 0.001507 2222
64 4 16 48 0.001764 2222
64 4 16 49 0.001584 2222
64 4 16 50 0.001771 2222
64 4 16 51 0.001245 2222
64 4 16 52 0.001884 2222
64 4 16 53 0.001596 2222
64 4 16 54 0.001873 2222
64 4 16 55 0.002041 2222
64 4 16 56 0.001160 2222
64 4 16 57 0.001441 2222
64 4 16 58 0.001445 2222
64 4 16 59 0.001636 2222
64 4 16 60 0.001459 2222
64 4 16 61 0.002174 2222
64 4 16 62 0.001778 2222
64 4 16 63 0.001926 2222
64 4 16 64 0.001264 2222
64 4 16 65 0.001144 2222
64 4 16 66 0.001478 2222
64 4 16 67 0.001922 2222
64 4 16 68 0.001913 2222
64 4 16 69 0.001423 2122
64 4 16 70 0.001225 2222
64 4 16 71 0.001882 2222
64 4 16 72 0.001694 2222
64 4 16 73 0.001320 2222
64 4 16 74 0.001810 2222
64 4 16 75 0.001364 2222
64 4 16 76 0.002334 2222
64 4 16 77 0.001746 2222
64 4 16 78 0.002016 2222
64 4 16 79 0.001294 2222
64 4 16 80 0.001296 2222
64 4 16 81 0.001938 2222
64 4 16 82 0.001926 2222
64 4 16 83 0.001602 2222
64 4 16 84 0.001527 2222
64 4 16 85 0.001596 2222
64 4 16 86 0.001917 2222
64 4 16 87 0.001729 2222
64 4 16 88 0.001032 2222
64 4 16 89 0.001267 2222
64 4 16 90 0.001689 2222
64 4 16 91 0.001512 2222
64 4 16 92 0.002147 2222
64 4 16 93 0.001475 2222
64 4 16 94 0.001753 2222
64 4 16 95 0.001460 2222
64 4 16 96 0.001910 2222
64 4 16 97 0.001182 2222
64 4 16 98 0.001857 2222
64 4 16 99 0.001168 2222
64 4 32 0 0.000809 22
64 4 32 1 0.001428 22
64 4 32 2 0.001226 22
64 4 32 3 0.000642 22
64 4 32 4 0.001132 22
64 4 32 5 0.001183 22
64 4 32 6 0.000905 22
64 4 32 7 0.000886 22
64 4 32 8 0.000885 22
64 4 32 9 0.000991 22
64 4 32 10 0.000789 22
64 4 32 11 0.000736 22
64 4 32 12 0.001062 22
64 4 32 13 0.001004 22
64 4 32 14 0.000891 22
64 4 32 15 0.000731 22
64 4 32 16 0.001003 22
64 4 32 17 0.001028 22
64 4 32 18 0.001024 22
64 4 32 19 0.001342 22
64 4 32 20 0.001076 22
64 4 32 21 0.001089 22
64 4 32 22 0.001099 22
64 4 32 23 0.001225 22
64 4 32 24 0.000901 22
64 4 32 25 0.000999 22
64 4 32 26 0.001127 22
64 4 32 27 0.001125 22
64 4 32 28 0.000868 22
64 4 32 29 0.000975 22
64 4 32 30 0.001016 22
64 4 32 31 0.001396 22
64 4 32 32 0.000808 22
64 4 32 33 0.000690 22
64 4 32 34 0.000950 22
64 4 32 35 0.000736 22
64 4 32 36 0.001049 22
64 4 32 37 0.001132 22
64 4 32 38 0.001102 22
64 4 32 39 0.001287 22
64 4 32 40 0.000925 22
64 4 32 41 0.001036 22
64 4 32 42 0.000963 22
64 4 32 43 0.001074 22
64 4 32 44 0.001157 22
64 4 32 45 0.001032 22
64 4 32 46 0.000868 22
64 4 32 47 0.000967 22
64 4 32 48 0.001039 22
64 4 32 49 0.001043 22
64 4 32 50 0.001116 22
64 4 32 51 0.000761 22
64 4 32 52 0.001164 22
64 4 32 53 0.001029 22
64 4 32 54 0.001138 22
64 4 32 55 0.001271 22
64 4 32 56 0.000765 22
64 4 32 57 0.000864 22
64 4 32 58 0.000893 22
64 4 32 59 0.001050 22
64 4 32 60 0.000873 22
64 4 32 61 0.001283 22
64 4 32 62 0.001115 22
64 4 32 63 0.001191 22
64 4 32 64 0.000808 22
64 4 32 65 0.000735 22
64 4 32 66 0.000901 22
64 4 32 67 0.001267 22
64 4 32 68 0.001191 22
64 4 32 69 0.000913 12
64 4 32 70 0.000733 22
64 4 32 71 0.001222 22
64 4 32 72 0.001089 22
64 4 32 73 0.000818 22
64 4 32 74 0.001080 22
64 4 32 75 0.000853 22
64 4 32 76 0.001408 22
64 4 32 77 0.001111 22
64 4 32 78 0.001292 22
64 4 32 79 0.000766 22
64 4 32 80 0.000837 22
64 4 32 81 0.001092 22
64 4 32 82 0.001253 22
64 4 32 83 0.000963 22
64 4 32 84 0.000960 22
64 4 32 85 0.000972 22
64 4 32 86 0.001133 22
64 4 32 87 0.001011 22
64 4 32 88 0.000632 22
64 4 32 89 0.000788 22
64 4 32 90 0.001062 22
64 4 32 91 0.000913 22
64 4 32 92 0.001316 22
64 4 32 93 0.000993 22
64 4 32 94 0.001072 22
64 4 32 95 0.000899 22
64 4 32 96 0.001193 22
64 4 32 97 0.000737 22
64 4 32 98 0.001129 22
64 4 32 99 0.000750 22
64 8 16 0 0.003761 2222
64 8 16 1 0.006601 2222
64 8 16 2 0.005806 2222
64 8 16 3 0.002533 2222
64 8 16 4 0.004997 2222
64 8 16 5 0.005009 2222
64 8 16 6 0.004082 2222
64 8 16 7 0.003715 2222
64 8 16 8 0.003473 2222
64 8 16 9 0.004594 2222
64 8 16 10 0.003592 2222
64 8 16 11 0.003102 2222
64 8 16 12 0.004982 2222
64 8 16 13 0.003947 2222
64 8 16 14 0.004089 2222
64 8 16 15 0.003047 2222
64 8 16 16 0.004481 2222
64 8 16 17 0.004259 2222
64 8 16 18 0.004547 2222
64 8 16 19 0.006308 2222
64 8 16 20 0.004726 2222
64 8 16 21 0.004901 2222
64 8 16 22 0.004866 2222
64 8 16 23 0.002943 2222
64 8 16 24 0.003627 2222
64 8 16 25 0.004757 2222
64 8 16 26 0.005630 2222
64 8 16 27 0.005328 2222
64 8 16 28 0.003439 2222
64 8 16 29 0.004483 2222
64 8 16 30 0.004672 2222
64 8 16 31 0.007115 2222
64 8 16 32 0.003602 2222
64 8 16 33 0.002855 2222
64 8 16 34 0.003656 2222
64 8 16 35 0.002583 2222
64 8 16 36 0.004441 2222
64 8 16 37 0.005432 2222
64 8 16 38 0.005664 2222
64 8 16 39 0.006187 2222
64 8 16 40 0.003972 2222
64 8 16 41 0.004835 2222
64 8 16 42 0.004306 2222
64 8 16 43 0.004300 2222
64 8 16 44 0.005364 2222
64 8 16 45 0.004772 2222
64 8 16 46 0.003889 2222
64 8 16 47 0.004662 2222
64 8 16 48 0.005100 2222
64 8 16 49 0.004438 2222
64 8 16 50 0.005278 2222
64 8 16 51 0.003395 2222
64 8 16 52 0.004659 2222
64 8 16 53 0.004309 2222
64 8 16 54 0.005171 2222
64 8 16 55 0.005515 2222
64 8 16 56 0.003339 2222
64 8 16 57 0.004204 2222
64 8 16 58 0.003644 2222
64 8 16 59 0.004785 2222
64 8 16 60 0.003936 2222
64 8 16 61 0.006034 2222
64 8 16 62 0.004813 2222
64 8 16 63 0.005445 2222
64 8 16 64 0.003457 2222
64 8 16 65 0.002946 2222
64 8 16 66 0.003849 2222
64 8 16 67 0.005739 2222
64 8 16 68 0.004738 2222
64 8 16 69 0.003730 2222
64 8 16 70 0.003326 2222
64 8 16 71 0.005661 2222
64 8 16 72 0.004612 2222
64 8 16 73 0.003754 2222
64 8 16 74 0.004899 2222
64 8 16 75 0.004367 2222
64 8 16 76 0.007270 2222
64 8 16 77 0.005188 2222
64 8 16 78 0.005369 2222
64 8 16 79 0.003123 2222
64 8 16 80 0.003788 2222
64 8 16 81 0.005534 2222
64 8 16 82 0.005527 2222
64 8 16 83 0.004426 2222
64 8 16 84 0.004186 2222
64 8 16 85 0.004380 2222
64 8 16 86 0.005070 2222
64 8 16 87 0.004764 2222
64 8 16 88 0.002661 2222
64 8 16 89 0.003278 2222
64 8 16 90 0.004676 2222
64 8 16 91 0.004299 2222
64 8 16 92 0.006760 2222
64 8 16 93 0.003907 2222
64 8 16 94 0.005041 2222
64 8 16 95 0.004037 2222
64 8 16 96 0.005772 2222
64 8 16 97 0.003393 2222
64 8 16 98 0.005827 2222
64 8 16 99 0.003466 2222
64 8 32 0 0.002404 22
64 8 32 1 0.004274 22
64 8 32 2 0.003652 22
64 8 32 3 0.001474 22
64 8 32 4 0.003144 22
64 8 32 5 0.003555 22
64 8 32 6 0.002612 22
64 8 32 7 0.002313 22
64 8 32 8 0.002120 22
64 8 32 9 0.002969 22
64 8 32 10 0.002414 22
64 8 32 11 0.002057 22
64 8 32 12 0.003205 22
64 8 32 13 0.002462 22
64 8 32 14 0.002767 22
64 8 32 15 0.001960 22
64 8 32 16 0.002824 22
64 8 32 17 0.002718 22
64 8 32 18 0.003116 22
64 8 32 19 0.004062 22
64 8 32 20 0.002864 22
64 8 32 21 0.003398 22
64 8 32 22 0.003005 22
64 8 32 23 0.002026 22
64 8 32 24 0.002359 22
64 8 32 25 0.003100 22
64 8 32 26 0.003480 22
64 8 32 27 0.003250 22
64 8 32 28 0.002130 22
64 8 32 29 0.003109 22
64 8 32 30 0.003035 22
64 8 32 31 0.004446 22
64 8 32 32 0.002263 22
64 8 32 33 0.001778 22
64 8 32 34 0.002511 22
64 8 32 35 0.001729 22
64 8 32 36 0.003016 22
64 8 32 37 0.003429 22
64 8 32 38 0.003419 22
64 8 32 39 0.003907 22
64 8 32 40 0.002621 22
64 8 32 41 0.003345 22
64 8 32 42 0.002756 22
64 8 32 43 0.003023 22
64 8 32 44 0.003198 22
64 8 32 45 0.002933 22
64 8 32 46 0.002613 22
64 8 32 47 0.002954 22
64 8 32 48 0.003029 22
64 8 32 49 0.002778 22
64 8 32 50 0.003185 22
64 8 32 51 0.002195 22
64 8 32 52 0.002913 22
64 8 32 53 0.002720 22
64 8 32 54 0.003229 22
64 8 32 55 0.003600 22
64 8 32 56 0.002254 22
64 8 32 57 0.002724 22
64 8 32 58 0.002460 22
64 8 32 59 0.003130 22
64 8 32 60 0.002448 22
64 8 32 61 0.003784 22
64 8 32 62 0.003089 22
64 8 32 63 0.003192 22
64 8 32 64 0.002318 22
64 8 32 65 0.001936 22
64 8 32 66 0.002410 22
64 8 32 67 0.003704 22
64 8 32 68 0.003117 22
64 8 32 69 0.002413 22
64 8 32 70 0.002010 22
64 8 32 71 0.003865 22
64 8 32 72 0.003087 22
64 8 32 73 0.002373 22
64 8 32 74 0.003191 22
64 8 32 75 0.002421 22
64 8 32 76 0.004541 22
64 8 32 77 0.003392 22
64 8 32 78 0.003534 22
64 8 32 79 0.001958 22
64 8 32 80 0.002289 22
64 8 32 81 0.003191 22
64 8 32 82 0.003510 22
64 8 32 83 0.002728 22
64 8 32 84 0.002710 22
64 8 32 85 0.002779 22
64 8 32 86 0.003298 22
64 8 32 87 0.002957 22
64 8 32 88 0.001645 22
64 8 32 89 0.002111 22
64 8 32 90 0.003061 22
64 8 32 91 0.002935 22
64 8 32 92 0.004388 22
64 8 32 93 0.002648 22
64 8 32 94 0.003126 22
64 8 32 95 0.002440 22
64 8 32 96 0.003629 22
64 8 32 97 0.002053 22
64 8 32 98 0.003577 22
64 8 32 99 0.002221 22
128 2 4 0 0.008265 22222222222122222221222212222222
128 2 4 1 0.007257 12222222222222222222122222222222
128 2 4 2 0.008679 22222222122122222221222222222222
128 2 4 3 0.008520 22222221221222222222122222212222
128 2 4 4 0.009741 22222222222222222222222222222212
128 2 4 5 0.008975 22221222222222222222212222222222
128 2 4 6 0.009828 11222222222222222222222222222222
128 2 4 7 0.009697 21222222222222221222222222222222
128 2 4 8 0.009679 22222222222221221222222222222221
128 2 4 9 0.007018 20222222222222222220121222122222
128 2 4 10 0.010010 22222122222222222222222222222212
128 2 4 11 0.009089 22220222222212212222222222222122
128 2 4 12 0.008837 21222222222222222222222222122121
128 2 4 13 0.007915 12212222222222222222222222222222
128 2 4 14 0.010250 22222222222222222222222222222222
128 2 4 15 0.007305 22222222222222222222222222222222
128 2 4 16 0.008554 22222111212222222222222222222222
128 2 4 17 0.008945 22222222222222222222222212222222
128 2 4 18 0.009512 22222222222212222222222222222222
128 2 4 19 0.008101 22222222212222222222222222222222
128 2 4 20 0.009157 22222221222222222222222222222222
128 2 4 21 0.008249 22222222222222222212220222222222
128 2 4 22 0.009463 22212222212222222222222222222222
128 2 4 23 0.010020 22222222222221222222222222122222
128 2 4 24 0.008708 22222222222222221222222222222221
128 2 4 25 0.007653 22122221212221222222222222121222
128 2 4 26 0.009492 22222222222222222122122212222222
128 2 4 27 0.007215 21221222222222222222121212222222
128 2 4 28 0.009923 22122222222222222222222222222212
128 2 4 29 0.009210 22202222222122222222222222222222
128 2 4 30 0.007828 22222222222222222222022222222222
128 2 4 31 0.008492 02222222222222222222222212222222
128 2 4 32 0.008596 22222222122222012222222222222222
128 2 4 33 0.008637 22212222112122222222222222222222
128 2 4 34 0.009552 22222222222222122222222222122212
128 2 4 35 0.010282 22222222222212222222222222222220
128 2 4 36 0.008735 02212122222222222222222222222222
128 2 4 37 0.008160 22202222222222222222222222222222
128 2 4 38 0.009311 22222222222222212122222222222222
128 2 4 39 0.008346 22222222222222221222222222212222
128 2 4 40 0.007802 00212222122222222222222222222222
128 2 4 41 0.010409 22222222222222222222222222222222
128 2 4 42 0.009738 22222222122222222122222222222222
128 2 4 43 0.008907 22212122222222222122212222122220
128 2 4 44 0.008249 22222022222222221222222122122222
128 2 4 45 0.008038 22222222122221222222122222222222
128 2 4 46 0.009258 22221222222222222222222222222212
128 2 4 47 0.007802 22222222222222222122222222222222
128 2 4 48 0.008767 22222222222212222222122222222222
128 2 4 49 0.009729 22222221221222212222222222222222
128 2 4 50 0.009732 22222222222222222222222222222202
128 2 4 51 0.009084 22222222222212222222222222222222
128 2 4 52 0.009716 22221222222222222220222222222222
128 2 4 53 0.009714 22222222221222222222222212222222
128 2 4 54 0.009916 22222222202222222222222222222222
128 2 4 55 0.007573 22222222121222212222222222222222
128 2 4 56 0.009164 22222222222222221222222222222222
128 2 4 57 0.009329 22022222222222221222220222222222
128 2 4 58 0.010823 22222222222222222221222222222122
128 2 4 59 0.008795 22222212222222222221222222220222
128 2 4 60 0.008228 21222222222222222222222122222222
128 2 4 61 0.006847 22122221122222222210212222222222
128 2 4 62 0.009409 22222222022202222222222222122222
128 2 4 63 0.008839 22222212222222222222222222222222
128 2 4 64 0.008810 22222222212222222222222222102222
128 2 4 65 0.007397 22222222122222221222222122222222
128 2 4 66 0.008733 22222222222222122212222222222222
128 2 4 67 0.007336 22222122222212222221221222222222
128 2 4 68 0.008731 12222222222221222222221122222222
128 2 4 69 0.009088 22222222222222222222221222222222
128 2 4 70 0.008575 12222122222212222222222222222222
128 2 4 71 0.010934 22222222222222222222222221222222
128 2 4 72 0.009658 22222222222122222222222221222222
128 2 4 73 0.008788 22222222222222222222222222121122
128 2 4 74 0.009284 22222222222212222222222222122222
128 2 4 75 0.007301 22222222122222222222212222222222
128 2 4 76 0.008723 20221222222221222222222222122222
128 2 4 77 0.009330 22222222222222222222222222211222
128 2 4 78 0.007720 22221202222222222222222222222222
128 2 4 79 0.008900 22222222221222222222222222222222
128 2 4 80 0.008707 22222222122222222222222222222222
128 2 4 81 0.009809 22222122222222212222222122222222
128 2 4 82 0.011011 22222212222221222222222222222222
128 2 4 83 0.009190 22221212122222222222222222122221
128 2 4 84 0.009111 22222222222222222222222222222222
128 2 4 85 0.009489 22222222222212221202222212222222
128 2 4 86 0.007966 20222221222222211222222222212222
128 2 4 87 0.007212 21221222222222222222211222221222
128 2 4 88 0.009455 22222222212222222122222222212222
128 2 4 89 0.009204 22222222222122222122222222222222
128 2 4 90 0.008486 22222222222222222222222222222222
128 2 4 91 0.009471 22222222222222222222222122212022
128 2 4 92 0.008733 22222222222220222222222222222222
128 2 4 93 0.008593 22222222222222222222222222221222
128 2 4 94 0.007726 22122222222222222222212222222222
128 2 4 95 0.008253 22121222222222222222122222222222
128 2 4 96 0.010193 12222222212222222212222222222222
128 2 4 97 0.006983 22222222222222222222211222222122
128 2 4 98 0.009853 12222122222222222221222222222122
128 2 4 99 0.008749 02222222222222222222222222222222
128 2 8 0 0.004355 2222212221222222
128 2 8 1 0.003699 2222222222222222
128 2 8 2 0.004506 2222212221222222
128 2 8 3 0.004378 2221222222222122
128 2 8 4 0.005134 2222222222222222
128 2 8 5 0.004548 2222222222122222
128 2 8 6 0.004966 1222222222222222
128 2 8 7 0.004913 1222222222222222
128 2 8 8 0.004768 2222221222222221
128 2 8 9 0.003597 0222222220222222
128 2 8 10 0.005161 2212222222222222
128 2 8 11 0.004612 2222222122222212
128 2 8 12 0.004304 1222222222222211
128 2 8 13 0.004364 2122222222222222
128 2 8 14 0.005394 2222222222222222
128 2 8 15 0.003679 2222222222222222
128 2 8 16 0.004324 2211122222222222
128 2 8 17 0.004684 2222222222222222
128 2 8 18 0.004945 2222222222222222
128 2 8 19 0.004239 2222122222222222
128 2 8 20 0.004519 2221222222222222
128 2 8 21 0.004140 2222222222222222
128 2 8 22 0.004888 2122122222222222
128 2 8 23 0.005023 2222221222222222
128 2 8 24 0.004444 2222222222222221
128 2 8 25 0.003944 2221121222222222
128 2 8 26 0.004806 2222222212222222
128 2 8 27 0.003690 1222222222222222
128 2 8 28 0.005098 2222222222222222
128 2 8 29 0.004701 2022212222222222
128 2 8 30 0.003968 2222222222222222
128 2 8 31 0.004357 2222222222222222
128 2 8 32 0.004445 2222222122222222
128 2 8 33 0.004408 2122112222222222
128 2 8 34 0.004838 2222222222222222
128 2 8 35 0.005120 2222222222222220
128 2 8 36 0.004777 2112222222222222
128 2 8 37 0.004173 2022222222222222
128 2 8 38 0.004793 2222222112222222
128 2 8 39 0.004256 2222222222222122
128 2 8 40 0.003872 0122222222222222
128 2 8 41 0.005141 2222222222222222
128 2 8 42 0.005018 2222222212222222
128 2 8 43 0.004648 2112222212122220
128 2 8 44 0.004084 2202222222212222
128 2 8 45 0.004094 2222221222222222
128 2 8 46 0.004585 2222222222222222
128 2 8 47 0.004024 2222222212222222
128 2 8 48 0.004506 2222222222222222
128 2 8 49 0.004982 2221222122222222
128 2 8 50 0.005106 2222222222222222
128 2 8 51 0.004662 2222222222222222
128 2 8 52 0.004941 2222222220222222
128 2 8 53 0.005057 2222222222222222
128 2 8 54 0.004904 2222022222222222
128 2 8 55 0.003911 2222222122222222
128 2 8 56 0.004804 2222222222222222
128 2 8 57 0.004621 2222222222222222
128 2 8 58 0.005635 2222222221222212
128 2 8 59 0.004469 2222222221222222
128 2 8 60 0.004138 1222222222212222
128 2 8 61 0.003499 2221222220122222
128 2 8 62 0.004796 2222222222222222
128 2 8 63 0.004505 2222222222222222
128 2 8 64 0.004616 2222122222222022
128 2 8 65 0.003778 2222222222212222
128 2 8 66 0.004399 2222222222222222
128 2 8 67 0.003857 2212222221222222
128 2 8 68 0.004566 2222221222212222
128 2 8 69 0.004683 2222222222222222
128 2 8 70 0.004475 2212222222222222
128 2 8 71 0.005700 2222222222221222
128 2 8 72 0.004979 2222212222221222
128 2 8 73 0.004465 2222222222222212
128 2 8 74 0.004724 2222222222222222
128 2 8 75 0.003583 2222222222122222
128 2 8 76 0.004452 0222221222222222
128 2 8 77 0.004740 2222222222222122
128 2 8 78 0.004069 2222222222222222
128 2 8 79 0.004339 2222222222222222
128 2 8 80 0.004445 2222222222222222
128 2 8 81 0.004998 2212222122212222
128 2 8 82 0.005598 2222221222222222
128 2 8 83 0.004740 2222222222222221
128 2 8 84 0.004730 2222222222222222
128 2 8 85 0.004715 2222222222222222
128 2 8 86 0.003937 0221222122222122
128 2 8 87 0.003649 1222222222122222
128 2 8 88 0.004784 2222122212222122
128 2 8 89 0.004574 2222212212222222
128 2 8 90 0.004194 2222222222222222
128 2 8 91 0.004701 2222222222212102
128 2 8 92 0.004464 2222220222222222
128 2 8 93 0.004208 2222222222222222
128 2 8 94 0.003765 2222222222122222
128 2 8 95 0.004091 2222222222222222
128 2 8 96 0.005087 2222122222222222
128 2 8 97 0.003494 2222222222122212
128 2 8 98 0.004822 2212222221222212
128 2 8 99 0.004249 2222222222222222
128 2 16 0 0.002295 22121222
128 2 16 1 0.001943 22222222
128 2 16 2 0.002400 22121222
128 2 16 3 0.002351 21222212
128 2 16 4 0.002673 22222222
128 2 16 5 0.002411 22222222
128 2 16 6 0.002629 22222222
128 2 16 7 0.002565 22222222
128 2 16 8 0.002566 22222221
128 2 16 9 0.001901 22220222
128 2 16 10 0.002732 22222222
128 2 16 11 0.002452 22212222
128 2 16 12 0.002281 22222221
128 2 16 13 0.002101 12222222
128 2 16 14 0.002837 22222222
128 2 16 15 0.001949 22222222
128 2 16 16 0.002328 21222222
128 2 16 17 0.002493 22222222
128 2 16 18 0.002601 22222222
128 2 16 19 0.002173 22222222
128 2 16 20 0.002396 21222222
128 2 16 21 0.002198 22222222
128 2 16 22 0.002616 12222222
128 2 16 23 0.002588 22222222
128 2 16 24 0.002361 22222221
128 2 16 25 0.002098 21222222
128 2 16 26 0.002566 22222222
128 2 16 27 0.001979 22222222
128 2 16 28 0.002651 22222222
128 2 16 29 0.002493 02122222
128 2 16 30 0.002134 22222222
128 2 16 31 0.002357 22222222
128 2 16 32 0.002301 22212222
128 2 16 33 0.002324 12122222
128 2 16 34 0.002575 22222222
128 2 16 35 0.002700 22222220
128 2 16 36 0.002439 12222222
128 2 16 37 0.002239 02222222
128 2 16 38 0.002434 22212222
128 2 16 39 0.002268 22222212
128 2 16 40 0.002065 12222222
128 2 16 41 0.002745 22222222
128 2 16 42 0.002616 22222222
128 2 16 43 0.002380 12222220
128 2 16 44 0.002156 22222122
128 2 16 45 0.002135 22222222
128 2 16 46 0.002427 22222222
128 2 16 47 0.002140 22222222
128 2 16 48 0.002368 22222222
128 2 16 49 0.002642 21212222
128 2 16 50 0.002681 22222222
128 2 16 51 0.002521 22222222
128 2 16 52 0.002605 22220222
128 2 16 53 0.002744 22222222
128 2 16 54 0.002579 22222222
128 2 16 55 0.002076 22212222
128 2 16 56 0.003107 22222222
128 2 16 57 0.002438 22222222
128 2 16 58 0.002917 22221222
128 2 16 59 0.002356 22221222
128 2 16 60 0.002240 22222122
128 2 16 61 0.001847 21220222
128 2 16 62 0.002541 22222222
128 2 16 63 0.002358 22222222
128 2 16 64 0.002435 22222202
128 2 16 65 0.002040 22222122
128 2 16 66 0.002344 22222222
128 2 16 67 0.002025 22221222
128 2 16 68 0.002429 22222122
128 2 16 69 0.002416 22222222
128 2 16 70 0.002344 22222222
128 2 16 71 0.002995 22222222
128 2 16 72 0.002603 22122222
128 2 16 73 0.002371 22222222
128 2 16 74 0.002619 22222222
128 2 16 75 0.001872 22222222
128 2 16 76 0.002349 22222222
128 2 16 77 0.002476 22222212
128 2 16 78 0.002072 22222222
128 2 16 79 0.002292 22222222
128 2 16 80 0.002320 22222222
128 2 16 81 0.002603 22212122
128 2 16 82 0.002917 22222222
128 2 16 83 0.002525 22222221
128 2 16 84 0.002522 22222222
128 2 16 85 0.002543 22222222
128 2 16 86 0.002075 21212212
128 2 16 87 0.001895 22222222
128 2 16 88 0.002529 22222212
128 2 16 89 0.002427 22122222
128 2 16 90 0.002215 22222222
128 2 16 91 0.002504 22222112
128 2 16 92 0.002426 22222222
128 2 16 93 0.002221 22222222
128 2 16 94 0.001934 22222222
128 2 16 95 0.002192 22222222
128 2 16 96 0.002665 22222222
128 2 16 97 0.001867 22222222
128 2 16 98 0.002546 22221222
128 2 16 99 0.002299 22222222
128 2 32 0 0.001278 2222
128 2 32 1 0.001078 2222
128 2 32 2 0.001330 2222
128 2 32 3 0.001302 1222
128 2 32 4 0.001478 2222
128 2 32 5 0.001327 2222
128 2 32 6 0.001506 2222
128 2 32 7 0.001442 2222
128 2 32 8 0.001438 2221
128 2 32 9 0.001087 2222
128 2 32 10 0.001518 2222
128 2 32 11 0.001357 2122
128 2 32 12 0.001303 2221
128 2 32 13 0.001187 2222
128 2 32 14 0.001553 2222
128 2 32 15 0.001114 2222
128 2 32 16 0.001272 1222
128 2 32 17 0.001393 2222
128 2 32 18 0.001440 2222
128 2 32 19 0.001240 2222
128 2 32 20 0.001329 1222
128 2 32 21 0.001241 2222
128 2 32 22 0.001455 2222
128 2 32 23 0.001443 2222
128 2 32 24 0.001361 2221
128 2 32 25 0.001164 1222
128 2 32 26 0.001424 2222
128 2 32 27 0.001099 2222
128 2 32 28 0.001460 2222
128 2 32 29 0.001380 2222
128 2 32 30 0.001192 2222
128 2 32 31 0.001305 2222
128 2 32 32 0.001266 2122
128 2 32 33 0.001275 2222
128 2 32 34 0.001393 2222
128 2 32 35 0.001544 2220
128 2 32 36 0.001319 2222
128 2 32 37 0.001274 2222
128 2 32 38 0.001369 2122
128 2 32 39 0.001261 2222
128 2 32 40 0.001174 2222
128 2 32 41 0.001514 2222
128 2 32 42 0.001444 2222
128 2 32 43 0.001342 2220
128 2 32 44 0.001200 2212
128 2 32 45 0.001187 2222
128 2 32 46 0.001375 2222
128 2 32 47 0.001189 2222
128 2 32 48 0.001313 2222
128 2 32 49 0.001486 1122
128 2 32 50 0.001466 2222
128 2 32 51 0.001423 2222
128 2 32 52 0.001435 2222
128 2 32 53 0.001471 2222
128 2 32 54 0.001468 2222
128 2 32 55 0.001172 2122
128 2 32 56 0.001419 2222
128 2 32 57 0.001362 2222
128 2 32 58 0.001621 2222
128 2 32 59 0.001270 2222
128 2 32 60 0.001210 2212
128 2 32 61 0.001031 1222
128 2 32 62 0.001432 2222
128 2 32 63 0.001315 2222
128 2 32 64 0.001384 2222
128 2 32 65 0.001151 2212
128 2 32 66 0.001288 2222
128 2 32 67 0.001155 2222
128 2 32 68 0.001359 2212
128 2 32 69 0.001359 2222
128 2 32 70 0.001290 2222
128 2 32 71 0.001659 2222
128 2 32 72 0.001460 2222
128 2 32 73 0.001338 2222
128 2 32 74 0.001391 2222
128 2 32 75 0.001079 2222
128 2 32 76 0.001325 2222
128 2 32 77 0.001370 2222
128 2 32 78 0.001149 2222
128 2 32 79 0.001268 2222
128 2 32 80 0.001321 2222
128 2 32 81 0.001418 2112
128 2 32 82 0.001641 2222
128 2 32 83 0.001436 2221
128 2 32 84 0.001370 2222
128 2 32 85 0.001413 2222
128 2 32 86 0.001166 1122
128 2 32 87 0.001033 2222
128 2 32 88 0.001441 2222
128 2 32 89 0.001344 2222
128 2 32 90 0.001236 2222
128 2 32 91 0.001345 2212
128 2 32 92 0.001307 2222
128 2 32 93 0.001229 2222
128 2 32 94 0.001065 2222
128 2 32 95 0.001213 2222
128 2 32 96 0.001467 2222
128 2 32 97 0.001079 2222
128 2 32 98 0.001418 2222
128 2 32 99 0.001283 2222
128 4 8 0 0.011242 2222222222222222
128 4 8 1 0.009157 2222222222222222
128 4 8 2 0.012686 2222222222222222
128 4 8 3 0.011952 2222222222222222
128 4 8 4 0.014020 2222222222222222
128 4 8 5 0.012355 2222222222222222
128 4 8 6 0.013685 1222222222222222
128 4 8 7 0.013306 2222222222222222
128 4 8 8 0.013217 2222222222222222
128 4 8 9 0.009587 2222222222222222
128 4 8 10 0.014089 2222222222222222
128 4 8 11 0.013269 2222222222222222
128 4 8 12 0.011523 2222222222222222
128 4 8 13 0.010724 2222222222222222
128 4 8 14 0.015197 2222222222222222
128 4 8 15 0.009382 2222222222222222
128 4 8 16 0.011453 2221222222222222
128 4 8 17 0.012681 2222222222222222
128 4 8 18 0.013355 2222222222222222
128 4 8 19 0.011093 2222222222222222
128 4 8 20 0.012304 2222222222222222
128 4 8 21 0.011186 2222222222222222
128 4 8 22 0.013272 2222222222222222
128 4 8 23 0.012896 2222222222222222
128 4 8 24 0.011761 2222222222222222
128 4 8 25 0.011059 2222222222222222
128 4 8 26 0.013425 2222222222222222
128 4 8 27 0.009652 2222222222222222
128 4 8 28 0.013851 2222222222222222
128 4 8 29 0.012970 2222222222222222
128 4 8 30 0.010815 2222222222222222
128 4 8 31 0.011995 2222222222222222
128 4 8 32 0.012005 2222222222222222
128 4 8 33 0.012201 2222122222222222
128 4 8 34 0.013389 2222222222222222
128 4 8 35 0.014233 2222222222222222
128 4 8 36 0.011361 2222222222222222
128 4 8 37 0.011378 2222222222222222
128 4 8 38 0.012377 2222222222222222
128 4 8 39 0.012265 2222222222222222
128 4 8 40 0.010024 0222222222222222
128 4 8 41 0.014221 2222222222222222
128 4 8 42 0.013436 2222222222222222
128 4 8 43 0.012211 2222222222222222
128 4 8 44 0.010942 2222222222222222
128 4 8 45 0.010867 2222222222222222
128 4 8 46 0.012826 2222222222222222
128 4 8 47 0.009629 2222222222222222
128 4 8 48 0.012026 2222222222222222
128 4 8 49 0.014710 2222222222222222
128 4 8 50 0.013758 2222222222222222
128 4 8 51 0.012652 2222222222222222
128 4 8 52 0.013333 2222222222222222
128 4 8 53 0.012831 2222222222222222
128 4 8 54 0.013949 2222222222222222
128 4 8 55 0.010454 2222222222222222
128 4 8 56 0.012977 2222222222222222
128 4 8 57 0.012814 2222222222222222
128 4 8 58 0.016648 2222222222222222
128 4 8 59 0.011389 2222222222222222
128 4 8 60 0.010853 2222222222222222
128 4 8 61 0.009240 2222222222222222
128 4 8 62 0.012926 2222222222222222
128 4 8 63 0.011512 2222222222222222
128 4 8 64 0.012625 2222222222222222
128 4 8 65 0.010205 2222222222222222
128 4 8 66 0.012055 2222222222222222
128 4 8 67 0.009103 2222222222222222
128 4 8 68 0.013435 2222222222212222
128 4 8 69 0.012610 2222222222222222
128 4 8 70 0.012415 2222222222222222
128 4 8 71 0.016145 2222222222222222
128 4 8 72 0.013493 2222222222222222
128 4 8 73 0.012158 2222222222222212
128 4 8 74 0.013820 2222222222222222
128 4 8 75 0.009996 2222222222222222
128 4 8 76 0.011464 2222222222222222
128 4 8 77 0.013639 2222222222222222
128 4 8 78 0.009542 2222222222222222
128 4 8 79 0.012373 2222222222222222
128 4 8 80 0.012461 2222222222222222
128 4 8 81 0.015218 2222222222222222
128 4 8 82 0.015549 2222222222222222
128 4 8 83 0.012874 2222222222222222
128 4 8 84 0.012653 2222222222222222
128 4 8 85 0.012888 2222222222222222
128 4 8 86 0.010809 2222222222222222
128 4 8 87 0.009336 2222222222222222
128 4 8 88 0.013752 2222222222222222
128 4 8 89 0.012763 2222222222222222
128 4 8 90 0.011749 2222222222222222
128 4 8 91 0.012838 2222222222222222
128 4 8 92 0.011037 2222222222222222
128 4 8 93 0.011886 2222222222222222
128 4 8 94 0.009801 2222222222222222
128 4 8 95 0.011124 2222222222222222
128 4 8 96 0.013794 2222222222222222
128 4 8 97 0.008996 2222222222222222
128 4 8 98 0.014213 2222222222222222
128 4 8 99 0.011172 2222222222222222
128 4 16 0 0.005990 22222222
128 4 16 1 0.004820 22222222
128 4 16 2 0.006652 22222222
128 4 16 3 0.006190 22222222
128 4 16 4 0.007171 22222222
128 4 16 5 0.006270 22222222
128 4 16 6 0.007266 22222222
128 4 16 7 0.006991 22222222
128 4 16 8 0.007008 22222222
128 4 16 9 0.005055 22222222
128 4 16 10 0.007673 22222222
128 4 16 11 0.006896 22222222
128 4 16 12 0.006159 22222222
128 4 16 13 0.005532 22222222
128 4 16 14 0.007794 22222222
128 4 16 15 0.004898 22222222
128 4 16 16 0.006117 21222222
128 4 16 17 0.007024 22222222
128 4 16 18 0.007135 22222222
128 4 16 19 0.006122 22222222
128 4 16 20 0.006512 22222222
128 4 16 21 0.005995 22222222
128 4 16 22 0.006852 22222222
128 4 16 23 0.006999 22222222
128 4 16 24 0.006292 22222222
128 4 16 25 0.005655 22222222
128 4 16 26 0.007072 22222222
128 4 16 27 0.005183 22222222
128 4 16 28 0.007224 22222222
128 4 16 29 0.006628 22222222
128 4 16 30 0.005817 22222222
128 4 16 31 0.006351 22222222
128 4 16 32 0.006397 22222222
128 4 16 33 0.006200 22222222
128 4 16 34 0.007009 22222222
128 4 16 35 0.007370 22222222
128 4 16 36 0.006155 22222222
128 4 16 37 0.006060 22222222
128 4 16 38 0.006751 22222222
128 4 16 39 0.006511 22222222
128 4 16 40 0.005556 22222222
128 4 16 41 0.007687 22222222
128 4 16 42 0.007279 22222222
128 4 16 43 0.006205 22222222
128 4 16 44 0.005695 22222222
128 4 16 45 0.005915 22222222
128 4 16 46 0.006700 22222222
128 4 16 47 0.005133 22222222
128 4 16 48 0.006257 22222222
128 4 16 49 0.007944 22222222
128 4 16 50 0.007393 22222222
128 4 16 51 0.006867 22222222
128 4 16 52 0.007249 22222222
128 4 16 53 0.007246 22222222
128 4 16 54 0.007115 22222222
128 4 16 55 0.005585 22222222
128 4 16 56 0.006759 22222222
128 4 16 57 0.006602 22222222
128 4 16 58 0.008291 22222222
128 4 16 59 0.005963 22222222
128 4 16 60 0.005853 22222222
128 4 16 61 0.004988 22222222
128 4 16 62 0.006739 22222222
128 4 16 63 0.006056 22222222
128 4 16 64 0.006308 22222222
128 4 16 65 0.005368 22222222
128 4 16 66 0.006277 22222222
128 4 16 67 0.004799 22222222
128 4 16 68 0.006630 22222122
128 4 16 69 0.006636 22222222
128 4 16 70 0.006431 22222222
128 4 16 71 0.008156 22222222
128 4 16 72 0.007652 22222222
128 4 16 73 0.006718 22222222
128 4 16 74 0.006963 22222222
128 4 16 75 0.005228 22222222
128 4 16 76 0.006012 22222222
128 4 16 77 0.006900 22222222
128 4 16 78 0.005213 22222222
128 4 16 79 0.006328 22222222
128 4 16 80 0.006529 22222222
128 4 16 81 0.007771 22222222
128 4 16 82 0.008034 22222222
128 4 16 83 0.006936 22222222
128 4 16 84 0.006677 22222222
128 4 16 85 0.007158 22222222
128 4 16 86 0.005700 22222222
128 4 16 87 0.004860 22222222
128 4 16 88 0.007085 22222222
128 4 16 89 0.006671 22222222
128 4 16 90 0.006071 22222222
128 4 16 91 0.006666 22222222
128 4 16 92 0.006027 22222222
128 4 16 93 0.006248 22222222
128 4 16 94 0.005081 22222222
128 4 16 95 0.005741 22222222
128 4 16 96 0.007144 22222222
128 4 16 97 0.004808 22222222
128 4 16 98 0.007142 22222222
128 4 16 99 0.005996 22222222
128 4 32 0 0.003391 2222
128 4 32 1 0.002699 2222
128 4 32 2 0.003701 2222
128 4 32 3 0.003510 2222
128 4 32 4 0.003862 2222
128 4 32 5 0.003516 2222
128 4 32 6 0.004166 2222
128 4 32 7 0.003992 2222
128 4 32 8 0.003967 2222
128 4 32 9 0.002801 2222
128 4 32 10 0.004201 2222
128 4 32 11 0.003774 2222
128 4 32 12 0.003480 2222
128 4 32 13 0.003275 2222
128 4 32 14 0.004588 2222
128 4 32 15 0.002834 2222
128 4 32 16 0.003318 1222
128 4 32 17 0.003774 2222
128 4 32 18 0.004386 2222
128 4 32 19 0.003413 2222
128 4 32 20 0.003752 2222
128 4 32 21 0.003504 2222
128 4 32 22 0.003876 2222
128 4 32 23 0.003883 2222
128 4 32 24 0.003617 2222
128 4 32 25 0.003131 2222
128 4 32 26 0.003814 2222
128 4 32 27 0.002857 2222
128 4 32 28 0.004124 2222
128 4 32 29 0.003655 2222
128 4 32 30 0.003285 2222
128 4 32 31 0.003586 2222
128 4 32 32 0.003491 2222
128 4 32 33 0.003410 2222
128 4 32 34 0.003658 2222
128 4 32 35 0.004101 2222
128 4 32 36 0.003310 2222
128 4 32 37 0.003456 2222
128 4 32 38 0.003844 2222
128 4 32 39 0.003631 2222
128 4 32 40 0.003102 2222
128 4 32 41 0.004376 2222
128 4 32 42 0.004029 2222
128 4 32 43 0.003623 2222
128 4 32 44 0.003193 2222
128 4 32 45 0.003200 2222
128 4 32 46 0.003743 2222
128 4 32 47 0.002843 2222
128 4 32 48 0.003542 2222
128 4 32 49 0.004291 2222
128 4 32 50 0.004144 2222
128 4 32 51 0.003876 2222
128 4 32 52 0.003759 2222
128 4 32 53 0.003777 2222
128 4 32 54 0.004061 2222
128 4 32 55 0.003015 2222
128 4 32 56 0.003966 2222
128 4 32 57 0.003839 2222
128 4 32 58 0.004755 2222
128 4 32 59 0.003307 2222
128 4 32 60 0.003504 2222
128 4 32 61 0.002719 2222
128 4 32 62 0.003804 2222
128 4 32 63 0.003323 2222
128 4 32 64 0.003533 2222
128 4 32 65 0.003056 2222
128 4 32 66 0.003661 2222
128 4 32 67 0.002718 2222
128 4 32 68 0.003749 2212
128 4 32 69 0.003612 2222
128 4 32 70 0.003539 2222
128 4 32 71 0.004791 2222
128 4 32 72 0.003954 2222
128 4 32 73 0.003784 2222
128 4 32 74 0.003938 2222
128 4 32 75 0.002790 2222
128 4 32 76 0.003606 2222
128 4 32 77 0.003772 2222
128 4 32 78 0.002850 2222
128 4 32 79 0.003533 2222
128 4 32 80 0.003623 2222
128 4 32 81 0.004174 2222
128 4 32 82 0.004618 2222
128 4 32 83 0.003831 2222
128 4 32 84 0.003647 2222
128 4 32 85 0.003874 2222
128 4 32 86 0.003159 2222
128 4 32 87 0.002701 2222
128 4 32 88 0.003801 2222
128 4 32 89 0.003846 2222
128 4 32 90 0.003306 2222
128 4 32 91 0.003679 2222
128 4 32 92 0.003233 2222
128 4 32 93 0.003510 2222
128 4 32 94 0.002950 2222
128 4 32 95 0.003160 2222
128 4 32 96 0.004063 2222
128 4 32 97 0.002768 2222
128 4 32 98 0.004047 2222
128 4 32 99 0.003306 2222
128 8 16 0 0.018745 22222222
128 8 16 1 0.015593 22222222
128 8 16 2 0.018035 22222222
128 8 16 3 0.019908 22222222
128 8 16 4 0.023470 22222222
128 8 16 5 0.018975 22222222
128 8 16 6 0.022296 22222222
128 8 16 7 0.021602 22222222
128 8 16 8 0.023448 22222222
128 8 16 9 0.013965 22222222
128 8 16 10 0.023780 22222222
128 8 16 11 0.020478 22222222
128 8 16 12 0.019221 22222222
128 8 16 13 0.017145 22222222
128 8 16 14 0.023727 22222222
128 8 16 15 0.015524 22222222
128 8 16 16 0.018721 22222222
128 8 16 17 0.020848 22222222
128 8 16 18 0.022849 22222222
128 8 16 19 0.018153 22222222
128 8 16 20 0.019802 22222222
128 8 16 21 0.017894 22222222
128 8 16 22 0.021360 22222222
128 8 16 23 0.021833 22222222
128 8 16 24 0.017708 22222222
128 8 16 25 0.017491 22222222
128 8 16 26 0.021929 22222222
128 8 16 27 0.016050 22222222
128 8 16 28 0.022748 22222222
128 8 16 29 0.020784 22222222
128 8 16 30 0.016534 22222222
128 8 16 31 0.019520 22222222
128 8 16 32 0.018393 22222222
128 8 16 33 0.017034 22222222
128 8 16 34 0.021687 22222222
128 8 16 35 0.022757 22222222
128 8 16 36 0.018891 22222222
128 8 16 37 0.015758 22222222
128 8 16 38 0.020546 22222222
128 8 16 39 0.019534 22222222
128 8 16 40 0.016208 22222222
128 8 16 41 0.025452 22222222
128 8 16 42 0.022127 22222222
128 8 16 43 0.022256 22222222
128 8 16 44 0.016362 22222222
128 8 16 45 0.017077 22222222
128 8 16 46 0.021727 22222222
128 8 16 47 0.015434 22222222
128 8 16 48 0.018829 22222222
128 8 16 49 0.024049 22222222
128 8 16 50 0.023687 22222222
128 8 16 51 0.021428 22222222
128 8 16 52 0.021409 22222222
128 8 16 53 0.020683 22222222
128 8 16 54 0.022856 22222222
128 8 16 55 0.016934 22222222
128 8 16 56 0.021682 22222222
128 8 16 57 0.020589 22222222
128 8 16 58 0.028013 22222222
128 8 16 59 0.017765 22222222
128 8 16 60 0.016277 22222222
128 8 16 61 0.013886 22222222
128 8 16 62 0.020552 22222222
128 8 16 63 0.018864 22222222
128 8 16 64 0.018176 22222222
128 8 16 65 0.016035 22222222
128 8 16 66 0.019107 22222222
128 8 16 67 0.014043 22222222
128 8 16 68 0.019920 22222222
128 8 16 69 0.021697 22222222
128 8 16 70 0.018728 22222222
128 8 16 71 0.025773 22222222
128 8 16 72 0.023656 22222222
128 8 16 73 0.020363 22222222
128 8 16 74 0.021997 22222222
128 8 16 75 0.014300 22222222
128 8 16 76 0.019071 22222222
128 8 16 77 0.021742 22222222
128 8 16 78 0.016134 22222222
128 8 16 79 0.018439 22222222
128 8 16 80 0.019475 22222222
128 8 16 81 0.023305 22222222
128 8 16 82 0.025909 22222222
128 8 16 83 0.021167 22222222
128 8 16 84 0.019298 22222222
128 8 16 85 0.020783 22222222
128 8 16 86 0.016426 22222222
128 8 16 87 0.015722 22222222
128 8 16 88 0.021803 22222222
128 8 16 89 0.021400 22222222
128 8 16 90 0.017931 22222222
128 8 16 91 0.021147 22222222
128 8 16 92 0.019372 22222222
128 8 16 93 0.019296 22222222
128 8 16 94 0.014123 22222222
128 8 16 95 0.016836 22222222
128 8 16 96 0.023514 22222222
128 8 16 97 0.014897 22222222
128 8 16 98 0.022063 22222222
128 8 16 99 0.018207 22222222
128 8 32 0 0.010221 2222
128 8 32 1 0.007951 2222
128 8 32 2 0.010263 2222
128 8 32 3 0.010788 2222
128 8 32 4 0.012058 2222
128 8 32 5 0.010172 2222
128 8 32 6 0.013251 2222
128 8 32 7 0.012212 2222
128 8 32 8 0.012184 2222
128 8 32 9 0.007857 2222
128 8 32 10 0.013236 2222
128 8 32 11 0.012261 2222
128 8 32 12 0.010858 2222
128 8 32 13 0.009516 2222
128 8 32 14 0.013417 2222
128 8 32 15 0.008864 2222
128 8 32 16 0.010543 2222
128 8 32 17 0.011950 2222
128 8 32 18 0.012721 2222
128 8 32 19 0.010206 2222
128 8 32 20 0.011176 2222
128 8 32 21 0.010913 2222
128 8 32 22 0.011446 2222
128 8 32 23 0.012315 2222
128 8 32 24 0.009758 2222
128 8 32 25 0.009463 2222
128 8 32 26 0.012499 2222
128 8 32 27 0.008530 2222
128 8 32 28 0.012917 2222
128 8 32 29 0.011380 2222
128 8 32 30 0.009877 2222
128 8 32 31 0.010988 2222
128 8 32 32 0.010594 2222
128 8 32 33 0.009476 2222
128 8 32 34 0.012746 2222
128 8 32 35 0.013381 2222
128 8 32 36 0.010436 2222
128 8 32 37 0.009314 2222
128 8 32 38 0.012410 2222
128 8 32 39 0.010991 2222
128 8 32 40 0.009267 2222
128 8 32 41 0.014078 2222
128 8 32 42 0.012502 2222
128 8 32 43 0.011902 2222
128 8 32 44 0.008740 2222
128 8 32 45 0.009717 2222
128 8 32 46 0.012189 2222
128 8 32 47 0.008775 2222
128 8 32 48 0.010964 2222
128 8 32 49 0.013857 2222
128 8 32 50 0.013085 2222
128 8 32 51 0.012186 2222
128 8 32 52 0.012351 2222
128 8 32 53 0.011322 2222
128 8 32 54 0.012353 2222
128 8 32 55 0.010379 2222
128 8 32 56 0.011226 2222
128 8 32 57 0.011471 2222
128 8 32 58 0.014998 2222
128 8 32 59 0.009749 2222
128 8 32 60 0.009309 2222
128 8 32 61 0.007746 2222
128 8 32 62 0.011606 2222
128 8 32 63 0.010184 2222
128 8 32 64 0.010313 2222
128 8 32 65 0.009516 2222
128 8 32 66 0.011104 2222
128 8 32 67 0.008008 2222
128 8 32 68 0.011966 2222
128 8 32 69 0.011102 2222
128 8 32 70 0.010318 2222
128 8 32 71 0.014317 2222
128 8 32 72 0.013610 2222
128 8 32 73 0.011676 2222
128 8 32 74 0.011897 2222
128 8 32 75 0.007863 2222
128 8 32 76 0.010695 2222
128 8 32 77 0.011659 2222
128 8 32 78 0.008522 2222
128 8 32 79 0.010481 2222
128 8 32 80 0.011052 2222
128 8 32 81 0.012615 2222
128 8 32 82 0.014849 2222
128 8 32 83 0.011818 2222
128 8 32 84 0.010200 2222
128 8 32 85 0.011773 2222
128 8 32 86 0.009066 2222
128 8 32 87 0.008702 2222
128 8 32 88 0.011362 2222
128 8 32 89 0.011880 2222
128 8 32 90 0.010331 2222
128 8 32 91 0.011541 2222
128 8 32 92 0.010094 2222
128 8 32 93 0.010335 2222
128 8 32 94 0.008214 2222
128 8 32 95 0.009459 2222
128 8 32 96 0.012901 2222
128 8 32 97 0.008493 2222
128 8 32 98 0.012384 2222
128 8 32 99 0.010733 2222
256 2 4 0 0.042613 1222222222222222222222222222122222222222222222222222222222222222
256 2 4 1 0.037160 2222222222222222222222222221222222222222222222222222222222222222
256 2 4 2 0.038007 2222222222222222222222222122222222122122222222222222222222222222
256 2 4 3 0.032938 0222222222222222222122222122222222202222222222222202222122222222
256 2 4 4 0.041787 2222222222212222222222120122222222222122222222222222222222221222
256 2 4 5 0.031496 2222222222222222222202222222222222222222222222221221222222222222
256 2 4 6 0.037903 2222222221222122222222222122222222222222222122222222222222221222
256 2 4 7 0.038663 2122222222222222222122222212212222212221222221222222222212222222
256 2 4 8 0.039383 2222222222122222222222222222222222221221222212222222222222222222
256 2 4 9 0.038466 2222122222222222222222022222222222222122222022222222222222222222
256 2 4 10 0.036327 1222222222222222222212222221222200222121222222222222222222222222
256 2 4 11 0.038327 0012222222222221222222222222222222222222222222222222222222222222
256 2 4 12 0.033716 2222222222222122222211222222222122112222212222222222222222222222
256 2 4 13 0.033414 2222222022212222222222222222222222222222222222222222122222122222
256 2 4 14 0.036621 1222222022222222222222212122222222222222222222122222222222222221
256 2 4 15 0.035723 2222212222122222222221221222222222222222222122222222212211222222
256 2 4 16 0.032771 2222222222222212222222222212222122222221222222221222222212222012
256 2 4 17 0.034468 2222222222222122222212222222222222222222212222121202222222212212
256 2 4 18 0.040536 2122222122222222221222222222222222222212222222222222222222222222
256 2 4 19 0.039988 2222222222222222222222222222222221222222222222222222122222222222
256 2 4 20 0.035231 2222222212221222222222222222221222222222222222222221222212221222
256 2 4 21 0.034571 1222222222222222222222221222222202222222222222222222222222222222
256 2 4 22 0.039313 2222121222222222222222222222212222222222222222222222221212222222
256 2 4 23 0.037165 2222222222222222222222222221221222222222222222212222222222222222
256 2 4 24 0.034140 2222222222222222122222222222222202122222222222222222222222222221
256 2 4 25 0.034357 2222222221222222222222221222222222222221222222222221212222222122
256 2 4 26 0.035800 2222222222222222222222222222222222222222212212221222222222222222
256 2 4 27 0.031467 2222022222222222222222220222222222222222212212222222222222221222
256 2 4 28 0.037204 2222222222222222222222222222222222222222221222212222212222222222
256 2 4 29 0.036246 2221222220222222122222220222211221222212222222222222222222222222
256 2 4 30 0.035566 2222222220222222222222222221122212222221222222222222222122222222
256 2 4 31 0.038955 2222222222222222222222222222212221222212222221222222122222221222
256 2 4 32 0.039496 2222122222222222122222212122212222222222212222222122222222221221
256 2 4 33 0.039591 2222222222222222122222222222222222222222222122222222222222222222
256 2 4 34 0.036280 2221222222221222222222211221222222222222122221222122222222222222
256 2 4 35 0.038148 2222222222222222222222222222222122212222222120212222222222222222
256 2 4 36 0.035249 2222222222122222222212222222222222221222222222222022222222222122
256 2 4 37 0.037481 1222222222222222222222222222222200212222222212222202222221222222
256 2 4 38 0.038685 2221222222212222222222222222222222122222222222222222222222212202
256 2 4 39 0.035715 0222221221222222222222222212222222222222222222222222222222122222
256 2 4 40 0.037375 2222222222221222222222222222222222222222222122222221222212222222
256 2 4 41 0.034275 2222121222222222212222222222222222212222222222222222221222222221
256 2 4 42 0.040681 2222222222222222122222222222222222222222222222222222221222222221
256 2 4 43 0.031602 2112221222222222122112212222222222222222122222222222222212222222
256 2 4 44 0.033575 2222222222221222222222222222222222221222212222212222222222222222
256 2 4 45 0.035426 2212222222222222222222222222222222222221122222222222222222222212
256 2 4 46 0.035913 2222222222022222222222222222222222222212222222222212122222222222
256 2 4 47 0.038586 1212221222222222222222222222222222222222222222221222222222222221
256 2 4 48 0.032644 2221222222222222222222222222222222222222222222222222222212222222
256 2 4 49 0.034193 2222212222222222222222222121222222222222122222221202222222222222
256 2 4 50 0.035383 2222222222222222222222220122122222222222022222220222222222222222
256 2 4 51 0.032067 0222222222222222222222222222222222122222222222222212222212222222
256 2 4 52 0.037474 2222222222122222022222222222221221222222222221222222222222122222
256 2 4 53 0.035765 1222222222222222122222222222222122222222212222222222222222222222
256 2 4 54 0.037093 2222222222222222222212222221222222212222222222222222222202222222
256 2 4 55 0.036813 2222222222222212211222222222221222222221212222222222222222222222
256 2 4 56 0.032824 2222122222222222222122222222222222222212221222121222212122202222
256 2 4 57 0.037061 2222212222221222222222222221221212222222122222222221222212122222
256 2 4 58 0.035791 2222222222122222222222222222222222222222222222222222022222221222
256 2 4 59 0.035941 2222222222222122222222222222222222222222212222222222222202222222
256 2 4 60 0.037235 1222022222202212222222222222221222222222222222212222222222222222
256 2 4 61 0.038969 2212222222222222222222212222222222222222122222222222222222222222
256 2 4 62 0.037405 2222222222222022222222222202222222222222222222222222222222122222
256 2 4 63 0.036236 2212222122122222222222222222112222222222222221222222122222222222
256 2 4 64 0.031994 0022121222222222122222222222202222122222222222222222222222022222
256 2 4 65 0.033127 2122222222212222222222121221222222222212222212122122222222222222
256 2 4 66 0.035427 2222221222222222222222222222022222222212121212122222122222222212
256 2 4 67 0.034561 2222222222222212222221022222222222222222222212222122222122222222
256 2 4 68 0.032258 2222222222212222222222202122222222122222222222222122222221222222
256 2 4 69 0.032162 2212222212222212222222122222122222222222222222211222222221221222
256 2 4 70 0.036118 2221222222222222022222222222122222222222122222222222222222222222
256 2 4 71 0.039981 2222222222222222222222222222222222222212222222222222222212222222
256 2 4 72 0.032219 2222222222222222222222221222222112222222222222222212222212221222
256 2 4 73 0.034824 0122222222222221222222222222222222122222222222222222222222220222
256 2 4 74 0.031473 1212222222221222211222222212222222222122122212222222221222222222
256 2 4 75 0.036631 1222222221222222222222222222222222222222222222222222222222222222
256 2 4 76 0.033684 2122222222222222222212222212222222212222222222222222222222221122
256 2 4 77 0.034631 2002222222222222221222221212222222222122221222222222222202221222
256 2 4 78 0.034378 2221222222121122222222222122222222222222122122222222222222222222
256 2 4 79 0.033204 2220222222222222222222222222222222222122222122212222222222222222
256 2 4 80 0.035202 2222122222222222222222122222222222222222222222222222122222222212
256 2 4 81 0.038136 2221222222222222222222222222222222221220222222112222222221222222
256 2 4 82 0.037082 2222222222222222222222212222221222222222222222222221222102222222
256 2 4 83 0.029165 2222222212222120222222212221222222122222222222222122222222222222
256 2 4 84 0.034390 2222222220222222222202222222221221222222222222222222222221222222
256 2 4 85 0.034275 1222222221221222222222222222222222222222222222212222222222222222
256 2 4 86 0.036747 2222222222222222222221222221222222221212212222222222210222222221
256 2 4 87 0.034414 2222222222222222222222222222222222222222222222222222222222122222
256 2 4 88 0.035979 2222222222222222222212222222222221212222222222212221222222222222
256 2 4 89 0.036981 2122222222222222222222222222222222222122222222222222222222222222
256 2 4 90 0.037836 2222222222222222222221221022222222222222222222221222212222222222
256 2 4 91 0.040209 1222222221221222222121222222222222222222222222222222222222122222
256 2 4 92 0.031687 2222222222122222122222222222222222122222222222222222222122122222
256 2 4 93 0.035607 2221222222221222222222212222222212222222222222222222222222222222
256 2 4 94 0.038811 2222222222222222222221222222222222222222222222221212222222222222
256 2 4 95 0.037711 2222222221222222222122222222212222221222222222222222121222222222
256 2 4 96 0.036821 0222222222222222222222222222222221222222222222221222022222221212
256 2 4 97 0.035137 2221222222222222222222221222222221222220222122221222212222222222
256 2 4 98 0.036735 2222222222222222121222222222222222222222222222222222121212222222
256 2 4 99 0.038251 2222222222222222222222212222222222222221222222222222122222222222
256 2 8 0 0.021840 22222222222222222222222222222222
256 2 8 1 0.018216 22222222222221222222222222222222
256 2 8 2 0.018207 22222222222212222212222222222222
256 2 8 3 0.016290 22222222212212222022222222212222
256 2 8 4 0.020581 22222122222212222212222222222222
256 2 8 5 0.015890 22222222222222222222222221222222
256 2 8 6 0.018722 22221212222212222222212222222222
256 2 8 7 0.019360 12222222212222122121221222222222
256 2 8 8 0.019805 22222222222222222221222222222222
256 2 8 9 0.018775 22222222222222222212202222222222
256 2 8 10 0.018420 22222222222221220211222222222222
256 2 8 11 0.018953 02222221222222222222222222222222
256 2 8 12 0.017094 22222212221222212122122222222222
256 2 8 13 0.016891 22202122222222222222222222222222
256 2 8 14 0.018308 22202222222112222222222222222221
256 2 8 15 0.017943 22122222221222222222212222121222
256 2 8 16 0.016705 22222222222222212221222222222202
256 2 8 17 0.017399 22222212222222222222122222222122
256 2 8 18 0.020555 12212222222222222222222222222222
256 2 8 19 0.020258 22222222222222221222222222222222
256 2 8 20 0.018126 22222222222222222222222221222222
256 2 8 21 0.017599 22222222222222222222222222222222
256 2 8 22 0.019724 22222222222222122222222222222222
256 2 8 23 0.018841 22222222222221222222222122222222
256 2 8 24 0.017158 22222222222222222222222222222221
256 2 8 25 0.017304 22221222222222222221222221122212
256 2 8 26 0.018154 22222222222222222222122222222222
256 2 8 27 0.015691 22222222222222222222122222222222
256 2 8 28 0.018746 22222222222222222222222122122222
256 2 8 29 0.018301 21220222222222121222222222222222
256 2 8 30 0.018505 22220222222221222221222222212222
256 2 8 31 0.019700 22222222222222121222221222222222
256 2 8 32 0.021193 22222222222112122222122212222221
256 2 8 33 0.020155 22222222222222222222212222222222
256 2 8 34 0.018033 21222222222121222222221212222222
256 2 8 35 0.019386 22222222222222212122210122222222
256 2 8 36 0.017529 22222222222222222222222202222212
256 2 8 37 0.019015 22222222222222220122222222221222
256 2 8 38 0.018685 21222122222222222222222222222122
256 2 8 39 0.018376 22221222222222222222222222222222
256 2 8 40 0.018876 22222222222222222222212221222222
256 2 8 41 0.017183 22222222122222222122222222222221
256 2 8 42 0.020403 22222222222222222222222222222221
256 2 8 43 0.015791 12222222212122222222222222222222
256 2 8 44 0.016882 22222222222222222222122122222222
256 2 8 45 0.017933 22222222222222222221222222222222
256 2 8 46 0.018262 22222222222222222222222222222222
256 2 8 47 0.019150 22222222222222222222222222222221
256 2 8 48 0.016563 21222222222222222222222222222222
256 2 8 49 0.017249 22122222222211222222222222222222
256 2 8 50 0.017327 22222222222212222222222222222222
256 2 8 51 0.016163 22222222222222222222222222222222
256 2 8 52 0.019178 22222222222222221222221222222222
256 2 8 53 0.017850 22222222222222212222122222222222
256 2 8 54 0.018873 22222222222221222122222222222222
256 2 8 55 0.018363 22222222122222222221122222222222
256 2 8 56 0.016530 22222222212222222222222222112022
256 2 8 57 0.018515 22122222222221222222222221222222
256 2 8 58 0.018022 22222222222222222222222222222222
256 2 8 59 0.018423 22222212222222222222122222222222
256 2 8 60 0.018710 22222022222222222222222122222222
256 2 8 61 0.019725 22222222222122222222222222222222
256 2 8 62 0.019105 22222202222222222222222222222222
256 2 8 63 0.018426 22212222222222122222221222222222
256 2 8 64 0.016138 02222222222222022222222222222222
256 2 8 65 0.017295 12222122222221222222222212222222
256 2 8 66 0.017913 22222222222222222222222222222222
256 2 8 67 0.017412 22222222221222222222222212212222
256 2 8 68 0.016485 22222122222012222222222212221222
256 2 8 69 0.016330 22222222222222222222222122221222
256 2 8 70 0.018341 21222222222222222222222222222222
256 2 8 71 0.020271 22222222222222222222222222222222
256 2 8 72 0.016181 22222222222222212222222222222222
256 2 8 73 0.017680 12222221222222222222222222222222
256 2 8 74 0.015561 22222222122222222212222222222222
256 2 8 75 0.018605 22221222222222222222222222222222
256 2 8 76 0.017173 12222222222222222122222222222212
256 2 8 77 0.017008 02222222222222222212222222222222
256 2 8 78 0.017424 21222212222212222222212222222222
256 2 8 79 0.016927 20222222222222222212212122222222
256 2 8 80 0.017840 22222222222222222222222222222222
256 2 8 81 0.018948 21222222222222222220222122221222
256 2 8 82 0.018814 22222222222122222222222221212222
256 2 8 83 0.014442 22222210222121222222222212222222
256 2 8 84 0.017083 22220222222222221222222222221222
256 2 8 85 0.016968 22221222222222222222222122222222
256 2 8 86 0.018700 22222222221221222222122222122221
256 2 8 87 0.017263 22222222222222222222222222222222
256 2 8 88 0.018164 22222222222222221122222121222222
256 2 8 89 0.018387 12222222222222222212222222222222
256 2 8 90 0.019003 22222222221202222222222222122222
256 2 8 91 0.020142 22221222211222222222222222222222
256 2 8 92 0.016345 22222222222222222222222222212222
256 2 8 93 0.017569 21222222222122222222222222222222
256 2 8 94 0.018789 22222222221222222222222222222222
256 2 8 95 0.018651 22221222212222122222222222222222
256 2 8 96 0.018326 22222222222222221222222222222222
256 2 8 97 0.017404 21222222222222221220212222122222
256 2 8 98 0.019995 22222222222222222222222222222222
256 2 8 99 0.019472 22222222222122222221222222222222
256 2 16 0 0.010932 2222222222222222
256 2 16 1 0.009551 2222221222222222
256 2 16 2 0.009285 2222222222222222
256 2 16 3 0.008473 2222122202222122
256 2 16 4 0.011022 2212222222222222
256 2 16 5 0.008076 2222222222221222
256 2 16 6 0.009873 2222222222122222
256 2 16 7 0.009858 2222122211222222
256 2 16 8 0.010199 2222222221222222
256 2 16 9 0.009744 2222222222022222
256 2 16 10 0.009367 2222221221222222
256 2 16 11 0.009961 2221222222222222
256 2 16 12 0.008819 2222222112222222
256 2 16 13 0.008494 2012222222222222
256 2 16 14 0.009644 2022212222222221
256 2 16 15 0.009185 2222222222122222
256 2 16 16 0.008439 2222222121222222
256 2 16 17 0.009232 2222222222222212
256 2 16 18 0.010324 2122222222222222
256 2 16 19 0.010177 2222222222222222
256 2 16 20 0.009026 2222222222221222
256 2 16 21 0.009179 2222222222222222
256 2 16 22 0.010022 2222222222222222
256 2 16 23 0.009893 2222221222212222
256 2 16 24 0.008742 2222222222222221
256 2 16 25 0.009024 2222222221221222
256 2 16 26 0.009388 2222222222222222
256 2 16 27 0.007979 2222222222222222
256 2 16 28 0.009547 2222222222212222
256 2 16 29 0.009278 1222222222222222
256 2 16 30 0.009178 2222221221222122
256 2 16 31 0.010212 2222222222222222
256 2 16 32 0.010056 2222212222222221
256 2 16 33 0.010468 2222222222122222
256 2 16 34 0.009177 1222211222222222
256 2 16 35 0.009952 2222222112112222
256 2 16 36 0.009052 2222222222222222
256 2 16 37 0.009557 2222222212222222
256 2 16 38 0.009910 1212222222222212
256 2 16 39 0.009376 2222222222222222
256 2 16 40 0.009627 2222222222121222
256 2 16 41 0.008858 2222222212222221
256 2 16 42 0.010511 2222222222222221
256 2 16 43 0.008061 2222112222222222
256 2 16 44 0.008567 2222222222212222
256 2 16 45 0.009207 2222222221222222
256 2 16 46 0.009237 2222222222222222
256 2 16 47 0.010799 2222222222222221
256 2 16 48 0.009255 1222222222222222
256 2 16 49 0.008797 2222221222222222
256 2 16 50 0.009313 2222222222222222
256 2 16 51 0.008161 2222222222222222
256 2 16 52 0.009690 2222222222222222
256 2 16 53 0.009444 2222222122222222
256 2 16 54 0.009498 2222221212222222
256 2 16 55 0.009535 2222222221222222
256 2 16 56 0.008459 2222122222222102
256 2 16 57 0.009690 2222221222221222
256 2 16 58 0.009088 2222222222222222
256 2 16 59 0.009604 2222222222222222
256 2 16 60 0.009381 2202222222212222
256 2 16 61 0.010102 2222212222222222
256 2 16 62 0.009891 2222222222222222
256 2 16 63 0.009185 2122222222222222
256 2 16 64 0.008375 2222222222222222
256 2 16 65 0.008490 2212221222222222
256 2 16 66 0.009413 2222222222222222
256 2 16 67 0.008841 2222222222222122
256 2 16 68 0.008382 2212202222222222
256 2 16 69 0.008278 2222222222212222
256 2 16 70 0.009409 1222222222222222
256 2 16 71 0.010475 2222222222222222
256 2 16 72 0.008127 2222222122222222
256 2 16 73 0.009122 2221222222222222
256 2 16 74 0.007919 2222222222222222
256 2 16 75 0.009623 2222222222222222
256 2 16 76 0.008548 2222222212222222
256 2 16 77 0.008933 2222222222222222
256 2 16 78 0.008857 1222222222122222
256 2 16 79 0.008940 0222222222112222
256 2 16 80 0.009014 2222222222222222
256 2 16 81 0.009671 1222222220212222
256 2 16 82 0.009723 2222212222221122
256 2 16 83 0.007127 2220211222222222
256 2 16 84 0.009116 2222222222222222
256 2 16 85 0.008747 2222222222212222
256 2 16 86 0.009656 2222221222222221
256 2 16 87 0.009102 2222222222222222
256 2 16 88 0.009084 2222222212211222
256 2 16 89 0.009464 2222222222222222
256 2 16 90 0.009708 2222222222222222
256 2 16 91 0.010348 2222122222222222
256 2 16 92 0.008176 2222222222222122
256 2 16 93 0.009278 1222212222222222
256 2 16 94 0.009584 2222222222222222
256 2 16 95 0.009898 2222122222222222
256 2 16 96 0.009333 2222222222222222
256 2 16 97 0.009181 1222222220122222
256 2 16 98 0.009573 2222222222222222
256 2 16 99 0.010276 2222212221222222
256 2 32 0 0.005862 22222222
256 2 32 1 0.004962 22222222
256 2 32 2 0.004935 22222222
256 2 32 3 0.004524 22222212
256 2 32 4 0.005736 22222222
256 2 32 5 0.004349 22222222
256 2 32 6 0.005081 22222222
256 2 32 7 0.005402 22221222
256 2 32 8 0.005316 22221222
256 2 32 9 0.005114 22222222
256 2 32 10 0.005003 22221222
256 2 32 11 0.005175 21222222
256 2 32 12 0.004888 22212222
256 2 32 13 0.004503 02222222
256 2 32 14 0.004930 02122221
256 2 32 15 0.005117 22222222
256 2 32 16 0.004526 22211222
256 2 32 17 0.004700 22222222
256 2 32 18 0.005510 12222222
256 2 32 19 0.005392 22222222
256 2 32 20 0.004784 22222222
256 2 32 21 0.004957 22222222
256 2 32 22 0.005279 22222222
256 2 32 23 0.005078 22222122
256 2 32 24 0.004607 22222221
256 2 32 25 0.004577 22221222
256 2 32 26 0.004906 22222222
256 2 32 27 0.004258 22222222
256 2 32 28 0.005140 22222122
256 2 32 29 0.004906 22222222
256 2 32 30 0.004816 22221212
256 2 32 31 0.005419 22222222
256 2 32 32 0.005383 22122221
256 2 32 33 0.005559 22222222
256 2 32 34 0.004824 22122222
256 2 32 35 0.005253 22212122
256 2 32 36 0.004688 22222222
256 2 32 37 0.005130 22222222
256 2 32 38 0.005248 22222222
256 2 32 39 0.004855 22222222
256 2 32 40 0.005128 22222222
256 2 32 41 0.004806 22222221
256 2 32 42 0.005462 22222221
256 2 32 43 0.004256 22122222
256 2 32 44 0.004646 22222122
256 2 32 45 0.004835 22221222
256 2 32 46 0.004875 22222222
256 2 32 47 0.005291 22222221
256 2 32 48 0.004532 22222222
256 2 32 49 0.004631 22222222
256 2 32 50 0.004783 22222222
256 2 32 51 0.004428 22222222
256 2 32 52 0.005237 22222222
256 2 32 53 0.004954 22212222
256 2 32 54 0.005100 22222222
256 2 32 55 0.004886 22221222
256 2 32 56 0.004628 22222212
256 2 32 57 0.004981 22222222
256 2 32 58 0.004896 22222222
256 2 32 59 0.004899 22222222
256 2 32 60 0.004935 22222122
256 2 32 61 0.005368 22122222
256 2 32 62 0.005176 22222222
256 2 32 63 0.004869 12222222
256 2 32 64 0.004396 22222222
256 2 32 65 0.004563 22222222
256 2 32 66 0.004739 22222222
256 2 32 67 0.004851 22222212
256 2 32 68 0.004458 22022222
256 2 32 69 0.004368 22222122
256 2 32 70 0.005150 22222222
256 2 32 71 0.005552 22222222
256 2 32 72 0.004320 22212222
256 2 32 73 0.005014 21222222
256 2 32 74 0.004178 22222222
256 2 32 75 0.005796 22222222
256 2 32 76 0.004581 22222222
256 2 32 77 0.004646 22222222
256 2 32 78 0.004694 22222222
256 2 32 79 0.004617 22222122
256 2 32 80 0.004748 22222222
256 2 32 81 0.005359 22220122
256 2 32 82 0.005071 22122212
256 2 32 83 0.003803 20122222
256 2 32 84 0.004787 22222222
256 2 32 85 0.004641 22222122
256 2 32 86 0.005040 22222221
256 2 32 87 0.004692 22222222
256 2 32 88 0.004750 22222122
256 2 32 89 0.005036 22222222
256 2 32 90 0.005177 22222222
256 2 32 91 0.005436 22222222
256 2 32 92 0.004444 22222212
256 2 32 93 0.004864 22122222
256 2 32 94 0.005071 22222222
256 2 32 95 0.005229 22222222
256 2 32 96 0.005023 22222222
256 2 32 97 0.004758 22220222
256 2 32 98 0.005092 22222222
256 2 32 99 0.005168 22121222
256 4 8 0 0.060547 22222222222222222222222222222222
256 4 8 1 0.048494 22222222222222222222222222222222
256 4 8 2 0.050975 22222222222222222222222222222222
256 4 8 3 0.044616 22222222222222222222222222222222
256 4 8 4 0.058553 22222222222222222222222222222222
256 4 8 5 0.043246 22222222222222222222222222222222
256 4 8 6 0.053048 22222222222222222222222222222222
256 4 8 7 0.053749 22222222222222222222222222222222
256 4 8 8 0.056360 22222222222222222222222222222222
256 4 8 9 0.051781 22222222222222222222222222222222
256 4 8 10 0.050380 22222222222222222222222222222222
256 4 8 11 0.050909 02222222222222222222222222222222
256 4 8 12 0.046372 22222222221222222222222222222222
256 4 8 13 0.044561 22222222222222222222222222222222
256 4 8 14 0.048958 22222222222222222222222222222222
256 4 8 15 0.048785 22222222222222222222222222221222
256 4 8 16 0.043275 22222222222222222222222222222222
256 4 8 17 0.045606 22222222222222222222222222222222
256 4 8 18 0.056549 22222222222222222222222222222222
256 4 8 19 0.055249 22222222222222222222222222222222
256 4 8 20 0.046800 22222222222222222222222222222222
256 4 8 21 0.054119 22222222222222222222222222222222
256 4 8 22 0.058023 22222222222222222222222222222222
256 4 8 23 0.051306 22222222222222222222222222222222
256 4 8 24 0.045562 22222222222222222222222222222222
256 4 8 25 0.045441 22222222222222222222222222222222
256 4 8 26 0.051904 22222222222222222222222222222222
256 4 8 27 0.045173 22222222222222222222222222222222
256 4 8 28 0.052422 22222222222222222222222222222222
256 4 8 29 0.051005 22222222222222222222222222222222
256 4 8 30 0.049368 22222222222222222222222222222222
256 4 8 31 0.053758 22222222222222222222222222222222
256 4 8 32 0.054502 22222222222222222222222222222222
256 4 8 33 0.055239 22222222222222222222222222222222
256 4 8 34 0.048020 22222222222222222222222222222222
256 4 8 35 0.053712 22222222222222222222222222222222
256 4 8 36 0.045652 22222222222222222222222222222222
256 4 8 37 0.052837 22222222222222222222222222222222
256 4 8 38 0.050763 22222222222222222222222222222222
256 4 8 39 0.050859 22222222222222222222222222222222
256 4 8 40 0.051174 22222222222222222222222222222222
256 4 8 41 0.046358 22222222222222222222222222222222
256 4 8 42 0.055720 22222222222222222222222222222222
256 4 8 43 0.040686 22222222222222222222222222222222
256 4 8 44 0.043221 22222222222222222222222222222222
256 4 8 45 0.049022 22222222222222222222222222222222
256 4 8 46 0.051048 22222222222222222222222222222222
256 4 8 47 0.053590 22222222222222222222222222222222
256 4 8 48 0.046562 22222222222222222222222222222222
256 4 8 49 0.046506 22222222222222222222222222222222
256 4 8 50 0.047937 22222222222222222222222222222222
256 4 8 51 0.043250 22222222222222222222222222222222
256 4 8 52 0.052207 22222222222222222222222222222222
256 4 8 53 0.050981 22222222222222222222222222222222
256 4 8 54 0.051181 22222222222222222222222222222222
256 4 8 55 0.050264 22222222222222222222222222222222
256 4 8 56 0.042595 22222222222222222222222222222222
256 4 8 57 0.050628 22222222222222222222222222222222
256 4 8 58 0.047515 22222222222222222222222222222222
256 4 8 59 0.048869 22222222222222222222222222222222
256 4 8 60 0.050218 22222222222222222222222222222222
256 4 8 61 0.053985 22222222222222222222222222222222
256 4 8 62 0.050554 22222222222222222222222222222222
256 4 8 63 0.047257 22222222222222222222222222222222
256 4 8 64 0.042720 02222222222222222222222222222222
256 4 8 65 0.043834 22222222222222222222222222222222
256 4 8 66 0.049837 22222222222222222222222222222222
256 4 8 67 0.047355 22222222222222222222222222222222
256 4 8 68 0.042915 22222222222222222222222222222222
256 4 8 69 0.042267 22222222222222222222222222222222
256 4 8 70 0.049490 22222222222222222222222222222222
256 4 8 71 0.056012 22222222222222222222222222222222
256 4 8 72 0.043227 22222222222222222222222222222222
256 4 8 73 0.046771 22222222222222222222222222222222
256 4 8 74 0.041734 22222222222222222222222222222222
256 4 8 75 0.049571 22222222222222222222222222222222
256 4 8 76 0.047470 22222222222222222222222222222212
256 4 8 77 0.045790 22222222222222222222222222222222
256 4 8 78 0.046475 22222212222222222222222222222222
256 4 8 79 0.046883 22222222222222222222222222222222
256 4 8 80 0.048942 22222222222222222222222222222222
256 4 8 81 0.054762 22222222222222222222222122222222
256 4 8 82 0.051939 22222222222222222222222222222222
256 4 8 83 0.035698 22222222222222222222222222222222
256 4 8 84 0.044163 22222222222222222222222222222222
256 4 8 85 0.047666 22222222222222222222222222222222
256 4 8 86 0.053313 22222222222222222222222222222222
256 4 8 87 0.045125 22222222222222222222222222222222
256 4 8 88 0.050778 22222222222222222222222222222222
256 4 8 89 0.050367 22222222222222222222222222222222
256 4 8 90 0.054240 22222222222222222222222222222222
256 4 8 91 0.054888 22222222222222222222222222222222
256 4 8 92 0.043614 22222222222222222222222222222222
256 4 8 93 0.049402 22222222222222222222222222222222
256 4 8 94 0.050426 22222222222222222222222222222222
256 4 8 95 0.052110 22222222222222222222222222222222
256 4 8 96 0.051133 22222222222222222222222222222222
256 4 8 97 0.047472 22222222222222222222222222222222
256 4 8 98 0.050946 22222222222222222222222222222222
256 4 8 99 0.054101 22222222222222222222222222222222
256 4 16 0 0.030923 2222222222222222
256 4 16 1 0.024603 2222222222222222
256 4 16 2 0.026921 2222222222222222
256 4 16 3 0.022981 2222222222222222
256 4 16 4 0.029491 2222222222222222
256 4 16 5 0.022806 2222222222222222
256 4 16 6 0.027277 2222222222222222
256 4 16 7 0.026979 2222222222222222
256 4 16 8 0.028187 2222222222222222
256 4 16 9 0.027105 2222222222222222
256 4 16 10 0.025829 2222222222222222
256 4 16 11 0.027510 2222222222222222
256 4 16 12 0.023802 2222222222222222
256 4 16 13 0.023135 2222222222222222
256 4 16 14 0.025863 2222222222222222
256 4 16 15 0.025556 2222222222222222
256 4 16 16 0.021940 2222222222222222
256 4 16 17 0.023054 2222222222222222
256 4 16 18 0.029016 2222222222222222
256 4 16 19 0.028390 2222222222222222
256 4 16 20 0.023672 2222222222222222
256 4 16 21 0.025194 2222222222222222
256 4 16 22 0.028402 2222222222222222
256 4 16 23 0.026422 2222222222222222
256 4 16 24 0.023393 2222222222222222
256 4 16 25 0.023254 2222222222222222
256 4 16 26 0.026055 2222222222222222
256 4 16 27 0.022007 2222222222222222
256 4 16 28 0.026959 2222222222222222
256 4 16 29 0.025593 2222222222222222
256 4 16 30 0.026107 2222222222222222
256 4 16 31 0.027729 2222222222222222
256 4 16 32 0.026882 2222222222222222
256 4 16 33 0.028684 2222222222222222
256 4 16 34 0.024479 2222222222222222
256 4 16 35 0.027282 2222222222222222
256 4 16 36 0.023088 2222222222222222
256 4 16 37 0.026374 2222222222222222
256 4 16 38 0.026729 2222222222222222
256 4 16 39 0.025665 2222222222222222
256 4 16 40 0.026210 2222222222222222
256 4 16 41 0.024462 2222222222222222
256 4 16 42 0.029035 2222222222222222
256 4 16 43 0.020893 2222222222222222
256 4 16 44 0.022187 2222222222222222
256 4 16 45 0.025632 2222222222222222
256 4 16 46 0.026637 2222222222222222
256 4 16 47 0.029079 2222222222222222
256 4 16 48 0.023482 2222222222222222
256 4 16 49 0.024330 2222222222222222
256 4 16 50 0.023502 2222222222222222
256 4 16 51 0.022105 2222222222222222
256 4 16 52 0.026534 2222222222222222
256 4 16 53 0.025328 2222222222222222
256 4 16 54 0.026974 2222222222222222
256 4 16 55 0.026010 2222222222222222
256 4 16 56 0.022812 2222222222222222
256 4 16 57 0.025861 2222222222222222
256 4 16 58 0.028155 2222222222222222
256 4 16 59 0.025390 2222222222222222
256 4 16 60 0.025865 2222222222222222
256 4 16 61 0.027605 2222222222222222
256 4 16 62 0.025612 2222222222222222
256 4 16 63 0.024220 2222222222222222
256 4 16 64 0.021628 2222222222222222
256 4 16 65 0.022362 2222222222222222
256 4 16 66 0.025197 2222222222222222
256 4 16 67 0.024036 2222222222222222
256 4 16 68 0.023917 2222222222222222
256 4 16 69 0.021948 2222222222222222
256 4 16 70 0.024707 2222222222222222
256 4 16 71 0.028634 2222222222222222
256 4 16 72 0.022034 2222222222222222
256 4 16 73 0.023880 2222222222222222
256 4 16 74 0.021294 2222222222222222
256 4 16 75 0.024683 2222222222222222
256 4 16 76 0.024431 2222222222222222
256 4 16 77 0.023208 2222222222222222
256 4 16 78 0.023427 2222222222222222
256 4 16 79 0.023887 2222222222222222
256 4 16 80 0.024907 2222222222222222
256 4 16 81 0.026889 2222222222212222
256 4 16 82 0.026640 2222222222222222
256 4 16 83 0.018379 2222222222222222
256 4 16 84 0.022879 2222222222222222
256 4 16 85 0.023959 2222222222222222
256 4 16 86 0.026776 2222222222222222
256 4 16 87 0.023169 2222222222222222
256 4 16 88 0.026031 2222222222222222
256 4 16 89 0.025857 2222222222222222
256 4 16 90 0.027561 2222222222222222
256 4 16 91 0.028445 2222222222222222
256 4 16 92 0.022200 2222222222222222
256 4 16 93 0.024925 2222222222222222
256 4 16 94 0.025625 2222222222222222
256 4 16 95 0.026322 2222222222222222
256 4 16 96 0.026663 2222222222222222
256 4 16 97 0.024310 2222222222222222
256 4 16 98 0.026115 2222222222222222
256 4 16 99 0.028524 2222222222222222
256 4 32 0 0.016224 22222222
256 4 32 1 0.013382 22222222
256 4 32 2 0.013756 22222222
256 4 32 3 0.012457 22222222
256 4 32 4 0.015743 22222222
256 4 32 5 0.011660 22222222
256 4 32 6 0.014362 22222222
256 4 32 7 0.014180 22222222
256 4 32 8 0.015342 22222222
256 4 32 9 0.014464 22222222
256 4 32 10 0.013848 22222222
256 4 32 11 0.014073 22222222
256 4 32 12 0.012532 22222222
256 4 32 13 0.012069 22222222
256 4 32 14 0.013164 22222222
256 4 32 15 0.013496 22222222
256 4 32 16 0.011527 22222222
256 4 32 17 0.012634 22222222
256 4 32 18 0.014887 22222222
256 4 32 19 0.015105 22222222
256 4 32 20 0.012680 22222222
256 4 32 21 0.012865 22222222
256 4 32 22 0.014774 22222222
256 4 32 23 0.013872 22222222
256 4 32 24 0.012469 22222222
256 4 32 25 0.012516 22222222
256 4 32 26 0.013723 22222222
256 4 32 27 0.011844 22222222
256 4 32 28 0.014102 22222222
256 4 32 29 0.013332 22222222
256 4 32 30 0.013580 22222222
256 4 32 31 0.015072 22222222
256 4 32 32 0.014501 22222222
256 4 32 33 0.015616 22222222
256 4 32 34 0.012734 22222222
256 4 32 35 0.014525 22222222
256 4 32 36 0.012773 22222222
256 4 32 37 0.013731 22222222
256 4 32 38 0.013998 22222222
256 4 32 39 0.013873 22222222
256 4 32 40 0.014146 22222222
256 4 32 41 0.012795 22222222
256 4 32 42 0.015264 22222222
256 4 32 43 0.011002 22222222
256 4 32 44 0.011864 22222222
256 4 32 45 0.013521 22222222
256 4 32 46 0.013653 22222222
256 4 32 47 0.014686 22222222
256 4 32 48 0.012261 22222222
256 4 32 49 0.012434 22222222
256 4 32 50 0.012677 22222222
256 4 32 51 0.011820 22222222
256 4 32 52 0.013975 22222222
256 4 32 53 0.013834 22222222
256 4 32 54 0.013872 22222222
256 4 32 55 0.013574 22222222
256 4 32 56 0.011654 22222222
256 4 32 57 0.013627 22222222
256 4 32 58 0.012722 22222222
256 4 32 59 0.013312 22222222
256 4 32 60 0.013663 22222222
256 4 32 61 0.014818 22222222
256 4 32 62 0.013524 22222222
256 4 32 63 0.012830 22222222
256 4 32 64 0.011423 22222222
256 4 32 65 0.011899 22222222
256 4 32 66 0.013078 22222222
256 4 32 67 0.012532 22222222
256 4 32 68 0.012158 22222222
256 4 32 69 0.011225 22222222
256 4 32 70 0.012892 22222222
256 4 32 71 0.015725 22222222
256 4 32 72 0.011837 22222222
256 4 32 73 0.012966 22222222
256 4 32 74 0.011216 22222222
256 4 32 75 0.013204 22222222
256 4 32 76 0.012980 22222222
256 4 32 77 0.012393 22222222
256 4 32 78 0.012672 22222222
256 4 32 79 0.012665 22222222
256 4 32 80 0.013100 22222222
256 4 32 81 0.014651 22222122
256 4 32 82 0.013856 22222222
256 4 32 83 0.009630 22222222
256 4 32 84 0.011885 22222222
256 4 32 85 0.012635 22222222
256 4 32 86 0.014246 22222222
256 4 32 87 0.012573 22222222
256 4 32 88 0.013300 22222222
256 4 32 89 0.013895 22222222
256 4 32 90 0.014492 22222222
256 4 32 91 0.015158 22222222
256 4 32 92 0.011843 22222222
256 4 32 93 0.013626 22222222
256 4 32 94 0.013192 22222222
256 4 32 95 0.014217 22222222
256 4 32 96 0.013773 22222222
256 4 32 97 0.013051 22222222
256 4 32 98 0.013690 22222222
256 4 32 99 0.014802 22222222
256 8 16 0 0.099691 2222222222222222
256 8 16 1 0.080002 2222222222222222
256 8 16 2 0.084122 2222222222222222
256 8 16 3 0.070603 2222222222222222
256 8 16 4 0.097755 2222222222222222
256 8 16 5 0.070665 2222222222222222
256 8 16 6 0.090114 2222222222222222
256 8 16 7 0.085736 2222222222222222
256 8 16 8 0.092652 2222222222222222
256 8 16 9 0.085953 2222222222222222
256 8 16 10 0.087846 2222222222222222
256 8 16 11 0.089616 2222222222222222
256 8 16 12 0.077316 2222222222222222
256 8 16 13 0.071758 2222222222222222
256 8 16 14 0.079950 2222222222222222
256 8 16 15 0.079121 2222222222222222
256 8 16 16 0.069359 2222222222222222
256 8 16 17 0.075369 2222222222222222
256 8 16 18 0.093061 2222222222222222
256 8 16 19 0.096412 2222222222222222
256 8 16 20 0.075414 2222222222222222
256 8 16 21 0.073665 2222222222222222
256 8 16 22 0.090096 2222222222222222
256 8 16 23 0.084156 2222222222222222
256 8 16 24 0.073528 2222222222222222
256 8 16 25 0.076487 2222222222222222
256 8 16 26 0.082889 2222222222222222
256 8 16 27 0.067662 2222222222222222
256 8 16 28 0.087124 2222222222222222
256 8 16 29 0.076689 2222222222222222
256 8 16 30 0.077131 2222222222222222
256 8 16 31 0.087533 2222222222222222
256 8 16 32 0.087979 2222222222222222
256 8 16 33 0.094396 2222222222222222
256 8 16 34 0.083255 2222222222222222
256 8 16 35 0.088790 2222222222222222
256 8 16 36 0.074384 2222222222222222
256 8 16 37 0.082719 2222222222222222
256 8 16 38 0.087270 2222222222222222
256 8 16 39 0.081049 2222222222222222
256 8 16 40 0.084421 2222222222222222
256 8 16 41 0.074674 2222222222222222
256 8 16 42 0.088884 2222222222222222
256 8 16 43 0.063278 2222222222222222
256 8 16 44 0.066177 2222222222222222
256 8 16 45 0.078932 2222222222222222
256 8 16 46 0.088202 2222222222222222
256 8 16 47 0.093002 2222222222222222
256 8 16 48 0.069470 2222222222222222
256 8 16 49 0.073973 2222222222222222
256 8 16 50 0.074886 2222222222222222
256 8 16 51 0.070038 2222222222222222
256 8 16 52 0.086317 2222222222222222
256 8 16 53 0.079676 2222222222222222
256 8 16 54 0.077485 2222222222222222
256 8 16 55 0.082539 2222222222222222
256 8 16 56 0.072698 2222222222222222
256 8 16 57 0.077925 2222222222222222
256 8 16 58 0.080348 2222222222222222
256 8 16 59 0.079276 2222222222222222
256 8 16 60 0.082775 2222222222222222
256 8 16 61 0.090392 2222222222222222
256 8 16 62 0.085043 2222222222222222
256 8 16 63 0.080385 2222222222222222
256 8 16 64 0.071934 2222222222222222
256 8 16 65 0.071171 2222222222222222
256 8 16 66 0.081785 2222222222222222
256 8 16 67 0.074323 2222222222222222
256 8 16 68 0.068529 2222222222222222
256 8 16 69 0.067640 2222222222222222
256 8 16 70 0.076626 2222222222222222
256 8 16 71 0.090656 2222222222222222
256 8 16 72 0.069123 2222222222222222
256 8 16 73 0.072026 2222222222222222
256 8 16 74 0.065572 2222222222222222
256 8 16 75 0.078677 2222222222222222
256 8 16 76 0.073957 2222222222222222
256 8 16 77 0.075301 2222222222222222
256 8 16 78 0.072500 2222222222222222
256 8 16 79 0.073160 2222222222222222
256 8 16 80 0.078380 2222222222222222
256 8 16 81 0.089214 2222222222222222
256 8 16 82 0.086774 2222222222222222
256 8 16 83 0.053104 2222222222222222
256 8 16 84 0.068198 2222222222222222
256 8 16 85 0.074205 2222222222222222
256 8 16 86 0.085706 2222222222222222
256 8 16 87 0.074139 2222222222222222
256 8 16 88 0.076772 2222222222222222
256 8 16 89 0.079321 2222222222222222
256 8 16 90 0.087343 2222222222222222
256 8 16 91 0.091457 2222222222222222
256 8 16 92 0.070932 2222222222222222
256 8 16 93 0.079358 2222222222222222
256 8 16 94 0.080703 2222222222222222
256 8 16 95 0.083407 2222222222222222
256 8 16 96 0.080401 2222222222222222
256 8 16 97 0.082256 2222222222222222
256 8 16 98 0.086631 2222222222222222
256 8 16 99 0.090098 2222222222222222
256 8 32 0 0.053516 22222222
256 8 32 1 0.040409 22222222
256 8 32 2 0.044469 22222222
256 8 32 3 0.037654 22222222
256 8 32 4 0.052897 22222222
256 8 32 5 0.036514 22222222
256 8 32 6 0.042986 22222222
256 8 32 7 0.047775 22222222
256 8 32 8 0.048026 22222222
256 8 32 9 0.046620 22222222
256 8 32 10 0.045210 22222222
256 8 32 11 0.047646 22222222
256 8 32 12 0.041567 22222222
256 8 32 13 0.039017 22222222
256 8 32 14 0.044421 22222222
256 8 32 15 0.042981 22222222
256 8 32 16 0.035921 22222222
256 8 32 17 0.038853 22222222
256 8 32 18 0.050832 22222222
256 8 32 19 0.048604 22222222
256 8 32 20 0.039891 22222222
256 8 32 21 0.038724 22222222
256 8 32 22 0.049669 22222222
256 8 32 23 0.044099 22222222
256 8 32 24 0.041596 22222222
256 8 32 25 0.039934 22222222
256 8 32 26 0.046198 22222222
256 8 32 27 0.036455 22222222
256 8 32 28 0.044792 22222222
256 8 32 29 0.040418 22222222
256 8 32 30 0.041954 22222222
256 8 32 31 0.046351 22222222
256 8 32 32 0.045297 22222222
256 8 32 33 0.050017 22222222
256 8 32 34 0.041229 22222222
256 8 32 35 0.051179 22222222
256 8 32 36 0.038594 22222222
256 8 32 37 0.046520 22222222
256 8 32 38 0.043908 22222222
256 8 32 39 0.042751 22222222
256 8 32 40 0.044805 22222222
256 8 32 41 0.039001 22222222
256 8 32 42 0.048759 22222222
256 8 32 43 0.033204 22222222
256 8 32 44 0.035758 22222222
256 8 32 45 0.043455 22222222
256 8 32 46 0.044115 22222222
256 8 32 47 0.047311 22222222
256 8 32 48 0.037622 22222222
256 8 32 49 0.037229 22222222
256 8 32 50 0.040658 22222222
256 8 32 51 0.038455 22222222
256 8 32 52 0.044128 22222222
256 8 32 53 0.041618 22222222
256 8 32 54 0.042882 22222222
256 8 32 55 0.044851 22222222
256 8 32 56 0.037403 22222222
256 8 32 57 0.042556 22222222
256 8 32 58 0.042217 22222222
256 8 32 59 0.040651 22222222
256 8 32 60 0.042336 22222222
256 8 32 61 0.050310 22222222
256 8 32 62 0.046939 22222222
256 8 32 63 0.044384 22222222
256 8 32 64 0.037241 22222222
256 8 32 65 0.037102 22222222
256 8 32 66 0.042760 22222222
256 8 32 67 0.038430 22222222
256 8 32 68 0.035386 22222222
256 8 32 69 0.035601 22222222
256 8 32 70 0.039253 22222222
256 8 32 71 0.047536 22222222
256 8 32 72 0.036373 22222222
256 8 32 73 0.039103 22222222
256 8 32 74 0.034709 22222222
256 8 32 75 0.042154 22222222
256 8 32 76 0.040380 22222222
256 8 32 77 0.042534 22222222
256 8 32 78 0.038823 22222222
256 8 32 79 0.038503 22222222
256 8 32 80 0.043880 22222222
256 8 32 81 0.045663 22222222
256 8 32 82 0.047793 22222222
256 8 32 83 0.027189 22222222
256 8 32 84 0.037015 22222222
256 8 32 85 0.040039 22222222
256 8 32 86 0.045547 22222222
256 8 32 87 0.039418 22222222
256 8 32 88 0.043654 22222222
256 8 32 89 0.042387 22222222
256 8 32 90 0.046753 22222222
256 8 32 91 0.048489 22222222
256 8 32 92 0.038567 22222222
256 8 32 93 0.040848 22222222
256 8 32 94 0.044841 22222222
256 8 32 95 0.045337 22222222
256 8 32 96 0.041918 22222222
256 8 32 97 0.041512 22222222
256 8 32 98 0.043543 22222222
256 8 32 99 0.046019 22222222
512 2 4 0 0.145584 12212122222222222222222221122222212222122222222222222222222222222222212222210222221222202222222122222222222221222212222222222222
512 2 4 1 0.153778 22222222222222222222222222122222222212122222222222222222222222222221222221212222222222222222212222222222222221222022222222221222
512 2 4 2 0.153076 22222222222222222212122211222221222222222222221221212222222212222222222222222222222222222212222122222122222222222122222222222222
512 2 4 3 0.153525 22222022212222222222222222222222222222222222222222222222222222122222222222222222221112222221121222222122221211122222222222222022
512 2 4 4 0.143251 22222222222222212222222222122222212122222222222222222222222222222222222221222222222222122222222122221222222222222222222222222222
512 2 4 5 0.149510 22222222222222222202222222222221221222122222221212222222222220222122222222221222122222222222222222221222222222222222222222222222
512 2 4 6 0.147818 22222022222222212222222222222222222222222212222222222222222222222222222222222222222122222122222222222222212222122222122122222222
512 2 4 7 0.148949 22221022222221222222221221222222222222222212222222222222220222222222222222222222221222222222221212222222222222222222222212222222
512 2 4 8 0.146396 22222222222222222212221002221222222222222222222222222222222222222222222122222222222222212112022222222222222222222222222221222222
512 2 4 9 0.159163 22222222222222221222222222222222122222222222222222202222222222221222222222222222222222222222222222222222212222222222222222222222
512 2 4 10 0.148333 12221222220221221122222222222222222222222222222222222222222222222222222222222222222222221222222222222222222222222222222222222222
512 2 4 11 0.151625 22222122221212222221222222222222222222222122122222222222222222222222222222222222222222222222222202222222222222221222222222222222
512 2 4 12 0.143398 22222222222222222222222122222122222222222222222222212222122222222222222222222222222222222222222122221222222222222222122222222122
512 2 4 13 0.152427 22222222222222222222222222222222222222221222222222222222222222222212222222222221222222222222222222222222222222221222222222222222
512 2 4 14 0.154725 12222222222222212221222222222112122222222222222122222222222222222222222222222222222222222222222112222222221211222222222222122222
512 2 4 15 0.140857 00022221221222122221221222222222222122222222220212222222222222222222222122222222222222222022222222122222222222222212222222222222
512 2 4 16 0.160830 22122222222222222221222222222222222222222022222222222222222222222222222222221212222222222122221222212222222212222222222222222202
512 2 4 17 0.147117 22222221222222222222222222222222222222222222222222222222222222222222222222222222222222221222222222222222022222222222212222222222
512 2 4 18 0.140332 12222222221222222222222122222222222222222221222222122222222202222222222222122222222222122222222222222222212222222222221222222222
512 2 4 19 0.141491 11222222222222222222222212222222222222212220222222222212222222222222222221222222222222222222222222122222222222222222212221121222
512 2 4 20 0.148972 22222222222212222221212222222222222222222222222222222222222222222202222222222222222222221212222222222212212222222222222221222222
512 2 4 21 0.143118 22222222222212222222222221222222222222222221222222222222222222222221222222222222222122222222222222222202222222222222221122222222
512 2 4 22 0.143477 12222222222222222220222222222222222202222222222212222122222112221222222222121222222222212222222212222222222222222222222222222122
512 2 4 23 0.141222 22222221222222222122222222222222202222222212212022222222222222222222222222022220221222222222222222222222022222222212222222222222
512 2 4 24 0.151077 22222222222222222211222122222222222221222122222222222222222222222222221222222222222222222222222222222222212222222222222222222222
512 2 4 25 0.141586 22122222122222212222222222222222222222222222222222022222122022222222222212222212222222222212222222222222222221222222222222222222
512 2 4 26 0.141672 22222122222222222222222222222122222112222222222222222222222202222222222222222222222222222222222222122221222222222222222222222122
512 2 4 27 0.150352 22222222222222222222222222012222222122222222222222222222222222222222222222222222222222220222222222222222222212222222222222221222
512 2 4 28 0.147126 22222222222222222222220222222222211122122222222222222222222222222222222211222222221222222222222222222222222222222221222222202222
512 2 4 29 0.149480 21222222212221222222222122222222222222222222222221222222222222222222212222222222222222222122222122222122222222222222122222222222
512 2 4 30 0.145751 12222222222222222222122222222212222222221122222222222222222222222222222222222222222221222222222222222212222212222222222222022222
512 2 4 31 0.153422 22222222120222222122222212222222122212222222222212222222222222222222122222221222222222221222222222222222222222122212222222222222
512 2 4 32 0.159696 22222222222222222221222222212222122222222222222221222222222212221222222222122222222202222221222222222222222222222222222222222222
512 2 4 33 0.135997 22222222222222222222222222222222222222222222222222222122222222222212222212222122222222222222222221122212222222122222222122222222
512 2 4 34 0.145511 22222211222222222222222222222212222222222222221222222122222222122212222222222222222212222220222222212222222222222222222222222222
512 2 4 35 0.153634 22222222222222222212212222222222222222222212222222222222222222222222222222222120122222222222222222222222222221222212222122222212
512 2 4 36 0.158285 21222222222222222222212222222222222221222222222222222122222222222222222222222222221222222222222222222222222221222222222222222222
512 2 4 37 0.153002 02222222222222222222222222222222222222222222222222222222122222222212212222222122222222222222222222221222222222202212222222221222
512 2 4 38 0.133907 22222222222222222222222221222222222222222222212221222221222222122221222222212220212222222222212221222222222222222222222222222222
512 2 4 39 0.155679 22222211222222222222222222222222222222222222122222212222222221222222222221212222222222222222222222222222222222122222222222212222
512 2 4 40 0.146250 12222222222222222222222222222222222222222222222222222222222221222222212222222222222222122220222222222202222222222222222122222222
512 2 4 41 0.150676 22221222221222222222222222222222222222222212222222212122222222222222222222222222222222222222222222022122221222212222222222222222
512 2 4 42 0.159602 02212222121222222122222222222222222222222222222222222222212222222222222222222222222222222220222222222212222222221222222222222222
512 2 4 43 0.149951 22222222222222222122222222220222222222222222222221222221222121222222222222222222222222222222222222222222222222222122212222122222
512 2 4 44 0.163006 22222222222222222222222222222221221222222221222222222222222222222222222222222222222222222222122222222222222222222212222222222222
512 2 4 45 0.150509 22221222222222222122222222222222222222222222222122222222112222222222222222222122222222212221222222222222222222222222222201222222
512 2 4 46 0.159251 22222222222222222222222222222222222222221221222222221212222222222222222222222222222222222222221222222222222222222222222222222222
512 2 4 47 0.144509 22222222222222222222222222222222222122222222222222222222222222222222222222222222222222222222112222222222222122222222222222222220
512 2 4 48 0.163464 22222222222222222222222202222222221122222221222222222221221222222222222222222222222222222112222222222222222222222222222222222122
512 2 4 49 0.137168 12222222212222222222221122221222222222222222222222222212222222222222222222222222222222221212212222222222212222222222222222222212
512 2 4 50 0.139253 22222222222222212212222222222222222222222222222222222222222122222222222222222222222222212222222211122222222222222222212222122222
512 2 4 51 0.147756 22222222212222222222222222222222222222222222122122222222212222222221222220212222222222222222222222222222222122212222222222222222
512 2 4 52 0.144574 22222222222222222222222222222222222222222212222222222222212222222222221222122222222222122222222222221222022222222222222222222222
512 2 4 53 0.148662 22222202222212222222222222212222221222222222222222222122221222222212222022122212222221222222222222222222222222222222222212222222
512 2 4 54 0.141068 22222222222222222112122222212222222222222222221221222222222222222222222222221222222221222222222222222222202122222222221222222222
512 2 4 55 0.139525 22222222222222222212222222222121221222222222222222222212222212221222222222222222222222222222212222222222222222222222222222222222
512 2 4 56 0.144659 22122222222222222222222222222222222222222122222122200222222212222222222222222221222222222222121222222222222222222222222222222222
512 2 4 57 0.140988 22222222202222222222222222222222222222221212211222222122222222222222202222222222222222222222122222222222222222222222222122222222
512 2 4 58 0.144139 22222222222222222222222221212222222222212222221122222222222222222122222122222222221220222222222222222222222222222222122212222122
512 2 4 59 0.150208 22222222222222222222222222222222122222202222222222222222222222222222212222222222222222222212222222222222222222222222222222222222
512 2 4 60 0.148828 22222222022222202221122222222220222222222222222222222222222222222222222222221221222222222222222222222221222222212221222222222221
512 2 4 61 0.146261 22222220222222222222222222222222222221122222220222222222222222222222222222222112222122222212222222222222222222222222222222122222
512 2 4 62 0.147781 22222222222222222222222222222222222222222222222212222222222222122222122122222212222222221222221222222222222222222222212222212222
512 2 4 63 0.150558 22222222222222222222222222222222222222122222222222212222222202222021222221222212122221222222122222222222222222222222222222222222
512 2 4 64 0.159081 22222222122222222222222222122222222222222222222212222202222222222222222202212222222222222222222222222221222222222222222122222222
512 2 4 65 0.154426 22222222222222222222222222222222222221222222222022222222222222222212221222222122222222222221222222222222222212222222222222222222
512 2 4 66 0.150511 22222222222122222222222022222222222222222222222222222022222222222222222222222022222222222222122222222222222221222222222222222121
512 2 4 67 0.146869 22222222222222221222222222222222222222222222222222222222022222222222222222222222222212222222222222222122222222222222221222222222
512 2 4 68 0.141914 22212222212222222222222222211222222202222222222222222222222222121122212122222222222212222222222222212222222222222221222222222221
512 2 4 69 0.154015 22221222222222122222222222222222222222222222222222212222212222222222222222222122122212222222222122222222222222222221222222221222
512 2 4 70 0.155206 22222122222222122122222222222222222222222222222222222222222122222222222222122222222222222222222222222222222222222222222222222222
512 2 4 71 0.159147 22222222212222222122222222122221211222222222222222222222222222222222222222221222222222222221212222222222222222222222222222212202
512 2 4 72 0.151759 22222222222221122222222222222222222202222222122222222202222222222222122222222222222222222222102212222222221122222222222000222222
512 2 4 73 0.151849 22222222222222222222222221221222222222222222222222222222222222222222222222222222222212222122222222222222212212222222222222222222
512 2 4 74 0.138277 21222222222222222221222221212221222222222222122212122222222222222222202022222222222122222222220222222122222212222212222222122222
512 2 4 75 0.157071 22212222222222221222222222222222222222222222222222222222121222221222222222222222222222222222212222222222222222222222122222221222
512 2 4 76 0.160953 22222222122222222222222222222222222222222222222122221221222222222222202202222222222222222222222222212212222222222222122222222222
512 2 4 77 0.138727 22222222222222122222222112222222222202222222222212222221222222202222222222222221221122122212222222222222222222212122222222222222
512 2 4 78 0.145373 22222222212222222222222222222222222222222122222221222222222222222222222221222222222222222222221222222212222222222222212222222222
512 2 4 79 0.154012 22122212222222222212122222222122222222222222222222212212222222222222222222222222222122222222212222222122222222222222222222222222
512 2 4 80 0.143837 22222222222222222222222222222212222122122222222222222221221222221122222222221222222222222222222222222222222222202222222222222222
512 2 4 81 0.145187 02222212222222222222222222221221222122222222222222222122220222222222222222222222122221222222222222222222222222222212221222222222
512 2 4 82 0.143490 12222222222022222121222222222222222212222222222222122222222222222222222200222222221212222222222222222222222222222222222222222222
512 2 4 83 0.144152 22222222222222222222212211222221222222222222222222222222222222022222222222222222201222222222222122222221222222222222222021222212
512 2 4 84 0.165473 21222222221222222222222122222222122222222222222222222222222222221222212222222222222222222222222222222212222222222222222221222222
512 2 4 85 0.149069 22222222221222222222212222222222222222222222222122222222222222222212211122222222222222222222222222222222222222221222222212212222
512 2 4 86 0.148747 21222212222222222222222222122222222222222222222222222222222222222222222222222211222112222212222222222122212222222122222212222222
512 2 4 87 0.150731 22222222222222222222222222222222222222222222222222222222222222222222222222222222222222222222222222212222202222222222222122222222
512 2 4 88 0.155512 22122122222122222222222222222222222222222222212222222222212222222222222222222222222221221212222212222222222222222222222222212222
512 2 4 89 0.145902 22222212222222222222222222222222222222222222221222222122222222221222222222222212221222222222222222222212222222212222222122222112
512 2 4 90 0.146050 22222222202222222222222222212222222222222222222222221222222222222222222222222222222222220222122221222222212222222212222222222222
512 2 4 91 0.159824 22222122222222222222222222222221222012221222212221202222222122222222212222222222222222222222221222222222022222222222222222222222
512 2 4 92 0.154393 22212212202222222222222222122212222122222122222212222222222222222222222222222222222222222222222222220222212212122222222222222222
512 2 4 93 0.151336 12122122222202222222222222222222222222212222222222222222222222222022222222222212222222122222221222212121222222222222222222221221
512 2 4 94 0.156305 22222222221222222222222222222022222222222222222222222221222221222222222222222222222222222222222220222222222222222222221212222122
512 2 4 95 0.148221 22222222222122222222222212222222222212222212222202222222222222122220222222222222122222222221222222222222212221212222222212222220
512 2 4 96 0.145538 22222222221222222222212222222222222222222222222222222122222222222222222222222022222222222222220222122212222222222221122222222222
512 2 4 97 0.148205 12212222222222222222222222222221212222222222122222222222222222212221222222222210222222222222222221222122222222222022220222222222
512 2 4 98 0.152738 22222222222122122222222222222222222222222222122222222222222222222222211122222222222222222222222122222221221222220222221121212222
512 2 4 99 0.166470 22222222212212222222222222221222202221222122222222212222222212222222221222212122222222222222222222222222222222222221222122222222
512 2 8 0 0.072257 2112222222221222122222222222222222122122222022212222221222222222
512 2 8 1 0.076838 2222222222222222222222222222222221221122222222122222221202222222
512 2 8 2 0.076870 2222222222221221222222221122222222222222222222212212222212222222
512 2 8 3 0.077364 2202122222222222222222222222222222222222212221222212221222222202
512 2 8 4 0.072354 2222222122222222112222222222222222221222222222212222222222222222
512 2 8 5 0.074584 2222222222222221222222222222220212222222222222222222222222222222
512 2 8 6 0.075151 2202222122222222222222222222222222222222212212222222122222212222
512 2 8 7 0.074612 2202221222221222222222222222222222222222222222222222222222222222
512 2 8 8 0.072960 2222222222202222222222222222222222212222222112222222222222221222
512 2 8 9 0.080540 2222222222222222222222222022222222222222222222222222122222222222
512 2 8 10 0.074780 2222221212222222222222222222222222222222222222222222222222222222
512 2 8 11 0.075953 2212222221222222222212222222222222222222222222222222222222222222
512 2 8 12 0.072221 2222222222212212222222222122222222222222222222212222222222222212
512 2 8 13 0.083134 2222222222222222222222222222222222222221222222222222222222222222
512 2 8 14 0.077567 2222222121222212222222212222222222222222222222212222221222222222
512 2 8 15 0.071647 0221222221222222212222222222222222212222222202222222222222222222
512 2 8 16 0.079850 2222222221222222222202222222222222222222222212222122222222222222
512 2 8 17 0.074045 2221222222222222222222222222222222222222222222222222222222122222
512 2 8 18 0.069969 2222222222212222222221222222222222222222222222222222122222222222
512 2 8 19 0.068282 1222222222222222222120222222222222221222222222222222222222121222
512 2 8 20 0.074174 2222222221122222222222222222222222222222222222222222122222221222
512 2 8 21 0.071675 2222222222221222222221222222222221222222212222222222222222212222
512 2 8 22 0.071297 2222222220222222222222222212212222222222222122222222222222222212
512 2 8 23 0.070568 2221222212222222022222102222222222222220222222222222222222222222
512 2 8 24 0.075430 2222222221212222221212222222222222222222222222222222122222222222
512 2 8 25 0.069575 2222222122222222222222222222202222222222222222222222221222222222
512 2 8 26 0.069339 2212222222222212212222222222222222222222222222222221222222222212
512 2 8 27 0.075550 2222222222222122212222222222222222222222222222222222222222222222
512 2 8 28 0.074136 2222222222222222112222222222222222221222222222222222222221222022
512 2 8 29 0.074512 1222121222212222222222221222222222122222222212212212222222222222
512 2 8 30 0.072552 2222222222222222222212222222222222222222221222222222222222222222
512 2 8 31 0.075119 2222222212222222222222222222222222222222222222222222222222222222
512 2 8 32 0.080572 2222222221222122222222221222222222222222222221222222222222222222
512 2 8 33 0.067242 2222222222222222222222222212222222222212222222221222222222212222
512 2 8 34 0.072976 2221222222222222222222222212222222222222222220222122222222222222
512 2 8 35 0.075813 2222222222122222222222222222222222222210222222222222221222212222
512 2 8 36 0.078437 1222222222122222221222222212222222222222222222222222221222222222
512 2 8 37 0.076057 2222222222222222222222222222222222122212222222222222222022222222
512 2 8 38 0.067011 2222222222221222222222121221222221222120122222121222222222222222
512 2 8 39 0.077134 2221222222222222222222222122221222221122222222222222222222222122
512 2 8 40 0.072944 2222222222222222222222222222221222122222222220222222222222212222
512 2 8 41 0.076084 2222222222222222222222222112222222222222222222222212222122222222
512 2 8 42 0.078829 2122222212222222222222222222122222222222222220222222222222222222
512 2 8 43 0.075083 2222222212222222222222221221211222222222222222222222222212122222
512 2 8 44 0.081895 2222222222222221222221222222222222222222222222222222222222222222
512 2 8 45 0.075196 2222222212222222222222212222122222222212222121222222222222221222
512 2 8 46 0.079640 2222222222222222222221222222222222222222222222222222222222222222
512 2 8 47 0.072139 2222222222222222212222222222222222222222222222122222212222222220
512 2 8 48 0.082271 2222222222222222212221222221222222222222222212222222222222222212
512 2 8 49 0.069299 2222122222212222222222222222222222222222222222122222122222222222
512 2 8 50 0.070343 2222222122222222222222222222212222222222222122221222222222122222
512 2 8 51 0.073287 2222122222222222222222212222122221220122222222222222212122222222
512 2 8 52 0.072777 2222222222222222222222222222122222222222222222222222222222222222
512 2 8 53 0.073665 2222222222222122222222222212222222202222221222222222222222222222
512 2 8 54 0.070582 2222222212222122222222221222222222222222221222222222012222222222
512 2 8 55 0.069650 2222222222222211222222222222222222222222222222122222222222222222
512 2 8 56 0.072813 2222222222222222222212212022222222222221222222222222222222222222
512 2 8 57 0.069740 2222022222222222222222122212222222022222222222222222222222212222
512 2 8 58 0.074359 2222222222221122222122212222222212212222220222222222222222222212
512 2 8 59 0.075182 2222222222222222222022222222222222122222222222222222222222222222
512 2 8 60 0.076349 2222222021222220222222222222222222222221222222222221222121222221
512 2 8 61 0.072067 2220222222222222221222222222222222222212212222222222222222222222
512 2 8 62 0.073884 2222222222222222222222222222222222212222222222222222222222122122
512 2 8 63 0.075116 2222222222222222222222222122222201221222221222222222222222222222
512 2 8 64 0.079062 2222222222222222222222222222222222222122222222222221222222212222
512 2 8 65 0.078509 2222222222222222221222202222222222222212222221222222222222222222
512 2 8 66 0.073214 2222212222202222222222222202222222222202222222222222221222222211
512 2 8 67 0.073066 2222222222222222222222222222222222222222222222222212222222222222
512 2 8 68 0.071406 2122122222222122222222222222222212112222222222222122222221222221
512 2 8 69 0.077566 2222222222222222222222222122122222222212222222212222222221222222
512 2 8 70 0.078369 2212222212222222222222222222212222222222222222222222222222222222
512 2 8 71 0.078430 2222122212222221122222222222222222222222222221122222222222222122
512 2 8 72 0.074484 2222221222222222222222222222222222222222222222022222212222200222
512 2 8 73 0.074914 2222222222221222222222222222222222222222222212222222122222222222
512 2 8 74 0.068841 1222222221221121222222222222222222002222212222222212222222222222
512 2 8 75 0.077443 2122222222222222222222222222222222222222222222122222222222222222
512 2 8 76 0.077820 2222222222222222222222212221222222022222222222222122222222222222
512 2 8 77 0.072191 2222222222212222222222222221222022222221212222222222222112222222
512 2 8 78 0.074616 2222122222222222222212221222222222221222222222222222222222122222
512 2 8 79 0.077776 2222222222222212222222222122222222222222212222122212222222222222
512 2 8 80 0.072164 2222222222222222212222222221222212222222222222222222222022222222
512 2 8 81 0.073816 2222222222222221212222222212222222222222221222222222222222222222
512 2 8 82 0.072242 2222202211222222222222222222222222220222222222222222222222222222
512 2 8 83 0.072202 2222222222121221222222222222222222222222022222212221222222201222
512 2 8 84 0.083797 1222222222212222222222222222222222122222222222222222222222221222
512 2 8 85 0.075122 2222222222122222222222212222222222112222222222222222222222222122
512 2 8 86 0.073880 1222222222222222222222222222222222222221212222222212122212222222
512 2 8 87 0.076691 2222222222222222222222222222222222222222222222222122022222212222
512 2 8 88 0.077221 2212212222222222222222122222122222222222221222222222222222222122
512 2 8 89 0.072209 2222222222222222222222222212222222222222222222222222222122212212
512 2 8 90 0.074333 2222022222222122222222222222222222222222222222221222122222222222
512 2 8 91 0.079557 2212222222222221202222121022212222122222222222222222222222222222
512 2 8 92 0.078828 2122022222222222212212222222222222222222222222222222122222222222
512 2 8 93 0.075810 2212222222222222222122222222222202222222222222222111222222222221
512 2 8 94 0.075544 2222222222222202222222222221221222222222222222220222222222222212
512 2 8 95 0.074654 2222212222222222222222222222222220222222222221222222121122222220
512 2 8 96 0.072940 2222222222122222222222222212222222222202222222222222222221222222
512 2 8 97 0.074116 2122222222222221122222222222222121222220222222221212222202222222
512 2 8 98 0.073499 2222212222222222222222222222222222112222222222212221222222211122
512 2 8 99 0.081917 2222122222222222021212222122222222222112222222222222222221212222
512 2 16 0 0.036197 12222222222222222212202122222222
512 2 16 1 0.038997 22222222222222221212222222222222
512 2 16 2 0.038375 22222221222212222222222122222222
512 2 16 3 0.038325 22222222222222222222121222222222
512 2 16 4 0.036604 22212222122222222222222122222222
512 2 16 5 0.037837 22222221222222222222222222222222
512 2 16 6 0.038243 22212222222222222222122222222122
512 2 16 7 0.037461 22222222222222222222222222222222
512 2 16 8 0.036933 22222022222222222122212222222222
512 2 16 9 0.040136 22222222222202222222222222222222
512 2 16 10 0.037467 22222222222222222222222222222222
512 2 16 11 0.038057 22221222222222222222222222222222
512 2 16 12 0.036277 22222122222212222222222122222222
512 2 16 13 0.038687 22222222222222222221222222222222
512 2 16 14 0.039296 22211222222122222222222122222222
512 2 16 15 0.035632 21221222122222222122222222222222
512 2 16 16 0.040577 22221222222222222222222212222222
512 2 16 17 0.036796 21222222222222222222222222222222
512 2 16 18 0.034999 22222122221222222222222222222222
512 2 16 19 0.033944 22222222210222222222222222222222
512 2 16 20 0.037401 22221222222222222222222222222222
512 2 16 21 0.036159 22222222221222221222122222222122
512 2 16 22 0.036024 22220222222222122222212222222222
512 2 16 23 0.035553 21222222222022222220222222222222
512 2 16 24 0.038177 22221122222222222222222222222222
512 2 16 25 0.034739 22212222222222022222222222222222
512 2 16 26 0.035524 22222222122222222222222221222222
512 2 16 27 0.038340 22222212122222222222222222222222
512 2 16 28 0.037411 22222222122222222222222222221202
512 2 16 29 0.037170 22222122222222222222222122222222
512 2 16 30 0.036536 22222222222222222222222222222222
512 2 16 31 0.037987 22222222222222222222222222222222
512 2 16 32 0.040846 22221212222222222222221222222222
512 2 16 33 0.034270 22222222222222222222222222222122
512 2 16 34 0.036822 21222222222222222222220212222222
512 2 16 35 0.038592 22222222222222222220222222222122
512 2 16 36 0.039059 22222222222222222222222222222222
512 2 16 37 0.039025 22222222222222222222222222202222
512 2 16 38 0.033458 22222222222221221210222222222222
512 2 16 39 0.039063 21222222222212222212222222222212
512 2 16 40 0.036899 22222222222222222222220222222122
512 2 16 41 0.037938 22222222222212222222222222212222
512 2 16 42 0.040485 12222222222222222222220222222222
512 2 16 43 0.038422 22222222222221122222222222222222
512 2 16 44 0.041414 22222221221222222222222222222222
512 2 16 45 0.038008 22222222222122222222211222222222
512 2 16 46 0.040231 22222222221222222222222222222222
512 2 16 47 0.036394 22222222122222222222222222122220
512 2 16 48 0.041900 22222222121221222222222222222222
512 2 16 49 0.034527 22222122222222222222222222222222
512 2 16 50 0.035157 22212222222222122222212222222222
512 2 16 51 0.036638 22222222222122221212222222112222
512 2 16 52 0.036163 22222222222222222222222222222222
512 2 16 53 0.037522 22222212222222222022222222222222
512 2 16 54 0.035949 22222212222222222222222222122222
512 2 16 55 0.035124 22222221222222222222222222222222
512 2 16 56 0.036370 22222222222102222221222222222222
512 2 16 57 0.035351 22222222222222222222222222222122
512 2 16 58 0.035976 22222212212122222122222222222222
512 2 16 59 0.038018 22222222202222222222222222222222
512 2 16 60 0.036667 22201220222222222221222221211221
512 2 16 61 0.036841 20222222222222222222122222222222
512 2 16 62 0.037097 22222222222222222122222222222212
512 2 16 63 0.037957 22222222222212221222222222222222
512 2 16 64 0.040257 22222222222222222212222221222122
512 2 16 65 0.039181 22222222222022222222221222222222
512 2 16 66 0.036950 22122022222222222222222222222221
512 2 16 67 0.037171 22222222222222222222222222222222
512 2 16 68 0.036217 12222212222222222122222212221221
512 2 16 69 0.039061 22222222222212222222222122221222
512 2 16 70 0.039428 22222222222222122222222222222222
512 2 16 71 0.040485 22222221222222222222221222222212
512 2 16 72 0.038234 22222222222222222222222222122022
512 2 16 73 0.038269 22222222222222222222222222222222
512 2 16 74 0.034813 22221211222222222022122222222222
512 2 16 75 0.038766 12222222222222222222222222222222
512 2 16 76 0.039258 22222222222121222222222212222222
512 2 16 77 0.036097 22222122222221202221122222212222
512 2 16 78 0.037916 22222222222222222222222222222222
512 2 16 79 0.039498 22222222222212222222122222222222
512 2 16 80 0.036330 22222222122221222222222222202222
512 2 16 81 0.037858 22222221122222222222222222222222
512 2 16 82 0.036342 22021222222222222222222222222222
512 2 16 83 0.036223 22222221222222222222222121222022
512 2 16 84 0.042503 22222122222222222222222222222222
512 2 16 85 0.038378 22222222222122222122222222222212
512 2 16 86 0.038780 22222222222222222221122222222222
512 2 16 87 0.039004 22222222222222222222222212222122
512 2 16 88 0.040231 22122222222222222222222222222212
512 2 16 89 0.036522 22222222222222222222222222212122
512 2 16 90 0.037479 22222212222222222222222222222222
512 2 16 91 0.040163 22222221022202122222222222222222
512 2 16 92 0.039657 12222222122222222222222222222222
512 2 16 93 0.039697 22222222212222222222222211222221
512 2 16 94 0.037764 22222222222221222222222222222222
512 2 16 95 0.037696 22122222222222220222221222212220
512 2 16 96 0.036481 22222222222222222222222222221222
512 2 16 97 0.037515 12222221222222211220222222222222
512 2 16 98 0.037786 22122222222222222122222121222112
512 2 16 99 0.041542 22222222222212222212222222221122
512 2 32 0 0.018931 2222222222012222
512 2 32 1 0.020531 2222222222222222
512 2 32 2 0.019405 2221222222212222
512 2 32 3 0.019866 2222222222222222
512 2 32 4 0.019021 2122222222212222
512 2 32 5 0.019496 2221222222222222
512 2 32 6 0.019218 2122222222222212
512 2 32 7 0.019373 2222222222222222
512 2 32 8 0.018912 2202222212122222
512 2 32 9 0.020935 2222222222222222
512 2 32 10 0.019691 2222222222222222
512 2 32 11 0.019622 2222222222222222
512 2 32 12 0.018817 2212222222212222
512 2 32 13 0.019967 2222222221222222
512 2 32 14 0.020055 2122212222212222
512 2 32 15 0.018501 1222222212222222
512 2 32 16 0.020496 2222222222222222
512 2 32 17 0.019233 1222222222222222
512 2 32 18 0.018147 2212222222222222
512 2 32 19 0.017383 2222122222222222
512 2 32 20 0.019342 2222222222222222
512 2 32 21 0.018694 2222222222222212
512 2 32 22 0.018424 2222222222122222
512 2 32 23 0.018383 1222202220222222
512 2 32 24 0.019959 2212222222222222
512 2 32 25 0.018214 2122222222222222
512 2 32 26 0.017923 2222222222221222
512 2 32 27 0.020976 2222222222222222
512 2 32 28 0.019549 2222222222222222
512 2 32 29 0.019454 2212222222212222
512 2 32 30 0.018525 2222222222222222
512 2 32 31 0.019376 2222222222222222
512 2 32 32 0.020649 2222222222222222
512 2 32 33 0.017710 2222222222222212
512 2 32 34 0.019222 1222222222222222
512 2 32 35 0.019880 2222222220222212
512 2 32 36 0.021057 2222222222222222
512 2 32 37 0.020000 2222222222222022
512 2 32 38 0.017314 2222221220222222
512 2 32 39 0.020107 1222222222222222
512 2 32 40 0.018970 2222222222222212
512 2 32 41 0.019659 2222222222222122
512 2 32 42 0.020561 2222222222222222
512 2 32 43 0.019645 2222221222222222
512 2 32 44 0.021429 2221222222222222
512 2 32 45 0.019474 2222212222122222
512 2 32 46 0.020633 2222222222222222
512 2 32 47 0.018828 2222222222222220
512 2 32 48 0.021336 2222221222222222
512 2 32 49 0.018209 2212222222222222
512 2 32 50 0.018204 2122222222122222
512 2 32 51 0.018977 2222212222222122
512 2 32 52 0.018701 2222222222222222
512 2 32 53 0.019640 2222222202222222
512 2 32 54 0.018547 2222222222222222
512 2 32 55 0.017909 2221222222222222
512 2 32 56 0.018874 2222212221222222
512 2 32 57 0.018595 2222222222222212
512 2 32 58 0.018587 2222112212222222
512 2 32 59 0.019687 2222022222222222
512 2 32 60 0.019007 2020222221221121
512 2 32 61 0.018589 0222222222222222
512 2 32 62 0.019274 2222222212222222
512 2 32 63 0.019679 2222222222222222
512 2 32 64 0.020513 2222222222221212
512 2 32 65 0.019992 2222202222222222
512 2 32 66 0.019327 2202222222222221
512 2 32 67 0.019899 2222222222222222
512 2 32 68 0.018667 2222222212222221
512 2 32 69 0.020223 2222222222212222
512 2 32 70 0.020146 2222222222222222
512 2 32 71 0.020450 2221222222222222
512 2 32 72 0.019847 2222222222222202
512 2 32 73 0.019311 2222222222222222
512 2 32 74 0.017862 2221222202222222
512 2 32 75 0.020245 2222222222222222
512 2 32 76 0.020170 2222211222222222
512 2 32 77 0.018656 2212221021222122
512 2 32 78 0.019810 2222222222222222
512 2 32 79 0.020149 2222222222222222
512 2 32 80 0.018549 2222221222222022
512 2 32 81 0.019152 2221222222222222
512 2 32 82 0.018833 2222222222222222
512 2 32 83 0.018956 2221222222211202
512 2 32 84 0.021356 2212222222222222
512 2 32 85 0.019478 2222212212222222
512 2 32 86 0.019374 2222222221222222
512 2 32 87 0.019943 2222222222222212
512 2 32 88 0.020114 2222222222222222
512 2 32 89 0.018903 2222222222222112
512 2 32 90 0.019595 2222222222222222
512 2 32 91 0.020613 2221222222222222
512 2 32 92 0.020433 2222222222222222
512 2 32 93 0.019849 2222122222221221
512 2 32 94 0.019383 2222221222222222
512 2 32 95 0.020452 2222222222222120
512 2 32 96 0.018982 2222222222222222
512 2 32 97 0.019206 2221222120222222
512 2 32 98 0.018995 2222222212211212
512 2 32 99 0.021146 2222222222222212
512 4 8 0 0.194748 2222222222222222222222222222222222222222222222222222222222222222
512 4 8 1 0.209245 2222222222222222222222222222222222222222222222222222222222222222
512 4 8 2 0.202305 2222222222221222222222222222222222222222222222222222222222222222
512 4 8 3 0.204890 2222222222222222222222222222222222222222212222222222221222222222
512 4 8 4 0.186405 2222222222222222222222222222222222222222222222222222222222222222
512 4 8 5 0.203448 2222222222222222222222222222222222222222222222222222222222222222
512 4 8 6 0.204734 2222222222222222222222222222222222222222222222222222222222222222
512 4 8 7 0.201845 2222222222222222222222222222222222222222222222222222222222222222
512 4 8 8 0.192280 2222222222222222222222222222222222222222222222222222222222222222
512 4 8 9 0.219402 2222222222222222222222222222222222222222222222222222222222222222
512 4 8 10 0.204493 2222222212222222222222222222222222222222222222222222222222222222
512 4 8 11 0.203011 2222222222222222222222222222222222222222222222222222222222222222
512 4 8 12 0.187476 2222222222222222222222222222222222222222222222222222222222222222
512 4 8 13 0.206895 2222222222222222222222222222222222222222222222222222222222222222
512 4 8 14 0.217005 2222222222222222222222222222222222222222222222222222221222222222
512 4 8 15 0.183601 0222222222222222222222222222222222222222222222222222222222222222
512 4 8 16 0.214832 2222222222222222222222222222222222222222222222222222222222222222
512 4 8 17 0.204982 2222222222222222222222222222222222222222222222222222222222222222
512 4 8 18 0.185532 2222222222222222222222222222222222222222222222222222222222222222
512 4 8 19 0.175537 2222222222222222222222222222222222222222222222222222222222222222
512 4 8 20 0.196807 2222222222222222222222222222222222222222222222222222222222222222
512 4 8 21 0.190581 2222222222222222222222222222222222222222222222222222222222212222
512 4 8 22 0.196229 2222222222222222222222222222222222222222222222222222222222222222
512 4 8 23 0.177810 2222222222222222222222222222222222222222222222222222222222222222
512 4 8 24 0.206642 2222222222222222222222222222222222222222222222222222222222222222
512 4 8 25 0.192227 2222222222222222222222222222222222222222222222222222222222222222
512 4 8 26 0.188709 2222222222222222222222222222222222222222222222222222222222222222
512 4 8 27 0.201670 2222222222222222222222222222222222222222222222222222222222222222
512 4 8 28 0.196807 2222222222222222212222222222222222221222222222222222222222222222
512 4 8 29 0.191991 2222222222222222222222222222222222222222222222222222222222222222
512 4 8 30 0.189129 2222222222222222222212222222222222222222222222222222222222222222
512 4 8 31 0.195681 2222222222222222222222222222222222222222222222222222222222222222
512 4 8 32 0.226972 2222222222222222222222222222222222222222222222222222222222222222
512 4 8 33 0.181257 2222222222222222222222222222222222222222222222222222222222222222
512 4 8 34 0.193045 2221222222222222222222222222222222222222222222222222222222222222
512 4 8 35 0.214156 2222222222222222222222222222222222222222222222222222222222222222
512 4 8 36 0.213652 2222222222222222222222222222222222222222222222222222222222222222
512 4 8 37 0.198678 2222222222222222222222222222222222222222222222222222222222222222
512 4 8 38 0.178392 2222222222222222222222222222222222222222222222222222222222222222
512 4 8 39 0.213451 2221222222222222222222222222222222222222222222222222222222222222
512 4 8 40 0.201729 2222222222222222222222222222222222222222222222222222222222222222
512 4 8 41 0.195463 2222222222222222222222222222222222222222222222222222222222222222
512 4 8 42 0.211375 2222222222222222222222222222222222222222222222222222222222222222
512 4 8 43 0.202531 2222222222222222222222222222222222222222222222222222222222222222
512 4 8 44 0.226193 2222222222222222222222222222222222222222222222222222222222222222
512 4 8 45 0.202624 2222222222222222222222222222122222222222222222222222222222222222
512 4 8 46 0.218157 2222222222222222222222222222222222222222222222222222222222222222
512 4 8 47 0.188257 2222222222222222222222222222222222222222222222122222222222222222
512 4 8 48 0.235180 2222222222222222212222222222222222222222222222222222222222222222
512 4 8 49 0.181549 2222222222212222222222222222222222222222222222222222222222222222
512 4 8 50 0.180607 2222222222222222222222222222222222222222222222221222222222222222
512 4 8 51 0.194478 2222222222222222222222222222222222222222222222222222222222222222
512 4 8 52 0.194825 2222222222222222222222222222222222222222222222222222222222222222
512 4 8 53 0.196556 2222222222222222222222222222222222222222222222222222222222222222
512 4 8 54 0.186548 2222222222222222222222222222222222222222222222222222222222222222
512 4 8 55 0.188205 2222222222222222222222222222222222222222222222222222222222222222
512 4 8 56 0.193615 2222222222222222222222222222222222222222222222222222222222222222
512 4 8 57 0.182607 2222222222222222222222222222222222222222222222222222222222222222
512 4 8 58 0.188762 2222222222222222222222212222222222222222222222222222222222222222
512 4 8 59 0.205329 2222222222222222222222222222222222222222222222222222222222222222
512 4 8 60 0.204730 2222222222222222222222222222222222222222222222222222222222222222
512 4 8 61 0.190775 2222222222222222222222222222222222222222222222222222222222222222
512 4 8 62 0.199702 2222222222222222222222222222222222222222222222222222222222222222
512 4 8 63 0.200203 2222222222222222222222222222222222222222222222222222222222222222
512 4 8 64 0.226052 2222222222222222222222222222222222222222222222222222222222222222
512 4 8 65 0.203245 2222222222222222222222222222222222222222222222222222222222222222
512 4 8 66 0.198583 2222222222222222222222222222222222222222222222222222222222222222
512 4 8 67 0.199398 2222222222222222222222222222222222222222222222222222222222222222
512 4 8 68 0.185614 2222222222222222222222222222222212222222222222222222222222222222
512 4 8 69 0.208601 2222222222222222222222222222222222222222222222222222222222222222
512 4 8 70 0.214331 2222222222222222222222222222222222222222222222222222222222222222
512 4 8 71 0.217325 2222222222222222222222222222222222222222222222222222222222222222
512 4 8 72 0.194970 2222222222222222222222222222222222222222222222222222212222222222
512 4 8 73 0.203555 2222222222222222222222222222222222222222222222222222222222222222
512 4 8 74 0.176569 2222222222222222222222222222222222222222222222222222222222222222
512 4 8 75 0.207836 2222222222222222222222222222222222222222222222222222222222222222
512 4 8 76 0.209918 2222222222222222222222222222222222222222222222222222222222222222
512 4 8 77 0.194063 2222222222222222222222222222222222222222212222222222222222222222
512 4 8 78 0.201143 2222222222222222222222222222222222222222222222222222222222222222
512 4 8 79 0.211391 2222222222222222222222222222222222222222222222222222222222222222
512 4 8 80 0.183161 2222222222222222222222222222222212222222222222222222222222222222
512 4 8 81 0.204701 2222222222222222222222222222222222222222222222222222222222222222
512 4 8 82 0.186775 2222222222222222222222222222222222220222222222222222222222222222
512 4 8 83 0.190482 2222222222221222222222222222222222222222222222222222222222222222
512 4 8 84 0.224083 2222222222222222222222222222222222222222222222222222222222222222
512 4 8 85 0.201323 2222222222222222222222222222222222222222222222222222222222222222
512 4 8 86 0.196772 2222222222222222222222222222222222222221222222222222222222222222
512 4 8 87 0.207670 2222222222222222222222222222222222222222222222222222222222222222
512 4 8 88 0.212065 2222222222222222222222222222222222222222222222222222222222222222
512 4 8 89 0.196534 2222222222222222222222222222222222222222222222222222222222222222
512 4 8 90 0.202780 2222222222222222222222222222222222222222222222222222222222222222
512 4 8 91 0.217197 2222222222222222222222222222222222222222222222222222222222222222
512 4 8 92 0.210844 2222222222222222222222222222222222222222222222222222222222222222
512 4 8 93 0.201411 2222222222222222222222222222222222222222222222222222222222222222
512 4 8 94 0.204092 2222222222222222222222222222222222222222222222222222222222222222
512 4 8 95 0.206087 2222222222222222222222222222222222222222222222222222222222222222
512 4 8 96 0.190229 2222222222222222222222222222222222222222222222222222222222222222
512 4 8 97 0.196121 2222222222222222222222222222222222222222222222222222222222222222
512 4 8 98 0.198116 2222222222222222222222222222222222222222222222222222222222222222
512 4 8 99 0.218513 2222222222222222222222222222222222222222222222222222222222222222
512 4 16 0 0.098290 22222222222222222222222222222222
512 4 16 1 0.106081 22222222222222222222222222222222
512 4 16 2 0.104809 22222222222222222222222222222222
512 4 16 3 0.102428 22222222222222222222122222222222
512 4 16 4 0.094297 22222222222222222222222222222222
512 4 16 5 0.104492 22222222222222222222222222222222
512 4 16 6 0.101782 22222222222222222222222222222222
512 4 16 7 0.103130 22222222222222222222222222222222
512 4 16 8 0.095888 22222222222222222222222222222222
512 4 16 9 0.113439 22222222222222222222222222222222
512 4 16 10 0.103931 22222222222222222222222222222222
512 4 16 11 0.104468 22222222222222222222222222222222
512 4 16 12 0.098478 22222222222222222222222222222222
512 4 16 13 0.105116 22222222222222222222222222222222
512 4 16 14 0.111709 22222222222222222222222222222222
512 4 16 15 0.092294 22222222222222222222222222222222
512 4 16 16 0.109747 22222222222222222222222222222222
512 4 16 17 0.101649 22222222222222222222222222222222
512 4 16 18 0.094816 22222222222222222222222222222222
512 4 16 19 0.088891 22222222222222222222222222222222
512 4 16 20 0.096632 22222222222222222222222222222222
512 4 16 21 0.097371 22222222222222222222222222222122
512 4 16 22 0.097589 22222222222222222222222222222222
512 4 16 23 0.090410 22222222222222222222222222222222
512 4 16 24 0.105540 22222222222222222222222222222222
512 4 16 25 0.093491 22222222222222222222222222222222
512 4 16 26 0.095397 22222222222222222222222222222222
512 4 16 27 0.104058 22222222222222222222222222222222
512 4 16 28 0.100364 22222222122222222222222222222222
512 4 16 29 0.096649 22222222222222222222222222222222
512 4 16 30 0.097780 22222222222222222222222222222222
512 4 16 31 0.101069 22222222222222222222222222222222
512 4 16 32 0.108553 22222222222222222222222222222222
512 4 16 33 0.093515 22222222222222222222222222222222
512 4 16 34 0.099591 21222222222222222222222222222222
512 4 16 35 0.103681 22222222222222222222222222222222
512 4 16 36 0.106116 22222222222222222222222222222222
512 4 16 37 0.100870 22222222222222222222222222222222
512 4 16 38 0.086943 22222222222222222222222222222222
512 4 16 39 0.106932 21222222222222222222222222222222
512 4 16 40 0.099326 22222222222222222222222222222222
512 4 16 41 0.098984 22222222222222222222222222222222
512 4 16 42 0.108024 22222222222222222222222222222222
512 4 16 43 0.104697 22222222222222222222222222222222
512 4 16 44 0.113980 22222222222222222222222222222222
512 4 16 45 0.101254 22222222222222222222222222222222
512 4 16 46 0.109524 22222222222222222222222222222222
512 4 16 47 0.096980 22222222222222222222222222222222
512 4 16 48 0.117223 22222222122222222222222222222222
512 4 16 49 0.093102 22222122222222222222222222222222
512 4 16 50 0.090869 22222222222222222222222222222222
512 4 16 51 0.097133 22222222222222222222222222222222
512 4 16 52 0.097949 22222222222222222222222222222222
512 4 16 53 0.098063 22222222222222222222222222222222
512 4 16 54 0.094329 22222222222222222222222222222222
512 4 16 55 0.094969 22222222222222222222222222222222
512 4 16 56 0.098294 22222222222222222222222222222222
512 4 16 57 0.091734 22222222222222222222222222222222
512 4 16 58 0.093992 22222222222122222222222222222222
512 4 16 59 0.102921 22222222222222222222222222222222
512 4 16 60 0.100786 22222222222222222222222222222222
512 4 16 61 0.096341 22222222222222222222222222222222
512 4 16 62 0.099475 22222222222222222222222222222222
512 4 16 63 0.101245 22222222222222222222222222222222
512 4 16 64 0.111855 22222222222222222222222222222222
512 4 16 65 0.105859 22222222222222222222222222222222
512 4 16 66 0.099500 22222222222222222222222222222222
512 4 16 67 0.099242 22222222222222222222222222222222
512 4 16 68 0.093467 22222222222222222222222222222222
512 4 16 69 0.106486 22222222222222222222222222222222
512 4 16 70 0.107920 22222222222222222222222222222222
512 4 16 71 0.108843 22222222222222222222222222222222
512 4 16 72 0.099268 22222222222222222222222222122222
512 4 16 73 0.103395 22222222222222222222222222222222
512 4 16 74 0.089943 22222222222222222222222222222222
512 4 16 75 0.104796 22222222222222222222222222222222
512 4 16 76 0.105960 22222222222222222222222222222222
512 4 16 77 0.098979 22222222222222222222122222222222
512 4 16 78 0.101478 22222222222222222222222222222222
512 4 16 79 0.107202 22222222222222222222222222222222
512 4 16 80 0.094207 22222222222222222222222222222222
512 4 16 81 0.100966 22222222222222222222222222222222
512 4 16 82 0.094727 22222222222222222222222222222222
512 4 16 83 0.097519 22222222222222222222222222222222
512 4 16 84 0.114358 22222222222222222222222222222222
512 4 16 85 0.103655 22222222222222222222222222222222
512 4 16 86 0.100074 22222222222222222221222222222222
512 4 16 87 0.106822 22222222222222222222222222222222
512 4 16 88 0.106715 22222222222222222222222222222222
512 4 16 89 0.098237 22222222222222222222222222222222
512 4 16 90 0.102482 22222222222222222222222222222222
512 4 16 91 0.112483 22222222222222222222222222222222
512 4 16 92 0.107256 22222222222222222222222222222222
512 4 16 93 0.101577 22222222222222222222222222222222
512 4 16 94 0.105128 22222222222222222222222222222222
512 4 16 95 0.103457 22222222222222222222222222222222
512 4 16 96 0.099306 22222222222222222222222222222222
512 4 16 97 0.100044 22222222222222222222222222222222
512 4 16 98 0.098833 22222222222222222222222222222222
512 4 16 99 0.112700 22222222222222222222222222222222
512 4 32 0 0.051490 2222222222222222
512 4 32 1 0.053956 2222222222222222
512 4 32 2 0.053563 2222222222222222
512 4 32 3 0.052418 2222222222222222
512 4 32 4 0.049227 2222222222222222
512 4 32 5 0.051310 2222222222222222
512 4 32 6 0.052217 2222222222222222
512 4 32 7 0.051448 2222222222222222
512 4 32 8 0.049513 2222222222222222
512 4 32 9 0.057558 2222222222222222
512 4 32 10 0.053560 2222222222222222
512 4 32 11 0.054744 2222222222222222
512 4 32 12 0.048878 2222222222222222
512 4 32 13 0.056369 2222222222222222
512 4 32 14 0.054525 2222222222222222
512 4 32 15 0.046988 2222222222222222
512 4 32 16 0.055929 2222222222222222
512 4 32 17 0.052259 2222222222222222
512 4 32 18 0.047939 2222222222222222
512 4 32 19 0.045702 2222222222222222
512 4 32 20 0.049841 2222222222222222
512 4 32 21 0.049696 2222222222222212
512 4 32 22 0.049550 2222222222222222
512 4 32 23 0.048086 2222222222222222
512 4 32 24 0.055766 2222222222222222
512 4 32 25 0.048376 2222222222222222
512 4 32 26 0.049137 2222222222222222
512 4 32 27 0.052892 2222222222222222
512 4 32 28 0.051805 2222222222222222
512 4 32 29 0.051008 2222222222222222
512 4 32 30 0.048462 2222222222222222
512 4 32 31 0.052696 2222222222222222
512 4 32 32 0.055563 2222222222222222
512 4 32 33 0.047356 2222222222222222
512 4 32 34 0.051073 1222222222222222
512 4 32 35 0.054226 2222222222222222
512 4 32 36 0.055109 2222222222222222
512 4 32 37 0.051792 2222222222222222
512 4 32 38 0.045056 2222222222222222
512 4 32 39 0.054982 1222222222222222
512 4 32 40 0.052490 2222222222222222
512 4 32 41 0.052126 2222222222222222
512 4 32 42 0.053881 2222222222222222
512 4 32 43 0.054105 2222222222222222
512 4 32 44 0.058775 2222222222222222
512 4 32 45 0.052892 2222222222222222
512 4 32 46 0.058195 2222222222222222
512 4 32 47 0.051404 2222222222222222
512 4 32 48 0.057356 2222222222222222
512 4 32 49 0.048763 2212222222222222
512 4 32 50 0.048181 2222222222222222
512 4 32 51 0.049824 2222222222222222
512 4 32 52 0.050202 2222222222222222
512 4 32 53 0.051097 2222222222222222
512 4 32 54 0.047917 2222222222222222
512 4 32 55 0.049970 2222222222222222
512 4 32 56 0.051137 2222222222222222
512 4 32 57 0.048670 2222222222222222
512 4 32 58 0.048889 2222212222222222
512 4 32 59 0.052772 2222222222222222
512 4 32 60 0.052283 2222222222222222
512 4 32 61 0.049669 2222222222222222
512 4 32 62 0.051594 2222222222222222
512 4 32 63 0.052366 2222222222222222
512 4 32 64 0.058196 2222222222222222
512 4 32 65 0.054450 2222222222222222
512 4 32 66 0.053908 2222222222222222
512 4 32 67 0.050745 2222222222222222
512 4 32 68 0.048304 2222222222222222
512 4 32 69 0.055015 2222222222222222
512 4 32 70 0.056897 2222222222222222
512 4 32 71 0.056369 2222222222222222
512 4 32 72 0.050571 2222222222222222
512 4 32 73 0.053102 2222222222222222
512 4 32 74 0.046585 2222222222222222
512 4 32 75 0.054388 2222222222222222
512 4 32 76 0.053802 2222222222222222
512 4 32 77 0.051396 2222222222222222
512 4 32 78 0.053630 2222222222222222
512 4 32 79 0.056769 2222222222222222
512 4 32 80 0.049066 2222222222222222
512 4 32 81 0.052275 2222222222222222
512 4 32 82 0.048170 2222222222222222
512 4 32 83 0.051055 2222222222222222
512 4 32 84 0.061079 2222222222222222
512 4 32 85 0.052145 2222222222222222
512 4 32 86 0.051253 2222222221222222
512 4 32 87 0.054358 2222222222222222
512 4 32 88 0.053321 2222222222222222
512 4 32 89 0.050038 2222222222222222
512 4 32 90 0.052262 2222222222222222
512 4 32 91 0.058995 2222222222222222
512 4 32 92 0.058055 2222222222222222
512 4 32 93 0.053998 2222222222222222
512 4 32 94 0.054482 2222222222222222
512 4 32 95 0.053187 2222222222222222
512 4 32 96 0.049098 2222222222222222
512 4 32 97 0.051758 2222222222222222
512 4 32 98 0.052297 2222222222222222
512 4 32 99 0.057660 2222222222222222
512 8 16 0 0.320871 22222222222222222222222222222222
512 8 16 1 0.336915 22222222222222222222222222222222
512 8 16 2 0.321088 22222222222222222222222222222222
512 8 16 3 0.328411 22222222222222222222222222222222
512 8 16 4 0.300958 22222222222222222222222222222222
512 8 16 5 0.321989 22222222222222222222222222222222
512 8 16 6 0.331222 22222222222222222222222222222222
512 8 16 7 0.329481 22222222222222222222222222222222
512 8 16 8 0.320305 22222222222222222222222222222222
512 8 16 9 0.356035 22222222222222222222222222222222
512 8 16 10 0.319628 22222222222222222222222222222222
512 8 16 11 0.316592 22222222222222222222222222222222
512 8 16 12 0.304670 22222222222222222222222222222222
512 8 16 13 0.344964 22222222222222222222222222222222
512 8 16 14 0.353578 22222222222222222222222222222222
512 8 16 15 0.291465 22222222222222222222222222222222
512 8 16 16 0.355779 22222222222222222222222222222222
512 8 16 17 0.337428 22222222222222222222222222222222
512 8 16 18 0.286525 22222222222222222222222222222222
512 8 16 19 0.283228 22222222222222222222222222222222
512 8 16 20 0.307223 22222222222222222222222222222222
512 8 16 21 0.317196 22222222222222222222222222222222
512 8 16 22 0.305295 22222222222222222222222222222222
512 8 16 23 0.292869 22222222222222222222222222222222
512 8 16 24 0.351603 22222222222222222222222222222222
512 8 16 25 0.294686 22222222222222222222222222222222
512 8 16 26 0.305558 22222222222222222222222222222222
512 8 16 27 0.333631 22222222222222222222222222222222
512 8 16 28 0.313481 22222222222222222222222222222222
512 8 16 29 0.315122 22222222222222222222222222222222
512 8 16 30 0.339160 22222222222222222222222222222222
512 8 16 31 0.314448 22222222222222222222222222222222
512 8 16 32 0.349409 22222222222222222222222222222222
512 8 16 33 0.287363 22222222222222222222222222222222
512 8 16 34 0.317043 22222222222222222222222222222222
512 8 16 35 0.328212 22222222222222222222222222222222
512 8 16 36 0.361474 22222222222222222222222222222222
512 8 16 37 0.334231 22222222222222222222222222222222
512 8 16 38 0.276032 22222222222222222222222222222222
512 8 16 39 0.342886 22222222222222222222222222222222
512 8 16 40 0.332082 22222222222222222222222222222222
512 8 16 41 0.335397 22222222222222222222222222222222
512 8 16 42 0.348489 22222222222222222222222222222222
512 8 16 43 0.345473 22222222222222222222222222222222
512 8 16 44 0.369567 22222222222222222222222222222222
512 8 16 45 0.337888 22222222222222222222222222222222
512 8 16 46 0.384524 22222222222222222222222222222222
512 8 16 47 0.285056 22222222222222222222222222222222
512 8 16 48 0.367713 22222222222222222222222222222222
512 8 16 49 0.317489 22222222222222222222222222222222
512 8 16 50 0.295397 22222222222222222222222222222222
512 8 16 51 0.335944 22222222222222222222222222222222
512 8 16 52 0.314187 22222222222222222222222222222222
512 8 16 53 0.304331 22222222222222222222222222222222
512 8 16 54 0.291276 22222222222222222222222222222222
512 8 16 55 0.295545 22222222222222222222222222222222
512 8 16 56 0.308639 22222222222222222222222222222222
512 8 16 57 0.292469 22222222222222222222222222222222
512 8 16 58 0.312901 22222222222222222222222222222222
512 8 16 59 0.341559 22222222222222222222222222222222
512 8 16 60 0.310947 22222222222222222222222222222222
512 8 16 61 0.301446 22222222222222222222222222222222
512 8 16 62 0.330070 22222222222222222222222222222222
512 8 16 63 0.344560 22222222222222222222222222222222
512 8 16 64 0.367131 22222222222222222222222222222222
512 8 16 65 0.328795 22222222222222222222222222222222
512 8 16 66 0.313965 22222222222222222222222222222222
512 8 16 67 0.343927 22222222222222222222222222222222
512 8 16 68 0.286136 22222222222222222222222222222222
512 8 16 69 0.344734 22222222222222222222222222222222
512 8 16 70 0.338585 22222222222222222222222222222222
512 8 16 71 0.361753 22222222222222222222222222222222
512 8 16 72 0.308628 22222222222222222222222222222222
512 8 16 73 0.333719 22222222222222222222222222222222
512 8 16 74 0.283792 22222222222222222222222222222222
512 8 16 75 0.338625 22222222222222222222222222222222
512 8 16 76 0.340825 22222222222222222222222222222222
512 8 16 77 0.323458 22222222222222222222222222222222
512 8 16 78 0.335152 22222222222222222222222222222222
512 8 16 79 0.336406 22222222222222222222222222222222
512 8 16 80 0.301431 22222222222222222222222222222222
512 8 16 81 0.311309 22222222222222222222222222222222
512 8 16 82 0.319507 22222222222222222222222222222222
512 8 16 83 0.314875 22222222222222222222222222222222
512 8 16 84 0.359640 22222222222222222222222222222222
512 8 16 85 0.328822 22222222222222222222222222222222
512 8 16 86 0.320254 22222222222222222222222222222222
512 8 16 87 0.350406 22222222222222222222222222222222
512 8 16 88 0.349984 22222222222222222222222222222222
512 8 16 89 0.311646 22222222222222222222222222222222
512 8 16 90 0.312645 22222222222222222222222222222222
512 8 16 91 0.355227 22222222222222222222222222222222
512 8 16 92 0.364328 22222222222222222222222222222222
512 8 16 93 0.355654 22222222222222222222222222222222
512 8 16 94 0.334375 22222222222222222222222222222222
512 8 16 95 0.324691 22222222222222222222222222222222
512 8 16 96 0.305075 22222222222222222222222222222222
512 8 16 97 0.315106 22222222222222222222222222222222
512 8 16 98 0.317013 22222222222222222222222222222222
512 8 16 99 0.382469 22222222222222222222222222222222
512 8 32 0 0.164365 2222222222222222
512 8 32 1 0.173688 2222222222222222
512 8 32 2 0.165853 2222222222222222
512 8 32 3 0.168282 2222222222222222
512 8 32 4 0.160158 2222222222222222
512 8 32 5 0.164196 2222222222222222
512 8 32 6 0.169472 2222222222222222
512 8 32 7 0.160503 2222222222222222
512 8 32 8 0.169686 2222222222222222
512 8 32 9 0.194705 2222222222222222
512 8 32 10 0.166136 2222222222222222
512 8 32 11 0.168613 2222222222222222
512 8 32 12 0.165746 2222222222222222
512 8 32 13 0.181627 2222222222222222
512 8 32 14 0.177633 2222222222222222
512 8 32 15 0.154048 2222222222222222
512 8 32 16 0.182445 2222222222222222
512 8 32 17 0.165717 2222222222222222
512 8 32 18 0.151001 2222222222222222
512 8 32 19 0.154833 2222222222222222
512 8 32 20 0.172333 2222222222222222
512 8 32 21 0.163759 2222222222222222
512 8 32 22 0.158623 2222222222222222
512 8 32 23 0.153551 2222222222222222
512 8 32 24 0.175813 2222222222222222
512 8 32 25 0.162657 2222222222222222
512 8 32 26 0.154489 2222222222222222
512 8 32 27 0.174525 2222222222222222
512 8 32 28 0.161244 2222222222222222
512 8 32 29 0.160102 2222222222222222
512 8 32 30 0.160513 2222222222222222
512 8 32 31 0.167170 2222222222222222
512 8 32 32 0.186944 2222222222222222
512 8 32 33 0.160590 2222222222222222
512 8 32 34 0.168687 2222222222222222
512 8 32 35 0.173444 2222222222222222
512 8 32 36 0.185415 2222222222222222
512 8 32 37 0.179384 2222222222222222
512 8 32 38 0.134408 2222222222222222
512 8 32 39 0.176117 2222222222222222
512 8 32 40 0.160680 2222222222222222
512 8 32 41 0.168111 2222222222222222
512 8 32 42 0.184636 2222222222222222
512 8 32 43 0.168769 2222222222222222
512 8 32 44 0.219699 2222222222222222
512 8 32 45 0.171124 2222222222222222
512 8 32 46 0.178868 2222222222222222
512 8 32 47 0.149907 2222222222222222
512 8 32 48 0.189153 2222222222222222
512 8 32 49 0.149300 2222222222222222
512 8 32 50 0.154391 2222222222222222
512 8 32 51 0.168128 2222222222222222
512 8 32 52 0.162972 2222222222222222
512 8 32 53 0.156905 2222222222222222
512 8 32 54 0.152440 2222222222222222
512 8 32 55 0.150257 2222222222222222
512 8 32 56 0.161328 2222222222222222
512 8 32 57 0.152226 2222222222222222
512 8 32 58 0.165650 2222222222222222
512 8 32 59 0.171857 2222222222222222
512 8 32 60 0.176311 2222222222222222
512 8 32 61 0.165810 2222222222222222
512 8 32 62 0.175426 2222222222222222
512 8 32 63 0.183021 2222222222222222
512 8 32 64 0.182542 2222222222222222
512 8 32 65 0.171533 2222222222222222
512 8 32 66 0.158228 2222222222222222
512 8 32 67 0.165022 2222222222222222
512 8 32 68 0.152509 2222222222222222
512 8 32 69 0.176924 2222222222222222
512 8 32 70 0.172370 2222222222222222
512 8 32 71 0.186686 2222222222222222
512 8 32 72 0.157964 2222222222222222
512 8 32 73 0.175067 2222222222222222
512 8 32 74 0.146306 2222222222222222
512 8 32 75 0.171019 2222222222222222
512 8 32 76 0.177224 2222222222222222
512 8 32 77 0.168996 2222222222222222
512 8 32 78 0.169765 2222222222222222
512 8 32 79 0.176387 2222222222222222
512 8 32 80 0.158172 2222222222222222
512 8 32 81 0.166102 2222222222222222
512 8 32 82 0.166168 2222222222222222
512 8 32 83 0.162518 2222222222222222
512 8 32 84 0.198343 2222222222222222
512 8 32 85 0.172296 2222222222222222
512 8 32 86 0.166140 2222222222222222
512 8 32 87 0.175775 2222222222222222
512 8 32 88 0.180638 2222222222222222
512 8 32 89 0.161761 2222222222222222
512 8 32 90 0.162046 2222222222222222
512 8 32 91 0.193077 2222222222222222
512 8 32 92 0.178463 2222222222222222
512 8 32 93 0.168237 2222222222222222
512 8 32 94 0.171792 2222222222222222
512 8 32 95 0.168927 2222222222222222
512 8 32 96 0.154026 2222222222222222
512 8 32 97 0.167759 2222222222222222
512 8 32 98 0.174456 2222222222222222
512 8 32 99 0.183529 2222222222222222
