16 2 4 0 0.000168 2222
16 2 4 1 0.000058 1111
16 2 4 2 0.000123 0000
16 2 4 3 0.000113 1111
16 2 4 4 0.000119 2222
16 2 4 5 0.000115 1111
16 2 4 6 0.000138 1111
16 2 4 7 0.000145 1111
16 2 4 8 0.000138 1111
16 2 4 9 0.000069 1111
16 2 4 10 0.000106 2000
16 2 4 11 0.000119 1111
16 2 4 12 0.000083 1222
16 2 4 13 0.000131 0000
16 2 4 14 0.000134 1111
16 2 4 15 0.000139 1111
16 2 4 16 0.000137 1111
16 2 4 17 0.000110 2222
16 2 4 18 0.000115 2222
16 2 4 19 0.000120 2222
16 2 4 20 0.000161 1111
16 2 4 21 0.000180 2222
16 2 4 22 0.000083 1111
16 2 4 23 0.000106 1111
16 2 4 24 0.000119 2222
16 2 4 25 0.000080 1111
16 2 4 26 0.000045 1111
16 2 4 27 0.000139 0000
16 2 4 28 0.000136 1111
16 2 4 29 0.000116 2222
16 2 4 30 0.000125 2222
16 2 4 31 0.000149 2222
16 2 4 32 0.000143 1111
16 2 4 33 0.000066 2222
16 2 4 34 0.000160 2222
16 2 4 35 0.000145 0000
16 2 4 36 0.000102 2222
16 2 4 37 0.000144 2222
16 2 4 38 0.000160 2222
16 2 4 39 0.000091 1111
16 2 4 40 0.000045 1111
16 2 4 41 0.000139 1111
16 2 4 42 0.000075 0000
16 2 4 43 0.000195 0000
16 2 4 44 0.000185 0000
16 2 4 45 0.000085 1111
16 2 4 46 0.000130 2222
16 2 4 47 0.000063 0000
16 2 4 48 0.000116 0000
16 2 4 49 0.000089 1111
16 2 4 50 0.000074 0000
16 2 4 51 0.000170 1111
16 2 4 52 0.000096 2222
16 2 4 53 0.000048 0000
16 2 4 54 0.000123 0000
16 2 4 55 0.000161 0000
16 2 4 56 0.000118 2222
16 2 4 57 0.000073 1111
16 2 4 58 0.000150 1222
16 2 4 59 0.000149 1111
16 2 4 60 0.000194 2222
16 2 4 61 0.000156 1111
16 2 4 62 0.000178 1111
16 2 4 63 0.000104 1111
16 2 4 64 0.000121 2222
16 2 4 65 0.000125 2222
16 2 4 66 0.000141 1111
16 2 4 67 0.000159 1222
16 2 4 68 0.000089 0000
16 2 4 69 0.000082 2222
16 2 4 70 0.000067 0000
16 2 4 71 0.000175 2222
16 2 4 72 0.000223 1111
16 2 4 73 0.000104 1111
16 2 4 74 0.000109 0000
16 2 4 75 0.000041 1111
16 2 4 76 0.000119 0000
16 2 4 77 0.000155 1111
16 2 4 78 0.000120 1111
16 2 4 79 0.000103 0000
16 2 4 80 0.000174 0000
16 2 4 81 0.000132 2222
16 2 4 82 0.000191 2222
16 2 4 83 0.000139 1111
16 2 4 84 0.000118 0000
16 2 4 85 0.000183 1111
16 2 4 86 0.000140 0000
16 2 4 87 0.000129 2222
16 2 4 88 0.000186 0000
16 2 4 89 0.000220 2222
16 2 4 90 0.000094 2222
16 2 4 91 0.000159 1111
16 2 4 92 0.000111 1111
16 2 4 93 0.000197 1111
16 2 4 94 0.000148 1111
16 2 4 95 0.000111 2222
16 2 4 96 0.000134 1111
16 2 4 97 0.000178 2222
16 2 4 98 0.000124 0000
16 2 4 99 0.000192 1111
16 2 8 0 0.000084 22
16 2 8 1 0.000037 11
16 2 8 2 0.000068 00
16 2 8 3 0.000070 11
16 2 8 4 0.000081 22
16 2 8 5 0.000076 11
16 2 8 6 0.000080 11
16 2 8 7 0.000091 11
16 2 8 8 0.000087 11
16 2 8 9 0.000050 11
16 2 8 10 0.000055 00
16 2 8 11 0.000070 11
16 2 8 12 0.000048 11
16 2 8 13 0.000097 00
16 2 8 14 0.000084 11
16 2 8 15 0.000075 11
16 2 8 16 0.000092 11
16 2 8 17 0.000077 22
16 2 8 18 0.000075 22
16 2 8 19 0.000081 22
16 2 8 20 0.000106 11
16 2 8 21 0.000117 22
16 2 8 22 0.000056 11
16 2 8 23 0.000068 11
16 2 8 24 0.000057 22
16 2 8 25 0.000050 11
16 2 8 26 0.000030 11
16 2 8 27 0.000081 00
16 2 8 28 0.000089 11
16 2 8 29 0.000075 22
16 2 8 30 0.000079 22
16 2 8 31 0.000090 22
16 2 8 32 0.000083 11
16 2 8 33 0.000032 22
16 2 8 34 0.000100 22
16 2 8 35 0.000088 00
16 2 8 36 0.000062 22
16 2 8 37 0.000089 22
16 2 8 38 0.000096 22
16 2 8 39 0.000062 11
16 2 8 40 0.000030 11
16 2 8 41 0.000090 11
16 2 8 42 0.000049 00
16 2 8 43 0.000123 00
16 2 8 44 0.000116 00
16 2 8 45 0.000062 11
16 2 8 46 0.000066 22
16 2 8 47 0.000041 00
16 2 8 48 0.000073 00
16 2 8 49 0.000054 11
16 2 8 50 0.000054 00
16 2 8 51 0.000110 11
16 2 8 52 0.000057 22
16 2 8 53 0.000032 00
16 2 8 54 0.000085 00
16 2 8 55 0.000098 00
16 2 8 56 0.000077 00
16 2 8 57 0.000049 11
16 2 8 58 0.000097 22
16 2 8 59 0.000096 11
16 2 8 60 0.000131 22
16 2 8 61 0.000095 11
16 2 8 62 0.000111 11
16 2 8 63 0.000061 11
16 2 8 64 0.000082 22
16 2 8 65 0.000078 22
16 2 8 66 0.000088 11
16 2 8 67 0.000096 22
16 2 8 68 0.000058 00
16 2 8 69 0.000044 22
16 2 8 70 0.000042 00
16 2 8 71 0.000110 22
16 2 8 72 0.000136 11
16 2 8 73 0.000070 11
16 2 8 74 0.000067 00
16 2 8 75 0.000030 11
16 2 8 76 0.000082 00
16 2 8 77 0.000094 11
16 2 8 78 0.000075 11
16 2 8 79 0.000068 00
16 2 8 80 0.000105 00
16 2 8 81 0.000087 22
16 2 8 82 0.000122 22
16 2 8 83 0.000083 11
16 2 8 84 0.000082 00
16 2 8 85 0.000110 11
16 2 8 86 0.000089 00
16 2 8 87 0.000066 22
16 2 8 88 0.000131 00
16 2 8 89 0.000128 22
16 2 8 90 0.000067 22
16 2 8 91 0.000101 11
16 2 8 92 0.000068 11
16 2 8 93 0.000121 11
16 2 8 94 0.000080 11
16 2 8 95 0.000063 22
16 2 8 96 0.000073 11
16 2 8 97 0.000113 22
16 2 8 98 0.000081 00
16 2 8 99 0.000126 11
16 2 16 0 0.000065 2
16 2 16 1 0.000029 1
16 2 16 2 0.000057 0
16 2 16 3 0.000049 1
16 2 16 4 0.000059 2
16 2 16 5 0.000050 1
16 2 16 6 0.000064 1
16 2 16 7 0.000063 1
16 2 16 8 0.000061 1
16 2 16 9 0.000038 1
16 2 16 10 0.000042 0
16 2 16 11 0.000049 1
16 2 16 12 0.000041 1
16 2 16 13 0.000067 0
16 2 16 14 0.000058 1
16 2 16 15 0.000054 1
16 2 16 16 0.000062 1
16 2 16 17 0.000051 2
16 2 16 18 0.000058 2
16 2 16 19 0.000059 2
16 2 16 20 0.000078 1
16 2 16 21 0.000076 2
16 2 16 22 0.000040 1
16 2 16 23 0.000057 1
16 2 16 24 0.000039 2
16 2 16 25 0.000040 1
16 2 16 26 0.000024 1
16 2 16 27 0.000053 0
16 2 16 28 0.000063 1
16 2 16 29 0.000054 2
16 2 16 30 0.000049 2
16 2 16 31 0.000061 2
16 2 16 32 0.000053 1
16 2 16 33 0.000022 2
16 2 16 34 0.000061 2
16 2 16 35 0.000056 0
16 2 16 36 0.000042 2
16 2 16 37 0.000054 2
16 2 16 38 0.000065 2
16 2 16 39 0.000047 1
16 2 16 40 0.000022 1
16 2 16 41 0.000061 1
16 2 16 42 0.000039 0
16 2 16 43 0.000083 0
16 2 16 44 0.000079 0
16 2 16 45 0.000041 1
16 2 16 46 0.000050 2
16 2 16 47 0.000032 0
16 2 16 48 0.000060 0
16 2 16 49 0.000039 1
16 2 16 50 0.000038 0
16 2 16 51 0.000075 1
16 2 16 52 0.000039 2
16 2 16 53 0.000026 0
16 2 16 54 0.000056 0
16 2 16 55 0.000065 0
16 2 16 56 0.000057 0
16 2 16 57 0.000041 1
16 2 16 58 0.000071 2
16 2 16 59 0.000069 1
16 2 16 60 0.000090 2
16 2 16 61 0.000064 1
16 2 16 62 0.000078 1
16 2 16 63 0.000056 1
16 2 16 64 0.000048 2
16 2 16 65 0.000060 2
16 2 16 66 0.000059 1
16 2 16 67 0.000070 2
16 2 16 68 0.000044 0
16 2 16 69 0.000028 2
16 2 16 70 0.000034 0
16 2 16 71 0.000082 2
16 2 16 72 0.000097 1
16 2 16 73 0.000050 1
16 2 16 74 0.000049 0
16 2 16 75 0.000025 1
16 2 16 76 0.000068 0
16 2 16 77 0.000068 1
16 2 16 78 0.000063 1
16 2 16 79 0.000056 0
16 2 16 80 0.000073 0
16 2 16 81 0.000063 2
16 2 16 82 0.000081 2
16 2 16 83 0.000067 1
16 2 16 84 0.000059 0
16 2 16 85 0.000074 1
16 2 16 86 0.000061 0
16 2 16 87 0.000052 2
16 2 16 88 0.000084 0
16 2 16 89 0.000086 2
16 2 16 90 0.000059 2
16 2 16 91 0.000066 1
16 2 16 92 0.000043 1
16 2 16 93 0.000085 1
16 2 16 94 0.000068 1
16 2 16 95 0.000046 2
16 2 16 96 0.000056 1
16 2 16 97 0.000081 2
16 2 16 98 0.000064 0
16 2 16 99 0.000098 1
16 4 8 0 0.000184 22
16 4 8 1 0.000059 11
16 4 8 2 0.000142 00
16 4 8 3 0.000132 11
16 4 8 4 0.000150 22
16 4 8 5 0.000144 11
16 4 8 6 0.000168 11
16 4 8 7 0.000223 11
16 4 8 8 0.000184 11
16 4 8 9 0.000089 11
16 4 8 10 0.000132 22
16 4 8 11 0.000088 11
16 4 8 12 0.000083 22
16 4 8 13 0.000193 00
16 4 8 14 0.000159 11
16 4 8 15 0.000144 11
16 4 8 16 0.000154 11
16 4 8 17 0.000149 22
16 4 8 18 0.000144 22
16 4 8 19 0.000121 22
16 4 8 20 0.000223 11
16 4 8 21 0.000234 22
16 4 8 22 0.000089 11
16 4 8 23 0.000143 11
16 4 8 24 0.000111 22
16 4 8 25 0.000119 11
16 4 8 26 0.000042 11
16 4 8 27 0.000181 00
16 4 8 28 0.000159 11
16 4 8 29 0.000137 22
16 4 8 30 0.000174 22
16 4 8 31 0.000186 22
16 4 8 32 0.000187 11
16 4 8 33 0.000064 22
16 4 8 34 0.000223 22
16 4 8 35 0.000165 00
16 4 8 36 0.000121 22
16 4 8 37 0.000153 22
16 4 8 38 0.000229 22
16 4 8 39 0.000118 11
16 4 8 40 0.000032 11
16 4 8 41 0.000155 11
16 4 8 42 0.000098 00
16 4 8 43 0.000294 00
16 4 8 44 0.000266 00
16 4 8 45 0.000101 11
16 4 8 46 0.000105 22
16 4 8 47 0.000067 00
16 4 8 48 0.000158 00
16 4 8 49 0.000106 11
16 4 8 50 0.000064 00
16 4 8 51 0.000251 11
16 4 8 52 0.000121 22
16 4 8 53 0.000063 00
16 4 8 54 0.000156 00
16 4 8 55 0.000182 00
16 4 8 56 0.000173 22
16 4 8 57 0.000107 11
16 4 8 58 0.000237 22
16 4 8 59 0.000198 11
16 4 8 60 0.000292 22
16 4 8 61 0.000229 11
16 4 8 62 0.000265 11
16 4 8 63 0.000130 11
16 4 8 64 0.000120 22
16 4 8 65 0.000162 22
16 4 8 66 0.000171 11
16 4 8 67 0.000220 22
16 4 8 68 0.000102 00
16 4 8 69 0.000056 22
16 4 8 70 0.000084 00
16 4 8 71 0.000242 22
16 4 8 72 0.000334 11
16 4 8 73 0.000095 11
16 4 8 74 0.000149 00
16 4 8 75 0.000052 11
16 4 8 76 0.000154 00
16 4 8 77 0.000191 11
16 4 8 78 0.000152 11
16 4 8 79 0.000133 00
16 4 8 80 0.000242 00
16 4 8 81 0.000170 22
16 4 8 82 0.000291 22
16 4 8 83 0.000171 11
16 4 8 84 0.000126 00
16 4 8 85 0.000250 11
16 4 8 86 0.000159 00
16 4 8 87 0.000137 22
16 4 8 88 0.000229 00
16 4 8 89 0.000309 22
16 4 8 90 0.000136 22
16 4 8 91 0.000219 11
16 4 8 92 0.000141 11
16 4 8 93 0.000288 11
16 4 8 94 0.000178 11
16 4 8 95 0.000114 22
16 4 8 96 0.000158 11
16 4 8 97 0.000254 22
16 4 8 98 0.000161 00
16 4 8 99 0.000303 11
16 4 16 0 0.000158 2
16 4 16 1 0.000046 1
16 4 16 2 0.000130 0
16 4 16 3 0.000095 1
16 4 16 4 0.000123 2
16 4 16 5 0.000091 1
16 4 16 6 0.000145 1
16 4 16 7 0.000174 1
16 4 16 8 0.000149 1
16 4 16 9 0.000078 1
16 4 16 10 0.000103 2
16 4 16 11 0.000064 1
16 4 16 12 0.000072 2
16 4 16 13 0.000148 0
16 4 16 14 0.000130 1
16 4 16 15 0.000111 1
16 4 16 16 0.000109 1
16 4 16 17 0.000125 2
16 4 16 18 0.000112 2
16 4 16 19 0.000101 2
16 4 16 20 0.000171 1
16 4 16 21 0.000151 2
16 4 16 22 0.000073 1
16 4 16 23 0.000134 1
16 4 16 24 0.000081 2
16 4 16 25 0.000103 1
16 4 16 26 0.000035 1
16 4 16 27 0.000125 0
16 4 16 28 0.000120 1
16 4 16 29 0.000114 2
16 4 16 30 0.000121 2
16 4 16 31 0.000137 2
16 4 16 32 0.000134 1
16 4 16 33 0.000051 2
16 4 16 34 0.000157 2
16 4 16 35 0.000127 0
16 4 16 36 0.000092 2
16 4 16 37 0.000109 2
16 4 16 38 0.000175 2
16 4 16 39 0.000103 1
16 4 16 40 0.000031 1
16 4 16 41 0.000106 1
16 4 16 42 0.000084 0
16 4 16 43 0.000224 0
16 4 16 44 0.000181 0
16 4 16 45 0.000089 1
16 4 16 46 0.000082 2
16 4 16 47 0.000060 0
16 4 16 48 0.000144 0
16 4 16 49 0.000081 1
16 4 16 50 0.000058 0
16 4 16 51 0.000203 1
16 4 16 52 0.000097 2
16 4 16 53 0.000059 0
16 4 16 54 0.000133 0
16 4 16 55 0.000142 0
16 4 16 56 0.000143 2
16 4 16 57 0.000094 1
16 4 16 58 0.000180 2
16 4 16 59 0.000165 1
16 4 16 60 0.000217 2
16 4 16 61 0.000174 1
16 4 16 62 0.000217 1
16 4 16 63 0.000118 1
16 4 16 64 0.000094 2
16 4 16 65 0.000138 2
16 4 16 66 0.000136 1
16 4 16 67 0.000178 2
16 4 16 68 0.000087 0
16 4 16 69 0.000037 2
16 4 16 70 0.000065 0
16 4 16 71 0.000194 2
16 4 16 72 0.000254 1
16 4 16 73 0.000077 1
16 4 16 74 0.000116 0
16 4 16 75 0.000052 1
16 4 16 76 0.000116 0
16 4 16 77 0.000159 1
16 4 16 78 0.000132 1
16 4 16 79 0.000085 0
16 4 16 80 0.000192 0
16 4 16 81 0.000148 2
16 4 16 82 0.000214 2
16 4 16 83 0.000148 1
16 4 16 84 0.000108 0
16 4 16 85 0.000214 1
16 4 16 86 0.000125 0
16 4 16 87 0.000114 2
16 4 16 88 0.000162 0
16 4 16 89 0.000229 2
16 4 16 90 0.000115 2
16 4 16 91 0.000165 1
16 4 16 92 0.000110 1
16 4 16 93 0.000237 1
16 4 16 94 0.000144 1
16 4 16 95 0.000085 2
16 4 16 96 0.000132 1
16 4 16 97 0.000202 2
16 4 16 98 0.000138 0
16 4 16 99 0.000241 1
16 8 16 0 0.000260 2
16 8 16 1 0.000061 1
16 8 16 2 0.000200 0
16 8 16 3 0.000172 1
16 8 16 4 0.000200 2
16 8 16 5 0.000138 1
16 8 16 6 0.000186 1
16 8 16 7 0.000251 1
16 8 16 8 0.000208 1
16 8 16 9 0.000115 1
16 8 16 10 0.000151 2
16 8 16 11 0.000123 1
16 8 16 12 0.000086 2
16 8 16 13 0.000268 0
16 8 16 14 0.000199 1
16 8 16 15 0.000200 1
16 8 16 16 0.000168 1
16 8 16 17 0.000193 2
16 8 16 18 0.000142 2
16 8 16 19 0.000183 2
16 8 16 20 0.000308 1
16 8 16 21 0.000317 2
16 8 16 22 0.000128 1
16 8 16 23 0.000170 1
16 8 16 24 0.000082 2
16 8 16 25 0.000148 1
16 8 16 26 0.000041 1
16 8 16 27 0.000111 0
16 8 16 28 0.000216 1
16 8 16 29 0.000202 2
16 8 16 30 0.000123 2
16 8 16 31 0.000193 2
16 8 16 32 0.000230 1
16 8 16 33 0.000070 2
16 8 16 34 0.000205 2
16 8 16 35 0.000170 0
16 8 16 36 0.000119 2
16 8 16 37 0.000140 2
16 8 16 38 0.000209 2
16 8 16 39 0.000117 1
16 8 16 40 0.000038 1
16 8 16 41 0.000180 1
16 8 16 42 0.000122 0
16 8 16 43 0.000389 0
16 8 16 44 0.000347 0
16 8 16 45 0.000133 1
16 8 16 46 0.000148 2
16 8 16 47 0.000069 0
16 8 16 48 0.000172 0
16 8 16 49 0.000092 1
16 8 16 50 0.000095 0
16 8 16 51 0.000296 1
16 8 16 52 0.000166 2
16 8 16 53 0.000080 0
16 8 16 54 0.000161 0
16 8 16 55 0.000265 0
16 8 16 56 0.000141 2
16 8 16 57 0.000121 1
16 8 16 58 0.000268 2
16 8 16 59 0.000281 1
16 8 16 60 0.000322 2
16 8 16 61 0.000215 1
16 8 16 62 0.000244 1
16 8 16 63 0.000159 1
16 8 16 64 0.000148 2
16 8 16 65 0.000165 2
16 8 16 66 0.000209 1
16 8 16 67 0.000246 2
16 8 16 68 0.000119 0
16 8 16 69 0.000073 2
16 8 16 70 0.000100 0
16 8 16 71 0.000353 2
16 8 16 72 0.000404 1
16 8 16 73 0.000122 1
16 8 16 74 0.000142 0
16 8 16 75 0.000069 1
16 8 16 76 0.000216 0
16 8 16 77 0.000234 1
16 8 16 78 0.000196 1
16 8 16 79 0.000170 0
16 8 16 80 0.000241 0
16 8 16 81 0.000227 2
16 8 16 82 0.000359 2
16 8 16 83 0.000173 1
16 8 16 84 0.000189 0
16 8 16 85 0.000367 1
16 8 16 86 0.000175 0
16 8 16 87 0.000125 2
16 8 16 88 0.000355 0
16 8 16 89 0.000411 2
16 8 16 90 0.000173 2
16 8 16 91 0.000205 1
16 8 16 92 0.000145 1
16 8 16 93 0.000359 1
16 8 16 94 0.000247 1
16 8 16 95 0.000162 2
16 8 16 96 0.000162 1
16 8 16 97 0.000187 2
16 8 16 98 0.000225 0
16 8 16 99 0.000450 1
32 2 4 0 0.000534 00000000
32 2 4 1 0.000504 00000000
32 2 4 2 0.000597 22222222
32 2 4 3 0.000576 00000000
32 2 4 4 0.000625 11111111
32 2 4 5 0.000484 00000000
32 2 4 6 0.000709 11111111
32 2 4 7 0.000261 00000000
32 2 4 8 0.000461 11111111
32 2 4 9 0.000521 22222222
32 2 4 10 0.000497 00000000
32 2 4 11 0.000682 22222222
32 2 4 12 0.000462 00000000
32 2 4 13 0.000733 11111111
32 2 4 14 0.000579 11111111
32 2 4 15 0.000619 11111111
32 2 4 16 0.000687 11111111
32 2 4 17 0.000586 12222222
32 2 4 18 0.000470 11111111
32 2 4 19 0.000784 22222222
32 2 4 20 0.000466 00000000
32 2 4 21 0.000611 11111111
32 2 4 22 0.000728 22222222
32 2 4 23 0.000605 11111111
32 2 4 24 0.000549 11111111
32 2 4 25 0.000454 00000000
32 2 4 26 0.000573 11111111
32 2 4 27 0.000297 22222222
32 2 4 28 0.000688 22222222
32 2 4 29 0.000841 22222222
32 2 4 30 0.000528 11111111
32 2 4 31 0.000543 11111111
32 2 4 32 0.000451 22222222
32 2 4 33 0.000361 22222222
32 2 4 34 0.000621 11111111
32 2 4 35 0.000533 22222222
32 2 4 36 0.000569 11111111
32 2 4 37 0.000359 22222222
32 2 4 38 0.000547 11111111
32 2 4 39 0.000259 00000000
32 2 4 40 0.000467 11111111
32 2 4 41 0.000498 22222222
32 2 4 42 0.000591 11111111
32 2 4 43 0.000617 11111111
32 2 4 44 0.000553 00000000
32 2 4 45 0.000698 12222222
32 2 4 46 0.000558 11111111
32 2 4 47 0.000493 22222222
32 2 4 48 0.000321 22222222
32 2 4 49 0.000540 22222222
32 2 4 50 0.000708 00000000
32 2 4 51 0.000472 11111111
32 2 4 52 0.000328 22222222
32 2 4 53 0.000464 11111111
32 2 4 54 0.000385 11111111
32 2 4 55 0.000417 00000000
32 2 4 56 0.000545 11111111
32 2 4 57 0.000840 11111111
32 2 4 58 0.000710 11111111
32 2 4 59 0.000480 00000000
32 2 4 60 0.000623 22222222
32 2 4 61 0.000553 11111111
32 2 4 62 0.000518 00000000
32 2 4 63 0.000392 11111111
32 2 4 64 0.000445 22222222
32 2 4 65 0.000644 00000000
32 2 4 66 0.001213 11111111
32 2 4 67 0.000554 22222222
32 2 4 68 0.000374 22222222
32 2 4 69 0.000455 11111111
32 2 4 70 0.000424 00000000
32 2 4 71 0.000494 11111111
32 2 4 72 0.000513 11111111
32 2 4 73 0.000647 12222222
32 2 4 74 0.000616 11111111
32 2 4 75 0.000549 11111111
32 2 4 76 0.000562 11111111
32 2 4 77 0.000642 11111111
32 2 4 78 0.000451 22222222
32 2 4 79 0.000523 11111111
32 2 4 80 0.000358 11111111
32 2 4 81 0.000617 00000000
32 2 4 82 0.000602 11111111
32 2 4 83 0.000483 00000000
32 2 4 84 0.000628 11111111
32 2 4 85 0.000552 11111111
32 2 4 86 0.000526 11111111
32 2 4 87 0.000431 11111111
32 2 4 88 0.000490 00000000
32 2 4 89 0.000551 11111111
32 2 4 90 0.000599 22222222
32 2 4 91 0.000718 11111111
32 2 4 92 0.000423 11111111
32 2 4 93 0.000503 00000000
32 2 4 94 0.000436 11111111
32 2 4 95 0.000243 11111111
32 2 4 96 0.000517 11111111
32 2 4 97 0.000606 11111111
32 2 4 98 0.000826 11111111
32 2 4 99 0.000603 11111111
32 2 8 0 0.000305 0000
32 2 8 1 0.000293 0000
32 2 8 2 0.000326 2222
32 2 8 3 0.000323 0000
32 2 8 4 0.000337 1111
32 2 8 5 0.000285 0000
32 2 8 6 0.000404 1111
32 2 8 7 0.000153 0000
32 2 8 8 0.000265 1111
32 2 8 9 0.000273 2222
32 2 8 10 0.000271 0000
32 2 8 11 0.000385 2222
32 2 8 12 0.000246 0000
32 2 8 13 0.000415 1111
32 2 8 14 0.000321 1111
32 2 8 15 0.000353 1111
32 2 8 16 0.000382 1111
32 2 8 17 0.000334 2222
32 2 8 18 0.000271 1111
32 2 8 19 0.000445 2222
32 2 8 20 0.000257 0000
32 2 8 21 0.000352 1111
32 2 8 22 0.000408 2222
32 2 8 23 0.000355 1111
32 2 8 24 0.000330 1111
32 2 8 25 0.000251 0000
32 2 8 26 0.000332 1111
32 2 8 27 0.000173 2222
32 2 8 28 0.000398 2222
32 2 8 29 0.000482 2222
32 2 8 30 0.000301 1111
32 2 8 31 0.000311 1111
32 2 8 32 0.000254 2222
32 2 8 33 0.000195 2222
32 2 8 34 0.000336 1111
32 2 8 35 0.000302 2222
32 2 8 36 0.000336 1111
32 2 8 37 0.000211 2222
32 2 8 38 0.000298 1111
32 2 8 39 0.000144 0000
32 2 8 40 0.000250 1111
32 2 8 41 0.000280 2222
32 2 8 42 0.000323 1111
32 2 8 43 0.000342 1111
32 2 8 44 0.000322 0000
32 2 8 45 0.000412 2222
32 2 8 46 0.000322 1111
32 2 8 47 0.000300 2222
32 2 8 48 0.000176 2222
32 2 8 49 0.000295 2222
32 2 8 50 0.000408 0000
32 2 8 51 0.000259 1111
32 2 8 52 0.000201 2222
32 2 8 53 0.000273 1111
32 2 8 54 0.000220 1111
32 2 8 55 0.000234 0000
32 2 8 56 0.000304 1111
32 2 8 57 0.000458 1111
32 2 8 58 0.000410 1111
32 2 8 59 0.000263 0000
32 2 8 60 0.000359 2222
32 2 8 61 0.000312 1111
32 2 8 62 0.000299 0000
32 2 8 63 0.000228 1111
32 2 8 64 0.000267 2222
32 2 8 65 0.000363 0000
32 2 8 66 0.000322 1111
32 2 8 67 0.000319 2222
32 2 8 68 0.000203 2222
32 2 8 69 0.000252 1111
32 2 8 70 0.000237 0000
32 2 8 71 0.000320 1111
32 2 8 72 0.000290 1111
32 2 8 73 0.000365 2222
32 2 8 74 0.000326 1111
32 2 8 75 0.000286 1111
32 2 8 76 0.000323 1111
32 2 8 77 0.000368 1111
32 2 8 78 0.000264 2222
32 2 8 79 0.000277 1111
32 2 8 80 0.000207 1111
32 2 8 81 0.000354 0000
32 2 8 82 0.000347 1111
32 2 8 83 0.000278 0000
32 2 8 84 0.000362 1111
32 2 8 85 0.000299 1111
32 2 8 86 0.000302 1111
32 2 8 87 0.000246 1111
32 2 8 88 0.000260 0000
32 2 8 89 0.000309 1111
32 2 8 90 0.000354 2222
32 2 8 91 0.000400 1111
32 2 8 92 0.000232 1111
32 2 8 93 0.000283 0000
32 2 8 94 0.000235 1111
32 2 8 95 0.000137 1111
32 2 8 96 0.000295 1111
32 2 8 97 0.000311 1111
32 2 8 98 0.000470 1111
32 2 8 99 0.000332 1111
32 2 16 0 0.000196 00
32 2 16 1 0.000167 00
32 2 16 2 0.000188 22
32 2 16 3 0.000189 00
32 2 16 4 0.000202 11
32 2 16 5 0.000175 00
32 2 16 6 0.000232 11
32 2 16 7 0.000096 00
32 2 16 8 0.000184 11
32 2 16 9 0.000172 22
32 2 16 10 0.000173 00
32 2 16 11 0.000241 22
32 2 16 12 0.000151 00
32 2 16 13 0.000247 11
32 2 16 14 0.000197 11
32 2 16 15 0.000220 11
32 2 16 16 0.000245 11
32 2 16 17 0.000219 22
32 2 16 18 0.000178 11
32 2 16 19 0.000280 22
32 2 16 20 0.000160 00
32 2 16 21 0.000212 11
32 2 16 22 0.000241 22
32 2 16 23 0.000213 11
32 2 16 24 0.000188 11
32 2 16 25 0.000163 00
32 2 16 26 0.000202 11
32 2 16 27 0.000119 22
32 2 16 28 0.000250 22
32 2 16 29 0.000282 22
32 2 16 30 0.000190 11
32 2 16 31 0.000207 11
32 2 16 32 0.000154 22
32 2 16 33 0.000124 22
32 2 16 34 0.000214 11
32 2 16 35 0.000180 22
32 2 16 36 0.000205 11
32 2 16 37 0.000138 22
32 2 16 38 0.000185 11
32 2 16 39 0.000093 00
32 2 16 40 0.000163 11
32 2 16 41 0.000173 22
32 2 16 42 0.000197 11
32 2 16 43 0.000211 11
32 2 16 44 0.000186 00
32 2 16 45 0.000248 22
32 2 16 46 0.000193 11
32 2 16 47 0.000179 22
32 2 16 48 0.000107 22
32 2 16 49 0.000181 22
32 2 16 50 0.000236 00
32 2 16 51 0.000164 11
32 2 16 52 0.000132 22
32 2 16 53 0.000165 11
32 2 16 54 0.000128 11
32 2 16 55 0.000137 00
32 2 16 56 0.000197 11
32 2 16 57 0.000265 11
32 2 16 58 0.000241 11
32 2 16 59 0.000150 00
32 2 16 60 0.000227 22
32 2 16 61 0.000197 11
32 2 16 62 0.000188 00
32 2 16 63 0.000140 11
32 2 16 64 0.000166 22
32 2 16 65 0.000235 00
32 2 16 66 0.000196 11
32 2 16 67 0.000201 22
32 2 16 68 0.000129 22
32 2 16 69 0.000158 11
32 2 16 70 0.000138 00
32 2 16 71 0.000179 11
32 2 16 72 0.000178 11
32 2 16 73 0.000236 22
32 2 16 74 0.000194 11
32 2 16 75 0.000172 11
32 2 16 76 0.000201 11
32 2 16 77 0.000222 11
32 2 16 78 0.000144 22
32 2 16 79 0.000169 11
32 2 16 80 0.000135 11
32 2 16 81 0.000225 00
32 2 16 82 0.000210 11
32 2 16 83 0.000158 00
32 2 16 84 0.000233 11
32 2 16 85 0.000200 11
32 2 16 86 0.000175 11
32 2 16 87 0.000144 11
32 2 16 88 0.000156 00
32 2 16 89 0.000185 11
32 2 16 90 0.000207 22
32 2 16 91 0.000241 11
32 2 16 92 0.000141 11
32 2 16 93 0.000160 00
32 2 16 94 0.000146 11
32 2 16 95 0.000084 11
32 2 16 96 0.000180 11
32 2 16 97 0.000209 11
32 2 16 98 0.000283 11
32 2 16 99 0.000212 11
32 2 32 0 0.000138 0
32 2 32 1 0.000113 0
32 2 32 2 0.000129 2
32 2 32 3 0.000129 0
32 2 32 4 0.000131 1
32 2 32 5 0.000120 0
32 2 32 6 0.000153 1
32 2 32 7 0.000064 0
32 2 32 8 0.000133 1
32 2 32 9 0.000127 2
32 2 32 10 0.000123 0
32 2 32 11 0.000157 2
32 2 32 12 0.000119 0
32 2 32 13 0.000144 1
32 2 32 14 0.000123 1
32 2 32 15 0.000150 1
32 2 32 16 0.000167 1
32 2 32 17 0.000154 2
32 2 32 18 0.000127 1
32 2 32 19 0.000198 2
32 2 32 20 0.000131 0
32 2 32 21 0.000139 1
32 2 32 22 0.000167 2
32 2 32 23 0.000139 1
32 2 32 24 0.000126 1
32 2 32 25 0.000112 0
32 2 32 26 0.000146 1
32 2 32 27 0.000085 2
32 2 32 28 0.000168 2
32 2 32 29 0.000187 2
32 2 32 30 0.000132 1
32 2 32 31 0.000141 1
32 2 32 32 0.000101 2
32 2 32 33 0.000090 2
32 2 32 34 0.000155 1
32 2 32 35 0.000123 2
32 2 32 36 0.000137 1
32 2 32 37 0.000104 2
32 2 32 38 0.000133 1
32 2 32 39 0.000070 0
32 2 32 40 0.000120 1
32 2 32 41 0.000114 2
32 2 32 42 0.000133 1
32 2 32 43 0.000138 1
32 2 32 44 0.000124 0
32 2 32 45 0.000188 2
32 2 32 46 0.000142 1
32 2 32 47 0.000135 2
32 2 32 48 0.000072 2
32 2 32 49 0.000140 2
32 2 32 50 0.000150 0
32 2 32 51 0.000108 1
32 2 32 52 0.000106 2
32 2 32 53 0.000123 1
32 2 32 54 0.000094 1
32 2 32 55 0.000088 0
32 2 32 56 0.000128 1
32 2 32 57 0.000171 1
32 2 32 58 0.000162 1
32 2 32 59 0.000102 0
32 2 32 60 0.000171 2
32 2 32 61 0.000126 1
32 2 32 62 0.000130 0
32 2 32 63 0.000111 1
32 2 32 64 0.000119 2
32 2 32 65 0.000153 0
32 2 32 66 0.000129 1
32 2 32 67 0.000138 2
32 2 32 68 0.000087 2
32 2 32 69 0.000121 1
32 2 32 70 0.000087 0
32 2 32 71 0.000131 1
32 2 32 72 0.000124 1
32 2 32 73 0.000157 2
32 2 32 74 0.000133 1
32 2 32 75 0.000108 1
32 2 32 76 0.000159 1
32 2 32 77 0.000149 1
32 2 32 78 0.000106 2
32 2 32 79 0.000121 1
32 2 32 80 0.000097 1
32 2 32 81 0.000151 0
32 2 32 82 0.000141 1
32 2 32 83 0.000109 0
32 2 32 84 0.000163 1
32 2 32 85 0.000122 1
32 2 32 86 0.000115 1
32 2 32 87 0.000097 1
32 2 32 88 0.000108 0
32 2 32 89 0.000124 1
32 2 32 90 0.000136 2
32 2 32 91 0.000154 1
32 2 32 92 0.000092 1
32 2 32 93 0.000108 0
32 2 32 94 0.000118 1
32 2 32 95 0.000068 1
32 2 32 96 0.000137 1
32 2 32 97 0.000133 1
32 2 32 98 0.000184 1
32 2 32 99 0.000160 1
32 4 8 0 0.000739 0000
32 4 8 1 0.000656 0000
32 4 8 2 0.000814 2222
32 4 8 3 0.000761 0000
32 4 8 4 0.000857 1111
32 4 8 5 0.000586 0000
32 4 8 6 0.000985 1111
32 4 8 7 0.000277 0000
32 4 8 8 0.000483 1111
32 4 8 9 0.000568 2222
32 4 8 10 0.000631 0000
32 4 8 11 0.001050 2222
32 4 8 12 0.000469 0000
32 4 8 13 0.001155 1111
32 4 8 14 0.000792 1111
32 4 8 15 0.000811 1111
32 4 8 16 0.000962 1111
32 4 8 17 0.000827 2222
32 4 8 18 0.000644 1111
32 4 8 19 0.001100 2222
32 4 8 20 0.000596 0000
32 4 8 21 0.000814 1111
32 4 8 22 0.001017 2222
32 4 8 23 0.000809 1111
32 4 8 24 0.000590 1111
32 4 8 25 0.000566 0000
32 4 8 26 0.000770 1111
32 4 8 27 0.000386 2222
32 4 8 28 0.000985 2222
32 4 8 29 0.001264 2222
32 4 8 30 0.000655 1111
32 4 8 31 0.000645 1111
32 4 8 32 0.000581 2222
32 4 8 33 0.000466 2222
32 4 8 34 0.000872 1111
32 4 8 35 0.000724 2222
32 4 8 36 0.000841 1111
32 4 8 37 0.000499 2222
32 4 8 38 0.000752 1111
32 4 8 39 0.000339 0000
32 4 8 40 0.000608 1111
32 4 8 41 0.000677 2222
32 4 8 42 0.000824 1111
32 4 8 43 0.000722 1111
32 4 8 44 0.000726 0000
32 4 8 45 0.000998 2222
32 4 8 46 0.000818 1111
32 4 8 47 0.000597 2222
32 4 8 48 0.000347 2222
32 4 8 49 0.000766 2222
32 4 8 50 0.000989 0000
32 4 8 51 0.000611 1111
32 4 8 52 0.000430 2222
32 4 8 53 0.000630 1111
32 4 8 54 0.000484 1111
32 4 8 55 0.000483 0000
32 4 8 56 0.000809 1111
32 4 8 57 0.001191 1111
32 4 8 58 0.001021 1111
32 4 8 59 0.000599 0000
32 4 8 60 0.000961 2222
32 4 8 61 0.000833 1111
32 4 8 62 0.000704 0000
32 4 8 63 0.000503 1111
32 4 8 64 0.000644 2222
32 4 8 65 0.000951 0000
32 4 8 66 0.000749 1111
32 4 8 67 0.000661 2222
32 4 8 68 0.000439 2222
32 4 8 69 0.000545 1111
32 4 8 70 0.000552 0000
32 4 8 71 0.000662 1111
32 4 8 72 0.000662 1111
32 4 8 73 0.000926 2222
32 4 8 74 0.000825 1111
32 4 8 75 0.000699 1111
32 4 8 76 0.000736 1111
32 4 8 77 0.000820 1111
32 4 8 78 0.000570 2222
32 4 8 79 0.000652 1111
32 4 8 80 0.000440 1111
32 4 8 81 0.000866 0000
32 4 8 82 0.000819 1111
32 4 8 83 0.000545 0000
32 4 8 84 0.000995 2222
32 4 8 85 0.000742 1111
32 4 8 86 0.000613 1111
32 4 8 87 0.000465 1111
32 4 8 88 0.000587 0000
32 4 8 89 0.000624 1111
32 4 8 90 0.000862 2222
32 4 8 91 0.001054 1111
32 4 8 92 0.000460 1111
32 4 8 93 0.000631 0000
32 4 8 94 0.000590 1111
32 4 8 95 0.000288 1111
32 4 8 96 0.000630 1111
32 4 8 97 0.000815 1111
32 4 8 98 0.001281 1111
32 4 8 99 0.000739 1111
32 4 16 0 0.000483 00
32 4 16 1 0.000385 00
32 4 16 2 0.000463 22
32 4 16 3 0.000461 00
32 4 16 4 0.000496 11
32 4 16 5 0.000364 00
32 4 16 6 0.000562 11
32 4 16 7 0.000163 00
32 4 16 8 0.000317 11
32 4 16 9 0.000365 22
32 4 16 10 0.000429 00
32 4 16 11 0.000672 22
32 4 16 12 0.000306 00
32 4 16 13 0.000688 11
32 4 16 14 0.000482 11
32 4 16 15 0.000501 11
32 4 16 16 0.000631 11
32 4 16 17 0.000509 22
32 4 16 18 0.000404 11
32 4 16 19 0.000695 22
32 4 16 20 0.000407 00
32 4 16 21 0.000545 11
32 4 16 22 0.000612 22
32 4 16 23 0.000453 11
32 4 16 24 0.000345 11
32 4 16 25 0.000358 00
32 4 16 26 0.000489 11
32 4 16 27 0.000266 22
32 4 16 28 0.000648 22
32 4 16 29 0.000787 22
32 4 16 30 0.000472 11
32 4 16 31 0.000420 11
32 4 16 32 0.000335 22
32 4 16 33 0.000292 22
32 4 16 34 0.000556 11
32 4 16 35 0.000417 22
32 4 16 36 0.000504 11
32 4 16 37 0.000320 22
32 4 16 38 0.000475 11
32 4 16 39 0.000206 00
32 4 16 40 0.000408 11
32 4 16 41 0.000437 22
32 4 16 42 0.000496 11
32 4 16 43 0.000472 11
32 4 16 44 0.000452 00
32 4 16 45 0.000629 22
32 4 16 46 0.000524 11
32 4 16 47 0.000361 22
32 4 16 48 0.000210 22
32 4 16 49 0.000476 22
32 4 16 50 0.000608 00
32 4 16 51 0.000403 11
32 4 16 52 0.000300 22
32 4 16 53 0.000378 11
32 4 16 54 0.000306 11
32 4 16 55 0.000280 00
32 4 16 56 0.000498 11
32 4 16 57 0.000677 11
32 4 16 58 0.000623 11
32 4 16 59 0.000332 00
32 4 16 60 0.000638 22
32 4 16 61 0.000521 11
32 4 16 62 0.000458 00
32 4 16 63 0.000338 11
32 4 16 64 0.000413 22
32 4 16 65 0.000579 00
32 4 16 66 0.000471 11
32 4 16 67 0.000449 22
32 4 16 68 0.000268 22
32 4 16 69 0.000342 11
32 4 16 70 0.000335 00
32 4 16 71 0.000440 11
32 4 16 72 0.000435 11
32 4 16 73 0.000600 22
32 4 16 74 0.000487 11
32 4 16 75 0.000426 11
32 4 16 76 0.000465 11
32 4 16 77 0.000514 11
32 4 16 78 0.000349 22
32 4 16 79 0.000382 11
32 4 16 80 0.000293 11
32 4 16 81 0.000572 00
32 4 16 82 0.000530 11
32 4 16 83 0.000320 00
32 4 16 84 0.000599 22
32 4 16 85 0.000465 11
32 4 16 86 0.000372 11
32 4 16 87 0.000288 11
32 4 16 88 0.000332 00
32 4 16 89 0.000385 11
32 4 16 90 0.000511 22
32 4 16 91 0.000668 11
32 4 16 92 0.000304 11
32 4 16 93 0.000345 00
32 4 16 94 0.000355 11
32 4 16 95 0.000157 11
32 4 16 96 0.000422 11
32 4 16 97 0.000529 11
32 4 16 98 0.000818 11
32 4 16 99 0.000501 11
32 4 32 0 0.000351 0
32 4 32 1 0.000293 0
32 4 32 2 0.000337 2
32 4 32 3 0.000322 0
32 4 32 4 0.000320 1
32 4 32 5 0.000270 0
32 4 32 6 0.000378 1
32 4 32 7 0.000107 0
32 4 32 8 0.000223 1
32 4 32 9 0.000282 2
32 4 32 10 0.000328 0
32 4 32 11 0.000479 2
32 4 32 12 0.000250 0
32 4 32 13 0.000416 1
32 4 32 14 0.000310 1
32 4 32 15 0.000378 1
32 4 32 16 0.000451 1
32 4 32 17 0.000381 2
32 4 32 18 0.000312 1
32 4 32 19 0.000528 2
32 4 32 20 0.000314 0
32 4 32 21 0.000358 1
32 4 32 22 0.000478 2
32 4 32 23 0.000317 1
32 4 32 24 0.000247 1
32 4 32 25 0.000267 0
32 4 32 26 0.000353 1
32 4 32 27 0.000204 2
32 4 32 28 0.000450 2
32 4 32 29 0.000526 2
32 4 32 30 0.000312 1
32 4 32 31 0.000330 1
32 4 32 32 0.000214 2
32 4 32 33 0.000208 2
32 4 32 34 0.000435 1
32 4 32 35 0.000288 2
32 4 32 36 0.000343 1
32 4 32 37 0.000246 2
32 4 32 38 0.000352 1
32 4 32 39 0.000166 0
32 4 32 40 0.000284 1
32 4 32 41 0.000280 2
32 4 32 42 0.000337 1
32 4 32 43 0.000308 1
32 4 32 44 0.000319 0
32 4 32 45 0.000506 2
32 4 32 46 0.000403 1
32 4 32 47 0.000295 2
32 4 32 48 0.000143 2
32 4 32 49 0.000396 2
32 4 32 50 0.000383 0
32 4 32 51 0.000263 1
32 4 32 52 0.000239 2
32 4 32 53 0.000280 1
32 4 32 54 0.000238 1
32 4 32 55 0.000164 0
32 4 32 56 0.000364 1
32 4 32 57 0.000424 1
32 4 32 58 0.000455 1
32 4 32 59 0.000241 0
32 4 32 60 0.000486 2
32 4 32 61 0.000352 1
32 4 32 62 0.000342 0
32 4 32 63 0.000237 1
32 4 32 64 0.000343 2
32 4 32 65 0.000379 0
32 4 32 66 0.000324 1
32 4 32 67 0.000316 2
32 4 32 68 0.000183 2
32 4 32 69 0.000268 1
32 4 32 70 0.000225 0
32 4 32 71 0.000306 1
32 4 32 72 0.000296 1
32 4 32 73 0.000424 2
32 4 32 74 0.000353 1
32 4 32 75 0.000285 1
32 4 32 76 0.000371 1
32 4 32 77 0.000360 1
32 4 32 78 0.000257 2
32 4 32 79 0.000322 1
32 4 32 80 0.000221 1
32 4 32 81 0.000379 0
32 4 32 82 0.000380 1
32 4 32 83 0.000218 0
32 4 32 84 0.000477 2
32 4 32 85 0.000314 1
32 4 32 86 0.000252 1
32 4 32 87 0.000221 1
32 4 32 88 0.000250 0
32 4 32 89 0.000283 1
32 4 32 90 0.000367 2
32 4 32 91 0.000458 1
32 4 32 92 0.000217 1
32 4 32 93 0.000250 0
32 4 32 94 0.000298 1
32 4 32 95 0.000124 1
32 4 32 96 0.000337 1
32 4 32 97 0.000364 1
32 4 32 98 0.000540 1
32 4 32 99 0.000371 1
32 8 16 0 0.000978 00
32 8 16 1 0.000903 00
32 8 16 2 0.001185 22
32 8 16 3 0.001178 00
32 8 16 4 0.001124 11
32 8 16 5 0.000812 00
32 8 16 6 0.001248 11
32 8 16 7 0.000365 00
32 8 16 8 0.000696 11
32 8 16 9 0.000934 22
32 8 16 10 0.001059 00
32 8 16 11 0.001664 22
32 8 16 12 0.000692 00
32 8 16 13 0.001666 11
32 8 16 14 0.001023 11
32 8 16 15 0.001282 11
32 8 16 16 0.001505 11
32 8 16 17 0.001311 22
32 8 16 18 0.000948 11
32 8 16 19 0.001888 22
32 8 16 20 0.000998 00
32 8 16 21 0.001307 11
32 8 16 22 0.001597 22
32 8 16 23 0.001206 11
32 8 16 24 0.000863 11
32 8 16 25 0.000767 00
32 8 16 26 0.001108 11
32 8 16 27 0.000454 22
32 8 16 28 0.001579 22
32 8 16 29 0.002095 22
32 8 16 30 0.000843 11
32 8 16 31 0.001046 11
32 8 16 32 0.000606 22
32 8 16 33 0.000579 22
32 8 16 34 0.001447 11
32 8 16 35 0.000932 22
32 8 16 36 0.001216 11
32 8 16 37 0.000762 22
32 8 16 38 0.001261 11
32 8 16 39 0.000397 00
32 8 16 40 0.000771 11
32 8 16 41 0.001040 22
32 8 16 42 0.001178 11
32 8 16 43 0.001115 11
32 8 16 44 0.000980 00
32 8 16 45 0.001489 22
32 8 16 46 0.001131 11
32 8 16 47 0.000910 22
32 8 16 48 0.000357 22
32 8 16 49 0.001138 22
32 8 16 50 0.001566 00
32 8 16 51 0.000789 11
32 8 16 52 0.000662 22
32 8 16 53 0.000929 11
32 8 16 54 0.000730 11
32 8 16 55 0.000466 00
32 8 16 56 0.001273 11
32 8 16 57 0.001797 11
32 8 16 58 0.001527 11
32 8 16 59 0.000714 00
32 8 16 60 0.001646 22
32 8 16 61 0.001092 11
32 8 16 62 0.000989 00
32 8 16 63 0.000635 11
32 8 16 64 0.000975 22
32 8 16 65 0.001333 00
32 8 16 66 0.001147 11
32 8 16 67 0.001037 22
32 8 16 68 0.000525 22
32 8 16 69 0.000545 11
32 8 16 70 0.000750 00
32 8 16 71 0.000981 11
32 8 16 72 0.000851 11
32 8 16 73 0.001514 22
32 8 16 74 0.000911 11
32 8 16 75 0.000932 11
32 8 16 76 0.001205 11
32 8 16 77 0.001279 11
32 8 16 78 0.000742 22
32 8 16 79 0.001118 11
32 8 16 80 0.000648 11
32 8 16 81 0.001281 00
32 8 16 82 0.001055 11
32 8 16 83 0.000724 00
32 8 16 84 0.001572 22
32 8 16 85 0.001161 11
32 8 16 86 0.000868 11
32 8 16 87 0.000628 11
32 8 16 88 0.000763 00
32 8 16 89 0.000862 11
32 8 16 90 0.001197 22
32 8 16 91 0.001694 11
32 8 16 92 0.000583 11
32 8 16 93 0.000752 00
32 8 16 94 0.000967 11
32 8 16 95 0.000347 11
32 8 16 96 0.000928 11
32 8 16 97 0.001056 11
32 8 16 98 0.001885 11
32 8 16 99 0.001033 11
32 8 32 0 0.000795 0
32 8 32 1 0.000712 0
32 8 32 2 0.001025 2
32 8 32 3 0.000955 0
32 8 32 4 0.000814 1
32 8 32 5 0.000662 0
32 8 32 6 0.001028 1
32 8 32 7 0.000292 0
32 8 32 8 0.000566 1
32 8 32 9 0.000773 2
32 8 32 10 0.000886 0
32 8 32 11 0.001415 2
32 8 32 12 0.000619 0
32 8 32 13 0.001207 1
32 8 32 14 0.000832 1
32 8 32 15 0.001078 1
32 8 32 16 0.001255 1
32 8 32 17 0.001091 2
32 8 32 18 0.000799 1
32 8 32 19 0.001550 2
32 8 32 20 0.000807 0
32 8 32 21 0.001013 1
32 8 32 22 0.001347 2
32 8 32 23 0.000956 1
32 8 32 24 0.000662 1
32 8 32 25 0.000633 0
32 8 32 26 0.000898 1
32 8 32 27 0.000357 2
32 8 32 28 0.001221 2
32 8 32 29 0.001788 2
32 8 32 30 0.000708 1
32 8 32 31 0.000849 1
32 8 32 32 0.000441 2
32 8 32 33 0.000518 2
32 8 32 34 0.001282 1
32 8 32 35 0.000707 2
32 8 32 36 0.000992 1
32 8 32 37 0.000665 2
32 8 32 38 0.000956 1
32 8 32 39 0.000315 0
32 8 32 40 0.000645 1
32 8 32 41 0.000810 2
32 8 32 42 0.000891 1
32 8 32 43 0.000902 1
32 8 32 44 0.000748 0
32 8 32 45 0.001305 2
32 8 32 46 0.001030 1
32 8 32 47 0.000729 2
32 8 32 48 0.000285 2
32 8 32 49 0.001073 2
32 8 32 50 0.001125 0
32 8 32 51 0.000652 1
32 8 32 52 0.000548 2
32 8 32 53 0.000725 1
32 8 32 54 0.000610 1
32 8 32 55 0.000309 0
32 8 32 56 0.001102 1
32 8 32 57 0.001355 1
32 8 32 58 0.001185 1
32 8 32 59 0.000579 0
32 8 32 60 0.001328 2
32 8 32 61 0.000883 1
32 8 32 62 0.000849 0
32 8 32 63 0.000548 1
32 8 32 64 0.000846 2
32 8 32 65 0.000941 0
32 8 32 66 0.000866 1
32 8 32 67 0.000762 2
32 8 32 68 0.000436 2
32 8 32 69 0.000465 1
32 8 32 70 0.000566 0
32 8 32 71 0.000816 1
32 8 32 72 0.000667 1
32 8 32 73 0.001249 2
32 8 32 74 0.000764 1
32 8 32 75 0.000662 1
32 8 32 76 0.001020 1
32 8 32 77 0.000916 1
32 8 32 78 0.000626 2
32 8 32 79 0.000824 1
32 8 32 80 0.000595 1
32 8 32 81 0.000920 0
32 8 32 82 0.000920 1
32 8 32 83 0.000580 0
32 8 32 84 0.001418 2
32 8 32 85 0.000896 1
32 8 32 86 0.000626 1
32 8 32 87 0.000550 1
32 8 32 88 0.000634 0
32 8 32 89 0.000757 1
32 8 32 90 0.000964 2
32 8 32 91 0.001191 1
32 8 32 92 0.000455 1
32 8 32 93 0.000532 0
32 8 32 94 0.000849 1
32 8 32 95 0.000296 1
32 8 32 96 0.000816 1
32 8 32 97 0.000906 1
32 8 32 98 0.001452 1
32 8 32 99 0.000897 1
64 2 4 0 0.001818 2222222222222222
64 2 4 1 0.002875 0000000000000000
64 2 4 2 0.002690 1111111111111111
64 2 4 3 0.001579 1111111111111111
64 2 4 4 0.002416 1111111111111111
64 2 4 5 0.002262 1111111111111111
64 2 4 6 0.002091 1111111111111111
64 2 4 7 0.001782 1111111111111111
64 2 4 8 0.002016 1111111111111111
64 2 4 9 0.002225 0000000000000000
64 2 4 10 0.001711 0000000000000000
64 2 4 11 0.001601 1111111111111111
64 2 4 12 0.002261 0000000000000000
64 2 4 13 0.002050 1111111111111111
64 2 4 14 0.001842 1111111111111111
64 2 4 15 0.001549 1111111111111111
64 2 4 16 0.002292 2222222222222222
64 2 4 17 0.002053 1111111111111111
64 2 4 18 0.002214 2222222222222222
64 2 4 19 0.002704 2222222222222222
64 2 4 20 0.002237 1111111111111111
64 2 4 21 0.002117 1111111111111111
64 2 4 22 0.002410 0000000000000000
64 2 4 23 0.001678 0000000000000000
64 2 4 24 0.001895 0000000000000000
64 2 4 25 0.001937 1111111111111111
64 2 4 26 0.002427 1111111111111111
64 2 4 27 0.002606 1111111111111111
64 2 4 28 0.001912 1111111111111111
64 2 4 29 0.002270 0000000000000000
64 2 4 30 0.002229 0000000000000000
64 2 4 31 0.003010 1111111111111111
64 2 4 32 0.001976 0000000000000000
64 2 4 33 0.001632 0000000000000000
64 2 4 34 0.002019 1111111111111111
64 2 4 35 0.001654 1111111111111111
64 2 4 36 0.002213 0000000000000000
64 2 4 37 0.002352 1111111111111111
64 2 4 38 0.002400 1111111111111111
64 2 4 39 0.002610 1111111111111111
64 2 4 40 0.002044 2222222222222222
64 2 4 41 0.002240 0000000000000000
64 2 4 42 0.002252 1111111111111111
64 2 4 43 0.002133 1111111111111111
64 2 4 44 0.002211 1111111111111111
64 2 4 45 0.002404 0000000000000000
64 2 4 46 0.002044 1111111111111111
64 2 4 47 0.002105 1111111111111111
64 2 4 48 0.002300 0000000000000000
64 2 4 49 0.002089 1111111111111111
64 2 4 50 0.002450 0000000000000000
64 2 4 51 0.001755 0000000000000000
64 2 4 52 0.002340 1111111111111111
64 2 4 53 0.002115 1111111111111111
64 2 4 54 0.002423 1111111111111111
64 2 4 55 0.002521 2222222222222222
64 2 4 56 0.001694 1111111111111111
64 2 4 57 0.002008 1111111111111111
64 2 4 58 0.001990 1111111111111111
64 2 4 59 0.002143 0000000000000000
64 2 4 60 0.001916 1111111111111111
64 2 4 61 0.002699 1111111111111111
64 2 4 62 0.002391 1111111111111111
64 2 4 63 0.002527 2222222222222222
64 2 4 64 0.001801 0000000000000000
64 2 4 65 0.002074 2222222222222222
64 2 4 66 0.001984 0000000000000000
64 2 4 67 0.002603 0000000000000000
64 2 4 68 0.002248 1111111111111111
64 2 4 69 0.001957 1111111111111111
64 2 4 70 0.001839 2222222222222222
64 2 4 71 0.002549 0000000000000000
64 2 4 72 0.002190 0000000000000000
64 2 4 73 0.001927 1111111111111111
64 2 4 74 0.002298 0000000000000000
64 2 4 75 0.001967 1111111111111111
64 2 4 76 0.002965 1111111111111111
64 2 4 77 0.002323 1111111111111111
64 2 4 78 0.002452 2222222222222222
64 2 4 79 0.001715 2222222222222222
64 2 4 80 0.001991 0000000000000000
64 2 4 81 0.002403 0000000000000000
64 2 4 82 0.002603 2222222222222222
64 2 4 83 0.002270 0000000000000000
64 2 4 84 0.002124 1111111111111111
64 2 4 85 0.002238 1111111111111111
64 2 4 86 0.002409 2222222222222222
64 2 4 87 0.002288 2222222222222222
64 2 4 88 0.001698 1111111111111111
64 2 4 89 0.001852 1111111111111111
64 2 4 90 0.002181 1111111111111111
64 2 4 91 0.002117 2222222222222222
64 2 4 92 0.002739 0000000000000000
64 2 4 93 0.002047 2222222222222222
64 2 4 94 0.002414 1111111111111111
64 2 4 95 0.002093 0000000000000000
64 2 4 96 0.002518 1111111111111111
64 2 4 97 0.001798 0000000000000000
64 2 4 98 0.002368 0000000000000000
64 2 4 99 0.001820 2222222222222222
64 2 8 0 0.000936 22222222
64 2 8 1 0.001527 00000000
64 2 8 2 0.001391 11111111
64 2 8 3 0.000858 11111111
64 2 8 4 0.001243 11111111
64 2 8 5 0.001200 11111111
64 2 8 6 0.001102 11111111
64 2 8 7 0.000914 11111111
64 2 8 8 0.001020 11111111
64 2 8 9 0.001172 00000000
64 2 8 10 0.000891 00000000
64 2 8 11 0.000863 11111111
64 2 8 12 0.001200 00000000
64 2 8 13 0.001128 11111111
64 2 8 14 0.001002 11111111
64 2 8 15 0.000800 11111111
64 2 8 16 0.001158 22222222
64 2 8 17 0.001083 11111111
64 2 8 18 0.001159 22222222
64 2 8 19 0.001449 22222222
64 2 8 20 0.001184 11111111
64 2 8 21 0.001117 11111111
64 2 8 22 0.001300 00000000
64 2 8 23 0.000909 00000000
64 2 8 24 0.001022 00000000
64 2 8 25 0.001034 11111111
64 2 8 26 0.001256 11111111
64 2 8 27 0.001461 11111111
64 2 8 28 0.001036 11111111
64 2 8 29 0.001191 00000000
64 2 8 30 0.001180 00000000
64 2 8 31 0.001593 11111111
64 2 8 32 0.001032 00000000
64 2 8 33 0.000874 00000000
64 2 8 34 0.001089 11111111
64 2 8 35 0.000873 11111111
64 2 8 36 0.001236 00000000
64 2 8 37 0.001270 11111111
64 2 8 38 0.001266 11111111
64 2 8 39 0.001399 11111111
64 2 8 40 0.001055 22222222
64 2 8 41 0.001183 00000000
64 2 8 42 0.001186 11111111
64 2 8 43 0.001130 11111111
64 2 8 44 0.001154 11111111
64 2 8 45 0.001258 00000000
64 2 8 46 0.001039 11111111
64 2 8 47 0.001144 11111111
64 2 8 48 0.001229 00000000
64 2 8 49 0.001131 11111111
64 2 8 50 0.001282 00000000
64 2 8 51 0.000936 00000000
64 2 8 52 0.001258 11111111
64 2 8 53 0.001165 11111111
64 2 8 54 0.001285 11111111
64 2 8 55 0.001464 22222222
64 2 8 56 0.000900 11111111
64 2 8 57 0.001030 11111111
64 2 8 58 0.001075 11111111
64 2 8 59 0.001167 00000000
64 2 8 60 0.001015 11111111
64 2 8 61 0.001384 11111111
64 2 8 62 0.001229 11111111
64 2 8 63 0.001279 22222222
64 2 8 64 0.000931 00000000
64 2 8 65 0.000865 22222222
64 2 8 66 0.001052 00000000
64 2 8 67 0.001404 00000000
64 2 8 68 0.001562 11111111
64 2 8 69 0.001041 11111111
64 2 8 70 0.000919 22222222
64 2 8 71 0.001364 00000000
64 2 8 72 0.001161 00000000
64 2 8 73 0.001035 11111111
64 2 8 74 0.001230 00000000
64 2 8 75 0.001043 11111111
64 2 8 76 0.001607 11111111
64 2 8 77 0.001207 11111111
64 2 8 78 0.001288 22222222
64 2 8 79 0.000897 22222222
64 2 8 80 0.000984 00000000
64 2 8 81 0.001265 00000000
64 2 8 82 0.001431 22222222
64 2 8 83 0.001185 00000000
64 2 8 84 0.001131 11111111
64 2 8 85 0.001121 11111111
64 2 8 86 0.001307 22222222
64 2 8 87 0.001174 22222222
64 2 8 88 0.000893 11111111
64 2 8 89 0.000974 11111111
64 2 8 90 0.001155 11111111
64 2 8 91 0.001146 22222222
64 2 8 92 0.001420 00000000
64 2 8 93 0.001067 22222222
64 2 8 94 0.001272 11111111
64 2 8 95 0.001109 00000000
64 2 8 96 0.001335 11111111
64 2 8 97 0.000900 00000000
64 2 8 98 0.001247 00000000
64 2 8 99 0.000955 22222222
64 2 16 0 0.000522 2222
64 2 16 1 0.000846 0000
64 2 16 2 0.000804 1111
64 2 16 3 0.000493 1111
64 2 16 4 0.000688 1111
64 2 16 5 0.000702 1111
64 2 16 6 0.000585 1111
64 2 16 7 0.000517 1111
64 2 16 8 0.000597 1111
64 2 16 9 0.000667 0000
64 2 16 10 0.000501 0000
64 2 16 11 0.000498 1111
64 2 16 12 0.000654 0000
64 2 16 13 0.000624 1111
64 2 16 14 0.000530 1111
64 2 16 15 0.000465 1111
64 2 16 16 0.000615 2222
64 2 16 17 0.000624 1111
64 2 16 18 0.000644 2222
64 2 16 19 0.000839 2222
64 2 16 20 0.000660 1111
64 2 16 21 0.000633 1111
64 2 16 22 0.000723 0000
64 2 16 23 0.000491 0000
64 2 16 24 0.000560 0000
64 2 16 25 0.000576 1111
64 2 16 26 0.000749 1111
64 2 16 27 0.000773 1111
64 2 16 28 0.000582 1111
64 2 16 29 0.000657 0000
64 2 16 30 0.000662 0000
64 2 16 31 0.000872 1111
64 2 16 32 0.000568 0000
64 2 16 33 0.000485 0000
64 2 16 34 0.000609 1111
64 2 16 35 0.000483 1111
64 2 16 36 0.000654 0000
64 2 16 37 0.000700 1111
64 2 16 38 0.000712 1111
64 2 16 39 0.000791 1111
64 2 16 40 0.000590 2222
64 2 16 41 0.000650 0000
64 2 16 42 0.000665 1111
64 2 16 43 0.000639 1111
64 2 16 44 0.000671 1111
64 2 16 45 0.000698 0000
64 2 16 46 0.000587 1111
64 2 16 47 0.000631 1111
64 2 16 48 0.000681 0000
64 2 16 49 0.000641 1111
64 2 16 50 0.000716 0000
64 2 16 51 0.000505 0000
64 2 16 52 0.000687 1111
64 2 16 53 0.000639 1111
64 2 16 54 0.000725 1111
64 2 16 55 0.000758 2222
64 2 16 56 0.000506 1111
64 2 16 57 0.000566 1111
64 2 16 58 0.000604 1111
64 2 16 59 0.000668 0000
64 2 16 60 0.000572 1111
64 2 16 61 0.000763 1111
64 2 16 62 0.000702 1111
64 2 16 63 0.000712 2222
64 2 16 64 0.000522 0000
64 2 16 65 0.000494 2222
64 2 16 66 0.000601 0000
64 2 16 67 0.000771 0000
64 2 16 68 0.000750 1111
64 2 16 69 0.000567 1111
64 2 16 70 0.000506 2222
64 2 16 71 0.000777 0000
64 2 16 72 0.000670 0000
64 2 16 73 0.000570 1111
64 2 16 74 0.000698 0000
64 2 16 75 0.000579 1111
64 2 16 76 0.000863 1111
64 2 16 77 0.000672 1111
64 2 16 78 0.000706 2222
64 2 16 79 0.000502 2222
64 2 16 80 0.000544 0000
64 2 16 81 0.000711 0000
64 2 16 82 0.000763 2222
64 2 16 83 0.000647 0000
64 2 16 84 0.000590 1111
64 2 16 85 0.000605 1111
64 2 16 86 0.000724 2222
64 2 16 87 0.000658 2222
64 2 16 88 0.000487 1111
64 2 16 89 0.000549 1111
64 2 16 90 0.000647 1111
64 2 16 91 0.000632 2222
64 2 16 92 0.000785 0000
64 2 16 93 0.000593 2222
64 2 16 94 0.000709 1111
64 2 16 95 0.000628 0000
64 2 16 96 0.000748 1111
64 2 16 97 0.000493 0000
64 2 16 98 0.000689 0000
64 2 16 99 0.000528 2222
64 2 32 0 0.000299 22
64 2 32 1 0.000494 00
64 2 32 2 0.000463 11
64 2 32 3 0.000297 11
64 2 32 4 0.000451 11
64 2 32 5 0.000427 11
64 2 32 6 0.000349 11
64 2 32 7 0.000326 11
64 2 32 8 0.000363 11
64 2 32 9 0.000397 00
64 2 32 10 0.000307 00
64 2 32 11 0.000317 11
64 2 32 12 0.000392 00
64 2 32 13 0.000379 11
64 2 32 14 0.000346 11
64 2 32 15 0.000297 11
64 2 32 16 0.000367 22
64 2 32 17 0.000385 11
64 2 32 18 0.000411 22
64 2 32 19 0.000501 22
64 2 32 20 0.000411 11
64 2 32 21 0.000400 11
64 2 32 22 0.000427 00
64 2 32 23 0.000311 00
64 2 32 24 0.000356 00
64 2 32 25 0.000366 11
64 2 32 26 0.000433 11
64 2 32 27 0.000461 11
64 2 32 28 0.000350 11
64 2 32 29 0.000391 00
64 2 32 30 0.000402 00
64 2 32 31 0.000513 11
64 2 32 32 0.000398 00
64 2 32 33 0.000298 00
64 2 32 34 0.000379 11
64 2 32 35 0.000302 11
64 2 32 36 0.000411 00
64 2 32 37 0.000428 11
64 2 32 38 0.000416 11
64 2 32 39 0.000494 11
64 2 32 40 0.000408 22
64 2 32 41 0.000411 00
64 2 32 42 0.000416 11
64 2 32 43 0.000393 11
64 2 32 44 0.000408 11
64 2 32 45 0.000395 00
64 2 32 46 0.000357 11
64 2 32 47 0.000395 11
64 2 32 48 0.000408 00
64 2 32 49 0.000391 11
64 2 32 50 0.000424 00
64 2 32 51 0.000316 00
64 2 32 52 0.000430 11
64 2 32 53 0.000384 11
64 2 32 54 0.000422 11
64 2 32 55 0.000456 22
64 2 32 56 0.000322 11
64 2 32 57 0.000334 11
64 2 32 58 0.000372 11
64 2 32 59 0.000408 00
64 2 32 60 0.000343 11
64 2 32 61 0.000461 11
64 2 32 62 0.000471 11
64 2 32 63 0.000457 22
64 2 32 64 0.000334 00
64 2 32 65 0.000308 22
64 2 32 66 0.000369 00
64 2 32 67 0.000490 00
64 2 32 68 0.000431 11
64 2 32 69 0.000352 11
64 2 32 70 0.000304 22
64 2 32 71 0.000471 00
64 2 32 72 0.000413 00
64 2 32 73 0.000341 11
64 2 32 74 0.000422 00
64 2 32 75 0.000355 11
64 2 32 76 0.000511 11
64 2 32 77 0.000426 11
64 2 32 78 0.000433 22
64 2 32 79 0.000312 22
64 2 32 80 0.000343 00
64 2 32 81 0.000408 00
64 2 32 82 0.000479 22
64 2 32 83 0.000369 00
64 2 32 84 0.000367 11
64 2 32 85 0.000376 11
64 2 32 86 0.000424 22
64 2 32 87 0.000379 22
64 2 32 88 0.000307 11
64 2 32 89 0.000336 11
64 2 32 90 0.000409 11
64 2 32 91 0.000388 22
64 2 32 92 0.000474 00
64 2 32 93 0.000389 22
64 2 32 94 0.000442 11
64 2 32 95 0.000381 00
64 2 32 96 0.000453 11
64 2 32 97 0.000314 00
64 2 32 98 0.000421 00
64 2 32 99 0.000323 22
64 4 8 0 0.002528 22222222
64 4 8 1 0.004415 00000000
64 4 8 2 0.003647 11111111
64 4 8 3 0.001860 11111111
64 4 8 4 0.003286 11111111
64 4 8 5 0.003324 11111111
64 4 8 6 0.003003 11111111
64 4 8 7 0.002483 11111111
64 4 8 8 0.002491 11111111
64 4 8 9 0.002960 00000000
64 4 8 10 0.002239 00000000
64 4 8 11 0.002111 11111111
64 4 8 12 0.003172 00000000
64 4 8 13 0.002760 11111111
64 4 8 14 0.002501 11111111
64 4 8 15 0.001999 11111111
64 4 8 16 0.003034 22222222
64 4 8 17 0.002891 11111111
64 4 8 18 0.003083 22222222
64 4 8 19 0.003847 22222222
64 4 8 20 0.002982 11111111
64 4 8 21 0.003073 11111111
64 4 8 22 0.003417 00000000
64 4 8 23 0.002194 00000000
64 4 8 24 0.002576 00000000
64 4 8 25 0.002803 11111111
64 4 8 26 0.003605 11111111
64 4 8 27 0.003186 11111111
64 4 8 28 0.002406 11111111
64 4 8 29 0.003131 00000000
64 4 8 30 0.002986 00000000
64 4 8 31 0.004434 11111111
64 4 8 32 0.002388 00000000
64 4 8 33 0.002100 00000000
64 4 8 34 0.002751 11111111
64 4 8 35 0.002016 11111111
64 4 8 36 0.002942 00000000
64 4 8 37 0.003217 11111111
64 4 8 38 0.003395 11111111
64 4 8 39 0.003688 11111111
64 4 8 40 0.002646 22222222
64 4 8 41 0.002988 00000000
64 4 8 42 0.002769 11111111
64 4 8 43 0.002916 11111111
64 4 8 44 0.003107 11111111
64 4 8 45 0.003473 00000000
64 4 8 46 0.002611 11111111
64 4 8 47 0.002681 11111111
64 4 8 48 0.003186 00000000
64 4 8 49 0.002913 11111111
64 4 8 50 0.003130 00000000
64 4 8 51 0.002229 00000000
64 4 8 52 0.003255 11111111
64 4 8 53 0.002896 11111111
64 4 8 54 0.003383 11111111
64 4 8 55 0.003713 22222222
64 4 8 56 0.002087 11111111
64 4 8 57 0.002781 11111111
64 4 8 58 0.002430 11111111
64 4 8 59 0.002911 00000000
64 4 8 60 0.002589 11111111
64 4 8 61 0.004018 11111111
64 4 8 62 0.003193 11111111
64 4 8 63 0.003467 22222222
64 4 8 64 0.002287 00000000
64 4 8 65 0.002083 22222222
64 4 8 66 0.002620 00000000
64 4 8 67 0.003393 00000000
64 4 8 68 0.003311 11111111
64 4 8 69 0.002619 11111111
64 4 8 70 0.002270 22222222
64 4 8 71 0.003358 00000000
64 4 8 72 0.003016 00000000
64 4 8 73 0.003069 11111111
64 4 8 74 0.003134 00000000
64 4 8 75 0.002517 11111111
64 4 8 76 0.004262 11111111
64 4 8 77 0.003251 11111111
64 4 8 78 0.003493 22222222
64 4 8 79 0.002328 22222222
64 4 8 80 0.002556 00000000
64 4 8 81 0.003294 00000000
64 4 8 82 0.003632 22222222
64 4 8 83 0.002869 00000000
64 4 8 84 0.002856 11111111
64 4 8 85 0.002890 11111111
64 4 8 86 0.003446 22222222
64 4 8 87 0.003170 22222222
64 4 8 88 0.001891 11111111
64 4 8 89 0.002287 11111111
64 4 8 90 0.003167 11111111
64 4 8 91 0.002672 22222222
64 4 8 92 0.003913 00000000
64 4 8 93 0.002675 22222222
64 4 8 94 0.003169 11111111
64 4 8 95 0.002531 00000000
64 4 8 96 0.003413 11111111
64 4 8 97 0.002148 00000000
64 4 8 98 0.003369 00000000
64 4 8 99 0.002147 22222222
64 4 16 0 0.001345 2222
64 4 16 1 0.002376 0000
64 4 16 2 0.002033 1111
64 4 16 3 0.001065 1111
64 4 16 4 0.001872 1111
64 4 16 5 0.001934 1111
64 4 16 6 0.001556 1111
64 4 16 7 0.001459 1111
64 4 16 8 0.001428 1111
64 4 16 9 0.001661 0000
64 4 16 10 0.001240 0000
64 4 16 11 0.001191 1111
64 4 16 12 0.001759 0000
64 4 16 13 0.001561 1111
64 4 16 14 0.001364 1111
64 4 16 15 0.001214 1111
64 4 16 16 0.001672 2222
64 4 16 17 0.001683 1111
64 4 16 18 0.001689 2222
64 4 16 19 0.002162 2222
64 4 16 20 0.001726 1111
64 4 16 21 0.001707 1111
64 4 16 22 0.001969 0000
64 4 16 23 0.001170 0000
64 4 16 24 0.001434 0000
64 4 16 25 0.001593 1111
64 4 16 26 0.001965 1111
64 4 16 27 0.001801 1111
64 4 16 28 0.001389 1111
64 4 16 29 0.001625 0000
64 4 16 30 0.001611 0000
64 4 16 31 0.002484 1111
64 4 16 32 0.001313 0000
64 4 16 33 0.001220 0000
64 4 16 34 0.001508 1111
64 4 16 35 0.001142 1111
64 4 16 36 0.001708 0000
64 4 16 37 0.001800 1111
64 4 16 38 0.001899 1111
64 4 16 39 0.002067 1111
64 4 16 40 0.001504 2222
64 4 16 41 0.001774 0000
64 4 16 42 0.001533 1111
64 4 16 43 0.001646 1111
64 4 16 44 0.001744 1111
64 4 16 45 0.001824 0000
64 4 16 46 0.001416 1111
64 4 16 47 0.001513 1111
64 4 16 48 0.001773 0000
64 4 16 49 0.001622 1111
64 4 16 50 0.001817 0000
64 4 16 51 0.001245 0000
64 4 16 52 0.001862 1111
64 4 16 53 0.001549 1111
64 4 16 54 0.001897 1111
64 4 16 55 0.002076 2222
64 4 16 56 0.001223 1111
64 4 16 57 0.001511 1111
64 4 16 58 0.001469 1111
64 4 16 59 0.001642 0000
64 4 16 60 0.001438 1111
64 4 16 61 0.002163 1111
64 4 16 62 0.001822 1111
64 4 16 63 0.001974 2222
64 4 16 64 0.001263 0000
64 4 16 65 0.001151 2222
64 4 16 66 0.001483 0000
64 4 16 67 0.001909 0000
64 4 16 68 0.001989 1111
64 4 16 69 0.001459 1111
64 4 16 70 0.001205 2222
64 4 16 71 0.001915 0000
64 4 16 72 0.001731 0000
64 4 16 73 0.001344 1111
64 4 16 74 0.001814 0000
64 4 16 75 0.001397 1111
64 4 16 76 0.002374 1111
64 4 16 77 0.001750 1111
64 4 16 78 0.001993 2222
64 4 16 79 0.001286 2222
64 4 16 80 0.001312 0000
64 4 16 81 0.001971 0000
64 4 16 82 0.002009 2222
64 4 16 83 0.001631 0000
64 4 16 84 0.001562 1111
64 4 16 85 0.001570 1111
64 4 16 86 0.001934 2222
64 4 16 87 0.001742 2222
64 4 16 88 0.001131 1111
64 4 16 89 0.001284 1111
64 4 16 90 0.001712 1111
64 4 16 91 0.001495 2222
64 4 16 92 0.002185 0000
64 4 16 93 0.001501 2222
64 4 16 94 0.001728 1111
64 4 16 95 0.001481 0000
64 4 16 96 0.001984 1111
64 4 16 97 0.001192 0000
64 4 16 98 0.001874 0000
64 4 16 99 0.001209 2222
64 4 32 0 0.000828 22
64 4 32 1 0.001438 00
64 4 32 2 0.001248 11
64 4 32 3 0.000681 11
64 4 32 4 0.001155 11
64 4 32 5 0.001210 11
64 4 32 6 0.000921 11
64 4 32 7 0.000895 11
64 4 32 8 0.000893 11
64 4 32 9 0.001001 00
64 4 32 10 0.000773 00
64 4 32 11 0.000719 11
64 4 32 12 0.001080 00
64 4 32 13 0.001073 11
64 4 32 14 0.000866 11
64 4 32 15 0.000754 11
64 4 32 16 0.000968 22
64 4 32 17 0.001050 11
64 4 32 18 0.001030 22
64 4 32 19 0.001360 22
64 4 32 20 0.001033 11
64 4 32 21 0.001092 11
64 4 32 22 0.001119 00
64 4 32 23 0.000781 00
64 4 32 24 0.000887 00
64 4 32 25 0.001011 11
64 4 32 26 0.001115 11
64 4 32 27 0.001124 11
64 4 32 28 0.000869 11
64 4 32 29 0.000989 00
64 4 32 30 0.001007 00
64 4 32 31 0.001410 11
64 4 32 32 0.000811 00
64 4 32 33 0.000703 00
64 4 32 34 0.000950 11
64 4 32 35 0.000778 11
64 4 32 36 0.001063 00
64 4 32 37 0.001163 11
64 4 32 38 0.001108 11
64 4 32 39 0.001329 11
64 4 32 40 0.000927 22
64 4 32 41 0.001055 00
64 4 32 42 0.001000 11
64 4 32 43 0.001108 11
64 4 32 44 0.001118 11
64 4 32 45 0.001022 00
64 4 32 46 0.000904 11
64 4 32 47 0.000963 11
64 4 32 48 0.001059 00
64 4 32 49 0.001056 11
64 4 32 50 0.001115 00
64 4 32 51 0.000757 00
64 4 32 52 0.001206 11
64 4 32 53 0.001027 11
64 4 32 54 0.001139 11
64 4 32 55 0.001286 22
64 4 32 56 0.000764 11
64 4 32 57 0.000886 11
64 4 32 58 0.000900 11
64 4 32 59 0.001058 00
64 4 32 60 0.000937 11
64 4 32 61 0.001289 11
64 4 32 62 0.001107 11
64 4 32 63 0.001225 22
64 4 32 64 0.000852 00
64 4 32 65 0.000766 22
64 4 32 66 0.000916 00
64 4 32 67 0.001246 00
64 4 32 68 0.001183 11
64 4 32 69 0.000906 11
64 4 32 70 0.000733 22
64 4 32 71 0.001268 00
64 4 32 72 0.001105 00
64 4 32 73 0.000812 11
64 4 32 74 0.001070 00
64 4 32 75 0.000874 11
64 4 32 76 0.001400 11
64 4 32 77 0.001148 11
64 4 32 78 0.001237 22
64 4 32 79 0.000754 22
64 4 32 80 0.000869 00
64 4 32 81 0.001108 00
64 4 32 82 0.001269 22
64 4 32 83 0.000970 00
64 4 32 84 0.000963 11
64 4 32 85 0.000969 11
64 4 32 86 0.001151 22
64 4 32 87 0.001022 22
64 4 32 88 0.000655 11
64 4 32 89 0.000785 11
64 4 32 90 0.001095 11
64 4 32 91 0.000945 22
64 4 32 92 0.001346 00
64 4 32 93 0.001010 22
64 4 32 94 0.001057 11
64 4 32 95 0.000937 00
64 4 32 96 0.001201 11
64 4 32 97 0.000741 00
64 4 32 98 0.001109 00
64 4 32 99 0.000734 22
64 8 16 0 0.003793 2222
64 8 16 1 0.007091 0000
64 8 16 2 0.005801 1111
64 8 16 3 0.002561 1111
64 8 16 4 0.005317 1111
64 8 16 5 0.004994 1111
64 8 16 6 0.004127 1111
64 8 16 7 0.003774 1111
64 8 16 8 0.003490 1111
64 8 16 9 0.004491 0000
64 8 16 10 0.003725 0000
64 8 16 11 0.003261 1111
64 8 16 12 0.004831 0000
64 8 16 13 0.003910 1111
64 8 16 14 0.004340 1111
64 8 16 15 0.003112 1111
64 8 16 16 0.004614 2222
64 8 16 17 0.004338 1111
64 8 16 18 0.005036 2222
64 8 16 19 0.006423 2222
64 8 16 20 0.004744 1111
64 8 16 21 0.004999 1111
64 8 16 22 0.005086 0000
64 8 16 23 0.003011 0000
64 8 16 24 0.003800 0000
64 8 16 25 0.004510 1111
64 8 16 26 0.005544 1111
64 8 16 27 0.005205 1111
64 8 16 28 0.003996 1111
64 8 16 29 0.004669 0000
64 8 16 30 0.004730 0000
64 8 16 31 0.007174 1111
64 8 16 32 0.003579 0000
64 8 16 33 0.002833 0000
64 8 16 34 0.003702 1111
64 8 16 35 0.002630 1111
64 8 16 36 0.004416 0000
64 8 16 37 0.005536 1111
64 8 16 38 0.006093 1111
64 8 16 39 0.006382 1111
64 8 16 40 0.004103 2222
64 8 16 41 0.004897 0000
64 8 16 42 0.004207 1111
64 8 16 43 0.004291 1111
64 8 16 44 0.005151 1111
64 8 16 45 0.004820 0000
64 8 16 46 0.004161 1111
64 8 16 47 0.004416 1111
64 8 16 48 0.004891 0000
64 8 16 49 0.004390 1111
64 8 16 50 0.005104 0000
64 8 16 51 0.003454 0000
64 8 16 52 0.004454 1111
64 8 16 53 0.004144 1111
64 8 16 54 0.005210 1111
64 8 16 55 0.005785 2222
64 8 16 56 0.003426 1111
64 8 16 57 0.004261 1111
64 8 16 58 0.003845 1111
64 8 16 59 0.004947 0000
64 8 16 60 0.003893 1111
64 8 16 61 0.006211 1111
64 8 16 62 0.004703 1111
64 8 16 63 0.005361 2222
64 8 16 64 0.003433 0000
64 8 16 65 0.003090 2222
64 8 16 66 0.003725 0000
64 8 16 67 0.006045 0000
64 8 16 68 0.005155 1111
64 8 16 69 0.003488 1111
64 8 16 70 0.003118 2222
64 8 16 71 0.005659 0000
64 8 16 72 0.004730 0000
64 8 16 73 0.003722 1111
64 8 16 74 0.004566 0000
64 8 16 75 0.004054 1111
64 8 16 76 0.007833 1111
64 8 16 77 0.005475 1111
64 8 16 78 0.005400 2222
64 8 16 79 0.003083 2222
64 8 16 80 0.003582 0000
64 8 16 81 0.005517 0000
64 8 16 82 0.005635 2222
64 8 16 83 0.004725 0000
64 8 16 84 0.004339 1111
64 8 16 85 0.004338 1111
64 8 16 86 0.005115 2222
64 8 16 87 0.004834 2222
64 8 16 88 0.002749 1111
64 8 16 89 0.003617 1111
64 8 16 90 0.004544 1111
64 8 16 91 0.004338 2222
64 8 16 92 0.007196 0000
64 8 16 93 0.003907 2222
64 8 16 94 0.004861 1111
64 8 16 95 0.004120 0000
64 8 16 96 0.005728 1111
64 8 16 97 0.003280 0000
64 8 16 98 0.005719 0000
64 8 16 99 0.003532 2222
64 8 32 0 0.002563 22
64 8 32 1 0.004224 00
64 8 32 2 0.003812 11
64 8 32 3 0.001545 11
64 8 32 4 0.003341 11
64 8 32 5 0.003303 11
64 8 32 6 0.002583 11
64 8 32 7 0.002250 11
64 8 32 8 0.002134 11
64 8 32 9 0.002910 00
64 8 32 10 0.002487 00
64 8 32 11 0.002053 11
64 8 32 12 0.003184 00
64 8 32 13 0.002479 11
64 8 32 14 0.002702 11
64 8 32 15 0.002038 11
64 8 32 16 0.002820 22
64 8 32 17 0.002890 11
64 8 32 18 0.003093 22
64 8 32 19 0.004617 22
64 8 32 20 0.002996 11
64 8 32 21 0.003209 11
64 8 32 22 0.003027 00
64 8 32 23 0.001931 00
64 8 32 24 0.002502 00
64 8 32 25 0.003006 11
64 8 32 26 0.003312 11
64 8 32 27 0.003316 11
64 8 32 28 0.002201 11
64 8 32 29 0.002958 00
64 8 32 30 0.002979 00
64 8 32 31 0.004370 11
64 8 32 32 0.002274 00
64 8 32 33 0.001685 00
64 8 32 34 0.002535 11
64 8 32 35 0.001777 11
64 8 32 36 0.002946 00
64 8 32 37 0.003454 11
64 8 32 38 0.003424 11
64 8 32 39 0.004096 11
64 8 32 40 0.002658 22
64 8 32 41 0.003102 00
64 8 32 42 0.002832 11
64 8 32 43 0.003151 11
64 8 32 44 0.003331 11
64 8 32 45 0.002895 00
64 8 32 46 0.002494 11
64 8 32 47 0.002808 11
64 8 32 48 0.003046 00
64 8 32 49 0.002723 11
64 8 32 50 0.003184 00
64 8 32 51 0.002177 00
64 8 32 52 0.002915 11
64 8 32 53 0.002807 11
64 8 32 54 0.003226 11
64 8 32 55 0.003502 22
64 8 32 56 0.002218 11
64 8 32 57 0.002768 11
64 8 32 58 0.002392 11
64 8 32 59 0.003193 00
64 8 32 60 0.002462 11
64 8 32 61 0.003852 11
64 8 32 62 0.003145 11
64 8 32 63 0.003247 22
64 8 32 64 0.002262 00
64 8 32 65 0.001949 22
64 8 32 66 0.002322 00
64 8 32 67 0.004028 00
64 8 32 68 0.003057 11
64 8 32 69 0.002407 11
64 8 32 70 0.002023 22
64 8 32 71 0.003653 00
64 8 32 72 0.003107 00
64 8 32 73 0.002492 11
64 8 32 74 0.002930 00
64 8 32 75 0.002431 11
64 8 32 76 0.004674 11
64 8 32 77 0.003426 11
64 8 32 78 0.003627 22
64 8 32 79 0.001912 22
64 8 32 80 0.002262 00
64 8 32 81 0.003157 00
64 8 32 82 0.003537 22
64 8 32 83 0.002925 00
64 8 32 84 0.003011 11
64 8 32 85 0.002872 11
64 8 32 86 0.003286 22
64 8 32 87 0.002958 22
64 8 32 88 0.001713 11
64 8 32 89 0.002158 11
64 8 32 90 0.002953 11
64 8 32 91 0.002794 22
64 8 32 92 0.004511 00
64 8 32 93 0.002606 22
64 8 32 94 0.003322 11
64 8 32 95 0.002419 00
64 8 32 96 0.003622 11
64 8 32 97 0.001989 00
64 8 32 98 0.003526 00
64 8 32 99 0.002287 22
128 2 4 0 0.008272 11111111111111111111111111111111
128 2 4 1 0.007098 11111111111111111111111111111111
128 2 4 2 0.009160 11111111111111111111111111111111
128 2 4 3 0.008606 11111111111111111111111111111111
128 2 4 4 0.009827 12222222222222222222222222222222
128 2 4 5 0.009340 11111111111111111111111111111111
128 2 4 6 0.009711 11111111111111111111111111111111
128 2 4 7 0.009816 11111111111111111111111111111111
128 2 4 8 0.009427 22222222222222222222222222222222
128 2 4 9 0.006963 00000000000000000000000000000000
128 2 4 10 0.010323 11111111111111111111111111111111
128 2 4 11 0.008958 11111111111111111111111111111111
128 2 4 12 0.008432 00000000000000000000000000000000
128 2 4 13 0.008175 11111111111111111111111111111111
128 2 4 14 0.010903 11111111111111111111111111111111
128 2 4 15 0.007398 11111111111111111111111111111111
128 2 4 16 0.008912 11111111111111111111111111111111
128 2 4 17 0.009017 22222222222222222222222222222222
128 2 4 18 0.009951 11111111111111111111111111111111
128 2 4 19 0.008096 11111111111111111111111111111111
128 2 4 20 0.008929 11111111111111111111111111111111
128 2 4 21 0.008450 00000000000000000000000000000000
128 2 4 22 0.009540 11111111111111111111111111111111
128 2 4 23 0.010066 00000000000000000000000000000000
128 2 4 24 0.008860 00000000000000000000000000000000
128 2 4 25 0.007763 11111111111111111111111111111111
128 2 4 26 0.009523 11111111111111111111111111111111
128 2 4 27 0.007226 11111111111111111111111111111111
128 2 4 28 0.010083 11111111111111111111111111111111
128 2 4 29 0.009339 11111111111111111111111111111111
128 2 4 30 0.007899 22222222222222222222222222222222
128 2 4 31 0.008404 00000000000000000000000000000000
128 2 4 32 0.008547 11111111111111111111111111111111
128 2 4 33 0.008685 00000000000000000000000000000000
128 2 4 34 0.009554 11111111111111111111111111111111
128 2 4 35 0.010446 00000000000000000000000000000000
128 2 4 36 0.008856 00000000000000000000000000000000
128 2 4 37 0.008327 22222222222222222222222222222222
128 2 4 38 0.008953 22222222222222222222222222222222
128 2 4 39 0.008731 11111111111111111111111111111111
128 2 4 40 0.007550 22222222222222222222222222222222
128 2 4 41 0.010395 11111111111111111111111111111111
128 2 4 42 0.009830 00000000000000000000000000000000
128 2 4 43 0.009025 11111111111111111111111111111111
128 2 4 44 0.007910 11111111111111111111111111111111
128 2 4 45 0.008285 12222222222222222222222222222222
128 2 4 46 0.009106 00000000000000000000000000000000
128 2 4 47 0.007859 22222222222222222222222222222222
128 2 4 48 0.009046 22222222222222222222222222222222
128 2 4 49 0.009777 11111111111111111111111111111111
128 2 4 50 0.010019 00000000000000000000000000000000
128 2 4 51 0.009105 12222222222222222222222222222222
128 2 4 52 0.009908 22222222222222222222222222222222
128 2 4 53 0.009751 22222222222222222222222222222222
128 2 4 54 0.009870 11111111111111111111111111111111
128 2 4 55 0.007569 00000000000000000000000000000000
128 2 4 56 0.009451 00000000000000000000000000000000
128 2 4 57 0.009585 11111111111111111111111111111111
128 2 4 58 0.010892 00000000000000000000000000000000
128 2 4 59 0.008951 00000000000000000000000000000000
128 2 4 60 0.008387 00000000000000000000000000000000
128 2 4 61 0.007113 11111111111111111111111111111111
128 2 4 62 0.009279 22222222222222222222222222222222
128 2 4 63 0.009131 11111111111111111111111111111111
128 2 4 64 0.008880 11111111111111111111111111111111
128 2 4 65 0.007424 22222222222222222222222222222222
128 2 4 66 0.008745 22222222222222222222222222222222
128 2 4 67 0.007359 22222222222222222222222222222222
128 2 4 68 0.008692 11111111111111111111111111111111
128 2 4 69 0.009166 00000000000000000000000000000000
128 2 4 70 0.008686 11111111111111111111111111111111
128 2 4 71 0.011218 00000000000000000000000000000000
128 2 4 72 0.009780 00000000000000000000000000000000
128 2 4 73 0.008858 22222222222222222222222222222222
128 2 4 74 0.009642 11111111111111111111111111111111
128 2 4 75 0.007199 00000000000000000000000000000000
128 2 4 76 0.008960 11111111111111111111111111111111
128 2 4 77 0.009343 11111111111111111111111111111111
128 2 4 78 0.007620 11111111111111111111111111111111
128 2 4 79 0.008610 00000000000000000000000000000000
128 2 4 80 0.008681 22222222222222222222222222222222
128 2 4 81 0.009707 11111111111111111111111111111111
128 2 4 82 0.010889 11111111111111111111111111111111
128 2 4 83 0.009268 11111111111111111111111111111111
128 2 4 84 0.009138 00000000000000000000000000000000
128 2 4 85 0.009328 11111111111111111111111111111111
128 2 4 86 0.007984 00000000000000000000000000000000
128 2 4 87 0.007208 11111111111111111111111111111111
128 2 4 88 0.009566 00000000000000000000000000000000
128 2 4 89 0.009208 11111111111111111111111111111111
128 2 4 90 0.008366 22222222222222222222222222222222
128 2 4 91 0.009469 22222222222222222222222222222222
128 2 4 92 0.008823 00000000000000000000000000000000
128 2 4 93 0.008731 00000000000000000000000000000000
128 2 4 94 0.007520 00000000000000000000000000000000
128 2 4 95 0.008041 11111111111111111111111111111111
128 2 4 96 0.009977 11111111111111111111111111111111
128 2 4 97 0.006871 22222222222222222222222222222222
128 2 4 98 0.009392 11111111111111111111111111111111
128 2 4 99 0.008432 22222222222222222222222222222222
128 2 8 0 0.004303 1111111111111111
128 2 8 1 0.003650 1111111111111111
128 2 8 2 0.004461 1111111111111111
128 2 8 3 0.004420 1111111111111111
128 2 8 4 0.005046 2222222222222222
128 2 8 5 0.004582 1111111111111111
128 2 8 6 0.005000 1111111111111111
128 2 8 7 0.004845 1111111111111111
128 2 8 8 0.004932 2222222222222222
128 2 8 9 0.003705 0000000000000000
128 2 8 10 0.005164 1111111111111111
128 2 8 11 0.004689 1111111111111111
128 2 8 12 0.004385 0000000000000000
128 2 8 13 0.004028 1111111111111111
128 2 8 14 0.005426 1111111111111111
128 2 8 15 0.003667 1111111111111111
128 2 8 16 0.004357 1111111111111111
128 2 8 17 0.004719 2222222222222222
128 2 8 18 0.005000 1111111111111111
128 2 8 19 0.004133 1111111111111111
128 2 8 20 0.004498 1111111111111111
128 2 8 21 0.004215 0000000000000000
128 2 8 22 0.005052 1111111111111111
128 2 8 23 0.004915 0000000000000000
128 2 8 24 0.004455 0000000000000000
128 2 8 25 0.004217 1111111111111111
128 2 8 26 0.004886 1111111111111111
128 2 8 27 0.003649 1111111111111111
128 2 8 28 0.005016 1111111111111111
128 2 8 29 0.004721 1111111111111111
128 2 8 30 0.004007 2222222222222222
128 2 8 31 0.004318 0000000000000000
128 2 8 32 0.004428 1111111111111111
128 2 8 33 0.004418 0000000000000000
128 2 8 34 0.004834 1111111111111111
128 2 8 35 0.005172 0000000000000000
128 2 8 36 0.004528 0000000000000000
128 2 8 37 0.004300 2222222222222222
128 2 8 38 0.004633 2222222222222222
128 2 8 39 0.004216 1111111111111111
128 2 8 40 0.003929 2222222222222222
128 2 8 41 0.005252 1111111111111111
128 2 8 42 0.004903 0000000000000000
128 2 8 43 0.004529 1111111111111111
128 2 8 44 0.004089 1111111111111111
128 2 8 45 0.004133 2222222222222222
128 2 8 46 0.004597 0000000000000000
128 2 8 47 0.004020 2222222222222222
128 2 8 48 0.004601 2222222222222222
128 2 8 49 0.004986 1111111111111111
128 2 8 50 0.004954 0000000000000000
128 2 8 51 0.005002 2222222222222222
128 2 8 52 0.005036 2222222222222222
128 2 8 53 0.005078 2222222222222222
128 2 8 54 0.004866 1111111111111111
128 2 8 55 0.004036 0000000000000000
128 2 8 56 0.004733 0000000000000000
128 2 8 57 0.004717 1111111111111111
128 2 8 58 0.005607 0000000000000000
128 2 8 59 0.004456 0000000000000000
128 2 8 60 0.004121 0000000000000000
128 2 8 61 0.003529 1111111111111111
128 2 8 62 0.004796 2222222222222222
128 2 8 63 0.004530 1111111111111111
128 2 8 64 0.004584 1111111111111111
128 2 8 65 0.003792 2222222222222222
128 2 8 66 0.004488 2222222222222222
128 2 8 67 0.003767 2222222222222222
128 2 8 68 0.004511 1111111111111111
128 2 8 69 0.004672 0000000000000000
128 2 8 70 0.004630 1111111111111111
128 2 8 71 0.005708 0000000000000000
128 2 8 72 0.005020 0000000000000000
128 2 8 73 0.004455 2222222222222222
128 2 8 74 0.004820 1111111111111111
128 2 8 75 0.003667 0000000000000000
128 2 8 76 0.004469 1111111111111111
128 2 8 77 0.004780 1111111111111111
128 2 8 78 0.003991 1111111111111111
128 2 8 79 0.004322 0000000000000000
128 2 8 80 0.004451 2222222222222222
128 2 8 81 0.005050 1111111111111111
128 2 8 82 0.005560 1111111111111111
128 2 8 83 0.004739 1111111111111111
128 2 8 84 0.004724 0000000000000000
128 2 8 85 0.004764 1111111111111111
128 2 8 86 0.003953 0000000000000000
128 2 8 87 0.003579 1111111111111111
128 2 8 88 0.004843 0000000000000000
128 2 8 89 0.004561 1111111111111111
128 2 8 90 0.004169 2222222222222222
128 2 8 91 0.004801 2222222222222222
128 2 8 92 0.004353 0000000000000000
128 2 8 93 0.004251 0000000000000000
128 2 8 94 0.003769 0000000000000000
128 2 8 95 0.004147 1111111111111111
128 2 8 96 0.005091 1111111111111111
128 2 8 97 0.003532 2222222222222222
128 2 8 98 0.004804 1111111111111111
128 2 8 99 0.004280 2222222222222222
128 2 16 0 0.002299 11111111
128 2 16 1 0.001925 11111111
128 2 16 2 0.002378 11111111
128 2 16 3 0.002325 11111111
128 2 16 4 0.002693 22222222
128 2 16 5 0.002398 11111111
128 2 16 6 0.002665 11111111
128 2 16 7 0.002609 11111111
128 2 16 8 0.002536 22222222
128 2 16 9 0.001897 00000000
128 2 16 10 0.002697 11111111
128 2 16 11 0.002466 11111111
128 2 16 12 0.002290 00000000
128 2 16 13 0.002134 11111111
128 2 16 14 0.002861 11111111
128 2 16 15 0.001925 11111111
128 2 16 16 0.002342 11111111
128 2 16 17 0.002473 22222222
128 2 16 18 0.002596 11111111
128 2 16 19 0.002195 11111111
128 2 16 20 0.002387 11111111
128 2 16 21 0.002186 00000000
128 2 16 22 0.002543 11111111
128 2 16 23 0.002581 00000000
128 2 16 24 0.002344 00000000
128 2 16 25 0.002090 11111111
128 2 16 26 0.002551 11111111
128 2 16 27 0.002004 11111111
128 2 16 28 0.002663 11111111
128 2 16 29 0.002467 11111111
128 2 16 30 0.002138 22222222
128 2 16 31 0.002336 00000000
128 2 16 32 0.002308 11111111
128 2 16 33 0.002311 00000000
128 2 16 34 0.002575 11111111
128 2 16 35 0.002767 00000000
128 2 16 36 0.002618 00000000
128 2 16 37 0.002381 22222222
128 2 16 38 0.002441 22222222
128 2 16 39 0.002273 11111111
128 2 16 40 0.002059 22222222
128 2 16 41 0.002737 11111111
128 2 16 42 0.002610 00000000
128 2 16 43 0.002407 11111111
128 2 16 44 0.002206 11111111
128 2 16 45 0.002128 22222222
128 2 16 46 0.002428 00000000
128 2 16 47 0.002125 22222222
128 2 16 48 0.002363 22222222
128 2 16 49 0.002680 11111111
128 2 16 50 0.002640 00000000
128 2 16 51 0.002527 22222222
128 2 16 52 0.002634 22222222
128 2 16 53 0.002665 22222222
128 2 16 54 0.002618 11111111
128 2 16 55 0.002077 00000000
128 2 16 56 0.002538 00000000
128 2 16 57 0.002432 11111111
128 2 16 58 0.002953 00000000
128 2 16 59 0.002422 00000000
128 2 16 60 0.002204 00000000
128 2 16 61 0.001859 11111111
128 2 16 62 0.002546 22222222
128 2 16 63 0.002394 11111111
128 2 16 64 0.002484 11111111
128 2 16 65 0.002070 22222222
128 2 16 66 0.002349 22222222
128 2 16 67 0.002029 22222222
128 2 16 68 0.002415 11111111
128 2 16 69 0.002458 00000000
128 2 16 70 0.002350 11111111
128 2 16 71 0.003117 00000000
128 2 16 72 0.002662 00000000
128 2 16 73 0.002375 22222222
128 2 16 74 0.002558 11111111
128 2 16 75 0.001871 00000000
128 2 16 76 0.002355 11111111
128 2 16 77 0.002502 11111111
128 2 16 78 0.002106 11111111
128 2 16 79 0.002306 00000000
128 2 16 80 0.002366 22222222
128 2 16 81 0.002614 11111111
128 2 16 82 0.002931 11111111
128 2 16 83 0.002540 11111111
128 2 16 84 0.002476 00000000
128 2 16 85 0.002514 11111111
128 2 16 86 0.002084 00000000
128 2 16 87 0.001905 11111111
128 2 16 88 0.002553 00000000
128 2 16 89 0.002401 11111111
128 2 16 90 0.002224 22222222
128 2 16 91 0.002454 22222222
128 2 16 92 0.002381 00000000
128 2 16 93 0.002287 00000000
128 2 16 94 0.001947 00000000
128 2 16 95 0.002198 11111111
128 2 16 96 0.002688 11111111
128 2 16 97 0.001859 22222222
128 2 16 98 0.002574 11111111
128 2 16 99 0.002305 22222222
128 2 32 0 0.001285 1111
128 2 32 1 0.001099 1111
128 2 32 2 0.001342 1111
128 2 32 3 0.001293 1111
128 2 32 4 0.001497 2222
128 2 32 5 0.001342 1111
128 2 32 6 0.001512 1111
128 2 32 7 0.001434 1111
128 2 32 8 0.001454 2222
128 2 32 9 0.001097 0000
128 2 32 10 0.001554 1111
128 2 32 11 0.001370 1111
128 2 32 12 0.001301 0000
128 2 32 13 0.001202 1111
128 2 32 14 0.001565 1111
128 2 32 15 0.001089 1111
128 2 32 16 0.001310 1111
128 2 32 17 0.001407 2222
128 2 32 18 0.001447 1111
128 2 32 19 0.001247 1111
128 2 32 20 0.001353 1111
128 2 32 21 0.001253 0000
128 2 32 22 0.001494 1111
128 2 32 23 0.001467 0000
128 2 32 24 0.001331 0000
128 2 32 25 0.001164 1111
128 2 32 26 0.001439 1111
128 2 32 27 0.001107 1111
128 2 32 28 0.001478 1111
128 2 32 29 0.001442 1111
128 2 32 30 0.001189 2222
128 2 32 31 0.001338 0000
128 2 32 32 0.001282 1111
128 2 32 33 0.001270 0000
128 2 32 34 0.001390 1111
128 2 32 35 0.001520 0000
128 2 32 36 0.001312 0000
128 2 32 37 0.001285 2222
128 2 32 38 0.001408 2222
128 2 32 39 0.001290 1111
128 2 32 40 0.001227 2222
128 2 32 41 0.001559 1111
128 2 32 42 0.001442 0000
128 2 32 43 0.001339 1111
128 2 32 44 0.001212 1111
128 2 32 45 0.001222 2222
128 2 32 46 0.001368 0000
128 2 32 47 0.001195 2222
128 2 32 48 0.001333 2222
128 2 32 49 0.001482 1111
128 2 32 50 0.001449 0000
128 2 32 51 0.001434 2222
128 2 32 52 0.001475 2222
128 2 32 53 0.001501 2222
128 2 32 54 0.001456 1111
128 2 32 55 0.001175 0000
128 2 32 56 0.001521 0000
128 2 32 57 0.001388 1111
128 2 32 58 0.001633 0000
128 2 32 59 0.001310 0000
128 2 32 60 0.001235 0000
128 2 32 61 0.001024 1111
128 2 32 62 0.001446 2222
128 2 32 63 0.001333 1111
128 2 32 64 0.001372 1111
128 2 32 65 0.001166 2222
128 2 32 66 0.001317 2222
128 2 32 67 0.001138 2222
128 2 32 68 0.001372 1111
128 2 32 69 0.001383 0000
128 2 32 70 0.001292 1111
128 2 32 71 0.001674 0000
128 2 32 72 0.001511 0000
128 2 32 73 0.001347 2222
128 2 32 74 0.001516 1111
128 2 32 75 0.001051 0000
128 2 32 76 0.001330 1111
128 2 32 77 0.001388 1111
128 2 32 78 0.001174 1111
128 2 32 79 0.001282 0000
128 2 32 80 0.001303 2222
128 2 32 81 0.001443 1111
128 2 32 82 0.001646 1111
128 2 32 83 0.001431 1111
128 2 32 84 0.001369 0000
128 2 32 85 0.001429 1111
128 2 32 86 0.001165 0000
128 2 32 87 0.001050 1111
128 2 32 88 0.001439 0000
128 2 32 89 0.001350 1111
128 2 32 90 0.001236 2222
128 2 32 91 0.001333 2222
128 2 32 92 0.001319 0000
128 2 32 93 0.001230 0000
128 2 32 94 0.001066 0000
128 2 32 95 0.001236 1111
128 2 32 96 0.001493 1111
128 2 32 97 0.001045 2222
128 2 32 98 0.001458 1111
128 2 32 99 0.001280 2222
128 4 8 0 0.011913 1111111111111111
128 4 8 1 0.009328 1111111111111111
128 4 8 2 0.012089 1111111111111111
128 4 8 3 0.012404 1111111111111111
128 4 8 4 0.013727 2222222222222222
128 4 8 5 0.012394 1111111111111111
128 4 8 6 0.013669 1111111111111111
128 4 8 7 0.014193 1111111111111111
128 4 8 8 0.012940 2222222222222222
128 4 8 9 0.009241 0000000000000000
128 4 8 10 0.014657 1111111111111111
128 4 8 11 0.012958 1111111111111111
128 4 8 12 0.011966 0000000000000000
128 4 8 13 0.010390 1111111111111111
128 4 8 14 0.015439 1111111111111111
128 4 8 15 0.009361 1111111111111111
128 4 8 16 0.011389 1111111111111111
128 4 8 17 0.012536 2222222222222222
128 4 8 18 0.013379 1111111111111111
128 4 8 19 0.011319 1111111111111111
128 4 8 20 0.012581 1111111111111111
128 4 8 21 0.011257 0000000000000000
128 4 8 22 0.013329 1111111111111111
128 4 8 23 0.013029 0000000000000000
128 4 8 24 0.012039 0000000000000000
128 4 8 25 0.010666 1111111111111111
128 4 8 26 0.013753 1111111111111111
128 4 8 27 0.009805 1111111111111111
128 4 8 28 0.013823 1111111111111111
128 4 8 29 0.012573 1111111111111111
128 4 8 30 0.011041 2222222222222222
128 4 8 31 0.011927 0000000000000000
128 4 8 32 0.012339 1111111111111111
128 4 8 33 0.011733 0000000000000000
128 4 8 34 0.012708 1111111111111111
128 4 8 35 0.014512 0000000000000000
128 4 8 36 0.011633 0000000000000000
128 4 8 37 0.011281 2222222222222222
128 4 8 38 0.012982 2222222222222222
128 4 8 39 0.012669 1111111111111111
128 4 8 40 0.009987 2222222222222222
128 4 8 41 0.014800 1111111111111111
128 4 8 42 0.013507 0000000000000000
128 4 8 43 0.012032 1111111111111111
128 4 8 44 0.011438 1111111111111111
128 4 8 45 0.011033 2222222222222222
128 4 8 46 0.012957 0000000000000000
128 4 8 47 0.009561 2222222222222222
128 4 8 48 0.012073 2222222222222222
128 4 8 49 0.014360 1111111111111111
128 4 8 50 0.013903 0000000000000000
128 4 8 51 0.013182 2222222222222222
128 4 8 52 0.013791 2222222222222222
128 4 8 53 0.013015 2222222222222222
128 4 8 54 0.013648 1111111111111111
128 4 8 55 0.010248 0000000000000000
128 4 8 56 0.012772 0000000000000000
128 4 8 57 0.012823 1111111111111111
128 4 8 58 0.016021 0000000000000000
128 4 8 59 0.011297 0000000000000000
128 4 8 60 0.010723 0000000000000000
128 4 8 61 0.009248 1111111111111111
128 4 8 62 0.012810 2222222222222222
128 4 8 63 0.011810 1111111111111111
128 4 8 64 0.012253 1111111111111111
128 4 8 65 0.010268 2222222222222222
128 4 8 66 0.012067 2222222222222222
128 4 8 67 0.009231 2222222222222222
128 4 8 68 0.013128 1111111111111111
128 4 8 69 0.012316 0000000000000000
128 4 8 70 0.012422 1111111111111111
128 4 8 71 0.015867 0000000000000000
128 4 8 72 0.013810 0000000000000000
128 4 8 73 0.012798 2222222222222222
128 4 8 74 0.012984 1111111111111111
128 4 8 75 0.009681 0000000000000000
128 4 8 76 0.012436 1111111111111111
128 4 8 77 0.013526 1111111111111111
128 4 8 78 0.009689 1111111111111111
128 4 8 79 0.012250 0000000000000000
128 4 8 80 0.012694 2222222222222222
128 4 8 81 0.014774 1111111111111111
128 4 8 82 0.015564 1111111111111111
128 4 8 83 0.013307 1111111111111111
128 4 8 84 0.012514 0000000000000000
128 4 8 85 0.013318 1111111111111111
128 4 8 86 0.010745 0000000000000000
128 4 8 87 0.009407 1111111111111111
128 4 8 88 0.013817 0000000000000000
128 4 8 89 0.012563 1111111111111111
128 4 8 90 0.011394 2222222222222222
128 4 8 91 0.012743 2222222222222222
128 4 8 92 0.011125 0000000000000000
128 4 8 93 0.011995 0000000000000000
128 4 8 94 0.010000 0000000000000000
128 4 8 95 0.010961 1111111111111111
128 4 8 96 0.013904 1111111111111111
128 4 8 97 0.008872 2222222222222222
128 4 8 98 0.013488 1111111111111111
128 4 8 99 0.011268 2222222222222222
128 4 16 0 0.006247 11111111
128 4 16 1 0.004792 11111111
128 4 16 2 0.006558 11111111
128 4 16 3 0.006281 11111111
128 4 16 4 0.007269 22222222
128 4 16 5 0.006341 11111111
128 4 16 6 0.007343 11111111
128 4 16 7 0.007188 11111111
128 4 16 8 0.007207 22222222
128 4 16 9 0.005205 00000000
128 4 16 10 0.007619 11111111
128 4 16 11 0.006834 11111111
128 4 16 12 0.006242 00000000
128 4 16 13 0.005694 11111111
128 4 16 14 0.007940 11111111
128 4 16 15 0.004938 11111111
128 4 16 16 0.006013 11111111
128 4 16 17 0.006760 22222222
128 4 16 18 0.007468 11111111
128 4 16 19 0.005955 11111111
128 4 16 20 0.006832 11111111
128 4 16 21 0.005907 00000000
128 4 16 22 0.007121 11111111
128 4 16 23 0.007135 00000000
128 4 16 24 0.006417 00000000
128 4 16 25 0.005570 11111111
128 4 16 26 0.006856 11111111
128 4 16 27 0.005205 11111111
128 4 16 28 0.007349 11111111
128 4 16 29 0.006738 11111111
128 4 16 30 0.006045 22222222
128 4 16 31 0.006509 00000000
128 4 16 32 0.006512 11111111
128 4 16 33 0.006226 00000000
128 4 16 34 0.006887 11111111
128 4 16 35 0.007482 00000000
128 4 16 36 0.005982 00000000
128 4 16 37 0.006197 22222222
128 4 16 38 0.006577 22222222
128 4 16 39 0.006896 11111111
128 4 16 40 0.005542 22222222
128 4 16 41 0.007726 11111111
128 4 16 42 0.007029 00000000
128 4 16 43 0.006265 11111111
128 4 16 44 0.005703 11111111
128 4 16 45 0.005937 22222222
128 4 16 46 0.006836 00000000
128 4 16 47 0.005190 22222222
128 4 16 48 0.006523 22222222
128 4 16 49 0.007642 11111111
128 4 16 50 0.007222 00000000
128 4 16 51 0.007029 22222222
128 4 16 52 0.007021 22222222
128 4 16 53 0.006786 22222222
128 4 16 54 0.007309 11111111
128 4 16 55 0.005326 00000000
128 4 16 56 0.006836 00000000
128 4 16 57 0.006960 11111111
128 4 16 58 0.008524 00000000
128 4 16 59 0.006161 00000000
128 4 16 60 0.005930 00000000
128 4 16 61 0.004886 11111111
128 4 16 62 0.006755 22222222
128 4 16 63 0.006227 11111111
128 4 16 64 0.006328 11111111
128 4 16 65 0.005440 22222222
128 4 16 66 0.006272 22222222
128 4 16 67 0.004870 22222222
128 4 16 68 0.006718 11111111
128 4 16 69 0.006577 00000000
128 4 16 70 0.006450 11111111
128 4 16 71 0.008310 00000000
128 4 16 72 0.008174 00000000
128 4 16 73 0.006518 22222222
128 4 16 74 0.006956 11111111
128 4 16 75 0.005129 00000000
128 4 16 76 0.006084 11111111
128 4 16 77 0.006953 11111111
128 4 16 78 0.005095 11111111
128 4 16 79 0.006440 00000000
128 4 16 80 0.006688 22222222
128 4 16 81 0.007633 11111111
128 4 16 82 0.008494 11111111
128 4 16 83 0.006713 11111111
128 4 16 84 0.006584 00000000
128 4 16 85 0.006961 11111111
128 4 16 86 0.005632 00000000
128 4 16 87 0.004839 11111111
128 4 16 88 0.007282 00000000
128 4 16 89 0.006734 11111111
128 4 16 90 0.005931 22222222
128 4 16 91 0.006689 22222222
128 4 16 92 0.005853 00000000
128 4 16 93 0.006252 00000000
128 4 16 94 0.004988 00000000
128 4 16 95 0.005789 11111111
128 4 16 96 0.007297 11111111
128 4 16 97 0.004797 22222222
128 4 16 98 0.007171 11111111
128 4 16 99 0.005907 22222222
128 4 32 0 0.003379 1111
128 4 32 1 0.002768 1111
128 4 32 2 0.003733 1111
128 4 32 3 0.003509 1111
128 4 32 4 0.003870 2222
128 4 32 5 0.003529 1111
128 4 32 6 0.004076 1111
128 4 32 7 0.003999 1111
128 4 32 8 0.003944 2222
128 4 32 9 0.002816 0000
128 4 32 10 0.004277 1111
128 4 32 11 0.003819 1111
128 4 32 12 0.003571 0000
128 4 32 13 0.003208 1111
128 4 32 14 0.004422 1111
128 4 32 15 0.002809 1111
128 4 32 16 0.003339 1111
128 4 32 17 0.003964 2222
128 4 32 18 0.003878 1111
128 4 32 19 0.003471 1111
128 4 32 20 0.003683 1111
128 4 32 21 0.003444 0000
128 4 32 22 0.003968 1111
128 4 32 23 0.003847 0000
128 4 32 24 0.003616 0000
128 4 32 25 0.003111 1111
128 4 32 26 0.003936 1111
128 4 32 27 0.002955 1111
128 4 32 28 0.004178 1111
128 4 32 29 0.003721 1111
128 4 32 30 0.003373 2222
128 4 32 31 0.003581 0000
128 4 32 32 0.003539 1111
128 4 32 33 0.003373 0000
128 4 32 34 0.003671 1111
128 4 32 35 0.004237 0000
128 4 32 36 0.003264 0000
128 4 32 37 0.003472 2222
128 4 32 38 0.003778 2222
128 4 32 39 0.003674 1111
128 4 32 40 0.003203 2222
128 4 32 41 0.004294 1111
128 4 32 42 0.004018 0000
128 4 32 43 0.003738 1111
128 4 32 44 0.003290 1111
128 4 32 45 0.003284 2222
128 4 32 46 0.003821 0000
128 4 32 47 0.002872 2222
128 4 32 48 0.003640 2222
128 4 32 49 0.004247 1111
128 4 32 50 0.004152 0000
128 4 32 51 0.003880 2222
128 4 32 52 0.003800 2222
128 4 32 53 0.003712 2222
128 4 32 54 0.004041 1111
128 4 32 55 0.003046 0000
128 4 32 56 0.003986 0000
128 4 32 57 0.003894 1111
128 4 32 58 0.004567 0000
128 4 32 59 0.003325 0000
128 4 32 60 0.003258 0000
128 4 32 61 0.002692 1111
128 4 32 62 0.003740 2222
128 4 32 63 0.003392 1111
128 4 32 64 0.003610 1111
128 4 32 65 0.003038 2222
128 4 32 66 0.003532 2222
128 4 32 67 0.002756 2222
128 4 32 68 0.003764 1111
128 4 32 69 0.003650 0000
128 4 32 70 0.003583 1111
128 4 32 71 0.004652 0000
128 4 32 72 0.004017 0000
128 4 32 73 0.003851 2222
128 4 32 74 0.003785 1111
128 4 32 75 0.002859 0000
128 4 32 76 0.003481 1111
128 4 32 77 0.003769 1111
128 4 32 78 0.002833 1111
128 4 32 79 0.003638 0000
128 4 32 80 0.003717 2222
128 4 32 81 0.004185 1111
128 4 32 82 0.004714 1111
128 4 32 83 0.003830 1111
128 4 32 84 0.003782 0000
128 4 32 85 0.003794 1111
128 4 32 86 0.003129 0000
128 4 32 87 0.002702 1111
128 4 32 88 0.003862 0000
128 4 32 89 0.003734 1111
128 4 32 90 0.003446 2222
128 4 32 91 0.003717 2222
128 4 32 92 0.003249 0000
128 4 32 93 0.003427 0000
128 4 32 94 0.002784 0000
128 4 32 95 0.003238 1111
128 4 32 96 0.003970 1111
128 4 32 97 0.002685 2222
128 4 32 98 0.004014 1111
128 4 32 99 0.003310 2222
128 8 16 0 0.019870 11111111
128 8 16 1 0.014609 11111111
128 8 16 2 0.019630 11111111
128 8 16 3 0.019681 11111111
128 8 16 4 0.022114 22222222
128 8 16 5 0.018659 11111111
128 8 16 6 0.022638 11111111
128 8 16 7 0.021896 11111111
128 8 16 8 0.022437 22222222
128 8 16 9 0.014311 00000000
128 8 16 10 0.024323 11111111
128 8 16 11 0.020781 11111111
128 8 16 12 0.019083 00000000
128 8 16 13 0.017758 11111111
128 8 16 14 0.023617 11111111
128 8 16 15 0.015673 11111111
128 8 16 16 0.017866 11111111
128 8 16 17 0.020605 22222222
128 8 16 18 0.022478 11111111
128 8 16 19 0.019013 11111111
128 8 16 20 0.019969 11111111
128 8 16 21 0.019763 00000000
128 8 16 22 0.020429 11111111
128 8 16 23 0.022553 00000000
128 8 16 24 0.018388 00000000
128 8 16 25 0.016839 11111111
128 8 16 26 0.022645 11111111
128 8 16 27 0.015774 11111111
128 8 16 28 0.022625 11111111
128 8 16 29 0.020153 11111111
128 8 16 30 0.017041 22222222
128 8 16 31 0.019249 00000000
128 8 16 32 0.018995 11111111
128 8 16 33 0.017815 00000000
128 8 16 34 0.021375 11111111
128 8 16 35 0.023954 00000000
128 8 16 36 0.019178 00000000
128 8 16 37 0.016323 22222222
128 8 16 38 0.021312 22222222
128 8 16 39 0.019480 11111111
128 8 16 40 0.017034 22222222
128 8 16 41 0.025465 11111111
128 8 16 42 0.022983 00000000
128 8 16 43 0.021112 11111111
128 8 16 44 0.016444 11111111
128 8 16 45 0.017500 22222222
128 8 16 46 0.022705 00000000
128 8 16 47 0.015581 22222222
128 8 16 48 0.019837 22222222
128 8 16 49 0.024650 11111111
128 8 16 50 0.023805 00000000
128 8 16 51 0.021030 22222222
128 8 16 52 0.021771 22222222
128 8 16 53 0.020221 22222222
128 8 16 54 0.023489 11111111
128 8 16 55 0.017379 00000000
128 8 16 56 0.020797 00000000
128 8 16 57 0.020728 11111111
128 8 16 58 0.026796 00000000
128 8 16 59 0.018039 00000000
128 8 16 60 0.016257 00000000
128 8 16 61 0.013749 11111111
128 8 16 62 0.020747 22222222
128 8 16 63 0.018220 11111111
128 8 16 64 0.019577 11111111
128 8 16 65 0.016318 22222222
128 8 16 66 0.018915 22222222
128 8 16 67 0.014626 22222222
128 8 16 68 0.019743 11111111
128 8 16 69 0.020554 00000000
128 8 16 70 0.018560 11111111
128 8 16 71 0.025437 00000000
128 8 16 72 0.023937 00000000
128 8 16 73 0.020520 22222222
128 8 16 74 0.021492 11111111
128 8 16 75 0.014925 00000000
128 8 16 76 0.020590 11111111
128 8 16 77 0.022426 11111111
128 8 16 78 0.015697 11111111
128 8 16 79 0.018496 00000000
128 8 16 80 0.019707 22222222
128 8 16 81 0.022709 11111111
128 8 16 82 0.025865 11111111
128 8 16 83 0.021657 11111111
128 8 16 84 0.018433 00000000
128 8 16 85 0.021440 11111111
128 8 16 86 0.016454 00000000
128 8 16 87 0.015477 11111111
128 8 16 88 0.021103 00000000
128 8 16 89 0.021608 11111111
128 8 16 90 0.018900 22222222
128 8 16 91 0.021149 22222222
128 8 16 92 0.018435 00000000
128 8 16 93 0.019069 00000000
128 8 16 94 0.015101 00000000
128 8 16 95 0.016794 11111111
128 8 16 96 0.022611 11111111
128 8 16 97 0.014606 22222222
128 8 16 98 0.022346 11111111
128 8 16 99 0.018035 22222222
128 8 32 0 0.010455 1111
128 8 32 1 0.008092 1111
128 8 32 2 0.010236 1111
128 8 32 3 0.011395 1111
128 8 32 4 0.012224 2222
128 8 32 5 0.010952 1111
128 8 32 6 0.013557 1111
128 8 32 7 0.012944 1111
128 8 32 8 0.012537 2222
128 8 32 9 0.008087 0000
128 8 32 10 0.013579 1111
128 8 32 11 0.011646 1111
128 8 32 12 0.010879 0000
128 8 32 13 0.009854 1111
128 8 32 14 0.013707 1111
128 8 32 15 0.008915 1111
128 8 32 16 0.009898 1111
128 8 32 17 0.011599 2222
128 8 32 18 0.012675 1111
128 8 32 19 0.010415 1111
128 8 32 20 0.011916 1111
128 8 32 21 0.010843 0000
128 8 32 22 0.012040 1111
128 8 32 23 0.012330 0000
128 8 32 24 0.009741 0000
128 8 32 25 0.009390 1111
128 8 32 26 0.012214 1111
128 8 32 27 0.008775 1111
128 8 32 28 0.013580 1111
128 8 32 29 0.011203 1111
128 8 32 30 0.010098 2222
128 8 32 31 0.011090 0000
128 8 32 32 0.010717 1111
128 8 32 33 0.009643 0000
128 8 32 34 0.012484 1111
128 8 32 35 0.012621 0000
128 8 32 36 0.010624 0000
128 8 32 37 0.009174 2222
128 8 32 38 0.011677 2222
128 8 32 39 0.012470 1111
128 8 32 40 0.009481 2222
128 8 32 41 0.014366 1111
128 8 32 42 0.012036 0000
128 8 32 43 0.011951 1111
128 8 32 44 0.009234 1111
128 8 32 45 0.010385 2222
128 8 32 46 0.011833 0000
128 8 32 47 0.009395 2222
128 8 32 48 0.011206 2222
128 8 32 49 0.013502 1111
128 8 32 50 0.013453 0000
128 8 32 51 0.012075 2222
128 8 32 52 0.012400 2222
128 8 32 53 0.011973 2222
128 8 32 54 0.012715 1111
128 8 32 55 0.009690 0000
128 8 32 56 0.011553 0000
128 8 32 57 0.011606 1111
128 8 32 58 0.014667 0000
128 8 32 59 0.009941 0000
128 8 32 60 0.009313 0000
128 8 32 61 0.007664 1111
128 8 32 62 0.011644 2222
128 8 32 63 0.010150 1111
128 8 32 64 0.010819 1111
128 8 32 65 0.009144 2222
128 8 32 66 0.010917 2222
128 8 32 67 0.007923 2222
128 8 32 68 0.011667 1111
128 8 32 69 0.011557 0000
128 8 32 70 0.010591 1111
128 8 32 71 0.014348 0000
128 8 32 72 0.012749 0000
128 8 32 73 0.011475 2222
128 8 32 74 0.011710 1111
128 8 32 75 0.007781 0000
128 8 32 76 0.010741 1111
128 8 32 77 0.012066 1111
128 8 32 78 0.008775 1111
128 8 32 79 0.010649 0000
128 8 32 80 0.011301 2222
128 8 32 81 0.013278 1111
128 8 32 82 0.015040 1111
128 8 32 83 0.012028 1111
128 8 32 84 0.010405 0000
128 8 32 85 0.011435 1111
128 8 32 86 0.009255 0000
128 8 32 87 0.009116 1111
128 8 32 88 0.011776 0000
128 8 32 89 0.011794 1111
128 8 32 90 0.010994 2222
128 8 32 91 0.011935 2222
128 8 32 92 0.010171 0000
128 8 32 93 0.010497 0000
128 8 32 94 0.008247 0000
128 8 32 95 0.009707 1111
128 8 32 96 0.012641 1111
128 8 32 97 0.008268 2222
128 8 32 98 0.013091 1111
128 8 32 99 0.010291 2222
256 2 4 0 0.042690 1111111111111111111111111111111111111111111111111111111111111111
256 2 4 1 0.036743 1222222222222222222222222222222222222222222222222222222222222222
256 2 4 2 0.036714 1111111111111111111111111111111111111111111111111111111111111111
256 2 4 3 0.033141 2222222222222222222222222222222222222222222222222222222222222222
256 2 4 4 0.041216 0000000000000000000000000000000000000000000000000000000000000000
256 2 4 5 0.032077 1111111111111111111111111111111111111111111111111111111111111111
256 2 4 6 0.036912 1111111111111111111111111111111111111111111111111111111111111111
256 2 4 7 0.038575 1111111111111111111111111111111111111111111111111111111111111111
256 2 4 8 0.039655 0000000000000000000000000000000000000000000000000000000000000000
256 2 4 9 0.037966 2222222222222222222222222222222222222222222222222222222222222222
256 2 4 10 0.036227 1111111111111111111111111111111111111111111111111111111111111111
256 2 4 11 0.037823 2222222222222222222222222222222222222222222222222222222222222222
256 2 4 12 0.033848 0000000000000000000000000000000000000000000000000000000000000000
256 2 4 13 0.033413 1222222222222222222222222222222222222222222222222222222222222222
256 2 4 14 0.036219 1111111111111111111111111111111111111111111111111111111111111111
256 2 4 15 0.035635 1111111111111111111111111111111111111111111111111111111111111111
256 2 4 16 0.033379 2222222222222222222222222222222222222222222222222222222222222222
256 2 4 17 0.034278 1111111111111111111111111111111111111111111111111111111111111111
256 2 4 18 0.040151 0000000000000000000000000000000000000000000000000000000000000000
256 2 4 19 0.040525 2222222222222222222222222222222222222222222222222222222222222222
256 2 4 20 0.035934 0000000000000000000000000000000000000000000000000000000000000000
256 2 4 21 0.035304 1111111111111111111111111111111111111111111111111111111111111111
256 2 4 22 0.038988 2222222222222222222222222222222222222222222222222222222222222222
256 2 4 23 0.037619 2222222222222222222222222222222222222222222222222222222222222222
256 2 4 24 0.034521 1111111111111111111111111111111111111111111111111111111111111111
256 2 4 25 0.034109 1111111111111111111111111111111111111111111111111111111111111111
256 2 4 26 0.035482 1111111111111111111111111111111111111111111111111111111111111111
256 2 4 27 0.031334 1111111111111111111111111111111111111111111111111111111111111111
256 2 4 28 0.036510 0000000000000000000000000000000000000000000000000000000000000000
256 2 4 29 0.035995 1111111111111111111111111111111111111111111111111111111111111111
256 2 4 30 0.035964 1111111111111111111111111111111111111111111111111111111111111111
256 2 4 31 0.038601 1111111111111111111111111111111111111111111111111111111111111111
256 2 4 32 0.039587 1222222222222222222222222222222222222222222222222222222222222222
256 2 4 33 0.040021 0000000000000000000000000000000000000000000000000000000000000000
256 2 4 34 0.035373 1111111111111111111111111111111111111111111111111111111111111111
256 2 4 35 0.037807 2222222222222222222222222222222222222222222222222222222222222222
256 2 4 36 0.034812 2222222222222222222222222222222222222222222222222222222222222222
256 2 4 37 0.037375 1111111111111111111111111111111111111111111111111111111111111111
256 2 4 38 0.037169 0000000000000000000000000000000000000000000000000000000000000000
256 2 4 39 0.036630 0000000000000000000000000000000000000000000000000000000000000000
256 2 4 40 0.037451 1111111111111111111111111111111111111111111111111111111111111111
256 2 4 41 0.034310 2222222222222222222222222222222222222222222222222222222222222222
256 2 4 42 0.040196 0000000000000000000000000000000000000000000000000000000000000000
256 2 4 43 0.031558 1111111111111111111111111111111111111111111111111111111111111111
256 2 4 44 0.033358 1111111111111111111111111111111111111111111111111111111111111111
256 2 4 45 0.035255 0000000000000000000000000000000000000000000000000000000000000000
256 2 4 46 0.035701 1111111111111111111111111111111111111111111111111111111111111111
256 2 4 47 0.038224 1111111111111111111111111111111111111111111111111111111111111111
256 2 4 48 0.033145 1222222222222222222222222222222222222222222222222222222222222222
256 2 4 49 0.034617 1111111111111111111111111111111111111111111111111111111111111111
256 2 4 50 0.034518 1111111111111111111111111111111111111111111111111111111111111111
256 2 4 51 0.032025 0000000000000000000000000000000000000000000000000000000000000000
256 2 4 52 0.037919 1111111111111111111111111111111111111111111111111111111111111111
256 2 4 53 0.035277 1111111111111111111111111111111111111111111111111111111111111111
256 2 4 54 0.036830 1111111111111111111111111111111111111111111111111111111111111111
256 2 4 55 0.036323 1111111111111111111111111111111111111111111111111111111111111111
256 2 4 56 0.032962 0000000000000000000000000000000000000000000000000000000000000000
256 2 4 57 0.036817 1111111111111111111111111111111111111111111111111111111111111111
256 2 4 58 0.034799 1111111111111111111111111111111111111111111111111111111111111111
256 2 4 59 0.036715 0000000000000000000000000000000000000000000000000000000000000000
256 2 4 60 0.037164 1111111111111111111111111111111111111111111111111111111111111111
256 2 4 61 0.039708 1111111111111111111111111111111111111111111111111111111111111111
256 2 4 62 0.037387 0000000000000000000000000000000000000000000000000000000000000000
256 2 4 63 0.036306 1111111111111111111111111111111111111111111111111111111111111111
256 2 4 64 0.032129 2222222222222222222222222222222222222222222222222222222222222222
256 2 4 65 0.033122 0000000000000000000000000000000000000000000000000000000000000000
256 2 4 66 0.036108 2222222222222222222222222222222222222222222222222222222222222222
256 2 4 67 0.034592 0000000000000000000000000000000000000000000000000000000000000000
256 2 4 68 0.033413 1222222222222222222222222222222222222222222222222222222222222222
256 2 4 69 0.031980 1111111111111111111111111111111111111111111111111111111111111111
256 2 4 70 0.035820 0000000000000000000000000000000000000000000000000000000000000000
256 2 4 71 0.040412 0000000000000000000000000000000000000000000000000000000000000000
256 2 4 72 0.033519 2222222222222222222222222222222222222222222222222222222222222222
256 2 4 73 0.034625 2222222222222222222222222222222222222222222222222222222222222222
256 2 4 74 0.031414 1111111111111111111111111111111111111111111111111111111111111111
256 2 4 75 0.036323 1111111111111111111111111111111111111111111111111111111111111111
256 2 4 76 0.033827 1111111111111111111111111111111111111111111111111111111111111111
256 2 4 77 0.034533 1111111111111111111111111111111111111111111111111111111111111111
256 2 4 78 0.034366 1111111111111111111111111111111111111111111111111111111111111111
256 2 4 79 0.033750 1111111111111111111111111111111111111111111111111111111111111111
256 2 4 80 0.035246 2222222222222222222222222222222222222222222222222222222222222222
256 2 4 81 0.038131 2222222222222222222222222222222222222222222222222222222222222222
256 2 4 82 0.036661 1111111111111111111111111111111111111111111111111111111111111111
256 2 4 83 0.029222 2222222222222222222222222222222222222222222222222222222222222222
256 2 4 84 0.034196 0000000000000000000000000000000000000000000000000000000000000000
256 2 4 85 0.034158 1111111111111111111111111111111111111111111111111111111111111111
256 2 4 86 0.037151 2222222222222222222222222222222222222222222222222222222222222222
256 2 4 87 0.034848 1111111111111111111111111111111111111111111111111111111111111111
256 2 4 88 0.035948 1111111111111111111111111111111111111111111111111111111111111111
256 2 4 89 0.036443 1111111111111111111111111111111111111111111111111111111111111111
256 2 4 90 0.038462 2222222222222222222222222222222222222222222222222222222222222222
256 2 4 91 0.039319 1111111111111111111111111111111111111111111111111111111111111111
256 2 4 92 0.032241 2222222222222222222222222222222222222222222222222222222222222222
256 2 4 93 0.035399 1111111111111111111111111111111111111111111111111111111111111111
256 2 4 94 0.037271 0000000000000000000000000000000000000000000000000000000000000000
256 2 4 95 0.037454 1111111111111111111111111111111111111111111111111111111111111111
256 2 4 96 0.036614 2222222222222222222222222222222222222222222222222222222222222222
256 2 4 97 0.036727 0000000000000000000000000000000000000000000000000000000000000000
256 2 4 98 0.036887 2222222222222222222222222222222222222222222222222222222222222222
256 2 4 99 0.038633 2222222222222222222222222222222222222222222222222222222222222222
256 2 8 0 0.021370 11111111111111111111111111111111
256 2 8 1 0.018351 22222222222222222222222222222222
256 2 8 2 0.018719 11111111111111111111111111111111
256 2 8 3 0.016553 22222222222222222222222222222222
256 2 8 4 0.020933 00000000000000000000000000000000
256 2 8 5 0.016110 11111111111111111111111111111111
256 2 8 6 0.019220 11111111111111111111111111111111
256 2 8 7 0.019629 11111111111111111111111111111111
256 2 8 8 0.020009 00000000000000000000000000000000
256 2 8 9 0.019266 22222222222222222222222222222222
256 2 8 10 0.018224 11111111111111111111111111111111
256 2 8 11 0.019081 00000000000000000000000000000000
256 2 8 12 0.017388 00000000000000000000000000000000
256 2 8 13 0.016871 22222222222222222222222222222222
256 2 8 14 0.018032 11111111111111111111111111111111
256 2 8 15 0.017822 11111111111111111111111111111111
256 2 8 16 0.016531 22222222222222222222222222222222
256 2 8 17 0.017490 11111111111111111111111111111111
256 2 8 18 0.020819 00000000000000000000000000000000
256 2 8 19 0.020296 22222222222222222222222222222222
256 2 8 20 0.017872 00000000000000000000000000000000
256 2 8 21 0.017760 11111111111111111111111111111111
256 2 8 22 0.019650 22222222222222222222222222222222
256 2 8 23 0.019201 22222222222222222222222222222222
256 2 8 24 0.017247 11111111111111111111111111111111
256 2 8 25 0.017217 11111111111111111111111111111111
256 2 8 26 0.018045 11111111111111111111111111111111
256 2 8 27 0.015782 11111111111111111111111111111111
256 2 8 28 0.018611 00000000000000000000000000000000
256 2 8 29 0.018433 11111111111111111111111111111111
256 2 8 30 0.017521 11111111111111111111111111111111
256 2 8 31 0.019650 11111111111111111111111111111111
256 2 8 32 0.019613 22222222222222222222222222222222
256 2 8 33 0.020365 00000000000000000000000000000000
256 2 8 34 0.018033 11111111111111111111111111111111
256 2 8 35 0.019406 22222222222222222222222222222222
256 2 8 36 0.017744 22222222222222222222222222222222
256 2 8 37 0.018990 11111111111111111111111111111111
256 2 8 38 0.019008 00000000000000000000000000000000
256 2 8 39 0.017965 00000000000000000000000000000000
256 2 8 40 0.018686 11111111111111111111111111111111
256 2 8 41 0.017433 22222222222222222222222222222222
256 2 8 42 0.020680 00000000000000000000000000000000
256 2 8 43 0.015923 11111111111111111111111111111111
256 2 8 44 0.016977 11111111111111111111111111111111
256 2 8 45 0.017789 00000000000000000000000000000000
256 2 8 46 0.018373 11111111111111111111111111111111
256 2 8 47 0.019331 11111111111111111111111111111111
256 2 8 48 0.016432 22222222222222222222222222222222
256 2 8 49 0.017241 11111111111111111111111111111111
256 2 8 50 0.017119 11111111111111111111111111111111
256 2 8 51 0.015988 00000000000000000000000000000000
256 2 8 52 0.019242 11111111111111111111111111111111
256 2 8 53 0.017904 11111111111111111111111111111111
256 2 8 54 0.018682 11111111111111111111111111111111
256 2 8 55 0.018637 11111111111111111111111111111111
256 2 8 56 0.016704 00000000000000000000000000000000
256 2 8 57 0.018449 11111111111111111111111111111111
256 2 8 58 0.017891 11111111111111111111111111111111
256 2 8 59 0.018625 00000000000000000000000000000000
256 2 8 60 0.018556 11111111111111111111111111111111
256 2 8 61 0.019739 11111111111111111111111111111111
256 2 8 62 0.018866 00000000000000000000000000000000
256 2 8 63 0.018266 11111111111111111111111111111111
256 2 8 64 0.015854 00000000000000000000000000000000
256 2 8 65 0.016877 00000000000000000000000000000000
256 2 8 66 0.017748 22222222222222222222222222222222
256 2 8 67 0.017282 00000000000000000000000000000000
256 2 8 68 0.016191 11111111111111111111111111111111
256 2 8 69 0.016360 11111111111111111111111111111111
256 2 8 70 0.018027 00000000000000000000000000000000
256 2 8 71 0.020407 00000000000000000000000000000000
256 2 8 72 0.015967 22222222222222222222222222222222
256 2 8 73 0.017385 22222222222222222222222222222222
256 2 8 74 0.015746 11111111111111111111111111111111
256 2 8 75 0.018280 11111111111111111111111111111111
256 2 8 76 0.016757 11111111111111111111111111111111
256 2 8 77 0.016992 11111111111111111111111111111111
256 2 8 78 0.017483 11111111111111111111111111111111
256 2 8 79 0.017036 11111111111111111111111111111111
256 2 8 80 0.017727 22222222222222222222222222222222
256 2 8 81 0.019236 22222222222222222222222222222222
256 2 8 82 0.018815 11111111111111111111111111111111
256 2 8 83 0.014243 22222222222222222222222222222222
256 2 8 84 0.017236 00000000000000000000000000000000
256 2 8 85 0.017142 11111111111111111111111111111111
256 2 8 86 0.018715 22222222222222222222222222222222
256 2 8 87 0.017220 11111111111111111111111111111111
256 2 8 88 0.018230 11111111111111111111111111111111
256 2 8 89 0.018619 11111111111111111111111111111111
256 2 8 90 0.019106 22222222222222222222222222222222
256 2 8 91 0.020012 11111111111111111111111111111111
256 2 8 92 0.016179 22222222222222222222222222222222
256 2 8 93 0.017807 11111111111111111111111111111111
256 2 8 94 0.018570 00000000000000000000000000000000
256 2 8 95 0.018953 11111111111111111111111111111111
256 2 8 96 0.018497 22222222222222222222222222222222
256 2 8 97 0.017649 00000000000000000000000000000000
256 2 8 98 0.018787 22222222222222222222222222222222
256 2 8 99 0.019613 22222222222222222222222222222222
256 2 16 0 0.010985 1111111111111111
256 2 16 1 0.009746 2222222222222222
256 2 16 2 0.009604 1111111111111111
256 2 16 3 0.008489 2222222222222222
256 2 16 4 0.010618 0000000000000000
256 2 16 5 0.008274 1111111111111111
256 2 16 6 0.009556 1111111111111111
256 2 16 7 0.009986 1111111111111111
256 2 16 8 0.010296 0000000000000000
256 2 16 9 0.009661 2222222222222222
256 2 16 10 0.009764 1111111111111111
256 2 16 11 0.009871 0000000000000000
256 2 16 12 0.008829 0000000000000000
256 2 16 13 0.008889 2222222222222222
256 2 16 14 0.009209 1111111111111111
256 2 16 15 0.009232 1111111111111111
256 2 16 16 0.008922 2222222222222222
256 2 16 17 0.008808 1111111111111111
256 2 16 18 0.010502 0000000000000000
256 2 16 19 0.010355 2222222222222222
256 2 16 20 0.009036 0000000000000000
256 2 16 21 0.009286 1111111111111111
256 2 16 22 0.010093 2222222222222222
256 2 16 23 0.009835 2222222222222222
256 2 16 24 0.008658 1111111111111111
256 2 16 25 0.008781 1111111111111111
256 2 16 26 0.009368 1111111111111111
256 2 16 27 0.008116 1111111111111111
256 2 16 28 0.009642 0000000000000000
256 2 16 29 0.009292 1111111111111111
256 2 16 30 0.009220 1111111111111111
256 2 16 31 0.010051 1111111111111111
256 2 16 32 0.010216 2222222222222222
256 2 16 33 0.010193 0000000000000000
256 2 16 34 0.009683 1111111111111111
256 2 16 35 0.010294 2222222222222222
256 2 16 36 0.008951 2222222222222222
256 2 16 37 0.009667 1111111111111111
256 2 16 38 0.009926 0000000000000000
256 2 16 39 0.009170 0000000000000000
256 2 16 40 0.009580 1111111111111111
256 2 16 41 0.009098 2222222222222222
256 2 16 42 0.010598 0000000000000000
256 2 16 43 0.008039 1111111111111111
256 2 16 44 0.008711 1111111111111111
256 2 16 45 0.009233 0000000000000000
256 2 16 46 0.009194 1111111111111111
256 2 16 47 0.009995 1111111111111111
256 2 16 48 0.008684 2222222222222222
256 2 16 49 0.008757 1111111111111111
256 2 16 50 0.009094 1111111111111111
256 2 16 51 0.008269 0000000000000000
256 2 16 52 0.009972 1111111111111111
256 2 16 53 0.009755 1111111111111111
256 2 16 54 0.009560 1111111111111111
256 2 16 55 0.009512 1111111111111111
256 2 16 56 0.008474 0000000000000000
256 2 16 57 0.009862 1111111111111111
256 2 16 58 0.009115 1111111111111111
256 2 16 59 0.009360 0000000000000000
256 2 16 60 0.009609 1111111111111111
256 2 16 61 0.010140 1111111111111111
256 2 16 62 0.009622 0000000000000000
256 2 16 63 0.009353 1111111111111111
256 2 16 64 0.008260 0000000000000000
256 2 16 65 0.008579 0000000000000000
256 2 16 66 0.009466 2222222222222222
256 2 16 67 0.008832 0000000000000000
256 2 16 68 0.008279 1111111111111111
256 2 16 69 0.008481 1111111111111111
256 2 16 70 0.009290 0000000000000000
256 2 16 71 0.010691 0000000000000000
256 2 16 72 0.008077 2222222222222222
256 2 16 73 0.009229 2222222222222222
256 2 16 74 0.007879 1111111111111111
256 2 16 75 0.009319 1111111111111111
256 2 16 76 0.008528 1111111111111111
256 2 16 77 0.009033 1111111111111111
256 2 16 78 0.008838 1111111111111111
256 2 16 79 0.008848 1111111111111111
256 2 16 80 0.009073 2222222222222222
256 2 16 81 0.009654 2222222222222222
256 2 16 82 0.009465 1111111111111111
256 2 16 83 0.007184 2222222222222222
256 2 16 84 0.009014 0000000000000000
256 2 16 85 0.008771 1111111111111111
256 2 16 86 0.009852 2222222222222222
256 2 16 87 0.008748 1111111111111111
256 2 16 88 0.009477 1111111111111111
256 2 16 89 0.009356 1111111111111111
256 2 16 90 0.010046 2222222222222222
256 2 16 91 0.010084 1111111111111111
256 2 16 92 0.008510 2222222222222222
256 2 16 93 0.009111 1111111111111111
256 2 16 94 0.009610 0000000000000000
256 2 16 95 0.010039 1111111111111111
256 2 16 96 0.009388 2222222222222222
256 2 16 97 0.009033 0000000000000000
256 2 16 98 0.009493 2222222222222222
256 2 16 99 0.010280 2222222222222222
256 2 32 0 0.005868 11111111
256 2 32 1 0.004955 22222222
256 2 32 2 0.004989 11111111
256 2 32 3 0.004553 22222222
256 2 32 4 0.005722 00000000
256 2 32 5 0.004409 11111111
256 2 32 6 0.005099 11111111
256 2 32 7 0.005273 11111111
256 2 32 8 0.005458 00000000
256 2 32 9 0.005153 22222222
256 2 32 10 0.004894 11111111
256 2 32 11 0.005348 00000000
256 2 32 12 0.004744 00000000
256 2 32 13 0.004548 22222222
256 2 32 14 0.004990 11111111
256 2 32 15 0.004969 11111111
256 2 32 16 0.004454 22222222
256 2 32 17 0.005055 11111111
256 2 32 18 0.005528 00000000
256 2 32 19 0.005402 22222222
256 2 32 20 0.004871 00000000
256 2 32 21 0.004835 11111111
256 2 32 22 0.006138 22222222
256 2 32 23 0.005170 22222222
256 2 32 24 0.004656 11111111
256 2 32 25 0.004655 11111111
256 2 32 26 0.005099 11111111
256 2 32 27 0.004310 11111111
256 2 32 28 0.005058 00000000
256 2 32 29 0.005103 11111111
256 2 32 30 0.004839 11111111
256 2 32 31 0.005243 11111111
256 2 32 32 0.005325 22222222
256 2 32 33 0.005511 00000000
256 2 32 34 0.004862 11111111
256 2 32 35 0.005227 22222222
256 2 32 36 0.004834 22222222
256 2 32 37 0.005208 11111111
256 2 32 38 0.005046 00000000
256 2 32 39 0.004891 00000000
256 2 32 40 0.005199 11111111
256 2 32 41 0.004729 22222222
256 2 32 42 0.005556 00000000
256 2 32 43 0.004364 11111111
256 2 32 44 0.004706 11111111
256 2 32 45 0.004904 00000000
256 2 32 46 0.004998 11111111
256 2 32 47 0.005295 11111111
256 2 32 48 0.004464 22222222
256 2 32 49 0.004676 11111111
256 2 32 50 0.004725 11111111
256 2 32 51 0.004497 00000000
256 2 32 52 0.005252 11111111
256 2 32 53 0.004812 11111111
256 2 32 54 0.005067 11111111
256 2 32 55 0.004950 11111111
256 2 32 56 0.004502 00000000
256 2 32 57 0.005024 11111111
256 2 32 58 0.004829 11111111
256 2 32 59 0.004996 00000000
256 2 32 60 0.004986 11111111
256 2 32 61 0.005326 11111111
256 2 32 62 0.005568 00000000
256 2 32 63 0.004943 11111111
256 2 32 64 0.004348 00000000
256 2 32 65 0.004557 00000000
256 2 32 66 0.004825 22222222
256 2 32 67 0.004712 00000000
256 2 32 68 0.004454 11111111
256 2 32 69 0.004321 11111111
256 2 32 70 0.004963 00000000
256 2 32 71 0.005454 00000000
256 2 32 72 0.004300 22222222
256 2 32 73 0.004799 22222222
256 2 32 74 0.004218 11111111
256 2 32 75 0.004954 11111111
256 2 32 76 0.004522 11111111
256 2 32 77 0.004669 11111111
256 2 32 78 0.004686 11111111
256 2 32 79 0.004581 11111111
256 2 32 80 0.004819 22222222
256 2 32 81 0.005122 22222222
256 2 32 82 0.005123 11111111
256 2 32 83 0.003840 22222222
256 2 32 84 0.004686 00000000
256 2 32 85 0.004669 11111111
256 2 32 86 0.005056 22222222
256 2 32 87 0.004624 11111111
256 2 32 88 0.004895 11111111
256 2 32 89 0.005040 11111111
256 2 32 90 0.005184 22222222
256 2 32 91 0.005430 11111111
256 2 32 92 0.004409 22222222
256 2 32 93 0.004850 11111111
256 2 32 94 0.005111 00000000
256 2 32 95 0.005066 11111111
256 2 32 96 0.005063 22222222
256 2 32 97 0.004873 00000000
256 2 32 98 0.005044 22222222
256 2 32 99 0.005474 22222222
256 4 8 0 0.061742 11111111111111111111111111111111
256 4 8 1 0.048091 22222222222222222222222222222222
256 4 8 2 0.051172 11111111111111111111111111111111
256 4 8 3 0.045165 22222222222222222222222222222222
256 4 8 4 0.058176 00000000000000000000000000000000
256 4 8 5 0.043538 11111111111111111111111111111111
256 4 8 6 0.053377 11111111111111111111111111111111
256 4 8 7 0.053772 11111111111111111111111111111111
256 4 8 8 0.055476 00000000000000000000000000000000
256 4 8 9 0.054212 22222222222222222222222222222222
256 4 8 10 0.050682 11111111111111111111111111111111
256 4 8 11 0.050769 22222222222222222222222222222222
256 4 8 12 0.046500 00000000000000000000000000000000
256 4 8 13 0.045505 22222222222222222222222222222222
256 4 8 14 0.048425 11111111111111111111111111111111
256 4 8 15 0.049460 11111111111111111111111111111111
256 4 8 16 0.043830 22222222222222222222222222222222
256 4 8 17 0.046412 11111111111111111111111111111111
256 4 8 18 0.056376 00000000000000000000000000000000
256 4 8 19 0.058170 22222222222222222222222222222222
256 4 8 20 0.048114 00000000000000000000000000000000
256 4 8 21 0.046502 11111111111111111111111111111111
256 4 8 22 0.055541 22222222222222222222222222222222
256 4 8 23 0.051119 22222222222222222222222222222222
256 4 8 24 0.045305 11111111111111111111111111111111
256 4 8 25 0.045236 11111111111111111111111111111111
256 4 8 26 0.050531 11111111111111111111111111111111
256 4 8 27 0.042258 11111111111111111111111111111111
256 4 8 28 0.051036 00000000000000000000000000000000
256 4 8 29 0.051072 11111111111111111111111111111111
256 4 8 30 0.048658 11111111111111111111111111111111
256 4 8 31 0.054003 11111111111111111111111111111111
256 4 8 32 0.052334 22222222222222222222222222222222
256 4 8 33 0.055418 00000000000000000000000000000000
256 4 8 34 0.047104 11111111111111111111111111111111
256 4 8 35 0.053298 22222222222222222222222222222222
256 4 8 36 0.045127 22222222222222222222222222222222
256 4 8 37 0.051625 11111111111111111111111111111111
256 4 8 38 0.052465 00000000000000000000000000000000
256 4 8 39 0.051177 00000000000000000000000000000000
256 4 8 40 0.050871 11111111111111111111111111111111
256 4 8 41 0.047168 22222222222222222222222222222222
256 4 8 42 0.055795 00000000000000000000000000000000
256 4 8 43 0.041280 11111111111111111111111111111111
256 4 8 44 0.042117 11111111111111111111111111111111
256 4 8 45 0.049092 00000000000000000000000000000000
256 4 8 46 0.051508 11111111111111111111111111111111
256 4 8 47 0.054170 11111111111111111111111111111111
256 4 8 48 0.045567 22222222222222222222222222222222
256 4 8 49 0.046933 11111111111111111111111111111111
256 4 8 50 0.046531 11111111111111111111111111111111
256 4 8 51 0.043492 00000000000000000000000000000000
256 4 8 52 0.053614 11111111111111111111111111111111
256 4 8 53 0.048863 11111111111111111111111111111111
256 4 8 54 0.051751 11111111111111111111111111111111
256 4 8 55 0.052612 11111111111111111111111111111111
256 4 8 56 0.044101 00000000000000000000000000000000
256 4 8 57 0.050399 11111111111111111111111111111111
256 4 8 58 0.046875 11111111111111111111111111111111
256 4 8 59 0.049502 00000000000000000000000000000000
256 4 8 60 0.050109 11111111111111111111111111111111
256 4 8 61 0.054433 11111111111111111111111111111111
256 4 8 62 0.051148 00000000000000000000000000000000
256 4 8 63 0.048959 11111111111111111111111111111111
256 4 8 64 0.042914 22222222222222222222222222222222
256 4 8 65 0.044127 00000000000000000000000000000000
256 4 8 66 0.049631 22222222222222222222222222222222
256 4 8 67 0.046730 00000000000000000000000000000000
256 4 8 68 0.043060 22222222222222222222222222222222
256 4 8 69 0.042028 11111111111111111111111111111111
256 4 8 70 0.050013 00000000000000000000000000000000
256 4 8 71 0.057510 00000000000000000000000000000000
256 4 8 72 0.044027 22222222222222222222222222222222
256 4 8 73 0.047215 22222222222222222222222222222222
256 4 8 74 0.042987 11111111111111111111111111111111
256 4 8 75 0.048514 11111111111111111111111111111111
256 4 8 76 0.048325 11111111111111111111111111111111
256 4 8 77 0.046610 11111111111111111111111111111111
256 4 8 78 0.046982 11111111111111111111111111111111
256 4 8 79 0.048111 11111111111111111111111111111111
256 4 8 80 0.049219 22222222222222222222222222222222
256 4 8 81 0.053872 22222222222222222222222222222222
256 4 8 82 0.051921 11111111111111111111111111111111
256 4 8 83 0.035888 22222222222222222222222222222222
256 4 8 84 0.044760 00000000000000000000000000000000
256 4 8 85 0.046925 11111111111111111111111111111111
256 4 8 86 0.053863 22222222222222222222222222222222
256 4 8 87 0.045516 11111111111111111111111111111111
256 4 8 88 0.050752 11111111111111111111111111111111
256 4 8 89 0.051001 11111111111111111111111111111111
256 4 8 90 0.053079 22222222222222222222222222222222
256 4 8 91 0.056221 11111111111111111111111111111111
256 4 8 92 0.043081 22222222222222222222222222222222
256 4 8 93 0.049165 11111111111111111111111111111111
256 4 8 94 0.050008 00000000000000000000000000000000
256 4 8 95 0.053274 11111111111111111111111111111111
256 4 8 96 0.053489 22222222222222222222222222222222
256 4 8 97 0.047487 00000000000000000000000000000000
256 4 8 98 0.050780 22222222222222222222222222222222
256 4 8 99 0.054283 22222222222222222222222222222222
256 4 16 0 0.031184 1111111111111111
256 4 16 1 0.025144 2222222222222222
256 4 16 2 0.026334 1111111111111111
256 4 16 3 0.022720 2222222222222222
256 4 16 4 0.030289 0000000000000000
256 4 16 5 0.022646 1111111111111111
256 4 16 6 0.027373 1111111111111111
256 4 16 7 0.026505 1111111111111111
256 4 16 8 0.029203 0000000000000000
256 4 16 9 0.026787 2222222222222222
256 4 16 10 0.026261 1111111111111111
256 4 16 11 0.026290 2222222222222222
256 4 16 12 0.024027 0000000000000000
256 4 16 13 0.023591 2222222222222222
256 4 16 14 0.025300 1111111111111111
256 4 16 15 0.025923 1111111111111111
256 4 16 16 0.022461 2222222222222222
256 4 16 17 0.022869 1111111111111111
256 4 16 18 0.028504 0000000000000000
256 4 16 19 0.028447 2222222222222222
256 4 16 20 0.024259 0000000000000000
256 4 16 21 0.024334 1111111111111111
256 4 16 22 0.027945 2222222222222222
256 4 16 23 0.026512 2222222222222222
256 4 16 24 0.023542 1111111111111111
256 4 16 25 0.023636 1111111111111111
256 4 16 26 0.025739 1111111111111111
256 4 16 27 0.021807 1111111111111111
256 4 16 28 0.026421 0000000000000000
256 4 16 29 0.026082 1111111111111111
256 4 16 30 0.025314 1111111111111111
256 4 16 31 0.027996 1111111111111111
256 4 16 32 0.026899 2222222222222222
256 4 16 33 0.029215 0000000000000000
256 4 16 34 0.024375 1111111111111111
256 4 16 35 0.027229 2222222222222222
256 4 16 36 0.023645 2222222222222222
256 4 16 37 0.026584 1111111111111111
256 4 16 38 0.026069 0000000000000000
256 4 16 39 0.025628 0000000000000000
256 4 16 40 0.026669 1111111111111111
256 4 16 41 0.023762 2222222222222222
256 4 16 42 0.028991 0000000000000000
256 4 16 43 0.020757 1111111111111111
256 4 16 44 0.022005 1111111111111111
256 4 16 45 0.025204 0000000000000000
256 4 16 46 0.026156 1111111111111111
256 4 16 47 0.028479 1111111111111111
256 4 16 48 0.024012 2222222222222222
256 4 16 49 0.024333 1111111111111111
256 4 16 50 0.023879 1111111111111111
256 4 16 51 0.022755 0000000000000000
256 4 16 52 0.027282 1111111111111111
256 4 16 53 0.025252 1111111111111111
256 4 16 54 0.026536 1111111111111111
256 4 16 55 0.025754 1111111111111111
256 4 16 56 0.022618 0000000000000000
256 4 16 57 0.026049 1111111111111111
256 4 16 58 0.024218 1111111111111111
256 4 16 59 0.026167 0000000000000000
256 4 16 60 0.025924 1111111111111111
256 4 16 61 0.028143 1111111111111111
256 4 16 62 0.025502 0000000000000000
256 4 16 63 0.024156 1111111111111111
256 4 16 64 0.022067 0000000000000000
256 4 16 65 0.022285 0000000000000000
256 4 16 66 0.025118 2222222222222222
256 4 16 67 0.024403 0000000000000000
256 4 16 68 0.021998 2222222222222222
256 4 16 69 0.021452 1111111111111111
256 4 16 70 0.024836 0000000000000000
256 4 16 71 0.028878 0000000000000000
256 4 16 72 0.021948 2222222222222222
256 4 16 73 0.024301 2222222222222222
256 4 16 74 0.021698 1111111111111111
256 4 16 75 0.024894 1111111111111111
256 4 16 76 0.024645 1111111111111111
256 4 16 77 0.023860 1111111111111111
256 4 16 78 0.023581 1111111111111111
256 4 16 79 0.023713 1111111111111111
256 4 16 80 0.025092 2222222222222222
256 4 16 81 0.026975 2222222222222222
256 4 16 82 0.026162 1111111111111111
256 4 16 83 0.018260 2222222222222222
256 4 16 84 0.022629 0000000000000000
256 4 16 85 0.023899 1111111111111111
256 4 16 86 0.027338 2222222222222222
256 4 16 87 0.023823 1111111111111111
256 4 16 88 0.025533 1111111111111111
256 4 16 89 0.026191 1111111111111111
256 4 16 90 0.027624 2222222222222222
256 4 16 91 0.028111 1111111111111111
256 4 16 92 0.022015 2222222222222222
256 4 16 93 0.025809 1111111111111111
256 4 16 94 0.025310 0000000000000000
256 4 16 95 0.026253 1111111111111111
256 4 16 96 0.025987 2222222222222222
256 4 16 97 0.024182 0000000000000000
256 4 16 98 0.025814 2222222222222222
256 4 16 99 0.027822 2222222222222222
256 4 32 0 0.016640 11111111
256 4 32 1 0.013178 22222222
256 4 32 2 0.013769 11111111
256 4 32 3 0.012202 22222222
256 4 32 4 0.015902 00000000
256 4 32 5 0.011993 11111111
256 4 32 6 0.014446 11111111
256 4 32 7 0.014384 11111111
256 4 32 8 0.014927 00000000
256 4 32 9 0.014304 22222222
256 4 32 10 0.013743 11111111
256 4 32 11 0.014384 22222222
256 4 32 12 0.012834 00000000
256 4 32 13 0.012446 22222222
256 4 32 14 0.013894 11111111
256 4 32 15 0.013673 11111111
256 4 32 16 0.011661 22222222
256 4 32 17 0.012337 11111111
256 4 32 18 0.015004 00000000
256 4 32 19 0.015291 22222222
256 4 32 20 0.014034 00000000
256 4 32 21 0.012692 11111111
256 4 32 22 0.015391 22222222
256 4 32 23 0.014083 22222222
256 4 32 24 0.012511 11111111
256 4 32 25 0.012703 11111111
256 4 32 26 0.014065 11111111
256 4 32 27 0.011341 11111111
256 4 32 28 0.014466 00000000
256 4 32 29 0.013630 11111111
256 4 32 30 0.013642 11111111
256 4 32 31 0.014770 11111111
256 4 32 32 0.014896 22222222
256 4 32 33 0.015390 00000000
256 4 32 34 0.012906 11111111
256 4 32 35 0.014694 22222222
256 4 32 36 0.012702 22222222
256 4 32 37 0.013880 11111111
256 4 32 38 0.013722 00000000
256 4 32 39 0.013802 00000000
256 4 32 40 0.013909 11111111
256 4 32 41 0.012668 22222222
256 4 32 42 0.015215 00000000
256 4 32 43 0.010904 11111111
256 4 32 44 0.011980 11111111
256 4 32 45 0.013396 00000000
256 4 32 46 0.013936 11111111
256 4 32 47 0.015329 11111111
256 4 32 48 0.012430 22222222
256 4 32 49 0.012576 11111111
256 4 32 50 0.013316 11111111
256 4 32 51 0.011845 00000000
256 4 32 52 0.014050 11111111
256 4 32 53 0.013826 11111111
256 4 32 54 0.014177 11111111
256 4 32 55 0.013603 11111111
256 4 32 56 0.011475 00000000
256 4 32 57 0.013867 11111111
256 4 32 58 0.012751 11111111
256 4 32 59 0.013412 00000000
256 4 32 60 0.013623 11111111
256 4 32 61 0.014710 11111111
256 4 32 62 0.013682 00000000
256 4 32 63 0.013357 11111111
256 4 32 64 0.011521 00000000
256 4 32 65 0.012028 00000000
256 4 32 66 0.013200 22222222
256 4 32 67 0.012539 00000000
256 4 32 68 0.012933 22222222
256 4 32 69 0.011476 11111111
256 4 32 70 0.013283 00000000
256 4 32 71 0.015427 00000000
256 4 32 72 0.011633 22222222
256 4 32 73 0.012716 22222222
256 4 32 74 0.011412 11111111
256 4 32 75 0.013374 11111111
256 4 32 76 0.012912 11111111
256 4 32 77 0.012833 11111111
256 4 32 78 0.012489 11111111
256 4 32 79 0.012635 11111111
256 4 32 80 0.013085 22222222
256 4 32 81 0.014489 22222222
256 4 32 82 0.014226 11111111
256 4 32 83 0.009759 22222222
256 4 32 84 0.012015 00000000
256 4 32 85 0.012564 11111111
256 4 32 86 0.014119 22222222
256 4 32 87 0.012029 11111111
256 4 32 88 0.013216 11111111
256 4 32 89 0.013794 11111111
256 4 32 90 0.014524 22222222
256 4 32 91 0.015419 11111111
256 4 32 92 0.012024 22222222
256 4 32 93 0.013357 11111111
256 4 32 94 0.013665 00000000
256 4 32 95 0.013891 11111111
256 4 32 96 0.014178 22222222
256 4 32 97 0.012910 00000000
256 4 32 98 0.013694 22222222
256 4 32 99 0.014513 22222222
256 8 16 0 0.098930 1111111111111111
256 8 16 1 0.084401 2222222222222222
256 8 16 2 0.086378 1111111111111111
256 8 16 3 0.071088 2222222222222222
256 8 16 4 0.098916 0000000000000000
256 8 16 5 0.069169 1111111111111111
256 8 16 6 0.083187 1111111111111111
256 8 16 7 0.085924 1111111111111111
256 8 16 8 0.090199 0000000000000000
256 8 16 9 0.084732 2222222222222222
256 8 16 10 0.085731 1111111111111111
256 8 16 11 0.085002 2222222222222222
256 8 16 12 0.076169 0000000000000000
256 8 16 13 0.075256 2222222222222222
256 8 16 14 0.083987 1111111111111111
256 8 16 15 0.079148 1111111111111111
256 8 16 16 0.069743 2222222222222222
256 8 16 17 0.075882 1111111111111111
256 8 16 18 0.094082 0000000000000000
256 8 16 19 0.090611 2222222222222222
256 8 16 20 0.074245 0000000000000000
256 8 16 21 0.075004 1111111111111111
256 8 16 22 0.089000 2222222222222222
256 8 16 23 0.089460 2222222222222222
256 8 16 24 0.080105 1111111111111111
256 8 16 25 0.078815 1111111111111111
256 8 16 26 0.082871 1111111111111111
256 8 16 27 0.068364 1111111111111111
256 8 16 28 0.087638 0000000000000000
256 8 16 29 0.075646 1111111111111111
256 8 16 30 0.076575 1111111111111111
256 8 16 31 0.088677 1111111111111111
256 8 16 32 0.086813 2222222222222222
256 8 16 33 0.095421 0000000000000000
256 8 16 34 0.077388 1111111111111111
256 8 16 35 0.089737 2222222222222222
256 8 16 36 0.079637 2222222222222222
256 8 16 37 0.083165 1111111111111111
256 8 16 38 0.086033 0000000000000000
256 8 16 39 0.080275 0000000000000000
256 8 16 40 0.085351 1111111111111111
256 8 16 41 0.072420 2222222222222222
256 8 16 42 0.094952 0000000000000000
256 8 16 43 0.063395 1111111111111111
256 8 16 44 0.069050 1111111111111111
256 8 16 45 0.078930 0000000000000000
256 8 16 46 0.091077 1111111111111111
256 8 16 47 0.090694 1111111111111111
256 8 16 48 0.072111 2222222222222222
256 8 16 49 0.073303 1111111111111111
256 8 16 50 0.074481 1111111111111111
256 8 16 51 0.069776 0000000000000000
256 8 16 52 0.083167 1111111111111111
256 8 16 53 0.078801 1111111111111111
256 8 16 54 0.078801 1111111111111111
256 8 16 55 0.082086 1111111111111111
256 8 16 56 0.071658 0000000000000000
256 8 16 57 0.079198 1111111111111111
256 8 16 58 0.080690 1111111111111111
256 8 16 59 0.078617 0000000000000000
256 8 16 60 0.081203 1111111111111111
256 8 16 61 0.089258 1111111111111111
256 8 16 62 0.085544 0000000000000000
256 8 16 63 0.084834 1111111111111111
256 8 16 64 0.072041 2222222222222222
256 8 16 65 0.074808 0000000000000000
256 8 16 66 0.079993 2222222222222222
256 8 16 67 0.072720 0000000000000000
256 8 16 68 0.064682 2222222222222222
256 8 16 69 0.067391 1111111111111111
256 8 16 70 0.082226 0000000000000000
256 8 16 71 0.090747 0000000000000000
256 8 16 72 0.069586 2222222222222222
256 8 16 73 0.071280 2222222222222222
256 8 16 74 0.066684 1111111111111111
256 8 16 75 0.081494 1111111111111111
256 8 16 76 0.076343 1111111111111111
256 8 16 77 0.077212 1111111111111111
256 8 16 78 0.076873 1111111111111111
256 8 16 79 0.071678 1111111111111111
256 8 16 80 0.077589 2222222222222222
256 8 16 81 0.088395 2222222222222222
256 8 16 82 0.089780 1111111111111111
256 8 16 83 0.050895 2222222222222222
256 8 16 84 0.068061 0000000000000000
256 8 16 85 0.077234 1111111111111111
256 8 16 86 0.087582 2222222222222222
256 8 16 87 0.074849 1111111111111111
256 8 16 88 0.078855 1111111111111111
256 8 16 89 0.081507 1111111111111111
256 8 16 90 0.089912 2222222222222222
256 8 16 91 0.094612 1111111111111111
256 8 16 92 0.071436 2222222222222222
256 8 16 93 0.080006 1111111111111111
256 8 16 94 0.080708 0000000000000000
256 8 16 95 0.083568 1111111111111111
256 8 16 96 0.079395 2222222222222222
256 8 16 97 0.076514 0000000000000000
256 8 16 98 0.084038 2222222222222222
256 8 16 99 0.088200 2222222222222222
256 8 32 0 0.052939 11111111
256 8 32 1 0.041370 22222222
256 8 32 2 0.043215 11111111
256 8 32 3 0.038535 22222222
256 8 32 4 0.053452 00000000
256 8 32 5 0.036340 11111111
256 8 32 6 0.044416 11111111
256 8 32 7 0.045649 11111111
256 8 32 8 0.047524 00000000
256 8 32 9 0.050162 22222222
256 8 32 10 0.043394 11111111
256 8 32 11 0.044968 22222222
256 8 32 12 0.039811 00000000
256 8 32 13 0.039872 22222222
256 8 32 14 0.043401 11111111
256 8 32 15 0.042622 11111111
256 8 32 16 0.035974 22222222
256 8 32 17 0.039059 11111111
256 8 32 18 0.050109 00000000
256 8 32 19 0.049948 22222222
256 8 32 20 0.043311 00000000
256 8 32 21 0.040612 11111111
256 8 32 22 0.051098 22222222
256 8 32 23 0.044098 22222222
256 8 32 24 0.039826 11111111
256 8 32 25 0.040394 11111111
256 8 32 26 0.044389 11111111
256 8 32 27 0.035106 11111111
256 8 32 28 0.045311 00000000
256 8 32 29 0.040863 11111111
256 8 32 30 0.040890 11111111
256 8 32 31 0.049559 11111111
256 8 32 32 0.047047 22222222
256 8 32 33 0.049858 00000000
256 8 32 34 0.041222 11111111
256 8 32 35 0.047224 22222222
256 8 32 36 0.039750 22222222
256 8 32 37 0.044732 11111111
256 8 32 38 0.046091 00000000
256 8 32 39 0.042259 00000000
256 8 32 40 0.048092 11111111
256 8 32 41 0.038684 22222222
256 8 32 42 0.047284 00000000
256 8 32 43 0.033328 11111111
256 8 32 44 0.036115 11111111
256 8 32 45 0.045814 00000000
256 8 32 46 0.046502 11111111
256 8 32 47 0.046841 11111111
256 8 32 48 0.037658 22222222
256 8 32 49 0.038118 11111111
256 8 32 50 0.039370 11111111
256 8 32 51 0.037601 00000000
256 8 32 52 0.047295 11111111
256 8 32 53 0.043075 11111111
256 8 32 54 0.041731 11111111
256 8 32 55 0.043270 11111111
256 8 32 56 0.039381 00000000
256 8 32 57 0.043267 11111111
256 8 32 58 0.042270 11111111
256 8 32 59 0.041954 00000000
256 8 32 60 0.043419 11111111
256 8 32 61 0.050637 11111111
256 8 32 62 0.047365 00000000
256 8 32 63 0.042845 11111111
256 8 32 64 0.036812 22222222
256 8 32 65 0.036444 00000000
256 8 32 66 0.043059 22222222
256 8 32 67 0.038883 00000000
256 8 32 68 0.035318 22222222
256 8 32 69 0.037426 11111111
256 8 32 70 0.040045 00000000
256 8 32 71 0.052004 00000000
256 8 32 72 0.036066 22222222
256 8 32 73 0.039809 22222222
256 8 32 74 0.034343 11111111
256 8 32 75 0.041408 11111111
256 8 32 76 0.039680 11111111
256 8 32 77 0.040173 11111111
256 8 32 78 0.038375 11111111
256 8 32 79 0.039318 11111111
256 8 32 80 0.043007 22222222
256 8 32 81 0.046408 22222222
256 8 32 82 0.045889 11111111
256 8 32 83 0.026740 22222222
256 8 32 84 0.035806 00000000
256 8 32 85 0.042896 11111111
256 8 32 86 0.045990 22222222
256 8 32 87 0.040404 11111111
256 8 32 88 0.042347 11111111
256 8 32 89 0.042780 11111111
256 8 32 90 0.047428 22222222
256 8 32 91 0.048599 11111111
256 8 32 92 0.037144 22222222
256 8 32 93 0.045116 11111111
256 8 32 94 0.042723 00000000
256 8 32 95 0.044829 11111111
256 8 32 96 0.043348 22222222
256 8 32 97 0.041012 00000000
256 8 32 98 0.045832 22222222
256 8 32 99 0.046392 22222222
512 2 4 0 0.145895 11111111111111111111111111111111111111111111111111111111111111111111111111111111111111111111111111111111111111111111111111111111
512 2 4 1 0.154262 22222222222222222222222222222222222222222222222222222222222222222222222222222222222222222222222222222222222222222222222222222222
512 2 4 2 0.151802 11111111111111111111111111111111111111111111111111111111111111111111111111111111111111111111111111111111111111111111111111111111
512 2 4 3 0.153414 00000000000000000000000000000000000000000000000000000000000000000000000000000000000000000000000000000000000000000000000000000000
512 2 4 4 0.143475 22222222222222222222222222222222222222222222222222222222222222222222222222222222222222222222222222222222222222222222222222222222
512 2 4 5 0.148138 00000000000000000000000000000000000000000000000000000000000000000000000000000000000000000000000000000000000000000000000000000000
512 2 4 6 0.149089 11111111111111111111111111111111111111111111111111111111111111111111111111111111111111111111111111111111111111111111111111111111
512 2 4 7 0.147379 22222222222222222222222222222222222222222222222222222222222222222222222222222222222222222222222222222222222222222222222222222222
512 2 4 8 0.146000 00000000000000000000000000000000000000000000000000000000000000000000000000000000000000000000000000000000000000000000000000000000
512 2 4 9 0.158263 22222222222222222222222222222222222222222222222222222222222222222222222222222222222222222222222222222222222222222222222222222222
512 2 4 10 0.149017 11111111111111111111111111111111111111111111111111111111111111111111111111111111111111111111111111111111111111111111111111111111
512 2 4 11 0.150035 11111111111111111111111111111111111111111111111111111111111111111111111111111111111111111111111111111111111111111111111111111111
512 2 4 12 0.149806 00000000000000000000000000000000000000000000000000000000000000000000000000000000000000000000000000000000000000000000000000000000
512 2 4 13 0.152142 11111111111111111111111111111111111111111111111111111111111111111111111111111111111111111111111111111111111111111111111111111111
512 2 4 14 0.154569 11111111111111111111111111111111111111111111111111111111111111111111111111111111111111111111111111111111111111111111111111111111
512 2 4 15 0.140416 00000000000000000000000000000000000000000000000000000000000000000000000000000000000000000000000000000000000000000000000000000000
512 2 4 16 0.161021 11111111111111111111111111111111111111111111111111111111111111111111111111111111111111111111111111111111111111111111111111111111
512 2 4 17 0.147599 11111111111111111111111111111111111111111111111111111111111111111111111111111111111111111111111111111111111111111111111111111111
512 2 4 18 0.141015 11111111111111111111111111111111111111111111111111111111111111111111111111111111111111111111111111111111111111111111111111111111
512 2 4 19 0.134472 11111111111111111111111111111111111111111111111111111111111111111111111111111111111111111111111111111111111111111111111111111111
512 2 4 20 0.145866 11111111111111111111111111111111111111111111111111111111111111111111111111111111111111111111111111111111111111111111111111111111
512 2 4 21 0.144591 22222222222222222222222222222222222222222222222222222222222222222222222222222222222222222222222222222222222222222222222222222222
512 2 4 22 0.142576 11111111111111111111111111111111111111111111111111111111111111111111111111111111111111111111111111111111111111111111111111111111
512 2 4 23 0.143502 11111111111111111111111111111111111111111111111111111111111111111111111111111111111111111111111111111111111111111111111111111111
512 2 4 24 0.150698 00000000000000000000000000000000000000000000000000000000000000000000000000000000000000000000000000000000000000000000000000000000
512 2 4 25 0.139962 11111111111111111111111111111111111111111111111111111111111111111111111111111111111111111111111111111111111111111111111111111111
512 2 4 26 0.141420 11111111111111111111111111111111111111111111111111111111111111111111111111111111111111111111111111111111111111111111111111111111
512 2 4 27 0.150836 00000000000000000000000000000000000000000000000000000000000000000000000000000000000000000000000000000000000000000000000000000000
512 2 4 28 0.145962 22222222222222222222222222222222222222222222222222222222222222222222222222222222222222222222222222222222222222222222222222222222
512 2 4 29 0.148573 00000000000000000000000000000000000000000000000000000000000000000000000000000000000000000000000000000000000000000000000000000000
512 2 4 30 0.145302 11111111111111111111111111111111111111111111111111111111111111111111111111111111111111111111111111111111111111111111111111111111
512 2 4 31 0.148152 11111111111111111111111111111111111111111111111111111111111111111111111111111111111111111111111111111111111111111111111111111111
512 2 4 32 0.161385 11111111111111111111111111111111111111111111111111111111111111111111111111111111111111111111111111111111111111111111111111111111
512 2 4 33 0.134359 11111111111111111111111111111111111111111111111111111111111111111111111111111111111111111111111111111111111111111111111111111111
512 2 4 34 0.145629 00000000000000000000000000000000000000000000000000000000000000000000000000000000000000000000000000000000000000000000000000000000
512 2 4 35 0.151749 00000000000000000000000000000000000000000000000000000000000000000000000000000000000000000000000000000000000000000000000000000000
512 2 4 36 0.157103 00000000000000000000000000000000000000000000000000000000000000000000000000000000000000000000000000000000000000000000000000000000
512 2 4 37 0.150123 22222222222222222222222222222222222222222222222222222222222222222222222222222222222222222222222222222222222222222222222222222222
512 2 4 38 0.134697 11111111111111111111111111111111111111111111111111111111111111111111111111111111111111111111111111111111111111111111111111111111
512 2 4 39 0.155556 22222222222222222222222222222222222222222222222222222222222222222222222222222222222222222222222222222222222222222222222222222222
512 2 4 40 0.145998 11111111111111111111111111111111111111111111111111111111111111111111111111111111111111111111111111111111111111111111111111111111
512 2 4 41 0.152882 00000000000000000000000000000000000000000000000000000000000000000000000000000000000000000000000000000000000000000000000000000000
512 2 4 42 0.158129 00000000000000000000000000000000000000000000000000000000000000000000000000000000000000000000000000000000000000000000000000000000
512 2 4 43 0.148828 11111111111111111111111111111111111111111111111111111111111111111111111111111111111111111111111111111111111111111111111111111111
512 2 4 44 0.162926 00000000000000000000000000000000000000000000000000000000000000000000000000000000000000000000000000000000000000000000000000000000
512 2 4 45 0.149561 00000000000000000000000000000000000000000000000000000000000000000000000000000000000000000000000000000000000000000000000000000000
512 2 4 46 0.160492 11111111111111111111111111111111111111111111111111111111111111111111111111111111111111111111111111111111111111111111111111111111
512 2 4 47 0.145819 11111111111111111111111111111111111111111111111111111111111111111111111111111111111111111111111111111111111111111111111111111111
512 2 4 48 0.163548 11111111111111111111111111111111111111111111111111111111111111111111111111111111111111111111111111111111111111111111111111111111
512 2 4 49 0.138433 11111111111111111111111111111111111111111111111111111111111111111111111111111111111111111111111111111111111111111111111111111111
512 2 4 50 0.140383 11111111111111111111111111111111111111111111111111111111111111111111111111111111111111111111111111111111111111111111111111111111
512 2 4 51 0.147010 00000000000000000000000000000000000000000000000000000000000000000000000000000000000000000000000000000000000000000000000000000000
512 2 4 52 0.145466 11111111111111111111111111111111111111111111111111111111111111111111111111111111111111111111111111111111111111111111111111111111
512 2 4 53 0.147045 11111111111111111111111111111111111111111111111111111111111111111111111111111111111111111111111111111111111111111111111111111111
512 2 4 54 0.142340 11111111111111111111111111111111111111111111111111111111111111111111111111111111111111111111111111111111111111111111111111111111
512 2 4 55 0.138587 00000000000000000000000000000000000000000000000000000000000000000000000000000000000000000000000000000000000000000000000000000000
512 2 4 56 0.146051 11111111111111111111111111111111111111111111111111111111111111111111111111111111111111111111111111111111111111111111111111111111
512 2 4 57 0.138931 11111111111111111111111111111111111111111111111111111111111111111111111111111111111111111111111111111111111111111111111111111111
512 2 4 58 0.143607 11111111111111111111111111111111111111111111111111111111111111111111111111111111111111111111111111111111111111111111111111111111
512 2 4 59 0.165246 11111111111111111111111111111111111111111111111111111111111111111111111111111111111111111111111111111111111111111111111111111111
512 2 4 60 0.151924 11111111111111111111111111111111111111111111111111111111111111111111111111111111111111111111111111111111111111111111111111111111
512 2 4 61 0.146159 11111111111111111111111111111111111111111111111111111111111111111111111111111111111111111111111111111111111111111111111111111111
512 2 4 62 0.145614 00000000000000000000000000000000000000000000000000000000000000000000000000000000000000000000000000000000000000000000000000000000
512 2 4 63 0.150151 00000000000000000000000000000000000000000000000000000000000000000000000000000000000000000000000000000000000000000000000000000000
512 2 4 64 0.154800 11111111111111111111111111111111111111111111111111111111111111111111111111111111111111111111111111111111111111111111111111111111
512 2 4 65 0.152672 11111111111111111111111111111111111111111111111111111111111111111111111111111111111111111111111111111111111111111111111111111111
512 2 4 66 0.148481 22222222222222222222222222222222222222222222222222222222222222222222222222222222222222222222222222222222222222222222222222222222
512 2 4 67 0.146504 22222222222222222222222222222222222222222222222222222222222222222222222222222222222222222222222222222222222222222222222222222222
512 2 4 68 0.141921 11111111111111111111111111111111111111111111111111111111111111111111111111111111111111111111111111111111111111111111111111111111
512 2 4 69 0.155806 22222222222222222222222222222222222222222222222222222222222222222222222222222222222222222222222222222222222222222222222222222222
512 2 4 70 0.155553 11111111111111111111111111111111111111111111111111111111111111111111111111111111111111111111111111111111111111111111111111111111
512 2 4 71 0.156852 00000000000000000000000000000000000000000000000000000000000000000000000000000000000000000000000000000000000000000000000000000000
512 2 4 72 0.151917 11111111111111111111111111111111111111111111111111111111111111111111111111111111111111111111111111111111111111111111111111111111
512 2 4 73 0.149517 00000000000000000000000000000000000000000000000000000000000000000000000000000000000000000000000000000000000000000000000000000000
512 2 4 74 0.137727 22222222222222222222222222222222222222222222222222222222222222222222222222222222222222222222222222222222222222222222222222222222
512 2 4 75 0.155375 11111111111111111111111111111111111111111111111111111111111111111111111111111111111111111111111111111111111111111111111111111111
512 2 4 76 0.155583 11111111111111111111111111111111111111111111111111111111111111111111111111111111111111111111111111111111111111111111111111111111
512 2 4 77 0.141567 00000000000000000000000000000000000000000000000000000000000000000000000000000000000000000000000000000000000000000000000000000000
512 2 4 78 0.148829 11111111111111111111111111111111111111111111111111111111111111111111111111111111111111111111111111111111111111111111111111111111
512 2 4 79 0.157112 11111111111111111111111111111111111111111111111111111111111111111111111111111111111111111111111111111111111111111111111111111111
512 2 4 80 0.144389 12222222222222222222222222222222222222222222222222222222222222222222222222222222222222222222222222222222222222222222222222222222
512 2 4 81 0.146311 00000000000000000000000000000000000000000000000000000000000000000000000000000000000000000000000000000000000000000000000000000000
512 2 4 82 0.143992 11111111111111111111111111111111111111111111111111111111111111111111111111111111111111111111111111111111111111111111111111111111
512 2 4 83 0.143167 11111111111111111111111111111111111111111111111111111111111111111111111111111111111111111111111111111111111111111111111111111111
512 2 4 84 0.164820 11111111111111111111111111111111111111111111111111111111111111111111111111111111111111111111111111111111111111111111111111111111
512 2 4 85 0.149953 00000000000000000000000000000000000000000000000000000000000000000000000000000000000000000000000000000000000000000000000000000000
512 2 4 86 0.148684 11111111111111111111111111111111111111111111111111111111111111111111111111111111111111111111111111111111111111111111111111111111
512 2 4 87 0.154513 11111111111111111111111111111111111111111111111111111111111111111111111111111111111111111111111111111111111111111111111111111111
512 2 4 88 0.156838 22222222222222222222222222222222222222222222222222222222222222222222222222222222222222222222222222222222222222222222222222222222
512 2 4 89 0.144278 11111111111111111111111111111111111111111111111111111111111111111111111111111111111111111111111111111111111111111111111111111111
512 2 4 90 0.147174 11111111111111111111111111111111111111111111111111111111111111111111111111111111111111111111111111111111111111111111111111111111
512 2 4 91 0.159628 22222222222222222222222222222222222222222222222222222222222222222222222222222222222222222222222222222222222222222222222222222222
512 2 4 92 0.154211 11111111111111111111111111111111111111111111111111111111111111111111111111111111111111111111111111111111111111111111111111111111
512 2 4 93 0.150589 11111111111111111111111111111111111111111111111111111111111111111111111111111111111111111111111111111111111111111111111111111111
512 2 4 94 0.152725 00000000000000000000000000000000000000000000000000000000000000000000000000000000000000000000000000000000000000000000000000000000
512 2 4 95 0.147683 00000000000000000000000000000000000000000000000000000000000000000000000000000000000000000000000000000000000000000000000000000000
512 2 4 96 0.146659 11111111111111111111111111111111111111111111111111111111111111111111111111111111111111111111111111111111111111111111111111111111
512 2 4 97 0.147674 11111111111111111111111111111111111111111111111111111111111111111111111111111111111111111111111111111111111111111111111111111111
512 2 4 98 0.151752 00000000000000000000000000000000000000000000000000000000000000000000000000000000000000000000000000000000000000000000000000000000
512 2 4 99 0.163445 11111111111111111111111111111111111111111111111111111111111111111111111111111111111111111111111111111111111111111111111111111111
512 2 8 0 0.071511 1111111111111111111111111111111111111111111111111111111111111111
512 2 8 1 0.076165 2222222222222222222222222222222222222222222222222222222222222222
512 2 8 2 0.075412 1111111111111111111111111111111111111111111111111111111111111111
512 2 8 3 0.076643 0000000000000000000000000000000000000000000000000000000000000000
512 2 8 4 0.071045 2222222222222222222222222222222222222222222222222222222222222222
512 2 8 5 0.074488 0000000000000000000000000000000000000000000000000000000000000000
512 2 8 6 0.078707 1111111111111111111111111111111111111111111111111111111111111111
512 2 8 7 0.073738 2222222222222222222222222222222222222222222222222222222222222222
512 2 8 8 0.071241 0000000000000000000000000000000000000000000000000000000000000000
512 2 8 9 0.078033 2222222222222222222222222222222222222222222222222222222222222222
512 2 8 10 0.073689 1111111111111111111111111111111111111111111111111111111111111111
512 2 8 11 0.074874 1111111111111111111111111111111111111111111111111111111111111111
512 2 8 12 0.071926 0000000000000000000000000000000000000000000000000000000000000000
512 2 8 13 0.076870 1111111111111111111111111111111111111111111111111111111111111111
512 2 8 14 0.077015 1111111111111111111111111111111111111111111111111111111111111111
512 2 8 15 0.070492 0000000000000000000000000000000000000000000000000000000000000000
512 2 8 16 0.079404 1111111111111111111111111111111111111111111111111111111111111111
512 2 8 17 0.073288 1111111111111111111111111111111111111111111111111111111111111111
512 2 8 18 0.069730 1111111111111111111111111111111111111111111111111111111111111111
512 2 8 19 0.067445 1111111111111111111111111111111111111111111111111111111111111111
512 2 8 20 0.075210 1111111111111111111111111111111111111111111111111111111111111111
512 2 8 21 0.072073 2222222222222222222222222222222222222222222222222222222222222222
512 2 8 22 0.071433 1111111111111111111111111111111111111111111111111111111111111111
512 2 8 23 0.069792 1111111111111111111111111111111111111111111111111111111111111111
512 2 8 24 0.078348 0000000000000000000000000000000000000000000000000000000000000000
512 2 8 25 0.068936 1111111111111111111111111111111111111111111111111111111111111111
512 2 8 26 0.069215 1111111111111111111111111111111111111111111111111111111111111111
512 2 8 27 0.074962 0000000000000000000000000000000000000000000000000000000000000000
512 2 8 28 0.074258 2222222222222222222222222222222222222222222222222222222222222222
512 2 8 29 0.074795 0000000000000000000000000000000000000000000000000000000000000000
512 2 8 30 0.073255 1111111111111111111111111111111111111111111111111111111111111111
512 2 8 31 0.074113 1111111111111111111111111111111111111111111111111111111111111111
512 2 8 32 0.080281 1111111111111111111111111111111111111111111111111111111111111111
512 2 8 33 0.067363 1111111111111111111111111111111111111111111111111111111111111111
512 2 8 34 0.072952 0000000000000000000000000000000000000000000000000000000000000000
512 2 8 35 0.076157 0000000000000000000000000000000000000000000000000000000000000000
512 2 8 36 0.078380 0000000000000000000000000000000000000000000000000000000000000000
512 2 8 37 0.076089 2222222222222222222222222222222222222222222222222222222222222222
512 2 8 38 0.067109 1111111111111111111111111111111111111111111111111111111111111111
512 2 8 39 0.077428 2222222222222222222222222222222222222222222222222222222222222222
512 2 8 40 0.073444 1111111111111111111111111111111111111111111111111111111111111111
512 2 8 41 0.076400 0000000000000000000000000000000000000000000000000000000000000000
512 2 8 42 0.078636 0000000000000000000000000000000000000000000000000000000000000000
512 2 8 43 0.075428 1111111111111111111111111111111111111111111111111111111111111111
512 2 8 44 0.080766 0000000000000000000000000000000000000000000000000000000000000000
512 2 8 45 0.075621 0000000000000000000000000000000000000000000000000000000000000000
512 2 8 46 0.081199 1111111111111111111111111111111111111111111111111111111111111111
512 2 8 47 0.071897 1111111111111111111111111111111111111111111111111111111111111111
512 2 8 48 0.082062 1111111111111111111111111111111111111111111111111111111111111111
512 2 8 49 0.068862 1111111111111111111111111111111111111111111111111111111111111111
512 2 8 50 0.068996 1111111111111111111111111111111111111111111111111111111111111111
512 2 8 51 0.073301 0000000000000000000000000000000000000000000000000000000000000000
512 2 8 52 0.071890 1111111111111111111111111111111111111111111111111111111111111111
512 2 8 53 0.072959 1111111111111111111111111111111111111111111111111111111111111111
512 2 8 54 0.070963 1111111111111111111111111111111111111111111111111111111111111111
512 2 8 55 0.069662 0000000000000000000000000000000000000000000000000000000000000000
512 2 8 56 0.072389 1111111111111111111111111111111111111111111111111111111111111111
512 2 8 57 0.070016 1111111111111111111111111111111111111111111111111111111111111111
512 2 8 58 0.072126 1111111111111111111111111111111111111111111111111111111111111111
512 2 8 59 0.076363 1111111111111111111111111111111111111111111111111111111111111111
512 2 8 60 0.074699 1111111111111111111111111111111111111111111111111111111111111111
512 2 8 61 0.071983 1111111111111111111111111111111111111111111111111111111111111111
512 2 8 62 0.072631 0000000000000000000000000000000000000000000000000000000000000000
512 2 8 63 0.074924 0000000000000000000000000000000000000000000000000000000000000000
512 2 8 64 0.079266 1111111111111111111111111111111111111111111111111111111111111111
512 2 8 65 0.078751 1111111111111111111111111111111111111111111111111111111111111111
512 2 8 66 0.073796 2222222222222222222222222222222222222222222222222222222222222222
512 2 8 67 0.073439 2222222222222222222222222222222222222222222222222222222222222222
512 2 8 68 0.079531 1111111111111111111111111111111111111111111111111111111111111111
512 2 8 69 0.077086 2222222222222222222222222222222222222222222222222222222222222222
512 2 8 70 0.078801 1111111111111111111111111111111111111111111111111111111111111111
512 2 8 71 0.079582 0000000000000000000000000000000000000000000000000000000000000000
512 2 8 72 0.075824 1111111111111111111111111111111111111111111111111111111111111111
512 2 8 73 0.076888 0000000000000000000000000000000000000000000000000000000000000000
512 2 8 74 0.068282 2222222222222222222222222222222222222222222222222222222222222222
512 2 8 75 0.076610 1111111111111111111111111111111111111111111111111111111111111111
512 2 8 76 0.077536 1111111111111111111111111111111111111111111111111111111111111111
512 2 8 77 0.072152 0000000000000000000000000000000000000000000000000000000000000000
512 2 8 78 0.074072 1111111111111111111111111111111111111111111111111111111111111111
512 2 8 79 0.077338 1111111111111111111111111111111111111111111111111111111111111111
512 2 8 80 0.072006 1111111111111111111111111111111111111111111111111111111111111111
512 2 8 81 0.073168 0000000000000000000000000000000000000000000000000000000000000000
512 2 8 82 0.070855 1111111111111111111111111111111111111111111111111111111111111111
512 2 8 83 0.072623 1111111111111111111111111111111111111111111111111111111111111111
512 2 8 84 0.083254 1111111111111111111111111111111111111111111111111111111111111111
512 2 8 85 0.074541 0000000000000000000000000000000000000000000000000000000000000000
512 2 8 86 0.074828 1111111111111111111111111111111111111111111111111111111111111111
512 2 8 87 0.076196 1111111111111111111111111111111111111111111111111111111111111111
512 2 8 88 0.077342 2222222222222222222222222222222222222222222222222222222222222222
512 2 8 89 0.071576 1111111111111111111111111111111111111111111111111111111111111111
512 2 8 90 0.074033 1111111111111111111111111111111111111111111111111111111111111111
512 2 8 91 0.079377 2222222222222222222222222222222222222222222222222222222222222222
512 2 8 92 0.078144 1111111111111111111111111111111111111111111111111111111111111111
512 2 8 93 0.075573 1111111111111111111111111111111111111111111111111111111111111111
512 2 8 94 0.075451 0000000000000000000000000000000000000000000000000000000000000000
512 2 8 95 0.075175 0000000000000000000000000000000000000000000000000000000000000000
512 2 8 96 0.072985 1111111111111111111111111111111111111111111111111111111111111111
512 2 8 97 0.077987 1111111111111111111111111111111111111111111111111111111111111111
512 2 8 98 0.074978 0000000000000000000000000000000000000000000000000000000000000000
512 2 8 99 0.081739 1111111111111111111111111111111111111111111111111111111111111111
512 2 16 0 0.036282 11111111111111111111111111111111
512 2 16 1 0.038841 22222222222222222222222222222222
512 2 16 2 0.038229 11111111111111111111111111111111
512 2 16 3 0.039255 00000000000000000000000000000000
512 2 16 4 0.036466 22222222222222222222222222222222
512 2 16 5 0.038499 00000000000000000000000000000000
512 2 16 6 0.037701 11111111111111111111111111111111
512 2 16 7 0.037836 22222222222222222222222222222222
512 2 16 8 0.036538 00000000000000000000000000000000
512 2 16 9 0.040145 22222222222222222222222222222222
512 2 16 10 0.037185 11111111111111111111111111111111
512 2 16 11 0.038000 11111111111111111111111111111111
512 2 16 12 0.035825 00000000000000000000000000000000
512 2 16 13 0.038955 11111111111111111111111111111111
512 2 16 14 0.039486 11111111111111111111111111111111
512 2 16 15 0.035673 00000000000000000000000000000000
512 2 16 16 0.040666 11111111111111111111111111111111
512 2 16 17 0.037749 11111111111111111111111111111111
512 2 16 18 0.035607 11111111111111111111111111111111
512 2 16 19 0.034296 11111111111111111111111111111111
512 2 16 20 0.037485 11111111111111111111111111111111
512 2 16 21 0.036091 22222222222222222222222222222222
512 2 16 22 0.036383 11111111111111111111111111111111
512 2 16 23 0.035097 11111111111111111111111111111111
512 2 16 24 0.038114 00000000000000000000000000000000
512 2 16 25 0.035090 11111111111111111111111111111111
512 2 16 26 0.035555 11111111111111111111111111111111
512 2 16 27 0.037984 00000000000000000000000000000000
512 2 16 28 0.037651 22222222222222222222222222222222
512 2 16 29 0.037872 00000000000000000000000000000000
512 2 16 30 0.036395 11111111111111111111111111111111
512 2 16 31 0.037954 11111111111111111111111111111111
512 2 16 32 0.040708 11111111111111111111111111111111
512 2 16 33 0.034207 11111111111111111111111111111111
512 2 16 34 0.036896 00000000000000000000000000000000
512 2 16 35 0.038241 00000000000000000000000000000000
512 2 16 36 0.039472 00000000000000000000000000000000
512 2 16 37 0.038879 22222222222222222222222222222222
512 2 16 38 0.033598 11111111111111111111111111111111
512 2 16 39 0.039547 22222222222222222222222222222222
512 2 16 40 0.036993 11111111111111111111111111111111
512 2 16 41 0.038820 00000000000000000000000000000000
512 2 16 42 0.040571 00000000000000000000000000000000
512 2 16 43 0.038569 11111111111111111111111111111111
512 2 16 44 0.040924 00000000000000000000000000000000
512 2 16 45 0.037763 00000000000000000000000000000000
512 2 16 46 0.040447 11111111111111111111111111111111
512 2 16 47 0.036393 11111111111111111111111111111111
512 2 16 48 0.041768 11111111111111111111111111111111
512 2 16 49 0.035039 11111111111111111111111111111111
512 2 16 50 0.034989 11111111111111111111111111111111
512 2 16 51 0.036757 00000000000000000000000000000000
512 2 16 52 0.036301 11111111111111111111111111111111
512 2 16 53 0.037026 11111111111111111111111111111111
512 2 16 54 0.035856 11111111111111111111111111111111
512 2 16 55 0.034864 00000000000000000000000000000000
512 2 16 56 0.037349 11111111111111111111111111111111
512 2 16 57 0.036241 11111111111111111111111111111111
512 2 16 58 0.036985 11111111111111111111111111111111
512 2 16 59 0.038047 11111111111111111111111111111111
512 2 16 60 0.036819 11111111111111111111111111111111
512 2 16 61 0.036653 11111111111111111111111111111111
512 2 16 62 0.037247 00000000000000000000000000000000
512 2 16 63 0.038220 00000000000000000000000000000000
512 2 16 64 0.040422 11111111111111111111111111111111
512 2 16 65 0.038928 11111111111111111111111111111111
512 2 16 66 0.037277 22222222222222222222222222222222
512 2 16 67 0.036802 22222222222222222222222222222222
512 2 16 68 0.036117 11111111111111111111111111111111
512 2 16 69 0.038602 22222222222222222222222222222222
512 2 16 70 0.039770 11111111111111111111111111111111
512 2 16 71 0.040364 00000000000000000000000000000000
512 2 16 72 0.038676 11111111111111111111111111111111
512 2 16 73 0.037858 00000000000000000000000000000000
512 2 16 74 0.034451 22222222222222222222222222222222
512 2 16 75 0.039258 11111111111111111111111111111111
512 2 16 76 0.039365 11111111111111111111111111111111
512 2 16 77 0.036393 00000000000000000000000000000000
512 2 16 78 0.037772 11111111111111111111111111111111
512 2 16 79 0.040139 11111111111111111111111111111111
512 2 16 80 0.036074 11111111111111111111111111111111
512 2 16 81 0.037326 00000000000000000000000000000000
512 2 16 82 0.036148 11111111111111111111111111111111
512 2 16 83 0.037070 11111111111111111111111111111111
512 2 16 84 0.042277 11111111111111111111111111111111
512 2 16 85 0.037823 00000000000000000000000000000000
512 2 16 86 0.037682 11111111111111111111111111111111
512 2 16 87 0.038760 11111111111111111111111111111111
512 2 16 88 0.039189 22222222222222222222222222222222
512 2 16 89 0.036143 11111111111111111111111111111111
512 2 16 90 0.037602 11111111111111111111111111111111
512 2 16 91 0.040276 22222222222222222222222222222222
512 2 16 92 0.040173 11111111111111111111111111111111
512 2 16 93 0.038874 11111111111111111111111111111111
512 2 16 94 0.037776 00000000000000000000000000000000
512 2 16 95 0.037739 00000000000000000000000000000000
512 2 16 96 0.037006 11111111111111111111111111111111
512 2 16 97 0.037587 11111111111111111111111111111111
512 2 16 98 0.037829 00000000000000000000000000000000
512 2 16 99 0.041546 11111111111111111111111111111111
512 2 32 0 0.018869 1111111111111111
512 2 32 1 0.020852 2222222222222222
512 2 32 2 0.019979 1111111111111111
512 2 32 3 0.019796 0000000000000000
512 2 32 4 0.018946 2222222222222222
512 2 32 5 0.019452 0000000000000000
512 2 32 6 0.019396 1111111111111111
512 2 32 7 0.019101 2222222222222222
512 2 32 8 0.018825 0000000000000000
512 2 32 9 0.021054 2222222222222222
512 2 32 10 0.019274 1111111111111111
512 2 32 11 0.019778 1111111111111111
512 2 32 12 0.019248 0000000000000000
512 2 32 13 0.020165 1111111111111111
512 2 32 14 0.020316 1111111111111111
512 2 32 15 0.018555 0000000000000000
512 2 32 16 0.020663 1111111111111111
512 2 32 17 0.019058 1111111111111111
512 2 32 18 0.019410 1111111111111111
512 2 32 19 0.017590 1111111111111111
512 2 32 20 0.019342 1111111111111111
512 2 32 21 0.018560 2222222222222222
512 2 32 22 0.018760 1111111111111111
512 2 32 23 0.018527 1111111111111111
512 2 32 24 0.019579 0000000000000000
512 2 32 25 0.018043 1111111111111111
512 2 32 26 0.018020 1111111111111111
512 2 32 27 0.019731 0000000000000000
512 2 32 28 0.019610 2222222222222222
512 2 32 29 0.019551 0000000000000000
512 2 32 30 0.018743 1111111111111111
512 2 32 31 0.019537 1111111111111111
512 2 32 32 0.020554 1111111111111111
512 2 32 33 0.017581 1111111111111111
512 2 32 34 0.019125 0000000000000000
512 2 32 35 0.019834 0000000000000000
512 2 32 36 0.020470 0000000000000000
512 2 32 37 0.019820 2222222222222222
512 2 32 38 0.017372 1111111111111111
512 2 32 39 0.020256 2222222222222222
512 2 32 40 0.019018 1111111111111111
512 2 32 41 0.019683 0000000000000000
512 2 32 42 0.020523 0000000000000000
512 2 32 43 0.019916 1111111111111111
512 2 32 44 0.021089 0000000000000000
512 2 32 45 0.019605 0000000000000000
512 2 32 46 0.020695 1111111111111111
512 2 32 47 0.018609 1111111111111111
512 2 32 48 0.021841 1111111111111111
512 2 32 49 0.018034 1111111111111111
512 2 32 50 0.018167 1111111111111111
512 2 32 51 0.018996 0000000000000000
512 2 32 52 0.018828 1111111111111111
512 2 32 53 0.019455 1111111111111111
512 2 32 54 0.018167 1111111111111111
512 2 32 55 0.018317 0000000000000000
512 2 32 56 0.019039 1111111111111111
512 2 32 57 0.018364 1111111111111111
512 2 32 58 0.018704 1111111111111111
512 2 32 59 0.019660 1111111111111111
512 2 32 60 0.019127 1111111111111111
512 2 32 61 0.018709 1111111111111111
512 2 32 62 0.019328 0000000000000000
512 2 32 63 0.019607 0000000000000000
512 2 32 64 0.021149 1111111111111111
512 2 32 65 0.020074 1111111111111111
512 2 32 66 0.019272 2222222222222222
512 2 32 67 0.019226 2222222222222222
512 2 32 68 0.018629 1111111111111111
512 2 32 69 0.020180 2222222222222222
512 2 32 70 0.020776 1111111111111111
512 2 32 71 0.021547 0000000000000000
512 2 32 72 0.019738 1111111111111111
512 2 32 73 0.019526 0000000000000000
512 2 32 74 0.017928 2222222222222222
512 2 32 75 0.020112 1111111111111111
512 2 32 76 0.020660 1111111111111111
512 2 32 77 0.018511 0000000000000000
512 2 32 78 0.019573 1111111111111111
512 2 32 79 0.020178 1111111111111111
512 2 32 80 0.018626 1111111111111111
512 2 32 81 0.019611 0000000000000000
512 2 32 82 0.018607 1111111111111111
512 2 32 83 0.020473 1111111111111111
512 2 32 84 0.021545 1111111111111111
512 2 32 85 0.019374 0000000000000000
512 2 32 86 0.019646 1111111111111111
512 2 32 87 0.019891 1111111111111111
512 2 32 88 0.020251 2222222222222222
512 2 32 89 0.018535 1111111111111111
512 2 32 90 0.019346 1111111111111111
512 2 32 91 0.020672 2222222222222222
512 2 32 92 0.020261 1111111111111111
512 2 32 93 0.019502 1111111111111111
512 2 32 94 0.019512 0000000000000000
512 2 32 95 0.020005 0000000000000000
512 2 32 96 0.018629 1111111111111111
512 2 32 97 0.019572 1111111111111111
512 2 32 98 0.019278 0000000000000000
512 2 32 99 0.021779 1111111111111111
512 4 8 0 0.195407 1111111111111111111111111111111111111111111111111111111111111111
512 4 8 1 0.207254 2222222222222222222222222222222222222222222222222222222222222222
512 4 8 2 0.207168 1111111111111111111111111111111111111111111111111111111111111111
512 4 8 3 0.206047 0000000000000000000000000000000000000000000000000000000000000000
512 4 8 4 0.185542 2222222222222222222222222222222222222222222222222222222222222222
512 4 8 5 0.199610 0000000000000000000000000000000000000000000000000000000000000000
512 4 8 6 0.202914 1111111111111111111111111111111111111111111111111111111111111111
512 4 8 7 0.211248 2222222222222222222222222222222222222222222222222222222222222222
512 4 8 8 0.192975 0000000000000000000000000000000000000000000000000000000000000000
512 4 8 9 0.218103 2222222222222222222222222222222222222222222222222222222222222222
512 4 8 10 0.201398 1111111111111111111111111111111111111111111111111111111111111111
512 4 8 11 0.205698 1111111111111111111111111111111111111111111111111111111111111111
512 4 8 12 0.192861 0000000000000000000000000000000000000000000000000000000000000000
512 4 8 13 0.207901 1111111111111111111111111111111111111111111111111111111111111111
512 4 8 14 0.213524 1111111111111111111111111111111111111111111111111111111111111111
512 4 8 15 0.187466 0000000000000000000000000000000000000000000000000000000000000000
512 4 8 16 0.221437 1111111111111111111111111111111111111111111111111111111111111111
512 4 8 17 0.200784 1111111111111111111111111111111111111111111111111111111111111111
512 4 8 18 0.187832 1111111111111111111111111111111111111111111111111111111111111111
512 4 8 19 0.176005 1111111111111111111111111111111111111111111111111111111111111111
512 4 8 20 0.190313 1111111111111111111111111111111111111111111111111111111111111111
512 4 8 21 0.190146 2222222222222222222222222222222222222222222222222222222222222222
512 4 8 22 0.191240 1111111111111111111111111111111111111111111111111111111111111111
512 4 8 23 0.179885 1111111111111111111111111111111111111111111111111111111111111111
512 4 8 24 0.226591 0000000000000000000000000000000000000000000000000000000000000000
512 4 8 25 0.189305 1111111111111111111111111111111111111111111111111111111111111111
512 4 8 26 0.187520 1111111111111111111111111111111111111111111111111111111111111111
512 4 8 27 0.203076 0000000000000000000000000000000000000000000000000000000000000000
512 4 8 28 0.197346 2222222222222222222222222222222222222222222222222222222222222222
512 4 8 29 0.193679 0000000000000000000000000000000000000000000000000000000000000000
512 4 8 30 0.188804 1111111111111111111111111111111111111111111111111111111111111111
512 4 8 31 0.198576 1111111111111111111111111111111111111111111111111111111111111111
512 4 8 32 0.214576 1111111111111111111111111111111111111111111111111111111111111111
512 4 8 33 0.179818 1111111111111111111111111111111111111111111111111111111111111111
512 4 8 34 0.193497 0000000000000000000000000000000000000000000000000000000000000000
512 4 8 35 0.205745 0000000000000000000000000000000000000000000000000000000000000000
512 4 8 36 0.209718 0000000000000000000000000000000000000000000000000000000000000000
512 4 8 37 0.209359 2222222222222222222222222222222222222222222222222222222222222222
512 4 8 38 0.172235 1111111111111111111111111111111111111111111111111111111111111111
512 4 8 39 0.216598 2222222222222222222222222222222222222222222222222222222222222222
512 4 8 40 0.197732 1111111111111111111111111111111111111111111111111111111111111111
512 4 8 41 0.201498 0000000000000000000000000000000000000000000000000000000000000000
512 4 8 42 0.216006 0000000000000000000000000000000000000000000000000000000000000000
512 4 8 43 0.201138 1111111111111111111111111111111111111111111111111111111111111111
512 4 8 44 0.224259 0000000000000000000000000000000000000000000000000000000000000000
512 4 8 45 0.198540 0000000000000000000000000000000000000000000000000000000000000000
512 4 8 46 0.221010 1111111111111111111111111111111111111111111111111111111111111111
512 4 8 47 0.193641 1111111111111111111111111111111111111111111111111111111111111111
512 4 8 48 0.227653 1111111111111111111111111111111111111111111111111111111111111111
512 4 8 49 0.180985 1111111111111111111111111111111111111111111111111111111111111111
512 4 8 50 0.183482 1111111111111111111111111111111111111111111111111111111111111111
512 4 8 51 0.195318 0000000000000000000000000000000000000000000000000000000000000000
512 4 8 52 0.191897 1111111111111111111111111111111111111111111111111111111111111111
512 4 8 53 0.198252 1111111111111111111111111111111111111111111111111111111111111111
512 4 8 54 0.186366 1111111111111111111111111111111111111111111111111111111111111111
512 4 8 55 0.187185 0000000000000000000000000000000000000000000000000000000000000000
512 4 8 56 0.189122 1111111111111111111111111111111111111111111111111111111111111111
512 4 8 57 0.181547 1111111111111111111111111111111111111111111111111111111111111111
512 4 8 58 0.187056 1111111111111111111111111111111111111111111111111111111111111111
512 4 8 59 0.203353 1111111111111111111111111111111111111111111111111111111111111111
512 4 8 60 0.198602 1111111111111111111111111111111111111111111111111111111111111111
512 4 8 61 0.189960 1111111111111111111111111111111111111111111111111111111111111111
512 4 8 62 0.196009 0000000000000000000000000000000000000000000000000000000000000000
512 4 8 63 0.198527 0000000000000000000000000000000000000000000000000000000000000000
512 4 8 64 0.217911 1111111111111111111111111111111111111111111111111111111111111111
512 4 8 65 0.205661 1111111111111111111111111111111111111111111111111111111111111111
512 4 8 66 0.202102 2222222222222222222222222222222222222222222222222222222222222222
512 4 8 67 0.199324 2222222222222222222222222222222222222222222222222222222222222222
512 4 8 68 0.183842 1111111111111111111111111111111111111111111111111111111111111111
512 4 8 69 0.213234 2222222222222222222222222222222222222222222222222222222222222222
512 4 8 70 0.213014 1111111111111111111111111111111111111111111111111111111111111111
512 4 8 71 0.214475 0000000000000000000000000000000000000000000000000000000000000000
512 4 8 72 0.193565 1111111111111111111111111111111111111111111111111111111111111111
512 4 8 73 0.204961 0000000000000000000000000000000000000000000000000000000000000000
512 4 8 74 0.178026 2222222222222222222222222222222222222222222222222222222222222222
512 4 8 75 0.207850 1111111111111111111111111111111111111111111111111111111111111111
512 4 8 76 0.215176 1111111111111111111111111111111111111111111111111111111111111111
512 4 8 77 0.191361 0000000000000000000000000000000000000000000000000000000000000000
512 4 8 78 0.202218 1111111111111111111111111111111111111111111111111111111111111111
512 4 8 79 0.213213 1111111111111111111111111111111111111111111111111111111111111111
512 4 8 80 0.188177 2222222222222222222222222222222222222222222222222222222222222222
512 4 8 81 0.199796 0000000000000000000000000000000000000000000000000000000000000000
512 4 8 82 0.187044 1111111111111111111111111111111111111111111111111111111111111111
512 4 8 83 0.189867 1111111111111111111111111111111111111111111111111111111111111111
512 4 8 84 0.225181 1111111111111111111111111111111111111111111111111111111111111111
512 4 8 85 0.203494 0000000000000000000000000000000000000000000000000000000000000000
512 4 8 86 0.197115 1111111111111111111111111111111111111111111111111111111111111111
512 4 8 87 0.207627 1111111111111111111111111111111111111111111111111111111111111111
512 4 8 88 0.208097 2222222222222222222222222222222222222222222222222222222222222222
512 4 8 89 0.191194 1111111111111111111111111111111111111111111111111111111111111111
512 4 8 90 0.200582 1111111111111111111111111111111111111111111111111111111111111111
512 4 8 91 0.220785 2222222222222222222222222222222222222222222222222222222222222222
512 4 8 92 0.214034 1111111111111111111111111111111111111111111111111111111111111111
512 4 8 93 0.203784 1111111111111111111111111111111111111111111111111111111111111111
512 4 8 94 0.202491 0000000000000000000000000000000000000000000000000000000000000000
512 4 8 95 0.198871 0000000000000000000000000000000000000000000000000000000000000000
512 4 8 96 0.188596 1111111111111111111111111111111111111111111111111111111111111111
512 4 8 97 0.203662 1111111111111111111111111111111111111111111111111111111111111111
512 4 8 98 0.197736 0000000000000000000000000000000000000000000000000000000000000000
512 4 8 99 0.217897 1111111111111111111111111111111111111111111111111111111111111111
512 4 16 0 0.101419 11111111111111111111111111111111
512 4 16 1 0.104120 22222222222222222222222222222222
512 4 16 2 0.100308 11111111111111111111111111111111
512 4 16 3 0.101404 00000000000000000000000000000000
512 4 16 4 0.096898 22222222222222222222222222222222
512 4 16 5 0.101115 00000000000000000000000000000000
512 4 16 6 0.101866 11111111111111111111111111111111
512 4 16 7 0.099848 22222222222222222222222222222222
512 4 16 8 0.096555 00000000000000000000000000000000
512 4 16 9 0.110887 22222222222222222222222222222222
512 4 16 10 0.102320 11111111111111111111111111111111
512 4 16 11 0.105835 11111111111111111111111111111111
512 4 16 12 0.096190 00000000000000000000000000000000
512 4 16 13 0.105064 11111111111111111111111111111111
512 4 16 14 0.107207 11111111111111111111111111111111
512 4 16 15 0.094688 00000000000000000000000000000000
512 4 16 16 0.110184 11111111111111111111111111111111
512 4 16 17 0.101846 11111111111111111111111111111111
512 4 16 18 0.093954 11111111111111111111111111111111
512 4 16 19 0.088795 11111111111111111111111111111111
512 4 16 20 0.097693 11111111111111111111111111111111
512 4 16 21 0.095947 22222222222222222222222222222222
512 4 16 22 0.096959 11111111111111111111111111111111
512 4 16 23 0.091114 11111111111111111111111111111111
512 4 16 24 0.107930 00000000000000000000000000000000
512 4 16 25 0.093178 11111111111111111111111111111111
512 4 16 26 0.096725 11111111111111111111111111111111
512 4 16 27 0.105865 00000000000000000000000000000000
512 4 16 28 0.099400 22222222222222222222222222222222
512 4 16 29 0.096982 00000000000000000000000000000000
512 4 16 30 0.095802 11111111111111111111111111111111
512 4 16 31 0.102510 11111111111111111111111111111111
512 4 16 32 0.107944 11111111111111111111111111111111
512 4 16 33 0.091700 11111111111111111111111111111111
512 4 16 34 0.100254 00000000000000000000000000000000
512 4 16 35 0.106903 00000000000000000000000000000000
512 4 16 36 0.106767 00000000000000000000000000000000
512 4 16 37 0.103804 22222222222222222222222222222222
512 4 16 38 0.087512 11111111111111111111111111111111
512 4 16 39 0.106599 22222222222222222222222222222222
512 4 16 40 0.099623 11111111111111111111111111111111
512 4 16 41 0.099344 00000000000000000000000000000000
512 4 16 42 0.108909 00000000000000000000000000000000
512 4 16 43 0.101857 11111111111111111111111111111111
512 4 16 44 0.113007 00000000000000000000000000000000
512 4 16 45 0.103854 00000000000000000000000000000000
512 4 16 46 0.110319 11111111111111111111111111111111
512 4 16 47 0.095904 11111111111111111111111111111111
512 4 16 48 0.113529 11111111111111111111111111111111
512 4 16 49 0.092379 11111111111111111111111111111111
512 4 16 50 0.093343 11111111111111111111111111111111
512 4 16 51 0.097793 00000000000000000000000000000000
512 4 16 52 0.097443 11111111111111111111111111111111
512 4 16 53 0.098830 11111111111111111111111111111111
512 4 16 54 0.101830 11111111111111111111111111111111
512 4 16 55 0.098246 00000000000000000000000000000000
512 4 16 56 0.096610 11111111111111111111111111111111
512 4 16 57 0.091507 11111111111111111111111111111111
512 4 16 58 0.095716 11111111111111111111111111111111
512 4 16 59 0.105006 11111111111111111111111111111111
512 4 16 60 0.099606 11111111111111111111111111111111
512 4 16 61 0.095988 11111111111111111111111111111111
512 4 16 62 0.099763 00000000000000000000000000000000
512 4 16 63 0.102931 00000000000000000000000000000000
512 4 16 64 0.110501 11111111111111111111111111111111
512 4 16 65 0.103466 11111111111111111111111111111111
512 4 16 66 0.100088 22222222222222222222222222222222
512 4 16 67 0.099355 22222222222222222222222222222222
512 4 16 68 0.092779 11111111111111111111111111111111
512 4 16 69 0.105958 22222222222222222222222222222222
512 4 16 70 0.107872 11111111111111111111111111111111
512 4 16 71 0.112126 00000000000000000000000000000000
512 4 16 72 0.097802 11111111111111111111111111111111
512 4 16 73 0.103688 00000000000000000000000000000000
512 4 16 74 0.090366 22222222222222222222222222222222
512 4 16 75 0.108559 11111111111111111111111111111111
512 4 16 76 0.108741 11111111111111111111111111111111
512 4 16 77 0.097986 00000000000000000000000000000000
512 4 16 78 0.105068 11111111111111111111111111111111
512 4 16 79 0.105997 11111111111111111111111111111111
512 4 16 80 0.093475 22222222222222222222222222222222
512 4 16 81 0.100463 00000000000000000000000000000000
512 4 16 82 0.094070 11111111111111111111111111111111
512 4 16 83 0.096112 11111111111111111111111111111111
512 4 16 84 0.115316 11111111111111111111111111111111
512 4 16 85 0.102515 00000000000000000000000000000000
512 4 16 86 0.101278 11111111111111111111111111111111
512 4 16 87 0.107431 11111111111111111111111111111111
512 4 16 88 0.104872 22222222222222222222222222222222
512 4 16 89 0.098130 11111111111111111111111111111111
512 4 16 90 0.100968 11111111111111111111111111111111
512 4 16 91 0.111187 22222222222222222222222222222222
512 4 16 92 0.109244 11111111111111111111111111111111
512 4 16 93 0.102431 11111111111111111111111111111111
512 4 16 94 0.101998 00000000000000000000000000000000
512 4 16 95 0.100145 00000000000000000000000000000000
512 4 16 96 0.096436 11111111111111111111111111111111
512 4 16 97 0.100929 11111111111111111111111111111111
512 4 16 98 0.104809 00000000000000000000000000000000
512 4 16 99 0.117547 11111111111111111111111111111111
512 4 32 0 0.051044 1111111111111111
512 4 32 1 0.054328 2222222222222222
512 4 32 2 0.052269 1111111111111111
512 4 32 3 0.052068 0000000000000000
512 4 32 4 0.048249 2222222222222222
512 4 32 5 0.052512 0000000000000000
512 4 32 6 0.052627 1111111111111111
512 4 32 7 0.052161 2222222222222222
512 4 32 8 0.050704 0000000000000000
512 4 32 9 0.057347 2222222222222222
512 4 32 10 0.053272 1111111111111111
512 4 32 11 0.055519 1111111111111111
512 4 32 12 0.049217 0000000000000000
512 4 32 13 0.054123 1111111111111111
512 4 32 14 0.055500 1111111111111111
512 4 32 15 0.047061 0000000000000000
512 4 32 16 0.057629 1111111111111111
512 4 32 17 0.053167 1111111111111111
512 4 32 18 0.048133 1111111111111111
512 4 32 19 0.045605 1111111111111111
512 4 32 20 0.049634 1111111111111111
512 4 32 21 0.049373 2222222222222222
512 4 32 22 0.049854 1111111111111111
512 4 32 23 0.046761 1111111111111111
512 4 32 24 0.053624 0000000000000000
512 4 32 25 0.048970 1111111111111111
512 4 32 26 0.054484 1111111111111111
512 4 32 27 0.054003 0000000000000000
512 4 32 28 0.050952 2222222222222222
512 4 32 29 0.051999 0000000000000000
512 4 32 30 0.050500 1111111111111111
512 4 32 31 0.053584 1111111111111111
512 4 32 32 0.055813 1111111111111111
512 4 32 33 0.047619 1111111111111111
512 4 32 34 0.050930 0000000000000000
512 4 32 35 0.054659 0000000000000000
512 4 32 36 0.054338 0000000000000000
512 4 32 37 0.051856 2222222222222222
512 4 32 38 0.045364 1111111111111111
512 4 32 39 0.054706 2222222222222222
512 4 32 40 0.050626 1111111111111111
512 4 32 41 0.051170 0000000000000000
512 4 32 42 0.055202 0000000000000000
512 4 32 43 0.053106 1111111111111111
512 4 32 44 0.058635 0000000000000000
512 4 32 45 0.052582 0000000000000000
512 4 32 46 0.057140 1111111111111111
512 4 32 47 0.049696 1111111111111111
512 4 32 48 0.058162 1111111111111111
512 4 32 49 0.049168 1111111111111111
512 4 32 50 0.047923 1111111111111111
512 4 32 51 0.050731 0000000000000000
512 4 32 52 0.051040 1111111111111111
512 4 32 53 0.051135 1111111111111111
512 4 32 54 0.049217 1111111111111111
512 4 32 55 0.049163 0000000000000000
512 4 32 56 0.049814 1111111111111111
512 4 32 57 0.047498 1111111111111111
512 4 32 58 0.051351 1111111111111111
512 4 32 59 0.052563 1111111111111111
512 4 32 60 0.051759 1111111111111111
512 4 32 61 0.050322 1111111111111111
512 4 32 62 0.053083 0000000000000000
512 4 32 63 0.052134 0000000000000000
512 4 32 64 0.057560 1111111111111111
512 4 32 65 0.056447 1111111111111111
512 4 32 66 0.052995 2222222222222222
512 4 32 67 0.051289 2222222222222222
512 4 32 68 0.048409 1111111111111111
512 4 32 69 0.056320 2222222222222222
512 4 32 70 0.056005 1111111111111111
512 4 32 71 0.057886 0000000000000000
512 4 32 72 0.050869 1111111111111111
512 4 32 73 0.053327 0000000000000000
512 4 32 74 0.046606 2222222222222222
512 4 32 75 0.054529 1111111111111111
512 4 32 76 0.055627 1111111111111111
512 4 32 77 0.051114 0000000000000000
512 4 32 78 0.054554 1111111111111111
512 4 32 79 0.054521 1111111111111111
512 4 32 80 0.048289 2222222222222222
512 4 32 81 0.054355 0000000000000000
512 4 32 82 0.049280 1111111111111111
512 4 32 83 0.049949 1111111111111111
512 4 32 84 0.058554 1111111111111111
512 4 32 85 0.052118 0000000000000000
512 4 32 86 0.051975 1111111111111111
512 4 32 87 0.054694 1111111111111111
512 4 32 88 0.053420 2222222222222222
512 4 32 89 0.049784 1111111111111111
512 4 32 90 0.052130 1111111111111111
512 4 32 91 0.057272 2222222222222222
512 4 32 92 0.055279 1111111111111111
512 4 32 93 0.052673 1111111111111111
512 4 32 94 0.053247 0000000000000000
512 4 32 95 0.052213 0000000000000000
512 4 32 96 0.050266 1111111111111111
512 4 32 97 0.052060 1111111111111111
512 4 32 98 0.051924 0000000000000000
512 4 32 99 0.058349 1111111111111111
512 8 16 0 0.325490 11111111111111111111111111111111
512 8 16 1 0.341425 22222222222222222222222222222222
512 8 16 2 0.347651 11111111111111111111111111111111
512 8 16 3 0.344981 00000000000000000000000000000000
512 8 16 4 0.310074 22222222222222222222222222222222
512 8 16 5 0.325317 00000000000000000000000000000000
512 8 16 6 0.331012 11111111111111111111111111111111
512 8 16 7 0.340316 22222222222222222222222222222222
512 8 16 8 0.321663 00000000000000000000000000000000
512 8 16 9 0.369401 22222222222222222222222222222222
512 8 16 10 0.326377 11111111111111111111111111111111
512 8 16 11 0.326714 11111111111111111111111111111111
512 8 16 12 0.315398 00000000000000000000000000000000
512 8 16 13 0.345082 11111111111111111111111111111111
512 8 16 14 0.340991 11111111111111111111111111111111
512 8 16 15 0.301988 00000000000000000000000000000000
512 8 16 16 0.361466 11111111111111111111111111111111
512 8 16 17 0.333200 11111111111111111111111111111111
512 8 16 18 0.293103 11111111111111111111111111111111
512 8 16 19 0.284091 11111111111111111111111111111111
512 8 16 20 0.312417 11111111111111111111111111111111
512 8 16 21 0.301185 22222222222222222222222222222222
512 8 16 22 0.306553 11111111111111111111111111111111
512 8 16 23 0.306262 11111111111111111111111111111111
512 8 16 24 0.332334 00000000000000000000000000000000
512 8 16 25 0.288810 11111111111111111111111111111111
512 8 16 26 0.301550 11111111111111111111111111111111
512 8 16 27 0.332777 00000000000000000000000000000000
512 8 16 28 0.321647 22222222222222222222222222222222
512 8 16 29 0.309008 00000000000000000000000000000000
512 8 16 30 0.314901 11111111111111111111111111111111
512 8 16 31 0.322365 11111111111111111111111111111111
512 8 16 32 0.364637 11111111111111111111111111111111
512 8 16 33 0.287913 11111111111111111111111111111111
512 8 16 34 0.306681 00000000000000000000000000000000
512 8 16 35 0.329730 00000000000000000000000000000000
512 8 16 36 0.337996 00000000000000000000000000000000
512 8 16 37 0.332711 22222222222222222222222222222222
512 8 16 38 0.266316 11111111111111111111111111111111
512 8 16 39 0.341014 22222222222222222222222222222222
512 8 16 40 0.319082 11111111111111111111111111111111
512 8 16 41 0.322030 00000000000000000000000000000000
512 8 16 42 0.336598 00000000000000000000000000000000
512 8 16 43 0.327660 11111111111111111111111111111111
512 8 16 44 0.363240 00000000000000000000000000000000
512 8 16 45 0.329050 00000000000000000000000000000000
512 8 16 46 0.350124 11111111111111111111111111111111
512 8 16 47 0.303508 11111111111111111111111111111111
512 8 16 48 0.393477 11111111111111111111111111111111
512 8 16 49 0.292287 11111111111111111111111111111111
512 8 16 50 0.303004 11111111111111111111111111111111
512 8 16 51 0.327369 00000000000000000000000000000000
512 8 16 52 0.324422 11111111111111111111111111111111
512 8 16 53 0.307157 11111111111111111111111111111111
512 8 16 54 0.309435 11111111111111111111111111111111
512 8 16 55 0.305555 00000000000000000000000000000000
512 8 16 56 0.331082 11111111111111111111111111111111
512 8 16 57 0.302895 11111111111111111111111111111111
512 8 16 58 0.300764 11111111111111111111111111111111
512 8 16 59 0.330759 11111111111111111111111111111111
512 8 16 60 0.324423 11111111111111111111111111111111
512 8 16 61 0.306430 11111111111111111111111111111111
512 8 16 62 0.331723 00000000000000000000000000000000
512 8 16 63 0.325319 00000000000000000000000000000000
512 8 16 64 0.367433 11111111111111111111111111111111
512 8 16 65 0.329421 11111111111111111111111111111111
512 8 16 66 0.306749 22222222222222222222222222222222
512 8 16 67 0.327392 22222222222222222222222222222222
512 8 16 68 0.285651 11111111111111111111111111111111
512 8 16 69 0.349828 22222222222222222222222222222222
512 8 16 70 0.339143 11111111111111111111111111111111
512 8 16 71 0.382031 00000000000000000000000000000000
512 8 16 72 0.325532 11111111111111111111111111111111
512 8 16 73 0.332892 00000000000000000000000000000000
512 8 16 74 0.283313 22222222222222222222222222222222
512 8 16 75 0.328451 11111111111111111111111111111111
512 8 16 76 0.357977 11111111111111111111111111111111
512 8 16 77 0.318592 00000000000000000000000000000000
512 8 16 78 0.331896 11111111111111111111111111111111
512 8 16 79 0.339199 11111111111111111111111111111111
512 8 16 80 0.300005 22222222222222222222222222222222
512 8 16 81 0.317796 00000000000000000000000000000000
512 8 16 82 0.310531 11111111111111111111111111111111
512 8 16 83 0.321315 11111111111111111111111111111111
512 8 16 84 0.375738 11111111111111111111111111111111
512 8 16 85 0.338538 00000000000000000000000000000000
512 8 16 86 0.327055 11111111111111111111111111111111
512 8 16 87 0.330984 11111111111111111111111111111111
512 8 16 88 0.359741 22222222222222222222222222222222
512 8 16 89 0.307786 11111111111111111111111111111111
512 8 16 90 0.309903 11111111111111111111111111111111
512 8 16 91 0.360231 22222222222222222222222222222222
512 8 16 92 0.348101 11111111111111111111111111111111
512 8 16 93 0.347656 11111111111111111111111111111111
512 8 16 94 0.352236 00000000000000000000000000000000
512 8 16 95 0.323695 00000000000000000000000000000000
512 8 16 96 0.300941 11111111111111111111111111111111
512 8 16 97 0.316262 11111111111111111111111111111111
512 8 16 98 0.344749 00000000000000000000000000000000
512 8 16 99 0.364047 11111111111111111111111111111111
512 8 32 0 0.161772 1111111111111111
512 8 32 1 0.185721 2222222222222222
512 8 32 2 0.168243 1111111111111111
512 8 32 3 0.165302 0000000000000000
512 8 32 4 0.180990 2222222222222222
512 8 32 5 0.170467 0000000000000000
512 8 32 6 0.178088 1111111111111111
512 8 32 7 0.160239 2222222222222222
512 8 32 8 0.159021 0000000000000000
512 8 32 9 0.188629 2222222222222222
512 8 32 10 0.169184 1111111111111111
512 8 32 11 0.165965 1111111111111111
512 8 32 12 0.162373 0000000000000000
512 8 32 13 0.187206 1111111111111111
512 8 32 14 0.174526 1111111111111111
512 8 32 15 0.163664 0000000000000000
512 8 32 16 0.191461 1111111111111111
512 8 32 17 0.168023 1111111111111111
512 8 32 18 0.153648 1111111111111111
512 8 32 19 0.146461 1111111111111111
512 8 32 20 0.159524 1111111111111111
512 8 32 21 0.156523 2222222222222222
512 8 32 22 0.154686 1111111111111111
512 8 32 23 0.150848 1111111111111111
512 8 32 24 0.171006 0000000000000000
512 8 32 25 0.150232 1111111111111111
512 8 32 26 0.159746 1111111111111111
512 8 32 27 0.179871 0000000000000000
512 8 32 28 0.158557 2222222222222222
512 8 32 29 0.165773 0000000000000000
512 8 32 30 0.158462 1111111111111111
512 8 32 31 0.161506 1111111111111111
512 8 32 32 0.181884 1111111111111111
512 8 32 33 0.147287 1111111111111111
512 8 32 34 0.161348 0000000000000000
512 8 32 35 0.169736 0000000000000000
512 8 32 36 0.181503 0000000000000000
512 8 32 37 0.170729 2222222222222222
512 8 32 38 0.138717 1111111111111111
512 8 32 39 0.173364 2222222222222222
512 8 32 40 0.163454 1111111111111111
512 8 32 41 0.164982 0000000000000000
512 8 32 42 0.179902 0000000000000000
512 8 32 43 0.172979 1111111111111111
512 8 32 44 0.187001 0000000000000000
512 8 32 45 0.174675 0000000000000000
512 8 32 46 0.182282 1111111111111111
512 8 32 47 0.148452 1111111111111111
512 8 32 48 0.195233 1111111111111111
512 8 32 49 0.155350 1111111111111111
512 8 32 50 0.154956 1111111111111111
512 8 32 51 0.168294 0000000000000000
512 8 32 52 0.165087 1111111111111111
512 8 32 53 0.159739 1111111111111111
512 8 32 54 0.151093 1111111111111111
512 8 32 55 0.153698 0000000000000000
512 8 32 56 0.157260 1111111111111111
512 8 32 57 0.152111 1111111111111111
512 8 32 58 0.165419 1111111111111111
512 8 32 59 0.176217 1111111111111111
512 8 32 60 0.163945 1111111111111111
512 8 32 61 0.154097 1111111111111111
512 8 32 62 0.165781 0000000000000000
512 8 32 63 0.168296 0000000000000000
512 8 32 64 0.183374 1111111111111111
512 8 32 65 0.169339 1111111111111111
512 8 32 66 0.162341 2222222222222222
512 8 32 67 0.164503 2222222222222222
512 8 32 68 0.144621 1111111111111111
512 8 32 69 0.175332 2222222222222222
512 8 32 70 0.178175 1111111111111111
512 8 32 71 0.196459 0000000000000000
512 8 32 72 0.160130 1111111111111111
512 8 32 73 0.185176 0000000000000000
512 8 32 74 0.150732 2222222222222222
512 8 32 75 0.172208 1111111111111111
512 8 32 76 0.178045 1111111111111111
512 8 32 77 0.166756 0000000000000000
512 8 32 78 0.173827 1111111111111111
512 8 32 79 0.177180 1111111111111111
512 8 32 80 0.157404 2222222222222222
512 8 32 81 0.161619 0000000000000000
512 8 32 82 0.161076 1111111111111111
512 8 32 83 0.157023 1111111111111111
512 8 32 84 0.199015 1111111111111111
512 8 32 85 0.179150 0000000000000000
512 8 32 86 0.168613 1111111111111111
512 8 32 87 0.175868 1111111111111111
512 8 32 88 0.172839 2222222222222222
512 8 32 89 0.164800 1111111111111111
512 8 32 90 0.159394 1111111111111111
512 8 32 91 0.189267 2222222222222222
512 8 32 92 0.176435 1111111111111111
512 8 32 93 0.169468 1111111111111111
512 8 32 94 0.171769 0000000000000000
512 8 32 95 0.170899 0000000000000000
512 8 32 96 0.159884 1111111111111111
512 8 32 97 0.164456 1111111111111111
512 8 32 98 0.168156 0000000000000000
512 8 32 99 0.191049 1111111111111111
