16 2 4 0 0.000187 0000
16 2 4 1 0.000057 2000
16 2 4 2 0.000123 0000
16 2 4 3 0.000112 2000
16 2 4 4 0.000116 0000
16 2 4 5 0.000115 0000
16 2 4 6 0.000141 0000
16 2 4 7 0.000138 0000
16 2 4 8 0.000135 2222
16 2 4 9 0.000068 0000
16 2 4 10 0.000103 0000
16 2 4 11 0.000123 2222
16 2 4 12 0.000082 0000
16 2 4 13 0.000130 0000
16 2 4 14 0.000133 2000
16 2 4 15 0.000133 0000
16 2 4 16 0.000135 2000
16 2 4 17 0.000108 0000
16 2 4 18 0.000110 0000
16 2 4 19 0.000120 0000
16 2 4 20 0.000157 0000
16 2 4 21 0.000176 0000
16 2 4 22 0.000081 0000
16 2 4 23 0.000098 0000
16 2 4 24 0.000116 0000
16 2 4 25 0.000082 0000
16 2 4 26 0.000050 2000
16 2 4 27 0.000137 0000
16 2 4 28 0.000134 2000
16 2 4 29 0.000115 0000
16 2 4 30 0.000124 0000
16 2 4 31 0.000147 0000
16 2 4 32 0.000136 2220
16 2 4 33 0.000064 0000
16 2 4 34 0.000164 0000
16 2 4 35 0.000138 0000
16 2 4 36 0.000099 0000
16 2 4 37 0.000142 0000
16 2 4 38 0.000153 0000
16 2 4 39 0.000091 2000
16 2 4 40 0.000043 2000
16 2 4 41 0.000140 2200
16 2 4 42 0.000075 0000
16 2 4 43 0.000190 0000
16 2 4 44 0.000191 0000
16 2 4 45 0.000083 2000
16 2 4 46 0.000131 0000
16 2 4 47 0.000063 0000
16 2 4 48 0.000117 0000
16 2 4 49 0.000094 2000
16 2 4 50 0.000073 0000
16 2 4 51 0.000171 2222
16 2 4 52 0.000090 0000
16 2 4 53 0.000047 0000
16 2 4 54 0.000124 0000
16 2 4 55 0.000155 0000
16 2 4 56 0.000122 0000
16 2 4 57 0.000072 0000
16 2 4 58 0.000155 0000
16 2 4 59 0.000154 2220
16 2 4 60 0.000191 0000
16 2 4 61 0.000156 2220
16 2 4 62 0.000176 0000
16 2 4 63 0.000104 0000
16 2 4 64 0.000118 0000
16 2 4 65 0.000118 0000
16 2 4 66 0.000139 0000
16 2 4 67 0.000155 0000
16 2 4 68 0.000084 0000
16 2 4 69 0.000080 0000
16 2 4 70 0.000067 0000
16 2 4 71 0.000175 0000
16 2 4 72 0.000224 2000
16 2 4 73 0.000104 2000
16 2 4 74 0.000108 0000
16 2 4 75 0.000041 0000
16 2 4 76 0.000120 0000
16 2 4 77 0.000145 0000
16 2 4 78 0.000119 2000
16 2 4 79 0.000101 0000
16 2 4 80 0.000178 0000
16 2 4 81 0.000130 0000
16 2 4 82 0.000189 0000
16 2 4 83 0.000140 2000
16 2 4 84 0.000113 0000
16 2 4 85 0.000177 0000
16 2 4 86 0.000138 0000
16 2 4 87 0.000126 0000
16 2 4 88 0.000182 0000
16 2 4 89 0.000205 0000
16 2 4 90 0.000098 0000
16 2 4 91 0.000154 2000
16 2 4 92 0.000109 2000
16 2 4 93 0.000190 2220
16 2 4 94 0.000137 2220
16 2 4 95 0.000111 0000
16 2 4 96 0.000135 0000
16 2 4 97 0.000177 0000
16 2 4 98 0.000131 0000
16 2 4 99 0.000191 2222
16 2 8 0 0.000081 00
16 2 8 1 0.000037 00
16 2 8 2 0.000067 00
16 2 8 3 0.000070 00
16 2 8 4 0.000079 00
16 2 8 5 0.000080 00
16 2 8 6 0.000084 00
16 2 8 7 0.000089 00
16 2 8 8 0.000086 22
16 2 8 9 0.000046 00
16 2 8 10 0.000055 00
16 2 8 11 0.000068 22
16 2 8 12 0.000049 00
16 2 8 13 0.000090 00
16 2 8 14 0.000084 00
16 2 8 15 0.000074 00
16 2 8 16 0.000090 00
16 2 8 17 0.000068 00
16 2 8 18 0.000076 00
16 2 8 19 0.000080 00
16 2 8 20 0.000106 00
16 2 8 21 0.000118 00
16 2 8 22 0.000058 00
16 2 8 23 0.000072 00
16 2 8 24 0.000057 00
16 2 8 25 0.000050 00
16 2 8 26 0.000029 00
16 2 8 27 0.000083 00
16 2 8 28 0.000097 00
16 2 8 29 0.000074 00
16 2 8 30 0.000076 00
16 2 8 31 0.000088 00
16 2 8 32 0.000079 00
16 2 8 33 0.000032 00
16 2 8 34 0.000100 00
16 2 8 35 0.000087 00
16 2 8 36 0.000060 00
16 2 8 37 0.000089 00
16 2 8 38 0.000094 00
16 2 8 39 0.000059 00
16 2 8 40 0.000031 00
16 2 8 41 0.000091 20
16 2 8 42 0.000048 00
16 2 8 43 0.000126 00
16 2 8 44 0.000118 00
16 2 8 45 0.000053 00
16 2 8 46 0.000067 00
16 2 8 47 0.000040 00
16 2 8 48 0.000074 00
16 2 8 49 0.000055 00
16 2 8 50 0.000050 00
16 2 8 51 0.000110 22
16 2 8 52 0.000057 00
16 2 8 53 0.000032 00
16 2 8 54 0.000085 00
16 2 8 55 0.000097 00
16 2 8 56 0.000068 00
16 2 8 57 0.000048 00
16 2 8 58 0.000111 00
16 2 8 59 0.000098 20
16 2 8 60 0.000121 00
16 2 8 61 0.000095 20
16 2 8 62 0.000111 00
16 2 8 63 0.000061 00
16 2 8 64 0.000075 00
16 2 8 65 0.000078 00
16 2 8 66 0.000089 00
16 2 8 67 0.000098 00
16 2 8 68 0.000057 00
16 2 8 69 0.000043 00
16 2 8 70 0.000042 00
16 2 8 71 0.000102 00
16 2 8 72 0.000143 00
16 2 8 73 0.000071 00
16 2 8 74 0.000073 00
16 2 8 75 0.000030 00
16 2 8 76 0.000084 00
16 2 8 77 0.000093 00
16 2 8 78 0.000082 00
16 2 8 79 0.000067 00
16 2 8 80 0.000102 00
16 2 8 81 0.000080 00
16 2 8 82 0.000130 00
16 2 8 83 0.000085 00
16 2 8 84 0.000082 00
16 2 8 85 0.000102 00
16 2 8 86 0.000095 00
16 2 8 87 0.000067 00
16 2 8 88 0.000127 00
16 2 8 89 0.000126 00
16 2 8 90 0.000065 00
16 2 8 91 0.000098 00
16 2 8 92 0.000070 00
16 2 8 93 0.000121 20
16 2 8 94 0.000080 20
16 2 8 95 0.000062 00
16 2 8 96 0.000073 00
16 2 8 97 0.000110 00
16 2 8 98 0.000079 00
16 2 8 99 0.000126 22
16 2 16 0 0.000067 0
16 2 16 1 0.000027 0
16 2 16 2 0.000058 0
16 2 16 3 0.000049 0
16 2 16 4 0.000059 0
16 2 16 5 0.000049 0
16 2 16 6 0.000063 0
16 2 16 7 0.000065 0
16 2 16 8 0.000061 2
16 2 16 9 0.000039 0
16 2 16 10 0.000042 0
16 2 16 11 0.000053 2
16 2 16 12 0.000039 0
16 2 16 13 0.000070 0
16 2 16 14 0.000059 0
16 2 16 15 0.000053 0
16 2 16 16 0.000068 0
16 2 16 17 0.000050 0
16 2 16 18 0.000059 0
16 2 16 19 0.000059 0
16 2 16 20 0.000077 0
16 2 16 21 0.000075 0
16 2 16 22 0.000039 0
16 2 16 23 0.000059 0
16 2 16 24 0.000038 0
16 2 16 25 0.000041 0
16 2 16 26 0.000023 0
16 2 16 27 0.000052 0
16 2 16 28 0.000062 0
16 2 16 29 0.000054 0
16 2 16 30 0.000048 0
16 2 16 31 0.000059 0
16 2 16 32 0.000052 0
16 2 16 33 0.000022 0
16 2 16 34 0.000062 0
16 2 16 35 0.000055 0
16 2 16 36 0.000042 0
16 2 16 37 0.000053 0
16 2 16 38 0.000067 0
16 2 16 39 0.000049 0
16 2 16 40 0.000030 0
16 2 16 41 0.000058 0
16 2 16 42 0.000039 0
16 2 16 43 0.000082 0
16 2 16 44 0.000078 0
16 2 16 45 0.000046 0
16 2 16 46 0.000051 0
16 2 16 47 0.000034 0
16 2 16 48 0.000063 0
16 2 16 49 0.000044 0
16 2 16 50 0.000036 0
16 2 16 51 0.000077 2
16 2 16 52 0.000047 0
16 2 16 53 0.000027 0
16 2 16 54 0.000058 0
16 2 16 55 0.000066 0
16 2 16 56 0.000058 0
16 2 16 57 0.000040 0
16 2 16 58 0.000073 0
16 2 16 59 0.000068 0
16 2 16 60 0.000080 0
16 2 16 61 0.000062 0
16 2 16 62 0.000077 0
16 2 16 63 0.000055 0
16 2 16 64 0.000048 0
16 2 16 65 0.000060 0
16 2 16 66 0.000060 0
16 2 16 67 0.000069 0
16 2 16 68 0.000044 0
16 2 16 69 0.000029 0
16 2 16 70 0.000033 0
16 2 16 71 0.000081 0
16 2 16 72 0.000097 0
16 2 16 73 0.000056 0
16 2 16 74 0.000050 0
16 2 16 75 0.000025 0
16 2 16 76 0.000059 0
16 2 16 77 0.000070 0
16 2 16 78 0.000078 0
16 2 16 79 0.000046 0
16 2 16 80 0.000072 0
16 2 16 81 0.000064 0
16 2 16 82 0.000079 0
16 2 16 83 0.000061 0
16 2 16 84 0.000060 0
16 2 16 85 0.000075 0
16 2 16 86 0.000060 0
16 2 16 87 0.000054 0
16 2 16 88 0.000085 0
16 2 16 89 0.000085 0
16 2 16 90 0.000056 0
16 2 16 91 0.000067 0
16 2 16 92 0.000042 0
16 2 16 93 0.000085 0
16 2 16 94 0.000060 0
16 2 16 95 0.000045 0
16 2 16 96 0.000059 0
16 2 16 97 0.000083 0
16 2 16 98 0.000066 0
16 2 16 99 0.000090 2
16 4 8 0 0.000187 00
16 4 8 1 0.000059 22
16 4 8 2 0.000145 00
16 4 8 3 0.000145 22
16 4 8 4 0.000157 00
16 4 8 5 0.000146 00
16 4 8 6 0.000166 00
16 4 8 7 0.000206 00
16 4 8 8 0.000183 22
16 4 8 9 0.000092 00
16 4 8 10 0.000130 00
16 4 8 11 0.000094 22
16 4 8 12 0.000081 00
16 4 8 13 0.000191 00
16 4 8 14 0.000156 22
16 4 8 15 0.000146 00
16 4 8 16 0.000159 22
16 4 8 17 0.000146 00
16 4 8 18 0.000140 00
16 4 8 19 0.000122 00
16 4 8 20 0.000220 00
16 4 8 21 0.000225 00
16 4 8 22 0.000089 00
16 4 8 23 0.000156 00
16 4 8 24 0.000108 00
16 4 8 25 0.000117 00
16 4 8 26 0.000043 22
16 4 8 27 0.000180 00
16 4 8 28 0.000154 22
16 4 8 29 0.000139 00
16 4 8 30 0.000172 00
16 4 8 31 0.000180 00
16 4 8 32 0.000183 22
16 4 8 33 0.000065 00
16 4 8 34 0.000210 00
16 4 8 35 0.000167 00
16 4 8 36 0.000124 00
16 4 8 37 0.000149 00
16 4 8 38 0.000216 00
16 4 8 39 0.000117 22
16 4 8 40 0.000032 20
16 4 8 41 0.000160 22
16 4 8 42 0.000093 00
16 4 8 43 0.000290 00
16 4 8 44 0.000269 00
16 4 8 45 0.000103 22
16 4 8 46 0.000101 00
16 4 8 47 0.000072 00
16 4 8 48 0.000166 00
16 4 8 49 0.000102 22
16 4 8 50 0.000064 00
16 4 8 51 0.000243 22
16 4 8 52 0.000124 00
16 4 8 53 0.000063 00
16 4 8 54 0.000157 00
16 4 8 55 0.000177 00
16 4 8 56 0.000164 00
16 4 8 57 0.000105 00
16 4 8 58 0.000222 00
16 4 8 59 0.000195 22
16 4 8 60 0.000289 00
16 4 8 61 0.000220 22
16 4 8 62 0.000247 00
16 4 8 63 0.000125 00
16 4 8 64 0.000120 00
16 4 8 65 0.000164 00
16 4 8 66 0.000171 00
16 4 8 67 0.000214 00
16 4 8 68 0.000103 00
16 4 8 69 0.000054 00
16 4 8 70 0.000080 00
16 4 8 71 0.000236 00
16 4 8 72 0.000337 22
16 4 8 73 0.000092 22
16 4 8 74 0.000141 00
16 4 8 75 0.000050 00
16 4 8 76 0.000151 00
16 4 8 77 0.000192 00
16 4 8 78 0.000154 22
16 4 8 79 0.000135 00
16 4 8 80 0.000233 00
16 4 8 81 0.000170 00
16 4 8 82 0.000289 00
16 4 8 83 0.000173 22
16 4 8 84 0.000132 00
16 4 8 85 0.000246 00
16 4 8 86 0.000158 00
16 4 8 87 0.000137 00
16 4 8 88 0.000218 00
16 4 8 89 0.000308 00
16 4 8 90 0.000129 00
16 4 8 91 0.000206 22
16 4 8 92 0.000144 22
16 4 8 93 0.000291 22
16 4 8 94 0.000182 22
16 4 8 95 0.000111 00
16 4 8 96 0.000160 00
16 4 8 97 0.000248 00
16 4 8 98 0.000148 00
16 4 8 99 0.000298 22
16 4 16 0 0.000159 0
16 4 16 1 0.000047 2
16 4 16 2 0.000131 0
16 4 16 3 0.000101 2
16 4 16 4 0.000122 0
16 4 16 5 0.000092 0
16 4 16 6 0.000142 0
16 4 16 7 0.000168 0
16 4 16 8 0.000153 2
16 4 16 9 0.000080 0
16 4 16 10 0.000105 0
16 4 16 11 0.000062 2
16 4 16 12 0.000072 0
16 4 16 13 0.000149 0
16 4 16 14 0.000132 2
16 4 16 15 0.000119 0
16 4 16 16 0.000109 2
16 4 16 17 0.000134 0
16 4 16 18 0.000110 0
16 4 16 19 0.000100 0
16 4 16 20 0.000173 0
16 4 16 21 0.000147 0
16 4 16 22 0.000073 0
16 4 16 23 0.000133 0
16 4 16 24 0.000084 0
16 4 16 25 0.000110 0
16 4 16 26 0.000035 0
16 4 16 27 0.000123 0
16 4 16 28 0.000120 2
16 4 16 29 0.000118 0
16 4 16 30 0.000121 0
16 4 16 31 0.000135 0
16 4 16 32 0.000132 2
16 4 16 33 0.000048 0
16 4 16 34 0.000170 0
16 4 16 35 0.000132 0
16 4 16 36 0.000095 0
16 4 16 37 0.000112 0
16 4 16 38 0.000173 0
16 4 16 39 0.000106 2
16 4 16 40 0.000024 0
16 4 16 41 0.000111 2
16 4 16 42 0.000080 0
16 4 16 43 0.000214 0
16 4 16 44 0.000178 0
16 4 16 45 0.000087 2
16 4 16 46 0.000084 0
16 4 16 47 0.000060 0
16 4 16 48 0.000150 0
16 4 16 49 0.000080 2
16 4 16 50 0.000058 0
16 4 16 51 0.000188 2
16 4 16 52 0.000089 0
16 4 16 53 0.000057 0
16 4 16 54 0.000116 0
16 4 16 55 0.000149 0
16 4 16 56 0.000142 0
16 4 16 57 0.000094 0
16 4 16 58 0.000178 0
16 4 16 59 0.000162 2
16 4 16 60 0.000212 0
16 4 16 61 0.000174 2
16 4 16 62 0.000202 0
16 4 16 63 0.000118 0
16 4 16 64 0.000095 0
16 4 16 65 0.000137 0
16 4 16 66 0.000143 0
16 4 16 67 0.000170 0
16 4 16 68 0.000085 0
16 4 16 69 0.000041 0
16 4 16 70 0.000068 0
16 4 16 71 0.000204 0
16 4 16 72 0.000263 2
16 4 16 73 0.000076 2
16 4 16 74 0.000122 0
16 4 16 75 0.000044 0
16 4 16 76 0.000118 0
16 4 16 77 0.000159 0
16 4 16 78 0.000126 2
16 4 16 79 0.000084 0
16 4 16 80 0.000181 0
16 4 16 81 0.000148 0
16 4 16 82 0.000201 0
16 4 16 83 0.000165 2
16 4 16 84 0.000108 0
16 4 16 85 0.000207 0
16 4 16 86 0.000126 0
16 4 16 87 0.000113 0
16 4 16 88 0.000162 0
16 4 16 89 0.000237 0
16 4 16 90 0.000116 0
16 4 16 91 0.000166 2
16 4 16 92 0.000109 2
16 4 16 93 0.000227 2
16 4 16 94 0.000142 2
16 4 16 95 0.000082 0
16 4 16 96 0.000135 0
16 4 16 97 0.000196 0
16 4 16 98 0.000134 0
16 4 16 99 0.000237 2
16 8 16 0 0.000263 0
16 8 16 1 0.000061 2
16 8 16 2 0.000202 0
16 8 16 3 0.000176 2
16 8 16 4 0.000200 0
16 8 16 5 0.000137 0
16 8 16 6 0.000195 0
16 8 16 7 0.000263 0
16 8 16 8 0.000208 2
16 8 16 9 0.000116 0
16 8 16 10 0.000146 0
16 8 16 11 0.000129 2
16 8 16 12 0.000088 0
16 8 16 13 0.000260 0
16 8 16 14 0.000200 2
16 8 16 15 0.000201 0
16 8 16 16 0.000168 2
16 8 16 17 0.000180 0
16 8 16 18 0.000141 0
16 8 16 19 0.000185 0
16 8 16 20 0.000317 0
16 8 16 21 0.000313 0
16 8 16 22 0.000133 0
16 8 16 23 0.000180 0
16 8 16 24 0.000078 0
16 8 16 25 0.000148 0
16 8 16 26 0.000040 2
16 8 16 27 0.000107 0
16 8 16 28 0.000217 2
16 8 16 29 0.000201 0
16 8 16 30 0.000127 0
16 8 16 31 0.000192 0
16 8 16 32 0.000222 2
16 8 16 33 0.000068 0
16 8 16 34 0.000199 0
16 8 16 35 0.000178 0
16 8 16 36 0.000117 0
16 8 16 37 0.000140 0
16 8 16 38 0.000196 0
16 8 16 39 0.000116 2
16 8 16 40 0.000039 2
16 8 16 41 0.000195 2
16 8 16 42 0.000124 0
16 8 16 43 0.000398 0
16 8 16 44 0.000326 0
16 8 16 45 0.000134 2
16 8 16 46 0.000147 0
16 8 16 47 0.000069 0
16 8 16 48 0.000165 0
16 8 16 49 0.000092 2
16 8 16 50 0.000097 0
16 8 16 51 0.000296 2
16 8 16 52 0.000174 0
16 8 16 53 0.000077 0
16 8 16 54 0.000162 0
16 8 16 55 0.000249 0
16 8 16 56 0.000142 0
16 8 16 57 0.000117 0
16 8 16 58 0.000290 0
16 8 16 59 0.000267 2
16 8 16 60 0.000324 0
16 8 16 61 0.000243 2
16 8 16 62 0.000252 0
16 8 16 63 0.000159 0
16 8 16 64 0.000144 0
16 8 16 65 0.000161 0
16 8 16 66 0.000206 0
16 8 16 67 0.000269 0
16 8 16 68 0.000109 0
16 8 16 69 0.000075 0
16 8 16 70 0.000096 0
16 8 16 71 0.000360 0
16 8 16 72 0.000407 2
16 8 16 73 0.000122 2
16 8 16 74 0.000143 0
16 8 16 75 0.000063 0
16 8 16 76 0.000222 0
16 8 16 77 0.000244 0
16 8 16 78 0.000202 2
16 8 16 79 0.000177 0
16 8 16 80 0.000241 0
16 8 16 81 0.000234 0
16 8 16 82 0.000373 0
16 8 16 83 0.000179 2
16 8 16 84 0.000182 0
16 8 16 85 0.000353 0
16 8 16 86 0.000175 0
16 8 16 87 0.000130 0
16 8 16 88 0.000339 0
16 8 16 89 0.000413 0
16 8 16 90 0.000189 0
16 8 16 91 0.000216 2
16 8 16 92 0.000145 2
16 8 16 93 0.000376 2
16 8 16 94 0.000219 2
16 8 16 95 0.000154 0
16 8 16 96 0.000161 0
16 8 16 97 0.000189 0
16 8 16 98 0.000233 0
16 8 16 99 0.000440 2
32 2 4 0 0.000539 00000000
32 2 4 1 0.000503 00000000
32 2 4 2 0.000590 00000000
32 2 4 3 0.000573 00000000
32 2 4 4 0.000615 00000000
32 2 4 5 0.000481 00000000
32 2 4 6 0.000699 00000000
32 2 4 7 0.000255 00000000
32 2 4 8 0.000458 00000000
32 2 4 9 0.000509 00000000
32 2 4 10 0.000496 00000000
32 2 4 11 0.000674 00000000
32 2 4 12 0.000455 00000000
32 2 4 13 0.000739 20000000
32 2 4 14 0.000564 20000000
32 2 4 15 0.000607 00000000
32 2 4 16 0.000667 22220000
32 2 4 17 0.000587 00000000
32 2 4 18 0.000458 20000000
32 2 4 19 0.000786 00000000
32 2 4 20 0.000457 00000000
32 2 4 21 0.000608 22222000
32 2 4 22 0.000705 00000000
32 2 4 23 0.000604 20000000
32 2 4 24 0.000558 22000000
32 2 4 25 0.000441 00000000
32 2 4 26 0.000569 00000000
32 2 4 27 0.000290 00000000
32 2 4 28 0.000681 00000000
32 2 4 29 0.000842 00000000
32 2 4 30 0.000512 22000000
32 2 4 31 0.000542 20000000
32 2 4 32 0.000438 00000000
32 2 4 33 0.000355 00000000
32 2 4 34 0.000622 00000000
32 2 4 35 0.000521 00000000
32 2 4 36 0.000576 00000000
32 2 4 37 0.000350 00000000
32 2 4 38 0.000528 00000000
32 2 4 39 0.000254 00000000
32 2 4 40 0.000464 00000000
32 2 4 41 0.000492 00000000
32 2 4 42 0.000588 00000000
32 2 4 43 0.000590 20000000
32 2 4 44 0.000622 00000000
32 2 4 45 0.000707 00000000
32 2 4 46 0.000571 20000000
32 2 4 47 0.000484 00000000
32 2 4 48 0.000313 00000000
32 2 4 49 0.000532 00000000
32 2 4 50 0.000706 00000000
32 2 4 51 0.000472 20000000
32 2 4 52 0.000326 00000000
32 2 4 53 0.000459 22000000
32 2 4 54 0.000383 20000000
32 2 4 55 0.000403 00000000
32 2 4 56 0.000534 00000000
32 2 4 57 0.000820 22222200
32 2 4 58 0.000710 22222000
32 2 4 59 0.000474 00000000
32 2 4 60 0.000612 00000000
32 2 4 61 0.000545 20000000
32 2 4 62 0.000507 00000000
32 2 4 63 0.000389 00000000
32 2 4 64 0.000452 00000000
32 2 4 65 0.000624 00000000
32 2 4 66 0.000563 00000000
32 2 4 67 0.000546 00000000
32 2 4 68 0.000368 00000000
32 2 4 69 0.000450 22000000
32 2 4 70 0.000416 00000000
32 2 4 71 0.000493 20000000
32 2 4 72 0.000503 22000000
32 2 4 73 0.000641 00000000
32 2 4 74 0.000600 00000000
32 2 4 75 0.000548 00000000
32 2 4 76 0.000553 00000000
32 2 4 77 0.000642 22000000
32 2 4 78 0.000440 00000000
32 2 4 79 0.000517 00000000
32 2 4 80 0.000352 00000000
32 2 4 81 0.000631 00000000
32 2 4 82 0.000593 22200000
32 2 4 83 0.000481 00000000
32 2 4 84 0.000631 00000000
32 2 4 85 0.000538 22000000
32 2 4 86 0.000533 20000000
32 2 4 87 0.000418 00000000
32 2 4 88 0.000481 00000000
32 2 4 89 0.000541 22000000
32 2 4 90 0.000592 00000000
32 2 4 91 0.000698 20000000
32 2 4 92 0.000422 20000000
32 2 4 93 0.000497 00000000
32 2 4 94 0.000433 20000000
32 2 4 95 0.000234 22000000
32 2 4 96 0.000511 22200000
32 2 4 97 0.000602 22220000
32 2 4 98 0.000816 22222000
32 2 4 99 0.000589 22000000
32 2 8 0 0.000302 0000
32 2 8 1 0.000288 0000
32 2 8 2 0.000324 0000
32 2 8 3 0.000319 0000
32 2 8 4 0.000335 0000
32 2 8 5 0.000278 0000
32 2 8 6 0.000405 0000
32 2 8 7 0.000148 0000
32 2 8 8 0.000261 0000
32 2 8 9 0.000270 0000
32 2 8 10 0.000272 0000
32 2 8 11 0.000381 0000
32 2 8 12 0.000238 0000
32 2 8 13 0.000408 0000
32 2 8 14 0.000300 0000
32 2 8 15 0.000349 0000
32 2 8 16 0.000384 2200
32 2 8 17 0.000341 0000
32 2 8 18 0.000270 0000
32 2 8 19 0.000441 0000
32 2 8 20 0.000251 0000
32 2 8 21 0.000345 2200
32 2 8 22 0.000401 0000
32 2 8 23 0.000343 0000
32 2 8 24 0.000314 2000
32 2 8 25 0.000249 0000
32 2 8 26 0.000326 0000
32 2 8 27 0.000171 0000
32 2 8 28 0.000395 0000
32 2 8 29 0.000468 0000
32 2 8 30 0.000296 2000
32 2 8 31 0.000306 0000
32 2 8 32 0.000251 0000
32 2 8 33 0.000193 0000
32 2 8 34 0.000336 0000
32 2 8 35 0.000294 0000
32 2 8 36 0.000331 0000
32 2 8 37 0.000203 0000
32 2 8 38 0.000300 0000
32 2 8 39 0.000146 0000
32 2 8 40 0.000253 0000
32 2 8 41 0.000280 0000
32 2 8 42 0.000326 0000
32 2 8 43 0.000335 0000
32 2 8 44 0.000318 0000
32 2 8 45 0.000409 0000
32 2 8 46 0.000316 0000
32 2 8 47 0.000287 0000
32 2 8 48 0.000175 0000
32 2 8 49 0.000294 0000
32 2 8 50 0.000405 0000
32 2 8 51 0.000256 0000
32 2 8 52 0.000201 0000
32 2 8 53 0.000261 2000
32 2 8 54 0.000218 0000
32 2 8 55 0.000233 0000
32 2 8 56 0.000301 0000
32 2 8 57 0.000468 2220
32 2 8 58 0.000403 2200
32 2 8 59 0.000253 0000
32 2 8 60 0.000364 0000
32 2 8 61 0.000310 0000
32 2 8 62 0.000290 0000
32 2 8 63 0.000226 0000
32 2 8 64 0.000273 0000
32 2 8 65 0.000359 0000
32 2 8 66 0.000318 0000
32 2 8 67 0.000315 0000
32 2 8 68 0.000206 0000
32 2 8 69 0.000250 2000
32 2 8 70 0.000242 0000
32 2 8 71 0.000281 0000
32 2 8 72 0.000294 2000
32 2 8 73 0.000363 0000
32 2 8 74 0.000320 0000
32 2 8 75 0.000283 0000
32 2 8 76 0.000319 0000
32 2 8 77 0.000360 2000
32 2 8 78 0.000242 0000
32 2 8 79 0.000275 0000
32 2 8 80 0.000207 0000
32 2 8 81 0.000353 0000
32 2 8 82 0.000341 2000
32 2 8 83 0.000272 0000
32 2 8 84 0.000366 0000
32 2 8 85 0.000296 0000
32 2 8 86 0.000292 0000
32 2 8 87 0.000245 0000
32 2 8 88 0.000264 0000
32 2 8 89 0.000318 2000
32 2 8 90 0.000343 0000
32 2 8 91 0.000395 0000
32 2 8 92 0.000229 0000
32 2 8 93 0.000275 0000
32 2 8 94 0.000273 0000
32 2 8 95 0.000135 0000
32 2 8 96 0.000304 2000
32 2 8 97 0.000318 2200
32 2 8 98 0.000464 2200
32 2 8 99 0.000331 2000
32 2 16 0 0.000192 00
32 2 16 1 0.000172 00
32 2 16 2 0.000182 00
32 2 16 3 0.000186 00
32 2 16 4 0.000199 00
32 2 16 5 0.000179 00
32 2 16 6 0.000232 00
32 2 16 7 0.000094 00
32 2 16 8 0.000179 00
32 2 16 9 0.000172 00
32 2 16 10 0.000169 00
32 2 16 11 0.000236 00
32 2 16 12 0.000147 00
32 2 16 13 0.000240 00
32 2 16 14 0.000194 00
32 2 16 15 0.000220 00
32 2 16 16 0.000243 20
32 2 16 17 0.000212 00
32 2 16 18 0.000178 00
32 2 16 19 0.000263 00
32 2 16 20 0.000160 00
32 2 16 21 0.000214 20
32 2 16 22 0.000238 00
32 2 16 23 0.000202 00
32 2 16 24 0.000190 00
32 2 16 25 0.000162 00
32 2 16 26 0.000201 00
32 2 16 27 0.000114 00
32 2 16 28 0.000244 00
32 2 16 29 0.000283 00
32 2 16 30 0.000187 00
32 2 16 31 0.000194 00
32 2 16 32 0.000151 00
32 2 16 33 0.000127 00
32 2 16 34 0.000205 00
32 2 16 35 0.000177 00
32 2 16 36 0.000208 00
32 2 16 37 0.000138 00
32 2 16 38 0.000190 00
32 2 16 39 0.000091 00
32 2 16 40 0.000158 00
32 2 16 41 0.000166 00
32 2 16 42 0.000198 00
32 2 16 43 0.000210 00
32 2 16 44 0.000182 00
32 2 16 45 0.000248 00
32 2 16 46 0.000188 00
32 2 16 47 0.000178 00
32 2 16 48 0.000106 00
32 2 16 49 0.000181 00
32 2 16 50 0.000235 00
32 2 16 51 0.000158 00
32 2 16 52 0.000128 00
32 2 16 53 0.000168 00
32 2 16 54 0.000129 00
32 2 16 55 0.000135 00
32 2 16 56 0.000192 00
32 2 16 57 0.000267 20
32 2 16 58 0.000232 20
32 2 16 59 0.000151 00
32 2 16 60 0.000229 00
32 2 16 61 0.000189 00
32 2 16 62 0.000181 00
32 2 16 63 0.000141 00
32 2 16 64 0.000167 00
32 2 16 65 0.000226 00
32 2 16 66 0.000194 00
32 2 16 67 0.000196 00
32 2 16 68 0.000127 00
32 2 16 69 0.000158 00
32 2 16 70 0.000139 00
32 2 16 71 0.000186 00
32 2 16 72 0.000176 00
32 2 16 73 0.000225 00
32 2 16 74 0.000184 00
32 2 16 75 0.000191 00
32 2 16 76 0.000201 00
32 2 16 77 0.000213 00
32 2 16 78 0.000140 00
32 2 16 79 0.000170 00
32 2 16 80 0.000133 00
32 2 16 81 0.000229 00
32 2 16 82 0.000208 00
32 2 16 83 0.000153 00
32 2 16 84 0.000220 00
32 2 16 85 0.000187 00
32 2 16 86 0.000177 00
32 2 16 87 0.000146 00
32 2 16 88 0.000162 00
32 2 16 89 0.000181 00
32 2 16 90 0.000200 00
32 2 16 91 0.000237 00
32 2 16 92 0.000139 00
32 2 16 93 0.000160 00
32 2 16 94 0.000143 00
32 2 16 95 0.000083 00
32 2 16 96 0.000175 00
32 2 16 97 0.000197 20
32 2 16 98 0.000287 20
32 2 16 99 0.000207 00
32 2 32 0 0.000134 0
32 2 32 1 0.000119 0
32 2 32 2 0.000127 0
32 2 32 3 0.000129 0
32 2 32 4 0.000134 0
32 2 32 5 0.000117 0
32 2 32 6 0.000158 0
32 2 32 7 0.000064 0
32 2 32 8 0.000139 0
32 2 32 9 0.000124 0
32 2 32 10 0.000125 0
32 2 32 11 0.000162 0
32 2 32 12 0.000117 0
32 2 32 13 0.000144 0
32 2 32 14 0.000124 0
32 2 32 15 0.000147 0
32 2 32 16 0.000165 0
32 2 32 17 0.000151 0
32 2 32 18 0.000126 0
32 2 32 19 0.000192 0
32 2 32 20 0.000123 0
32 2 32 21 0.000138 0
32 2 32 22 0.000166 0
32 2 32 23 0.000138 0
32 2 32 24 0.000126 0
32 2 32 25 0.000109 0
32 2 32 26 0.000138 0
32 2 32 27 0.000090 0
32 2 32 28 0.000164 0
32 2 32 29 0.000180 0
32 2 32 30 0.000132 0
32 2 32 31 0.000142 0
32 2 32 32 0.000097 0
32 2 32 33 0.000089 0
32 2 32 34 0.000154 0
32 2 32 35 0.000123 0
32 2 32 36 0.000135 0
32 2 32 37 0.000106 0
32 2 32 38 0.000132 0
32 2 32 39 0.000069 0
32 2 32 40 0.000116 0
32 2 32 41 0.000111 0
32 2 32 42 0.000131 0
32 2 32 43 0.000131 0
32 2 32 44 0.000126 0
32 2 32 45 0.000179 0
32 2 32 46 0.000147 0
32 2 32 47 0.000132 0
32 2 32 48 0.000071 0
32 2 32 49 0.000139 0
32 2 32 50 0.000158 0
32 2 32 51 0.000113 0
32 2 32 52 0.000099 0
32 2 32 53 0.000116 0
32 2 32 54 0.000094 0
32 2 32 55 0.000087 0
32 2 32 56 0.000134 0
32 2 32 57 0.000166 0
32 2 32 58 0.000162 0
32 2 32 59 0.000106 0
32 2 32 60 0.000169 0
32 2 32 61 0.000122 0
32 2 32 62 0.000130 0
32 2 32 63 0.000105 0
32 2 32 64 0.000118 0
32 2 32 65 0.000144 0
32 2 32 66 0.000126 0
32 2 32 67 0.000135 0
32 2 32 68 0.000080 0
32 2 32 69 0.000121 0
32 2 32 70 0.000086 0
32 2 32 71 0.000129 0
32 2 32 72 0.000120 0
32 2 32 73 0.000159 0
32 2 32 74 0.000136 0
32 2 32 75 0.000106 0
32 2 32 76 0.000145 0
32 2 32 77 0.000147 0
32 2 32 78 0.000106 0
32 2 32 79 0.000121 0
32 2 32 80 0.000098 0
32 2 32 81 0.000148 0
32 2 32 82 0.000161 0
32 2 32 83 0.000104 0
32 2 32 84 0.000169 0
32 2 32 85 0.000117 0
32 2 32 86 0.000115 0
32 2 32 87 0.000096 0
32 2 32 88 0.000106 0
32 2 32 89 0.000127 0
32 2 32 90 0.000133 0
32 2 32 91 0.000154 0
32 2 32 92 0.000100 0
32 2 32 93 0.000107 0
32 2 32 94 0.000112 0
32 2 32 95 0.000067 0
32 2 32 96 0.000133 0
32 2 32 97 0.000131 0
32 2 32 98 0.000189 0
32 2 32 99 0.000158 0
32 4 8 0 0.000739 0000
32 4 8 1 0.000664 0000
32 4 8 2 0.000796 0000
32 4 8 3 0.000757 0000
32 4 8 4 0.000850 0000
32 4 8 5 0.000567 0000
32 4 8 6 0.000972 0000
32 4 8 7 0.000280 0000
32 4 8 8 0.000473 0000
32 4 8 9 0.000562 0000
32 4 8 10 0.000647 0000
32 4 8 11 0.001065 0000
32 4 8 12 0.000474 0000
32 4 8 13 0.001103 2220
32 4 8 14 0.000772 2222
32 4 8 15 0.000813 0000
32 4 8 16 0.000957 2222
32 4 8 17 0.000799 0000
32 4 8 18 0.000650 2222
32 4 8 19 0.001087 0000
32 4 8 20 0.000598 0000
32 4 8 21 0.000808 2222
32 4 8 22 0.001023 0000
32 4 8 23 0.000808 2222
32 4 8 24 0.000598 2222
32 4 8 25 0.000568 0000
32 4 8 26 0.000796 0000
32 4 8 27 0.000381 0000
32 4 8 28 0.001024 0000
32 4 8 29 0.001245 0000
32 4 8 30 0.000656 2222
32 4 8 31 0.000628 2000
32 4 8 32 0.000582 0000
32 4 8 33 0.000461 0000
32 4 8 34 0.000875 0000
32 4 8 35 0.000724 0000
32 4 8 36 0.000832 0000
32 4 8 37 0.000482 0000
32 4 8 38 0.000776 0000
32 4 8 39 0.000324 0000
32 4 8 40 0.000603 0000
32 4 8 41 0.000678 0000
32 4 8 42 0.000838 0000
32 4 8 43 0.000724 2222
32 4 8 44 0.000727 0000
32 4 8 45 0.001013 0000
32 4 8 46 0.000820 2222
32 4 8 47 0.000588 0000
32 4 8 48 0.000359 0000
32 4 8 49 0.000780 0000
32 4 8 50 0.000987 0000
32 4 8 51 0.000622 2222
32 4 8 52 0.000432 0000
32 4 8 53 0.000634 2222
32 4 8 54 0.000479 2222
32 4 8 55 0.000479 0000
32 4 8 56 0.000805 0000
32 4 8 57 0.001160 2222
32 4 8 58 0.001011 2222
32 4 8 59 0.000595 0000
32 4 8 60 0.000967 0000
32 4 8 61 0.000796 2222
32 4 8 62 0.000704 0000
32 4 8 63 0.000524 0000
32 4 8 64 0.000634 0000
32 4 8 65 0.000928 0000
32 4 8 66 0.000780 0000
32 4 8 67 0.000672 0000
32 4 8 68 0.000421 0000
32 4 8 69 0.000533 2222
32 4 8 70 0.000548 0000
32 4 8 71 0.000657 2222
32 4 8 72 0.000657 2222
32 4 8 73 0.000929 0000
32 4 8 74 0.000808 0000
32 4 8 75 0.000711 0000
32 4 8 76 0.000737 0000
32 4 8 77 0.000822 2222
32 4 8 78 0.000581 0000
32 4 8 79 0.000663 0000
32 4 8 80 0.000438 0000
32 4 8 81 0.000864 0000
32 4 8 82 0.000821 2222
32 4 8 83 0.000538 0000
32 4 8 84 0.000975 0000
32 4 8 85 0.000730 2222
32 4 8 86 0.000618 2222
32 4 8 87 0.000462 0000
32 4 8 88 0.000581 0000
32 4 8 89 0.000616 2000
32 4 8 90 0.000842 0000
32 4 8 91 0.001144 2222
32 4 8 92 0.000453 2222
32 4 8 93 0.000633 0000
32 4 8 94 0.000584 2222
32 4 8 95 0.000271 2222
32 4 8 96 0.000628 2222
32 4 8 97 0.000819 2222
32 4 8 98 0.001230 2222
32 4 8 99 0.000753 2222
32 4 16 0 0.000488 00
32 4 16 1 0.000376 00
32 4 16 2 0.000456 00
32 4 16 3 0.000461 00
32 4 16 4 0.000500 00
32 4 16 5 0.000386 00
32 4 16 6 0.000573 00
32 4 16 7 0.000159 00
32 4 16 8 0.000312 00
32 4 16 9 0.000359 00
32 4 16 10 0.000434 00
32 4 16 11 0.000641 00
32 4 16 12 0.000301 00
32 4 16 13 0.000694 20
32 4 16 14 0.000480 22
32 4 16 15 0.000536 00
32 4 16 16 0.000621 22
32 4 16 17 0.000529 00
32 4 16 18 0.000398 22
32 4 16 19 0.000689 00
32 4 16 20 0.000397 00
32 4 16 21 0.000500 22
32 4 16 22 0.000619 00
32 4 16 23 0.000459 22
32 4 16 24 0.000349 22
32 4 16 25 0.000363 00
32 4 16 26 0.000486 00
32 4 16 27 0.000265 00
32 4 16 28 0.000653 00
32 4 16 29 0.000774 00
32 4 16 30 0.000436 22
32 4 16 31 0.000417 00
32 4 16 32 0.000330 00
32 4 16 33 0.000278 00
32 4 16 34 0.000578 00
32 4 16 35 0.000418 00
32 4 16 36 0.000497 00
32 4 16 37 0.000310 00
32 4 16 38 0.000480 00
32 4 16 39 0.000208 00
32 4 16 40 0.000396 00
32 4 16 41 0.000423 00
32 4 16 42 0.000506 00
32 4 16 43 0.000467 22
32 4 16 44 0.000447 00
32 4 16 45 0.000617 00
32 4 16 46 0.000526 22
32 4 16 47 0.000369 00
32 4 16 48 0.000205 00
32 4 16 49 0.000502 00
32 4 16 50 0.000596 00
32 4 16 51 0.000399 22
32 4 16 52 0.000285 00
32 4 16 53 0.000367 22
32 4 16 54 0.000304 22
32 4 16 55 0.000271 00
32 4 16 56 0.000499 00
32 4 16 57 0.000640 22
32 4 16 58 0.000622 22
32 4 16 59 0.000334 00
32 4 16 60 0.000632 00
32 4 16 61 0.000520 22
32 4 16 62 0.000461 00
32 4 16 63 0.000332 00
32 4 16 64 0.000413 00
32 4 16 65 0.000567 00
32 4 16 66 0.000469 00
32 4 16 67 0.000432 00
32 4 16 68 0.000269 00
32 4 16 69 0.000343 22
32 4 16 70 0.000330 00
32 4 16 71 0.000418 22
32 4 16 72 0.000427 22
32 4 16 73 0.000616 00
32 4 16 74 0.000476 00
32 4 16 75 0.000447 00
32 4 16 76 0.000467 00
32 4 16 77 0.000515 22
32 4 16 78 0.000341 00
32 4 16 79 0.000381 00
32 4 16 80 0.000293 00
32 4 16 81 0.000563 00
32 4 16 82 0.000518 22
32 4 16 83 0.000304 00
32 4 16 84 0.000589 00
32 4 16 85 0.000463 22
32 4 16 86 0.000377 22
32 4 16 87 0.000270 00
32 4 16 88 0.000335 00
32 4 16 89 0.000381 00
32 4 16 90 0.000522 00
32 4 16 91 0.000698 22
32 4 16 92 0.000289 22
32 4 16 93 0.000343 00
32 4 16 94 0.000363 22
32 4 16 95 0.000157 22
32 4 16 96 0.000416 22
32 4 16 97 0.000533 22
32 4 16 98 0.000791 22
32 4 16 99 0.000495 22
32 4 32 0 0.000340 0
32 4 32 1 0.000284 0
32 4 32 2 0.000342 0
32 4 32 3 0.000318 0
32 4 32 4 0.000319 0
32 4 32 5 0.000254 0
32 4 32 6 0.000379 0
32 4 32 7 0.000103 0
32 4 32 8 0.000221 0
32 4 32 9 0.000281 0
32 4 32 10 0.000325 0
32 4 32 11 0.000469 0
32 4 32 12 0.000252 0
32 4 32 13 0.000404 0
32 4 32 14 0.000313 2
32 4 32 15 0.000376 0
32 4 32 16 0.000450 2
32 4 32 17 0.000376 0
32 4 32 18 0.000310 2
32 4 32 19 0.000525 0
32 4 32 20 0.000318 0
32 4 32 21 0.000363 2
32 4 32 22 0.000464 0
32 4 32 23 0.000314 2
32 4 32 24 0.000245 2
32 4 32 25 0.000258 0
32 4 32 26 0.000346 0
32 4 32 27 0.000202 0
32 4 32 28 0.000453 0
32 4 32 29 0.000551 0
32 4 32 30 0.000305 2
32 4 32 31 0.000341 0
32 4 32 32 0.000214 0
32 4 32 33 0.000210 0
32 4 32 34 0.000434 0
32 4 32 35 0.000289 0
32 4 32 36 0.000344 0
32 4 32 37 0.000246 0
32 4 32 38 0.000362 0
32 4 32 39 0.000173 0
32 4 32 40 0.000287 0
32 4 32 41 0.000279 0
32 4 32 42 0.000338 0
32 4 32 43 0.000315 2
32 4 32 44 0.000325 0
32 4 32 45 0.000490 0
32 4 32 46 0.000405 2
32 4 32 47 0.000295 0
32 4 32 48 0.000143 0
32 4 32 49 0.000407 0
32 4 32 50 0.000392 0
32 4 32 51 0.000272 2
32 4 32 52 0.000234 0
32 4 32 53 0.000276 2
32 4 32 54 0.000239 2
32 4 32 55 0.000165 0
32 4 32 56 0.000362 0
32 4 32 57 0.000418 2
32 4 32 58 0.000436 2
32 4 32 59 0.000241 0
32 4 32 60 0.000471 0
32 4 32 61 0.000356 2
32 4 32 62 0.000338 0
32 4 32 63 0.000237 0
32 4 32 64 0.000321 0
32 4 32 65 0.000373 0
32 4 32 66 0.000322 0
32 4 32 67 0.000314 0
32 4 32 68 0.000184 0
32 4 32 69 0.000259 2
32 4 32 70 0.000230 0
32 4 32 71 0.000312 2
32 4 32 72 0.000283 2
32 4 32 73 0.000430 0
32 4 32 74 0.000349 0
32 4 32 75 0.000283 0
32 4 32 76 0.000385 0
32 4 32 77 0.000363 2
32 4 32 78 0.000262 0
32 4 32 79 0.000296 0
32 4 32 80 0.000221 0
32 4 32 81 0.000378 0
32 4 32 82 0.000362 2
32 4 32 83 0.000389 0
32 4 32 84 0.000474 0
32 4 32 85 0.000320 2
32 4 32 86 0.000249 2
32 4 32 87 0.000223 0
32 4 32 88 0.000248 0
32 4 32 89 0.000279 0
32 4 32 90 0.000365 0
32 4 32 91 0.000455 2
32 4 32 92 0.000212 2
32 4 32 93 0.000241 0
32 4 32 94 0.000296 2
32 4 32 95 0.000127 2
32 4 32 96 0.000327 2
32 4 32 97 0.000357 2
32 4 32 98 0.000549 2
32 4 32 99 0.000364 2
32 8 16 0 0.000985 00
32 8 16 1 0.000857 00
32 8 16 2 0.001197 00
32 8 16 3 0.001160 00
32 8 16 4 0.001164 00
32 8 16 5 0.000822 00
32 8 16 6 0.001347 00
32 8 16 7 0.000376 00
32 8 16 8 0.000700 00
32 8 16 9 0.000889 00
32 8 16 10 0.001022 00
32 8 16 11 0.001668 00
32 8 16 12 0.000681 00
32 8 16 13 0.001694 22
32 8 16 14 0.001047 22
32 8 16 15 0.001315 00
32 8 16 16 0.001427 22
32 8 16 17 0.001273 00
32 8 16 18 0.000977 22
32 8 16 19 0.001878 00
32 8 16 20 0.000966 00
32 8 16 21 0.001276 22
32 8 16 22 0.001645 00
32 8 16 23 0.001221 22
32 8 16 24 0.000845 22
32 8 16 25 0.000752 00
32 8 16 26 0.001153 00
32 8 16 27 0.000472 00
32 8 16 28 0.001563 00
32 8 16 29 0.002076 00
32 8 16 30 0.000848 22
32 8 16 31 0.000998 22
32 8 16 32 0.000585 00
32 8 16 33 0.000584 00
32 8 16 34 0.001480 00
32 8 16 35 0.000943 00
32 8 16 36 0.001202 00
32 8 16 37 0.000828 00
32 8 16 38 0.001230 00
32 8 16 39 0.000389 00
32 8 16 40 0.000784 00
32 8 16 41 0.001031 00
32 8 16 42 0.001165 00
32 8 16 43 0.001121 22
32 8 16 44 0.000913 00
32 8 16 45 0.001523 00
32 8 16 46 0.001154 22
32 8 16 47 0.000890 00
32 8 16 48 0.000355 00
32 8 16 49 0.001134 00
32 8 16 50 0.001573 00
32 8 16 51 0.000843 22
32 8 16 52 0.000653 00
32 8 16 53 0.000881 22
32 8 16 54 0.000688 22
32 8 16 55 0.000459 00
32 8 16 56 0.001275 00
32 8 16 57 0.001911 22
32 8 16 58 0.001454 22
32 8 16 59 0.000685 00
32 8 16 60 0.001560 00
32 8 16 61 0.001089 22
32 8 16 62 0.001004 00
32 8 16 63 0.000652 00
32 8 16 64 0.001030 00
32 8 16 65 0.001329 00
32 8 16 66 0.001073 00
32 8 16 67 0.001011 00
32 8 16 68 0.000530 00
32 8 16 69 0.000533 22
32 8 16 70 0.000738 00
32 8 16 71 0.000973 22
32 8 16 72 0.000856 22
32 8 16 73 0.001535 00
32 8 16 74 0.000926 00
32 8 16 75 0.000910 00
32 8 16 76 0.001274 00
32 8 16 77 0.001183 22
32 8 16 78 0.000727 00
32 8 16 79 0.001018 00
32 8 16 80 0.000663 00
32 8 16 81 0.001226 00
32 8 16 82 0.001078 22
32 8 16 83 0.000759 00
32 8 16 84 0.001574 00
32 8 16 85 0.001197 22
32 8 16 86 0.000852 22
32 8 16 87 0.000631 00
32 8 16 88 0.000763 00
32 8 16 89 0.000834 22
32 8 16 90 0.001180 00
32 8 16 91 0.001686 22
32 8 16 92 0.000606 22
32 8 16 93 0.000709 00
32 8 16 94 0.000967 22
32 8 16 95 0.000344 22
32 8 16 96 0.000933 22
32 8 16 97 0.001068 22
32 8 16 98 0.001893 22
32 8 16 99 0.000995 22
32 8 32 0 0.000804 0
32 8 32 1 0.000713 0
32 8 32 2 0.000960 0
32 8 32 3 0.001019 0
32 8 32 4 0.000853 0
32 8 32 5 0.000647 0
32 8 32 6 0.000990 0
32 8 32 7 0.000275 0
32 8 32 8 0.000598 0
32 8 32 9 0.000808 0
32 8 32 10 0.000859 0
32 8 32 11 0.001507 0
32 8 32 12 0.000608 0
32 8 32 13 0.001211 2
32 8 32 14 0.000789 2
32 8 32 15 0.001046 0
32 8 32 16 0.001253 2
32 8 32 17 0.001129 0
32 8 32 18 0.000774 2
32 8 32 19 0.001651 0
32 8 32 20 0.000796 0
32 8 32 21 0.000998 2
32 8 32 22 0.001400 0
32 8 32 23 0.000903 2
32 8 32 24 0.000621 2
32 8 32 25 0.000620 0
32 8 32 26 0.000917 0
32 8 32 27 0.000355 0
32 8 32 28 0.001183 0
32 8 32 29 0.001672 0
32 8 32 30 0.000701 2
32 8 32 31 0.000821 2
32 8 32 32 0.001125 0
32 8 32 33 0.000485 0
32 8 32 34 0.001225 0
32 8 32 35 0.000702 0
32 8 32 36 0.000984 0
32 8 32 37 0.000655 0
32 8 32 38 0.000965 0
32 8 32 39 0.000317 0
32 8 32 40 0.000616 0
32 8 32 41 0.000811 0
32 8 32 42 0.000909 0
32 8 32 43 0.000878 2
32 8 32 44 0.000774 0
32 8 32 45 0.001236 0
32 8 32 46 0.001007 2
32 8 32 47 0.000719 0
32 8 32 48 0.000288 0
32 8 32 49 0.000977 0
32 8 32 50 0.001169 0
32 8 32 51 0.000617 2
32 8 32 52 0.000539 0
32 8 32 53 0.000745 2
32 8 32 54 0.000626 2
32 8 32 55 0.000313 0
32 8 32 56 0.001106 0
32 8 32 57 0.001399 2
32 8 32 58 0.001184 2
32 8 32 59 0.000584 0
32 8 32 60 0.001346 0
32 8 32 61 0.000942 2
32 8 32 62 0.000838 0
32 8 32 63 0.000536 0
32 8 32 64 0.000840 0
32 8 32 65 0.000933 0
32 8 32 66 0.000825 0
32 8 32 67 0.000794 0
32 8 32 68 0.000439 0
32 8 32 69 0.000478 2
32 8 32 70 0.000589 0
32 8 32 71 0.000815 2
32 8 32 72 0.000675 2
32 8 32 73 0.001227 0
32 8 32 74 0.000767 0
32 8 32 75 0.000664 0
32 8 32 76 0.001038 0
32 8 32 77 0.000933 2
32 8 32 78 0.000635 0
32 8 32 79 0.000915 0
32 8 32 80 0.000574 0
32 8 32 81 0.000975 0
32 8 32 82 0.000869 2
32 8 32 83 0.000579 0
32 8 32 84 0.001380 0
32 8 32 85 0.000928 2
32 8 32 86 0.000663 2
32 8 32 87 0.000536 0
32 8 32 88 0.000645 0
32 8 32 89 0.000701 2
32 8 32 90 0.000977 0
32 8 32 91 0.001230 2
32 8 32 92 0.000439 2
32 8 32 93 0.000536 0
32 8 32 94 0.000867 2
32 8 32 95 0.000281 2
32 8 32 96 0.000825 2
32 8 32 97 0.000910 2
32 8 32 98 0.001516 2
32 8 32 99 0.000923 2
64 2 4 0 0.001731 0000000000000000
64 2 4 1 0.002867 0000000000000000
64 2 4 2 0.002621 0000000000000000
64 2 4 3 0.001548 0000000000000000
64 2 4 4 0.002406 2220000000000000
64 2 4 5 0.002271 0000000000000000
64 2 4 6 0.002092 0000000000000000
64 2 4 7 0.001788 0000000000000000
64 2 4 8 0.002072 0000000000000000
64 2 4 9 0.002219 0000000000000000
64 2 4 10 0.001692 0000000000000000
64 2 4 11 0.001592 2200000000000000
64 2 4 12 0.002242 0000000000000000
64 2 4 13 0.002008 2222000000000000
64 2 4 14 0.001959 2000000000000000
64 2 4 15 0.001555 0000000000000000
64 2 4 16 0.002266 0000000000000000
64 2 4 17 0.002012 2200000000000000
64 2 4 18 0.002129 0000000000000000
64 2 4 19 0.002686 0000000000000000
64 2 4 20 0.002216 0000000000000000
64 2 4 21 0.002101 2200000000000000
64 2 4 22 0.002448 0000000000000000
64 2 4 23 0.001880 0000000000000000
64 2 4 24 0.001887 0000000000000000
64 2 4 25 0.001926 2000000000000000
64 2 4 26 0.002410 2000000000000000
64 2 4 27 0.002580 2200000000000000
64 2 4 28 0.001872 2200000000000000
64 2 4 29 0.002224 0000000000000000
64 2 4 30 0.002217 0000000000000000
64 2 4 31 0.002965 0000000000000000
64 2 4 32 0.001913 0000000000000000
64 2 4 33 0.001623 0000000000000000
64 2 4 34 0.001997 0000000000000000
64 2 4 35 0.001631 2000000000000000
64 2 4 36 0.002255 0000000000000000
64 2 4 37 0.002342 0000000000000000
64 2 4 38 0.002409 2000000000000000
64 2 4 39 0.002672 0000000000000000
64 2 4 40 0.002091 0000000000000000
64 2 4 41 0.002248 0000000000000000
64 2 4 42 0.002174 2220000000000000
64 2 4 43 0.002059 2000000000000000
64 2 4 44 0.002177 2200000000000000
64 2 4 45 0.002404 0000000000000000
64 2 4 46 0.002039 0000000000000000
64 2 4 47 0.002147 0000000000000000
64 2 4 48 0.002294 0000000000000000
64 2 4 49 0.002050 0000000000000000
64 2 4 50 0.002413 0000000000000000
64 2 4 51 0.001737 0000000000000000
64 2 4 52 0.002300 2200000000000000
64 2 4 53 0.002201 0000000000000000
64 2 4 54 0.002377 2000000000000000
64 2 4 55 0.002496 0000000000000000
64 2 4 56 0.001650 2000000000000000
64 2 4 57 0.001999 2000000000000000
64 2 4 58 0.002046 2220000000000000
64 2 4 59 0.002173 0000000000000000
64 2 4 60 0.001883 0000000000000000
64 2 4 61 0.002704 2220000000000000
64 2 4 62 0.002357 0000000000000000
64 2 4 63 0.002490 0000000000000000
64 2 4 64 0.001778 0000000000000000
64 2 4 65 0.001662 0000000000000000
64 2 4 66 0.001981 0000000000000000
64 2 4 67 0.002577 0000000000000000
64 2 4 68 0.002255 0000000000000000
64 2 4 69 0.001992 0000000000000000
64 2 4 70 0.001830 0000000000000000
64 2 4 71 0.002562 0000000000000000
64 2 4 72 0.002150 0000000000000000
64 2 4 73 0.001992 2200000000000000
64 2 4 74 0.002287 0000000000000000
64 2 4 75 0.001942 2000000000000000
64 2 4 76 0.002890 0000000000000000
64 2 4 77 0.002290 2000000000000000
64 2 4 78 0.002484 0000000000000000
64 2 4 79 0.001742 0000000000000000
64 2 4 80 0.001917 0000000000000000
64 2 4 81 0.002325 0000000000000000
64 2 4 82 0.002602 0000000000000000
64 2 4 83 0.002195 0000000000000000
64 2 4 84 0.002137 0000000000000000
64 2 4 85 0.002233 0000000000000000
64 2 4 86 0.002366 0000000000000000
64 2 4 87 0.002225 0000000000000000
64 2 4 88 0.001655 0000000000000000
64 2 4 89 0.001827 2000000000000000
64 2 4 90 0.002157 0000000000000000
64 2 4 91 0.002108 0000000000000000
64 2 4 92 0.002725 0000000000000000
64 2 4 93 0.001981 0000000000000000
64 2 4 94 0.002401 0000000000000000
64 2 4 95 0.002099 0000000000000000
64 2 4 96 0.002463 0000000000000000
64 2 4 97 0.001749 0000000000000000
64 2 4 98 0.002329 0000000000000000
64 2 4 99 0.001760 0000000000000000
64 2 8 0 0.000926 00000000
64 2 8 1 0.001522 00000000
64 2 8 2 0.001443 00000000
64 2 8 3 0.000828 00000000
64 2 8 4 0.001246 20000000
64 2 8 5 0.001186 00000000
64 2 8 6 0.001089 00000000
64 2 8 7 0.000902 00000000
64 2 8 8 0.001008 00000000
64 2 8 9 0.001162 00000000
64 2 8 10 0.000879 00000000
64 2 8 11 0.000855 20000000
64 2 8 12 0.001215 00000000
64 2 8 13 0.001071 22000000
64 2 8 14 0.000971 00000000
64 2 8 15 0.000846 00000000
64 2 8 16 0.001141 00000000
64 2 8 17 0.001094 20000000
64 2 8 18 0.001149 00000000
64 2 8 19 0.001431 00000000
64 2 8 20 0.001170 00000000
64 2 8 21 0.001146 20000000
64 2 8 22 0.001267 00000000
64 2 8 23 0.000869 00000000
64 2 8 24 0.000999 00000000
64 2 8 25 0.001004 00000000
64 2 8 26 0.001249 00000000
64 2 8 27 0.001398 20000000
64 2 8 28 0.001072 20000000
64 2 8 29 0.001185 00000000
64 2 8 30 0.001181 00000000
64 2 8 31 0.001563 00000000
64 2 8 32 0.001013 00000000
64 2 8 33 0.000867 00000000
64 2 8 34 0.001074 00000000
64 2 8 35 0.000856 00000000
64 2 8 36 0.001160 00000000
64 2 8 37 0.001242 00000000
64 2 8 38 0.001261 00000000
64 2 8 39 0.001458 00000000
64 2 8 40 0.001040 00000000
64 2 8 41 0.001170 00000000
64 2 8 42 0.001178 20000000
64 2 8 43 0.001106 00000000
64 2 8 44 0.001141 20000000
64 2 8 45 0.001257 00000000
64 2 8 46 0.001031 00000000
64 2 8 47 0.001101 00000000
64 2 8 48 0.001218 00000000
64 2 8 49 0.001110 00000000
64 2 8 50 0.001261 00000000
64 2 8 51 0.000910 00000000
64 2 8 52 0.001265 20000000
64 2 8 53 0.001125 00000000
64 2 8 54 0.001301 00000000
64 2 8 55 0.001328 00000000
64 2 8 56 0.000891 00000000
64 2 8 57 0.001026 00000000
64 2 8 58 0.001047 20000000
64 2 8 59 0.001164 00000000
64 2 8 60 0.001017 00000000
64 2 8 61 0.001396 20000000
64 2 8 62 0.001233 00000000
64 2 8 63 0.001274 00000000
64 2 8 64 0.000929 00000000
64 2 8 65 0.000864 00000000
64 2 8 66 0.001061 00000000
64 2 8 67 0.001369 00000000
64 2 8 68 0.001219 00000000
64 2 8 69 0.001002 00000000
64 2 8 70 0.000917 00000000
64 2 8 71 0.001396 00000000
64 2 8 72 0.001147 00000000
64 2 8 73 0.001058 20000000
64 2 8 74 0.001243 00000000
64 2 8 75 0.001025 00000000
64 2 8 76 0.001531 00000000
64 2 8 77 0.001179 00000000
64 2 8 78 0.001288 00000000
64 2 8 79 0.000889 00000000
64 2 8 80 0.000989 00000000
64 2 8 81 0.001235 00000000
64 2 8 82 0.001389 00000000
64 2 8 83 0.001167 00000000
64 2 8 84 0.001098 00000000
64 2 8 85 0.001108 00000000
64 2 8 86 0.001265 00000000
64 2 8 87 0.001170 00000000
64 2 8 88 0.000902 00000000
64 2 8 89 0.000978 00000000
64 2 8 90 0.001141 00000000
64 2 8 91 0.001122 00000000
64 2 8 92 0.001391 00000000
64 2 8 93 0.001044 00000000
64 2 8 94 0.001259 00000000
64 2 8 95 0.001073 00000000
64 2 8 96 0.001308 00000000
64 2 8 97 0.000915 00000000
64 2 8 98 0.001241 00000000
64 2 8 99 0.000938 00000000
64 2 16 0 0.000505 0000
64 2 16 1 0.000824 0000
64 2 16 2 0.000753 0000
64 2 16 3 0.000471 0000
64 2 16 4 0.000677 0000
64 2 16 5 0.000701 0000
64 2 16 6 0.000581 0000
64 2 16 7 0.000516 0000
64 2 16 8 0.000598 0000
64 2 16 9 0.000648 0000
64 2 16 10 0.000495 0000
64 2 16 11 0.000486 0000
64 2 16 12 0.000659 0000
64 2 16 13 0.000608 2000
64 2 16 14 0.000524 0000
64 2 16 15 0.000463 0000
64 2 16 16 0.000603 0000
64 2 16 17 0.000616 0000
64 2 16 18 0.000634 0000
64 2 16 19 0.000811 0000
64 2 16 20 0.000659 0000
64 2 16 21 0.000623 0000
64 2 16 22 0.000718 0000
64 2 16 23 0.000487 0000
64 2 16 24 0.000554 0000
64 2 16 25 0.000580 0000
64 2 16 26 0.000729 0000
64 2 16 27 0.000752 0000
64 2 16 28 0.000569 0000
64 2 16 29 0.000644 0000
64 2 16 30 0.000650 0000
64 2 16 31 0.000869 0000
64 2 16 32 0.000569 0000
64 2 16 33 0.000477 0000
64 2 16 34 0.000601 0000
64 2 16 35 0.000480 0000
64 2 16 36 0.000685 0000
64 2 16 37 0.000691 0000
64 2 16 38 0.000704 0000
64 2 16 39 0.000774 0000
64 2 16 40 0.000593 0000
64 2 16 41 0.000649 0000
64 2 16 42 0.000664 0000
64 2 16 43 0.000634 0000
64 2 16 44 0.000630 0000
64 2 16 45 0.000695 0000
64 2 16 46 0.000581 0000
64 2 16 47 0.000628 0000
64 2 16 48 0.000672 0000
64 2 16 49 0.000635 0000
64 2 16 50 0.000727 0000
64 2 16 51 0.000506 0000
64 2 16 52 0.000687 0000
64 2 16 53 0.000602 0000
64 2 16 54 0.000706 0000
64 2 16 55 0.000745 0000
64 2 16 56 0.000503 0000
64 2 16 57 0.000576 0000
64 2 16 58 0.000606 0000
64 2 16 59 0.000658 0000
64 2 16 60 0.000567 0000
64 2 16 61 0.000761 0000
64 2 16 62 0.000696 0000
64 2 16 63 0.000695 0000
64 2 16 64 0.000521 0000
64 2 16 65 0.000485 0000
64 2 16 66 0.000600 0000
64 2 16 67 0.000762 0000
64 2 16 68 0.000699 0000
64 2 16 69 0.000554 0000
64 2 16 70 0.000503 0000
64 2 16 71 0.000752 0000
64 2 16 72 0.000662 0000
64 2 16 73 0.000565 0000
64 2 16 74 0.000691 0000
64 2 16 75 0.000579 0000
64 2 16 76 0.000849 0000
64 2 16 77 0.000657 0000
64 2 16 78 0.000701 0000
64 2 16 79 0.000502 0000
64 2 16 80 0.000534 0000
64 2 16 81 0.000700 0000
64 2 16 82 0.000758 0000
64 2 16 83 0.000634 0000
64 2 16 84 0.000582 0000
64 2 16 85 0.000632 0000
64 2 16 86 0.000801 0000
64 2 16 87 0.000658 0000
64 2 16 88 0.000483 0000
64 2 16 89 0.000541 0000
64 2 16 90 0.000639 0000
64 2 16 91 0.000636 0000
64 2 16 92 0.000773 0000
64 2 16 93 0.000594 0000
64 2 16 94 0.000700 0000
64 2 16 95 0.000684 0000
64 2 16 96 0.000731 0000
64 2 16 97 0.000495 0000
64 2 16 98 0.000680 0000
64 2 16 99 0.000537 0000
64 2 32 0 0.000299 00
64 2 32 1 0.000493 00
64 2 32 2 0.000456 00
64 2 32 3 0.000296 00
64 2 32 4 0.000407 00
64 2 32 5 0.000430 00
64 2 32 6 0.000340 00
64 2 32 7 0.000319 00
64 2 32 8 0.000342 00
64 2 32 9 0.000410 00
64 2 32 10 0.000308 00
64 2 32 11 0.000296 00
64 2 32 12 0.000389 00
64 2 32 13 0.000369 00
64 2 32 14 0.000348 00
64 2 32 15 0.000293 00
64 2 32 16 0.000387 00
64 2 32 17 0.000389 00
64 2 32 18 0.000391 00
64 2 32 19 0.000505 00
64 2 32 20 0.000397 00
64 2 32 21 0.000394 00
64 2 32 22 0.000423 00
64 2 32 23 0.000310 00
64 2 32 24 0.000346 00
64 2 32 25 0.000371 00
64 2 32 26 0.000435 00
64 2 32 27 0.000456 00
64 2 32 28 0.000344 00
64 2 32 29 0.000383 00
64 2 32 30 0.000414 00
64 2 32 31 0.000515 00
64 2 32 32 0.000344 00
64 2 32 33 0.000293 00
64 2 32 34 0.000372 00
64 2 32 35 0.000300 00
64 2 32 36 0.000397 00
64 2 32 37 0.000417 00
64 2 32 38 0.000410 00
64 2 32 39 0.000501 00
64 2 32 40 0.000352 00
64 2 32 41 0.000395 00
64 2 32 42 0.000404 00
64 2 32 43 0.000388 00
64 2 32 44 0.000401 00
64 2 32 45 0.000385 00
64 2 32 46 0.000355 00
64 2 32 47 0.000391 00
64 2 32 48 0.000399 00
64 2 32 49 0.000388 00
64 2 32 50 0.000418 00
64 2 32 51 0.000311 00
64 2 32 52 0.000421 00
64 2 32 53 0.000381 00
64 2 32 54 0.000422 00
64 2 32 55 0.000448 00
64 2 32 56 0.000309 00
64 2 32 57 0.000343 00
64 2 32 58 0.000374 00
64 2 32 59 0.000401 00
64 2 32 60 0.000352 00
64 2 32 61 0.000465 00
64 2 32 62 0.000412 00
64 2 32 63 0.000440 00
64 2 32 64 0.000329 00
64 2 32 65 0.000303 00
64 2 32 66 0.000390 00
64 2 32 67 0.000471 00
64 2 32 68 0.000437 00
64 2 32 69 0.000371 00
64 2 32 70 0.000310 00
64 2 32 71 0.000469 00
64 2 32 72 0.000409 00
64 2 32 73 0.000349 00
64 2 32 74 0.000414 00
64 2 32 75 0.000367 00
64 2 32 76 0.000515 00
64 2 32 77 0.000425 00
64 2 32 78 0.000433 00
64 2 32 79 0.000300 00
64 2 32 80 0.000337 00
64 2 32 81 0.000410 00
64 2 32 82 0.000470 00
64 2 32 83 0.000368 00
64 2 32 84 0.000356 00
64 2 32 85 0.000369 00
64 2 32 86 0.000421 00
64 2 32 87 0.000375 00
64 2 32 88 0.000305 00
64 2 32 89 0.000328 00
64 2 32 90 0.000402 00
64 2 32 91 0.000389 00
64 2 32 92 0.000475 00
64 2 32 93 0.000379 00
64 2 32 94 0.000441 00
64 2 32 95 0.000375 00
64 2 32 96 0.000450 00
64 2 32 97 0.000296 00
64 2 32 98 0.000415 00
64 2 32 99 0.000315 00
64 4 8 0 0.002481 00000000
64 4 8 1 0.004316 00000000
64 4 8 2 0.003775 00000000
64 4 8 3 0.001913 00000000
64 4 8 4 0.003844 22222222
64 4 8 5 0.003275 00000000
64 4 8 6 0.003043 00000000
64 4 8 7 0.002492 00000000
64 4 8 8 0.002505 00000000
64 4 8 9 0.002926 00000000
64 4 8 10 0.002200 00000000
64 4 8 11 0.002026 20000000
64 4 8 12 0.003792 00000000
64 4 8 13 0.002757 22222222
64 4 8 14 0.002424 20000000
64 4 8 15 0.002026 00000000
64 4 8 16 0.003011 00000000
64 4 8 17 0.002908 22222222
64 4 8 18 0.002962 00000000
64 4 8 19 0.003809 00000000
64 4 8 20 0.003007 00000000
64 4 8 21 0.003259 22222222
64 4 8 22 0.003376 00000000
64 4 8 23 0.002110 00000000
64 4 8 24 0.002562 00000000
64 4 8 25 0.002725 22222222
64 4 8 26 0.003460 22222222
64 4 8 27 0.003221 22222222
64 4 8 28 0.002611 22222000
64 4 8 29 0.003017 00000000
64 4 8 30 0.002980 00000000
64 4 8 31 0.004533 00000000
64 4 8 32 0.002352 00000000
64 4 8 33 0.002050 00000000
64 4 8 34 0.002636 00000000
64 4 8 35 0.002171 22200000
64 4 8 36 0.002942 00000000
64 4 8 37 0.003245 00000000
64 4 8 38 0.003293 22222222
64 4 8 39 0.003651 00000000
64 4 8 40 0.002619 00000000
64 4 8 41 0.003048 00000000
64 4 8 42 0.002747 22222222
64 4 8 43 0.002892 22222222
64 4 8 44 0.003090 22222222
64 4 8 45 0.003387 00000000
64 4 8 46 0.002549 00000000
64 4 8 47 0.002712 00000000
64 4 8 48 0.003167 00000000
64 4 8 49 0.002871 00000000
64 4 8 50 0.003128 00000000
64 4 8 51 0.002278 00000000
64 4 8 52 0.003267 22000000
64 4 8 53 0.002856 00000000
64 4 8 54 0.003375 22222222
64 4 8 55 0.003722 00000000
64 4 8 56 0.002058 20000000
64 4 8 57 0.002659 22200000
64 4 8 58 0.002413 22220000
64 4 8 59 0.002982 00000000
64 4 8 60 0.002539 00000000
64 4 8 61 0.003984 22222222
64 4 8 62 0.003245 00000000
64 4 8 63 0.003580 00000000
64 4 8 64 0.002280 00000000
64 4 8 65 0.002065 00000000
64 4 8 66 0.002627 00000000
64 4 8 67 0.003462 00000000
64 4 8 68 0.003343 00000000
64 4 8 69 0.002561 00000000
64 4 8 70 0.002239 00000000
64 4 8 71 0.003443 00000000
64 4 8 72 0.002993 00000000
64 4 8 73 0.002367 22000000
64 4 8 74 0.003180 00000000
64 4 8 75 0.002449 22222222
64 4 8 76 0.004318 00000000
64 4 8 77 0.003169 22222222
64 4 8 78 0.003545 00000000
64 4 8 79 0.002368 00000000
64 4 8 80 0.002562 00000000
64 4 8 81 0.003525 00000000
64 4 8 82 0.003603 00000000
64 4 8 83 0.002837 00000000
64 4 8 84 0.002878 00000000
64 4 8 85 0.002951 00000000
64 4 8 86 0.003335 00000000
64 4 8 87 0.003088 00000000
64 4 8 88 0.001859 00000000
64 4 8 89 0.002269 22000000
64 4 8 90 0.003064 00000000
64 4 8 91 0.002720 00000000
64 4 8 92 0.003873 00000000
64 4 8 93 0.002616 00000000
64 4 8 94 0.003169 00000000
64 4 8 95 0.002501 00000000
64 4 8 96 0.003439 00000000
64 4 8 97 0.002158 00000000
64 4 8 98 0.003402 00000000
64 4 8 99 0.002121 00000000
64 4 16 0 0.001346 0000
64 4 16 1 0.002374 0000
64 4 16 2 0.002026 0000
64 4 16 3 0.001085 0000
64 4 16 4 0.001910 2222
64 4 16 5 0.001933 0000
64 4 16 6 0.001546 0000
64 4 16 7 0.001416 0000
64 4 16 8 0.001425 0000
64 4 16 9 0.001657 0000
64 4 16 10 0.001282 0000
64 4 16 11 0.001189 0000
64 4 16 12 0.001766 0000
64 4 16 13 0.001591 2222
64 4 16 14 0.001341 0000
64 4 16 15 0.001170 0000
64 4 16 16 0.001599 0000
64 4 16 17 0.001661 2222
64 4 16 18 0.001725 0000
64 4 16 19 0.002175 0000
64 4 16 20 0.001708 0000
64 4 16 21 0.001705 2222
64 4 16 22 0.001880 0000
64 4 16 23 0.001183 0000
64 4 16 24 0.001357 0000
64 4 16 25 0.001545 2222
64 4 16 26 0.001890 2222
64 4 16 27 0.001818 2222
64 4 16 28 0.001464 2200
64 4 16 29 0.001655 0000
64 4 16 30 0.001663 0000
64 4 16 31 0.002439 0000
64 4 16 32 0.001319 0000
64 4 16 33 0.001185 0000
64 4 16 34 0.001514 0000
64 4 16 35 0.001209 2000
64 4 16 36 0.001702 0000
64 4 16 37 0.001771 0000
64 4 16 38 0.001842 2222
64 4 16 39 0.002109 0000
64 4 16 40 0.001459 0000
64 4 16 41 0.001697 0000
64 4 16 42 0.001590 2222
64 4 16 43 0.001638 2222
64 4 16 44 0.001800 2222
64 4 16 45 0.001848 0000
64 4 16 46 0.001418 0000
64 4 16 47 0.001496 0000
64 4 16 48 0.001769 0000
64 4 16 49 0.001602 0000
64 4 16 50 0.001785 0000
64 4 16 51 0.001233 0000
64 4 16 52 0.001857 2000
64 4 16 53 0.001577 0000
64 4 16 54 0.001905 2222
64 4 16 55 0.002132 0000
64 4 16 56 0.001181 0000
64 4 16 57 0.001448 0000
64 4 16 58 0.001474 2200
64 4 16 59 0.001625 0000
64 4 16 60 0.001444 0000
64 4 16 61 0.002118 2222
64 4 16 62 0.001773 0000
64 4 16 63 0.001911 0000
64 4 16 64 0.001298 0000
64 4 16 65 0.001183 0000
64 4 16 66 0.001529 0000
64 4 16 67 0.001918 0000
64 4 16 68 0.002020 0000
64 4 16 69 0.001441 0000
64 4 16 70 0.001220 0000
64 4 16 71 0.001891 0000
64 4 16 72 0.001716 0000
64 4 16 73 0.001336 2000
64 4 16 74 0.001872 0000
64 4 16 75 0.001386 2222
64 4 16 76 0.002340 0000
64 4 16 77 0.001804 2222
64 4 16 78 0.002009 0000
64 4 16 79 0.001272 0000
64 4 16 80 0.001311 0000
64 4 16 81 0.001901 0000
64 4 16 82 0.001943 0000
64 4 16 83 0.001623 0000
64 4 16 84 0.001527 0000
64 4 16 85 0.001578 0000
64 4 16 86 0.001914 0000
64 4 16 87 0.001740 0000
64 4 16 88 0.001031 0000
64 4 16 89 0.001272 2000
64 4 16 90 0.001720 0000
64 4 16 91 0.001482 0000
64 4 16 92 0.002166 0000
64 4 16 93 0.001500 0000
64 4 16 94 0.001707 0000
64 4 16 95 0.001446 0000
64 4 16 96 0.002016 0000
64 4 16 97 0.001205 0000
64 4 16 98 0.001833 0000
64 4 16 99 0.001165 0000
64 4 32 0 0.000810 00
64 4 32 1 0.001493 00
64 4 32 2 0.001229 00
64 4 32 3 0.000644 00
64 4 32 4 0.001126 22
64 4 32 5 0.001198 00
64 4 32 6 0.000963 00
64 4 32 7 0.000880 00
64 4 32 8 0.000900 00
64 4 32 9 0.000998 00
64 4 32 10 0.000785 00
64 4 32 11 0.000724 00
64 4 32 12 0.001082 00
64 4 32 13 0.000978 22
64 4 32 14 0.000899 00
64 4 32 15 0.000754 00
64 4 32 16 0.000980 00
64 4 32 17 0.001092 22
64 4 32 18 0.001022 00
64 4 32 19 0.001316 00
64 4 32 20 0.001038 00
64 4 32 21 0.001088 22
64 4 32 22 0.001129 00
64 4 32 23 0.000741 00
64 4 32 24 0.000869 00
64 4 32 25 0.001000 22
64 4 32 26 0.001132 22
64 4 32 27 0.001122 22
64 4 32 28 0.000899 20
64 4 32 29 0.001004 00
64 4 32 30 0.001615 00
64 4 32 31 0.001482 00
64 4 32 32 0.000794 00
64 4 32 33 0.000696 00
64 4 32 34 0.000939 00
64 4 32 35 0.000735 00
64 4 32 36 0.001054 00
64 4 32 37 0.001127 00
64 4 32 38 0.001086 22
64 4 32 39 0.001299 00
64 4 32 40 0.000962 00
64 4 32 41 0.001008 00
64 4 32 42 0.000967 22
64 4 32 43 0.001114 22
64 4 32 44 0.001108 22
64 4 32 45 0.001043 00
64 4 32 46 0.000875 00
64 4 32 47 0.000990 00
64 4 32 48 0.001065 00
64 4 32 49 0.001006 00
64 4 32 50 0.001108 00
64 4 32 51 0.000791 00
64 4 32 52 0.001206 00
64 4 32 53 0.001003 00
64 4 32 54 0.001168 22
64 4 32 55 0.001281 00
64 4 32 56 0.000744 00
64 4 32 57 0.000893 00
64 4 32 58 0.000941 20
64 4 32 59 0.001040 00
64 4 32 60 0.000883 00
64 4 32 61 0.001314 22
64 4 32 62 0.001101 00
64 4 32 63 0.001171 00
64 4 32 64 0.000809 00
64 4 32 65 0.000744 00
64 4 32 66 0.000891 00
64 4 32 67 0.001248 00
64 4 32 68 0.001198 00
64 4 32 69 0.000899 00
64 4 32 70 0.000744 00
64 4 32 71 0.001245 00
64 4 32 72 0.001087 00
64 4 32 73 0.000817 00
64 4 32 74 0.001069 00
64 4 32 75 0.000843 22
64 4 32 76 0.001403 00
64 4 32 77 0.001125 22
64 4 32 78 0.001231 00
64 4 32 79 0.000787 00
64 4 32 80 0.000849 00
64 4 32 81 0.001137 00
64 4 32 82 0.001259 00
64 4 32 83 0.000961 00
64 4 32 84 0.000977 00
64 4 32 85 0.000973 00
64 4 32 86 0.001184 00
64 4 32 87 0.001010 00
64 4 32 88 0.000640 00
64 4 32 89 0.000791 00
64 4 32 90 0.001106 00
64 4 32 91 0.000940 00
64 4 32 92 0.001335 00
64 4 32 93 0.000992 00
64 4 32 94 0.001079 00
64 4 32 95 0.000915 00
64 4 32 96 0.001210 00
64 4 32 97 0.000741 00
64 4 32 98 0.001119 00
64 4 32 99 0.000723 00
64 8 16 0 0.003784 0000
64 8 16 1 0.006830 0000
64 8 16 2 0.005757 0000
64 8 16 3 0.002497 0000
64 8 16 4 0.005031 2222
64 8 16 5 0.004893 0000
64 8 16 6 0.004261 0000
64 8 16 7 0.004128 0000
64 8 16 8 0.003473 0000
64 8 16 9 0.004851 0000
64 8 16 10 0.003697 0000
64 8 16 11 0.003140 2222
64 8 16 12 0.004894 0000
64 8 16 13 0.003953 2222
64 8 16 14 0.004416 2222
64 8 16 15 0.003024 0000
64 8 16 16 0.004493 0000
64 8 16 17 0.004289 2222
64 8 16 18 0.004660 0000
64 8 16 19 0.006356 0000
64 8 16 20 0.004661 0000
64 8 16 21 0.004829 2222
64 8 16 22 0.004927 0000
64 8 16 23 0.002935 0000
64 8 16 24 0.003784 0000
64 8 16 25 0.004540 2222
64 8 16 26 0.005552 2222
64 8 16 27 0.005372 2222
64 8 16 28 0.003400 2222
64 8 16 29 0.004694 0000
64 8 16 30 0.004728 0000
64 8 16 31 0.007205 0000
64 8 16 32 0.003770 0000
64 8 16 33 0.002827 0000
64 8 16 34 0.003804 0000
64 8 16 35 0.002615 2222
64 8 16 36 0.004458 0000
64 8 16 37 0.005463 0000
64 8 16 38 0.005481 2222
64 8 16 39 0.006523 0000
64 8 16 40 0.004039 0000
64 8 16 41 0.004873 0000
64 8 16 42 0.004323 2222
64 8 16 43 0.004254 2222
64 8 16 44 0.005260 2222
64 8 16 45 0.005178 0000
64 8 16 46 0.004048 0000
64 8 16 47 0.004648 0000
64 8 16 48 0.004992 0000
64 8 16 49 0.004392 0000
64 8 16 50 0.005026 0000
64 8 16 51 0.003403 0000
64 8 16 52 0.004627 2222
64 8 16 53 0.004129 0000
64 8 16 54 0.005376 2222
64 8 16 55 0.005370 0000
64 8 16 56 0.003378 2222
64 8 16 57 0.004199 2222
64 8 16 58 0.003732 2222
64 8 16 59 0.004766 0000
64 8 16 60 0.004171 0000
64 8 16 61 0.006432 2222
64 8 16 62 0.004931 0000
64 8 16 63 0.005577 0000
64 8 16 64 0.003485 0000
64 8 16 65 0.002905 0000
64 8 16 66 0.003739 0000
64 8 16 67 0.005932 0000
64 8 16 68 0.004863 0000
64 8 16 69 0.003536 0000
64 8 16 70 0.003649 0000
64 8 16 71 0.005777 0000
64 8 16 72 0.004928 0000
64 8 16 73 0.003671 2222
64 8 16 74 0.004590 0000
64 8 16 75 0.003873 2222
64 8 16 76 0.007353 0000
64 8 16 77 0.005144 2222
64 8 16 78 0.005330 0000
64 8 16 79 0.003107 0000
64 8 16 80 0.003613 0000
64 8 16 81 0.005485 0000
64 8 16 82 0.005863 0000
64 8 16 83 0.004709 0000
64 8 16 84 0.004527 0000
64 8 16 85 0.004384 0000
64 8 16 86 0.005068 0000
64 8 16 87 0.004800 0000
64 8 16 88 0.002703 0000
64 8 16 89 0.003486 2222
64 8 16 90 0.004620 0000
64 8 16 91 0.004348 0000
64 8 16 92 0.006920 0000
64 8 16 93 0.003911 0000
64 8 16 94 0.004772 0000
64 8 16 95 0.003929 0000
64 8 16 96 0.005747 0000
64 8 16 97 0.003296 0000
64 8 16 98 0.005873 0000
64 8 16 99 0.003426 0000
64 8 32 0 0.002447 00
64 8 32 1 0.004164 00
64 8 32 2 0.003660 00
64 8 32 3 0.001551 00
64 8 32 4 0.003237 22
64 8 32 5 0.003228 00
64 8 32 6 0.002744 00
64 8 32 7 0.002278 00
64 8 32 8 0.002179 00
64 8 32 9 0.002975 00
64 8 32 10 0.002396 00
64 8 32 11 0.002024 22
64 8 32 12 0.003140 00
64 8 32 13 0.002531 22
64 8 32 14 0.002737 22
64 8 32 15 0.002028 00
64 8 32 16 0.002766 00
64 8 32 17 0.002784 22
64 8 32 18 0.002973 00
64 8 32 19 0.004172 00
64 8 32 20 0.002871 00
64 8 32 21 0.003270 22
64 8 32 22 0.003089 00
64 8 32 23 0.001921 00
64 8 32 24 0.002372 00
64 8 32 25 0.002976 22
64 8 32 26 0.003368 22
64 8 32 27 0.003439 22
64 8 32 28 0.002161 22
64 8 32 29 0.003029 00
64 8 32 30 0.002997 00
64 8 32 31 0.004298 00
64 8 32 32 0.002305 00
64 8 32 33 0.001758 00
64 8 32 34 0.002466 00
64 8 32 35 0.001732 22
64 8 32 36 0.002991 00
64 8 32 37 0.003455 00
64 8 32 38 0.003629 22
64 8 32 39 0.004121 00
64 8 32 40 0.002796 00
64 8 32 41 0.003341 00
64 8 32 42 0.002783 22
64 8 32 43 0.003114 22
64 8 32 44 0.003345 22
64 8 32 45 0.002881 00
64 8 32 46 0.002575 00
64 8 32 47 0.002866 00
64 8 32 48 0.003136 00
64 8 32 49 0.002809 00
64 8 32 50 0.003386 00
64 8 32 51 0.002297 00
64 8 32 52 0.003001 22
64 8 32 53 0.002628 00
64 8 32 54 0.003326 22
64 8 32 55 0.003569 00
64 8 32 56 0.002281 22
64 8 32 57 0.002695 22
64 8 32 58 0.002355 22
64 8 32 59 0.003099 00
64 8 32 60 0.002621 00
64 8 32 61 0.003770 22
64 8 32 62 0.003157 00
64 8 32 63 0.003212 00
64 8 32 64 0.002386 00
64 8 32 65 0.001953 00
64 8 32 66 0.002393 00
64 8 32 67 0.003782 00
64 8 32 68 0.003137 00
64 8 32 69 0.002469 00
64 8 32 70 0.001984 00
64 8 32 71 0.003629 00
64 8 32 72 0.003069 00
64 8 32 73 0.002409 22
64 8 32 74 0.002907 00
64 8 32 75 0.002424 22
64 8 32 76 0.004622 00
64 8 32 77 0.003653 22
64 8 32 78 0.003485 00
64 8 32 79 0.001910 00
64 8 32 80 0.002376 00
64 8 32 81 0.003285 00
64 8 32 82 0.003640 00
64 8 32 83 0.002833 00
64 8 32 84 0.002719 00
64 8 32 85 0.002804 00
64 8 32 86 0.003203 00
64 8 32 87 0.003009 00
64 8 32 88 0.002391 00
64 8 32 89 0.002264 22
64 8 32 90 0.002980 00
64 8 32 91 0.002699 00
64 8 32 92 0.004290 00
64 8 32 93 0.002606 00
64 8 32 94 0.003226 00
64 8 32 95 0.002488 00
64 8 32 96 0.003643 00
64 8 32 97 0.002056 00
64 8 32 98 0.003708 00
64 8 32 99 0.002282 00
128 2 4 0 0.008195 00000000000000000000000000000000
128 2 4 1 0.007047 20000000000000000000000000000000
128 2 4 2 0.008638 00000000000000000000000000000000
128 2 4 3 0.008398 00000000000000000000000000000000
128 2 4 4 0.009751 00000000000000000000000000000000
128 2 4 5 0.009096 00000000000000000000000000000000
128 2 4 6 0.009573 00000000000000000000000000000000
128 2 4 7 0.009849 22222000000000000000000000000000
128 2 4 8 0.009370 00000000000000000000000000000000
128 2 4 9 0.006864 00000000000000000000000000000000
128 2 4 10 0.009943 00000000000000000000000000000000
128 2 4 11 0.008951 20000000000000000000000000000000
128 2 4 12 0.008296 00000000000000000000000000000000
128 2 4 13 0.007736 00000000000000000000000000000000
128 2 4 14 0.010317 00000000000000000000000000000000
128 2 4 15 0.007303 20000000000000000000000000000000
128 2 4 16 0.008491 00000000000000000000000000000000
128 2 4 17 0.009010 00000000000000000000000000000000
128 2 4 18 0.009606 22000000000000000000000000000000
128 2 4 19 0.008207 20000000000000000000000000000000
128 2 4 20 0.008937 20000000000000000000000000000000
128 2 4 21 0.008311 00000000000000000000000000000000
128 2 4 22 0.009407 00000000000000000000000000000000
128 2 4 23 0.009990 00000000000000000000000000000000
128 2 4 24 0.009155 00000000000000000000000000000000
128 2 4 25 0.007750 20000000000000000000000000000000
128 2 4 26 0.009524 20000000000000000000000000000000
128 2 4 27 0.007167 22200000000000000000000000000000
128 2 4 28 0.010242 22000000000000000000000000000000
128 2 4 29 0.009318 20000000000000000000000000000000
128 2 4 30 0.007835 00000000000000000000000000000000
128 2 4 31 0.008486 00000000000000000000000000000000
128 2 4 32 0.008471 22000000000000000000000000000000
128 2 4 33 0.008651 00000000000000000000000000000000
128 2 4 34 0.009538 00000000000000000000000000000000
128 2 4 35 0.010240 00000000000000000000000000000000
128 2 4 36 0.008902 00000000000000000000000000000000
128 2 4 37 0.008293 00000000000000000000000000000000
128 2 4 38 0.008914 00000000000000000000000000000000
128 2 4 39 0.008212 20000000000000000000000000000000
128 2 4 40 0.007611 00000000000000000000000000000000
128 2 4 41 0.010019 20000000000000000000000000000000
128 2 4 42 0.009802 00000000000000000000000000000000
128 2 4 43 0.008920 00000000000000000000000000000000
128 2 4 44 0.007898 00000000000000000000000000000000
128 2 4 45 0.007944 00000000000000000000000000000000
128 2 4 46 0.009019 00000000000000000000000000000000
128 2 4 47 0.007736 00000000000000000000000000000000
128 2 4 48 0.008745 00000000000000000000000000000000
128 2 4 49 0.009673 20000000000000000000000000000000
128 2 4 50 0.009756 00000000000000000000000000000000
128 2 4 51 0.009129 00000000000000000000000000000000
128 2 4 52 0.009726 00000000000000000000000000000000
128 2 4 53 0.009641 00000000000000000000000000000000
128 2 4 54 0.009414 00000000000000000000000000000000
128 2 4 55 0.007721 00000000000000000000000000000000
128 2 4 56 0.009052 00000000000000000000000000000000
128 2 4 57 0.009212 22000000000000000000000000000000
128 2 4 58 0.010842 00000000000000000000000000000000
128 2 4 59 0.008770 00000000000000000000000000000000
128 2 4 60 0.008156 00000000000000000000000000000000
128 2 4 61 0.006886 00000000000000000000000000000000
128 2 4 62 0.009199 00000000000000000000000000000000
128 2 4 63 0.008689 00000000000000000000000000000000
128 2 4 64 0.008944 00000000000000000000000000000000
128 2 4 65 0.007419 00000000000000000000000000000000
128 2 4 66 0.008632 00000000000000000000000000000000
128 2 4 67 0.007210 00000000000000000000000000000000
128 2 4 68 0.008789 20000000000000000000000000000000
128 2 4 69 0.008986 00000000000000000000000000000000
128 2 4 70 0.008668 00000000000000000000000000000000
128 2 4 71 0.010990 00000000000000000000000000000000
128 2 4 72 0.009636 00000000000000000000000000000000
128 2 4 73 0.009046 00000000000000000000000000000000
128 2 4 74 0.009302 00000000000000000000000000000000
128 2 4 75 0.007084 00000000000000000000000000000000
128 2 4 76 0.008775 00000000000000000000000000000000
128 2 4 77 0.009463 22220000000000000000000000000000
128 2 4 78 0.007618 00000000000000000000000000000000
128 2 4 79 0.008729 00000000000000000000000000000000
128 2 4 80 0.008687 00000000000000000000000000000000
128 2 4 81 0.009589 00000000000000000000000000000000
128 2 4 82 0.010786 20000000000000000000000000000000
128 2 4 83 0.009213 20000000000000000000000000000000
128 2 4 84 0.009109 00000000000000000000000000000000
128 2 4 85 0.009196 22000000000000000000000000000000
128 2 4 86 0.007754 00000000000000000000000000000000
128 2 4 87 0.007035 00000000000000000000000000000000
128 2 4 88 0.009448 00000000000000000000000000000000
128 2 4 89 0.009088 00000000000000000000000000000000
128 2 4 90 0.008236 00000000000000000000000000000000
128 2 4 91 0.009273 00000000000000000000000000000000
128 2 4 92 0.008651 00000000000000000000000000000000
128 2 4 93 0.008446 00000000000000000000000000000000
128 2 4 94 0.007396 00000000000000000000000000000000
128 2 4 95 0.008118 22200000000000000000000000000000
128 2 4 96 0.009829 22222222220000000000000000000000
128 2 4 97 0.006836 00000000000000000000000000000000
128 2 4 98 0.009360 22000000000000000000000000000000
128 2 4 99 0.008284 00000000000000000000000000000000
128 2 8 0 0.004304 0000000000000000
128 2 8 1 0.003593 0000000000000000
128 2 8 2 0.004435 0000000000000000
128 2 8 3 0.004311 0000000000000000
128 2 8 4 0.005130 0000000000000000
128 2 8 5 0.004430 0000000000000000
128 2 8 6 0.004950 0000000000000000
128 2 8 7 0.004943 2200000000000000
128 2 8 8 0.004726 0000000000000000
128 2 8 9 0.003568 0000000000000000
128 2 8 10 0.005130 0000000000000000
128 2 8 11 0.004635 0000000000000000
128 2 8 12 0.004291 0000000000000000
128 2 8 13 0.004045 0000000000000000
128 2 8 14 0.005276 0000000000000000
128 2 8 15 0.003650 0000000000000000
128 2 8 16 0.004339 0000000000000000
128 2 8 17 0.004702 0000000000000000
128 2 8 18 0.004878 2000000000000000
128 2 8 19 0.004100 0000000000000000
128 2 8 20 0.004547 0000000000000000
128 2 8 21 0.004146 0000000000000000
128 2 8 22 0.004849 0000000000000000
128 2 8 23 0.004941 0000000000000000
128 2 8 24 0.004433 0000000000000000
128 2 8 25 0.003984 0000000000000000
128 2 8 26 0.005096 0000000000000000
128 2 8 27 0.003639 2000000000000000
128 2 8 28 0.005015 2000000000000000
128 2 8 29 0.004709 0000000000000000
128 2 8 30 0.003998 0000000000000000
128 2 8 31 0.004277 0000000000000000
128 2 8 32 0.004473 2000000000000000
128 2 8 33 0.004417 0000000000000000
128 2 8 34 0.004798 0000000000000000
128 2 8 35 0.005156 0000000000000000
128 2 8 36 0.004508 0000000000000000
128 2 8 37 0.004230 0000000000000000
128 2 8 38 0.004657 0000000000000000
128 2 8 39 0.004161 0000000000000000
128 2 8 40 0.003904 0000000000000000
128 2 8 41 0.005124 0000000000000000
128 2 8 42 0.005080 0000000000000000
128 2 8 43 0.004461 0000000000000000
128 2 8 44 0.004125 0000000000000000
128 2 8 45 0.003991 0000000000000000
128 2 8 46 0.004536 0000000000000000
128 2 8 47 0.003979 0000000000000000
128 2 8 48 0.004468 0000000000000000
128 2 8 49 0.004943 0000000000000000
128 2 8 50 0.004967 0000000000000000
128 2 8 51 0.004641 0000000000000000
128 2 8 52 0.005008 0000000000000000
128 2 8 53 0.004998 0000000000000000
128 2 8 54 0.005027 0000000000000000
128 2 8 55 0.003893 0000000000000000
128 2 8 56 0.004694 0000000000000000
128 2 8 57 0.004685 2000000000000000
128 2 8 58 0.005659 0000000000000000
128 2 8 59 0.004374 0000000000000000
128 2 8 60 0.004108 0000000000000000
128 2 8 61 0.003487 0000000000000000
128 2 8 62 0.004833 0000000000000000
128 2 8 63 0.004548 0000000000000000
128 2 8 64 0.004541 0000000000000000
128 2 8 65 0.003789 0000000000000000
128 2 8 66 0.004360 0000000000000000
128 2 8 67 0.003775 0000000000000000
128 2 8 68 0.004540 0000000000000000
128 2 8 69 0.004635 0000000000000000
128 2 8 70 0.004351 0000000000000000
128 2 8 71 0.005793 0000000000000000
128 2 8 72 0.004967 0000000000000000
128 2 8 73 0.004445 0000000000000000
128 2 8 74 0.004784 0000000000000000
128 2 8 75 0.003533 0000000000000000
128 2 8 76 0.004523 0000000000000000
128 2 8 77 0.004706 2200000000000000
128 2 8 78 0.003911 0000000000000000
128 2 8 79 0.004278 0000000000000000
128 2 8 80 0.004420 0000000000000000
128 2 8 81 0.004957 0000000000000000
128 2 8 82 0.005506 0000000000000000
128 2 8 83 0.004813 0000000000000000
128 2 8 84 0.004651 0000000000000000
128 2 8 85 0.004695 2000000000000000
128 2 8 86 0.003939 0000000000000000
128 2 8 87 0.003567 0000000000000000
128 2 8 88 0.004784 0000000000000000
128 2 8 89 0.004528 0000000000000000
128 2 8 90 0.004184 0000000000000000
128 2 8 91 0.004736 0000000000000000
128 2 8 92 0.004392 0000000000000000
128 2 8 93 0.004210 0000000000000000
128 2 8 94 0.003752 0000000000000000
128 2 8 95 0.004045 0000000000000000
128 2 8 96 0.004998 2222200000000000
128 2 8 97 0.003473 0000000000000000
128 2 8 98 0.004881 2000000000000000
128 2 8 99 0.004232 0000000000000000
128 2 16 0 0.002271 00000000
128 2 16 1 0.001912 00000000
128 2 16 2 0.002374 00000000
128 2 16 3 0.002314 00000000
128 2 16 4 0.002656 00000000
128 2 16 5 0.002370 00000000
128 2 16 6 0.002625 00000000
128 2 16 7 0.002544 20000000
128 2 16 8 0.002527 00000000
128 2 16 9 0.001894 00000000
128 2 16 10 0.002711 00000000
128 2 16 11 0.002428 00000000
128 2 16 12 0.002258 00000000
128 2 16 13 0.002108 00000000
128 2 16 14 0.002823 00000000
128 2 16 15 0.001915 00000000
128 2 16 16 0.002317 00000000
128 2 16 17 0.002448 00000000
128 2 16 18 0.002595 00000000
128 2 16 19 0.002360 00000000
128 2 16 20 0.002422 00000000
128 2 16 21 0.002149 00000000
128 2 16 22 0.002598 00000000
128 2 16 23 0.002570 00000000
128 2 16 24 0.002364 00000000
128 2 16 25 0.002067 00000000
128 2 16 26 0.002567 00000000
128 2 16 27 0.002007 00000000
128 2 16 28 0.002618 00000000
128 2 16 29 0.002508 00000000
128 2 16 30 0.002110 00000000
128 2 16 31 0.002298 00000000
128 2 16 32 0.002291 00000000
128 2 16 33 0.002288 00000000
128 2 16 34 0.002552 00000000
128 2 16 35 0.002703 00000000
128 2 16 36 0.002462 00000000
128 2 16 37 0.002244 00000000
128 2 16 38 0.002471 00000000
128 2 16 39 0.002236 00000000
128 2 16 40 0.002166 00000000
128 2 16 41 0.002715 00000000
128 2 16 42 0.002580 00000000
128 2 16 43 0.002349 00000000
128 2 16 44 0.002131 00000000
128 2 16 45 0.002121 00000000
128 2 16 46 0.002459 00000000
128 2 16 47 0.002118 00000000
128 2 16 48 0.002338 00000000
128 2 16 49 0.002628 00000000
128 2 16 50 0.002607 00000000
128 2 16 51 0.002486 00000000
128 2 16 52 0.002593 00000000
128 2 16 53 0.002618 00000000
128 2 16 54 0.002582 00000000
128 2 16 55 0.002082 00000000
128 2 16 56 0.002542 00000000
128 2 16 57 0.002425 00000000
128 2 16 58 0.002925 00000000
128 2 16 59 0.002324 00000000
128 2 16 60 0.002176 00000000
128 2 16 61 0.001841 00000000
128 2 16 62 0.002537 00000000
128 2 16 63 0.002342 00000000
128 2 16 64 0.002415 00000000
128 2 16 65 0.002029 00000000
128 2 16 66 0.002287 00000000
128 2 16 67 0.001984 00000000
128 2 16 68 0.002428 00000000
128 2 16 69 0.002443 00000000
128 2 16 70 0.002308 00000000
128 2 16 71 0.002988 00000000
128 2 16 72 0.002610 00000000
128 2 16 73 0.002356 00000000
128 2 16 74 0.002511 00000000
128 2 16 75 0.001842 00000000
128 2 16 76 0.002347 00000000
128 2 16 77 0.002472 20000000
128 2 16 78 0.002070 00000000
128 2 16 79 0.002249 00000000
128 2 16 80 0.002348 00000000
128 2 16 81 0.002826 00000000
128 2 16 82 0.002918 00000000
128 2 16 83 0.002516 00000000
128 2 16 84 0.002427 00000000
128 2 16 85 0.002499 00000000
128 2 16 86 0.002063 00000000
128 2 16 87 0.001866 00000000
128 2 16 88 0.002546 00000000
128 2 16 89 0.002401 00000000
128 2 16 90 0.002211 00000000
128 2 16 91 0.002452 00000000
128 2 16 92 0.002358 00000000
128 2 16 93 0.002224 00000000
128 2 16 94 0.001902 00000000
128 2 16 95 0.002162 00000000
128 2 16 96 0.002678 22000000
128 2 16 97 0.001840 00000000
128 2 16 98 0.002554 00000000
128 2 16 99 0.002290 00000000
128 2 32 0 0.001291 0000
128 2 32 1 0.001067 0000
128 2 32 2 0.001335 0000
128 2 32 3 0.001288 0000
128 2 32 4 0.001455 0000
128 2 32 5 0.001330 0000
128 2 32 6 0.001481 0000
128 2 32 7 0.001422 0000
128 2 32 8 0.001419 0000
128 2 32 9 0.001066 0000
128 2 32 10 0.001520 0000
128 2 32 11 0.001362 0000
128 2 32 12 0.001322 0000
128 2 32 13 0.001214 0000
128 2 32 14 0.001543 0000
128 2 32 15 0.001071 0000
128 2 32 16 0.001269 0000
128 2 32 17 0.001380 0000
128 2 32 18 0.001419 0000
128 2 32 19 0.001227 0000
128 2 32 20 0.001328 0000
128 2 32 21 0.001232 0000
128 2 32 22 0.001453 0000
128 2 32 23 0.001466 0000
128 2 32 24 0.001302 0000
128 2 32 25 0.001190 0000
128 2 32 26 0.001414 0000
128 2 32 27 0.001096 0000
128 2 32 28 0.001451 0000
128 2 32 29 0.001397 0000
128 2 32 30 0.001191 0000
128 2 32 31 0.001286 0000
128 2 32 32 0.001250 0000
128 2 32 33 0.001261 0000
128 2 32 34 0.001414 0000
128 2 32 35 0.001507 0000
128 2 32 36 0.001303 0000
128 2 32 37 0.001273 0000
128 2 32 38 0.001391 0000
128 2 32 39 0.001260 0000
128 2 32 40 0.001184 0000
128 2 32 41 0.001516 0000
128 2 32 42 0.001455 0000
128 2 32 43 0.001324 0000
128 2 32 44 0.001206 0000
128 2 32 45 0.001169 0000
128 2 32 46 0.001356 0000
128 2 32 47 0.001186 0000
128 2 32 48 0.001302 0000
128 2 32 49 0.001473 0000
128 2 32 50 0.001444 0000
128 2 32 51 0.001416 0000
128 2 32 52 0.001460 0000
128 2 32 53 0.001486 0000
128 2 32 54 0.001451 0000
128 2 32 55 0.001174 0000
128 2 32 56 0.001396 0000
128 2 32 57 0.001342 0000
128 2 32 58 0.001601 0000
128 2 32 59 0.001272 0000
128 2 32 60 0.001213 0000
128 2 32 61 0.001043 0000
128 2 32 62 0.001414 0000
128 2 32 63 0.001313 0000
128 2 32 64 0.001347 0000
128 2 32 65 0.001139 0000
128 2 32 66 0.001309 0000
128 2 32 67 0.001118 0000
128 2 32 68 0.001345 0000
128 2 32 69 0.001374 0000
128 2 32 70 0.001281 0000
128 2 32 71 0.001657 0000
128 2 32 72 0.001456 0000
128 2 32 73 0.001338 0000
128 2 32 74 0.001376 0000
128 2 32 75 0.001056 0000
128 2 32 76 0.001314 0000
128 2 32 77 0.001375 0000
128 2 32 78 0.001151 0000
128 2 32 79 0.001290 0000
128 2 32 80 0.001308 0000
128 2 32 81 0.001414 0000
128 2 32 82 0.001651 0000
128 2 32 83 0.001406 0000
128 2 32 84 0.001352 0000
128 2 32 85 0.001416 0000
128 2 32 86 0.001179 0000
128 2 32 87 0.001035 0000
128 2 32 88 0.001419 0000
128 2 32 89 0.001358 0000
128 2 32 90 0.001233 0000
128 2 32 91 0.001330 0000
128 2 32 92 0.001295 0000
128 2 32 93 0.001232 0000
128 2 32 94 0.001057 0000
128 2 32 95 0.001216 0000
128 2 32 96 0.001458 2000
128 2 32 97 0.001025 0000
128 2 32 98 0.001411 0000
128 2 32 99 0.001268 0000
128 4 8 0 0.011457 0000000000000000
128 4 8 1 0.009283 2000000000000000
128 4 8 2 0.012252 0000000000000000
128 4 8 3 0.012091 0000000000000000
128 4 8 4 0.013345 0000000000000000
128 4 8 5 0.012007 0000000000000000
128 4 8 6 0.013392 0000000000000000
128 4 8 7 0.013519 2222222222220000
128 4 8 8 0.013160 0000000000000000
128 4 8 9 0.009306 0000000000000000
128 4 8 10 0.014416 0000000000000000
128 4 8 11 0.012920 2200000000000000
128 4 8 12 0.011434 0000000000000000
128 4 8 13 0.010570 0000000000000000
128 4 8 14 0.014815 0000000000000000
128 4 8 15 0.009391 2222222220000000
128 4 8 16 0.011166 0000000000000000
128 4 8 17 0.012688 0000000000000000
128 4 8 18 0.013540 2222000000000000
128 4 8 19 0.011134 2000000000000000
128 4 8 20 0.012489 2222222222200000
128 4 8 21 0.011415 0000000000000000
128 4 8 22 0.012953 0000000000000000
128 4 8 23 0.013082 0000000000000000
128 4 8 24 0.011885 0000000000000000
128 4 8 25 0.010506 2000000000000000
128 4 8 26 0.013093 2222222222222222
128 4 8 27 0.009722 2222222222222222
128 4 8 28 0.013686 2222222222222222
128 4 8 29 0.012483 2200000000000000
128 4 8 30 0.010885 0000000000000000
128 4 8 31 0.012292 0000000000000000
128 4 8 32 0.011973 2222222222222222
128 4 8 33 0.011949 0000000000000000
128 4 8 34 0.012613 0000000000000000
128 4 8 35 0.014411 0000000000000000
128 4 8 36 0.011722 0000000000000000
128 4 8 37 0.011272 0000000000000000
128 4 8 38 0.013382 0000000000000000
128 4 8 39 0.012263 2222222220000000
128 4 8 40 0.009929 0000000000000000
128 4 8 41 0.014551 2222222222222200
128 4 8 42 0.013430 0000000000000000
128 4 8 43 0.012586 0000000000000000
128 4 8 44 0.011008 0000000000000000
128 4 8 45 0.010990 0000000000000000
128 4 8 46 0.012667 0000000000000000
128 4 8 47 0.009791 0000000000000000
128 4 8 48 0.011845 0000000000000000
128 4 8 49 0.014222 2222222222222222
128 4 8 50 0.013644 0000000000000000
128 4 8 51 0.013112 0000000000000000
128 4 8 52 0.014239 0000000000000000
128 4 8 53 0.012632 0000000000000000
128 4 8 54 0.013959 0000000000000000
128 4 8 55 0.010235 0000000000000000
128 4 8 56 0.012605 0000000000000000
128 4 8 57 0.013352 2222222222200000
128 4 8 58 0.015813 0000000000000000
128 4 8 59 0.011435 0000000000000000
128 4 8 60 0.010877 0000000000000000
128 4 8 61 0.009151 0000000000000000
128 4 8 62 0.013013 0000000000000000
128 4 8 63 0.011840 0000000000000000
128 4 8 64 0.012240 0000000000000000
128 4 8 65 0.010228 0000000000000000
128 4 8 66 0.011783 0000000000000000
128 4 8 67 0.009072 0000000000000000
128 4 8 68 0.013045 2222222222222200
128 4 8 69 0.012472 0000000000000000
128 4 8 70 0.011903 0000000000000000
128 4 8 71 0.015699 0000000000000000
128 4 8 72 0.013730 0000000000000000
128 4 8 73 0.012233 0000000000000000
128 4 8 74 0.012811 0000000000000000
128 4 8 75 0.010075 0000000000000000
128 4 8 76 0.011765 0000000000000000
128 4 8 77 0.013681 2222222222222222
128 4 8 78 0.009906 0000000000000000
128 4 8 79 0.012263 0000000000000000
128 4 8 80 0.012835 0000000000000000
128 4 8 81 0.014561 0000000000000000
128 4 8 82 0.015780 2222222222222222
128 4 8 83 0.012659 2222222222222222
128 4 8 84 0.012495 0000000000000000
128 4 8 85 0.013163 2200000000000000
128 4 8 86 0.010641 0000000000000000
128 4 8 87 0.009466 0000000000000000
128 4 8 88 0.013801 0000000000000000
128 4 8 89 0.013492 0000000000000000
128 4 8 90 0.011257 0000000000000000
128 4 8 91 0.012834 0000000000000000
128 4 8 92 0.011450 0000000000000000
128 4 8 93 0.011944 0000000000000000
128 4 8 94 0.009898 0000000000000000
128 4 8 95 0.011234 2220000000000000
128 4 8 96 0.013778 2222222222222220
128 4 8 97 0.009067 0000000000000000
128 4 8 98 0.013808 2222222222222222
128 4 8 99 0.011189 0000000000000000
128 4 16 0 0.006165 00000000
128 4 16 1 0.004802 00000000
128 4 16 2 0.006506 00000000
128 4 16 3 0.006228 00000000
128 4 16 4 0.007073 00000000
128 4 16 5 0.006260 00000000
128 4 16 6 0.007675 00000000
128 4 16 7 0.007011 22222200
128 4 16 8 0.006852 00000000
128 4 16 9 0.004927 00000000
128 4 16 10 0.007653 00000000
128 4 16 11 0.006814 20000000
128 4 16 12 0.006230 00000000
128 4 16 13 0.005578 00000000
128 4 16 14 0.008051 00000000
128 4 16 15 0.004879 22220000
128 4 16 16 0.006006 00000000
128 4 16 17 0.006873 00000000
128 4 16 18 0.006929 22000000
128 4 16 19 0.006122 00000000
128 4 16 20 0.006503 22222000
128 4 16 21 0.005946 00000000
128 4 16 22 0.006982 00000000
128 4 16 23 0.006832 00000000
128 4 16 24 0.006273 00000000
128 4 16 25 0.005589 00000000
128 4 16 26 0.006989 22222222
128 4 16 27 0.005335 22222222
128 4 16 28 0.007387 22222222
128 4 16 29 0.006868 20000000
128 4 16 30 0.005820 00000000
128 4 16 31 0.006438 00000000
128 4 16 32 0.006312 22222222
128 4 16 33 0.006293 00000000
128 4 16 34 0.006729 00000000
128 4 16 35 0.007755 00000000
128 4 16 36 0.006048 00000000
128 4 16 37 0.006193 00000000
128 4 16 38 0.006772 00000000
128 4 16 39 0.006505 22220000
128 4 16 40 0.005411 00000000
128 4 16 41 0.008151 22222220
128 4 16 42 0.007294 00000000
128 4 16 43 0.006395 00000000
128 4 16 44 0.005714 00000000
128 4 16 45 0.005738 00000000
128 4 16 46 0.006728 00000000
128 4 16 47 0.005105 00000000
128 4 16 48 0.006235 00000000
128 4 16 49 0.007667 22222222
128 4 16 50 0.007367 00000000
128 4 16 51 0.006995 00000000
128 4 16 52 0.006950 00000000
128 4 16 53 0.006800 00000000
128 4 16 54 0.007263 00000000
128 4 16 55 0.005526 00000000
128 4 16 56 0.006794 00000000
128 4 16 57 0.006755 22222000
128 4 16 58 0.008361 00000000
128 4 16 59 0.006074 00000000
128 4 16 60 0.005756 00000000
128 4 16 61 0.004949 00000000
128 4 16 62 0.006901 00000000
128 4 16 63 0.006027 00000000
128 4 16 64 0.006420 00000000
128 4 16 65 0.005362 00000000
128 4 16 66 0.006483 00000000
128 4 16 67 0.004858 00000000
128 4 16 68 0.006827 22222220
128 4 16 69 0.006535 00000000
128 4 16 70 0.006517 00000000
128 4 16 71 0.008208 00000000
128 4 16 72 0.007328 00000000
128 4 16 73 0.006549 00000000
128 4 16 74 0.006813 00000000
128 4 16 75 0.005083 00000000
128 4 16 76 0.006031 00000000
128 4 16 77 0.007123 22222222
128 4 16 78 0.005197 00000000
128 4 16 79 0.006409 00000000
128 4 16 80 0.006458 00000000
128 4 16 81 0.007921 00000000
128 4 16 82 0.008015 22222222
128 4 16 83 0.006687 22222222
128 4 16 84 0.006653 00000000
128 4 16 85 0.006775 20000000
128 4 16 86 0.005811 00000000
128 4 16 87 0.004960 00000000
128 4 16 88 0.007003 00000000
128 4 16 89 0.006635 00000000
128 4 16 90 0.006070 00000000
128 4 16 91 0.006720 00000000
128 4 16 92 0.006060 00000000
128 4 16 93 0.006224 00000000
128 4 16 94 0.005130 00000000
128 4 16 95 0.005728 20000000
128 4 16 96 0.007382 22222220
128 4 16 97 0.004783 00000000
128 4 16 98 0.007211 22222222
128 4 16 99 0.006118 00000000
128 4 32 0 0.003330 0000
128 4 32 1 0.002691 0000
128 4 32 2 0.003683 0000
128 4 32 3 0.003590 0000
128 4 32 4 0.003929 0000
128 4 32 5 0.003643 0000
128 4 32 6 0.004247 0000
128 4 32 7 0.004066 2220
128 4 32 8 0.003901 0000
128 4 32 9 0.002824 0000
128 4 32 10 0.004374 0000
128 4 32 11 0.003766 0000
128 4 32 12 0.003449 0000
128 4 32 13 0.003297 0000
128 4 32 14 0.004441 0000
128 4 32 15 0.002832 2200
128 4 32 16 0.003376 0000
128 4 32 17 0.003826 0000
128 4 32 18 0.003820 2000
128 4 32 19 0.003486 0000
128 4 32 20 0.003812 2200
128 4 32 21 0.003395 0000
128 4 32 22 0.003884 0000
128 4 32 23 0.003841 0000
128 4 32 24 0.003508 0000
128 4 32 25 0.003099 0000
128 4 32 26 0.003979 2222
128 4 32 27 0.002989 2222
128 4 32 28 0.004087 2222
128 4 32 29 0.003707 0000
128 4 32 30 0.003262 0000
128 4 32 31 0.003633 0000
128 4 32 32 0.003472 2222
128 4 32 33 0.003347 0000
128 4 32 34 0.003715 0000
128 4 32 35 0.004159 0000
128 4 32 36 0.003306 0000
128 4 32 37 0.003499 0000
128 4 32 38 0.003823 0000
128 4 32 39 0.003607 2200
128 4 32 40 0.003199 0000
128 4 32 41 0.004594 2220
128 4 32 42 0.004132 0000
128 4 32 43 0.003682 0000
128 4 32 44 0.003270 0000
128 4 32 45 0.003252 0000
128 4 32 46 0.003862 0000
128 4 32 47 0.002946 0000
128 4 32 48 0.003535 0000
128 4 32 49 0.004511 2222
128 4 32 50 0.004248 0000
128 4 32 51 0.003932 0000
128 4 32 52 0.003767 0000
128 4 32 53 0.003884 0000
128 4 32 54 0.004091 0000
128 4 32 55 0.003111 0000
128 4 32 56 0.003916 0000
128 4 32 57 0.003806 2200
128 4 32 58 0.004641 0000
128 4 32 59 0.003345 0000
128 4 32 60 0.003301 0000
128 4 32 61 0.002696 0000
128 4 32 62 0.003736 0000
128 4 32 63 0.003368 0000
128 4 32 64 0.003594 0000
128 4 32 65 0.003044 0000
128 4 32 66 0.003614 0000
128 4 32 67 0.002699 0000
128 4 32 68 0.003780 2220
128 4 32 69 0.003662 0000
128 4 32 70 0.003608 0000
128 4 32 71 0.004540 0000
128 4 32 72 0.004118 0000
128 4 32 73 0.003848 0000
128 4 32 74 0.003741 0000
128 4 32 75 0.002824 0000
128 4 32 76 0.003468 0000
128 4 32 77 0.003838 2222
128 4 32 78 0.002867 0000
128 4 32 79 0.003662 0000
128 4 32 80 0.003780 0000
128 4 32 81 0.004358 0000
128 4 32 82 0.004531 2222
128 4 32 83 0.003812 2222
128 4 32 84 0.003691 0000
128 4 32 85 0.003823 0000
128 4 32 86 0.003227 0000
128 4 32 87 0.002697 0000
128 4 32 88 0.003841 0000
128 4 32 89 0.003880 0000
128 4 32 90 0.003300 0000
128 4 32 91 0.003788 0000
128 4 32 92 0.003288 0000
128 4 32 93 0.003459 0000
128 4 32 94 0.002776 0000
128 4 32 95 0.003158 0000
128 4 32 96 0.004087 2220
128 4 32 97 0.002648 0000
128 4 32 98 0.004025 2222
128 4 32 99 0.003346 0000
128 8 16 0 0.019113 00000000
128 8 16 1 0.015071 22222222
128 8 16 2 0.018638 00000000
128 8 16 3 0.019552 00000000
128 8 16 4 0.021779 00000000
128 8 16 5 0.019976 00000000
128 8 16 6 0.023086 00000000
128 8 16 7 0.022116 22222222
128 8 16 8 0.021573 00000000
128 8 16 9 0.014375 00000000
128 8 16 10 0.026211 00000000
128 8 16 11 0.021419 22222222
128 8 16 12 0.019010 00000000
128 8 16 13 0.017149 00000000
128 8 16 14 0.023356 00000000
128 8 16 15 0.015754 22222222
128 8 16 16 0.018501 00000000
128 8 16 17 0.021491 00000000
128 8 16 18 0.023262 22222222
128 8 16 19 0.018083 22222222
128 8 16 20 0.019791 22222222
128 8 16 21 0.019083 00000000
128 8 16 22 0.020914 00000000
128 8 16 23 0.024333 00000000
128 8 16 24 0.017614 00000000
128 8 16 25 0.017204 22222222
128 8 16 26 0.024625 22222222
128 8 16 27 0.015273 22222222
128 8 16 28 0.022715 22222222
128 8 16 29 0.020188 22222222
128 8 16 30 0.017104 00000000
128 8 16 31 0.020710 00000000
128 8 16 32 0.018721 22222222
128 8 16 33 0.017714 00000000
128 8 16 34 0.021931 00000000
128 8 16 35 0.023557 00000000
128 8 16 36 0.019221 00000000
128 8 16 37 0.016224 00000000
128 8 16 38 0.020444 00000000
128 8 16 39 0.019573 22222222
128 8 16 40 0.017236 00000000
128 8 16 41 0.026253 22222222
128 8 16 42 0.021868 00000000
128 8 16 43 0.021170 00000000
128 8 16 44 0.016301 00000000
128 8 16 45 0.017939 00000000
128 8 16 46 0.021234 00000000
128 8 16 47 0.016060 00000000
128 8 16 48 0.019432 00000000
128 8 16 49 0.024715 22222222
128 8 16 50 0.024408 00000000
128 8 16 51 0.021903 00000000
128 8 16 52 0.022785 00000000
128 8 16 53 0.021571 00000000
128 8 16 54 0.022785 00000000
128 8 16 55 0.017136 00000000
128 8 16 56 0.020411 00000000
128 8 16 57 0.021970 22222222
128 8 16 58 0.027492 00000000
128 8 16 59 0.018601 00000000
128 8 16 60 0.017168 00000000
128 8 16 61 0.014099 00000000
128 8 16 62 0.022325 00000000
128 8 16 63 0.018794 00000000
128 8 16 64 0.019231 00000000
128 8 16 65 0.016634 00000000
128 8 16 66 0.019220 00000000
128 8 16 67 0.014254 00000000
128 8 16 68 0.020292 22222222
128 8 16 69 0.021348 00000000
128 8 16 70 0.018998 00000000
128 8 16 71 0.026025 00000000
128 8 16 72 0.023036 00000000
128 8 16 73 0.020488 00000000
128 8 16 74 0.020541 00000000
128 8 16 75 0.013989 00000000
128 8 16 76 0.019071 00000000
128 8 16 77 0.021614 22222222
128 8 16 78 0.016930 00000000
128 8 16 79 0.019280 00000000
128 8 16 80 0.021219 00000000
128 8 16 81 0.023045 00000000
128 8 16 82 0.027644 22222222
128 8 16 83 0.021331 22222222
128 8 16 84 0.019614 00000000
128 8 16 85 0.020797 22222222
128 8 16 86 0.016294 00000000
128 8 16 87 0.016078 00000000
128 8 16 88 0.021303 00000000
128 8 16 89 0.020507 00000000
128 8 16 90 0.018486 00000000
128 8 16 91 0.021214 00000000
128 8 16 92 0.018697 00000000
128 8 16 93 0.019017 00000000
128 8 16 94 0.014507 00000000
128 8 16 95 0.017067 22222222
128 8 16 96 0.023007 22222222
128 8 16 97 0.014851 00000000
128 8 16 98 0.023154 22222222
128 8 16 99 0.018316 00000000
128 8 32 0 0.010765 0000
128 8 32 1 0.008274 2222
128 8 32 2 0.010301 0000
128 8 32 3 0.010889 0000
128 8 32 4 0.012665 0000
128 8 32 5 0.010373 0000
128 8 32 6 0.013131 0000
128 8 32 7 0.013014 2222
128 8 32 8 0.013131 0000
128 8 32 9 0.007984 0000
128 8 32 10 0.014082 0000
128 8 32 11 0.011717 2222
128 8 32 12 0.010724 0000
128 8 32 13 0.010225 0000
128 8 32 14 0.014068 0000
128 8 32 15 0.009194 2222
128 8 32 16 0.010402 0000
128 8 32 17 0.011982 0000
128 8 32 18 0.012793 2222
128 8 32 19 0.011169 2222
128 8 32 20 0.011576 2222
128 8 32 21 0.011046 0000
128 8 32 22 0.011815 0000
128 8 32 23 0.012631 0000
128 8 32 24 0.010698 0000
128 8 32 25 0.009468 2222
128 8 32 26 0.012571 2222
128 8 32 27 0.008777 2222
128 8 32 28 0.012853 2222
128 8 32 29 0.011212 2222
128 8 32 30 0.010067 0000
128 8 32 31 0.010985 0000
128 8 32 32 0.010726 2222
128 8 32 33 0.009831 0000
128 8 32 34 0.012018 0000
128 8 32 35 0.013885 0000
128 8 32 36 0.011071 0000
128 8 32 37 0.009570 0000
128 8 32 38 0.012624 0000
128 8 32 39 0.010861 2222
128 8 32 40 0.009713 0000
128 8 32 41 0.014322 2222
128 8 32 42 0.012704 0000
128 8 32 43 0.011925 0000
128 8 32 44 0.008974 0000
128 8 32 45 0.009604 0000
128 8 32 46 0.011803 0000
128 8 32 47 0.008811 0000
128 8 32 48 0.010806 0000
128 8 32 49 0.013664 2222
128 8 32 50 0.013664 0000
128 8 32 51 0.012042 0000
128 8 32 52 0.011888 0000
128 8 32 53 0.011424 0000
128 8 32 54 0.013552 0000
128 8 32 55 0.009739 0000
128 8 32 56 0.011494 0000
128 8 32 57 0.011949 2222
128 8 32 58 0.014996 0000
128 8 32 59 0.010134 0000
128 8 32 60 0.009707 0000
128 8 32 61 0.007607 0000
128 8 32 62 0.011801 0000
128 8 32 63 0.010291 0000
128 8 32 64 0.010250 0000
128 8 32 65 0.009094 0000
128 8 32 66 0.010822 0000
128 8 32 67 0.007831 0000
128 8 32 68 0.011437 2222
128 8 32 69 0.011332 0000
128 8 32 70 0.010454 0000
128 8 32 71 0.014560 0000
128 8 32 72 0.012703 0000
128 8 32 73 0.011799 0000
128 8 32 74 0.012022 0000
128 8 32 75 0.008234 0000
128 8 32 76 0.010825 0000
128 8 32 77 0.012066 2222
128 8 32 78 0.009204 0000
128 8 32 79 0.010791 0000
128 8 32 80 0.010847 0000
128 8 32 81 0.013259 0000
128 8 32 82 0.014620 2222
128 8 32 83 0.012160 2222
128 8 32 84 0.010650 0000
128 8 32 85 0.012047 2222
128 8 32 86 0.009606 0000
128 8 32 87 0.008796 0000
128 8 32 88 0.011974 0000
128 8 32 89 0.011787 0000
128 8 32 90 0.010805 0000
128 8 32 91 0.011669 0000
128 8 32 92 0.010544 0000
128 8 32 93 0.010146 0000
128 8 32 94 0.008495 0000
128 8 32 95 0.009411 2222
128 8 32 96 0.015215 2222
128 8 32 97 0.008460 0000
128 8 32 98 0.012577 2222
128 8 32 99 0.010433 0000
256 2 4 0 0.042396 0000000000000000000000000000000000000000000000000000000000000000
256 2 4 1 0.036768 0000000000000000000000000000000000000000000000000000000000000000
256 2 4 2 0.036499 0000000000000000000000000000000000000000000000000000000000000000
256 2 4 3 0.033102 0000000000000000000000000000000000000000000000000000000000000000
256 2 4 4 0.042237 0000000000000000000000000000000000000000000000000000000000000000
256 2 4 5 0.031286 2000000000000000000000000000000000000000000000000000000000000000
256 2 4 6 0.039045 0000000000000000000000000000000000000000000000000000000000000000
256 2 4 7 0.039419 2222000000000000000000000000000000000000000000000000000000000000
256 2 4 8 0.039021 0000000000000000000000000000000000000000000000000000000000000000
256 2 4 9 0.037916 0000000000000000000000000000000000000000000000000000000000000000
256 2 4 10 0.036444 2220000000000000000000000000000000000000000000000000000000000000
256 2 4 11 0.038119 0000000000000000000000000000000000000000000000000000000000000000
256 2 4 12 0.034125 0000000000000000000000000000000000000000000000000000000000000000
256 2 4 13 0.033635 0000000000000000000000000000000000000000000000000000000000000000
256 2 4 14 0.036200 0000000000000000000000000000000000000000000000000000000000000000
256 2 4 15 0.035415 2220000000000000000000000000000000000000000000000000000000000000
256 2 4 16 0.032710 0000000000000000000000000000000000000000000000000000000000000000
256 2 4 17 0.033930 2200000000000000000000000000000000000000000000000000000000000000
256 2 4 18 0.040306 0000000000000000000000000000000000000000000000000000000000000000
256 2 4 19 0.039387 0000000000000000000000000000000000000000000000000000000000000000
256 2 4 20 0.034846 0000000000000000000000000000000000000000000000000000000000000000
256 2 4 21 0.034988 2222000000000000000000000000000000000000000000000000000000000000
256 2 4 22 0.039715 0000000000000000000000000000000000000000000000000000000000000000
256 2 4 23 0.036931 0000000000000000000000000000000000000000000000000000000000000000
256 2 4 24 0.034085 0000000000000000000000000000000000000000000000000000000000000000
256 2 4 25 0.034201 0000000000000000000000000000000000000000000000000000000000000000
256 2 4 26 0.035841 2000000000000000000000000000000000000000000000000000000000000000
256 2 4 27 0.031056 0000000000000000000000000000000000000000000000000000000000000000
256 2 4 28 0.036670 0000000000000000000000000000000000000000000000000000000000000000
256 2 4 29 0.036372 0000000000000000000000000000000000000000000000000000000000000000
256 2 4 30 0.035159 0000000000000000000000000000000000000000000000000000000000000000
256 2 4 31 0.038561 2000000000000000000000000000000000000000000000000000000000000000
256 2 4 32 0.039362 0000000000000000000000000000000000000000000000000000000000000000
256 2 4 33 0.039876 0000000000000000000000000000000000000000000000000000000000000000
256 2 4 34 0.035898 2000000000000000000000000000000000000000000000000000000000000000
256 2 4 35 0.038306 0000000000000000000000000000000000000000000000000000000000000000
256 2 4 36 0.034491 0000000000000000000000000000000000000000000000000000000000000000
256 2 4 37 0.037580 2200000000000000000000000000000000000000000000000000000000000000
256 2 4 38 0.037132 0000000000000000000000000000000000000000000000000000000000000000
256 2 4 39 0.035780 0000000000000000000000000000000000000000000000000000000000000000
256 2 4 40 0.037499 0000000000000000000000000000000000000000000000000000000000000000
256 2 4 41 0.034234 0000000000000000000000000000000000000000000000000000000000000000
256 2 4 42 0.040035 0000000000000000000000000000000000000000000000000000000000000000
256 2 4 43 0.031213 0000000000000000000000000000000000000000000000000000000000000000
256 2 4 44 0.033156 2000000000000000000000000000000000000000000000000000000000000000
256 2 4 45 0.034758 0000000000000000000000000000000000000000000000000000000000000000
256 2 4 46 0.035479 0000000000000000000000000000000000000000000000000000000000000000
256 2 4 47 0.037786 2200000000000000000000000000000000000000000000000000000000000000
256 2 4 48 0.033379 0000000000000000000000000000000000000000000000000000000000000000
256 2 4 49 0.036171 2000000000000000000000000000000000000000000000000000000000000000
256 2 4 50 0.034185 2200000000000000000000000000000000000000000000000000000000000000
256 2 4 51 0.031919 0000000000000000000000000000000000000000000000000000000000000000
256 2 4 52 0.037493 0000000000000000000000000000000000000000000000000000000000000000
256 2 4 53 0.035566 0000000000000000000000000000000000000000000000000000000000000000
256 2 4 54 0.037212 0000000000000000000000000000000000000000000000000000000000000000
256 2 4 55 0.036621 0000000000000000000000000000000000000000000000000000000000000000
256 2 4 56 0.033062 0000000000000000000000000000000000000000000000000000000000000000
256 2 4 57 0.036770 0000000000000000000000000000000000000000000000000000000000000000
256 2 4 58 0.034966 0000000000000000000000000000000000000000000000000000000000000000
256 2 4 59 0.037607 0000000000000000000000000000000000000000000000000000000000000000
256 2 4 60 0.037090 2000000000000000000000000000000000000000000000000000000000000000
256 2 4 61 0.038819 0000000000000000000000000000000000000000000000000000000000000000
256 2 4 62 0.037004 0000000000000000000000000000000000000000000000000000000000000000
256 2 4 63 0.035786 2000000000000000000000000000000000000000000000000000000000000000
256 2 4 64 0.031765 0000000000000000000000000000000000000000000000000000000000000000
256 2 4 65 0.033088 0000000000000000000000000000000000000000000000000000000000000000
256 2 4 66 0.035413 0000000000000000000000000000000000000000000000000000000000000000
256 2 4 67 0.034028 0000000000000000000000000000000000000000000000000000000000000000
256 2 4 68 0.031770 0000000000000000000000000000000000000000000000000000000000000000
256 2 4 69 0.031966 2220000000000000000000000000000000000000000000000000000000000000
256 2 4 70 0.035602 0000000000000000000000000000000000000000000000000000000000000000
256 2 4 71 0.040507 0000000000000000000000000000000000000000000000000000000000000000
256 2 4 72 0.032278 0000000000000000000000000000000000000000000000000000000000000000
256 2 4 73 0.034280 0000000000000000000000000000000000000000000000000000000000000000
256 2 4 74 0.030875 0000000000000000000000000000000000000000000000000000000000000000
256 2 4 75 0.036383 0000000000000000000000000000000000000000000000000000000000000000
256 2 4 76 0.032909 2000000000000000000000000000000000000000000000000000000000000000
256 2 4 77 0.034116 2000000000000000000000000000000000000000000000000000000000000000
256 2 4 78 0.033445 2000000000000000000000000000000000000000000000000000000000000000
256 2 4 79 0.033022 0000000000000000000000000000000000000000000000000000000000000000
256 2 4 80 0.035727 0000000000000000000000000000000000000000000000000000000000000000
256 2 4 81 0.038096 0000000000000000000000000000000000000000000000000000000000000000
256 2 4 82 0.036705 2000000000000000000000000000000000000000000000000000000000000000
256 2 4 83 0.028761 0000000000000000000000000000000000000000000000000000000000000000
256 2 4 84 0.034157 0000000000000000000000000000000000000000000000000000000000000000
256 2 4 85 0.033786 2220000000000000000000000000000000000000000000000000000000000000
256 2 4 86 0.036817 0000000000000000000000000000000000000000000000000000000000000000
256 2 4 87 0.034419 0000000000000000000000000000000000000000000000000000000000000000
256 2 4 88 0.035469 2200000000000000000000000000000000000000000000000000000000000000
256 2 4 89 0.036135 2200000000000000000000000000000000000000000000000000000000000000
256 2 4 90 0.037165 0000000000000000000000000000000000000000000000000000000000000000
256 2 4 91 0.039558 2000000000000000000000000000000000000000000000000000000000000000
256 2 4 92 0.031554 0000000000000000000000000000000000000000000000000000000000000000
256 2 4 93 0.034645 2222200000000000000000000000000000000000000000000000000000000000
256 2 4 94 0.036958 0000000000000000000000000000000000000000000000000000000000000000
256 2 4 95 0.037559 0000000000000000000000000000000000000000000000000000000000000000
256 2 4 96 0.036547 0000000000000000000000000000000000000000000000000000000000000000
256 2 4 97 0.034818 0000000000000000000000000000000000000000000000000000000000000000
256 2 4 98 0.036746 0000000000000000000000000000000000000000000000000000000000000000
256 2 4 99 0.039033 0000000000000000000000000000000000000000000000000000000000000000
256 2 8 0 0.021415 00000000000000000000000000000000
256 2 8 1 0.018556 00000000000000000000000000000000
256 2 8 2 0.018245 00000000000000000000000000000000
256 2 8 3 0.016369 00000000000000000000000000000000
256 2 8 4 0.020816 00000000000000000000000000000000
256 2 8 5 0.015567 00000000000000000000000000000000
256 2 8 6 0.018829 00000000000000000000000000000000
256 2 8 7 0.019275 22000000000000000000000000000000
256 2 8 8 0.019552 00000000000000000000000000000000
256 2 8 9 0.018970 00000000000000000000000000000000
256 2 8 10 0.018229 20000000000000000000000000000000
256 2 8 11 0.019272 00000000000000000000000000000000
256 2 8 12 0.017208 00000000000000000000000000000000
256 2 8 13 0.016775 00000000000000000000000000000000
256 2 8 14 0.018643 00000000000000000000000000000000
256 2 8 15 0.017832 00000000000000000000000000000000
256 2 8 16 0.016443 00000000000000000000000000000000
256 2 8 17 0.017251 20000000000000000000000000000000
256 2 8 18 0.020769 00000000000000000000000000000000
256 2 8 19 0.019914 00000000000000000000000000000000
256 2 8 20 0.017890 00000000000000000000000000000000
256 2 8 21 0.017541 22000000000000000000000000000000
256 2 8 22 0.019643 00000000000000000000000000000000
256 2 8 23 0.018455 00000000000000000000000000000000
256 2 8 24 0.017055 00000000000000000000000000000000
256 2 8 25 0.017328 00000000000000000000000000000000
256 2 8 26 0.017980 00000000000000000000000000000000
256 2 8 27 0.015771 00000000000000000000000000000000
256 2 8 28 0.018819 00000000000000000000000000000000
256 2 8 29 0.018006 00000000000000000000000000000000
256 2 8 30 0.017666 00000000000000000000000000000000
256 2 8 31 0.019540 00000000000000000000000000000000
256 2 8 32 0.019739 00000000000000000000000000000000
256 2 8 33 0.020219 00000000000000000000000000000000
256 2 8 34 0.018160 00000000000000000000000000000000
256 2 8 35 0.019163 00000000000000000000000000000000
256 2 8 36 0.017227 00000000000000000000000000000000
256 2 8 37 0.018987 20000000000000000000000000000000
256 2 8 38 0.019151 00000000000000000000000000000000
256 2 8 39 0.017889 00000000000000000000000000000000
256 2 8 40 0.018867 00000000000000000000000000000000
256 2 8 41 0.017381 00000000000000000000000000000000
256 2 8 42 0.020219 00000000000000000000000000000000
256 2 8 43 0.015932 00000000000000000000000000000000
256 2 8 44 0.016718 00000000000000000000000000000000
256 2 8 45 0.017491 00000000000000000000000000000000
256 2 8 46 0.017886 00000000000000000000000000000000
256 2 8 47 0.019333 20000000000000000000000000000000
256 2 8 48 0.016704 00000000000000000000000000000000
256 2 8 49 0.017226 00000000000000000000000000000000
256 2 8 50 0.017194 00000000000000000000000000000000
256 2 8 51 0.015892 00000000000000000000000000000000
256 2 8 52 0.018943 00000000000000000000000000000000
256 2 8 53 0.017897 00000000000000000000000000000000
256 2 8 54 0.018945 00000000000000000000000000000000
256 2 8 55 0.018110 00000000000000000000000000000000
256 2 8 56 0.016810 00000000000000000000000000000000
256 2 8 57 0.018169 00000000000000000000000000000000
256 2 8 58 0.017471 00000000000000000000000000000000
256 2 8 59 0.018034 00000000000000000000000000000000
256 2 8 60 0.018632 00000000000000000000000000000000
256 2 8 61 0.019713 00000000000000000000000000000000
256 2 8 62 0.018574 00000000000000000000000000000000
256 2 8 63 0.017932 00000000000000000000000000000000
256 2 8 64 0.015627 00000000000000000000000000000000
256 2 8 65 0.016676 00000000000000000000000000000000
256 2 8 66 0.017889 00000000000000000000000000000000
256 2 8 67 0.017168 00000000000000000000000000000000
256 2 8 68 0.016415 00000000000000000000000000000000
256 2 8 69 0.015917 20000000000000000000000000000000
256 2 8 70 0.017950 00000000000000000000000000000000
256 2 8 71 0.020177 00000000000000000000000000000000
256 2 8 72 0.015941 00000000000000000000000000000000
256 2 8 73 0.017306 00000000000000000000000000000000
256 2 8 74 0.015670 00000000000000000000000000000000
256 2 8 75 0.018158 00000000000000000000000000000000
256 2 8 76 0.016882 00000000000000000000000000000000
256 2 8 77 0.017182 00000000000000000000000000000000
256 2 8 78 0.017122 00000000000000000000000000000000
256 2 8 79 0.016714 00000000000000000000000000000000
256 2 8 80 0.017727 00000000000000000000000000000000
256 2 8 81 0.019311 00000000000000000000000000000000
256 2 8 82 0.018884 00000000000000000000000000000000
256 2 8 83 0.014091 00000000000000000000000000000000
256 2 8 84 0.017146 00000000000000000000000000000000
256 2 8 85 0.017024 20000000000000000000000000000000
256 2 8 86 0.018880 00000000000000000000000000000000
256 2 8 87 0.017335 00000000000000000000000000000000
256 2 8 88 0.017657 20000000000000000000000000000000
256 2 8 89 0.018443 20000000000000000000000000000000
256 2 8 90 0.018995 00000000000000000000000000000000
256 2 8 91 0.019933 00000000000000000000000000000000
256 2 8 92 0.016115 00000000000000000000000000000000
256 2 8 93 0.017327 22000000000000000000000000000000
256 2 8 94 0.019142 00000000000000000000000000000000
256 2 8 95 0.018934 00000000000000000000000000000000
256 2 8 96 0.018196 00000000000000000000000000000000
256 2 8 97 0.018046 00000000000000000000000000000000
256 2 8 98 0.018730 00000000000000000000000000000000
256 2 8 99 0.019450 00000000000000000000000000000000
256 2 16 0 0.010829 0000000000000000
256 2 16 1 0.009370 0000000000000000
256 2 16 2 0.009423 0000000000000000
256 2 16 3 0.008380 0000000000000000
256 2 16 4 0.010962 0000000000000000
256 2 16 5 0.008160 0000000000000000
256 2 16 6 0.009504 0000000000000000
256 2 16 7 0.010176 2000000000000000
256 2 16 8 0.009952 0000000000000000
256 2 16 9 0.009918 0000000000000000
256 2 16 10 0.009234 0000000000000000
256 2 16 11 0.009789 0000000000000000
256 2 16 12 0.008704 0000000000000000
256 2 16 13 0.008418 0000000000000000
256 2 16 14 0.009216 0000000000000000
256 2 16 15 0.009189 0000000000000000
256 2 16 16 0.008384 0000000000000000
256 2 16 17 0.009005 0000000000000000
256 2 16 18 0.010281 0000000000000000
256 2 16 19 0.010193 0000000000000000
256 2 16 20 0.008947 0000000000000000
256 2 16 21 0.008982 2000000000000000
256 2 16 22 0.010157 0000000000000000
256 2 16 23 0.009682 0000000000000000
256 2 16 24 0.008600 0000000000000000
256 2 16 25 0.008858 0000000000000000
256 2 16 26 0.009431 0000000000000000
256 2 16 27 0.007966 0000000000000000
256 2 16 28 0.010115 0000000000000000
256 2 16 29 0.009216 0000000000000000
256 2 16 30 0.008962 0000000000000000
256 2 16 31 0.009989 0000000000000000
256 2 16 32 0.010200 0000000000000000
256 2 16 33 0.010174 0000000000000000
256 2 16 34 0.009037 0000000000000000
256 2 16 35 0.010215 0000000000000000
256 2 16 36 0.008793 0000000000000000
256 2 16 37 0.009874 0000000000000000
256 2 16 38 0.009435 0000000000000000
256 2 16 39 0.009120 0000000000000000
256 2 16 40 0.009801 0000000000000000
256 2 16 41 0.008870 0000000000000000
256 2 16 42 0.010710 0000000000000000
256 2 16 43 0.007993 0000000000000000
256 2 16 44 0.008662 0000000000000000
256 2 16 45 0.009093 0000000000000000
256 2 16 46 0.009440 0000000000000000
256 2 16 47 0.009850 0000000000000000
256 2 16 48 0.008376 0000000000000000
256 2 16 49 0.008703 0000000000000000
256 2 16 50 0.008783 0000000000000000
256 2 16 51 0.008208 0000000000000000
256 2 16 52 0.009600 0000000000000000
256 2 16 53 0.009257 0000000000000000
256 2 16 54 0.009484 0000000000000000
256 2 16 55 0.009185 0000000000000000
256 2 16 56 0.008546 0000000000000000
256 2 16 57 0.009406 0000000000000000
256 2 16 58 0.009511 0000000000000000
256 2 16 59 0.009340 0000000000000000
256 2 16 60 0.009495 0000000000000000
256 2 16 61 0.010034 0000000000000000
256 2 16 62 0.009870 0000000000000000
256 2 16 63 0.009086 0000000000000000
256 2 16 64 0.008134 0000000000000000
256 2 16 65 0.008465 0000000000000000
256 2 16 66 0.008943 0000000000000000
256 2 16 67 0.008885 0000000000000000
256 2 16 68 0.008232 0000000000000000
256 2 16 69 0.008165 0000000000000000
256 2 16 70 0.009339 0000000000000000
256 2 16 71 0.010213 0000000000000000
256 2 16 72 0.008018 0000000000000000
256 2 16 73 0.009170 0000000000000000
256 2 16 74 0.007916 0000000000000000
256 2 16 75 0.009204 0000000000000000
256 2 16 76 0.008800 0000000000000000
256 2 16 77 0.008595 0000000000000000
256 2 16 78 0.009331 0000000000000000
256 2 16 79 0.008642 0000000000000000
256 2 16 80 0.009207 0000000000000000
256 2 16 81 0.009536 0000000000000000
256 2 16 82 0.009792 0000000000000000
256 2 16 83 0.007059 0000000000000000
256 2 16 84 0.009113 0000000000000000
256 2 16 85 0.008635 0000000000000000
256 2 16 86 0.009383 0000000000000000
256 2 16 87 0.008801 0000000000000000
256 2 16 88 0.009013 0000000000000000
256 2 16 89 0.009478 0000000000000000
256 2 16 90 0.009758 0000000000000000
256 2 16 91 0.010313 0000000000000000
256 2 16 92 0.008096 0000000000000000
256 2 16 93 0.009146 2000000000000000
256 2 16 94 0.009473 0000000000000000
256 2 16 95 0.009624 0000000000000000
256 2 16 96 0.009391 0000000000000000
256 2 16 97 0.008965 0000000000000000
256 2 16 98 0.009487 0000000000000000
256 2 16 99 0.010041 0000000000000000
256 2 32 0 0.005830 00000000
256 2 32 1 0.004936 00000000
256 2 32 2 0.004952 00000000
256 2 32 3 0.004540 00000000
256 2 32 4 0.005656 00000000
256 2 32 5 0.004343 00000000
256 2 32 6 0.005145 00000000
256 2 32 7 0.005215 00000000
256 2 32 8 0.005354 00000000
256 2 32 9 0.005095 00000000
256 2 32 10 0.004882 00000000
256 2 32 11 0.005214 00000000
256 2 32 12 0.004914 00000000
256 2 32 13 0.004507 00000000
256 2 32 14 0.004898 00000000
256 2 32 15 0.004990 00000000
256 2 32 16 0.004455 00000000
256 2 32 17 0.004676 00000000
256 2 32 18 0.005618 00000000
256 2 32 19 0.005364 00000000
256 2 32 20 0.004762 00000000
256 2 32 21 0.004937 00000000
256 2 32 22 0.005274 00000000
256 2 32 23 0.005105 00000000
256 2 32 24 0.004610 00000000
256 2 32 25 0.004582 00000000
256 2 32 26 0.004893 00000000
256 2 32 27 0.004231 00000000
256 2 32 28 0.005102 00000000
256 2 32 29 0.004823 00000000
256 2 32 30 0.004808 00000000
256 2 32 31 0.005378 00000000
256 2 32 32 0.005337 00000000
256 2 32 33 0.005477 00000000
256 2 32 34 0.004907 00000000
256 2 32 35 0.005252 00000000
256 2 32 36 0.004666 00000000
256 2 32 37 0.005112 00000000
256 2 32 38 0.004989 00000000
256 2 32 39 0.004967 00000000
256 2 32 40 0.005067 00000000
256 2 32 41 0.004715 00000000
256 2 32 42 0.005445 00000000
256 2 32 43 0.004462 00000000
256 2 32 44 0.004576 00000000
256 2 32 45 0.004809 00000000
256 2 32 46 0.004972 00000000
256 2 32 47 0.005292 00000000
256 2 32 48 0.004426 00000000
256 2 32 49 0.004684 00000000
256 2 32 50 0.004673 00000000
256 2 32 51 0.004441 00000000
256 2 32 52 0.005162 00000000
256 2 32 53 0.004802 00000000
256 2 32 54 0.005059 00000000
256 2 32 55 0.004836 00000000
256 2 32 56 0.004478 00000000
256 2 32 57 0.005014 00000000
256 2 32 58 0.004876 00000000
256 2 32 59 0.004907 00000000
256 2 32 60 0.004909 00000000
256 2 32 61 0.005387 00000000
256 2 32 62 0.005109 00000000
256 2 32 63 0.005008 00000000
256 2 32 64 0.004360 00000000
256 2 32 65 0.004497 00000000
256 2 32 66 0.004825 00000000
256 2 32 67 0.004667 00000000
256 2 32 68 0.004355 00000000
256 2 32 69 0.004326 00000000
256 2 32 70 0.004921 00000000
256 2 32 71 0.005406 00000000
256 2 32 72 0.004305 00000000
256 2 32 73 0.004747 00000000
256 2 32 74 0.004214 00000000
256 2 32 75 0.004943 00000000
256 2 32 76 0.004467 00000000
256 2 32 77 0.004620 00000000
256 2 32 78 0.004570 00000000
256 2 32 79 0.004557 00000000
256 2 32 80 0.004768 00000000
256 2 32 81 0.005023 00000000
256 2 32 82 0.005380 00000000
256 2 32 83 0.003782 00000000
256 2 32 84 0.004685 00000000
256 2 32 85 0.004774 00000000
256 2 32 86 0.005070 00000000
256 2 32 87 0.004602 00000000
256 2 32 88 0.004954 00000000
256 2 32 89 0.004958 00000000
256 2 32 90 0.005167 00000000
256 2 32 91 0.005603 00000000
256 2 32 92 0.004371 00000000
256 2 32 93 0.004754 00000000
256 2 32 94 0.004987 00000000
256 2 32 95 0.005068 00000000
256 2 32 96 0.005008 00000000
256 2 32 97 0.004719 00000000
256 2 32 98 0.004981 00000000
256 2 32 99 0.005169 00000000
256 4 8 0 0.061366 00000000000000000000000000000000
256 4 8 1 0.048135 00000000000000000000000000000000
256 4 8 2 0.051380 00000000000000000000000000000000
256 4 8 3 0.046639 00000000000000000000000000000000
256 4 8 4 0.060351 00000000000000000000000000000000
256 4 8 5 0.043325 20000000000000000000000000000000
256 4 8 6 0.052717 00000000000000000000000000000000
256 4 8 7 0.053132 22222222222222222222222222222222
256 4 8 8 0.056017 00000000000000000000000000000000
256 4 8 9 0.051969 00000000000000000000000000000000
256 4 8 10 0.050710 22222200000000000000000000000000
256 4 8 11 0.050799 00000000000000000000000000000000
256 4 8 12 0.045929 00000000000000000000000000000000
256 4 8 13 0.045189 00000000000000000000000000000000
256 4 8 14 0.049640 00000000000000000000000000000000
256 4 8 15 0.048969 22220000000000000000000000000000
256 4 8 16 0.045109 00000000000000000000000000000000
256 4 8 17 0.045108 22220000000000000000000000000000
256 4 8 18 0.056814 00000000000000000000000000000000
256 4 8 19 0.055698 00000000000000000000000000000000
256 4 8 20 0.046909 00000000000000000000000000000000
256 4 8 21 0.046938 22222222222000000000000000000000
256 4 8 22 0.055508 00000000000000000000000000000000
256 4 8 23 0.051593 00000000000000000000000000000000
256 4 8 24 0.046845 00000000000000000000000000000000
256 4 8 25 0.045355 00000000000000000000000000000000
256 4 8 26 0.050395 22200000000000000000000000000000
256 4 8 27 0.043572 00000000000000000000000000000000
256 4 8 28 0.051779 00000000000000000000000000000000
256 4 8 29 0.049175 00000000000000000000000000000000
256 4 8 30 0.049505 00000000000000000000000000000000
256 4 8 31 0.055531 22200000000000000000000000000000
256 4 8 32 0.053143 00000000000000000000000000000000
256 4 8 33 0.055522 00000000000000000000000000000000
256 4 8 34 0.048390 22222222222222222222222222222220
256 4 8 35 0.055444 00000000000000000000000000000000
256 4 8 36 0.045468 00000000000000000000000000000000
256 4 8 37 0.053698 22222222222222220000000000000000
256 4 8 38 0.051440 00000000000000000000000000000000
256 4 8 39 0.052438 00000000000000000000000000000000
256 4 8 40 0.051640 00000000000000000000000000000000
256 4 8 41 0.046402 00000000000000000000000000000000
256 4 8 42 0.056141 00000000000000000000000000000000
256 4 8 43 0.042301 00000000000000000000000000000000
256 4 8 44 0.043021 22222000000000000000000000000000
256 4 8 45 0.050196 00000000000000000000000000000000
256 4 8 46 0.051410 00000000000000000000000000000000
256 4 8 47 0.054471 22222220000000000000000000000000
256 4 8 48 0.046184 00000000000000000000000000000000
256 4 8 49 0.047076 22222222222222222222222220000000
256 4 8 50 0.048223 22222222222222222000000000000000
256 4 8 51 0.044392 00000000000000000000000000000000
256 4 8 52 0.053779 00000000000000000000000000000000
256 4 8 53 0.049947 00000000000000000000000000000000
256 4 8 54 0.051146 00000000000000000000000000000000
256 4 8 55 0.052980 00000000000000000000000000000000
256 4 8 56 0.042707 00000000000000000000000000000000
256 4 8 57 0.050024 00000000000000000000000000000000
256 4 8 58 0.047758 00000000000000000000000000000000
256 4 8 59 0.050078 00000000000000000000000000000000
256 4 8 60 0.051005 22222000000000000000000000000000
256 4 8 61 0.055350 00000000000000000000000000000000
256 4 8 62 0.049842 00000000000000000000000000000000
256 4 8 63 0.047962 22222222222222222222222222200000
256 4 8 64 0.043496 00000000000000000000000000000000
256 4 8 65 0.043942 00000000000000000000000000000000
256 4 8 66 0.050038 00000000000000000000000000000000
256 4 8 67 0.049006 00000000000000000000000000000000
256 4 8 68 0.043997 00000000000000000000000000000000
256 4 8 69 0.041749 22000000000000000000000000000000
256 4 8 70 0.049644 00000000000000000000000000000000
256 4 8 71 0.056583 00000000000000000000000000000000
256 4 8 72 0.043922 00000000000000000000000000000000
256 4 8 73 0.047445 00000000000000000000000000000000
256 4 8 74 0.042391 00000000000000000000000000000000
256 4 8 75 0.048891 00000000000000000000000000000000
256 4 8 76 0.047297 22222222222000000000000000000000
256 4 8 77 0.046561 20000000000000000000000000000000
256 4 8 78 0.046965 22222222222222222222222222222222
256 4 8 79 0.049067 00000000000000000000000000000000
256 4 8 80 0.048506 00000000000000000000000000000000
256 4 8 81 0.052349 00000000000000000000000000000000
256 4 8 82 0.051651 20000000000000000000000000000000
256 4 8 83 0.035725 00000000000000000000000000000000
256 4 8 84 0.044522 00000000000000000000000000000000
256 4 8 85 0.046324 22222222222222222222222222222222
256 4 8 86 0.052187 00000000000000000000000000000000
256 4 8 87 0.045578 00000000000000000000000000000000
256 4 8 88 0.050353 22222222222000000000000000000000
256 4 8 89 0.050066 22222222222222222222222222222222
256 4 8 90 0.053656 00000000000000000000000000000000
256 4 8 91 0.055051 22222222222222222222200000000000
256 4 8 92 0.043440 00000000000000000000000000000000
256 4 8 93 0.049076 22222222222222222222222222222222
256 4 8 94 0.050483 00000000000000000000000000000000
256 4 8 95 0.052487 00000000000000000000000000000000
256 4 8 96 0.051329 00000000000000000000000000000000
256 4 8 97 0.047147 00000000000000000000000000000000
256 4 8 98 0.050118 00000000000000000000000000000000
256 4 8 99 0.054268 00000000000000000000000000000000
256 4 16 0 0.031151 0000000000000000
256 4 16 1 0.024880 0000000000000000
256 4 16 2 0.026894 0000000000000000
256 4 16 3 0.023908 0000000000000000
256 4 16 4 0.029775 0000000000000000
256 4 16 5 0.022255 0000000000000000
256 4 16 6 0.027686 0000000000000000
256 4 16 7 0.026461 2222222222222222
256 4 16 8 0.028139 0000000000000000
256 4 16 9 0.026705 0000000000000000
256 4 16 10 0.026146 2220000000000000
256 4 16 11 0.026673 0000000000000000
256 4 16 12 0.023862 0000000000000000
256 4 16 13 0.024121 0000000000000000
256 4 16 14 0.025006 0000000000000000
256 4 16 15 0.025187 2200000000000000
256 4 16 16 0.022369 0000000000000000
256 4 16 17 0.022923 2200000000000000
256 4 16 18 0.028646 0000000000000000
256 4 16 19 0.027972 0000000000000000
256 4 16 20 0.023748 0000000000000000
256 4 16 21 0.024072 2222200000000000
256 4 16 22 0.028090 0000000000000000
256 4 16 23 0.026846 0000000000000000
256 4 16 24 0.023589 0000000000000000
256 4 16 25 0.023206 0000000000000000
256 4 16 26 0.025845 2000000000000000
256 4 16 27 0.021988 0000000000000000
256 4 16 28 0.026468 0000000000000000
256 4 16 29 0.025689 0000000000000000
256 4 16 30 0.025387 0000000000000000
256 4 16 31 0.027542 2000000000000000
256 4 16 32 0.027872 0000000000000000
256 4 16 33 0.028694 0000000000000000
256 4 16 34 0.024495 2222222222222220
256 4 16 35 0.028373 0000000000000000
256 4 16 36 0.023977 0000000000000000
256 4 16 37 0.026419 2222222200000000
256 4 16 38 0.026270 0000000000000000
256 4 16 39 0.026150 0000000000000000
256 4 16 40 0.026352 0000000000000000
256 4 16 41 0.023985 0000000000000000
256 4 16 42 0.029345 0000000000000000
256 4 16 43 0.021271 0000000000000000
256 4 16 44 0.021882 2200000000000000
256 4 16 45 0.025366 0000000000000000
256 4 16 46 0.026297 0000000000000000
256 4 16 47 0.027835 2220000000000000
256 4 16 48 0.023331 0000000000000000
256 4 16 49 0.024554 2222222222220000
256 4 16 50 0.023753 2222222200000000
256 4 16 51 0.022238 0000000000000000
256 4 16 52 0.026394 0000000000000000
256 4 16 53 0.025586 0000000000000000
256 4 16 54 0.026518 0000000000000000
256 4 16 55 0.025717 0000000000000000
256 4 16 56 0.022418 0000000000000000
256 4 16 57 0.026774 0000000000000000
256 4 16 58 0.024262 0000000000000000
256 4 16 59 0.025128 0000000000000000
256 4 16 60 0.026307 2200000000000000
256 4 16 61 0.028044 0000000000000000
256 4 16 62 0.026124 0000000000000000
256 4 16 63 0.028027 2222222222222000
256 4 16 64 0.021746 0000000000000000
256 4 16 65 0.022866 0000000000000000
256 4 16 66 0.024995 0000000000000000
256 4 16 67 0.024471 0000000000000000
256 4 16 68 0.021967 0000000000000000
256 4 16 69 0.021235 2000000000000000
256 4 16 70 0.024686 0000000000000000
256 4 16 71 0.028710 0000000000000000
256 4 16 72 0.022277 0000000000000000
256 4 16 73 0.024475 0000000000000000
256 4 16 74 0.021480 0000000000000000
256 4 16 75 0.025376 0000000000000000
256 4 16 76 0.024455 2222200000000000
256 4 16 77 0.023333 0000000000000000
256 4 16 78 0.023708 2222222222222222
256 4 16 79 0.023839 0000000000000000
256 4 16 80 0.025462 0000000000000000
256 4 16 81 0.026831 0000000000000000
256 4 16 82 0.026634 0000000000000000
256 4 16 83 0.018290 0000000000000000
256 4 16 84 0.022640 0000000000000000
256 4 16 85 0.024060 2222222222222222
256 4 16 86 0.027305 0000000000000000
256 4 16 87 0.022921 0000000000000000
256 4 16 88 0.025250 2222000000000000
256 4 16 89 0.026385 2222222222222222
256 4 16 90 0.027837 0000000000000000
256 4 16 91 0.028245 2222222222000000
256 4 16 92 0.022309 0000000000000000
256 4 16 93 0.025518 2222222222222222
256 4 16 94 0.025417 0000000000000000
256 4 16 95 0.026180 0000000000000000
256 4 16 96 0.026425 0000000000000000
256 4 16 97 0.023875 0000000000000000
256 4 16 98 0.026473 0000000000000000
256 4 16 99 0.028153 0000000000000000
256 4 32 0 0.016378 00000000
256 4 32 1 0.013284 00000000
256 4 32 2 0.013750 00000000
256 4 32 3 0.012703 00000000
256 4 32 4 0.016139 00000000
256 4 32 5 0.011991 00000000
256 4 32 6 0.014527 00000000
256 4 32 7 0.014412 22222222
256 4 32 8 0.015022 00000000
256 4 32 9 0.014140 00000000
256 4 32 10 0.013921 20000000
256 4 32 11 0.013915 00000000
256 4 32 12 0.012867 00000000
256 4 32 13 0.012409 00000000
256 4 32 14 0.013693 00000000
256 4 32 15 0.013497 20000000
256 4 32 16 0.011530 00000000
256 4 32 17 0.011961 20000000
256 4 32 18 0.015316 00000000
256 4 32 19 0.015000 00000000
256 4 32 20 0.012854 00000000
256 4 32 21 0.013077 22000000
256 4 32 22 0.014942 00000000
256 4 32 23 0.014067 00000000
256 4 32 24 0.012541 00000000
256 4 32 25 0.012172 00000000
256 4 32 26 0.013710 00000000
256 4 32 27 0.011808 00000000
256 4 32 28 0.014230 00000000
256 4 32 29 0.013864 00000000
256 4 32 30 0.013409 00000000
256 4 32 31 0.015080 00000000
256 4 32 32 0.014607 00000000
256 4 32 33 0.015956 00000000
256 4 32 34 0.012920 22222220
256 4 32 35 0.014825 00000000
256 4 32 36 0.012051 00000000
256 4 32 37 0.014111 22220000
256 4 32 38 0.013716 00000000
256 4 32 39 0.013839 00000000
256 4 32 40 0.015600 00000000
256 4 32 41 0.012434 00000000
256 4 32 42 0.015054 00000000
256 4 32 43 0.010909 00000000
256 4 32 44 0.011939 20000000
256 4 32 45 0.013445 00000000
256 4 32 46 0.013924 00000000
256 4 32 47 0.014954 20000000
256 4 32 48 0.012372 00000000
256 4 32 49 0.012529 22222200
256 4 32 50 0.013007 22220000
256 4 32 51 0.011771 00000000
256 4 32 52 0.014287 00000000
256 4 32 53 0.013804 00000000
256 4 32 54 0.014154 00000000
256 4 32 55 0.013676 00000000
256 4 32 56 0.011819 00000000
256 4 32 57 0.013849 00000000
256 4 32 58 0.012801 00000000
256 4 32 59 0.013782 00000000
256 4 32 60 0.013903 20000000
256 4 32 61 0.015008 00000000
256 4 32 62 0.013589 00000000
256 4 32 63 0.013162 22222200
256 4 32 64 0.011556 00000000
256 4 32 65 0.012708 00000000
256 4 32 66 0.013150 00000000
256 4 32 67 0.012530 00000000
256 4 32 68 0.011617 00000000
256 4 32 69 0.011386 00000000
256 4 32 70 0.012906 00000000
256 4 32 71 0.015274 00000000
256 4 32 72 0.011947 00000000
256 4 32 73 0.012608 00000000
256 4 32 74 0.011561 00000000
256 4 32 75 0.013342 00000000
256 4 32 76 0.012668 22000000
256 4 32 77 0.012855 00000000
256 4 32 78 0.012770 22222222
256 4 32 79 0.013177 00000000
256 4 32 80 0.013352 00000000
256 4 32 81 0.014658 00000000
256 4 32 82 0.014128 00000000
256 4 32 83 0.009644 00000000
256 4 32 84 0.012020 00000000
256 4 32 85 0.012556 22222222
256 4 32 86 0.014227 00000000
256 4 32 87 0.012190 00000000
256 4 32 88 0.014122 22000000
256 4 32 89 0.013883 22222222
256 4 32 90 0.014515 00000000
256 4 32 91 0.014963 22222000
256 4 32 92 0.011856 00000000
256 4 32 93 0.013507 22222222
256 4 32 94 0.013585 00000000
256 4 32 95 0.014111 00000000
256 4 32 96 0.013813 00000000
256 4 32 97 0.013220 00000000
256 4 32 98 0.013572 00000000
256 4 32 99 0.015078 00000000
256 8 16 0 0.100526 0000000000000000
256 8 16 1 0.082685 0000000000000000
256 8 16 2 0.082193 0000000000000000
256 8 16 3 0.071123 0000000000000000
256 8 16 4 0.100107 0000000000000000
256 8 16 5 0.069087 2222222222222222
256 8 16 6 0.081701 0000000000000000
256 8 16 7 0.086451 2222222222222222
256 8 16 8 0.090461 0000000000000000
256 8 16 9 0.090436 0000000000000000
256 8 16 10 0.086848 2222222200000000
256 8 16 11 0.085639 0000000000000000
256 8 16 12 0.082057 0000000000000000
256 8 16 13 0.073009 0000000000000000
256 8 16 14 0.081974 0000000000000000
256 8 16 15 0.083800 2222222222222222
256 8 16 16 0.068680 0000000000000000
256 8 16 17 0.074757 2222222222222222
256 8 16 18 0.094688 0000000000000000
256 8 16 19 0.094802 0000000000000000
256 8 16 20 0.074268 0000000000000000
256 8 16 21 0.075475 2222222222222222
256 8 16 22 0.087990 0000000000000000
256 8 16 23 0.085380 0000000000000000
256 8 16 24 0.075424 0000000000000000
256 8 16 25 0.076145 0000000000000000
256 8 16 26 0.083375 2222222222222222
256 8 16 27 0.069925 0000000000000000
256 8 16 28 0.090666 0000000000000000
256 8 16 29 0.080916 0000000000000000
256 8 16 30 0.079975 0000000000000000
256 8 16 31 0.089203 2222222222222222
256 8 16 32 0.085814 0000000000000000
256 8 16 33 0.096225 0000000000000000
256 8 16 34 0.079741 2222222222222222
256 8 16 35 0.093129 0000000000000000
256 8 16 36 0.077988 0000000000000000
256 8 16 37 0.090574 2222222222222222
256 8 16 38 0.085092 0000000000000000
256 8 16 39 0.087755 0000000000000000
256 8 16 40 0.090895 0000000000000000
256 8 16 41 0.077929 0000000000000000
256 8 16 42 0.090655 0000000000000000
256 8 16 43 0.064171 0000000000000000
256 8 16 44 0.071216 2222222222222222
256 8 16 45 0.080338 0000000000000000
256 8 16 46 0.089306 0000000000000000
256 8 16 47 0.089193 2222222222222222
256 8 16 48 0.074120 0000000000000000
256 8 16 49 0.076877 2222222222222222
256 8 16 50 0.075786 2222222222222222
256 8 16 51 0.073436 0000000000000000
256 8 16 52 0.083836 0000000000000000
256 8 16 53 0.080616 0000000000000000
256 8 16 54 0.078537 0000000000000000
256 8 16 55 0.084979 0000000000000000
256 8 16 56 0.070767 0000000000000000
256 8 16 57 0.078414 0000000000000000
256 8 16 58 0.081222 0000000000000000
256 8 16 59 0.079889 0000000000000000
256 8 16 60 0.080437 2222222222222222
256 8 16 61 0.090726 0000000000000000
256 8 16 62 0.085903 0000000000000000
256 8 16 63 0.082472 2222222222222222
256 8 16 64 0.074208 0000000000000000
256 8 16 65 0.070598 0000000000000000
256 8 16 66 0.083373 0000000000000000
256 8 16 67 0.073789 0000000000000000
256 8 16 68 0.065355 0000000000000000
256 8 16 69 0.069648 2222222222222222
256 8 16 70 0.077330 0000000000000000
256 8 16 71 0.091517 0000000000000000
256 8 16 72 0.073790 0000000000000000
256 8 16 73 0.075486 0000000000000000
256 8 16 74 0.065322 0000000000000000
256 8 16 75 0.081936 0000000000000000
256 8 16 76 0.074169 2222222222222222
256 8 16 77 0.076624 2222222222222222
256 8 16 78 0.073208 2222222222222222
256 8 16 79 0.077077 0000000000000000
256 8 16 80 0.077095 0000000000000000
256 8 16 81 0.091477 0000000000000000
256 8 16 82 0.087462 2222222222222222
256 8 16 83 0.050888 0000000000000000
256 8 16 84 0.068309 0000000000000000
256 8 16 85 0.075015 2222222222222222
256 8 16 86 0.092606 0000000000000000
256 8 16 87 0.075406 0000000000000000
256 8 16 88 0.079134 2222222222222222
256 8 16 89 0.079273 2222222222222222
256 8 16 90 0.090184 0000000000000000
256 8 16 91 0.098648 2222222222222222
256 8 16 92 0.073704 0000000000000000
256 8 16 93 0.077232 2222222222222222
256 8 16 94 0.083140 0000000000000000
256 8 16 95 0.090103 0000000000000000
256 8 16 96 0.079654 0000000000000000
256 8 16 97 0.077211 0000000000000000
256 8 16 98 0.087584 0000000000000000
256 8 16 99 0.087752 0000000000000000
256 8 32 0 0.056394 00000000
256 8 32 1 0.041043 00000000
256 8 32 2 0.044879 00000000
256 8 32 3 0.038028 00000000
256 8 32 4 0.054308 00000000
256 8 32 5 0.037114 22222222
256 8 32 6 0.043638 00000000
256 8 32 7 0.045770 22222222
256 8 32 8 0.049585 00000000
256 8 32 9 0.047186 00000000
256 8 32 10 0.044474 22220000
256 8 32 11 0.044934 00000000
256 8 32 12 0.040414 00000000
256 8 32 13 0.040137 00000000
256 8 32 14 0.045125 00000000
256 8 32 15 0.043641 22222222
256 8 32 16 0.036464 00000000
256 8 32 17 0.038911 22222222
256 8 32 18 0.050051 00000000
256 8 32 19 0.049545 00000000
256 8 32 20 0.041068 00000000
256 8 32 21 0.040956 22222222
256 8 32 22 0.047833 00000000
256 8 32 23 0.043582 00000000
256 8 32 24 0.040008 00000000
256 8 32 25 0.042402 00000000
256 8 32 26 0.045495 22222222
256 8 32 27 0.036128 00000000
256 8 32 28 0.045051 00000000
256 8 32 29 0.043831 00000000
256 8 32 30 0.041804 00000000
256 8 32 31 0.047665 22222222
256 8 32 32 0.049841 00000000
256 8 32 33 0.050065 00000000
256 8 32 34 0.042118 22222222
256 8 32 35 0.047702 00000000
256 8 32 36 0.039272 00000000
256 8 32 37 0.045798 22222222
256 8 32 38 0.045063 00000000
256 8 32 39 0.042725 00000000
256 8 32 40 0.045942 00000000
256 8 32 41 0.039073 00000000
256 8 32 42 0.049010 00000000
256 8 32 43 0.034749 00000000
256 8 32 44 0.036188 22222222
256 8 32 45 0.043617 00000000
256 8 32 46 0.048241 00000000
256 8 32 47 0.048092 22222222
256 8 32 48 0.037898 00000000
256 8 32 49 0.038226 22222222
256 8 32 50 0.039824 22222222
256 8 32 51 0.040707 00000000
256 8 32 52 0.044444 00000000
256 8 32 53 0.042746 00000000
256 8 32 54 0.042891 00000000
256 8 32 55 0.045297 00000000
256 8 32 56 0.037925 00000000
256 8 32 57 0.042723 00000000
256 8 32 58 0.043753 00000000
256 8 32 59 0.047453 00000000
256 8 32 60 0.043644 22222222
256 8 32 61 0.047358 00000000
256 8 32 62 0.045271 00000000
256 8 32 63 0.042757 22222222
256 8 32 64 0.036696 00000000
256 8 32 65 0.038252 00000000
256 8 32 66 0.043164 00000000
256 8 32 67 0.039587 00000000
256 8 32 68 0.034639 00000000
256 8 32 69 0.037724 22222222
256 8 32 70 0.044455 00000000
256 8 32 71 0.048479 00000000
256 8 32 72 0.036672 00000000
256 8 32 73 0.038862 00000000
256 8 32 74 0.034776 00000000
256 8 32 75 0.043424 00000000
256 8 32 76 0.040016 22222222
256 8 32 77 0.041023 22222222
256 8 32 78 0.040048 22222222
256 8 32 79 0.039566 00000000
256 8 32 80 0.042141 00000000
256 8 32 81 0.046597 00000000
256 8 32 82 0.047420 22222222
256 8 32 83 0.027101 00000000
256 8 32 84 0.036355 00000000
256 8 32 85 0.041073 22222222
256 8 32 86 0.045354 00000000
256 8 32 87 0.039915 00000000
256 8 32 88 0.041457 22222222
256 8 32 89 0.042331 22222222
256 8 32 90 0.046806 00000000
256 8 32 91 0.049249 22222222
256 8 32 92 0.038194 00000000
256 8 32 93 0.040930 22222222
256 8 32 94 0.043442 00000000
256 8 32 95 0.049161 00000000
256 8 32 96 0.043457 00000000
256 8 32 97 0.040976 00000000
256 8 32 98 0.046049 00000000
256 8 32 99 0.049643 00000000
512 2 4 0 0.143072 22000000000000000000000000000000000000000000000000000000000000000000000000000000000000000000000000000000000000000000000000000000
512 2 4 1 0.152914 00000000000000000000000000000000000000000000000000000000000000000000000000000000000000000000000000000000000000000000000000000000
512 2 4 2 0.151487 20000000000000000000000000000000000000000000000000000000000000000000000000000000000000000000000000000000000000000000000000000000
512 2 4 3 0.153188 00000000000000000000000000000000000000000000000000000000000000000000000000000000000000000000000000000000000000000000000000000000
512 2 4 4 0.142901 00000000000000000000000000000000000000000000000000000000000000000000000000000000000000000000000000000000000000000000000000000000
512 2 4 5 0.148458 00000000000000000000000000000000000000000000000000000000000000000000000000000000000000000000000000000000000000000000000000000000
512 2 4 6 0.147604 00000000000000000000000000000000000000000000000000000000000000000000000000000000000000000000000000000000000000000000000000000000
512 2 4 7 0.147030 00000000000000000000000000000000000000000000000000000000000000000000000000000000000000000000000000000000000000000000000000000000
512 2 4 8 0.144673 00000000000000000000000000000000000000000000000000000000000000000000000000000000000000000000000000000000000000000000000000000000
512 2 4 9 0.157188 00000000000000000000000000000000000000000000000000000000000000000000000000000000000000000000000000000000000000000000000000000000
512 2 4 10 0.146949 00000000000000000000000000000000000000000000000000000000000000000000000000000000000000000000000000000000000000000000000000000000
512 2 4 11 0.149854 00000000000000000000000000000000000000000000000000000000000000000000000000000000000000000000000000000000000000000000000000000000
512 2 4 12 0.143745 00000000000000000000000000000000000000000000000000000000000000000000000000000000000000000000000000000000000000000000000000000000
512 2 4 13 0.153495 00000000000000000000000000000000000000000000000000000000000000000000000000000000000000000000000000000000000000000000000000000000
512 2 4 14 0.155774 20000000000000000000000000000000000000000000000000000000000000000000000000000000000000000000000000000000000000000000000000000000
512 2 4 15 0.140194 00000000000000000000000000000000000000000000000000000000000000000000000000000000000000000000000000000000000000000000000000000000
512 2 4 16 0.158872 00000000000000000000000000000000000000000000000000000000000000000000000000000000000000000000000000000000000000000000000000000000
512 2 4 17 0.147479 20000000000000000000000000000000000000000000000000000000000000000000000000000000000000000000000000000000000000000000000000000000
512 2 4 18 0.140208 20000000000000000000000000000000000000000000000000000000000000000000000000000000000000000000000000000000000000000000000000000000
512 2 4 19 0.133488 20000000000000000000000000000000000000000000000000000000000000000000000000000000000000000000000000000000000000000000000000000000
512 2 4 20 0.147150 22000000000000000000000000000000000000000000000000000000000000000000000000000000000000000000000000000000000000000000000000000000
512 2 4 21 0.142518 00000000000000000000000000000000000000000000000000000000000000000000000000000000000000000000000000000000000000000000000000000000
512 2 4 22 0.141852 00000000000000000000000000000000000000000000000000000000000000000000000000000000000000000000000000000000000000000000000000000000
512 2 4 23 0.138822 00000000000000000000000000000000000000000000000000000000000000000000000000000000000000000000000000000000000000000000000000000000
512 2 4 24 0.150764 00000000000000000000000000000000000000000000000000000000000000000000000000000000000000000000000000000000000000000000000000000000
512 2 4 25 0.139094 00000000000000000000000000000000000000000000000000000000000000000000000000000000000000000000000000000000000000000000000000000000
512 2 4 26 0.139218 00000000000000000000000000000000000000000000000000000000000000000000000000000000000000000000000000000000000000000000000000000000
512 2 4 27 0.149697 00000000000000000000000000000000000000000000000000000000000000000000000000000000000000000000000000000000000000000000000000000000
512 2 4 28 0.146870 00000000000000000000000000000000000000000000000000000000000000000000000000000000000000000000000000000000000000000000000000000000
512 2 4 29 0.147088 00000000000000000000000000000000000000000000000000000000000000000000000000000000000000000000000000000000000000000000000000000000
512 2 4 30 0.143464 22000000000000000000000000000000000000000000000000000000000000000000000000000000000000000000000000000000000000000000000000000000
512 2 4 31 0.148917 22000000000000000000000000000000000000000000000000000000000000000000000000000000000000000000000000000000000000000000000000000000
512 2 4 32 0.159611 00000000000000000000000000000000000000000000000000000000000000000000000000000000000000000000000000000000000000000000000000000000
512 2 4 33 0.134485 00000000000000000000000000000000000000000000000000000000000000000000000000000000000000000000000000000000000000000000000000000000
512 2 4 34 0.146092 00000000000000000000000000000000000000000000000000000000000000000000000000000000000000000000000000000000000000000000000000000000
512 2 4 35 0.151801 00000000000000000000000000000000000000000000000000000000000000000000000000000000000000000000000000000000000000000000000000000000
512 2 4 36 0.155887 00000000000000000000000000000000000000000000000000000000000000000000000000000000000000000000000000000000000000000000000000000000
512 2 4 37 0.150298 00000000000000000000000000000000000000000000000000000000000000000000000000000000000000000000000000000000000000000000000000000000
512 2 4 38 0.133119 00000000000000000000000000000000000000000000000000000000000000000000000000000000000000000000000000000000000000000000000000000000
512 2 4 39 0.153831 00000000000000000000000000000000000000000000000000000000000000000000000000000000000000000000000000000000000000000000000000000000
512 2 4 40 0.144294 00000000000000000000000000000000000000000000000000000000000000000000000000000000000000000000000000000000000000000000000000000000
512 2 4 41 0.151396 00000000000000000000000000000000000000000000000000000000000000000000000000000000000000000000000000000000000000000000000000000000
512 2 4 42 0.158063 00000000000000000000000000000000000000000000000000000000000000000000000000000000000000000000000000000000000000000000000000000000
512 2 4 43 0.150879 00000000000000000000000000000000000000000000000000000000000000000000000000000000000000000000000000000000000000000000000000000000
512 2 4 44 0.162300 00000000000000000000000000000000000000000000000000000000000000000000000000000000000000000000000000000000000000000000000000000000
512 2 4 45 0.149913 00000000000000000000000000000000000000000000000000000000000000000000000000000000000000000000000000000000000000000000000000000000
512 2 4 46 0.160940 00000000000000000000000000000000000000000000000000000000000000000000000000000000000000000000000000000000000000000000000000000000
512 2 4 47 0.143327 20000000000000000000000000000000000000000000000000000000000000000000000000000000000000000000000000000000000000000000000000000000
512 2 4 48 0.163873 00000000000000000000000000000000000000000000000000000000000000000000000000000000000000000000000000000000000000000000000000000000
512 2 4 49 0.138668 22000000000000000000000000000000000000000000000000000000000000000000000000000000000000000000000000000000000000000000000000000000
512 2 4 50 0.139376 00000000000000000000000000000000000000000000000000000000000000000000000000000000000000000000000000000000000000000000000000000000
512 2 4 51 0.147950 00000000000000000000000000000000000000000000000000000000000000000000000000000000000000000000000000000000000000000000000000000000
512 2 4 52 0.144706 00000000000000000000000000000000000000000000000000000000000000000000000000000000000000000000000000000000000000000000000000000000
512 2 4 53 0.146680 20000000000000000000000000000000000000000000000000000000000000000000000000000000000000000000000000000000000000000000000000000000
512 2 4 54 0.141507 22000000000000000000000000000000000000000000000000000000000000000000000000000000000000000000000000000000000000000000000000000000
512 2 4 55 0.139430 00000000000000000000000000000000000000000000000000000000000000000000000000000000000000000000000000000000000000000000000000000000
512 2 4 56 0.145984 00000000000000000000000000000000000000000000000000000000000000000000000000000000000000000000000000000000000000000000000000000000
512 2 4 57 0.138873 00000000000000000000000000000000000000000000000000000000000000000000000000000000000000000000000000000000000000000000000000000000
512 2 4 58 0.143366 00000000000000000000000000000000000000000000000000000000000000000000000000000000000000000000000000000000000000000000000000000000
512 2 4 59 0.150553 00000000000000000000000000000000000000000000000000000000000000000000000000000000000000000000000000000000000000000000000000000000
512 2 4 60 0.148204 20000000000000000000000000000000000000000000000000000000000000000000000000000000000000000000000000000000000000000000000000000000
512 2 4 61 0.145054 22200000000000000000000000000000000000000000000000000000000000000000000000000000000000000000000000000000000000000000000000000000
512 2 4 62 0.144510 00000000000000000000000000000000000000000000000000000000000000000000000000000000000000000000000000000000000000000000000000000000
512 2 4 63 0.149228 00000000000000000000000000000000000000000000000000000000000000000000000000000000000000000000000000000000000000000000000000000000
512 2 4 64 0.157536 00000000000000000000000000000000000000000000000000000000000000000000000000000000000000000000000000000000000000000000000000000000
512 2 4 65 0.153424 22220000000000000000000000000000000000000000000000000000000000000000000000000000000000000000000000000000000000000000000000000000
512 2 4 66 0.146370 00000000000000000000000000000000000000000000000000000000000000000000000000000000000000000000000000000000000000000000000000000000
512 2 4 67 0.150899 00000000000000000000000000000000000000000000000000000000000000000000000000000000000000000000000000000000000000000000000000000000
512 2 4 68 0.141134 22200000000000000000000000000000000000000000000000000000000000000000000000000000000000000000000000000000000000000000000000000000
512 2 4 69 0.153032 00000000000000000000000000000000000000000000000000000000000000000000000000000000000000000000000000000000000000000000000000000000
512 2 4 70 0.154595 20000000000000000000000000000000000000000000000000000000000000000000000000000000000000000000000000000000000000000000000000000000
512 2 4 71 0.159612 00000000000000000000000000000000000000000000000000000000000000000000000000000000000000000000000000000000000000000000000000000000
512 2 4 72 0.151208 00000000000000000000000000000000000000000000000000000000000000000000000000000000000000000000000000000000000000000000000000000000
512 2 4 73 0.149351 00000000000000000000000000000000000000000000000000000000000000000000000000000000000000000000000000000000000000000000000000000000
512 2 4 74 0.136223 00000000000000000000000000000000000000000000000000000000000000000000000000000000000000000000000000000000000000000000000000000000
512 2 4 75 0.156061 00000000000000000000000000000000000000000000000000000000000000000000000000000000000000000000000000000000000000000000000000000000
512 2 4 76 0.157042 22200000000000000000000000000000000000000000000000000000000000000000000000000000000000000000000000000000000000000000000000000000
512 2 4 77 0.143839 00000000000000000000000000000000000000000000000000000000000000000000000000000000000000000000000000000000000000000000000000000000
512 2 4 78 0.147508 00000000000000000000000000000000000000000000000000000000000000000000000000000000000000000000000000000000000000000000000000000000
512 2 4 79 0.154235 20000000000000000000000000000000000000000000000000000000000000000000000000000000000000000000000000000000000000000000000000000000
512 2 4 80 0.144075 00000000000000000000000000000000000000000000000000000000000000000000000000000000000000000000000000000000000000000000000000000000
512 2 4 81 0.145617 00000000000000000000000000000000000000000000000000000000000000000000000000000000000000000000000000000000000000000000000000000000
512 2 4 82 0.143636 22222200000000000000000000000000000000000000000000000000000000000000000000000000000000000000000000000000000000000000000000000000
512 2 4 83 0.143514 00000000000000000000000000000000000000000000000000000000000000000000000000000000000000000000000000000000000000000000000000000000
512 2 4 84 0.165543 00000000000000000000000000000000000000000000000000000000000000000000000000000000000000000000000000000000000000000000000000000000
512 2 4 85 0.149234 00000000000000000000000000000000000000000000000000000000000000000000000000000000000000000000000000000000000000000000000000000000
512 2 4 86 0.150016 22000000000000000000000000000000000000000000000000000000000000000000000000000000000000000000000000000000000000000000000000000000
512 2 4 87 0.151821 22000000000000000000000000000000000000000000000000000000000000000000000000000000000000000000000000000000000000000000000000000000
512 2 4 88 0.156260 00000000000000000000000000000000000000000000000000000000000000000000000000000000000000000000000000000000000000000000000000000000
512 2 4 89 0.144550 00000000000000000000000000000000000000000000000000000000000000000000000000000000000000000000000000000000000000000000000000000000
512 2 4 90 0.146986 00000000000000000000000000000000000000000000000000000000000000000000000000000000000000000000000000000000000000000000000000000000
512 2 4 91 0.157563 00000000000000000000000000000000000000000000000000000000000000000000000000000000000000000000000000000000000000000000000000000000
512 2 4 92 0.155832 00000000000000000000000000000000000000000000000000000000000000000000000000000000000000000000000000000000000000000000000000000000
512 2 4 93 0.149960 00000000000000000000000000000000000000000000000000000000000000000000000000000000000000000000000000000000000000000000000000000000
512 2 4 94 0.151877 00000000000000000000000000000000000000000000000000000000000000000000000000000000000000000000000000000000000000000000000000000000
512 2 4 95 0.147995 00000000000000000000000000000000000000000000000000000000000000000000000000000000000000000000000000000000000000000000000000000000
512 2 4 96 0.153086 22222220000000000000000000000000000000000000000000000000000000000000000000000000000000000000000000000000000000000000000000000000
512 2 4 97 0.147503 20000000000000000000000000000000000000000000000000000000000000000000000000000000000000000000000000000000000000000000000000000000
512 2 4 98 0.147474 00000000000000000000000000000000000000000000000000000000000000000000000000000000000000000000000000000000000000000000000000000000
512 2 4 99 0.164484 00000000000000000000000000000000000000000000000000000000000000000000000000000000000000000000000000000000000000000000000000000000
512 2 8 0 0.072150 2000000000000000000000000000000000000000000000000000000000000000
512 2 8 1 0.076577 0000000000000000000000000000000000000000000000000000000000000000
512 2 8 2 0.075295 0000000000000000000000000000000000000000000000000000000000000000
512 2 8 3 0.076680 0000000000000000000000000000000000000000000000000000000000000000
512 2 8 4 0.071568 0000000000000000000000000000000000000000000000000000000000000000
512 2 8 5 0.073474 0000000000000000000000000000000000000000000000000000000000000000
512 2 8 6 0.074416 0000000000000000000000000000000000000000000000000000000000000000
512 2 8 7 0.073659 0000000000000000000000000000000000000000000000000000000000000000
512 2 8 8 0.071785 0000000000000000000000000000000000000000000000000000000000000000
512 2 8 9 0.079513 0000000000000000000000000000000000000000000000000000000000000000
512 2 8 10 0.076854 0000000000000000000000000000000000000000000000000000000000000000
512 2 8 11 0.075597 0000000000000000000000000000000000000000000000000000000000000000
512 2 8 12 0.071518 0000000000000000000000000000000000000000000000000000000000000000
512 2 8 13 0.076378 0000000000000000000000000000000000000000000000000000000000000000
512 2 8 14 0.077942 0000000000000000000000000000000000000000000000000000000000000000
512 2 8 15 0.072022 0000000000000000000000000000000000000000000000000000000000000000
512 2 8 16 0.080037 0000000000000000000000000000000000000000000000000000000000000000
512 2 8 17 0.073522 0000000000000000000000000000000000000000000000000000000000000000
512 2 8 18 0.068963 0000000000000000000000000000000000000000000000000000000000000000
512 2 8 19 0.067052 0000000000000000000000000000000000000000000000000000000000000000
512 2 8 20 0.073870 2000000000000000000000000000000000000000000000000000000000000000
512 2 8 21 0.071871 0000000000000000000000000000000000000000000000000000000000000000
512 2 8 22 0.071471 0000000000000000000000000000000000000000000000000000000000000000
512 2 8 23 0.069764 0000000000000000000000000000000000000000000000000000000000000000
512 2 8 24 0.074174 0000000000000000000000000000000000000000000000000000000000000000
512 2 8 25 0.069588 0000000000000000000000000000000000000000000000000000000000000000
512 2 8 26 0.069135 0000000000000000000000000000000000000000000000000000000000000000
512 2 8 27 0.074857 0000000000000000000000000000000000000000000000000000000000000000
512 2 8 28 0.072941 0000000000000000000000000000000000000000000000000000000000000000
512 2 8 29 0.073108 0000000000000000000000000000000000000000000000000000000000000000
512 2 8 30 0.071275 0000000000000000000000000000000000000000000000000000000000000000
512 2 8 31 0.073651 2000000000000000000000000000000000000000000000000000000000000000
512 2 8 32 0.079490 0000000000000000000000000000000000000000000000000000000000000000
512 2 8 33 0.066656 0000000000000000000000000000000000000000000000000000000000000000
512 2 8 34 0.072398 0000000000000000000000000000000000000000000000000000000000000000
512 2 8 35 0.074871 0000000000000000000000000000000000000000000000000000000000000000
512 2 8 36 0.077992 0000000000000000000000000000000000000000000000000000000000000000
512 2 8 37 0.074642 0000000000000000000000000000000000000000000000000000000000000000
512 2 8 38 0.066029 0000000000000000000000000000000000000000000000000000000000000000
512 2 8 39 0.075872 0000000000000000000000000000000000000000000000000000000000000000
512 2 8 40 0.072482 0000000000000000000000000000000000000000000000000000000000000000
512 2 8 41 0.075529 0000000000000000000000000000000000000000000000000000000000000000
512 2 8 42 0.078016 0000000000000000000000000000000000000000000000000000000000000000
512 2 8 43 0.074810 0000000000000000000000000000000000000000000000000000000000000000
512 2 8 44 0.081069 0000000000000000000000000000000000000000000000000000000000000000
512 2 8 45 0.074105 0000000000000000000000000000000000000000000000000000000000000000
512 2 8 46 0.078028 0000000000000000000000000000000000000000000000000000000000000000
512 2 8 47 0.071363 0000000000000000000000000000000000000000000000000000000000000000
512 2 8 48 0.080884 0000000000000000000000000000000000000000000000000000000000000000
512 2 8 49 0.069912 2000000000000000000000000000000000000000000000000000000000000000
512 2 8 50 0.068386 0000000000000000000000000000000000000000000000000000000000000000
512 2 8 51 0.072002 0000000000000000000000000000000000000000000000000000000000000000
512 2 8 52 0.071207 0000000000000000000000000000000000000000000000000000000000000000
512 2 8 53 0.073446 0000000000000000000000000000000000000000000000000000000000000000
512 2 8 54 0.070202 2000000000000000000000000000000000000000000000000000000000000000
512 2 8 55 0.069269 0000000000000000000000000000000000000000000000000000000000000000
512 2 8 56 0.071930 0000000000000000000000000000000000000000000000000000000000000000
512 2 8 57 0.069284 0000000000000000000000000000000000000000000000000000000000000000
512 2 8 58 0.071955 0000000000000000000000000000000000000000000000000000000000000000
512 2 8 59 0.074814 0000000000000000000000000000000000000000000000000000000000000000
512 2 8 60 0.073622 0000000000000000000000000000000000000000000000000000000000000000
512 2 8 61 0.073282 2000000000000000000000000000000000000000000000000000000000000000
512 2 8 62 0.073022 0000000000000000000000000000000000000000000000000000000000000000
512 2 8 63 0.074960 0000000000000000000000000000000000000000000000000000000000000000
512 2 8 64 0.078867 0000000000000000000000000000000000000000000000000000000000000000
512 2 8 65 0.075915 2200000000000000000000000000000000000000000000000000000000000000
512 2 8 66 0.073826 0000000000000000000000000000000000000000000000000000000000000000
512 2 8 67 0.073210 0000000000000000000000000000000000000000000000000000000000000000
512 2 8 68 0.072357 2000000000000000000000000000000000000000000000000000000000000000
512 2 8 69 0.077061 0000000000000000000000000000000000000000000000000000000000000000
512 2 8 70 0.077883 0000000000000000000000000000000000000000000000000000000000000000
512 2 8 71 0.079209 0000000000000000000000000000000000000000000000000000000000000000
512 2 8 72 0.074785 0000000000000000000000000000000000000000000000000000000000000000
512 2 8 73 0.074697 0000000000000000000000000000000000000000000000000000000000000000
512 2 8 74 0.068544 0000000000000000000000000000000000000000000000000000000000000000
512 2 8 75 0.076695 0000000000000000000000000000000000000000000000000000000000000000
512 2 8 76 0.078597 2000000000000000000000000000000000000000000000000000000000000000
512 2 8 77 0.071623 0000000000000000000000000000000000000000000000000000000000000000
512 2 8 78 0.074097 0000000000000000000000000000000000000000000000000000000000000000
512 2 8 79 0.077147 0000000000000000000000000000000000000000000000000000000000000000
512 2 8 80 0.071036 0000000000000000000000000000000000000000000000000000000000000000
512 2 8 81 0.073227 0000000000000000000000000000000000000000000000000000000000000000
512 2 8 82 0.071791 0000000000000000000000000000000000000000000000000000000000000000
512 2 8 83 0.072111 0000000000000000000000000000000000000000000000000000000000000000
512 2 8 84 0.083751 0000000000000000000000000000000000000000000000000000000000000000
512 2 8 85 0.074063 0000000000000000000000000000000000000000000000000000000000000000
512 2 8 86 0.074520 0000000000000000000000000000000000000000000000000000000000000000
512 2 8 87 0.076744 2000000000000000000000000000000000000000000000000000000000000000
512 2 8 88 0.077467 0000000000000000000000000000000000000000000000000000000000000000
512 2 8 89 0.071782 0000000000000000000000000000000000000000000000000000000000000000
512 2 8 90 0.073375 0000000000000000000000000000000000000000000000000000000000000000
512 2 8 91 0.080037 0000000000000000000000000000000000000000000000000000000000000000
512 2 8 92 0.077675 0000000000000000000000000000000000000000000000000000000000000000
512 2 8 93 0.075853 0000000000000000000000000000000000000000000000000000000000000000
512 2 8 94 0.075015 0000000000000000000000000000000000000000000000000000000000000000
512 2 8 95 0.075535 0000000000000000000000000000000000000000000000000000000000000000
512 2 8 96 0.072715 2220000000000000000000000000000000000000000000000000000000000000
512 2 8 97 0.073904 0000000000000000000000000000000000000000000000000000000000000000
512 2 8 98 0.074150 0000000000000000000000000000000000000000000000000000000000000000
512 2 8 99 0.081190 0000000000000000000000000000000000000000000000000000000000000000
512 2 16 0 0.036789 00000000000000000000000000000000
512 2 16 1 0.038210 00000000000000000000000000000000
512 2 16 2 0.038307 00000000000000000000000000000000
512 2 16 3 0.038871 00000000000000000000000000000000
512 2 16 4 0.036165 00000000000000000000000000000000
512 2 16 5 0.037676 00000000000000000000000000000000
512 2 16 6 0.037765 00000000000000000000000000000000
512 2 16 7 0.037361 00000000000000000000000000000000
512 2 16 8 0.036527 00000000000000000000000000000000
512 2 16 9 0.040297 00000000000000000000000000000000
512 2 16 10 0.037704 00000000000000000000000000000000
512 2 16 11 0.038091 00000000000000000000000000000000
512 2 16 12 0.036243 00000000000000000000000000000000
512 2 16 13 0.038905 00000000000000000000000000000000
512 2 16 14 0.039219 00000000000000000000000000000000
512 2 16 15 0.035617 00000000000000000000000000000000
512 2 16 16 0.040734 00000000000000000000000000000000
512 2 16 17 0.036867 00000000000000000000000000000000
512 2 16 18 0.034844 00000000000000000000000000000000
512 2 16 19 0.033992 00000000000000000000000000000000
512 2 16 20 0.037671 00000000000000000000000000000000
512 2 16 21 0.035809 00000000000000000000000000000000
512 2 16 22 0.036235 00000000000000000000000000000000
512 2 16 23 0.035428 00000000000000000000000000000000
512 2 16 24 0.038271 00000000000000000000000000000000
512 2 16 25 0.034715 00000000000000000000000000000000
512 2 16 26 0.035502 00000000000000000000000000000000
512 2 16 27 0.037886 00000000000000000000000000000000
512 2 16 28 0.037355 00000000000000000000000000000000
512 2 16 29 0.037213 00000000000000000000000000000000
512 2 16 30 0.036962 00000000000000000000000000000000
512 2 16 31 0.037634 00000000000000000000000000000000
512 2 16 32 0.039881 00000000000000000000000000000000
512 2 16 33 0.034035 00000000000000000000000000000000
512 2 16 34 0.036601 00000000000000000000000000000000
512 2 16 35 0.038695 00000000000000000000000000000000
512 2 16 36 0.038832 00000000000000000000000000000000
512 2 16 37 0.038472 00000000000000000000000000000000
512 2 16 38 0.033548 00000000000000000000000000000000
512 2 16 39 0.038625 00000000000000000000000000000000
512 2 16 40 0.036912 00000000000000000000000000000000
512 2 16 41 0.038394 00000000000000000000000000000000
512 2 16 42 0.039795 00000000000000000000000000000000
512 2 16 43 0.038183 00000000000000000000000000000000
512 2 16 44 0.040768 00000000000000000000000000000000
512 2 16 45 0.037566 00000000000000000000000000000000
512 2 16 46 0.040214 00000000000000000000000000000000
512 2 16 47 0.036705 00000000000000000000000000000000
512 2 16 48 0.041124 00000000000000000000000000000000
512 2 16 49 0.034756 00000000000000000000000000000000
512 2 16 50 0.034696 00000000000000000000000000000000
512 2 16 51 0.036439 00000000000000000000000000000000
512 2 16 52 0.035659 00000000000000000000000000000000
512 2 16 53 0.036827 00000000000000000000000000000000
512 2 16 54 0.035834 00000000000000000000000000000000
512 2 16 55 0.035008 00000000000000000000000000000000
512 2 16 56 0.036309 00000000000000000000000000000000
512 2 16 57 0.035220 00000000000000000000000000000000
512 2 16 58 0.036399 00000000000000000000000000000000
512 2 16 59 0.038285 00000000000000000000000000000000
512 2 16 60 0.038392 00000000000000000000000000000000
512 2 16 61 0.036560 00000000000000000000000000000000
512 2 16 62 0.036858 00000000000000000000000000000000
512 2 16 63 0.038024 00000000000000000000000000000000
512 2 16 64 0.040200 00000000000000000000000000000000
512 2 16 65 0.038597 20000000000000000000000000000000
512 2 16 66 0.036891 00000000000000000000000000000000
512 2 16 67 0.036903 00000000000000000000000000000000
512 2 16 68 0.036269 00000000000000000000000000000000
512 2 16 69 0.038826 00000000000000000000000000000000
512 2 16 70 0.039290 00000000000000000000000000000000
512 2 16 71 0.039958 00000000000000000000000000000000
512 2 16 72 0.038469 00000000000000000000000000000000
512 2 16 73 0.038961 00000000000000000000000000000000
512 2 16 74 0.034613 00000000000000000000000000000000
512 2 16 75 0.039257 00000000000000000000000000000000
512 2 16 76 0.039515 00000000000000000000000000000000
512 2 16 77 0.036484 00000000000000000000000000000000
512 2 16 78 0.037456 00000000000000000000000000000000
512 2 16 79 0.039321 00000000000000000000000000000000
512 2 16 80 0.036554 00000000000000000000000000000000
512 2 16 81 0.037070 00000000000000000000000000000000
512 2 16 82 0.035966 00000000000000000000000000000000
512 2 16 83 0.036294 00000000000000000000000000000000
512 2 16 84 0.042008 00000000000000000000000000000000
512 2 16 85 0.037202 00000000000000000000000000000000
512 2 16 86 0.038019 00000000000000000000000000000000
512 2 16 87 0.039044 00000000000000000000000000000000
512 2 16 88 0.039230 00000000000000000000000000000000
512 2 16 89 0.036590 00000000000000000000000000000000
512 2 16 90 0.036904 00000000000000000000000000000000
512 2 16 91 0.040524 00000000000000000000000000000000
512 2 16 92 0.039522 00000000000000000000000000000000
512 2 16 93 0.038213 00000000000000000000000000000000
512 2 16 94 0.037813 00000000000000000000000000000000
512 2 16 95 0.037903 00000000000000000000000000000000
512 2 16 96 0.037310 20000000000000000000000000000000
512 2 16 97 0.037519 00000000000000000000000000000000
512 2 16 98 0.037354 00000000000000000000000000000000
512 2 16 99 0.041487 00000000000000000000000000000000
512 2 32 0 0.018808 0000000000000000
512 2 32 1 0.019894 0000000000000000
512 2 32 2 0.019517 0000000000000000
512 2 32 3 0.020083 0000000000000000
512 2 32 4 0.018761 0000000000000000
512 2 32 5 0.019353 0000000000000000
512 2 32 6 0.019393 0000000000000000
512 2 32 7 0.019340 0000000000000000
512 2 32 8 0.018736 0000000000000000
512 2 32 9 0.020659 0000000000000000
512 2 32 10 0.019452 0000000000000000
512 2 32 11 0.019576 0000000000000000
512 2 32 12 0.018728 0000000000000000
512 2 32 13 0.019664 0000000000000000
512 2 32 14 0.021293 0000000000000000
512 2 32 15 0.018302 0000000000000000
512 2 32 16 0.020559 0000000000000000
512 2 32 17 0.018969 0000000000000000
512 2 32 18 0.018150 0000000000000000
512 2 32 19 0.017528 0000000000000000
512 2 32 20 0.019502 0000000000000000
512 2 32 21 0.018713 0000000000000000
512 2 32 22 0.018369 0000000000000000
512 2 32 23 0.018265 0000000000000000
512 2 32 24 0.019525 0000000000000000
512 2 32 25 0.017846 0000000000000000
512 2 32 26 0.018231 0000000000000000
512 2 32 27 0.019514 0000000000000000
512 2 32 28 0.019159 0000000000000000
512 2 32 29 0.019833 0000000000000000
512 2 32 30 0.018801 0000000000000000
512 2 32 31 0.019478 0000000000000000
512 2 32 32 0.020583 0000000000000000
512 2 32 33 0.017702 0000000000000000
512 2 32 34 0.018752 0000000000000000
512 2 32 35 0.019698 0000000000000000
512 2 32 36 0.020111 0000000000000000
512 2 32 37 0.019924 0000000000000000
512 2 32 38 0.017216 0000000000000000
512 2 32 39 0.019820 0000000000000000
512 2 32 40 0.019055 0000000000000000
512 2 32 41 0.019778 0000000000000000
512 2 32 42 0.020559 0000000000000000
512 2 32 43 0.019521 0000000000000000
512 2 32 44 0.021136 0000000000000000
512 2 32 45 0.019376 0000000000000000
512 2 32 46 0.021034 0000000000000000
512 2 32 47 0.018659 0000000000000000
512 2 32 48 0.021397 0000000000000000
512 2 32 49 0.018084 0000000000000000
512 2 32 50 0.018157 0000000000000000
512 2 32 51 0.018975 0000000000000000
512 2 32 52 0.019068 0000000000000000
512 2 32 53 0.019216 0000000000000000
512 2 32 54 0.018220 0000000000000000
512 2 32 55 0.018030 0000000000000000
512 2 32 56 0.018676 0000000000000000
512 2 32 57 0.018401 0000000000000000
512 2 32 58 0.018674 0000000000000000
512 2 32 59 0.019473 0000000000000000
512 2 32 60 0.019038 0000000000000000
512 2 32 61 0.018754 0000000000000000
512 2 32 62 0.019055 0000000000000000
512 2 32 63 0.019728 0000000000000000
512 2 32 64 0.020724 0000000000000000
512 2 32 65 0.020460 0000000000000000
512 2 32 66 0.019226 0000000000000000
512 2 32 67 0.018984 0000000000000000
512 2 32 68 0.018571 0000000000000000
512 2 32 69 0.019843 0000000000000000
512 2 32 70 0.020135 0000000000000000
512 2 32 71 0.020581 0000000000000000
512 2 32 72 0.019209 0000000000000000
512 2 32 73 0.019212 0000000000000000
512 2 32 74 0.017915 0000000000000000
512 2 32 75 0.019904 0000000000000000
512 2 32 76 0.020132 0000000000000000
512 2 32 77 0.018501 0000000000000000
512 2 32 78 0.019032 0000000000000000
512 2 32 79 0.020311 0000000000000000
512 2 32 80 0.018742 0000000000000000
512 2 32 81 0.019219 0000000000000000
512 2 32 82 0.018328 0000000000000000
512 2 32 83 0.018803 0000000000000000
512 2 32 84 0.021486 0000000000000000
512 2 32 85 0.019160 0000000000000000
512 2 32 86 0.019587 0000000000000000
512 2 32 87 0.019840 0000000000000000
512 2 32 88 0.020123 0000000000000000
512 2 32 89 0.018691 0000000000000000
512 2 32 90 0.018881 0000000000000000
512 2 32 91 0.020432 0000000000000000
512 2 32 92 0.020209 0000000000000000
512 2 32 93 0.019545 0000000000000000
512 2 32 94 0.019589 0000000000000000
512 2 32 95 0.019235 0000000000000000
512 2 32 96 0.018734 0000000000000000
512 2 32 97 0.019561 0000000000000000
512 2 32 98 0.019440 0000000000000000
512 2 32 99 0.021381 0000000000000000
512 4 8 0 0.196917 2222222222222222222222222222222222222000000000000000000000000000
512 4 8 1 0.208470 0000000000000000000000000000000000000000000000000000000000000000
512 4 8 2 0.199904 2220000000000000000000000000000000000000000000000000000000000000
512 4 8 3 0.213142 0000000000000000000000000000000000000000000000000000000000000000
512 4 8 4 0.186551 0000000000000000000000000000000000000000000000000000000000000000
512 4 8 5 0.201930 0000000000000000000000000000000000000000000000000000000000000000
512 4 8 6 0.200822 0000000000000000000000000000000000000000000000000000000000000000
512 4 8 7 0.198594 0000000000000000000000000000000000000000000000000000000000000000
512 4 8 8 0.191128 0000000000000000000000000000000000000000000000000000000000000000
512 4 8 9 0.217712 0000000000000000000000000000000000000000000000000000000000000000
512 4 8 10 0.201251 0000000000000000000000000000000000000000000000000000000000000000
512 4 8 11 0.210042 0000000000000000000000000000000000000000000000000000000000000000
512 4 8 12 0.190722 0000000000000000000000000000000000000000000000000000000000000000
512 4 8 13 0.211678 0000000000000000000000000000000000000000000000000000000000000000
512 4 8 14 0.214188 2222222222222222222222200000000000000000000000000000000000000000
512 4 8 15 0.185007 0000000000000000000000000000000000000000000000000000000000000000
512 4 8 16 0.216755 0000000000000000000000000000000000000000000000000000000000000000
512 4 8 17 0.202917 2222222222222222222222222222222222000000000000000000000000000000
512 4 8 18 0.183888 2222222222222222200000000000000000000000000000000000000000000000
512 4 8 19 0.175111 2222222222222222222220000000000000000000000000000000000000000000
512 4 8 20 0.192857 2000000000000000000000000000000000000000000000000000000000000000
512 4 8 21 0.192189 0000000000000000000000000000000000000000000000000000000000000000
512 4 8 22 0.192645 0000000000000000000000000000000000000000000000000000000000000000
512 4 8 23 0.180343 0000000000000000000000000000000000000000000000000000000000000000
512 4 8 24 0.208289 0000000000000000000000000000000000000000000000000000000000000000
512 4 8 25 0.186135 0000000000000000000000000000000000000000000000000000000000000000
512 4 8 26 0.188515 0000000000000000000000000000000000000000000000000000000000000000
512 4 8 27 0.202292 0000000000000000000000000000000000000000000000000000000000000000
512 4 8 28 0.194016 0000000000000000000000000000000000000000000000000000000000000000
512 4 8 29 0.191442 0000000000000000000000000000000000000000000000000000000000000000
512 4 8 30 0.189114 2222222222222220000000000000000000000000000000000000000000000000
512 4 8 31 0.197504 2222200000000000000000000000000000000000000000000000000000000000
512 4 8 32 0.216879 0000000000000000000000000000000000000000000000000000000000000000
512 4 8 33 0.189507 0000000000000000000000000000000000000000000000000000000000000000
512 4 8 34 0.194468 0000000000000000000000000000000000000000000000000000000000000000
512 4 8 35 0.207131 0000000000000000000000000000000000000000000000000000000000000000
512 4 8 36 0.235447 0000000000000000000000000000000000000000000000000000000000000000
512 4 8 37 0.201621 0000000000000000000000000000000000000000000000000000000000000000
512 4 8 38 0.173495 0000000000000000000000000000000000000000000000000000000000000000
512 4 8 39 0.209354 0000000000000000000000000000000000000000000000000000000000000000
512 4 8 40 0.195187 0000000000000000000000000000000000000000000000000000000000000000
512 4 8 41 0.199353 0000000000000000000000000000000000000000000000000000000000000000
512 4 8 42 0.208907 0000000000000000000000000000000000000000000000000000000000000000
512 4 8 43 0.202816 0000000000000000000000000000000000000000000000000000000000000000
512 4 8 44 0.227363 0000000000000000000000000000000000000000000000000000000000000000
512 4 8 45 0.200884 0000000000000000000000000000000000000000000000000000000000000000
512 4 8 46 0.219768 0000000000000000000000000000000000000000000000000000000000000000
512 4 8 47 0.190564 2220000000000000000000000000000000000000000000000000000000000000
512 4 8 48 0.225932 0000000000000000000000000000000000000000000000000000000000000000
512 4 8 49 0.180863 2222222000000000000000000000000000000000000000000000000000000000
512 4 8 50 0.197301 0000000000000000000000000000000000000000000000000000000000000000
512 4 8 51 0.197796 0000000000000000000000000000000000000000000000000000000000000000
512 4 8 52 0.192972 0000000000000000000000000000000000000000000000000000000000000000
512 4 8 53 0.198328 2200000000000000000000000000000000000000000000000000000000000000
512 4 8 54 0.188024 2222222222222222200000000000000000000000000000000000000000000000
512 4 8 55 0.186814 0000000000000000000000000000000000000000000000000000000000000000
512 4 8 56 0.192406 0000000000000000000000000000000000000000000000000000000000000000
512 4 8 57 0.183768 0000000000000000000000000000000000000000000000000000000000000000
512 4 8 58 0.192016 0000000000000000000000000000000000000000000000000000000000000000
512 4 8 59 0.206654 0000000000000000000000000000000000000000000000000000000000000000
512 4 8 60 0.201170 2222000000000000000000000000000000000000000000000000000000000000
512 4 8 61 0.196558 2222222222200000000000000000000000000000000000000000000000000000
512 4 8 62 0.198331 0000000000000000000000000000000000000000000000000000000000000000
512 4 8 63 0.201667 0000000000000000000000000000000000000000000000000000000000000000
512 4 8 64 0.221354 0000000000000000000000000000000000000000000000000000000000000000
512 4 8 65 0.207596 2222222222222222222222220000000000000000000000000000000000000000
512 4 8 66 0.198098 0000000000000000000000000000000000000000000000000000000000000000
512 4 8 67 0.204414 0000000000000000000000000000000000000000000000000000000000000000
512 4 8 68 0.186827 2222222222222000000000000000000000000000000000000000000000000000
512 4 8 69 0.218304 0000000000000000000000000000000000000000000000000000000000000000
512 4 8 70 0.214348 2222222220000000000000000000000000000000000000000000000000000000
512 4 8 71 0.213430 0000000000000000000000000000000000000000000000000000000000000000
512 4 8 72 0.199945 0000000000000000000000000000000000000000000000000000000000000000
512 4 8 73 0.207499 0000000000000000000000000000000000000000000000000000000000000000
512 4 8 74 0.180732 0000000000000000000000000000000000000000000000000000000000000000
512 4 8 75 0.208649 0000000000000000000000000000000000000000000000000000000000000000
512 4 8 76 0.211060 2222222200000000000000000000000000000000000000000000000000000000
512 4 8 77 0.195674 0000000000000000000000000000000000000000000000000000000000000000
512 4 8 78 0.201388 0000000000000000000000000000000000000000000000000000000000000000
512 4 8 79 0.212516 2222222222222222220000000000000000000000000000000000000000000000
512 4 8 80 0.186998 0000000000000000000000000000000000000000000000000000000000000000
512 4 8 81 0.199983 0000000000000000000000000000000000000000000000000000000000000000
512 4 8 82 0.188557 2222220000000000000000000000000000000000000000000000000000000000
512 4 8 83 0.189163 0000000000000000000000000000000000000000000000000000000000000000
512 4 8 84 0.235313 0000000000000000000000000000000000000000000000000000000000000000
512 4 8 85 0.203915 0000000000000000000000000000000000000000000000000000000000000000
512 4 8 86 0.201078 2222222222222222222222222222222222222200000000000000000000000000
512 4 8 87 0.206755 2200000000000000000000000000000000000000000000000000000000000000
512 4 8 88 0.210000 0000000000000000000000000000000000000000000000000000000000000000
512 4 8 89 0.193114 0000000000000000000000000000000000000000000000000000000000000000
512 4 8 90 0.200265 0000000000000000000000000000000000000000000000000000000000000000
512 4 8 91 0.222216 0000000000000000000000000000000000000000000000000000000000000000
512 4 8 92 0.214387 0000000000000000000000000000000000000000000000000000000000000000
512 4 8 93 0.202290 0000000000000000000000000000000000000000000000000000000000000000
512 4 8 94 0.203513 0000000000000000000000000000000000000000000000000000000000000000
512 4 8 95 0.207127 0000000000000000000000000000000000000000000000000000000000000000
512 4 8 96 0.189207 2222222000000000000000000000000000000000000000000000000000000000
512 4 8 97 0.197246 2222222222222222222222222222222222200000000000000000000000000000
512 4 8 98 0.196093 0000000000000000000000000000000000000000000000000000000000000000
512 4 8 99 0.220508 0000000000000000000000000000000000000000000000000000000000000000
512 4 16 0 0.098351 22222222222222222200000000000000
512 4 16 1 0.105400 00000000000000000000000000000000
512 4 16 2 0.101945 20000000000000000000000000000000
512 4 16 3 0.101012 00000000000000000000000000000000
512 4 16 4 0.093720 00000000000000000000000000000000
512 4 16 5 0.101081 00000000000000000000000000000000
512 4 16 6 0.101925 00000000000000000000000000000000
512 4 16 7 0.100736 00000000000000000000000000000000
512 4 16 8 0.095571 00000000000000000000000000000000
512 4 16 9 0.110665 00000000000000000000000000000000
512 4 16 10 0.105728 00000000000000000000000000000000
512 4 16 11 0.103657 00000000000000000000000000000000
512 4 16 12 0.097710 00000000000000000000000000000000
512 4 16 13 0.106322 00000000000000000000000000000000
512 4 16 14 0.109972 22222222222000000000000000000000
512 4 16 15 0.093584 00000000000000000000000000000000
512 4 16 16 0.109568 00000000000000000000000000000000
512 4 16 17 0.102314 22222222222222222000000000000000
512 4 16 18 0.091889 22222222000000000000000000000000
512 4 16 19 0.089221 22222222220000000000000000000000
512 4 16 20 0.095939 00000000000000000000000000000000
512 4 16 21 0.098044 00000000000000000000000000000000
512 4 16 22 0.098005 00000000000000000000000000000000
512 4 16 23 0.089386 00000000000000000000000000000000
512 4 16 24 0.107963 00000000000000000000000000000000
512 4 16 25 0.093166 00000000000000000000000000000000
512 4 16 26 0.096612 00000000000000000000000000000000
512 4 16 27 0.103048 00000000000000000000000000000000
512 4 16 28 0.098428 00000000000000000000000000000000
512 4 16 29 0.099039 00000000000000000000000000000000
512 4 16 30 0.095300 22222220000000000000000000000000
512 4 16 31 0.100215 22000000000000000000000000000000
512 4 16 32 0.111864 00000000000000000000000000000000
512 4 16 33 0.091571 00000000000000000000000000000000
512 4 16 34 0.098348 00000000000000000000000000000000
512 4 16 35 0.104544 00000000000000000000000000000000
512 4 16 36 0.106571 00000000000000000000000000000000
512 4 16 37 0.104310 00000000000000000000000000000000
512 4 16 38 0.087374 00000000000000000000000000000000
512 4 16 39 0.107014 00000000000000000000000000000000
512 4 16 40 0.100818 00000000000000000000000000000000
512 4 16 41 0.099450 00000000000000000000000000000000
512 4 16 42 0.107485 00000000000000000000000000000000
512 4 16 43 0.103251 00000000000000000000000000000000
512 4 16 44 0.113125 00000000000000000000000000000000
512 4 16 45 0.101984 00000000000000000000000000000000
512 4 16 46 0.114202 00000000000000000000000000000000
512 4 16 47 0.095943 20000000000000000000000000000000
512 4 16 48 0.114928 00000000000000000000000000000000
512 4 16 49 0.092354 22200000000000000000000000000000
512 4 16 50 0.092398 00000000000000000000000000000000
512 4 16 51 0.097952 00000000000000000000000000000000
512 4 16 52 0.097564 00000000000000000000000000000000
512 4 16 53 0.100526 20000000000000000000000000000000
512 4 16 54 0.095283 22222222000000000000000000000000
512 4 16 55 0.095145 00000000000000000000000000000000
512 4 16 56 0.097455 00000000000000000000000000000000
512 4 16 57 0.092709 00000000000000000000000000000000
512 4 16 58 0.097236 00000000000000000000000000000000
512 4 16 59 0.103907 00000000000000000000000000000000
512 4 16 60 0.101795 22000000000000000000000000000000
512 4 16 61 0.095939 22222000000000000000000000000000
512 4 16 62 0.104611 00000000000000000000000000000000
512 4 16 63 0.100898 00000000000000000000000000000000
512 4 16 64 0.114581 00000000000000000000000000000000
512 4 16 65 0.104425 22222222222200000000000000000000
512 4 16 66 0.101859 00000000000000000000000000000000
512 4 16 67 0.101475 00000000000000000000000000000000
512 4 16 68 0.093761 22222200000000000000000000000000
512 4 16 69 0.105944 00000000000000000000000000000000
512 4 16 70 0.107305 22220000000000000000000000000000
512 4 16 71 0.109723 00000000000000000000000000000000
512 4 16 72 0.098381 00000000000000000000000000000000
512 4 16 73 0.105496 00000000000000000000000000000000
512 4 16 74 0.091496 00000000000000000000000000000000
512 4 16 75 0.106015 00000000000000000000000000000000
512 4 16 76 0.106340 22220000000000000000000000000000
512 4 16 77 0.097305 00000000000000000000000000000000
512 4 16 78 0.102211 00000000000000000000000000000000
512 4 16 79 0.107037 22222222200000000000000000000000
512 4 16 80 0.096204 00000000000000000000000000000000
512 4 16 81 0.101264 00000000000000000000000000000000
512 4 16 82 0.094347 22200000000000000000000000000000
512 4 16 83 0.097066 00000000000000000000000000000000
512 4 16 84 0.117727 00000000000000000000000000000000
512 4 16 85 0.103322 00000000000000000000000000000000
512 4 16 86 0.101184 22222222222222222220000000000000
512 4 16 87 0.104622 20000000000000000000000000000000
512 4 16 88 0.105970 00000000000000000000000000000000
512 4 16 89 0.096703 00000000000000000000000000000000
512 4 16 90 0.101709 00000000000000000000000000000000
512 4 16 91 0.113074 00000000000000000000000000000000
512 4 16 92 0.108004 00000000000000000000000000000000
512 4 16 93 0.106523 00000000000000000000000000000000
512 4 16 94 0.102080 00000000000000000000000000000000
512 4 16 95 0.101775 00000000000000000000000000000000
512 4 16 96 0.095338 22200000000000000000000000000000
512 4 16 97 0.100512 22222222222222222000000000000000
512 4 16 98 0.101688 00000000000000000000000000000000
512 4 16 99 0.112873 00000000000000000000000000000000
512 4 32 0 0.051335 2222222220000000
512 4 32 1 0.054750 0000000000000000
512 4 32 2 0.053419 0000000000000000
512 4 32 3 0.052273 0000000000000000
512 4 32 4 0.048755 0000000000000000
512 4 32 5 0.052329 0000000000000000
512 4 32 6 0.052311 0000000000000000
512 4 32 7 0.051504 0000000000000000
512 4 32 8 0.049307 0000000000000000
512 4 32 9 0.057144 0000000000000000
512 4 32 10 0.052472 0000000000000000
512 4 32 11 0.052970 0000000000000000
512 4 32 12 0.050437 0000000000000000
512 4 32 13 0.055182 0000000000000000
512 4 32 14 0.056051 2222200000000000
512 4 32 15 0.047919 0000000000000000
512 4 32 16 0.055657 0000000000000000
512 4 32 17 0.052611 2222222200000000
512 4 32 18 0.048934 2222000000000000
512 4 32 19 0.046300 2222200000000000
512 4 32 20 0.051261 0000000000000000
512 4 32 21 0.050041 0000000000000000
512 4 32 22 0.050507 0000000000000000
512 4 32 23 0.046657 0000000000000000
512 4 32 24 0.053944 0000000000000000
512 4 32 25 0.048741 0000000000000000
512 4 32 26 0.048875 0000000000000000
512 4 32 27 0.054023 0000000000000000
512 4 32 28 0.050629 0000000000000000
512 4 32 29 0.050186 0000000000000000
512 4 32 30 0.049022 2220000000000000
512 4 32 31 0.051930 2000000000000000
512 4 32 32 0.057059 0000000000000000
512 4 32 33 0.047787 0000000000000000
512 4 32 34 0.051088 0000000000000000
512 4 32 35 0.054285 0000000000000000
512 4 32 36 0.054348 0000000000000000
512 4 32 37 0.052669 0000000000000000
512 4 32 38 0.044887 0000000000000000
512 4 32 39 0.054892 0000000000000000
512 4 32 40 0.050598 0000000000000000
512 4 32 41 0.051374 0000000000000000
512 4 32 42 0.054394 0000000000000000
512 4 32 43 0.052808 0000000000000000
512 4 32 44 0.059588 0000000000000000
512 4 32 45 0.053631 0000000000000000
512 4 32 46 0.056349 0000000000000000
512 4 32 47 0.050086 0000000000000000
512 4 32 48 0.058455 0000000000000000
512 4 32 49 0.048029 2000000000000000
512 4 32 50 0.048877 0000000000000000
512 4 32 51 0.050492 0000000000000000
512 4 32 52 0.050203 0000000000000000
512 4 32 53 0.053414 0000000000000000
512 4 32 54 0.049017 2222000000000000
512 4 32 55 0.048754 0000000000000000
512 4 32 56 0.050297 0000000000000000
512 4 32 57 0.047498 0000000000000000
512 4 32 58 0.052850 0000000000000000
512 4 32 59 0.053821 0000000000000000
512 4 32 60 0.052463 2000000000000000
512 4 32 61 0.051386 2200000000000000
512 4 32 62 0.051561 0000000000000000
512 4 32 63 0.051933 0000000000000000
512 4 32 64 0.057064 0000000000000000
512 4 32 65 0.053376 2222220000000000
512 4 32 66 0.051256 0000000000000000
512 4 32 67 0.052520 0000000000000000
512 4 32 68 0.048918 2220000000000000
512 4 32 69 0.054918 0000000000000000
512 4 32 70 0.057274 2200000000000000
512 4 32 71 0.056707 0000000000000000
512 4 32 72 0.050447 0000000000000000
512 4 32 73 0.054001 0000000000000000
512 4 32 74 0.047624 0000000000000000
512 4 32 75 0.054815 0000000000000000
512 4 32 76 0.056571 2200000000000000
512 4 32 77 0.050429 0000000000000000
512 4 32 78 0.053649 0000000000000000
512 4 32 79 0.054693 2222000000000000
512 4 32 80 0.048265 0000000000000000
512 4 32 81 0.052396 0000000000000000
512 4 32 82 0.048748 2000000000000000
512 4 32 83 0.049646 0000000000000000
512 4 32 84 0.060563 0000000000000000
512 4 32 85 0.054042 0000000000000000
512 4 32 86 0.053335 2222222220000000
512 4 32 87 0.053577 0000000000000000
512 4 32 88 0.054352 0000000000000000
512 4 32 89 0.050035 0000000000000000
512 4 32 90 0.051916 0000000000000000
512 4 32 91 0.058219 0000000000000000
512 4 32 92 0.055730 0000000000000000
512 4 32 93 0.053273 0000000000000000
512 4 32 94 0.052714 0000000000000000
512 4 32 95 0.052013 0000000000000000
512 4 32 96 0.048948 2000000000000000
512 4 32 97 0.051645 2222222200000000
512 4 32 98 0.052065 0000000000000000
512 4 32 99 0.057001 0000000000000000
512 8 16 0 0.321550 22222222222222222222222222222222
512 8 16 1 0.349639 00000000000000000000000000000000
512 8 16 2 0.335367 22222222222222222222222222222222
512 8 16 3 0.346839 00000000000000000000000000000000
512 8 16 4 0.302440 00000000000000000000000000000000
512 8 16 5 0.337499 00000000000000000000000000000000
512 8 16 6 0.348313 00000000000000000000000000000000
512 8 16 7 0.322966 00000000000000000000000000000000
512 8 16 8 0.317216 00000000000000000000000000000000
512 8 16 9 0.363476 00000000000000000000000000000000
512 8 16 10 0.325871 00000000000000000000000000000000
512 8 16 11 0.338302 00000000000000000000000000000000
512 8 16 12 0.315926 00000000000000000000000000000000
512 8 16 13 0.346869 00000000000000000000000000000000
512 8 16 14 0.346961 22222222222222222222222222222222
512 8 16 15 0.292506 00000000000000000000000000000000
512 8 16 16 0.374833 00000000000000000000000000000000
512 8 16 17 0.328496 22222222222222222222222222222222
512 8 16 18 0.299529 22222222222222222222222222222222
512 8 16 19 0.289185 22222222222222222222222222222222
512 8 16 20 0.315764 22222222222222222222222222222222
512 8 16 21 0.298400 00000000000000000000000000000000
512 8 16 22 0.306080 00000000000000000000000000000000
512 8 16 23 0.309031 00000000000000000000000000000000
512 8 16 24 0.352387 00000000000000000000000000000000
512 8 16 25 0.293582 00000000000000000000000000000000
512 8 16 26 0.302130 00000000000000000000000000000000
512 8 16 27 0.331779 00000000000000000000000000000000
512 8 16 28 0.316590 00000000000000000000000000000000
512 8 16 29 0.323755 00000000000000000000000000000000
512 8 16 30 0.321443 22222222222222222222222222222222
512 8 16 31 0.321274 22222222222222222222222222222222
512 8 16 32 0.366908 00000000000000000000000000000000
512 8 16 33 0.288149 00000000000000000000000000000000
512 8 16 34 0.320376 00000000000000000000000000000000
512 8 16 35 0.330846 00000000000000000000000000000000
512 8 16 36 0.348220 00000000000000000000000000000000
512 8 16 37 0.343207 00000000000000000000000000000000
512 8 16 38 0.271596 00000000000000000000000000000000
512 8 16 39 0.344919 00000000000000000000000000000000
512 8 16 40 0.315587 00000000000000000000000000000000
512 8 16 41 0.346674 00000000000000000000000000000000
512 8 16 42 0.351306 00000000000000000000000000000000
512 8 16 43 0.348741 00000000000000000000000000000000
512 8 16 44 0.367005 00000000000000000000000000000000
512 8 16 45 0.334389 00000000000000000000000000000000
512 8 16 46 0.360518 00000000000000000000000000000000
512 8 16 47 0.292533 22222222222222222222222222222222
512 8 16 48 0.371677 00000000000000000000000000000000
512 8 16 49 0.293846 22222222222222222222222222222222
512 8 16 50 0.293417 00000000000000000000000000000000
512 8 16 51 0.319834 00000000000000000000000000000000
512 8 16 52 0.316870 00000000000000000000000000000000
512 8 16 53 0.309009 22222222222222222222222222222222
512 8 16 54 0.303690 22222222222222222222222222222222
512 8 16 55 0.297423 00000000000000000000000000000000
512 8 16 56 0.309915 00000000000000000000000000000000
512 8 16 57 0.294238 00000000000000000000000000000000
512 8 16 58 0.305423 00000000000000000000000000000000
512 8 16 59 0.342998 00000000000000000000000000000000
512 8 16 60 0.327594 22222222222000000000000000000000
512 8 16 61 0.303168 22222222222222222222222222222222
512 8 16 62 0.333676 00000000000000000000000000000000
512 8 16 63 0.328552 00000000000000000000000000000000
512 8 16 64 0.355675 00000000000000000000000000000000
512 8 16 65 0.329003 22222222222222222222222222222222
512 8 16 66 0.311488 00000000000000000000000000000000
512 8 16 67 0.316271 00000000000000000000000000000000
512 8 16 68 0.287284 22222222222222222222222222222222
512 8 16 69 0.348551 00000000000000000000000000000000
512 8 16 70 0.336960 22222222222222222222222222222222
512 8 16 71 0.357687 00000000000000000000000000000000
512 8 16 72 0.313415 00000000000000000000000000000000
512 8 16 73 0.336208 00000000000000000000000000000000
512 8 16 74 0.289770 00000000000000000000000000000000
512 8 16 75 0.328929 00000000000000000000000000000000
512 8 16 76 0.345264 22222222222222222222222222222222
512 8 16 77 0.331395 00000000000000000000000000000000
512 8 16 78 0.363062 00000000000000000000000000000000
512 8 16 79 0.340811 22222222222222222222222222222222
512 8 16 80 0.307642 00000000000000000000000000000000
512 8 16 81 0.335176 00000000000000000000000000000000
512 8 16 82 0.320081 22222222222222222222222222222222
512 8 16 83 0.305946 00000000000000000000000000000000
512 8 16 84 0.367065 00000000000000000000000000000000
512 8 16 85 0.342421 00000000000000000000000000000000
512 8 16 86 0.324993 22222222222222222222222222222222
512 8 16 87 0.344502 22222222222222222222222222222222
512 8 16 88 0.346989 00000000000000000000000000000000
512 8 16 89 0.320271 00000000000000000000000000000000
512 8 16 90 0.314504 00000000000000000000000000000000
512 8 16 91 0.369759 00000000000000000000000000000000
512 8 16 92 0.350971 00000000000000000000000000000000
512 8 16 93 0.333042 00000000000000000000000000000000
512 8 16 94 0.343157 00000000000000000000000000000000
512 8 16 95 0.332334 00000000000000000000000000000000
512 8 16 96 0.306465 22222222222222222222222222222222
512 8 16 97 0.318296 22222222222222222222222222222222
512 8 16 98 0.327133 00000000000000000000000000000000
512 8 16 99 0.362455 00000000000000000000000000000000
512 8 32 0 0.168321 2222222222222222
512 8 32 1 0.173626 0000000000000000
512 8 32 2 0.174628 2222222222222222
512 8 32 3 0.173697 0000000000000000
512 8 32 4 0.156238 0000000000000000
512 8 32 5 0.166943 0000000000000000
512 8 32 6 0.178383 0000000000000000
512 8 32 7 0.160720 0000000000000000
512 8 32 8 0.174941 0000000000000000
512 8 32 9 0.184761 0000000000000000
512 8 32 10 0.177656 0000000000000000
512 8 32 11 0.166085 0000000000000000
512 8 32 12 0.157746 0000000000000000
512 8 32 13 0.172842 0000000000000000
512 8 32 14 0.179669 2222222222222222
512 8 32 15 0.149882 0000000000000000
512 8 32 16 0.187740 0000000000000000
512 8 32 17 0.168416 2222222222222222
512 8 32 18 0.154291 2222222222222222
512 8 32 19 0.149634 2222222222222222
512 8 32 20 0.161839 2222222222222222
512 8 32 21 0.159195 0000000000000000
512 8 32 22 0.174720 0000000000000000
512 8 32 23 0.152465 0000000000000000
512 8 32 24 0.176180 0000000000000000
512 8 32 25 0.154394 0000000000000000
512 8 32 26 0.158660 0000000000000000
512 8 32 27 0.176972 0000000000000000
512 8 32 28 0.166587 0000000000000000
512 8 32 29 0.162349 0000000000000000
512 8 32 30 0.162833 2222222222222222
512 8 32 31 0.162879 2222222222222222
512 8 32 32 0.185155 0000000000000000
512 8 32 33 0.150804 0000000000000000
512 8 32 34 0.161618 0000000000000000
512 8 32 35 0.172654 0000000000000000
512 8 32 36 0.175344 0000000000000000
512 8 32 37 0.180632 0000000000000000
512 8 32 38 0.135693 0000000000000000
512 8 32 39 0.181975 0000000000000000
512 8 32 40 0.161703 0000000000000000
512 8 32 41 0.174521 0000000000000000
512 8 32 42 0.177192 0000000000000000
512 8 32 43 0.167287 0000000000000000
512 8 32 44 0.191461 0000000000000000
512 8 32 45 0.169087 0000000000000000
512 8 32 46 0.188688 0000000000000000
512 8 32 47 0.151992 2222222222222222
512 8 32 48 0.197243 0000000000000000
512 8 32 49 0.151139 2222222222222222
512 8 32 50 0.158161 0000000000000000
512 8 32 51 0.165923 0000000000000000
512 8 32 52 0.169401 0000000000000000
512 8 32 53 0.160885 2222222222222222
512 8 32 54 0.153780 2222222222222222
512 8 32 55 0.157593 0000000000000000
512 8 32 56 0.162590 0000000000000000
512 8 32 57 0.151997 0000000000000000
512 8 32 58 0.157100 0000000000000000
512 8 32 59 0.170289 0000000000000000
512 8 32 60 0.161877 2222200000000000
512 8 32 61 0.153645 2222222222222222
512 8 32 62 0.166512 0000000000000000
512 8 32 63 0.171196 0000000000000000
512 8 32 64 0.191203 0000000000000000
512 8 32 65 0.172731 2222222222222222
512 8 32 66 0.165797 0000000000000000
512 8 32 67 0.168932 0000000000000000
512 8 32 68 0.150227 2222222222222222
512 8 32 69 0.189392 0000000000000000
512 8 32 70 0.185060 2222222222222222
512 8 32 71 0.188530 0000000000000000
512 8 32 72 0.163968 0000000000000000
512 8 32 73 0.173714 0000000000000000
512 8 32 74 0.151227 0000000000000000
512 8 32 75 0.176112 0000000000000000
512 8 32 76 0.172640 2222222222222222
512 8 32 77 0.164521 0000000000000000
512 8 32 78 0.173062 0000000000000000
512 8 32 79 0.176626 2222222222222222
512 8 32 80 0.166368 0000000000000000
512 8 32 81 0.163551 0000000000000000
512 8 32 82 0.161509 2222222222222222
512 8 32 83 0.161630 0000000000000000
512 8 32 84 0.191526 0000000000000000
512 8 32 85 0.171144 0000000000000000
512 8 32 86 0.165730 2222222222222222
512 8 32 87 0.176513 2222222222222222
512 8 32 88 0.191185 0000000000000000
512 8 32 89 0.165221 0000000000000000
512 8 32 90 0.159766 0000000000000000
512 8 32 91 0.190180 0000000000000000
512 8 32 92 0.183340 0000000000000000
512 8 32 93 0.168977 0000000000000000
512 8 32 94 0.177966 0000000000000000
512 8 32 95 0.166767 0000000000000000
512 8 32 96 0.161613 2222222222222222
512 8 32 97 0.173733 2222222222222222
512 8 32 98 0.173942 0000000000000000
512 8 32 99 0.191385 0000000000000000
