16 2 4 0 0.000434 2222
16 2 4 1 0.000298 1222
16 2 4 2 0.000443 0000
16 2 4 3 0.000392 1222
16 2 4 4 0.000419 2222
16 2 4 5 0.000411 1222
16 2 4 6 0.000427 1222
16 2 4 7 0.000489 1222
16 2 4 8 0.000417 1222
16 2 4 9 0.000327 1222
16 2 4 10 0.000433 2000
16 2 4 11 0.000446 1222
16 2 4 12 0.000366 1222
16 2 4 13 0.000407 0000
16 2 4 14 0.000472 1222
16 2 4 15 0.000500 1222
16 2 4 16 0.000465 1222
16 2 4 17 0.000434 2222
16 2 4 18 0.000405 2222
16 2 4 19 0.000410 2222
16 2 4 20 0.000536 1222
16 2 4 21 0.000569 2222
16 2 4 22 0.000378 1222
16 2 4 23 0.000364 1222
16 2 4 24 0.000489 2222
16 2 4 25 0.000343 1122
16 2 4 26 0.000318 1222
16 2 4 27 0.000438 0000
16 2 4 28 0.000468 1222
16 2 4 29 0.000418 2222
16 2 4 30 0.000459 2222
16 2 4 31 0.000518 2222
16 2 4 32 0.000438 1222
16 2 4 33 0.000362 2222
16 2 4 34 0.000527 2222
16 2 4 35 0.000443 0000
16 2 4 36 0.000444 2222
16 2 4 37 0.000509 2222
16 2 4 38 0.000464 2222
16 2 4 39 0.000365 1222
16 2 4 40 0.000285 1222
16 2 4 41 0.000443 1222
16 2 4 42 0.000330 0000
16 2 4 43 0.000544 0000
16 2 4 44 0.000577 0000
16 2 4 45 0.000412 1222
16 2 4 46 0.000490 2222
16 2 4 47 0.000337 0000
16 2 4 48 0.000407 0000
16 2 4 49 0.000367 1222
16 2 4 50 0.000365 0000
16 2 4 51 0.000479 1222
16 2 4 52 0.000397 2222
16 2 4 53 0.000276 0000
16 2 4 54 0.000451 0000
16 2 4 55 0.000535 0000
16 2 4 56 0.000455 2222
16 2 4 57 0.000338 1222
16 2 4 58 0.000479 1222
16 2 4 59 0.000502 1222
16 2 4 60 0.000546 2222
16 2 4 61 0.000449 1222
16 2 4 62 0.000499 1222
16 2 4 63 0.000350 1222
16 2 4 64 0.000492 2222
16 2 4 65 0.000410 2222
16 2 4 66 0.000513 1222
16 2 4 67 0.000524 1222
16 2 4 68 0.000354 0000
16 2 4 69 0.000428 2222
16 2 4 70 0.000321 0000
16 2 4 71 0.000547 2222
16 2 4 72 0.000617 1222
16 2 4 73 0.000389 1222
16 2 4 74 0.000381 0000
16 2 4 75 0.000238 1122
16 2 4 76 0.000438 0000
16 2 4 77 0.000515 1222
16 2 4 78 0.000390 1222
16 2 4 79 0.000410 0000
16 2 4 80 0.000542 0000
16 2 4 81 0.000439 2222
16 2 4 82 0.000623 2222
16 2 4 83 0.000443 1222
16 2 4 84 0.000403 0000
16 2 4 85 0.000563 1222
16 2 4 86 0.000474 0000
16 2 4 87 0.000479 2222
16 2 4 88 0.000567 0000
16 2 4 89 0.000569 2222
16 2 4 90 0.000369 2222
16 2 4 91 0.000505 1222
16 2 4 92 0.000483 1222
16 2 4 93 0.000509 1222
16 2 4 94 0.000509 1222
16 2 4 95 0.000477 2222
16 2 4 96 0.000428 1222
16 2 4 97 0.000559 2222
16 2 4 98 0.000416 0000
16 2 4 99 0.000495 1222
16 2 8 0 0.000282 22
16 2 8 1 0.000189 22
16 2 8 2 0.000257 00
16 2 8 3 0.000258 22
16 2 8 4 0.000269 22
16 2 8 5 0.000264 22
16 2 8 6 0.000275 22
16 2 8 7 0.000306 22
16 2 8 8 0.000272 22
16 2 8 9 0.000215 22
16 2 8 10 0.000271 00
16 2 8 11 0.000281 22
16 2 8 12 0.000237 22
16 2 8 13 0.000271 00
16 2 8 14 0.000301 22
16 2 8 15 0.000308 22
16 2 8 16 0.000300 22
16 2 8 17 0.000276 22
16 2 8 18 0.000300 22
16 2 8 19 0.000273 22
16 2 8 20 0.000343 22
16 2 8 21 0.000364 22
16 2 8 22 0.000251 22
16 2 8 23 0.000243 22
16 2 8 24 0.000293 22
16 2 8 25 0.000224 12
16 2 8 26 0.000216 22
16 2 8 27 0.000277 00
16 2 8 28 0.000302 22
16 2 8 29 0.000269 22
16 2 8 30 0.000288 22
16 2 8 31 0.000326 22
16 2 8 32 0.000277 22
16 2 8 33 0.000223 22
16 2 8 34 0.000336 22
16 2 8 35 0.000286 00
16 2 8 36 0.000280 22
16 2 8 37 0.000322 22
16 2 8 38 0.000291 22
16 2 8 39 0.000246 22
16 2 8 40 0.000194 22
16 2 8 41 0.000282 22
16 2 8 42 0.000209 00
16 2 8 43 0.000355 00
16 2 8 44 0.000356 00
16 2 8 45 0.000270 22
16 2 8 46 0.000304 22
16 2 8 47 0.000214 00
16 2 8 48 0.000267 00
16 2 8 49 0.000235 22
16 2 8 50 0.000235 00
16 2 8 51 0.000324 22
16 2 8 52 0.000252 22
16 2 8 53 0.000169 00
16 2 8 54 0.000288 00
16 2 8 55 0.000347 00
16 2 8 56 0.000287 00
16 2 8 57 0.000222 22
16 2 8 58 0.000308 22
16 2 8 59 0.000319 22
16 2 8 60 0.000360 22
16 2 8 61 0.000291 22
16 2 8 62 0.000315 22
16 2 8 63 0.000227 22
16 2 8 64 0.000318 22
16 2 8 65 0.000266 22
16 2 8 66 0.000330 22
16 2 8 67 0.000328 22
16 2 8 68 0.000244 00
16 2 8 69 0.000274 22
16 2 8 70 0.000214 00
16 2 8 71 0.000346 22
16 2 8 72 0.000387 22
16 2 8 73 0.000257 22
16 2 8 74 0.000251 00
16 2 8 75 0.000162 12
16 2 8 76 0.000288 00
16 2 8 77 0.000327 22
16 2 8 78 0.000250 22
16 2 8 79 0.000267 00
16 2 8 80 0.000336 00
16 2 8 81 0.000280 22
16 2 8 82 0.000371 22
16 2 8 83 0.000281 22
16 2 8 84 0.000258 00
16 2 8 85 0.000349 22
16 2 8 86 0.000306 00
16 2 8 87 0.000301 22
16 2 8 88 0.000372 00
16 2 8 89 0.000352 22
16 2 8 90 0.000251 22
16 2 8 91 0.000355 22
16 2 8 92 0.000312 22
16 2 8 93 0.000320 22
16 2 8 94 0.000318 22
16 2 8 95 0.000306 22
16 2 8 96 0.000269 22
16 2 8 97 0.000356 22
16 2 8 98 0.000268 00
16 2 8 99 0.000318 22
16 2 16 0 0.000209 2
16 2 16 1 0.000145 2
16 2 16 2 0.000196 0
16 2 16 3 0.000185 2
16 2 16 4 0.000198 2
16 2 16 5 0.000182 2
16 2 16 6 0.000198 2
16 2 16 7 0.000215 2
16 2 16 8 0.000199 2
16 2 16 9 0.000166 2
16 2 16 10 0.000186 0
16 2 16 11 0.000197 2
16 2 16 12 0.000174 2
16 2 16 13 0.000203 0
16 2 16 14 0.000215 2
16 2 16 15 0.000211 2
16 2 16 16 0.000211 2
16 2 16 17 0.000195 2
16 2 16 18 0.000192 2
16 2 16 19 0.000199 2
16 2 16 20 0.000241 2
16 2 16 21 0.000245 2
16 2 16 22 0.000175 2
16 2 16 23 0.000185 2
16 2 16 24 0.000199 2
16 2 16 25 0.000172 2
16 2 16 26 0.000150 2
16 2 16 27 0.000194 0
16 2 16 28 0.000208 2
16 2 16 29 0.000193 2
16 2 16 30 0.000202 2
16 2 16 31 0.000227 2
16 2 16 32 0.000195 2
16 2 16 33 0.000158 2
16 2 16 34 0.000225 2
16 2 16 35 0.000191 0
16 2 16 36 0.000198 2
16 2 16 37 0.000211 2
16 2 16 38 0.000213 2
16 2 16 39 0.000186 2
16 2 16 40 0.000138 2
16 2 16 41 0.000199 2
16 2 16 42 0.000155 0
16 2 16 43 0.000234 0
16 2 16 44 0.000244 0
16 2 16 45 0.000192 2
16 2 16 46 0.000216 2
16 2 16 47 0.000161 0
16 2 16 48 0.000207 0
16 2 16 49 0.000179 2
16 2 16 50 0.000184 0
16 2 16 51 0.000217 2
16 2 16 52 0.000178 2
16 2 16 53 0.000137 0
16 2 16 54 0.000201 0
16 2 16 55 0.000259 0
16 2 16 56 0.000210 0
16 2 16 57 0.000167 2
16 2 16 58 0.000222 2
16 2 16 59 0.000220 2
16 2 16 60 0.000234 2
16 2 16 61 0.000199 2
16 2 16 62 0.000216 2
16 2 16 63 0.000183 2
16 2 16 64 0.000212 2
16 2 16 65 0.000212 2
16 2 16 66 0.000217 2
16 2 16 67 0.000223 2
16 2 16 68 0.000180 0
16 2 16 69 0.000171 2
16 2 16 70 0.000153 0
16 2 16 71 0.000247 2
16 2 16 72 0.000263 2
16 2 16 73 0.000182 2
16 2 16 74 0.000188 0
16 2 16 75 0.000129 2
16 2 16 76 0.000204 0
16 2 16 77 0.000227 2
16 2 16 78 0.000190 2
16 2 16 79 0.000185 0
16 2 16 80 0.000233 0
16 2 16 81 0.000209 2
16 2 16 82 0.000250 2
16 2 16 83 0.000207 2
16 2 16 84 0.000187 0
16 2 16 85 0.000251 2
16 2 16 86 0.000215 0
16 2 16 87 0.000204 2
16 2 16 88 0.000254 0
16 2 16 89 0.000240 2
16 2 16 90 0.000194 2
16 2 16 91 0.000220 2
16 2 16 92 0.000203 2
16 2 16 93 0.000226 2
16 2 16 94 0.000223 2
16 2 16 95 0.000208 2
16 2 16 96 0.000201 2
16 2 16 97 0.000244 2
16 2 16 98 0.000200 0
16 2 16 99 0.000229 2
16 4 8 0 0.000412 22
16 4 8 1 0.000199 22
16 4 8 2 0.000326 00
16 4 8 3 0.000321 22
16 4 8 4 0.000365 22
16 4 8 5 0.000385 22
16 4 8 6 0.000364 22
16 4 8 7 0.000501 22
16 4 8 8 0.000422 22
16 4 8 9 0.000241 22
16 4 8 10 0.000323 22
16 4 8 11 0.000311 22
16 4 8 12 0.000245 22
16 4 8 13 0.000394 00
16 4 8 14 0.000394 22
16 4 8 15 0.000400 22
16 4 8 16 0.000415 22
16 4 8 17 0.000342 22
16 4 8 18 0.000353 22
16 4 8 19 0.000325 22
16 4 8 20 0.000487 22
16 4 8 21 0.000538 22
16 4 8 22 0.000232 22
16 4 8 23 0.000302 22
16 4 8 24 0.000345 22
16 4 8 25 0.000259 12
16 4 8 26 0.000164 22
16 4 8 27 0.000428 00
16 4 8 28 0.000424 22
16 4 8 29 0.000352 22
16 4 8 30 0.000439 22
16 4 8 31 0.000451 22
16 4 8 32 0.000390 22
16 4 8 33 0.000217 22
16 4 8 34 0.000508 22
16 4 8 35 0.000421 00
16 4 8 36 0.000359 22
16 4 8 37 0.000406 22
16 4 8 38 0.000478 22
16 4 8 39 0.000331 22
16 4 8 40 0.000185 22
16 4 8 41 0.000416 22
16 4 8 42 0.000239 00
16 4 8 43 0.000571 00
16 4 8 44 0.000590 00
16 4 8 45 0.000289 22
16 4 8 46 0.000317 22
16 4 8 47 0.000227 00
16 4 8 48 0.000362 00
16 4 8 49 0.000277 22
16 4 8 50 0.000232 00
16 4 8 51 0.000501 22
16 4 8 52 0.000368 22
16 4 8 53 0.000224 00
16 4 8 54 0.000394 00
16 4 8 55 0.000468 00
16 4 8 56 0.000351 22
16 4 8 57 0.000259 22
16 4 8 58 0.000507 22
16 4 8 59 0.000423 22
16 4 8 60 0.000569 22
16 4 8 61 0.000470 22
16 4 8 62 0.000520 22
16 4 8 63 0.000285 22
16 4 8 64 0.000376 22
16 4 8 65 0.000364 22
16 4 8 66 0.000446 22
16 4 8 67 0.000483 22
16 4 8 68 0.000247 00
16 4 8 69 0.000250 22
16 4 8 70 0.000262 00
16 4 8 71 0.000463 22
16 4 8 72 0.000661 22
16 4 8 73 0.000282 22
16 4 8 74 0.000343 00
16 4 8 75 0.000160 12
16 4 8 76 0.000380 00
16 4 8 77 0.000428 22
16 4 8 78 0.000315 22
16 4 8 79 0.000359 00
16 4 8 80 0.000499 00
16 4 8 81 0.000384 22
16 4 8 82 0.000615 22
16 4 8 83 0.000394 22
16 4 8 84 0.000328 00
16 4 8 85 0.000523 22
16 4 8 86 0.000424 00
16 4 8 87 0.000361 22
16 4 8 88 0.000563 00
16 4 8 89 0.000618 22
16 4 8 90 0.000333 22
16 4 8 91 0.000446 22
16 4 8 92 0.000389 22
16 4 8 93 0.000540 22
16 4 8 94 0.000433 22
16 4 8 95 0.000348 22
16 4 8 96 0.000360 22
16 4 8 97 0.000590 22
16 4 8 98 0.000359 00
16 4 8 99 0.000551 22
16 4 16 0 0.000323 2
16 4 16 1 0.000165 2
16 4 16 2 0.000268 0
16 4 16 3 0.000242 2
16 4 16 4 0.000284 2
16 4 16 5 0.000376 2
16 4 16 6 0.000285 2
16 4 16 7 0.000346 2
16 4 16 8 0.000324 2
16 4 16 9 0.000193 2
16 4 16 10 0.000246 2
16 4 16 11 0.000205 2
16 4 16 12 0.000200 2
16 4 16 13 0.000305 0
16 4 16 14 0.000295 2
16 4 16 15 0.000293 2
16 4 16 16 0.000277 2
16 4 16 17 0.000277 2
16 4 16 18 0.000262 2
16 4 16 19 0.000250 2
16 4 16 20 0.000378 2
16 4 16 21 0.000356 2
16 4 16 22 0.000187 2
16 4 16 23 0.000256 2
16 4 16 24 0.000250 2
16 4 16 25 0.000228 2
16 4 16 26 0.000129 2
16 4 16 27 0.000304 0
16 4 16 28 0.000302 2
16 4 16 29 0.000278 2
16 4 16 30 0.000309 2
16 4 16 31 0.000311 2
16 4 16 32 0.000294 2
16 4 16 33 0.000167 2
16 4 16 34 0.000360 2
16 4 16 35 0.000304 0
16 4 16 36 0.000271 2
16 4 16 37 0.000297 2
16 4 16 38 0.000358 2
16 4 16 39 0.000265 2
16 4 16 40 0.000131 2
16 4 16 41 0.000282 2
16 4 16 42 0.000195 0
16 4 16 43 0.000405 0
16 4 16 44 0.000404 0
16 4 16 45 0.000275 2
16 4 16 46 0.000247 2
16 4 16 47 0.000185 0
16 4 16 48 0.000297 0
16 4 16 49 0.000218 2
16 4 16 50 0.000196 0
16 4 16 51 0.000372 2
16 4 16 52 0.000267 2
16 4 16 53 0.000185 0
16 4 16 54 0.000292 0
16 4 16 55 0.000339 0
16 4 16 56 0.000294 2
16 4 16 57 0.000222 2
16 4 16 58 0.000394 2
16 4 16 59 0.000324 2
16 4 16 60 0.000410 2
16 4 16 61 0.000339 2
16 4 16 62 0.000390 2
16 4 16 63 0.000256 2
16 4 16 64 0.000272 2
16 4 16 65 0.000290 2
16 4 16 66 0.000326 2
16 4 16 67 0.000351 2
16 4 16 68 0.000207 0
16 4 16 69 0.000165 2
16 4 16 70 0.000198 0
16 4 16 71 0.000371 2
16 4 16 72 0.000481 2
16 4 16 73 0.000209 2
16 4 16 74 0.000279 0
16 4 16 75 0.000140 2
16 4 16 76 0.000263 0
16 4 16 77 0.000323 2
16 4 16 78 0.000272 2
16 4 16 79 0.000242 0
16 4 16 80 0.000377 0
16 4 16 81 0.000318 2
16 4 16 82 0.000435 2
16 4 16 83 0.000320 2
16 4 16 84 0.000255 0
16 4 16 85 0.000395 2
16 4 16 86 0.000309 0
16 4 16 87 0.000282 2
16 4 16 88 0.000385 0
16 4 16 89 0.000430 2
16 4 16 90 0.000265 2
16 4 16 91 0.000329 2
16 4 16 92 0.000292 2
16 4 16 93 0.000418 2
16 4 16 94 0.000332 2
16 4 16 95 0.000249 2
16 4 16 96 0.000288 2
16 4 16 97 0.000417 2
16 4 16 98 0.000290 0
16 4 16 99 0.000420 2
16 8 16 0 0.000449 2
16 8 16 1 0.000163 2
16 8 16 2 0.000350 0
16 8 16 3 0.000317 2
16 8 16 4 0.000380 2
16 8 16 5 0.000314 2
16 8 16 6 0.000364 2
16 8 16 7 0.000471 2
16 8 16 8 0.000413 2
16 8 16 9 0.000233 2
16 8 16 10 0.000327 2
16 8 16 11 0.000259 2
16 8 16 12 0.000205 2
16 8 16 13 0.000450 0
16 8 16 14 0.000386 2
16 8 16 15 0.000391 2
16 8 16 16 0.000338 2
16 8 16 17 0.000342 2
16 8 16 18 0.000297 2
16 8 16 19 0.000336 2
16 8 16 20 0.000554 2
16 8 16 21 0.000534 2
16 8 16 22 0.000264 2
16 8 16 23 0.000318 2
16 8 16 24 0.000230 2
16 8 16 25 0.000282 2
16 8 16 26 0.000150 2
16 8 16 27 0.000268 0
16 8 16 28 0.000408 2
16 8 16 29 0.000401 2
16 8 16 30 0.000339 2
16 8 16 31 0.000388 2
16 8 16 32 0.000414 2
16 8 16 33 0.000194 2
16 8 16 34 0.000410 2
16 8 16 35 0.000389 0
16 8 16 36 0.000318 2
16 8 16 37 0.000320 2
16 8 16 38 0.000398 2
16 8 16 39 0.000268 2
16 8 16 40 0.000133 2
16 8 16 41 0.000355 2
16 8 16 42 0.000255 0
16 8 16 43 0.000662 0
16 8 16 44 0.000586 0
16 8 16 45 0.000266 2
16 8 16 46 0.000315 2
16 8 16 47 0.000192 0
16 8 16 48 0.000299 0
16 8 16 49 0.000246 2
16 8 16 50 0.000231 0
16 8 16 51 0.000514 2
16 8 16 52 0.000350 2
16 8 16 53 0.000204 0
16 8 16 54 0.000322 0
16 8 16 55 0.000482 0
16 8 16 56 0.000327 2
16 8 16 57 0.000273 2
16 8 16 58 0.000528 2
16 8 16 59 0.000461 2
16 8 16 60 0.000581 2
16 8 16 61 0.000426 2
16 8 16 62 0.000460 2
16 8 16 63 0.000324 2
16 8 16 64 0.000313 2
16 8 16 65 0.000314 2
16 8 16 66 0.000428 2
16 8 16 67 0.000464 2
16 8 16 68 0.000237 0
16 8 16 69 0.000197 2
16 8 16 70 0.000231 0
16 8 16 71 0.000591 2
16 8 16 72 0.000709 2
16 8 16 73 0.000274 2
16 8 16 74 0.000309 0
16 8 16 75 0.000153 2
16 8 16 76 0.000388 0
16 8 16 77 0.000440 2
16 8 16 78 0.000378 2
16 8 16 79 0.000316 0
16 8 16 80 0.000476 0
16 8 16 81 0.000429 2
16 8 16 82 0.000631 2
16 8 16 83 0.000404 2
16 8 16 84 0.000328 0
16 8 16 85 0.000587 2
16 8 16 86 0.000342 0
16 8 16 87 0.000289 2
16 8 16 88 0.000584 0
16 8 16 89 0.000679 2
16 8 16 90 0.000314 2
16 8 16 91 0.000394 2
16 8 16 92 0.000344 2
16 8 16 93 0.000624 2
16 8 16 94 0.000474 2
16 8 16 95 0.000318 2
16 8 16 96 0.000332 2
16 8 16 97 0.000420 2
16 8 16 98 0.000376 0
16 8 16 99 0.000655 2
32 2 4 0 0.001794 00000000
32 2 4 1 0.001807 00000000
32 2 4 2 0.002029 22222222
32 2 4 3 0.002117 00000000
32 2 4 4 0.002167 12222222
32 2 4 5 0.001937 00000000
32 2 4 6 0.002185 12222222
32 2 4 7 0.001530 00000000
32 2 4 8 0.001748 12222222
32 2 4 9 0.001928 22222222
32 2 4 10 0.001815 00000000
32 2 4 11 0.002511 22222222
32 2 4 12 0.001812 00000000
32 2 4 13 0.002174 12222222
32 2 4 14 0.001957 12222222
32 2 4 15 0.001891 12222222
32 2 4 16 0.002022 12222222
32 2 4 17 0.001903 12222222
32 2 4 18 0.001690 12222222
32 2 4 19 0.002359 22222222
32 2 4 20 0.001849 00000000
32 2 4 21 0.002008 12222222
32 2 4 22 0.002196 22222222
32 2 4 23 0.002107 12222222
32 2 4 24 0.001970 12222222
32 2 4 25 0.001655 00000000
32 2 4 26 0.001924 12222222
32 2 4 27 0.001521 22222222
32 2 4 28 0.001968 22222222
32 2 4 29 0.002383 22222222
32 2 4 30 0.001860 12222222
32 2 4 31 0.002029 12222222
32 2 4 32 0.001724 22222222
32 2 4 33 0.001628 22222222
32 2 4 34 0.002087 12222222
32 2 4 35 0.002002 22222222
32 2 4 36 0.002061 12222222
32 2 4 37 0.001563 22222222
32 2 4 38 0.001833 12222222
32 2 4 39 0.001413 00000000
32 2 4 40 0.001905 12222222
32 2 4 41 0.002000 22222222
32 2 4 42 0.001973 12222222
32 2 4 43 0.002061 12222222
32 2 4 44 0.002008 00000000
32 2 4 45 0.002044 12222222
32 2 4 46 0.001921 12222222
32 2 4 47 0.001764 22222222
32 2 4 48 0.001645 22222222
32 2 4 49 0.001850 22222222
32 2 4 50 0.002169 00000000
32 2 4 51 0.001837 12222222
32 2 4 52 0.001616 22222222
32 2 4 53 0.001784 12222222
32 2 4 54 0.001643 12222222
32 2 4 55 0.001831 00000000
32 2 4 56 0.001853 12222222
32 2 4 57 0.002361 12222222
32 2 4 58 0.002208 12222222
32 2 4 59 0.001915 00000000
32 2 4 60 0.001928 22222222
32 2 4 61 0.001802 12222222
32 2 4 62 0.001859 00000000
32 2 4 63 0.001682 12222222
32 2 4 64 0.001632 22222222
32 2 4 65 0.001996 00000000
32 2 4 66 0.001869 12222222
32 2 4 67 0.001935 22222222
32 2 4 68 0.001698 22222222
32 2 4 69 0.001850 12222222
32 2 4 70 0.001706 00000000
32 2 4 71 0.001780 12222222
32 2 4 72 0.001788 12222222
32 2 4 73 0.002117 12222222
32 2 4 74 0.002023 12222220
32 2 4 75 0.001985 12222222
32 2 4 76 0.001979 12222222
32 2 4 77 0.002158 12222222
32 2 4 78 0.001826 22222222
32 2 4 79 0.001928 12222222
32 2 4 80 0.001581 12222222
32 2 4 81 0.002126 00000000
32 2 4 82 0.001907 12222222
32 2 4 83 0.001934 00000000
32 2 4 84 0.001960 12222222
32 2 4 85 0.001869 12222222
32 2 4 86 0.001997 12222222
32 2 4 87 0.001786 12000000
32 2 4 88 0.001938 00000000
32 2 4 89 0.001872 12222222
32 2 4 90 0.001806 22222222
32 2 4 91 0.002075 12222222
32 2 4 92 0.001785 12222222
32 2 4 93 0.001935 00000000
32 2 4 94 0.001822 12222222
32 2 4 95 0.001488 11222222
32 2 4 96 0.001798 12222222
32 2 4 97 0.002041 11222222
32 2 4 98 0.002265 12222222
32 2 4 99 0.001848 11222222
32 2 8 0 0.001045 0000
32 2 8 1 0.001025 0000
32 2 8 2 0.001132 2222
32 2 8 3 0.001183 0000
32 2 8 4 0.001189 2222
32 2 8 5 0.001095 0000
32 2 8 6 0.001231 2222
32 2 8 7 0.000878 0000
32 2 8 8 0.000981 2222
32 2 8 9 0.001078 2222
32 2 8 10 0.000985 0000
32 2 8 11 0.001104 2222
32 2 8 12 0.001015 0000
32 2 8 13 0.001232 2222
32 2 8 14 0.001083 2222
32 2 8 15 0.001082 2222
32 2 8 16 0.001144 2222
32 2 8 17 0.001082 2222
32 2 8 18 0.000966 2222
32 2 8 19 0.001293 2222
32 2 8 20 0.000951 0000
32 2 8 21 0.001128 2222
32 2 8 22 0.001250 2222
32 2 8 23 0.001200 2222
32 2 8 24 0.001119 2222
32 2 8 25 0.000936 0000
32 2 8 26 0.001094 2222
32 2 8 27 0.000873 2222
32 2 8 28 0.001114 2222
32 2 8 29 0.001341 2222
32 2 8 30 0.001072 2222
32 2 8 31 0.001191 2222
32 2 8 32 0.000979 2222
32 2 8 33 0.000924 2222
32 2 8 34 0.001165 2222
32 2 8 35 0.001154 2222
32 2 8 36 0.001223 2222
32 2 8 37 0.000844 2222
32 2 8 38 0.001037 2222
32 2 8 39 0.000760 0000
32 2 8 40 0.001049 2222
32 2 8 41 0.001168 2222
32 2 8 42 0.001122 2222
32 2 8 43 0.001171 2222
32 2 8 44 0.001137 0000
32 2 8 45 0.001157 2222
32 2 8 46 0.001083 2222
32 2 8 47 0.001009 2222
32 2 8 48 0.000926 2222
32 2 8 49 0.001043 2222
32 2 8 50 0.001258 0000
32 2 8 51 0.001031 2222
32 2 8 52 0.000927 2222
32 2 8 53 0.001015 2222
32 2 8 54 0.000933 2222
32 2 8 55 0.001046 0000
32 2 8 56 0.001050 2222
32 2 8 57 0.001327 2222
32 2 8 58 0.001248 2222
32 2 8 59 0.001076 0000
32 2 8 60 0.001141 2222
32 2 8 61 0.001082 2222
32 2 8 62 0.001077 0000
32 2 8 63 0.000954 2222
32 2 8 64 0.000944 2222
32 2 8 65 0.001111 0000
32 2 8 66 0.001032 2222
32 2 8 67 0.001090 2222
32 2 8 68 0.000953 2222
32 2 8 69 0.001052 2222
32 2 8 70 0.000953 0000
32 2 8 71 0.001023 2222
32 2 8 72 0.001016 2222
32 2 8 73 0.001233 2222
32 2 8 74 0.001134 2220
32 2 8 75 0.001110 2222
32 2 8 76 0.001128 2222
32 2 8 77 0.001224 2222
32 2 8 78 0.001010 2222
32 2 8 79 0.001084 2222
32 2 8 80 0.000904 2222
32 2 8 81 0.001173 0000
32 2 8 82 0.001076 2222
32 2 8 83 0.001086 0000
32 2 8 84 0.001134 2222
32 2 8 85 0.001079 2222
32 2 8 86 0.001125 2222
32 2 8 87 0.001012 2000
32 2 8 88 0.001082 0000
32 2 8 89 0.001054 2222
32 2 8 90 0.001044 2222
32 2 8 91 0.001164 2222
32 2 8 92 0.001007 2222
32 2 8 93 0.001054 0000
32 2 8 94 0.001018 2222
32 2 8 95 0.000840 1222
32 2 8 96 0.001047 2222
32 2 8 97 0.001130 1222
32 2 8 98 0.001302 2222
32 2 8 99 0.001052 1222
32 2 16 0 0.000633 00
32 2 16 1 0.000619 00
32 2 16 2 0.000670 22
32 2 16 3 0.000705 00
32 2 16 4 0.000715 22
32 2 16 5 0.000673 00
32 2 16 6 0.000733 22
32 2 16 7 0.000547 00
32 2 16 8 0.000632 22
32 2 16 9 0.000663 22
32 2 16 10 0.000604 00
32 2 16 11 0.000695 22
32 2 16 12 0.000617 00
32 2 16 13 0.000734 22
32 2 16 14 0.000673 22
32 2 16 15 0.000677 22
32 2 16 16 0.000718 22
32 2 16 17 0.000697 22
32 2 16 18 0.000613 22
32 2 16 19 0.000786 22
32 2 16 20 0.000603 00
32 2 16 21 0.000684 22
32 2 16 22 0.000734 22
32 2 16 23 0.000717 22
32 2 16 24 0.000673 22
32 2 16 25 0.000595 00
32 2 16 26 0.000672 22
32 2 16 27 0.000550 22
32 2 16 28 0.000710 22
32 2 16 29 0.000800 22
32 2 16 30 0.000661 22
32 2 16 31 0.000699 22
32 2 16 32 0.000602 22
32 2 16 33 0.000581 22
32 2 16 34 0.000719 22
32 2 16 35 0.000689 22
32 2 16 36 0.000724 22
32 2 16 37 0.000539 22
32 2 16 38 0.000645 22
32 2 16 39 0.000462 00
32 2 16 40 0.000657 22
32 2 16 41 0.000679 22
32 2 16 42 0.000683 22
32 2 16 43 0.000714 22
32 2 16 44 0.000672 00
32 2 16 45 0.000711 22
32 2 16 46 0.000666 22
32 2 16 47 0.000620 22
32 2 16 48 0.000569 22
32 2 16 49 0.000662 22
32 2 16 50 0.000732 00
32 2 16 51 0.000639 22
32 2 16 52 0.000575 22
32 2 16 53 0.000635 22
32 2 16 54 0.000568 22
32 2 16 55 0.000631 00
32 2 16 56 0.000654 22
32 2 16 57 0.000794 22
32 2 16 58 0.000745 22
32 2 16 59 0.000654 00
32 2 16 60 0.000696 22
32 2 16 61 0.000649 22
32 2 16 62 0.000654 00
32 2 16 63 0.000591 22
32 2 16 64 0.000578 22
32 2 16 65 0.000696 00
32 2 16 66 0.000632 22
32 2 16 67 0.000679 22
32 2 16 68 0.000588 22
32 2 16 69 0.000645 22
32 2 16 70 0.000581 00
32 2 16 71 0.000639 22
32 2 16 72 0.000631 22
32 2 16 73 0.000738 22
32 2 16 74 0.000677 20
32 2 16 75 0.000658 22
32 2 16 76 0.000699 22
32 2 16 77 0.000739 22
32 2 16 78 0.000620 22
32 2 16 79 0.000653 22
32 2 16 80 0.000569 22
32 2 16 81 0.000723 00
32 2 16 82 0.000677 22
32 2 16 83 0.000650 00
32 2 16 84 0.000681 22
32 2 16 85 0.000649 22
32 2 16 86 0.000688 22
32 2 16 87 0.000603 00
32 2 16 88 0.000653 00
32 2 16 89 0.000635 22
32 2 16 90 0.000631 22
32 2 16 91 0.000706 22
32 2 16 92 0.000604 22
32 2 16 93 0.000625 00
32 2 16 94 0.000633 22
32 2 16 95 0.000498 22
32 2 16 96 0.000619 22
32 2 16 97 0.000703 22
32 2 16 98 0.000769 22
32 2 16 99 0.000654 22
32 2 32 0 0.000438 0
32 2 32 1 0.000431 0
32 2 32 2 0.000462 2
32 2 32 3 0.000476 0
32 2 32 4 0.000469 2
32 2 32 5 0.000447 0
32 2 32 6 0.000512 2
32 2 32 7 0.000378 0
32 2 32 8 0.000450 2
32 2 32 9 0.000466 2
32 2 32 10 0.000423 0
32 2 32 11 0.000471 2
32 2 32 12 0.000446 0
32 2 32 13 0.000472 2
32 2 32 14 0.000448 2
32 2 32 15 0.000465 2
32 2 32 16 0.000493 2
32 2 32 17 0.000490 2
32 2 32 18 0.000438 2
32 2 32 19 0.000543 2
32 2 32 20 0.000438 0
32 2 32 21 0.000463 2
32 2 32 22 0.000507 2
32 2 32 23 0.000479 2
32 2 32 24 0.000459 2
32 2 32 25 0.000417 0
32 2 32 26 0.000468 2
32 2 32 27 0.000372 2
32 2 32 28 0.000483 2
32 2 32 29 0.000523 2
32 2 32 30 0.000452 2
32 2 32 31 0.000489 2
32 2 32 32 0.000404 2
32 2 32 33 0.000402 2
32 2 32 34 0.000504 2
32 2 32 35 0.000462 2
32 2 32 36 0.000487 2
32 2 32 37 0.000392 2
32 2 32 38 0.000445 2
32 2 32 39 0.000335 0
32 2 32 40 0.000450 2
32 2 32 41 0.000455 2
32 2 32 42 0.000470 2
32 2 32 43 0.000488 2
32 2 32 44 0.000452 0
32 2 32 45 0.000509 2
32 2 32 46 0.000469 2
32 2 32 47 0.000448 2
32 2 32 48 0.000392 2
32 2 32 49 0.000463 2
32 2 32 50 0.000483 0
32 2 32 51 0.000432 2
32 2 32 52 0.000409 2
32 2 32 53 0.000434 2
32 2 32 54 0.000407 2
32 2 32 55 0.000413 0
32 2 32 56 0.000446 2
32 2 32 57 0.000527 2
32 2 32 58 0.000507 2
32 2 32 59 0.000438 0
32 2 32 60 0.000499 2
32 2 32 61 0.000442 2
32 2 32 62 0.000472 0
32 2 32 63 0.000413 2
32 2 32 64 0.000402 2
32 2 32 65 0.000471 0
32 2 32 66 0.000427 2
32 2 32 67 0.000459 2
32 2 32 68 0.000397 2
32 2 32 69 0.000448 2
32 2 32 70 0.000389 0
32 2 32 71 0.000444 2
32 2 32 72 0.000431 2
32 2 32 73 0.000498 2
32 2 32 74 0.000466 0
32 2 32 75 0.000436 2
32 2 32 76 0.000493 2
32 2 32 77 0.000509 2
32 2 32 78 0.000433 2
32 2 32 79 0.000446 2
32 2 32 80 0.000403 2
32 2 32 81 0.000487 0
32 2 32 82 0.000471 2
32 2 32 83 0.000442 0
32 2 32 84 0.000481 2
32 2 32 85 0.000433 2
32 2 32 86 0.000458 2
32 2 32 87 0.000415 0
32 2 32 88 0.000452 0
32 2 32 89 0.000436 2
32 2 32 90 0.000435 2
32 2 32 91 0.000499 2
32 2 32 92 0.000412 2
32 2 32 93 0.000439 0
32 2 32 94 0.000450 2
32 2 32 95 0.000354 2
32 2 32 96 0.000442 2
32 2 32 97 0.000485 2
32 2 32 98 0.000518 2
32 2 32 99 0.000462 2
32 4 8 0 0.001594 0000
32 4 8 1 0.001572 0000
32 4 8 2 0.001663 2222
32 4 8 3 0.001774 0000
32 4 8 4 0.001941 2222
32 4 8 5 0.001510 0000
32 4 8 6 0.002068 2222
32 4 8 7 0.000968 0000
32 4 8 8 0.001267 2222
32 4 8 9 0.001459 2222
32 4 8 10 0.001486 0000
32 4 8 11 0.001896 2222
32 4 8 12 0.001252 0000
32 4 8 13 0.002155 2222
32 4 8 14 0.001611 2222
32 4 8 15 0.001730 2222
32 4 8 16 0.001868 2222
32 4 8 17 0.001643 2222
32 4 8 18 0.001421 2222
32 4 8 19 0.002108 2222
32 4 8 20 0.001350 0000
32 4 8 21 0.001768 2222
32 4 8 22 0.001916 2222
32 4 8 23 0.001778 2222
32 4 8 24 0.001627 2222
32 4 8 25 0.001285 0000
32 4 8 26 0.001686 2222
32 4 8 27 0.001075 2222
32 4 8 28 0.001847 2222
32 4 8 29 0.002261 2222
32 4 8 30 0.001522 2222
32 4 8 31 0.001652 2222
32 4 8 32 0.001452 2222
32 4 8 33 0.001249 2222
32 4 8 34 0.001812 2222
32 4 8 35 0.001770 2222
32 4 8 36 0.001897 2222
32 4 8 37 0.001187 2222
32 4 8 38 0.001616 2222
32 4 8 39 0.001024 0000
32 4 8 40 0.001473 2222
32 4 8 41 0.001655 2222
32 4 8 42 0.001753 2222
32 4 8 43 0.001738 2222
32 4 8 44 0.001774 0000
32 4 8 45 0.001902 2222
32 4 8 46 0.001808 2222
32 4 8 47 0.001407 2222
32 4 8 48 0.001188 2222
32 4 8 49 0.001605 2222
32 4 8 50 0.001950 0000
32 4 8 51 0.001545 2222
32 4 8 52 0.001209 2222
32 4 8 53 0.001610 2222
32 4 8 54 0.001206 2222
32 4 8 55 0.001474 0000
32 4 8 56 0.001620 2222
32 4 8 57 0.002290 2222
32 4 8 58 0.002076 2222
32 4 8 59 0.001514 0000
32 4 8 60 0.001885 2222
32 4 8 61 0.001646 2222
32 4 8 62 0.001590 0000
32 4 8 63 0.001332 2222
32 4 8 64 0.001394 2222
32 4 8 65 0.001893 0000
32 4 8 66 0.001542 2222
32 4 8 67 0.001540 2222
32 4 8 68 0.001136 2222
32 4 8 69 0.001480 2222
32 4 8 70 0.001457 0000
32 4 8 71 0.001460 2222
32 4 8 72 0.001486 2222
32 4 8 73 0.001910 2222
32 4 8 74 0.001733 2222
32 4 8 75 0.001628 2222
32 4 8 76 0.001617 2222
32 4 8 77 0.001889 2222
32 4 8 78 0.001459 2222
32 4 8 79 0.001469 2222
32 4 8 80 0.001186 2222
32 4 8 81 0.001826 0000
32 4 8 82 0.001748 2222
32 4 8 83 0.001456 0000
32 4 8 84 0.001858 2222
32 4 8 85 0.001629 2222
32 4 8 86 0.001527 2222
32 4 8 87 0.001335 2222
32 4 8 88 0.001495 0000
32 4 8 89 0.001478 2222
32 4 8 90 0.001687 2222
32 4 8 91 0.001995 2222
32 4 8 92 0.001261 2222
32 4 8 93 0.001649 0000
32 4 8 94 0.001415 2222
32 4 8 95 0.000974 1222
32 4 8 96 0.001458 2222
32 4 8 97 0.001759 1222
32 4 8 98 0.002281 2222
32 4 8 99 0.001523 1222
32 4 16 0 0.001024 00
32 4 16 1 0.000908 00
32 4 16 2 0.001018 22
32 4 16 3 0.001064 00
32 4 16 4 0.001147 22
32 4 16 5 0.000979 00
32 4 16 6 0.001806 22
32 4 16 7 0.000559 00
32 4 16 8 0.000769 22
32 4 16 9 0.000905 22
32 4 16 10 0.000961 00
32 4 16 11 0.001181 22
32 4 16 12 0.000785 00
32 4 16 13 0.001276 22
32 4 16 14 0.001016 22
32 4 16 15 0.001063 22
32 4 16 16 0.001216 22
32 4 16 17 0.001029 22
32 4 16 18 0.000912 22
32 4 16 19 0.001311 22
32 4 16 20 0.000863 00
32 4 16 21 0.001078 22
32 4 16 22 0.001157 22
32 4 16 23 0.001048 22
32 4 16 24 0.000965 22
32 4 16 25 0.000841 00
32 4 16 26 0.001052 22
32 4 16 27 0.000713 22
32 4 16 28 0.001170 22
32 4 16 29 0.001401 22
32 4 16 30 0.000991 22
32 4 16 31 0.001023 22
32 4 16 32 0.000897 22
32 4 16 33 0.000777 22
32 4 16 34 0.001116 22
32 4 16 35 0.001061 22
32 4 16 36 0.001123 22
32 4 16 37 0.000758 22
32 4 16 38 0.000999 22
32 4 16 39 0.000628 00
32 4 16 40 0.000950 22
32 4 16 41 0.001025 22
32 4 16 42 0.001109 22
32 4 16 43 0.001078 22
32 4 16 44 0.001066 00
32 4 16 45 0.001208 22
32 4 16 46 0.001113 22
32 4 16 47 0.000837 22
32 4 16 48 0.000702 22
32 4 16 49 0.000998 22
32 4 16 50 0.001197 00
32 4 16 51 0.000974 22
32 4 16 52 0.000776 22
32 4 16 53 0.000925 22
32 4 16 54 0.000751 22
32 4 16 55 0.000863 00
32 4 16 56 0.001020 22
32 4 16 57 0.001317 22
32 4 16 58 0.001286 22
32 4 16 59 0.000899 00
32 4 16 60 0.001216 22
32 4 16 61 0.001054 22
32 4 16 62 0.001008 00
32 4 16 63 0.000821 22
32 4 16 64 0.000873 22
32 4 16 65 0.001164 00
32 4 16 66 0.000951 22
32 4 16 67 0.000965 22
32 4 16 68 0.000719 22
32 4 16 69 0.000913 22
32 4 16 70 0.000901 00
32 4 16 71 0.000937 22
32 4 16 72 0.000945 22
32 4 16 73 0.001227 22
32 4 16 74 0.001046 22
32 4 16 75 0.000996 22
32 4 16 76 0.000993 22
32 4 16 77 0.001161 22
32 4 16 78 0.000891 22
32 4 16 79 0.000875 22
32 4 16 80 0.000758 22
32 4 16 81 0.001136 00
32 4 16 82 0.001100 22
32 4 16 83 0.000859 00
32 4 16 84 0.001129 22
32 4 16 85 0.001021 22
32 4 16 86 0.000959 22
32 4 16 87 0.000780 22
32 4 16 88 0.000890 00
32 4 16 89 0.000934 22
32 4 16 90 0.001020 22
32 4 16 91 0.001237 22
32 4 16 92 0.000792 22
32 4 16 93 0.000924 00
32 4 16 94 0.000886 22
32 4 16 95 0.000564 22
32 4 16 96 0.000925 22
32 4 16 97 0.001096 22
32 4 16 98 0.001446 22
32 4 16 99 0.001012 22
32 4 32 0 0.000730 0
32 4 32 1 0.000648 0
32 4 32 2 0.000736 2
32 4 32 3 0.000735 0
32 4 32 4 0.000757 2
32 4 32 5 0.000650 0
32 4 32 6 0.000805 2
32 4 32 7 0.000407 0
32 4 32 8 0.000574 2
32 4 32 9 0.000667 2
32 4 32 10 0.000682 0
32 4 32 11 0.000849 2
32 4 32 12 0.000602 0
32 4 32 13 0.000803 2
32 4 32 14 0.000688 2
32 4 32 15 0.000777 2
32 4 32 16 0.000845 2
32 4 32 17 0.000781 2
32 4 32 18 0.000667 2
32 4 32 19 0.000949 2
32 4 32 20 0.000654 0
32 4 32 21 0.000755 2
32 4 32 22 0.000871 2
32 4 32 23 0.000727 2
32 4 32 24 0.000637 2
32 4 32 25 0.000603 0
32 4 32 26 0.000746 2
32 4 32 27 0.000530 2
32 4 32 28 0.000816 2
32 4 32 29 0.000952 2
32 4 32 30 0.000700 2
32 4 32 31 0.000737 2
32 4 32 32 0.000584 2
32 4 32 33 0.000556 2
32 4 32 34 0.000834 2
32 4 32 35 0.000723 2
32 4 32 36 0.000768 2
32 4 32 37 0.000570 2
32 4 32 38 0.000712 2
32 4 32 39 0.000466 0
32 4 32 40 0.000670 2
32 4 32 41 0.000689 2
32 4 32 42 0.000730 2
32 4 32 43 0.000744 2
32 4 32 44 0.000732 0
32 4 32 45 0.000879 2
32 4 32 46 0.000853 2
32 4 32 47 0.000637 2
32 4 32 48 0.000497 2
32 4 32 49 0.000761 2
32 4 32 50 0.000784 0
32 4 32 51 0.000655 2
32 4 32 52 0.000589 2
32 4 32 53 0.000650 2
32 4 32 54 0.000561 2
32 4 32 55 0.000558 0
32 4 32 56 0.000747 2
32 4 32 57 0.000890 2
32 4 32 58 0.000888 2
32 4 32 59 0.000625 0
32 4 32 60 0.000888 2
32 4 32 61 0.000716 2
32 4 32 62 0.000731 0
32 4 32 63 0.000596 2
32 4 32 64 0.000637 2
32 4 32 65 0.000759 0
32 4 32 66 0.000673 2
32 4 32 67 0.000685 2
32 4 32 68 0.000517 2
32 4 32 69 0.000668 2
32 4 32 70 0.000603 0
32 4 32 71 0.000668 2
32 4 32 72 0.000640 2
32 4 32 73 0.000852 2
32 4 32 74 0.000773 2
32 4 32 75 0.000662 2
32 4 32 76 0.000760 2
32 4 32 77 0.000792 2
32 4 32 78 0.000649 2
32 4 32 79 0.000638 2
32 4 32 80 0.000559 2
32 4 32 81 0.000763 0
32 4 32 82 0.000755 2
32 4 32 83 0.000575 0
32 4 32 84 0.000865 2
32 4 32 85 0.000689 2
32 4 32 86 0.000654 2
32 4 32 87 0.000584 2
32 4 32 88 0.000659 0
32 4 32 89 0.000658 2
32 4 32 90 0.000733 2
32 4 32 91 0.000825 2
32 4 32 92 0.000563 2
32 4 32 93 0.000648 0
32 4 32 94 0.000676 2
32 4 32 95 0.000386 2
32 4 32 96 0.000684 2
32 4 32 97 0.000766 2
32 4 32 98 0.000957 2
32 4 32 99 0.000724 2
32 8 16 0 0.001641 00
32 8 16 1 0.001535 00
32 8 16 2 0.001916 22
32 8 16 3 0.001975 00
32 8 16 4 0.001895 22
32 8 16 5 0.001437 00
32 8 16 6 0.001968 22
32 8 16 7 0.000856 00
32 8 16 8 0.001200 22
32 8 16 9 0.001521 22
32 8 16 10 0.001626 00
32 8 16 11 0.002304 22
32 8 16 12 0.001147 00
32 8 16 13 0.002580 22
32 8 16 14 0.001727 22
32 8 16 15 0.001907 22
32 8 16 16 0.002141 22
32 8 16 17 0.001918 22
32 8 16 18 0.001573 22
32 8 16 19 0.002675 22
32 8 16 20 0.001582 00
32 8 16 21 0.001908 22
32 8 16 22 0.002389 22
32 8 16 23 0.001904 22
32 8 16 24 0.001502 22
32 8 16 25 0.001326 00
32 8 16 26 0.001817 22
32 8 16 27 0.000947 22
32 8 16 28 0.002246 22
32 8 16 29 0.002930 22
32 8 16 30 0.001546 22
32 8 16 31 0.001719 22
32 8 16 32 0.001135 22
32 8 16 33 0.001110 22
32 8 16 34 0.002154 22
32 8 16 35 0.001714 22
32 8 16 36 0.001998 22
32 8 16 37 0.001264 22
32 8 16 38 0.001816 22
32 8 16 39 0.000749 00
32 8 16 40 0.001515 22
32 8 16 41 0.001757 22
32 8 16 42 0.001860 22
32 8 16 43 0.001877 22
32 8 16 44 0.001528 00
32 8 16 45 0.002182 22
32 8 16 46 0.001787 22
32 8 16 47 0.001354 22
32 8 16 48 0.000839 22
32 8 16 49 0.001681 22
32 8 16 50 0.002210 00
32 8 16 51 0.001507 22
32 8 16 52 0.001161 22
32 8 16 53 0.001560 22
32 8 16 54 0.001268 22
32 8 16 55 0.001045 00
32 8 16 56 0.001915 22
32 8 16 57 0.002681 22
32 8 16 58 0.002269 22
32 8 16 59 0.001287 00
32 8 16 60 0.002266 22
32 8 16 61 0.001742 22
32 8 16 62 0.001630 00
32 8 16 63 0.001175 22
32 8 16 64 0.001518 22
32 8 16 65 0.002100 00
32 8 16 66 0.001705 22
32 8 16 67 0.001646 22
32 8 16 68 0.001027 22
32 8 16 69 0.001104 22
32 8 16 70 0.001338 00
32 8 16 71 0.001614 22
32 8 16 72 0.001447 22
32 8 16 73 0.002296 22
32 8 16 74 0.001577 22
32 8 16 75 0.001618 22
32 8 16 76 0.001792 22
32 8 16 77 0.002011 22
32 8 16 78 0.001405 22
32 8 16 79 0.001548 22
32 8 16 80 0.001137 22
32 8 16 81 0.001926 00
32 8 16 82 0.001821 22
32 8 16 83 0.001340 00
32 8 16 84 0.002190 22
32 8 16 85 0.001852 22
32 8 16 86 0.001544 22
32 8 16 87 0.001139 22
32 8 16 88 0.001294 00
32 8 16 89 0.001481 22
32 8 16 90 0.001833 22
32 8 16 91 0.002437 22
32 8 16 92 0.001093 22
32 8 16 93 0.001401 00
32 8 16 94 0.001525 22
32 8 16 95 0.000761 22
32 8 16 96 0.001464 22
32 8 16 97 0.001847 22
32 8 16 98 0.002730 22
32 8 16 99 0.001622 22
32 8 32 0 0.001291 0
32 8 32 1 0.001249 0
32 8 32 2 0.001473 2
32 8 32 3 0.001504 0
32 8 32 4 0.001365 2
32 8 32 5 0.001105 0
32 8 32 6 0.001589 2
32 8 32 7 0.000631 0
32 8 32 8 0.000958 2
32 8 32 9 0.001249 2
32 8 32 10 0.001312 0
32 8 32 11 0.001858 2
32 8 32 12 0.000972 0
32 8 32 13 0.001828 2
32 8 32 14 0.001299 2
32 8 32 15 0.001498 2
32 8 32 16 0.001737 2
32 8 32 17 0.001572 2
32 8 32 18 0.001197 2
32 8 32 19 0.002104 2
32 8 32 20 0.001258 0
32 8 32 21 0.001442 2
32 8 32 22 0.001852 2
32 8 32 23 0.001414 2
32 8 32 24 0.001109 2
32 8 32 25 0.001013 0
32 8 32 26 0.001418 2
32 8 32 27 0.000688 2
32 8 32 28 0.001693 2
32 8 32 29 0.002243 2
32 8 32 30 0.001151 2
32 8 32 31 0.001321 2
32 8 32 32 0.000801 2
32 8 32 33 0.000909 2
32 8 32 34 0.001765 2
32 8 32 35 0.001200 2
32 8 32 36 0.001539 2
32 8 32 37 0.001022 2
32 8 32 38 0.001487 2
32 8 32 39 0.000605 0
32 8 32 40 0.001127 2
32 8 32 41 0.001332 2
32 8 32 42 0.001408 2
32 8 32 43 0.001378 2
32 8 32 44 0.001155 0
32 8 32 45 0.001726 2
32 8 32 46 0.001502 2
32 8 32 47 0.001116 2
32 8 32 48 0.000641 2
32 8 32 49 0.001441 2
32 8 32 50 0.001692 0
32 8 32 51 0.001120 2
32 8 32 52 0.000933 2
32 8 32 53 0.001210 2
32 8 32 54 0.001007 2
32 8 32 55 0.000738 0
32 8 32 56 0.001601 2
32 8 32 57 0.001924 2
32 8 32 58 0.001723 2
32 8 32 59 0.000979 0
32 8 32 60 0.001884 2
32 8 32 61 0.001359 2
32 8 32 62 0.001303 0
32 8 32 63 0.000914 2
32 8 32 64 0.001203 2
32 8 32 65 0.001500 0
32 8 32 66 0.001245 2
32 8 32 67 0.001178 2
32 8 32 68 0.000831 2
32 8 32 69 0.000890 2
32 8 32 70 0.000986 0
32 8 32 71 0.001285 2
32 8 32 72 0.001061 2
32 8 32 73 0.001899 2
32 8 32 74 0.001217 2
32 8 32 75 0.001128 2
32 8 32 76 0.001516 2
32 8 32 77 0.001459 2
32 8 32 78 0.001113 2
32 8 32 79 0.001285 2
32 8 32 80 0.000959 2
32 8 32 81 0.001410 0
32 8 32 82 0.001347 2
32 8 32 83 0.001019 0
32 8 32 84 0.001894 2
32 8 32 85 0.001366 2
32 8 32 86 0.001101 2
32 8 32 87 0.000931 2
32 8 32 88 0.001071 0
32 8 32 89 0.001138 2
32 8 32 90 0.001392 2
32 8 32 91 0.001698 2
32 8 32 92 0.000791 2
32 8 32 93 0.001047 0
32 8 32 94 0.001318 2
32 8 32 95 0.000568 2
32 8 32 96 0.001265 2
32 8 32 97 0.001374 2
32 8 32 98 0.002089 2
32 8 32 99 0.001339 2
64 2 4 0 0.006970 2222222222222222
64 2 4 1 0.008772 0000000000000000
64 2 4 2 0.008731 1222222222222222
64 2 4 3 0.007041 1222222222200000
64 2 4 4 0.008267 1222222222222222
64 2 4 5 0.007999 1122222222222222
64 2 4 6 0.008001 1222222222222222
64 2 4 7 0.007323 1222222222222222
64 2 4 8 0.007830 1222222222222222
64 2 4 9 0.007655 0000000000000000
64 2 4 10 0.007529 0000000000000000
64 2 4 11 0.007359 1222222222222222
64 2 4 12 0.008227 0000000000000000
64 2 4 13 0.007569 1222222222222222
64 2 4 14 0.007065 1222222222222222
64 2 4 15 0.006859 1222222222222222
64 2 4 16 0.008082 2222222222222222
64 2 4 17 0.007640 1222222222222222
64 2 4 18 0.007874 2222222222222222
64 2 4 19 0.008316 2222222222222222
64 2 4 20 0.007902 1122222222222222
64 2 4 21 0.007849 1222222222222222
64 2 4 22 0.008185 0000000000000000
64 2 4 23 0.007326 0000000000000000
64 2 4 24 0.007402 0000000000000000
64 2 4 25 0.007181 1222222222222222
64 2 4 26 0.008012 1222222222222222
64 2 4 27 0.008497 1222222222222222
64 2 4 28 0.007369 1222222222222222
64 2 4 29 0.007758 0000000000000000
64 2 4 30 0.008174 0000000000000000
64 2 4 31 0.008922 1222222222222222
64 2 4 32 0.007967 0000000000000000
64 2 4 33 0.007009 0000000000000000
64 2 4 34 0.007770 1222222222222222
64 2 4 35 0.007148 1222222222222222
64 2 4 36 0.008049 0000000000000000
64 2 4 37 0.007839 1222222222222222
64 2 4 38 0.008288 1222222222222222
64 2 4 39 0.008400 1222222222222222
64 2 4 40 0.007742 2222222222222222
64 2 4 41 0.007822 0000000000000000
64 2 4 42 0.007903 1222222222222222
64 2 4 43 0.007436 1222222222222222
64 2 4 44 0.008152 1222222222222222
64 2 4 45 0.007906 0000000000000000
64 2 4 46 0.007461 1222222222222222
64 2 4 47 0.007524 1222222222222222
64 2 4 48 0.007783 0000000000000000
64 2 4 49 0.007678 1222222222222222
64 2 4 50 0.009173 0000000000000000
64 2 4 51 0.007204 0000000000000000
64 2 4 52 0.008236 1222222222222222
64 2 4 53 0.007453 1222222222222222
64 2 4 54 0.008009 1222222222222222
64 2 4 55 0.008342 2222222222222222
64 2 4 56 0.006953 1222222222222222
64 2 4 57 0.007712 1222222222222222
64 2 4 58 0.007464 1222222222222222
64 2 4 59 0.007439 0000000000000000
64 2 4 60 0.007339 1222222222222222
64 2 4 61 0.008816 1222222222222222
64 2 4 62 0.008288 1222222222222222
64 2 4 63 0.008574 2222222222222222
64 2 4 64 0.007087 0000000000000000
64 2 4 65 0.007346 2222222222222000
64 2 4 66 0.007306 0000000000000000
64 2 4 67 0.008728 0000000000000000
64 2 4 68 0.007676 1222222222222222
64 2 4 69 0.007697 1222222222222222
64 2 4 70 0.007242 2222220000000000
64 2 4 71 0.008213 0000000000000000
64 2 4 72 0.007512 0000000000000000
64 2 4 73 0.007577 1222222222222222
64 2 4 74 0.007574 0000000000000000
64 2 4 75 0.007420 1222222222222222
64 2 4 76 0.008667 1222222222222222
64 2 4 77 0.008164 1222222222222222
64 2 4 78 0.008624 2222222222222222
64 2 4 79 0.006754 2222222222222222
64 2 4 80 0.007572 0000000000000000
64 2 4 81 0.007923 0000000000000000
64 2 4 82 0.008430 2222222222222222
64 2 4 83 0.007685 0000000000000000
64 2 4 84 0.007581 1222222222222222
64 2 4 85 0.007903 1222222222222222
64 2 4 86 0.008089 2222222222222222
64 2 4 87 0.007639 2222222222222222
64 2 4 88 0.007377 1222222222222222
64 2 4 89 0.007287 1222222222222222
64 2 4 90 0.007727 1222222222222222
64 2 4 91 0.007660 2222222222222222
64 2 4 92 0.008358 0000000000000000
64 2 4 93 0.007485 2222222222222222
64 2 4 94 0.008366 1222222222222222
64 2 4 95 0.007855 0000000000000000
64 2 4 96 0.008019 1222222222222222
64 2 4 97 0.007159 0000000000000000
64 2 4 98 0.007718 0000000000000000
64 2 4 99 0.007210 2222222222222222
64 2 8 0 0.003617 22222222
64 2 8 1 0.004623 00000000
64 2 8 2 0.004551 22222222
64 2 8 3 0.003720 22222000
64 2 8 4 0.004400 22222222
64 2 8 5 0.004200 12222222
64 2 8 6 0.004126 22222222
64 2 8 7 0.003861 22222222
64 2 8 8 0.004017 22222222
64 2 8 9 0.004047 00000000
64 2 8 10 0.004029 00000000
64 2 8 11 0.003879 22222222
64 2 8 12 0.004422 00000000
64 2 8 13 0.003912 22222222
64 2 8 14 0.003680 22222222
64 2 8 15 0.003486 22222222
64 2 8 16 0.004269 22222222
64 2 8 17 0.004073 22222222
64 2 8 18 0.004095 22222222
64 2 8 19 0.004416 22222222
64 2 8 20 0.004144 12222222
64 2 8 21 0.004121 22222222
64 2 8 22 0.004317 00000000
64 2 8 23 0.003945 00000000
64 2 8 24 0.003887 00000000
64 2 8 25 0.003833 22222222
64 2 8 26 0.004172 22222222
64 2 8 27 0.004500 22222222
64 2 8 28 0.003884 22222222
64 2 8 29 0.004113 00000000
64 2 8 30 0.004261 00000000
64 2 8 31 0.004782 22222222
64 2 8 32 0.004119 00000000
64 2 8 33 0.003787 00000000
64 2 8 34 0.004024 22222222
64 2 8 35 0.003803 22222222
64 2 8 36 0.004204 00000000
64 2 8 37 0.004158 22222222
64 2 8 38 0.004407 22222222
64 2 8 39 0.004450 22222222
64 2 8 40 0.004092 22222222
64 2 8 41 0.004183 00000000
64 2 8 42 0.004194 22222222
64 2 8 43 0.003991 22222222
64 2 8 44 0.004255 22222222
64 2 8 45 0.004257 00000000
64 2 8 46 0.003927 22222222
64 2 8 47 0.004011 22222222
64 2 8 48 0.004135 00000000
64 2 8 49 0.004102 22222222
64 2 8 50 0.004523 00000000
64 2 8 51 0.003900 00000000
64 2 8 52 0.004376 22222222
64 2 8 53 0.003929 22222222
64 2 8 54 0.004220 22222222
64 2 8 55 0.004433 22222222
64 2 8 56 0.003736 22222222
64 2 8 57 0.003955 22222222
64 2 8 58 0.003974 22222222
64 2 8 59 0.004145 00000000
64 2 8 60 0.003930 22222222
64 2 8 61 0.004584 22222222
64 2 8 62 0.004364 22222222
64 2 8 63 0.004431 22222222
64 2 8 64 0.003761 00000000
64 2 8 65 0.003857 22222200
64 2 8 66 0.003910 00000000
64 2 8 67 0.004594 00000000
64 2 8 68 0.004135 22222222
64 2 8 69 0.003935 22222222
64 2 8 70 0.003853 22200000
64 2 8 71 0.004276 00000000
64 2 8 72 0.004019 00000000
64 2 8 73 0.004039 22222222
64 2 8 74 0.004030 00000000
64 2 8 75 0.003916 22222222
64 2 8 76 0.004628 22222222
64 2 8 77 0.004295 22222222
64 2 8 78 0.004583 22222222
64 2 8 79 0.003598 22222222
64 2 8 80 0.004465 00000000
64 2 8 81 0.004242 00000000
64 2 8 82 0.004463 22222222
64 2 8 83 0.004091 00000000
64 2 8 84 0.003980 22222222
64 2 8 85 0.004188 22222222
64 2 8 86 0.004222 22222222
64 2 8 87 0.004102 22222222
64 2 8 88 0.003883 22222222
64 2 8 89 0.003841 22222222
64 2 8 90 0.004124 22222222
64 2 8 91 0.004033 22222222
64 2 8 92 0.004424 00000000
64 2 8 93 0.003870 22222222
64 2 8 94 0.004137 22222222
64 2 8 95 0.004106 00000000
64 2 8 96 0.004282 22222222
64 2 8 97 0.003767 00000000
64 2 8 98 0.004133 00000000
64 2 8 99 0.003808 22222222
64 2 16 0 0.002047 2222
64 2 16 1 0.002572 0000
64 2 16 2 0.002560 2222
64 2 16 3 0.002061 2200
64 2 16 4 0.002430 2222
64 2 16 5 0.002381 2222
64 2 16 6 0.002287 2222
64 2 16 7 0.002205 2222
64 2 16 8 0.002270 2222
64 2 16 9 0.002284 0000
64 2 16 10 0.002212 0000
64 2 16 11 0.002163 2222
64 2 16 12 0.002422 0000
64 2 16 13 0.002247 2222
64 2 16 14 0.002083 2222
64 2 16 15 0.001998 2222
64 2 16 16 0.002332 2222
64 2 16 17 0.002308 2222
64 2 16 18 0.002318 2222
64 2 16 19 0.002490 2222
64 2 16 20 0.002340 2222
64 2 16 21 0.002309 2222
64 2 16 22 0.002405 0000
64 2 16 23 0.002182 0000
64 2 16 24 0.002176 0000
64 2 16 25 0.002153 2222
64 2 16 26 0.002354 2222
64 2 16 27 0.002551 2222
64 2 16 28 0.002187 2222
64 2 16 29 0.002297 0000
64 2 16 30 0.002415 0000
64 2 16 31 0.002646 2222
64 2 16 32 0.002294 0000
64 2 16 33 0.002101 0000
64 2 16 34 0.002245 2222
64 2 16 35 0.002127 2222
64 2 16 36 0.002348 0000
64 2 16 37 0.002336 2222
64 2 16 38 0.002465 2222
64 2 16 39 0.002513 2222
64 2 16 40 0.002292 2222
64 2 16 41 0.002350 0000
64 2 16 42 0.002294 2222
64 2 16 43 0.002255 2222
64 2 16 44 0.002373 2222
64 2 16 45 0.002320 0000
64 2 16 46 0.002240 2222
64 2 16 47 0.002263 2222
64 2 16 48 0.002294 0000
64 2 16 49 0.002319 2222
64 2 16 50 0.002501 0000
64 2 16 51 0.002153 0000
64 2 16 52 0.002435 2222
64 2 16 53 0.002190 2222
64 2 16 54 0.002403 2222
64 2 16 55 0.002475 2222
64 2 16 56 0.002093 2222
64 2 16 57 0.002213 2222
64 2 16 58 0.002261 2222
64 2 16 59 0.002222 0000
64 2 16 60 0.002194 2222
64 2 16 61 0.002534 2222
64 2 16 62 0.002438 2222
64 2 16 63 0.002476 2222
64 2 16 64 0.002125 0000
64 2 16 65 0.002172 2220
64 2 16 66 0.002186 0000
64 2 16 67 0.002561 0000
64 2 16 68 0.002354 2222
64 2 16 69 0.002201 2222
64 2 16 70 0.002165 2000
64 2 16 71 0.002402 0000
64 2 16 72 0.002267 0000
64 2 16 73 0.002227 2222
64 2 16 74 0.002303 0000
64 2 16 75 0.002227 2222
64 2 16 76 0.002573 2222
64 2 16 77 0.002431 2222
64 2 16 78 0.002553 2222
64 2 16 79 0.002060 2222
64 2 16 80 0.002217 0000
64 2 16 81 0.002385 0000
64 2 16 82 0.002463 2222
64 2 16 83 0.002287 0000
64 2 16 84 0.002213 2222
64 2 16 85 0.002325 2222
64 2 16 86 0.002354 2222
64 2 16 87 0.002312 2222
64 2 16 88 0.002156 2222
64 2 16 89 0.002138 2222
64 2 16 90 0.002322 2222
64 2 16 91 0.002263 2222
64 2 16 92 0.002486 0000
64 2 16 93 0.002130 2222
64 2 16 94 0.002309 2222
64 2 16 95 0.002318 0000
64 2 16 96 0.002448 2222
64 2 16 97 0.002114 0000
64 2 16 98 0.002326 0000
64 2 16 99 0.002124 2222
64 2 32 0 0.001213 22
64 2 32 1 0.001561 00
64 2 32 2 0.001528 22
64 2 32 3 0.001269 20
64 2 32 4 0.001470 22
64 2 32 5 0.001457 22
64 2 32 6 0.001369 22
64 2 32 7 0.001329 22
64 2 32 8 0.001365 22
64 2 32 9 0.001378 00
64 2 32 10 0.001336 00
64 2 32 11 0.001317 22
64 2 32 12 0.001455 00
64 2 32 13 0.001348 22
64 2 32 14 0.001287 22
64 2 32 15 0.001226 22
64 2 32 16 0.001400 22
64 2 32 17 0.001413 22
64 2 32 18 0.001393 22
64 2 32 19 0.001522 22
64 2 32 20 0.001409 22
64 2 32 21 0.001413 22
64 2 32 22 0.001460 00
64 2 32 23 0.001327 00
64 2 32 24 0.001326 00
64 2 32 25 0.001335 22
64 2 32 26 0.001436 22
64 2 32 27 0.001525 22
64 2 32 28 0.001312 22
64 2 32 29 0.001380 00
64 2 32 30 0.001452 00
64 2 32 31 0.001605 22
64 2 32 32 0.001385 00
64 2 32 33 0.001272 00
64 2 32 34 0.001379 22
64 2 32 35 0.001303 22
64 2 32 36 0.001425 00
64 2 32 37 0.001424 22
64 2 32 38 0.001465 22
64 2 32 39 0.001539 22
64 2 32 40 0.001381 22
64 2 32 41 0.001421 00
64 2 32 42 0.001408 22
64 2 32 43 0.001381 22
64 2 32 44 0.001458 22
64 2 32 45 0.001373 00
64 2 32 46 0.001351 22
64 2 32 47 0.001390 22
64 2 32 48 0.001392 00
64 2 32 49 0.001405 22
64 2 32 50 0.001524 00
64 2 32 51 0.001317 00
64 2 32 52 0.001482 22
64 2 32 53 0.001371 22
64 2 32 54 0.001435 22
64 2 32 55 0.001509 22
64 2 32 56 0.001270 22
64 2 32 57 0.001346 22
64 2 32 58 0.001378 22
64 2 32 59 0.001369 00
64 2 32 60 0.001331 22
64 2 32 61 0.001525 22
64 2 32 62 0.001480 22
64 2 32 63 0.001481 22
64 2 32 64 0.001316 00
64 2 32 65 0.001318 20
64 2 32 66 0.001338 00
64 2 32 67 0.001559 00
64 2 32 68 0.001445 22
64 2 32 69 0.001354 22
64 2 32 70 0.001290 00
64 2 32 71 0.001477 00
64 2 32 72 0.001405 00
64 2 32 73 0.001343 22
64 2 32 74 0.001380 00
64 2 32 75 0.001344 22
64 2 32 76 0.001547 22
64 2 32 77 0.001474 22
64 2 32 78 0.001534 22
64 2 32 79 0.001241 22
64 2 32 80 0.001350 00
64 2 32 81 0.001433 00
64 2 32 82 0.001498 22
64 2 32 83 0.001363 00
64 2 32 84 0.001370 22
64 2 32 85 0.001412 22
64 2 32 86 0.001420 22
64 2 32 87 0.001373 22
64 2 32 88 0.001314 22
64 2 32 89 0.001305 22
64 2 32 90 0.001432 22
64 2 32 91 0.001392 22
64 2 32 92 0.001510 00
64 2 32 93 0.001334 22
64 2 32 94 0.001406 22
64 2 32 95 0.001413 00
64 2 32 96 0.001479 22
64 2 32 97 0.001280 00
64 2 32 98 0.001409 00
64 2 32 99 0.001296 22
64 4 8 0 0.005620 22222222
64 4 8 1 0.008215 00000000
64 4 8 2 0.007656 22222222
64 4 8 3 0.005196 22222222
64 4 8 4 0.007071 22222222
64 4 8 5 0.006870 12222222
64 4 8 6 0.006845 22222222
64 4 8 7 0.006033 22222222
64 4 8 8 0.005771 22222222
64 4 8 9 0.006542 00000000
64 4 8 10 0.005369 00000000
64 4 8 11 0.005766 22222222
64 4 8 12 0.007183 00000000
64 4 8 13 0.005933 22222222
64 4 8 14 0.005361 22222222
64 4 8 15 0.004772 22222222
64 4 8 16 0.006595 22222222
64 4 8 17 0.006440 22222222
64 4 8 18 0.006496 22222222
64 4 8 19 0.007491 22222222
64 4 8 20 0.006633 12222222
64 4 8 21 0.006503 22222222
64 4 8 22 0.007098 00000000
64 4 8 23 0.005581 00000000
64 4 8 24 0.006022 00000000
64 4 8 25 0.005771 22222222
64 4 8 26 0.006866 22222222
64 4 8 27 0.007096 22222222
64 4 8 28 0.005899 22222222
64 4 8 29 0.006594 00000000
64 4 8 30 0.006728 00000000
64 4 8 31 0.008402 22222222
64 4 8 32 0.005994 00000000
64 4 8 33 0.005471 00000000
64 4 8 34 0.006171 22222222
64 4 8 35 0.005445 22222222
64 4 8 36 0.006551 00000000
64 4 8 37 0.006665 22222222
64 4 8 38 0.007296 22222222
64 4 8 39 0.007494 22222222
64 4 8 40 0.006048 22222222
64 4 8 41 0.006436 00000000
64 4 8 42 0.006245 22222222
64 4 8 43 0.006279 22222222
64 4 8 44 0.006721 22222222
64 4 8 45 0.007054 00000000
64 4 8 46 0.005839 22222222
64 4 8 47 0.006286 22222222
64 4 8 48 0.006544 00000000
64 4 8 49 0.006390 22222222
64 4 8 50 0.006942 00000000
64 4 8 51 0.005616 00000000
64 4 8 52 0.006965 22222222
64 4 8 53 0.006058 22222222
64 4 8 54 0.006937 22222222
64 4 8 55 0.007352 22222222
64 4 8 56 0.005323 22222222
64 4 8 57 0.005995 22222222
64 4 8 58 0.005715 22222222
64 4 8 59 0.006164 00000000
64 4 8 60 0.005799 22222222
64 4 8 61 0.007926 22222222
64 4 8 62 0.006903 22222222
64 4 8 63 0.007398 22222222
64 4 8 64 0.005618 00000000
64 4 8 65 0.005229 22222222
64 4 8 66 0.005858 00000000
64 4 8 67 0.007251 00000000
64 4 8 68 0.006618 22222222
64 4 8 69 0.006134 22222222
64 4 8 70 0.005512 22222222
64 4 8 71 0.006680 00000000
64 4 8 72 0.006510 00000000
64 4 8 73 0.005816 22222222
64 4 8 74 0.006368 00000000
64 4 8 75 0.005809 22222222
64 4 8 76 0.008206 22222222
64 4 8 77 0.006938 22222222
64 4 8 78 0.007472 22222222
64 4 8 79 0.005363 22222222
64 4 8 80 0.005845 00000000
64 4 8 81 0.007093 00000000
64 4 8 82 0.007329 22222222
64 4 8 83 0.006515 00000000
64 4 8 84 0.006001 22222222
64 4 8 85 0.006534 22222222
64 4 8 86 0.006867 22222222
64 4 8 87 0.006435 22222222
64 4 8 88 0.005447 22222222
64 4 8 89 0.005533 22222222
64 4 8 90 0.006620 22222222
64 4 8 91 0.006138 22222222
64 4 8 92 0.007569 00000000
64 4 8 93 0.005881 22222222
64 4 8 94 0.006476 22222222
64 4 8 95 0.006039 00000000
64 4 8 96 0.007043 22222222
64 4 8 97 0.005622 00000000
64 4 8 98 0.006864 00000000
64 4 8 99 0.005380 22222222
64 4 16 0 0.003079 2222
64 4 16 1 0.004573 0000
64 4 16 2 0.004127 2222
64 4 16 3 0.002908 2222
64 4 16 4 0.004033 2222
64 4 16 5 0.003896 2222
64 4 16 6 0.003688 2222
64 4 16 7 0.003412 2222
64 4 16 8 0.003282 2222
64 4 16 9 0.003602 0000
64 4 16 10 0.003018 0000
64 4 16 11 0.003126 2222
64 4 16 12 0.004039 0000
64 4 16 13 0.003442 2222
64 4 16 14 0.002968 2222
64 4 16 15 0.002822 2222
64 4 16 16 0.003630 2222
64 4 16 17 0.003665 2222
64 4 16 18 0.003667 2222
64 4 16 19 0.004195 2222
64 4 16 20 0.003635 2222
64 4 16 21 0.003711 2222
64 4 16 22 0.003843 0000
64 4 16 23 0.003206 0000
64 4 16 24 0.003231 0000
64 4 16 25 0.003260 2222
64 4 16 26 0.003869 2222
64 4 16 27 0.004061 2222
64 4 16 28 0.003363 2222
64 4 16 29 0.003629 0000
64 4 16 30 0.003754 0000
64 4 16 31 0.004598 2222
64 4 16 32 0.003376 0000
64 4 16 33 0.003042 0000
64 4 16 34 0.003978 2222
64 4 16 35 0.003084 2222
64 4 16 36 0.003701 0000
64 4 16 37 0.003708 2222
64 4 16 38 0.004001 2222
64 4 16 39 0.004298 2222
64 4 16 40 0.003379 2222
64 4 16 41 0.003638 0000
64 4 16 42 0.003433 2222
64 4 16 43 0.003611 2222
64 4 16 44 0.003738 2222
64 4 16 45 0.003846 0000
64 4 16 46 0.003314 2222
64 4 16 47 0.003419 2222
64 4 16 48 0.003735 0000
64 4 16 49 0.003493 2222
64 4 16 50 0.003909 0000
64 4 16 51 0.003129 0000
64 4 16 52 0.003942 2222
64 4 16 53 0.003387 2222
64 4 16 54 0.003927 2222
64 4 16 55 0.004253 2222
64 4 16 56 0.002919 2222
64 4 16 57 0.003326 2222
64 4 16 58 0.003317 2222
64 4 16 59 0.003488 0000
64 4 16 60 0.003299 2222
64 4 16 61 0.004301 2222
64 4 16 62 0.003879 2222
64 4 16 63 0.004076 2222
64 4 16 64 0.003169 0000
64 4 16 65 0.002947 2222
64 4 16 66 0.003347 0000
64 4 16 67 0.004084 0000
64 4 16 68 0.004017 2222
64 4 16 69 0.003373 2222
64 4 16 70 0.003000 2222
64 4 16 71 0.003764 0000
64 4 16 72 0.003709 0000
64 4 16 73 0.003217 2222
64 4 16 74 0.003926 0000
64 4 16 75 0.003265 2222
64 4 16 76 0.004519 2222
64 4 16 77 0.003837 2222
64 4 16 78 0.004328 2222
64 4 16 79 0.002894 2222
64 4 16 80 0.003210 0000
64 4 16 81 0.003980 0000
64 4 16 82 0.003951 2222
64 4 16 83 0.003711 0000
64 4 16 84 0.003425 2222
64 4 16 85 0.003484 2222
64 4 16 86 0.003918 2222
64 4 16 87 0.003724 2222
64 4 16 88 0.003021 2222
64 4 16 89 0.003109 2222
64 4 16 90 0.003684 2222
64 4 16 91 0.003518 2222
64 4 16 92 0.004243 0000
64 4 16 93 0.003304 2222
64 4 16 94 0.003635 2222
64 4 16 95 0.003425 0000
64 4 16 96 0.003936 2222
64 4 16 97 0.003070 0000
64 4 16 98 0.003772 0000
64 4 16 99 0.002966 2222
64 4 32 0 0.001873 22
64 4 32 1 0.002757 00
64 4 32 2 0.002542 22
64 4 32 3 0.001773 22
64 4 32 4 0.002377 22
64 4 32 5 0.002418 22
64 4 32 6 0.002168 22
64 4 32 7 0.002075 22
64 4 32 8 0.002073 22
64 4 32 9 0.002187 00
64 4 32 10 0.001923 00
64 4 32 11 0.001903 22
64 4 32 12 0.002400 00
64 4 32 13 0.002124 22
64 4 32 14 0.001909 22
64 4 32 15 0.001773 22
64 4 32 16 0.002184 22
64 4 32 17 0.002314 22
64 4 32 18 0.002254 22
64 4 32 19 0.002607 22
64 4 32 20 0.002222 22
64 4 32 21 0.002310 22
64 4 32 22 0.002446 00
64 4 32 23 0.001923 00
64 4 32 24 0.002006 00
64 4 32 25 0.002085 22
64 4 32 26 0.002324 22
64 4 32 27 0.002431 22
64 4 32 28 0.002055 22
64 4 32 29 0.002173 00
64 4 32 30 0.002297 00
64 4 32 31 0.002753 22
64 4 32 32 0.002030 00
64 4 32 33 0.001835 00
64 4 32 34 0.002154 22
64 4 32 35 0.001884 22
64 4 32 36 0.002318 00
64 4 32 37 0.002318 22
64 4 32 38 0.002424 22
64 4 32 39 0.002646 22
64 4 32 40 0.002069 22
64 4 32 41 0.002219 00
64 4 32 42 0.002153 22
64 4 32 43 0.002221 22
64 4 32 44 0.002416 22
64 4 32 45 0.002246 00
64 4 32 46 0.002017 22
64 4 32 47 0.002173 22
64 4 32 48 0.002248 00
64 4 32 49 0.002190 22
64 4 32 50 0.002401 00
64 4 32 51 0.001905 00
64 4 32 52 0.002401 22
64 4 32 53 0.002111 22
64 4 32 54 0.002373 22
64 4 32 55 0.002596 22
64 4 32 56 0.001833 22
64 4 32 57 0.002063 22
64 4 32 58 0.002018 22
64 4 32 59 0.002215 00
64 4 32 60 0.002009 22
64 4 32 61 0.002583 22
64 4 32 62 0.002369 22
64 4 32 63 0.002450 22
64 4 32 64 0.001982 00
64 4 32 65 0.001829 22
64 4 32 66 0.002004 00
64 4 32 67 0.002549 00
64 4 32 68 0.002369 22
64 4 32 69 0.002121 22
64 4 32 70 0.001832 22
64 4 32 71 0.002374 00
64 4 32 72 0.002278 00
64 4 32 73 0.001985 22
64 4 32 74 0.002185 00
64 4 32 75 0.002000 22
64 4 32 76 0.002715 22
64 4 32 77 0.002396 22
64 4 32 78 0.002602 22
64 4 32 79 0.001758 22
64 4 32 80 0.002039 00
64 4 32 81 0.002368 00
64 4 32 82 0.002452 22
64 4 32 83 0.002163 00
64 4 32 84 0.002097 22
64 4 32 85 0.002168 22
64 4 32 86 0.002340 22
64 4 32 87 0.002122 22
64 4 32 88 0.001814 22
64 4 32 89 0.001928 22
64 4 32 90 0.002280 22
64 4 32 91 0.002556 22
64 4 32 92 0.002595 00
64 4 32 93 0.002186 22
64 4 32 94 0.002211 22
64 4 32 95 0.002107 00
64 4 32 96 0.002400 22
64 4 32 97 0.001883 00
64 4 32 98 0.002282 00
64 4 32 99 0.001827 22
64 8 16 0 0.005736 2222
64 8 16 1 0.009764 0000
64 8 16 2 0.008787 2222
64 8 16 3 0.004720 2222
64 8 16 4 0.007688 2222
64 8 16 5 0.007469 2222
64 8 16 6 0.006663 2222
64 8 16 7 0.006220 2222
64 8 16 8 0.005779 2222
64 8 16 9 0.006807 0000
64 8 16 10 0.006012 0000
64 8 16 11 0.005321 2222
64 8 16 12 0.007750 0000
64 8 16 13 0.006314 2222
64 8 16 14 0.006231 2222
64 8 16 15 0.005075 2222
64 8 16 16 0.007068 2222
64 8 16 17 0.006613 2222
64 8 16 18 0.006846 2222
64 8 16 19 0.008951 2222
64 8 16 20 0.007073 2222
64 8 16 21 0.007455 2222
64 8 16 22 0.007481 0000
64 8 16 23 0.005123 0000
64 8 16 24 0.005865 0000
64 8 16 25 0.006940 2222
64 8 16 26 0.007818 2222
64 8 16 27 0.007862 2222
64 8 16 28 0.005580 2222
64 8 16 29 0.007203 0000
64 8 16 30 0.007189 0000
64 8 16 31 0.010634 2222
64 8 16 32 0.006133 0000
64 8 16 33 0.005017 0000
64 8 16 34 0.005954 2222
64 8 16 35 0.004816 2222
64 8 16 36 0.007053 0000
64 8 16 37 0.007764 2222
64 8 16 38 0.008578 2222
64 8 16 39 0.008926 2222
64 8 16 40 0.006376 2222
64 8 16 41 0.007544 0000
64 8 16 42 0.006463 2222
64 8 16 43 0.006548 2222
64 8 16 44 0.007505 2222
64 8 16 45 0.007681 0000
64 8 16 46 0.006126 2222
64 8 16 47 0.006775 2222
64 8 16 48 0.008322 0000
64 8 16 49 0.006701 2222
64 8 16 50 0.007730 0000
64 8 16 51 0.005481 0000
64 8 16 52 0.007098 2222
64 8 16 53 0.006241 2222
64 8 16 54 0.008034 2222
64 8 16 55 0.008247 2222
64 8 16 56 0.005399 2222
64 8 16 57 0.006650 2222
64 8 16 58 0.005991 2222
64 8 16 59 0.007219 0000
64 8 16 60 0.006304 2222
64 8 16 61 0.009012 2222
64 8 16 62 0.007377 2222
64 8 16 63 0.008307 2222
64 8 16 64 0.005793 0000
64 8 16 65 0.005042 2222
64 8 16 66 0.005819 0000
64 8 16 67 0.008693 0000
64 8 16 68 0.007399 2222
64 8 16 69 0.005581 2222
64 8 16 70 0.005468 2222
64 8 16 71 0.008021 0000
64 8 16 72 0.007058 0000
64 8 16 73 0.006019 2222
64 8 16 74 0.007000 0000
64 8 16 75 0.006276 2222
64 8 16 76 0.010814 2222
64 8 16 77 0.007863 2222
64 8 16 78 0.008522 2222
64 8 16 79 0.005286 2222
64 8 16 80 0.006030 0000
64 8 16 81 0.007887 0000
64 8 16 82 0.008081 2222
64 8 16 83 0.007014 0000
64 8 16 84 0.006471 2222
64 8 16 85 0.007061 2222
64 8 16 86 0.007431 2222
64 8 16 87 0.007179 2222
64 8 16 88 0.005159 2222
64 8 16 89 0.005531 2222
64 8 16 90 0.007123 2222
64 8 16 91 0.006836 2222
64 8 16 92 0.009478 0000
64 8 16 93 0.005923 2222
64 8 16 94 0.007234 2222
64 8 16 95 0.006340 0000
64 8 16 96 0.008340 2222
64 8 16 97 0.005456 0000
64 8 16 98 0.008236 0000
64 8 16 99 0.005680 2222
64 8 32 0 0.003724 22
64 8 32 1 0.005939 00
64 8 32 2 0.005416 22
64 8 32 3 0.002840 22
64 8 32 4 0.004879 22
64 8 32 5 0.004900 22
64 8 32 6 0.004010 22
64 8 32 7 0.003807 22
64 8 32 8 0.003742 22
64 8 32 9 0.004415 00
64 8 32 10 0.003888 00
64 8 32 11 0.003342 22
64 8 32 12 0.004962 00
64 8 32 13 0.003940 22
64 8 32 14 0.003948 22
64 8 32 15 0.003132 22
64 8 32 16 0.004150 22
64 8 32 17 0.004335 22
64 8 32 18 0.004518 22
64 8 32 19 0.005563 22
64 8 32 20 0.004492 22
64 8 32 21 0.004720 22
64 8 32 22 0.004796 00
64 8 32 23 0.003252 00
64 8 32 24 0.003682 00
64 8 32 25 0.004299 22
64 8 32 26 0.004972 22
64 8 32 27 0.004920 22
64 8 32 28 0.003561 22
64 8 32 29 0.004462 00
64 8 32 30 0.004536 00
64 8 32 31 0.006234 22
64 8 32 32 0.004020 00
64 8 32 33 0.003183 00
64 8 32 34 0.003996 22
64 8 32 35 0.003009 22
64 8 32 36 0.004551 00
64 8 32 37 0.005064 22
64 8 32 38 0.005118 22
64 8 32 39 0.005655 22
64 8 32 40 0.004096 22
64 8 32 41 0.004896 00
64 8 32 42 0.004185 22
64 8 32 43 0.004390 22
64 8 32 44 0.004728 22
64 8 32 45 0.004476 00
64 8 32 46 0.003855 22
64 8 32 47 0.004196 22
64 8 32 48 0.004738 00
64 8 32 49 0.004349 22
64 8 32 50 0.004862 00
64 8 32 51 0.003596 00
64 8 32 52 0.004491 22
64 8 32 53 0.004025 22
64 8 32 54 0.004841 22
64 8 32 55 0.005154 22
64 8 32 56 0.003436 22
64 8 32 57 0.004263 22
64 8 32 58 0.003671 22
64 8 32 59 0.004637 00
64 8 32 60 0.004065 22
64 8 32 61 0.005623 22
64 8 32 62 0.004768 22
64 8 32 63 0.004966 22
64 8 32 64 0.003811 00
64 8 32 65 0.003265 22
64 8 32 66 0.003725 00
64 8 32 67 0.005672 00
64 8 32 68 0.004673 22
64 8 32 69 0.003755 22
64 8 32 70 0.003451 22
64 8 32 71 0.005095 00
64 8 32 72 0.004452 00
64 8 32 73 0.003833 22
64 8 32 74 0.004347 00
64 8 32 75 0.003912 22
64 8 32 76 0.006348 22
64 8 32 77 0.004958 22
64 8 32 78 0.005351 22
64 8 32 79 0.003159 22
64 8 32 80 0.003728 00
64 8 32 81 0.004747 00
64 8 32 82 0.005068 22
64 8 32 83 0.004235 00
64 8 32 84 0.004083 22
64 8 32 85 0.004354 22
64 8 32 86 0.004652 22
64 8 32 87 0.004391 22
64 8 32 88 0.003207 22
64 8 32 89 0.003451 22
64 8 32 90 0.004549 22
64 8 32 91 0.004323 22
64 8 32 92 0.006176 00
64 8 32 93 0.003983 22
64 8 32 94 0.004543 22
64 8 32 95 0.003826 00
64 8 32 96 0.005126 22
64 8 32 97 0.003342 00
64 8 32 98 0.005003 00
64 8 32 99 0.003667 22
128 2 4 0 0.030434 12222222222222222222222222222222
128 2 4 1 0.028079 12222222222222222222222222222000
128 2 4 2 0.030683 12222222222222222222222222222222
128 2 4 3 0.030830 12222222222222222222222222222222
128 2 4 4 0.032524 12222222222222222222222222222222
128 2 4 5 0.031443 12222222222222222222222222222222
128 2 4 6 0.032328 11222222222222222222222222222222
128 2 4 7 0.032547 12222222222222222222222222222222
128 2 4 8 0.033259 22222222222222222222222222222222
128 2 4 9 0.029110 00000000000000000000000000000000
128 2 4 10 0.033251 12222222222222222222222222222222
128 2 4 11 0.031919 12220000000000000000000000000000
128 2 4 12 0.030498 00000000000000000000000000000000
128 2 4 13 0.029414 12222222222222222222222222222222
128 2 4 14 0.034154 12222222222222222222222222222222
128 2 4 15 0.029013 12222222222222222000000000000000
128 2 4 16 0.030185 12222222222222222222222222222222
128 2 4 17 0.031826 22222222222222222222222222222222
128 2 4 18 0.033399 12222220000000000000000000000000
128 2 4 19 0.030374 12222222222222222222222222222222
128 2 4 20 0.031543 12222222222222222222222222222222
128 2 4 21 0.030670 00000000000000000000000000000000
128 2 4 22 0.032598 12222222222222222222222222222222
128 2 4 23 0.033419 00000000000000000000000000000000
128 2 4 24 0.031413 00000000000000000000000000000000
128 2 4 25 0.029457 12222222222222222222222222222222
128 2 4 26 0.031884 12222222222222222222222222222222
128 2 4 27 0.028803 12222222222222222222222222222222
128 2 4 28 0.032839 12222222222222222222222222222222
128 2 4 29 0.032597 12222222222222222222222222222222
128 2 4 30 0.030010 22222222222222222222222222222222
128 2 4 31 0.030756 00000000000000000000000000000000
128 2 4 32 0.031283 12222222222222222222222222222222
128 2 4 33 0.030861 00000000000000000000000000000000
128 2 4 34 0.032021 12222222222222222222222222222222
128 2 4 35 0.032793 00000000000000000000000000000000
128 2 4 36 0.031095 00000000000000000000000000000000
128 2 4 37 0.029974 22222222222222222222222222222222
128 2 4 38 0.030976 22222222222222222222222222222222
128 2 4 39 0.030841 12222222222222222222222222222222
128 2 4 40 0.028881 22222222222222222222222222222222
128 2 4 41 0.033337 12222222222222222222222222222222
128 2 4 42 0.032180 00000000000000000000000000000000
128 2 4 43 0.031373 12222222222222222222222222222222
128 2 4 44 0.030208 12222222222222222222222222222222
128 2 4 45 0.029664 12222222222222222222222222222222
128 2 4 46 0.031800 00000000000000000000000000000000
128 2 4 47 0.029610 22222222222222222222222222222222
128 2 4 48 0.030969 22222222222222222222222222222222
128 2 4 49 0.031973 12222222222222222222222222222222
128 2 4 50 0.033493 00000000000000000000000000000000
128 2 4 51 0.031927 12222222222222222222222222222222
128 2 4 52 0.032907 22222222222222222222222222222222
128 2 4 53 0.032822 22222222222222222222222222222222
128 2 4 54 0.032609 12222222222222222222222222222222
128 2 4 55 0.029312 00000000000000000000000000000000
128 2 4 56 0.031860 00000000000000000000000000000000
128 2 4 57 0.031008 12222222222222222222222222222222
128 2 4 58 0.033310 00000000000000000000000000000000
128 2 4 59 0.030482 00000000000000000000000000000000
128 2 4 60 0.030919 00000000000000000000000000000000
128 2 4 61 0.028011 12222222222222222222222222000000
128 2 4 62 0.031395 22222222222222222222222222222222
128 2 4 63 0.031453 12222222222222222222222222222222
128 2 4 64 0.031892 12222222222220000000000000000000
128 2 4 65 0.030137 22222222222222222222222222222222
128 2 4 66 0.030920 22222200000000000000000000000000
128 2 4 67 0.029906 22222222222222222222222222222222
128 2 4 68 0.030439 12222222222222222222222222222222
128 2 4 69 0.031078 00000000000000000000000000000000
128 2 4 70 0.030390 12222222222222222222222222222222
128 2 4 71 0.034861 00000000000000000000000000000000
128 2 4 72 0.032095 00000000000000000000000000000000
128 2 4 73 0.030992 22222222222222222222222222222222
128 2 4 74 0.032235 12222222222222222222222222222222
128 2 4 75 0.028348 00000000000000000000000000000000
128 2 4 76 0.031123 12000000000000000000000000000000
128 2 4 77 0.031502 12222222222222222222222222222222
128 2 4 78 0.029640 12222222222222222222222222222222
128 2 4 79 0.031109 00000000000000000000000000000000
128 2 4 80 0.030452 22222222222222222222222222222222
128 2 4 81 0.032528 12222222222222222222222222222222
128 2 4 82 0.033438 12222222222222222222222222222222
128 2 4 83 0.031133 12222222222222222222222222222222
128 2 4 84 0.032207 00000000000000000000000000000000
128 2 4 85 0.031879 12222222222222222222222222222222
128 2 4 86 0.029065 00000000000000000000000000000000
128 2 4 87 0.029024 12222222222222222222222222222222
128 2 4 88 0.032120 00000000000000000000000000000000
128 2 4 89 0.031298 12222222222222222222222222222222
128 2 4 90 0.030640 22222222222222222222222222222222
128 2 4 91 0.032368 22222222222222222222222222222222
128 2 4 92 0.030863 00000000000000000000000000000000
128 2 4 93 0.030549 00000000000000000000000000000000
128 2 4 94 0.029160 00000000000000000000000000000000
128 2 4 95 0.030517 12222222222222222222222222222222
128 2 4 96 0.032894 12222222222222222222222222222222
128 2 4 97 0.028900 22222222222222222222222222222222
128 2 4 98 0.031691 12222222222222222222222222222222
128 2 4 99 0.030540 22222222222222222222222222222222
128 2 8 0 0.015575 2222222222222222
128 2 8 1 0.014389 2222222222222200
128 2 8 2 0.015571 2222222222222222
128 2 8 3 0.015719 2222222222222222
128 2 8 4 0.016776 2222222222222222
128 2 8 5 0.015980 2222222222222222
128 2 8 6 0.016478 1222222222222222
128 2 8 7 0.016577 2222222222222222
128 2 8 8 0.016816 2222222222222222
128 2 8 9 0.014901 0000000000000000
128 2 8 10 0.016911 2222222222222222
128 2 8 11 0.016214 2200000000000000
128 2 8 12 0.015618 0000000000000000
128 2 8 13 0.015034 2222222222222222
128 2 8 14 0.017554 2222222222222222
128 2 8 15 0.014773 2222222200000000
128 2 8 16 0.015421 2222222222222222
128 2 8 17 0.016315 2222222222222222
128 2 8 18 0.016941 2220000000000000
128 2 8 19 0.015518 2222222222222222
128 2 8 20 0.016138 2222222222222222
128 2 8 21 0.015600 0000000000000000
128 2 8 22 0.016675 2222222222222222
128 2 8 23 0.016987 0000000000000000
128 2 8 24 0.016132 0000000000000000
128 2 8 25 0.015133 2222222222222222
128 2 8 26 0.016411 2222222222222222
128 2 8 27 0.014695 2222222222222222
128 2 8 28 0.016870 2222222222222222
128 2 8 29 0.016397 2222222222222222
128 2 8 30 0.015434 2222222222222222
128 2 8 31 0.015794 0000000000000000
128 2 8 32 0.016119 2222222222222222
128 2 8 33 0.015831 0000000000000000
128 2 8 34 0.016405 2222222222222222
128 2 8 35 0.016809 0000000000000000
128 2 8 36 0.016020 0000000000000000
128 2 8 37 0.015286 2222222222222222
128 2 8 38 0.015934 2222222222222222
128 2 8 39 0.015842 2222222222222222
128 2 8 40 0.014948 2222222222222222
128 2 8 41 0.017178 2222222222222222
128 2 8 42 0.016400 0000000000000000
128 2 8 43 0.016148 2222222222222222
128 2 8 44 0.015505 2222222222222222
128 2 8 45 0.015332 2222222222222222
128 2 8 46 0.016410 0000000000000000
128 2 8 47 0.015254 2222222222222222
128 2 8 48 0.015927 2222222222222222
128 2 8 49 0.016480 2222222222222222
128 2 8 50 0.017313 0000000000000000
128 2 8 51 0.016261 2222222222222222
128 2 8 52 0.017004 2222222222222222
128 2 8 53 0.016857 2222222222222222
128 2 8 54 0.016783 2222222222222222
128 2 8 55 0.015138 0000000000000000
128 2 8 56 0.016441 0000000000000000
128 2 8 57 0.016003 2222222222222222
128 2 8 58 0.017320 0000000000000000
128 2 8 59 0.015550 0000000000000000
128 2 8 60 0.015749 0000000000000000
128 2 8 61 0.014475 2222222222222000
128 2 8 62 0.016014 2222222222222222
128 2 8 63 0.016214 2222222222222222
128 2 8 64 0.016503 2222220000000000
128 2 8 65 0.015417 2222222222222222
128 2 8 66 0.015900 2220000000000000
128 2 8 67 0.016002 2222222222222222
128 2 8 68 0.015727 2222222222222222
128 2 8 69 0.016057 0000000000000000
128 2 8 70 0.015686 2222222222222222
128 2 8 71 0.017974 0000000000000000
128 2 8 72 0.016547 0000000000000000
128 2 8 73 0.015956 2222222222222222
128 2 8 74 0.016616 2222222222222222
128 2 8 75 0.014701 0000000000000000
128 2 8 76 0.015864 2000000000000000
128 2 8 77 0.016209 2222222222222222
128 2 8 78 0.015239 2222222222222222
128 2 8 79 0.015961 0000000000000000
128 2 8 80 0.015670 2222222222222222
128 2 8 81 0.016702 2222222222222222
128 2 8 82 0.017648 2222222222222222
128 2 8 83 0.016099 2222222222222222
128 2 8 84 0.016587 0000000000000000
128 2 8 85 0.016423 2222222222222222
128 2 8 86 0.015011 0000000000000000
128 2 8 87 0.014942 2222222222222222
128 2 8 88 0.016638 0000000000000000
128 2 8 89 0.016009 2222222222222222
128 2 8 90 0.015793 2222222222222222
128 2 8 91 0.016549 2222222222222222
128 2 8 92 0.015983 0000000000000000
128 2 8 93 0.015679 0000000000000000
128 2 8 94 0.015123 0000000000000000
128 2 8 95 0.015660 2222222222222222
128 2 8 96 0.016885 2222222222222222
128 2 8 97 0.014937 2222222222222222
128 2 8 98 0.016236 2222222222222222
128 2 8 99 0.015914 2222222222222222
128 2 16 0 0.008309 22222222
128 2 16 1 0.007663 22222220
128 2 16 2 0.008297 22222222
128 2 16 3 0.008379 22222222
128 2 16 4 0.008854 22222222
128 2 16 5 0.008479 22222222
128 2 16 6 0.008901 22222222
128 2 16 7 0.008793 22222222
128 2 16 8 0.008881 22222222
128 2 16 9 0.007952 00000000
128 2 16 10 0.008961 22222222
128 2 16 11 0.008702 20000000
128 2 16 12 0.008246 00000000
128 2 16 13 0.008133 22222222
128 2 16 14 0.009257 22222222
128 2 16 15 0.007888 22220000
128 2 16 16 0.008209 22222222
128 2 16 17 0.008611 22222222
128 2 16 18 0.009253 20000000
128 2 16 19 0.008226 22222222
128 2 16 20 0.008602 22222222
128 2 16 21 0.008298 00000000
128 2 16 22 0.008844 22222222
128 2 16 23 0.008921 00000000
128 2 16 24 0.008575 00000000
128 2 16 25 0.008020 22222222
128 2 16 26 0.008699 22222222
128 2 16 27 0.007811 22222222
128 2 16 28 0.008897 22222222
128 2 16 29 0.008690 22222222
128 2 16 30 0.008153 22222222
128 2 16 31 0.008408 00000000
128 2 16 32 0.008577 22222222
128 2 16 33 0.008400 00000000
128 2 16 34 0.008641 22222222
128 2 16 35 0.009034 00000000
128 2 16 36 0.008564 00000000
128 2 16 37 0.008201 22222222
128 2 16 38 0.008520 22222222
128 2 16 39 0.008383 22222222
128 2 16 40 0.007952 22222222
128 2 16 41 0.009120 22222222
128 2 16 42 0.008731 00000000
128 2 16 43 0.008491 22222222
128 2 16 44 0.008298 22222222
128 2 16 45 0.008200 22222222
128 2 16 46 0.008585 00000000
128 2 16 47 0.008208 22222222
128 2 16 48 0.008401 22222222
128 2 16 49 0.008756 22222222
128 2 16 50 0.008980 00000000
128 2 16 51 0.008661 22222222
128 2 16 52 0.009036 22222222
128 2 16 53 0.008910 22222222
128 2 16 54 0.008920 22222222
128 2 16 55 0.008022 00000000
128 2 16 56 0.008822 00000000
128 2 16 57 0.008461 22222222
128 2 16 58 0.009224 00000000
128 2 16 59 0.008375 00000000
128 2 16 60 0.008388 00000000
128 2 16 61 0.007625 22222200
128 2 16 62 0.008528 22222222
128 2 16 63 0.008669 22222222
128 2 16 64 0.008695 22200000
128 2 16 65 0.008336 22222222
128 2 16 66 0.008370 20000000
128 2 16 67 0.008243 22222222
128 2 16 68 0.008491 22222222
128 2 16 69 0.008470 00000000
128 2 16 70 0.008452 22222222
128 2 16 71 0.009539 00000000
128 2 16 72 0.008784 00000000
128 2 16 73 0.008522 22222222
128 2 16 74 0.008791 22222222
128 2 16 75 0.007703 00000000
128 2 16 76 0.008432 00000000
128 2 16 77 0.008594 22222222
128 2 16 78 0.008066 22222222
128 2 16 79 0.008478 00000000
128 2 16 80 0.008359 22222222
128 2 16 81 0.008815 22222222
128 2 16 82 0.009205 22222222
128 2 16 83 0.008478 22222222
128 2 16 84 0.008854 00000000
128 2 16 85 0.008725 22222222
128 2 16 86 0.007974 00000000
128 2 16 87 0.007906 22222222
128 2 16 88 0.008802 00000000
128 2 16 89 0.008605 22222222
128 2 16 90 0.008382 22222222
128 2 16 91 0.008747 22222222
128 2 16 92 0.008497 00000000
128 2 16 93 0.008314 00000000
128 2 16 94 0.008000 00000000
128 2 16 95 0.008317 22222222
128 2 16 96 0.009018 22222222
128 2 16 97 0.007912 22222222
128 2 16 98 0.008785 22222222
128 2 16 99 0.008391 22222222
128 2 32 0 0.004612 2222
128 2 32 1 0.004278 2220
128 2 32 2 0.004684 2222
128 2 32 3 0.004701 2222
128 2 32 4 0.004869 2222
128 2 32 5 0.004740 2222
128 2 32 6 0.004924 2222
128 2 32 7 0.004918 2222
128 2 32 8 0.004973 2222
128 2 32 9 0.004417 0000
128 2 32 10 0.005104 2222
128 2 32 11 0.004782 0000
128 2 32 12 0.004630 0000
128 2 32 13 0.004523 2222
128 2 32 14 0.005184 2222
128 2 32 15 0.004394 2200
128 2 32 16 0.004586 2222
128 2 32 17 0.004886 2222
128 2 32 18 0.004965 0000
128 2 32 19 0.004649 2222
128 2 32 20 0.004825 2222
128 2 32 21 0.004626 0000
128 2 32 22 0.004948 2222
128 2 32 23 0.005040 0000
128 2 32 24 0.004762 0000
128 2 32 25 0.004462 2222
128 2 32 26 0.004834 2222
128 2 32 27 0.004412 2222
128 2 32 28 0.004960 2222
128 2 32 29 0.004799 2222
128 2 32 30 0.004645 2222
128 2 32 31 0.004735 0000
128 2 32 32 0.004732 2222
128 2 32 33 0.004727 0000
128 2 32 34 0.004803 2222
128 2 32 35 0.005033 0000
128 2 32 36 0.004715 0000
128 2 32 37 0.004622 2222
128 2 32 38 0.004743 2222
128 2 32 39 0.004666 2222
128 2 32 40 0.004464 2222
128 2 32 41 0.005124 2222
128 2 32 42 0.004929 0000
128 2 32 43 0.004764 2222
128 2 32 44 0.004595 2222
128 2 32 45 0.004530 2222
128 2 32 46 0.004836 0000
128 2 32 47 0.004498 2222
128 2 32 48 0.004733 2222
128 2 32 49 0.004887 2222
128 2 32 50 0.005055 0000
128 2 32 51 0.004876 2222
128 2 32 52 0.005010 2222
128 2 32 53 0.004962 2222
128 2 32 54 0.005024 2222
128 2 32 55 0.004534 0000
128 2 32 56 0.004864 0000
128 2 32 57 0.004732 2222
128 2 32 58 0.005143 0000
128 2 32 59 0.004594 0000
128 2 32 60 0.004669 0000
128 2 32 61 0.004290 2220
128 2 32 62 0.004784 2222
128 2 32 63 0.004735 2222
128 2 32 64 0.004856 2000
128 2 32 65 0.004589 2222
128 2 32 66 0.004665 0000
128 2 32 67 0.004629 2222
128 2 32 68 0.004691 2222
128 2 32 69 0.004737 0000
128 2 32 70 0.004647 2222
128 2 32 71 0.005360 0000
128 2 32 72 0.004873 0000
128 2 32 73 0.004712 2222
128 2 32 74 0.004965 2222
128 2 32 75 0.004571 0000
128 2 32 76 0.004697 0000
128 2 32 77 0.004791 2222
128 2 32 78 0.004535 2222
128 2 32 79 0.004733 0000
128 2 32 80 0.004651 2222
128 2 32 81 0.004914 2222
128 2 32 82 0.005112 2222
128 2 32 83 0.004760 2222
128 2 32 84 0.004887 0000
128 2 32 85 0.004858 2222
128 2 32 86 0.004504 0000
128 2 32 87 0.004418 2222
128 2 32 88 0.004882 0000
128 2 32 89 0.004834 2222
128 2 32 90 0.004700 2222
128 2 32 91 0.004830 2222
128 2 32 92 0.004782 0000
128 2 32 93 0.004631 0000
128 2 32 94 0.004426 0000
128 2 32 95 0.004701 2222
128 2 32 96 0.004960 2222
128 2 32 97 0.004398 2222
128 2 32 98 0.004805 2222
128 2 32 99 0.004704 2222
128 4 8 0 0.024821 2222222222222222
128 4 8 1 0.021674 2222222222222222
128 4 8 2 0.025202 2222222222222222
128 4 8 3 0.025790 2222222222222222
128 4 8 4 0.027933 2222222222222222
128 4 8 5 0.025766 2222222222222222
128 4 8 6 0.026803 1222222222222222
128 4 8 7 0.027098 2222222222222222
128 4 8 8 0.028146 2222222222222222
128 4 8 9 0.021951 0000000000000000
128 4 8 10 0.029012 2222222222222222
128 4 8 11 0.026937 2222222222222222
128 4 8 12 0.024461 0000000000000000
128 4 8 13 0.023189 2222222222222222
128 4 8 14 0.029983 2222222222222222
128 4 8 15 0.021945 2222222222222222
128 4 8 16 0.024122 2222222222222222
128 4 8 17 0.026527 2222222222222222
128 4 8 18 0.028291 2222222222222222
128 4 8 19 0.025250 2222222222222222
128 4 8 20 0.026201 2222222222222222
128 4 8 21 0.024850 0000000000000000
128 4 8 22 0.027757 2222222222222222
128 4 8 23 0.027413 0000000000000000
128 4 8 24 0.026035 0000000000000000
128 4 8 25 0.023623 2222222222222222
128 4 8 26 0.026981 2222222222222222
128 4 8 27 0.022379 2222222222222222
128 4 8 28 0.028518 2222222222222222
128 4 8 29 0.026730 2222222222222222
128 4 8 30 0.024233 2222222222222222
128 4 8 31 0.025940 0000000000000000
128 4 8 32 0.026236 2222222222222222
128 4 8 33 0.025034 0000000000000000
128 4 8 34 0.026306 2222222222222222
128 4 8 35 0.028835 0000000000000000
128 4 8 36 0.025232 0000000000000000
128 4 8 37 0.024681 2222222222222222
128 4 8 38 0.026574 2222222222222222
128 4 8 39 0.025731 2222222222222222
128 4 8 40 0.022780 2222222222222222
128 4 8 41 0.030290 2222222222222222
128 4 8 42 0.027168 0000000000000000
128 4 8 43 0.026537 2222222222222222
128 4 8 44 0.024817 2222222222222222
128 4 8 45 0.024213 2222222222222222
128 4 8 46 0.026903 0000000000000000
128 4 8 47 0.023418 2222222222222222
128 4 8 48 0.025502 2222222222222222
128 4 8 49 0.028245 2222222222222222
128 4 8 50 0.028272 0000000000000000
128 4 8 51 0.026931 2222222222222222
128 4 8 52 0.028462 2222222222222222
128 4 8 53 0.027170 2222222222222222
128 4 8 54 0.027644 2222222222222222
128 4 8 55 0.023189 0000000000000000
128 4 8 56 0.026680 0000000000000000
128 4 8 57 0.025752 2222222222222222
128 4 8 58 0.030443 0000000000000000
128 4 8 59 0.025039 0000000000000000
128 4 8 60 0.024352 0000000000000000
128 4 8 61 0.022132 2222222222222222
128 4 8 62 0.026360 2222222222222222
128 4 8 63 0.025740 2222222222222222
128 4 8 64 0.026755 2222222222222222
128 4 8 65 0.023994 2222222222222222
128 4 8 66 0.025374 2222222222222222
128 4 8 67 0.022957 2222222222222222
128 4 8 68 0.025896 2222222222222222
128 4 8 69 0.026225 0000000000000000
128 4 8 70 0.025179 2222222222222222
128 4 8 71 0.031023 0000000000000000
128 4 8 72 0.028291 0000000000000000
128 4 8 73 0.026222 2222222222222222
128 4 8 74 0.027267 2222222222222222
128 4 8 75 0.022322 0000000000000000
128 4 8 76 0.025070 2222222222222222
128 4 8 77 0.027294 2222222222222222
128 4 8 78 0.023129 2222222222222222
128 4 8 79 0.025705 0000000000000000
128 4 8 80 0.025813 2222222222222222
128 4 8 81 0.029229 2222222222222222
128 4 8 82 0.029438 2222222222222222
128 4 8 83 0.026118 2222222222222222
128 4 8 84 0.027245 0000000000000000
128 4 8 85 0.027195 2222222222222222
128 4 8 86 0.023189 0000000000000000
128 4 8 87 0.022529 2222222222222222
128 4 8 88 0.026970 0000000000000000
128 4 8 89 0.025954 2222222222222222
128 4 8 90 0.025152 2222222222222222
128 4 8 91 0.026955 2222222222222222
128 4 8 92 0.023965 0000000000000000
128 4 8 93 0.025390 0000000000000000
128 4 8 94 0.023097 0000000000000000
128 4 8 95 0.024075 2222222222222222
128 4 8 96 0.028033 2222222222222222
128 4 8 97 0.022200 2222222222222222
128 4 8 98 0.027330 2222222222222222
128 4 8 99 0.024878 2222222222222222
128 4 16 0 0.013330 22222222
128 4 16 1 0.011350 22222222
128 4 16 2 0.013519 22222222
128 4 16 3 0.013503 22222222
128 4 16 4 0.014646 22222222
128 4 16 5 0.013763 22222222
128 4 16 6 0.014401 22222222
128 4 16 7 0.014287 22222222
128 4 16 8 0.014544 22222222
128 4 16 9 0.011761 00000000
128 4 16 10 0.015161 22222222
128 4 16 11 0.014225 22222222
128 4 16 12 0.012944 00000000
128 4 16 13 0.012375 22222222
128 4 16 14 0.016033 22222222
128 4 16 15 0.011605 22222222
128 4 16 16 0.012843 22222222
128 4 16 17 0.014040 22222222
128 4 16 18 0.014769 22222222
128 4 16 19 0.013970 22222222
128 4 16 20 0.013921 22222222
128 4 16 21 0.013033 00000000
128 4 16 22 0.014577 22222222
128 4 16 23 0.014455 00000000
128 4 16 24 0.013650 00000000
128 4 16 25 0.012599 22222222
128 4 16 26 0.014063 22222222
128 4 16 27 0.011822 22222222
128 4 16 28 0.014935 22222222
128 4 16 29 0.014070 22222222
128 4 16 30 0.012875 22222222
128 4 16 31 0.013827 00000000
128 4 16 32 0.013674 22222222
128 4 16 33 0.013298 00000000
128 4 16 34 0.014033 22222222
128 4 16 35 0.015099 00000000
128 4 16 36 0.013394 00000000
128 4 16 37 0.013270 22222222
128 4 16 38 0.013895 22222222
128 4 16 39 0.013701 22222222
128 4 16 40 0.012207 22222222
128 4 16 41 0.015483 22222222
128 4 16 42 0.014579 00000000
128 4 16 43 0.013770 22222222
128 4 16 44 0.012922 22222222
128 4 16 45 0.012925 22222222
128 4 16 46 0.014028 00000000
128 4 16 47 0.012261 22222222
128 4 16 48 0.013686 22222222
128 4 16 49 0.015145 22222222
128 4 16 50 0.014920 00000000
128 4 16 51 0.014368 22222222
128 4 16 52 0.014857 22222222
128 4 16 53 0.014438 22222222
128 4 16 54 0.014776 22222222
128 4 16 55 0.012167 00000000
128 4 16 56 0.014312 00000000
128 4 16 57 0.013672 22222222
128 4 16 58 0.016282 00000000
128 4 16 59 0.013314 00000000
128 4 16 60 0.012943 00000000
128 4 16 61 0.011826 22222222
128 4 16 62 0.013878 22222222
128 4 16 63 0.013448 22222222
128 4 16 64 0.014071 22222222
128 4 16 65 0.012838 22222222
128 4 16 66 0.013483 22222222
128 4 16 67 0.012126 22222222
128 4 16 68 0.013856 22222222
128 4 16 69 0.013946 00000000
128 4 16 70 0.013421 22222222
128 4 16 71 0.016402 00000000
128 4 16 72 0.014807 00000000
128 4 16 73 0.013883 22222222
128 4 16 74 0.014497 22222222
128 4 16 75 0.011773 00000000
128 4 16 76 0.013332 22222222
128 4 16 77 0.014340 22222222
128 4 16 78 0.012307 22222222
128 4 16 79 0.013811 00000000
128 4 16 80 0.013905 22222222
128 4 16 81 0.015226 22222222
128 4 16 82 0.015752 22222222
128 4 16 83 0.013999 22222222
128 4 16 84 0.014381 00000000
128 4 16 85 0.014308 22222222
128 4 16 86 0.012220 00000000
128 4 16 87 0.012001 22222222
128 4 16 88 0.014411 00000000
128 4 16 89 0.013922 22222222
128 4 16 90 0.013042 22222222
128 4 16 91 0.014202 22222222
128 4 16 92 0.013128 00000000
128 4 16 93 0.013340 00000000
128 4 16 94 0.012233 00000000
128 4 16 95 0.012831 22222222
128 4 16 96 0.014848 22222222
128 4 16 97 0.011746 22222222
128 4 16 98 0.014480 22222222
128 4 16 99 0.013158 22222222
128 4 32 0 0.007323 2222
128 4 32 1 0.006464 2222
128 4 32 2 0.007611 2222
128 4 32 3 0.007522 2222
128 4 32 4 0.008086 2222
128 4 32 5 0.007499 2222
128 4 32 6 0.008113 2222
128 4 32 7 0.008025 2222
128 4 32 8 0.008209 2222
128 4 32 9 0.006741 0000
128 4 32 10 0.008398 2222
128 4 32 11 0.007861 2222
128 4 32 12 0.007380 0000
128 4 32 13 0.007107 2222
128 4 32 14 0.008910 2222
128 4 32 15 0.006484 2222
128 4 32 16 0.007210 2222
128 4 32 17 0.007996 2222
128 4 32 18 0.008359 2222
128 4 32 19 0.007558 2222
128 4 32 20 0.007754 2222
128 4 32 21 0.007322 0000
128 4 32 22 0.008226 2222
128 4 32 23 0.008089 0000
128 4 32 24 0.007583 0000
128 4 32 25 0.007077 2222
128 4 32 26 0.007999 2222
128 4 32 27 0.006652 2222
128 4 32 28 0.008280 2222
128 4 32 29 0.007764 2222
128 4 32 30 0.007269 2222
128 4 32 31 0.007785 0000
128 4 32 32 0.007795 2222
128 4 32 33 0.007289 0000
128 4 32 34 0.007800 2222
128 4 32 35 0.008961 0000
128 4 32 36 0.007327 0000
128 4 32 37 0.007564 2222
128 4 32 38 0.007964 2222
128 4 32 39 0.007660 2222
128 4 32 40 0.007023 2222
128 4 32 41 0.008672 2222
128 4 32 42 0.008062 0000
128 4 32 43 0.007747 2222
128 4 32 44 0.007314 2222
128 4 32 45 0.007167 2222
128 4 32 46 0.007908 0000
128 4 32 47 0.006797 2222
128 4 32 48 0.007607 2222
128 4 32 49 0.008322 2222
128 4 32 50 0.008264 0000
128 4 32 51 0.008141 2222
128 4 32 52 0.008129 2222
128 4 32 53 0.008018 2222
128 4 32 54 0.008591 2222
128 4 32 55 0.006996 0000
128 4 32 56 0.008024 0000
128 4 32 57 0.007749 2222
128 4 32 58 0.008962 0000
128 4 32 59 0.007310 0000
128 4 32 60 0.007286 0000
128 4 32 61 0.006530 2222
128 4 32 62 0.007743 2222
128 4 32 63 0.007419 2222
128 4 32 64 0.007760 2222
128 4 32 65 0.007259 2222
128 4 32 66 0.007582 2222
128 4 32 67 0.006849 2222
128 4 32 68 0.007730 2222
128 4 32 69 0.007878 0000
128 4 32 70 0.007513 2222
128 4 32 71 0.009254 0000
128 4 32 72 0.008345 0000
128 4 32 73 0.007705 2222
128 4 32 74 0.008051 2222
128 4 32 75 0.006553 0000
128 4 32 76 0.007561 2222
128 4 32 77 0.008028 2222
128 4 32 78 0.006804 2222
128 4 32 79 0.007655 0000
128 4 32 80 0.007638 2222
128 4 32 81 0.008441 2222
128 4 32 82 0.008833 2222
128 4 32 83 0.007887 2222
128 4 32 84 0.008025 0000
128 4 32 85 0.008068 2222
128 4 32 86 0.006912 0000
128 4 32 87 0.006679 2222
128 4 32 88 0.008023 0000
128 4 32 89 0.007736 2222
128 4 32 90 0.007477 2222
128 4 32 91 0.007976 2222
128 4 32 92 0.007093 0000
128 4 32 93 0.007492 0000
128 4 32 94 0.006678 0000
128 4 32 95 0.007197 2222
128 4 32 96 0.008249 2222
128 4 32 97 0.006564 2222
128 4 32 98 0.008181 2222
128 4 32 99 0.007338 2222
128 8 16 0 0.027773 22222222
128 8 16 1 0.022395 22222222
128 8 16 2 0.026755 22222222
128 8 16 3 0.028479 22222222
128 8 16 4 0.031764 22222222
128 8 16 5 0.027651 22222222
128 8 16 6 0.031995 22222222
128 8 16 7 0.032321 22222222
128 8 16 8 0.031843 22222222
128 8 16 9 0.022510 00000000
128 8 16 10 0.033685 22222222
128 8 16 11 0.030134 22222222
128 8 16 12 0.027333 00000000
128 8 16 13 0.025319 22222222
128 8 16 14 0.034376 22222222
128 8 16 15 0.023613 22222222
128 8 16 16 0.026272 22222222
128 8 16 17 0.031511 22222222
128 8 16 18 0.033675 22222222
128 8 16 19 0.027341 22222222
128 8 16 20 0.030262 22222222
128 8 16 21 0.026903 00000000
128 8 16 22 0.030474 22222222
128 8 16 23 0.032106 00000000
128 8 16 24 0.027128 00000000
128 8 16 25 0.025444 22222222
128 8 16 26 0.031529 22222222
128 8 16 27 0.023476 22222222
128 8 16 28 0.032769 22222222
128 8 16 29 0.030525 22222222
128 8 16 30 0.026447 22222222
128 8 16 31 0.028255 00000000
128 8 16 32 0.029939 22222222
128 8 16 33 0.026724 00000000
128 8 16 34 0.030548 22222222
128 8 16 35 0.032468 00000000
128 8 16 36 0.028245 00000000
128 8 16 37 0.025002 22222222
128 8 16 38 0.030275 22222222
128 8 16 39 0.029191 22222222
128 8 16 40 0.024696 22222222
128 8 16 41 0.035888 22222222
128 8 16 42 0.030920 00000000
128 8 16 43 0.031103 22222222
128 8 16 44 0.025416 22222222
128 8 16 45 0.026110 22222222
128 8 16 46 0.030355 00000000
128 8 16 47 0.024766 22222222
128 8 16 48 0.028574 22222222
128 8 16 49 0.033094 22222222
128 8 16 50 0.033630 00000000
128 8 16 51 0.031719 22222222
128 8 16 52 0.031662 22222222
128 8 16 53 0.029979 22222222
128 8 16 54 0.032250 22222222
128 8 16 55 0.025392 00000000
128 8 16 56 0.030050 00000000
128 8 16 57 0.029223 22222222
128 8 16 58 0.038552 00000000
128 8 16 59 0.026700 00000000
128 8 16 60 0.025351 00000000
128 8 16 61 0.022328 22222222
128 8 16 62 0.030481 22222222
128 8 16 63 0.028669 22222222
128 8 16 64 0.028812 22222222
128 8 16 65 0.026045 22222222
128 8 16 66 0.028273 22222222
128 8 16 67 0.023533 22222222
128 8 16 68 0.029252 22222222
128 8 16 69 0.029208 00000000
128 8 16 70 0.027729 22222222
128 8 16 71 0.037020 00000000
128 8 16 72 0.033282 00000000
128 8 16 73 0.030775 22222222
128 8 16 74 0.031032 22222222
128 8 16 75 0.022565 00000000
128 8 16 76 0.028095 22222222
128 8 16 77 0.031284 22222222
128 8 16 78 0.025910 22222222
128 8 16 79 0.028341 00000000
128 8 16 80 0.028694 22222222
128 8 16 81 0.032159 22222222
128 8 16 82 0.035849 22222222
128 8 16 83 0.030067 22222222
128 8 16 84 0.029049 00000000
128 8 16 85 0.030428 22222222
128 8 16 86 0.024657 00000000
128 8 16 87 0.024646 22222222
128 8 16 88 0.034050 00000000
128 8 16 89 0.029784 22222222
128 8 16 90 0.028216 22222222
128 8 16 91 0.030629 22222222
128 8 16 92 0.027404 00000000
128 8 16 93 0.027530 00000000
128 8 16 94 0.022761 00000000
128 8 16 95 0.025991 22222222
128 8 16 96 0.034147 22222222
128 8 16 97 0.023791 22222222
128 8 16 98 0.031867 22222222
128 8 16 99 0.028459 22222222
128 8 32 0 0.015725 2222
128 8 32 1 0.013084 2222
128 8 32 2 0.015161 2222
128 8 32 3 0.016052 2222
128 8 32 4 0.017981 2222
128 8 32 5 0.016388 2222
128 8 32 6 0.018245 2222
128 8 32 7 0.017867 2222
128 8 32 8 0.018016 2222
128 8 32 9 0.012719 0000
128 8 32 10 0.018807 2222
128 8 32 11 0.017004 2222
128 8 32 12 0.015603 0000
128 8 32 13 0.014924 2222
128 8 32 14 0.019580 2222
128 8 32 15 0.013409 2222
128 8 32 16 0.014862 2222
128 8 32 17 0.016974 2222
128 8 32 18 0.018796 2222
128 8 32 19 0.015268 2222
128 8 32 20 0.017006 2222
128 8 32 21 0.015550 0000
128 8 32 22 0.016969 2222
128 8 32 23 0.018088 0000
128 8 32 24 0.014983 0000
128 8 32 25 0.014429 2222
128 8 32 26 0.017747 2222
128 8 32 27 0.013436 2222
128 8 32 28 0.018677 2222
128 8 32 29 0.016469 2222
128 8 32 30 0.014509 2222
128 8 32 31 0.016308 0000
128 8 32 32 0.015982 2222
128 8 32 33 0.014763 0000
128 8 32 34 0.016792 2222
128 8 32 35 0.018292 0000
128 8 32 36 0.015595 0000
128 8 32 37 0.014486 2222
128 8 32 38 0.017005 2222
128 8 32 39 0.016930 2222
128 8 32 40 0.014194 2222
128 8 32 41 0.019912 2222
128 8 32 42 0.017451 0000
128 8 32 43 0.017610 2222
128 8 32 44 0.014495 2222
128 8 32 45 0.014745 2222
128 8 32 46 0.017244 0000
128 8 32 47 0.013752 2222
128 8 32 48 0.016271 2222
128 8 32 49 0.018818 2222
128 8 32 50 0.019163 0000
128 8 32 51 0.017475 2222
128 8 32 52 0.017462 2222
128 8 32 53 0.016748 2222
128 8 32 54 0.019176 2222
128 8 32 55 0.014640 0000
128 8 32 56 0.016687 0000
128 8 32 57 0.017105 2222
128 8 32 58 0.020662 0000
128 8 32 59 0.015003 0000
128 8 32 60 0.014566 0000
128 8 32 61 0.012281 2222
128 8 32 62 0.017149 2222
128 8 32 63 0.015427 2222
128 8 32 64 0.015860 2222
128 8 32 65 0.014837 2222
128 8 32 66 0.016056 2222
128 8 32 67 0.013518 2222
128 8 32 68 0.016231 2222
128 8 32 69 0.016556 0000
128 8 32 70 0.015618 2222
128 8 32 71 0.020370 0000
128 8 32 72 0.018894 0000
128 8 32 73 0.016659 2222
128 8 32 74 0.017694 2222
128 8 32 75 0.012364 0000
128 8 32 76 0.015702 2222
128 8 32 77 0.017243 2222
128 8 32 78 0.013862 2222
128 8 32 79 0.015612 0000
128 8 32 80 0.016231 2222
128 8 32 81 0.017974 2222
128 8 32 82 0.020557 2222
128 8 32 83 0.017206 2222
128 8 32 84 0.016106 0000
128 8 32 85 0.017162 2222
128 8 32 86 0.014501 0000
128 8 32 87 0.013398 2222
128 8 32 88 0.016946 0000
128 8 32 89 0.016914 2222
128 8 32 90 0.015616 2222
128 8 32 91 0.016816 2222
128 8 32 92 0.015390 0000
128 8 32 93 0.015264 0000
128 8 32 94 0.012661 0000
128 8 32 95 0.014492 2222
128 8 32 96 0.018524 2222
128 8 32 97 0.013467 2222
128 8 32 98 0.018419 2222
128 8 32 99 0.015825 2222
256 2 4 0 0.134270 1222222222222222222222222222222222222222222222222222222222222222
256 2 4 1 0.126708 1222222222222222000000000000000000000000000000000000000000000000
256 2 4 2 0.126249 1222222222222222222222222222222222222222222222222222222222222222
256 2 4 3 0.119205 2222222222222222222222222222222222222222222222222222222222222222
256 2 4 4 0.131463 0000000000000000000000000000000000000000000000000000000000000000
256 2 4 5 0.119065 1222222222222222222222222222222222222222222222222222222222222222
256 2 4 6 0.128327 1222222222222222222222222222222222222222222222222222222222222222
256 2 4 7 0.128291 1222222222222222222222222222222222222222222222222222222222222222
256 2 4 8 0.127162 0000000000000000000000000000000000000000000000000000000000000000
256 2 4 9 0.128586 2222222222222222222222222222222222222222222222222222222222222222
256 2 4 10 0.124856 1222222222222222222222222222222200000000000000000000000000000000
256 2 4 11 0.127487 2222222222222222222222222222222222222222222222222222222222222222
256 2 4 12 0.120044 0000000000000000000000000000000000000000000000000000000000000000
256 2 4 13 0.120174 1222222222222222222222222222222222222222222222222222222222222220
256 2 4 14 0.124013 1222222222222222222222222222222222222222222222222222222222222222
256 2 4 15 0.122983 1222222222222222222222222222222222222222222222222222222222222222
256 2 4 16 0.121684 2222222222222222222222222222222222222222222222222222222222222222
256 2 4 17 0.120591 1222222222222222222222222200000000000000000000000000000000000000
256 2 4 18 0.131596 0000000000000000000000000000000000000000000000000000000000000000
256 2 4 19 0.129261 2222222222222222200000000000000000000000000000000000000000000000
256 2 4 20 0.124082 0000000000000000000000000000000000000000000000000000000000000000
256 2 4 21 0.123812 1222222222222222222222222222222222222222222222222222222222222222
256 2 4 22 0.130348 2222222222222222222222222222222222222222222222222222222222222222
256 2 4 23 0.125880 2222222222222222222222222222222222222222222222222222222222222222
256 2 4 24 0.123055 1222222222222222222222222222222222222222222222222222222222222222
256 2 4 25 0.123198 1222222222222222222222222222222222222222222222222222222222222222
256 2 4 26 0.124104 1222222222222222222222222222222222222222222222222222222222222222
256 2 4 27 0.115987 1222222222222222222222222222222222222222222222222222222222222222
256 2 4 28 0.127402 0000000000000000000000000000000000000000000000000000000000000000
256 2 4 29 0.123052 1222222222222222222222222222222222222222222222222222222222222222
256 2 4 30 0.123844 1222222222222222222222222222222222222222222222222222222222222222
256 2 4 31 0.128167 1222222000000000000000000000000000000000000000000000000000000000
256 2 4 32 0.126689 1222222222222222222222222222222222222222222222222222222222222222
256 2 4 33 0.127027 0000000000000000000000000000000000000000000000000000000000000000
256 2 4 34 0.123885 1222222222222222222222222222222222222222222222222222222222222222
256 2 4 35 0.124819 2222222222222222222222222222222222222222222222222222222222222222
256 2 4 36 0.122782 2222222222222222222222222222222222222222222222222222222222222222
256 2 4 37 0.124634 1122222222222222222222222222222222222222222222222222222222222222
256 2 4 38 0.128002 0000000000000000000000000000000000000000000000000000000000000000
256 2 4 39 0.124723 0000000000000000000000000000000000000000000000000000000000000000
256 2 4 40 0.123954 1222222222222222222222222222222222222222222222222222222222200000
256 2 4 41 0.121840 2222222222222222222222222222222222222222222222222222222222222222
256 2 4 42 0.128666 0000000000000000000000000000000000000000000000000000000000000000
256 2 4 43 0.119375 1222222222222222222222222222222222222222222222222222222222222222
256 2 4 44 0.119023 1222222222222222222222222222222222222222222222222222222222222222
256 2 4 45 0.123580 0000000000000000000000000000000000000000000000000000000000000000
256 2 4 46 0.122558 1122222222222222222222222222222222222222222222222222222222222222
256 2 4 47 0.126829 1222222222222222222222222222222222222222222222222222222222222222
256 2 4 48 0.121830 1222222222222222222222222222222222222222222222222222222222222222
256 2 4 49 0.121318 1222222222222222222222222222222222222222222222222222220000000000
256 2 4 50 0.124128 1222222222222222222222222222222222222222200000000000000000000000
256 2 4 51 0.117063 0000000000000000000000000000000000000000000000000000000000000000
256 2 4 52 0.125824 1222222222222222222222222222222222222222222222222222222222222222
256 2 4 53 0.123645 1122222222222222222222222222222222222222222222222222222222222222
256 2 4 54 0.125590 1222222222222222222222222222222222222222222222222222222222222222
256 2 4 55 0.123250 1222222222222222222222222222222222222222222222222222222222222222
256 2 4 56 0.120676 0000000000000000000000000000000000000000000000000000000000000000
256 2 4 57 0.125805 1222222222222222222222222222222222222222222200000000000000000000
256 2 4 58 0.122995 1222222222222222222222222222222222222222222222222222200000000000
256 2 4 59 0.122305 0000000000000000000000000000000000000000000000000000000000000000
256 2 4 60 0.122554 1222222222222222222222222222222222222222222222222222222222222222
256 2 4 61 0.127516 1222222222222222222222222222222222222222222222222222222222222222
256 2 4 62 0.124959 0000000000000000000000000000000000000000000000000000000000000000
256 2 4 63 0.123819 1222222222222222222222222222222222222222222222222222222222222222
256 2 4 64 0.117615 2222222222222222222222222222222222222222222222222222222222222222
256 2 4 65 0.121340 0000000000000000000000000000000000000000000000000000000000000000
256 2 4 66 0.123608 2222222222222222222222222222222222222222222222222222222222222222
256 2 4 67 0.122432 0000000000000000000000000000000000000000000000000000000000000000
256 2 4 68 0.117459 1222222222222222222222222222222222222222222222222222222222222222
256 2 4 69 0.119594 1222222222222222222222222222222222222222222222222222222222222222
256 2 4 70 0.123901 0000000000000000000000000000000000000000000000000000000000000000
256 2 4 71 0.129402 0000000000000000000000000000000000000000000000000000000000000000
256 2 4 72 0.119863 2222222222222222222222222222222222222222222222222222222222222222
256 2 4 73 0.122049 2222222222222222222222222222222222222222222222222222222222222222
256 2 4 74 0.118265 1222222222222222222222222222222222222222222222222222222222222222
256 2 4 75 0.124887 1122222222222222222222222222222222222222222222222222222222222222
256 2 4 76 0.120304 1222222222222222222222222222222222222222222222222222222222222222
256 2 4 77 0.122467 1222222222222222222222222222222222222222222222222222222222222222
256 2 4 78 0.122601 1222222222222222222222222222222222222222222222222222222222222222
256 2 4 79 0.119841 1222222222222222222222222222222222222222222222222222222222222222
256 2 4 80 0.125362 2222222222222222222222222222222222222222222222222222222222222222
256 2 4 81 0.127433 2222222222222222222222222222222222222222222222222222222222222222
256 2 4 82 0.125770 1222222222222222222222222222222222222222222222222222222222222222
256 2 4 83 0.115220 2222222222222222222222222222222222222222222222222222222222222222
256 2 4 84 0.121043 0000000000000000000000000000000000000000000000000000000000000000
256 2 4 85 0.121877 1222222222222222222222222222222222222222222222222222222222222222
256 2 4 86 0.123748 2222222222222222222222222222222222222222222222222222222222222222
256 2 4 87 0.121907 1222222222222222222222222222222222222222222222222222222222222222
256 2 4 88 0.124933 1222222222222222222222222222222222222222222222222222222222222222
256 2 4 89 0.125415 1222222222222222222222222222222222222222222222222222222222222222
256 2 4 90 0.127121 2222222222222222222222222222222222222222222222222222222222222222
256 2 4 91 0.127024 1222222222222222222222222222222222222222222222222222222222220000
256 2 4 92 0.117867 2222222222222222222222222222222222222222222222222222222222222222
256 2 4 93 0.121500 1222222222222222222222222222222222222222222222222222222222222222
256 2 4 94 0.124009 0000000000000000000000000000000000000000000000000000000000000000
256 2 4 95 0.126504 1222222222222222222222222222222222222222222222222222222222222222
256 2 4 96 0.123828 2222222222222222222222222222222222222222222222222222222222222222
256 2 4 97 0.122316 0000000000000000000000000000000000000000000000000000000000000000
256 2 4 98 0.125473 2222222222222222222222222222222222222222222222222222222222222222
256 2 4 99 0.128168 2222222222222222222222222222222222222222222222222222222222222222
256 2 8 0 0.067446 22222222222222222222222222222222
256 2 8 1 0.063565 22222222000000000000000000000000
256 2 8 2 0.063735 22222222222222222222222222222222
256 2 8 3 0.059899 22222222222222222222222222222222
256 2 8 4 0.065954 00000000000000000000000000000000
256 2 8 5 0.059416 22222222222222222222222222222222
256 2 8 6 0.064499 22222222222222222222222222222222
256 2 8 7 0.064612 22222222222222222222222222222222
256 2 8 8 0.064279 00000000000000000000000000000000
256 2 8 9 0.064596 22222222222222222222222222222222
256 2 8 10 0.062844 22222222222222220000000000000000
256 2 8 11 0.064011 00000000000000000000000000000000
256 2 8 12 0.060573 00000000000000000000000000000000
256 2 8 13 0.061335 22222222222222222222222222222220
256 2 8 14 0.061922 22222222222222222222222222222222
256 2 8 15 0.062062 22222222222222222222222222222222
256 2 8 16 0.061379 22222222222222222222222222222222
256 2 8 17 0.060822 22222222222220000000000000000000
256 2 8 18 0.066779 00000000000000000000000000000000
256 2 8 19 0.064691 22222222000000000000000000000000
256 2 8 20 0.063025 00000000000000000000000000000000
256 2 8 21 0.062452 22222222222222222222222222222222
256 2 8 22 0.065835 22222222222222222222222222222222
256 2 8 23 0.063645 22222222222222222222222222222222
256 2 8 24 0.061990 22222222222222222222222222222222
256 2 8 25 0.062518 22222222222222222222222222222222
256 2 8 26 0.062565 22222222222222222222222222222222
256 2 8 27 0.058184 22222222222222222222222222222222
256 2 8 28 0.064414 00000000000000000000000000000000
256 2 8 29 0.062161 22222222222222222222222222222222
256 2 8 30 0.062578 22222222222222222222222222222222
256 2 8 31 0.064726 22200000000000000000000000000000
256 2 8 32 0.063996 22222222222222222222222222222222
256 2 8 33 0.064526 00000000000000000000000000000000
256 2 8 34 0.062544 22222222222222222222222222222222
256 2 8 35 0.063146 22222222222222222222222222222222
256 2 8 36 0.061997 22222222222222222222222222222222
256 2 8 37 0.063465 12222222222222222222222222222222
256 2 8 38 0.064869 00000000000000000000000000000000
256 2 8 39 0.062953 00000000000000000000000000000000
256 2 8 40 0.062664 22222222222222222222222222222000
256 2 8 41 0.061953 22222222222222222222222222222222
256 2 8 42 0.065144 00000000000000000000000000000000
256 2 8 43 0.060595 22222222222222222222222222222222
256 2 8 44 0.060447 22222222222222222222222222222222
256 2 8 45 0.062585 00000000000000000000000000000000
256 2 8 46 0.062048 12222222222222222222222222222222
256 2 8 47 0.064449 22222222222222222222222222222222
256 2 8 48 0.061724 22222222222222222222222222222222
256 2 8 49 0.061298 22222222222222222222222222200000
256 2 8 50 0.062587 22222222222222222222000000000000
256 2 8 51 0.059311 00000000000000000000000000000000
256 2 8 52 0.063780 22222222222222222222222222222222
256 2 8 53 0.062780 12222222222222222222222222222222
256 2 8 54 0.063688 22222222222222222222222222222222
256 2 8 55 0.062482 22222222222222222222222222222222
256 2 8 56 0.060931 00000000000000000000000000000000
256 2 8 57 0.063666 22222222222222222222220000000000
256 2 8 58 0.062110 22222222222222222222222222000000
256 2 8 59 0.062556 00000000000000000000000000000000
256 2 8 60 0.062289 22222222222222222222222222222222
256 2 8 61 0.064709 22222222222222222222222222222222
256 2 8 62 0.062884 00000000000000000000000000000000
256 2 8 63 0.063077 22222222222222222222222222222222
256 2 8 64 0.059056 00000000000000000000000000000000
256 2 8 65 0.061592 00000000000000000000000000000000
256 2 8 66 0.062432 22222222222222222222222222222222
256 2 8 67 0.061994 00000000000000000000000000000000
256 2 8 68 0.059453 22222222222222222222222222222222
256 2 8 69 0.060796 22222222222222222222222222222222
256 2 8 70 0.062695 00000000000000000000000000000000
256 2 8 71 0.065213 00000000000000000000000000000000
256 2 8 72 0.060339 22222222222222222222222222222222
256 2 8 73 0.061534 22222222222222222222222222222222
256 2 8 74 0.060237 22222222222222222222222222222222
256 2 8 75 0.062575 12222222222222222222222222222222
256 2 8 76 0.061008 22222222222222222222222222222222
256 2 8 77 0.061876 22222222222222222222222222222222
256 2 8 78 0.062354 22222222222222222222222222222222
256 2 8 79 0.061259 22222222222222222222222222222222
256 2 8 80 0.063769 22222222222222222222222222222222
256 2 8 81 0.064431 22222222222222222222222222222222
256 2 8 82 0.063797 22222222222222222222222222222222
256 2 8 83 0.058103 22222222222222222222222222222222
256 2 8 84 0.061538 00000000000000000000000000000000
256 2 8 85 0.061704 22222222222222222222222222222222
256 2 8 86 0.062663 22222222222222222222222222222222
256 2 8 87 0.061510 22222222222222222222222222222222
256 2 8 88 0.063065 22222222222222222222222222222222
256 2 8 89 0.063858 22222222222222222222222222222222
256 2 8 90 0.064031 22222222222222222222222222222222
256 2 8 91 0.064212 22222222222222222222222222222200
256 2 8 92 0.059634 22222222222222222222222222222222
256 2 8 93 0.062149 22222222222222222222222222222222
256 2 8 94 0.064214 00000000000000000000000000000000
256 2 8 95 0.064208 22222222222222222222222222222222
256 2 8 96 0.062844 22222222222222222222222222000000
256 2 8 97 0.061824 00000000000000000000000000000000
256 2 8 98 0.063556 22222222222222222222222222222222
256 2 8 99 0.064091 22222222222222222222222222222222
256 2 16 0 0.034769 2222222222222222
256 2 16 1 0.032652 2222000000000000
256 2 16 2 0.032656 2222222222222222
256 2 16 3 0.030940 2222222222222222
256 2 16 4 0.033934 0000000000000000
256 2 16 5 0.030703 2222222222222222
256 2 16 6 0.033281 2222222222222222
256 2 16 7 0.033250 2222222222222222
256 2 16 8 0.032951 0000000000000000
256 2 16 9 0.033366 2222222222222222
256 2 16 10 0.032269 2222222200000000
256 2 16 11 0.033173 0000000000000000
256 2 16 12 0.031158 0000000000000000
256 2 16 13 0.031980 2222222222222220
256 2 16 14 0.031915 2222222222222222
256 2 16 15 0.031880 2222222222222222
256 2 16 16 0.031755 2222222222222222
256 2 16 17 0.031328 2222220000000000
256 2 16 18 0.034196 0000000000000000
256 2 16 19 0.033287 2222000000000000
256 2 16 20 0.032369 0000000000000000
256 2 16 21 0.032307 2222222222222222
256 2 16 22 0.033792 2222222222222222
256 2 16 23 0.032788 2222222222222222
256 2 16 24 0.032139 2222222222222222
256 2 16 25 0.032019 2222222222222222
256 2 16 26 0.032367 2222222222222222
256 2 16 27 0.030068 2222222222222222
256 2 16 28 0.033070 0000000000000000
256 2 16 29 0.032435 2222222222222222
256 2 16 30 0.032297 2222222222222222
256 2 16 31 0.033257 2000000000000000
256 2 16 32 0.033044 2222222222222222
256 2 16 33 0.033004 0000000000000000
256 2 16 34 0.032356 2222222222222222
256 2 16 35 0.032361 2222222222222222
256 2 16 36 0.031840 2222222222222222
256 2 16 37 0.032541 2222222222222222
256 2 16 38 0.033292 0000000000000000
256 2 16 39 0.032427 0000000000000000
256 2 16 40 0.032179 2222222222222200
256 2 16 41 0.031846 2222222222222222
256 2 16 42 0.033880 0000000000000000
256 2 16 43 0.031233 2222222222222222
256 2 16 44 0.031206 2222222222222222
256 2 16 45 0.032216 0000000000000000
256 2 16 46 0.031932 2222222222222222
256 2 16 47 0.033224 2222222222222222
256 2 16 48 0.031793 2222222222222222
256 2 16 49 0.031908 2222222222222000
256 2 16 50 0.032320 2222222222000000
256 2 16 51 0.030782 0000000000000000
256 2 16 52 0.032949 2222222222222222
256 2 16 53 0.032261 2222222222222222
256 2 16 54 0.032857 2222222222222222
256 2 16 55 0.032114 2222222222222222
256 2 16 56 0.031527 0000000000000000
256 2 16 57 0.033011 2222222222200000
256 2 16 58 0.031992 2222222222222000
256 2 16 59 0.032334 0000000000000000
256 2 16 60 0.032160 2222222222222222
256 2 16 61 0.033385 2222222222222222
256 2 16 62 0.032617 0000000000000000
256 2 16 63 0.032302 2222222222222222
256 2 16 64 0.030322 0000000000000000
256 2 16 65 0.031662 0000000000000000
256 2 16 66 0.032101 2222222222222222
256 2 16 67 0.032002 0000000000000000
256 2 16 68 0.030786 2222222222222222
256 2 16 69 0.031468 2222222222222222
256 2 16 70 0.032248 0000000000000000
256 2 16 71 0.033833 0000000000000000
256 2 16 72 0.030754 2222222222222222
256 2 16 73 0.031992 2222222222222222
256 2 16 74 0.030869 2222222222222222
256 2 16 75 0.032375 2222222222222222
256 2 16 76 0.031370 2222222222222222
256 2 16 77 0.031789 2222222222222222
256 2 16 78 0.032184 2222222222222222
256 2 16 79 0.031367 2222222222222222
256 2 16 80 0.033061 2222222222222222
256 2 16 81 0.033160 2222222222222222
256 2 16 82 0.032830 2222222222222222
256 2 16 83 0.029841 2222222222222222
256 2 16 84 0.031690 0000000000000000
256 2 16 85 0.031876 2222222222222222
256 2 16 86 0.032474 2222222222222222
256 2 16 87 0.031670 2222222222222222
256 2 16 88 0.032192 2222222222222222
256 2 16 89 0.032802 2222222222222222
256 2 16 90 0.033328 2222222222222222
256 2 16 91 0.033125 2222222222222220
256 2 16 92 0.030793 2222222222222222
256 2 16 93 0.031795 2222222222222222
256 2 16 94 0.032515 0000000000000000
256 2 16 95 0.033063 2222222222222222
256 2 16 96 0.032399 2222222222222000
256 2 16 97 0.031970 0000000000000000
256 2 16 98 0.032692 2222222222222222
256 2 16 99 0.033102 2222222222222222
256 2 32 0 0.018881 22222222
256 2 32 1 0.017293 22000000
256 2 32 2 0.017346 22222222
256 2 32 3 0.016560 22222222
256 2 32 4 0.018077 00000000
256 2 32 5 0.016370 22222222
256 2 32 6 0.017647 22222222
256 2 32 7 0.017671 22222222
256 2 32 8 0.017551 00000000
256 2 32 9 0.017850 22222222
256 2 32 10 0.017168 22220000
256 2 32 11 0.017607 00000000
256 2 32 12 0.016622 00000000
256 2 32 13 0.016622 22222220
256 2 32 14 0.017004 22222222
256 2 32 15 0.017015 22222222
256 2 32 16 0.016839 22222222
256 2 32 17 0.016688 22200000
256 2 32 18 0.018150 00000000
256 2 32 19 0.017783 22000000
256 2 32 20 0.017431 00000000
256 2 32 21 0.017231 22222222
256 2 32 22 0.017850 22222222
256 2 32 23 0.017467 22222222
256 2 32 24 0.017022 22222222
256 2 32 25 0.017009 22222222
256 2 32 26 0.017174 22222222
256 2 32 27 0.015997 22222222
256 2 32 28 0.017633 00000000
256 2 32 29 0.017078 22222222
256 2 32 30 0.017032 22222222
256 2 32 31 0.017613 00000000
256 2 32 32 0.017637 22222222
256 2 32 33 0.017656 00000000
256 2 32 34 0.017137 22222222
256 2 32 35 0.017270 22222222
256 2 32 36 0.016928 22222222
256 2 32 37 0.017254 22222222
256 2 32 38 0.017649 00000000
256 2 32 39 0.017270 00000000
256 2 32 40 0.017244 22222220
256 2 32 41 0.016843 22222222
256 2 32 42 0.017895 00000000
256 2 32 43 0.016586 22222222
256 2 32 44 0.016578 22222222
256 2 32 45 0.017069 00000000
256 2 32 46 0.017226 22222222
256 2 32 47 0.017662 22222222
256 2 32 48 0.016748 22222222
256 2 32 49 0.016676 22222200
256 2 32 50 0.017248 22222000
256 2 32 51 0.016279 00000000
256 2 32 52 0.017628 22222222
256 2 32 53 0.017131 22222222
256 2 32 54 0.017414 22222222
256 2 32 55 0.016961 22222222
256 2 32 56 0.016672 00000000
256 2 32 57 0.017467 22222000
256 2 32 58 0.016963 22222200
256 2 32 59 0.017285 00000000
256 2 32 60 0.017051 22222222
256 2 32 61 0.017737 22222222
256 2 32 62 0.017295 00000000
256 2 32 63 0.017242 22222222
256 2 32 64 0.016300 00000000
256 2 32 65 0.016948 00000000
256 2 32 66 0.017089 22222222
256 2 32 67 0.017007 00000000
256 2 32 68 0.016311 22222222
256 2 32 69 0.016638 22222222
256 2 32 70 0.017310 00000000
256 2 32 71 0.017937 00000000
256 2 32 72 0.016297 22222222
256 2 32 73 0.017091 22222222
256 2 32 74 0.016496 22222222
256 2 32 75 0.017212 22222222
256 2 32 76 0.016635 22222222
256 2 32 77 0.016904 22222222
256 2 32 78 0.016974 22222222
256 2 32 79 0.016804 22222222
256 2 32 80 0.017374 22222222
256 2 32 81 0.017565 22222222
256 2 32 82 0.017527 22222222
256 2 32 83 0.015901 22222222
256 2 32 84 0.016909 00000000
256 2 32 85 0.017018 22222222
256 2 32 86 0.017217 22222222
256 2 32 87 0.016798 22222222
256 2 32 88 0.017127 22222222
256 2 32 89 0.017400 22222222
256 2 32 90 0.017592 22222222
256 2 32 91 0.017613 22222220
256 2 32 92 0.016425 22222222
256 2 32 93 0.016933 22222222
256 2 32 94 0.017238 00000000
256 2 32 95 0.017521 22222222
256 2 32 96 0.017161 22222200
256 2 32 97 0.016967 00000000
256 2 32 98 0.017525 22222222
256 2 32 99 0.017577 22222222
256 4 8 0 0.116510 22222222222222222222222222222222
256 4 8 1 0.104703 22222222222222222222222222222222
256 4 8 2 0.105800 22222222222222222222222222222222
256 4 8 3 0.095156 22222222222222222222222222222222
256 4 8 4 0.112519 00000000000000000000000000000000
256 4 8 5 0.093440 22222222222222222222222222222222
256 4 8 6 0.108587 22222222222222222222222222222222
256 4 8 7 0.106647 22222222222222222222222222222222
256 4 8 8 0.108980 00000000000000000000000000000000
256 4 8 9 0.106781 22222222222222222222222222222222
256 4 8 10 0.103717 22222222222222222222222222222222
256 4 8 11 0.104398 22222222222222222222222222222222
256 4 8 12 0.098424 00000000000000000000000000000000
256 4 8 13 0.096894 22222222222222222222222222222222
256 4 8 14 0.101720 22222222222222222222222222222222
256 4 8 15 0.102033 22222222222222222222222222222222
256 4 8 16 0.097310 22222222222222222222222222222222
256 4 8 17 0.096084 22222222222222222222222222222222
256 4 8 18 0.111789 00000000000000000000000000000000
256 4 8 19 0.110118 22222222222222222222222222222222
256 4 8 20 0.100854 00000000000000000000000000000000
256 4 8 21 0.101461 22222222222222222222222222222222
256 4 8 22 0.112288 22222222222222222222222222222222
256 4 8 23 0.105172 22222222222222222222222222222222
256 4 8 24 0.100135 22222222222222222222222222222222
256 4 8 25 0.099691 22222222222222222222222222222222
256 4 8 26 0.103715 22222222222222222222222222222222
256 4 8 27 0.092075 22222222222222222222222222222222
256 4 8 28 0.107037 00000000000000000000000000000000
256 4 8 29 0.102186 22222222222222222222222222222222
256 4 8 30 0.102139 22222222222222222222222222222222
256 4 8 31 0.107645 22222222222222222222222222222222
256 4 8 32 0.107418 22222222222222222222222222222222
256 4 8 33 0.107782 00000000000000000000000000000000
256 4 8 34 0.102789 22222222222222222222222222222222
256 4 8 35 0.106381 22222222222222222222222222222222
256 4 8 36 0.098052 22222222222222222222222222222222
256 4 8 37 0.104441 12222222222222222222222222222222
256 4 8 38 0.107338 00000000000000000000000000000000
256 4 8 39 0.104546 00000000000000000000000000000000
256 4 8 40 0.104569 22222222222222222222222222222222
256 4 8 41 0.099704 22222222222222222222222222222222
256 4 8 42 0.109731 00000000000000000000000000000000
256 4 8 43 0.094421 22222222222222222222222222222222
256 4 8 44 0.094863 22222222222222222222222222222222
256 4 8 45 0.102244 00000000000000000000000000000000
256 4 8 46 0.103412 12222222222222222222222222222222
256 4 8 47 0.111059 22222222222222222222222222222222
256 4 8 48 0.099495 22222222222222222222222222222222
256 4 8 49 0.099755 22222222222222222222222222222222
256 4 8 50 0.100987 22222222222222222222222222222222
256 4 8 51 0.094947 00000000000000000000000000000000
256 4 8 52 0.106756 22222222222222222222222222222222
256 4 8 53 0.103551 12222222222222222222222222222222
256 4 8 54 0.106529 22222222222222222222222222222222
256 4 8 55 0.104393 22222222222222222222222222222222
256 4 8 56 0.095941 00000000000000000000000000000000
256 4 8 57 0.103156 22222222222222222222222222222222
256 4 8 58 0.101025 22222222222222222222222222222222
256 4 8 59 0.101086 00000000000000000000000000000000
256 4 8 60 0.100860 22222222222222222222222222222222
256 4 8 61 0.107740 22222222222222222222222222222222
256 4 8 62 0.100855 00000000000000000000000000000000
256 4 8 63 0.099760 22222222222222222222222222222222
256 4 8 64 0.092880 22222222222222222222222222222222
256 4 8 65 0.096699 00000000000000000000000000000000
256 4 8 66 0.102056 22222222222222222222222222222222
256 4 8 67 0.100839 00000000000000000000000000000000
256 4 8 68 0.093103 22222222222222222222222222222222
256 4 8 69 0.094230 22222222222222222222222222222222
256 4 8 70 0.103096 00000000000000000000000000000000
256 4 8 71 0.111635 00000000000000000000000000000000
256 4 8 72 0.095169 22222222222222222222222222222222
256 4 8 73 0.098424 22222222222222222222222222222222
256 4 8 74 0.094718 22222222222222222222222222222222
256 4 8 75 0.103165 12222222222222222222222222222222
256 4 8 76 0.098814 22222222222222222222222222222222
256 4 8 77 0.098448 22222222222222222222222222222222
256 4 8 78 0.100534 22222222222222222222222222222222
256 4 8 79 0.099013 22222222222222222222222222222222
256 4 8 80 0.105831 22222222222222222222222222222222
256 4 8 81 0.106349 22222222222222222222222222222222
256 4 8 82 0.108200 22222222222222222222222222222222
256 4 8 83 0.085671 22222222222222222222222222222222
256 4 8 84 0.097287 00000000000000000000000000000000
256 4 8 85 0.100843 22222222222222222222222222222222
256 4 8 86 0.106640 22222222222222222222222222222222
256 4 8 87 0.096747 22222222222222222222222222222222
256 4 8 88 0.102983 22222222222222222222222222222222
256 4 8 89 0.105263 22222222222222222222222222222222
256 4 8 90 0.108205 22222222222222222222222222222222
256 4 8 91 0.108269 22222222222222222222222222222222
256 4 8 92 0.094724 22222222222222222222222222222222
256 4 8 93 0.101246 22222222222222222222222222222222
256 4 8 94 0.103827 00000000000000000000000000000000
256 4 8 95 0.106683 22222222222222222222222222222222
256 4 8 96 0.103327 22222222222222222222222222222222
256 4 8 97 0.100141 00000000000000000000000000000000
256 4 8 98 0.104684 22222222222222222222222222222222
256 4 8 99 0.108037 22222222222222222222222222222222
256 4 16 0 0.059425 2222222222222222
256 4 16 1 0.052933 2222222222222222
256 4 16 2 0.054477 2222222222222222
256 4 16 3 0.048691 2222222222222222
256 4 16 4 0.058011 0000000000000000
256 4 16 5 0.048111 2222222222222222
256 4 16 6 0.056009 2222222222222222
256 4 16 7 0.054566 2222222222222222
256 4 16 8 0.055696 0000000000000000
256 4 16 9 0.055512 2222222222222222
256 4 16 10 0.053635 2222222222222222
256 4 16 11 0.053717 2222222222222222
256 4 16 12 0.050071 0000000000000000
256 4 16 13 0.049683 2222222222222222
256 4 16 14 0.051525 2222222222222222
256 4 16 15 0.052889 2222222222222222
256 4 16 16 0.050099 2222222222222222
256 4 16 17 0.049128 2222222222222222
256 4 16 18 0.057471 0000000000000000
256 4 16 19 0.056078 2222222222222222
256 4 16 20 0.051318 0000000000000000
256 4 16 21 0.052031 2222222222222222
256 4 16 22 0.057079 2222222222222222
256 4 16 23 0.054163 2222222222222222
256 4 16 24 0.051414 2222222222222222
256 4 16 25 0.051363 2222222222222222
256 4 16 26 0.054534 2222222222222222
256 4 16 27 0.047817 2222222222222222
256 4 16 28 0.055610 0000000000000000
256 4 16 29 0.052754 2222222222222222
256 4 16 30 0.053039 2222222222222222
256 4 16 31 0.055738 2222222222222222
256 4 16 32 0.055123 2222222222222222
256 4 16 33 0.056379 0000000000000000
256 4 16 34 0.052210 2222222222222222
256 4 16 35 0.054202 2222222222222222
256 4 16 36 0.051179 2222222222222222
256 4 16 37 0.053868 2222222222222222
256 4 16 38 0.055575 0000000000000000
256 4 16 39 0.053644 0000000000000000
256 4 16 40 0.053146 2222222222222222
256 4 16 41 0.050908 2222222222222222
256 4 16 42 0.056335 0000000000000000
256 4 16 43 0.048152 2222222222222222
256 4 16 44 0.048856 2222222222222222
256 4 16 45 0.052714 0000000000000000
256 4 16 46 0.052238 2222222222222222
256 4 16 47 0.055792 2222222222222222
256 4 16 48 0.051692 2222222222222222
256 4 16 49 0.050952 2222222222222222
256 4 16 50 0.051842 2222222222222222
256 4 16 51 0.048395 0000000000000000
256 4 16 52 0.055704 2222222222222222
256 4 16 53 0.053140 2222222222222222
256 4 16 54 0.054433 2222222222222222
256 4 16 55 0.053533 2222222222222222
256 4 16 56 0.048826 0000000000000000
256 4 16 57 0.054689 2222222222222222
256 4 16 58 0.051519 2222222222222222
256 4 16 59 0.052269 0000000000000000
256 4 16 60 0.052333 2222222222222222
256 4 16 61 0.055158 2222222222222222
256 4 16 62 0.051782 0000000000000000
256 4 16 63 0.051198 2222222222222222
256 4 16 64 0.048266 0000000000000000
256 4 16 65 0.049719 0000000000000000
256 4 16 66 0.052238 2222222222222222
256 4 16 67 0.051941 0000000000000000
256 4 16 68 0.048286 2222222222222222
256 4 16 69 0.049029 2222222222222222
256 4 16 70 0.052320 0000000000000000
256 4 16 71 0.057099 0000000000000000
256 4 16 72 0.048804 2222222222222222
256 4 16 73 0.051034 2222222222222222
256 4 16 74 0.048596 2222222222222222
256 4 16 75 0.053333 2222222222222222
256 4 16 76 0.050763 2222222222222222
256 4 16 77 0.050569 2222222222222222
256 4 16 78 0.051476 2222222222222222
256 4 16 79 0.050635 2222222222222222
256 4 16 80 0.053550 2222222222222222
256 4 16 81 0.055758 2222222222222222
256 4 16 82 0.054815 2222222222222222
256 4 16 83 0.043840 2222222222222222
256 4 16 84 0.050160 0000000000000000
256 4 16 85 0.051230 2222222222222222
256 4 16 86 0.054280 2222222222222222
256 4 16 87 0.050028 2222222222222222
256 4 16 88 0.053146 2222222222222222
256 4 16 89 0.053548 2222222222222222
256 4 16 90 0.056090 2222222222222222
256 4 16 91 0.057614 2222222222222222
256 4 16 92 0.049115 2222222222222222
256 4 16 93 0.052384 2222222222222222
256 4 16 94 0.053192 0000000000000000
256 4 16 95 0.055252 2222222222222222
256 4 16 96 0.053284 2222222222222222
256 4 16 97 0.052018 0000000000000000
256 4 16 98 0.054294 2222222222222222
256 4 16 99 0.055926 2222222222222222
256 4 32 0 0.031914 22222222
256 4 32 1 0.028165 22222222
256 4 32 2 0.028632 22222222
256 4 32 3 0.025983 22222222
256 4 32 4 0.030856 00000000
256 4 32 5 0.025884 22222222
256 4 32 6 0.029723 22222222
256 4 32 7 0.028983 22222222
256 4 32 8 0.029326 00000000
256 4 32 9 0.029966 22222222
256 4 32 10 0.028433 22222222
256 4 32 11 0.028789 22222222
256 4 32 12 0.026605 00000000
256 4 32 13 0.026511 22222222
256 4 32 14 0.027664 22222222
256 4 32 15 0.027747 22222222
256 4 32 16 0.026476 22222222
256 4 32 17 0.026058 22222222
256 4 32 18 0.030801 00000000
256 4 32 19 0.029901 22222222
256 4 32 20 0.027321 00000000
256 4 32 21 0.027726 22222222
256 4 32 22 0.030114 22222222
256 4 32 23 0.028624 22222222
256 4 32 24 0.027374 22222222
256 4 32 25 0.026921 22222222
256 4 32 26 0.028644 22222222
256 4 32 27 0.025021 22222222
256 4 32 28 0.029948 00000000
256 4 32 29 0.027712 22222222
256 4 32 30 0.028328 22222222
256 4 32 31 0.029549 22222222
256 4 32 32 0.028995 22222222
256 4 32 33 0.029642 00000000
256 4 32 34 0.027832 22222222
256 4 32 35 0.028543 22222222
256 4 32 36 0.026895 22222222
256 4 32 37 0.028590 22222222
256 4 32 38 0.029371 00000000
256 4 32 39 0.028470 00000000
256 4 32 40 0.028113 22222222
256 4 32 41 0.027126 22222222
256 4 32 42 0.029644 00000000
256 4 32 43 0.025750 22222222
256 4 32 44 0.025864 22222222
256 4 32 45 0.028232 00000000
256 4 32 46 0.028129 22222222
256 4 32 47 0.030254 22222222
256 4 32 48 0.027608 22222222
256 4 32 49 0.026784 22222222
256 4 32 50 0.027716 22222222
256 4 32 51 0.025922 00000000
256 4 32 52 0.028996 22222222
256 4 32 53 0.028331 22222222
256 4 32 54 0.029124 22222222
256 4 32 55 0.028100 22222222
256 4 32 56 0.025999 00000000
256 4 32 57 0.028407 22222222
256 4 32 58 0.027388 22222222
256 4 32 59 0.027684 00000000
256 4 32 60 0.027746 22222222
256 4 32 61 0.029511 22222222
256 4 32 62 0.027799 00000000
256 4 32 63 0.027291 22222222
256 4 32 64 0.025354 00000000
256 4 32 65 0.026461 00000000
256 4 32 66 0.027603 22222222
256 4 32 67 0.027863 00000000
256 4 32 68 0.025574 22222222
256 4 32 69 0.026356 22222222
256 4 32 70 0.027979 00000000
256 4 32 71 0.030223 00000000
256 4 32 72 0.026120 22222222
256 4 32 73 0.027087 22222222
256 4 32 74 0.025652 22222222
256 4 32 75 0.028475 22222222
256 4 32 76 0.026571 22222222
256 4 32 77 0.026736 22222222
256 4 32 78 0.027281 22222222
256 4 32 79 0.027010 22222222
256 4 32 80 0.028115 22222222
256 4 32 81 0.029327 22222222
256 4 32 82 0.029128 22222222
256 4 32 83 0.023361 22222222
256 4 32 84 0.026475 00000000
256 4 32 85 0.027303 22222222
256 4 32 86 0.029071 22222222
256 4 32 87 0.026492 22222222
256 4 32 88 0.027866 22222222
256 4 32 89 0.028477 22222222
256 4 32 90 0.029559 22222222
256 4 32 91 0.029548 22222222
256 4 32 92 0.026207 22222222
256 4 32 93 0.027840 22222222
256 4 32 94 0.028080 00000000
256 4 32 95 0.029196 22222222
256 4 32 96 0.028176 22222222
256 4 32 97 0.027661 00000000
256 4 32 98 0.028445 22222222
256 4 32 99 0.029740 22222222
256 8 16 0 0.138501 2222222222222222
256 8 16 1 0.118883 2222222222222222
256 8 16 2 0.121043 2222222222222222
256 8 16 3 0.103381 2222222222222222
256 8 16 4 0.138134 0000000000000000
256 8 16 5 0.100294 2222222222222222
256 8 16 6 0.119119 2222222222222222
256 8 16 7 0.126654 2222222222222222
256 8 16 8 0.125422 0000000000000000
256 8 16 9 0.122343 2222222222222222
256 8 16 10 0.119568 2222222222222222
256 8 16 11 0.124133 2222222222222222
256 8 16 12 0.108183 0000000000000000
256 8 16 13 0.106339 2222222222222222
256 8 16 14 0.113101 2222222222222222
256 8 16 15 0.121703 2222222222222222
256 8 16 16 0.102100 2222222222222222
256 8 16 17 0.110661 2222222222222222
256 8 16 18 0.134400 0000000000000000
256 8 16 19 0.133171 2222222222222222
256 8 16 20 0.111427 0000000000000000
256 8 16 21 0.114117 2222222222222222
256 8 16 22 0.129087 2222222222222222
256 8 16 23 0.120636 2222222222222222
256 8 16 24 0.112504 2222222222222222
256 8 16 25 0.110745 2222222222222222
256 8 16 26 0.117929 2222222222222222
256 8 16 27 0.103625 2222222222222222
256 8 16 28 0.122691 0000000000000000
256 8 16 29 0.110824 2222222222222222
256 8 16 30 0.113692 2222222222222222
256 8 16 31 0.124941 2222222222222222
256 8 16 32 0.120506 2222222222222222
256 8 16 33 0.129929 0000000000000000
256 8 16 34 0.115110 2222222222222222
256 8 16 35 0.126222 2222222222222222
256 8 16 36 0.110018 2222222222222222
256 8 16 37 0.122507 2222222222222222
256 8 16 38 0.125949 0000000000000000
256 8 16 39 0.120912 0000000000000000
256 8 16 40 0.119252 2222222222222222
256 8 16 41 0.110109 2222222222222222
256 8 16 42 0.129876 0000000000000000
256 8 16 43 0.096831 2222222222222222
256 8 16 44 0.103553 2222222222222222
256 8 16 45 0.117698 0000000000000000
256 8 16 46 0.118947 2222222222222222
256 8 16 47 0.125086 2222222222222222
256 8 16 48 0.107677 2222222222222222
256 8 16 49 0.106885 2222222222222222
256 8 16 50 0.109630 2222222222222222
256 8 16 51 0.104005 0000000000000000
256 8 16 52 0.120210 2222222222222222
256 8 16 53 0.116546 2222222222222222
256 8 16 54 0.116705 2222222222222222
256 8 16 55 0.118603 2222222222222222
256 8 16 56 0.103889 0000000000000000
256 8 16 57 0.114567 2222222222222222
256 8 16 58 0.122437 2222222222222222
256 8 16 59 0.114075 0000000000000000
256 8 16 60 0.116750 2222222222222222
256 8 16 61 0.123628 2222222222222222
256 8 16 62 0.118522 0000000000000000
256 8 16 63 0.113111 2222222222222222
256 8 16 64 0.101629 2222222222222222
256 8 16 65 0.107015 0000000000000000
256 8 16 66 0.115280 2222222222222222
256 8 16 67 0.110559 0000000000000000
256 8 16 68 0.098089 2222222222222222
256 8 16 69 0.101954 2222222222222222
256 8 16 70 0.110924 0000000000000000
256 8 16 71 0.126844 0000000000000000
256 8 16 72 0.102321 2222222222222222
256 8 16 73 0.107090 2222222222222222
256 8 16 74 0.102024 2222222222222222
256 8 16 75 0.118248 2222222222222222
256 8 16 76 0.111936 2222222222222222
256 8 16 77 0.111781 2222222222222222
256 8 16 78 0.109901 2222222222222222
256 8 16 79 0.110952 2222222222222222
256 8 16 80 0.115809 2222222222222222
256 8 16 81 0.123480 2222222222222222
256 8 16 82 0.133043 2222222222222222
256 8 16 83 0.082686 2222222222222222
256 8 16 84 0.109789 0000000000000000
256 8 16 85 0.111149 2222222222222222
256 8 16 86 0.121069 2222222222222222
256 8 16 87 0.109219 2222222222222222
256 8 16 88 0.115544 2222222222222222
256 8 16 89 0.116415 2222222222222222
256 8 16 90 0.126666 2222222222222222
256 8 16 91 0.126667 2222222222222222
256 8 16 92 0.102453 2222222222222222
256 8 16 93 0.112826 2222222222222222
256 8 16 94 0.114908 0000000000000000
256 8 16 95 0.123520 2222222222222222
256 8 16 96 0.113409 2222222222222222
256 8 16 97 0.114234 0000000000000000
256 8 16 98 0.125831 2222222222222222
256 8 16 99 0.126446 2222222222222222
256 8 32 0 0.074715 22222222
256 8 32 1 0.061394 22222222
256 8 32 2 0.063104 22222222
256 8 32 3 0.054862 22222222
256 8 32 4 0.072919 00000000
256 8 32 5 0.053377 22222222
256 8 32 6 0.062436 22222222
256 8 32 7 0.064277 22222222
256 8 32 8 0.066189 00000000
256 8 32 9 0.065611 22222222
256 8 32 10 0.062558 22222222
256 8 32 11 0.067519 22222222
256 8 32 12 0.057343 00000000
256 8 32 13 0.057705 22222222
256 8 32 14 0.062799 22222222
256 8 32 15 0.062481 22222222
256 8 32 16 0.054970 22222222
256 8 32 17 0.056500 22222222
256 8 32 18 0.070933 00000000
256 8 32 19 0.069366 22222222
256 8 32 20 0.058809 00000000
256 8 32 21 0.058043 22222222
256 8 32 22 0.066372 22222222
256 8 32 23 0.065521 22222222
256 8 32 24 0.060022 22222222
256 8 32 25 0.059886 22222222
256 8 32 26 0.062179 22222222
256 8 32 27 0.053212 22222222
256 8 32 28 0.065011 00000000
256 8 32 29 0.058894 22222222
256 8 32 30 0.061107 22222222
256 8 32 31 0.066195 22222222
256 8 32 32 0.064252 22222222
256 8 32 33 0.068726 00000000
256 8 32 34 0.060477 22222222
256 8 32 35 0.065482 22222222
256 8 32 36 0.058456 22222222
256 8 32 37 0.063105 22222222
256 8 32 38 0.065434 00000000
256 8 32 39 0.062458 00000000
256 8 32 40 0.063203 22222222
256 8 32 41 0.060605 22222222
256 8 32 42 0.067805 00000000
256 8 32 43 0.051357 22222222
256 8 32 44 0.056221 22222222
256 8 32 45 0.061087 00000000
256 8 32 46 0.062284 22222222
256 8 32 47 0.069748 22222222
256 8 32 48 0.056716 22222222
256 8 32 49 0.058759 22222222
256 8 32 50 0.059749 22222222
256 8 32 51 0.055022 00000000
256 8 32 52 0.064773 22222222
256 8 32 53 0.060494 22222222
256 8 32 54 0.061113 22222222
256 8 32 55 0.063041 22222222
256 8 32 56 0.056212 00000000
256 8 32 57 0.060232 22222222
256 8 32 58 0.062421 22222222
256 8 32 59 0.061804 00000000
256 8 32 60 0.060283 22222222
256 8 32 61 0.066059 22222222
256 8 32 62 0.063010 00000000
256 8 32 63 0.060711 22222222
256 8 32 64 0.055803 22222222
256 8 32 65 0.056844 00000000
256 8 32 66 0.061313 22222222
256 8 32 67 0.057986 00000000
256 8 32 68 0.051838 22222222
256 8 32 69 0.053690 22222222
256 8 32 70 0.057710 00000000
256 8 32 71 0.067898 00000000
256 8 32 72 0.055850 22222222
256 8 32 73 0.058061 22222222
256 8 32 74 0.052296 22222222
256 8 32 75 0.060818 22222222
256 8 32 76 0.058098 22222222
256 8 32 77 0.058282 22222222
256 8 32 78 0.058976 22222222
256 8 32 79 0.056806 22222222
256 8 32 80 0.061191 22222222
256 8 32 81 0.065801 22222222
256 8 32 82 0.068677 22222222
256 8 32 83 0.043682 22222222
256 8 32 84 0.055571 00000000
256 8 32 85 0.059207 22222222
256 8 32 86 0.064861 22222222
256 8 32 87 0.058432 22222222
256 8 32 88 0.060596 22222222
256 8 32 89 0.064127 22222222
256 8 32 90 0.067657 22222222
256 8 32 91 0.068861 22222222
256 8 32 92 0.054882 22222222
256 8 32 93 0.059577 22222222
256 8 32 94 0.062826 00000000
256 8 32 95 0.063149 22222222
256 8 32 96 0.062940 22222222
256 8 32 97 0.059783 00000000
256 8 32 98 0.064121 22222222
256 8 32 99 0.070956 22222222
512 2 4 0 0.496019 12222222222222222222222222222222222222222222222222222222222222222222222222222222000000000000000000000000000000000000000000000000
512 2 4 1 0.503800 22222222222222222222222222222222222222222222222222222222222222222222222222222222222222222222222222222222222222222222222222222222
512 2 4 2 0.503615 12222222222222222222222222222222222222222222222222222222222222222222222222222222222222222222222222222222222222222222222222222222
512 2 4 3 0.506962 00000000000000000000000000000000000000000000000000000000000000000000000000000000000000000000000000000000000000000000000000000000
512 2 4 4 0.489481 22222222220000000000000000000000000000000000000000000000000000000000000000000000000000000000000000000000000000000000000000000000
512 2 4 5 0.501506 00000000000000000000000000000000000000000000000000000000000000000000000000000000000000000000000000000000000000000000000000000000
512 2 4 6 0.495835 12222222222222222222222222222222222222222222222222222200000000000000000000000000000000000000000000000000000000000000000000000000
512 2 4 7 0.498154 22222222222222222222222222222222220000000000000000000000000000000000000000000000000000000000000000000000000000000000000000000000
512 2 4 8 0.496398 00000000000000000000000000000000000000000000000000000000000000000000000000000000000000000000000000000000000000000000000000000000
512 2 4 9 0.511282 22222222222222222222222222222222222222222222222222222222222222222222222222222222222222222222222222222222222222222222222222222222
512 2 4 10 0.498898 12222222222222222220000000000000000000000000000000000000000000000000000000000000000000000000000000000000000000000000000000000000
512 2 4 11 0.504825 12222222222222222222222222222222222222222222222222222222222222222222222222222222222222222222222222222222222222222222222222222222
512 2 4 12 0.497870 00000000000000000000000000000000000000000000000000000000000000000000000000000000000000000000000000000000000000000000000000000000
512 2 4 13 0.506635 12222222222222222222222222222222222222222220000000000000000000000000000000000000000000000000000000000000000000000000000000000000
512 2 4 14 0.511235 12222222222222222222222222222222222222222222222222222222222222222222222222222222222222222222222222222222222222222222222222222222
512 2 4 15 0.483077 00000000000000000000000000000000000000000000000000000000000000000000000000000000000000000000000000000000000000000000000000000000
512 2 4 16 0.510184 12222222222222222222222222222222222222222222222222222222222222222222222222222222222222222222222222222222222222222222222222222222
512 2 4 17 0.501817 12222222222222222222222222222222222222222220000000000000000000000000000000000000000000000000000000000000000000000000000000000000
512 2 4 18 0.488443 12222222222222222222222222222222222222222222222222222222222222222222222222222222222222222222222222222222222222222222222222222222
512 2 4 19 0.481636 12222222222222222222222222200000000000000000000000000000000000000000000000000000000000000000000000000000000000000000000000000000
512 2 4 20 0.505731 12222222222222222222222222222222222222222222222222222222222222222222222222222222222222222222222222222222222222222222222222222222
512 2 4 21 0.492845 22222222222222222222222222222222222222222222222222222222222222222222222222222222222222222222222200000000000000000000000000000000
512 2 4 22 0.484434 12222222222222222222222222222222222222222222222222222222222222222222222222222222222222222222222222222222222222222222222222222222
512 2 4 23 0.490524 12222222222222222222222222222222222222222222222222222222222222222222222222222220000000000000000000000000000000000000000000000000
512 2 4 24 0.507172 00000000000000000000000000000000000000000000000000000000000000000000000000000000000000000000000000000000000000000000000000000000
512 2 4 25 0.486686 12222222222222222222222222222222222222222222222222222222222222222222222222222222222222222222222222222222222222222222222222222222
512 2 4 26 0.494764 12222222222222222222222222222222222222222222222222222222222222222222222222222222222222222222222222222222222222222222222222222222
512 2 4 27 0.508130 00000000000000000000000000000000000000000000000000000000000000000000000000000000000000000000000000000000000000000000000000000000
512 2 4 28 0.498176 22222222222222222222222222222222222222222222222222222222222222222222222222222222222222222222222222222222222000000000000000000000
512 2 4 29 0.502149 00000000000000000000000000000000000000000000000000000000000000000000000000000000000000000000000000000000000000000000000000000000
512 2 4 30 0.496216 12222222222222222222222222222222222222222222222222222222222222222222222222222222222222222222222222222222222222222222222222222222
512 2 4 31 0.496284 12222222222222222222222222222222222222222222222222222222222222222222222222222222222222222222222222222222222000000000000000000000
512 2 4 32 0.513082 12222222222222222222222222222222222222222222222222222222222222220000000000000000000000000000000000000000000000000000000000000000
512 2 4 33 0.486259 12222222222222222222222222222222222222222222222220000000000000000000000000000000000000000000000000000000000000000000000000000000
512 2 4 34 0.495810 00000000000000000000000000000000000000000000000000000000000000000000000000000000000000000000000000000000000000000000000000000000
512 2 4 35 0.503336 00000000000000000000000000000000000000000000000000000000000000000000000000000000000000000000000000000000000000000000000000000000
512 2 4 36 0.515601 00000000000000000000000000000000000000000000000000000000000000000000000000000000000000000000000000000000000000000000000000000000
512 2 4 37 0.497321 22222222222222222222222220000000000000000000000000000000000000000000000000000000000000000000000000000000000000000000000000000000
512 2 4 38 0.482369 12220000000000000000000000000000000000000000000000000000000000000000000000000000000000000000000000000000000000000000000000000000
512 2 4 39 0.508389 22222222222222222222222222222222222222222222222222222222222222222222222222222222222222222222222222222222222222222222222222222222
512 2 4 40 0.494302 12222222222222222222222222222222222222222222222222222222222222222222222222220000000000000000000000000000000000000000000000000000
512 2 4 41 0.497945 00000000000000000000000000000000000000000000000000000000000000000000000000000000000000000000000000000000000000000000000000000000
512 2 4 42 0.504949 00000000000000000000000000000000000000000000000000000000000000000000000000000000000000000000000000000000000000000000000000000000
512 2 4 43 0.501150 12222222222222222222222222222222222222222222222222222222222222222222222222222222222222222222222200000000000000000000000000000000
512 2 4 44 0.520788 00000000000000000000000000000000000000000000000000000000000000000000000000000000000000000000000000000000000000000000000000000000
512 2 4 45 0.498006 00000000000000000000000000000000000000000000000000000000000000000000000000000000000000000000000000000000000000000000000000000000
512 2 4 46 0.510524 12222222222222222222222222222222222222222222222222222222222222222222222222222222222222222222222222222222222222222222222222222222
512 2 4 47 0.492631 12222222222222222222222222222222222222222222222222222222000000000000000000000000000000000000000000000000000000000000000000000000
512 2 4 48 0.516550 12222222222222222222222222222222222222222222222222222222222222222222222222222222222222222222222222222222222222222222222222222222
512 2 4 49 0.484715 11222222222222222222222222222222222222222222222222222222222222222222222222222222222222222222222222222222222222222222222222222222
512 2 4 50 0.484509 12222222222222222222222222222222222222222222222222222222222222222222222222222222222222222222222222222222222222222222222222222222
512 2 4 51 0.494319 00000000000000000000000000000000000000000000000000000000000000000000000000000000000000000000000000000000000000000000000000000000
512 2 4 52 0.487844 12222222222222222222222222222222222222222222222222222222222222222222222222222222222222222222222222222222222222222222222222222222
512 2 4 53 0.504940 12222222222222222222222222222222222222222222222222222222222222222222222222222222222222222222222222222222222222222222222222222222
512 2 4 54 0.493986 12222222222222222222222222222222222222222222222222222222222200000000000000000000000000000000000000000000000000000000000000000000
512 2 4 55 0.488777 00000000000000000000000000000000000000000000000000000000000000000000000000000000000000000000000000000000000000000000000000000000
512 2 4 56 0.495266 12222222222222222222222222222222222222222222222222222222222222222222222222222222222222222222222222222222222222222222222222222222
512 2 4 57 0.490357 12222222200000000000000000000000000000000000000000000000000000000000000000000000000000000000000000000000000000000000000000000000
512 2 4 58 0.490107 12222222222222222222222222222222222222222222222222222222222222222222222222222222222222222222222222222222222222222222222222222222
512 2 4 59 0.500076 12222222222222222222222222222222222222222222222222222222222222222222222222222222222222222222222222222222222222222222222222222222
512 2 4 60 0.499975 12222222222222222222222222222222222222222222222222222222222222222222222222222222222222222222222222222222222222222222222222222222
512 2 4 61 0.495303 12222222222222222222200000000000000000000000000000000000000000000000000000000000000000000000000000000000000000000000000000000000
512 2 4 62 0.497269 00000000000000000000000000000000000000000000000000000000000000000000000000000000000000000000000000000000000000000000000000000000
512 2 4 63 0.498900 00000000000000000000000000000000000000000000000000000000000000000000000000000000000000000000000000000000000000000000000000000000
512 2 4 64 0.510099 12222222222222222222222222222222222222222222222222222222222222222222222222222222222222222222222222222222222222222222222222222222
512 2 4 65 0.505785 12222222222222222222222222222222222222222222222222222222222222222222222222222222222222222222222222222222222222222222222222222222
512 2 4 66 0.497933 22222222222222222222222222222222222222222222222222222222222222222222222222222222222222222222222222222222222222222222222222222222
512 2 4 67 0.492841 22222222222222222222222222222222222222222222222222222222222222222222222222222222222222222222222222222222222222222222222222222222
512 2 4 68 0.493450 12222222222222222222222222222222222222222222222222222222222222222222222222222222222222222222222222222222222222222222222222222222
512 2 4 69 0.500607 22222222222222222222222222222222222220000000000000000000000000000000000000000000000000000000000000000000000000000000000000000000
512 2 4 70 0.502132 12222222222222222222222222222222222222222222222222222222222222222222222222220000000000000000000000000000000000000000000000000000
512 2 4 71 0.509274 00000000000000000000000000000000000000000000000000000000000000000000000000000000000000000000000000000000000000000000000000000000
512 2 4 72 0.495105 12222222222222222222222222222222222222222222222222222222222222222222222222222222222222222222222222222222222222222222222222222222
512 2 4 73 0.506949 00000000000000000000000000000000000000000000000000000000000000000000000000000000000000000000000000000000000000000000000000000000
512 2 4 74 0.479210 22222222222222222222222222222222222222222222222222222222222222222222222222222222222222222222222222222222222222222222222222222222
512 2 4 75 0.510821 12222222222222222222222222222222222222222222222222222222222222222222222222222222222222222222222222222222222222222222222222222222
512 2 4 76 0.503829 12222222222222222222222222222222222222222222222222222222222222222222222222222222222222222222222222222222222222222222222222222222
512 2 4 77 0.492722 00000000000000000000000000000000000000000000000000000000000000000000000000000000000000000000000000000000000000000000000000000000
512 2 4 78 0.501091 12222222222222222222222222222222222222222222222222222222222222222222222222222222222222222222222222222222222222222222222222222222
512 2 4 79 0.500649 12222222222222222222222222222222222222222222222222222222222222222222222222222222222222222222222222222222222222222222222222222222
512 2 4 80 0.494091 12222222222222222222222222222222222222222222222222222222222222222220000000000000000000000000000000000000000000000000000000000000
512 2 4 81 0.496062 00000000000000000000000000000000000000000000000000000000000000000000000000000000000000000000000000000000000000000000000000000000
512 2 4 82 0.494478 12222222222222222222222222222222222222222222222222222222222222222222222222222222222222222222222222222222222222222222222222222222
512 2 4 83 0.491535 12222222222222220000000000000000000000000000000000000000000000000000000000000000000000000000000000000000000000000000000000000000
512 2 4 84 0.526986 12222222222222222222222222222222222222222222222222222222222222222222222222222222222222222222222222222222222222222222222222222222
512 2 4 85 0.508952 00000000000000000000000000000000000000000000000000000000000000000000000000000000000000000000000000000000000000000000000000000000
512 2 4 86 0.500135 12222222222222222222222222222222222222222222222222222222222222222222222222222222222222222222222222222222222222222222222222222222
512 2 4 87 0.508582 12222222222222222222222222222222222222222222222222222222222222222222222222222222222222222222222222222222222222222222222222222222
512 2 4 88 0.508264 22222222222222222222222222222222222222222222222222222222222222222222222222222222222222222222222222222222222222222222222222222222
512 2 4 89 0.496786 12222222222222222222222222222222222222222222222222222222222222222222222222222222222222222222222222222222222222222222222222222222
512 2 4 90 0.500603 12222222222222222222222222222222222222222222222222222222222222222222222222222222222222222222222222222222222222222222222222222222
512 2 4 91 0.502887 22222222222222222222222222222222222222222222222222222222222222222222222222222222222222222222222222222222222222222222222222222222
512 2 4 92 0.504409 12222222222222222222222222222222222222200000000000000000000000000000000000000000000000000000000000000000000000000000000000000000
512 2 4 93 0.501145 12222222222220000000000000000000000000000000000000000000000000000000000000000000000000000000000000000000000000000000000000000000
512 2 4 94 0.505213 00000000000000000000000000000000000000000000000000000000000000000000000000000000000000000000000000000000000000000000000000000000
512 2 4 95 0.496664 00000000000000000000000000000000000000000000000000000000000000000000000000000000000000000000000000000000000000000000000000000000
512 2 4 96 0.494639 12222222222222222222222222222222222222222222222222222222222222222222222222222222222222222222222222222222222222222222222222222222
512 2 4 97 0.494366 12222222222222222222222222222222222222222222222222222222222222222222222222222222222222222222222222222222222222222222222222222222
512 2 4 98 0.500357 00000000000000000000000000000000000000000000000000000000000000000000000000000000000000000000000000000000000000000000000000000000
512 2 4 99 0.518500 12222222222222222222222222222222222222222222222222222220000000000000000000000000000000000000000000000000000000000000000000000000
512 2 8 0 0.246687 2222222222222222222222222222222222222222000000000000000000000000
512 2 8 1 0.254361 2222222222222222222222222222222222222222222222222222222222222222
512 2 8 2 0.252658 2222222222222222222222222222222222222222222222222222222222222222
512 2 8 3 0.255393 0000000000000000000000000000000000000000000000000000000000000000
512 2 8 4 0.246462 2222200000000000000000000000000000000000000000000000000000000000
512 2 8 5 0.251817 0000000000000000000000000000000000000000000000000000000000000000
512 2 8 6 0.248866 2222222222222222222222222220000000000000000000000000000000000000
512 2 8 7 0.250346 2222222222222222200000000000000000000000000000000000000000000000
512 2 8 8 0.250134 0000000000000000000000000000000000000000000000000000000000000000
512 2 8 9 0.255686 2222222222222222222222222222222222222222222222222222222222222222
512 2 8 10 0.250866 2222222220000000000000000000000000000000000000000000000000000000
512 2 8 11 0.254713 2222222222222222222222222222222222222222222222222222222222222222
512 2 8 12 0.250150 0000000000000000000000000000000000000000000000000000000000000000
512 2 8 13 0.255532 2222222222222222222220000000000000000000000000000000000000000000
512 2 8 14 0.256092 2222222222222222222222222222222222222222222222222222222222222222
512 2 8 15 0.242637 0000000000000000000000000000000000000000000000000000000000000000
512 2 8 16 0.257553 2222222222222222222222222222222222222222222222222222222222222222
512 2 8 17 0.252199 2222222222222222222220000000000000000000000000000000000000000000
512 2 8 18 0.245316 2222222222222222222222222222222222222222222222222222222222222222
512 2 8 19 0.241769 2222222222222000000000000000000000000000000000000000000000000000
512 2 8 20 0.254080 2222222222222222222222222222222222222222222222222222222222222222
512 2 8 21 0.247476 2222222222222222222222222222222222222222222222220000000000000000
512 2 8 22 0.244375 2222222222222222222222222222222222222222222222222222222222222222
512 2 8 23 0.246598 2222222222222222222222222222222222222220000000000000000000000000
512 2 8 24 0.256167 0000000000000000000000000000000000000000000000000000000000000000
512 2 8 25 0.245459 2222222222222222222222222222222222222222222222222222222222222222
512 2 8 26 0.249269 2222222222222222222222222222222222222222222222222222222222222222
512 2 8 27 0.256496 0000000000000000000000000000000000000000000000000000000000000000
512 2 8 28 0.250255 2222222222222222222222222222222222222222222222222222200000000000
512 2 8 29 0.252466 0000000000000000000000000000000000000000000000000000000000000000
512 2 8 30 0.249169 2222222222222222222222222222222222222222222222222222222222222222
512 2 8 31 0.250430 2222222222222222222222222222222222222222222222222222200000000000
512 2 8 32 0.257413 2222222222222222222222222222222200000000000000000000000000000000
512 2 8 33 0.245517 2222222222222222222222220000000000000000000000000000000000000000
512 2 8 34 0.250735 0000000000000000000000000000000000000000000000000000000000000000
512 2 8 35 0.252961 0000000000000000000000000000000000000000000000000000000000000000
512 2 8 36 0.258892 0000000000000000000000000000000000000000000000000000000000000000
512 2 8 37 0.251591 2222222222220000000000000000000000000000000000000000000000000000
512 2 8 38 0.240036 2200000000000000000000000000000000000000000000000000000000000000
512 2 8 39 0.256544 2222222222222222222222222222222222222222222222222222222222222222
512 2 8 40 0.248747 2222222222222222222222222222222222222200000000000000000000000000
512 2 8 41 0.250781 0000000000000000000000000000000000000000000000000000000000000000
512 2 8 42 0.259057 0000000000000000000000000000000000000000000000000000000000000000
512 2 8 43 0.253675 2222222222222222222222222222222222222222222222220000000000000000
512 2 8 44 0.262234 0000000000000000000000000000000000000000000000000000000000000000
512 2 8 45 0.250038 0000000000000000000000000000000000000000000000000000000000000000
512 2 8 46 0.257737 2222222222222222222222222222222222222222222222222222222222222222
512 2 8 47 0.247850 2222222222222222222222222222000000000000000000000000000000000000
512 2 8 48 0.260163 2222222222222222222222222222222222222222222222222222222222222222
512 2 8 49 0.245066 1222222222222222222222222222222222222222222222222222222222222222
512 2 8 50 0.244138 2222222222222222222222222222222222222222222222222222222222222222
512 2 8 51 0.248299 0000000000000000000000000000000000000000000000000000000000000000
512 2 8 52 0.245706 2222222222222222222222222222222222222222222222222222222222222222
512 2 8 53 0.249136 2222222222222222222222222222222222222222222222222222222222222222
512 2 8 54 0.247770 2222222222222222222222222222220000000000000000000000000000000000
512 2 8 55 0.246948 0000000000000000000000000000000000000000000000000000000000000000
512 2 8 56 0.248442 2222222222222222222222222222222222222222222222222222222222222222
512 2 8 57 0.247327 2222000000000000000000000000000000000000000000000000000000000000
512 2 8 58 0.246880 2222222222222222222222222222222222222222222222222222222222222222
512 2 8 59 0.250172 2222222222222222222222222222222222222222222222222222222222222222
512 2 8 60 0.251265 2222222222222222222222222222222222222222222222222222222222222222
512 2 8 61 0.249732 2222222222000000000000000000000000000000000000000000000000000000
512 2 8 62 0.249512 0000000000000000000000000000000000000000000000000000000000000000
512 2 8 63 0.251823 0000000000000000000000000000000000000000000000000000000000000000
512 2 8 64 0.257442 2222222222222222222222222222222222222222222222222222222222222222
512 2 8 65 0.254661 2222222222222222222222222222222222222222222222222222222222222222
512 2 8 66 0.250442 2222222222222222222222222222222222222222222222222222222222222222
512 2 8 67 0.248392 2222222222222222222222222222222222222222222222222222222222222222
512 2 8 68 0.248056 2222222222222222222222222222222222222222222222222222222222222222
512 2 8 69 0.252050 2222222222222222220000000000000000000000000000000000000000000000
512 2 8 70 0.253002 2222222222222222222222222222222222222200000000000000000000000000
512 2 8 71 0.256154 0000000000000000000000000000000000000000000000000000000000000000
512 2 8 72 0.249941 2222222222222222222222222222222222222222222222222222222222222222
512 2 8 73 0.255774 0000000000000000000000000000000000000000000000000000000000000000
512 2 8 74 0.241466 2222222222222222222222222222222222222222222222222222222222222222
512 2 8 75 0.255692 2222222222222222222222222222222222222222222222222222222222222222
512 2 8 76 0.253696 2222222222222222222222222222222222222222222222222222222222222222
512 2 8 77 0.246158 0000000000000000000000000000000000000000000000000000000000000000
512 2 8 78 0.252050 2222222222222222222222222222222222222222222222222222222222222222
512 2 8 79 0.252156 2222222222222222222222222222222222222222222222222222222222222222
512 2 8 80 0.247322 2222222222222222222222222222222220000000000000000000000000000000
512 2 8 81 0.250129 0000000000000000000000000000000000000000000000000000000000000000
512 2 8 82 0.248891 2222222222222222222222222222222222222222222222222222222222222222
512 2 8 83 0.247582 2222222200000000000000000000000000000000000000000000000000000000
512 2 8 84 0.264261 2222222222222222222222222222222222222222222222222222222222222222
512 2 8 85 0.255110 0000000000000000000000000000000000000000000000000000000000000000
512 2 8 86 0.251086 2222222222222222222222222222222222222222222222222222222222222222
512 2 8 87 0.255613 2222222222222222222222222222222222222222222222222222222222222222
512 2 8 88 0.256130 2222222222222222222222222222222222222222222222222222222222222222
512 2 8 89 0.249813 2222222222222222222222222222222222222222222222222222222222222222
512 2 8 90 0.250611 2222222222222222222222222222222222222222222222222222222222222222
512 2 8 91 0.253033 2222222222222222222222222222222222222222222222222222222222222222
512 2 8 92 0.254114 2222222222222222222000000000000000000000000000000000000000000000
512 2 8 93 0.251102 2222220000000000000000000000000000000000000000000000000000000000
512 2 8 94 0.254097 0000000000000000000000000000000000000000000000000000000000000000
512 2 8 95 0.249599 0000000000000000000000000000000000000000000000000000000000000000
512 2 8 96 0.247851 2222222222222222222222222222222222222222222222222222222222222222
512 2 8 97 0.248537 2222222222222222222222222222222222222222222222222222222222222222
512 2 8 98 0.251609 0000000000000000000000000000000000000000000000000000000000000000
512 2 8 99 0.259842 2222222222222222222222222220000000000000000000000000000000000000
512 2 16 0 0.125769 22222222222222222222000000000000
512 2 16 1 0.127678 22222222222222222222222222222222
512 2 16 2 0.128377 22222222222222222222222222222222
512 2 16 3 0.128511 00000000000000000000000000000000
512 2 16 4 0.124772 22000000000000000000000000000000
512 2 16 5 0.128025 00000000000000000000000000000000
512 2 16 6 0.126456 22222222222220000000000000000000
512 2 16 7 0.126977 22222222000000000000000000000000
512 2 16 8 0.126996 00000000000000000000000000000000
512 2 16 9 0.129877 22222222222222222222222222222222
512 2 16 10 0.127988 22220000000000000000000000000000
512 2 16 11 0.128774 22222222222222222222222222222222
512 2 16 12 0.127203 00000000000000000000000000000000
512 2 16 13 0.129862 22222222220000000000000000000000
512 2 16 14 0.130426 22222222222222222222222222222222
512 2 16 15 0.122815 00000000000000000000000000000000
512 2 16 16 0.130399 22222222222222222222222222222222
512 2 16 17 0.128250 22222222220000000000000000000000
512 2 16 18 0.124652 22222222222222222222222222222222
512 2 16 19 0.122747 22222200000000000000000000000000
512 2 16 20 0.129247 22222222222222222222222222222222
512 2 16 21 0.125405 22222222222222222222222200000000
512 2 16 22 0.124117 22222222222222222222222222222222
512 2 16 23 0.125103 22222222222222222220000000000000
512 2 16 24 0.130189 00000000000000000000000000000000
512 2 16 25 0.124464 22222222222222222222222222222222
512 2 16 26 0.126360 22222222222222222222222222222222
512 2 16 27 0.130249 00000000000000000000000000000000
512 2 16 28 0.126789 22222222222222222222222222000000
512 2 16 29 0.128147 00000000000000000000000000000000
512 2 16 30 0.125917 22222222222222222222222222222222
512 2 16 31 0.127362 22222222222222222222222222000000
512 2 16 32 0.130971 22222222222222220000000000000000
512 2 16 33 0.124202 22222222222200000000000000000000
512 2 16 34 0.127208 00000000000000000000000000000000
512 2 16 35 0.128497 00000000000000000000000000000000
512 2 16 36 0.131469 00000000000000000000000000000000
512 2 16 37 0.127771 22222200000000000000000000000000
512 2 16 38 0.121643 20000000000000000000000000000000
512 2 16 39 0.130237 22222222222222222222222222222222
512 2 16 40 0.126513 22222222222222222220000000000000
512 2 16 41 0.127908 00000000000000000000000000000000
512 2 16 42 0.129383 00000000000000000000000000000000
512 2 16 43 0.128530 22222222222222222222222200000000
512 2 16 44 0.133009 00000000000000000000000000000000
512 2 16 45 0.127104 00000000000000000000000000000000
512 2 16 46 0.130859 22222222222222222222222222222222
512 2 16 47 0.125555 22222222222222000000000000000000
512 2 16 48 0.132554 22222222222222222222222222222222
512 2 16 49 0.124434 22222222222222222222222222222222
512 2 16 50 0.124867 22222222222222222222222222222222
512 2 16 51 0.125830 00000000000000000000000000000000
512 2 16 52 0.124774 22222222222222222222222222222222
512 2 16 53 0.126465 22222222222222222222222222222222
512 2 16 54 0.126813 22222222222222200000000000000000
512 2 16 55 0.124806 00000000000000000000000000000000
512 2 16 56 0.126255 22222222222222222222222222222222
512 2 16 57 0.125986 22000000000000000000000000000000
512 2 16 58 0.125161 22222222222222222222222222222222
512 2 16 59 0.127196 22222222222222222222222222222222
512 2 16 60 0.127493 22222222222222222222222222222222
512 2 16 61 0.126488 22222000000000000000000000000000
512 2 16 62 0.126733 00000000000000000000000000000000
512 2 16 63 0.127684 00000000000000000000000000000000
512 2 16 64 0.131214 22222222222222222222222222222222
512 2 16 65 0.129310 22222222222222222222222222222222
512 2 16 66 0.127363 22222222222222222222222222222222
512 2 16 67 0.126553 22222222222222222222222222222222
512 2 16 68 0.125856 22222222222222222222222222222222
512 2 16 69 0.128468 22222222200000000000000000000000
512 2 16 70 0.128871 22222222222222222220000000000000
512 2 16 71 0.129885 00000000000000000000000000000000
512 2 16 72 0.126613 22222222222222222222222222222222
512 2 16 73 0.129975 00000000000000000000000000000000
512 2 16 74 0.122718 22222222222222222222222222222222
512 2 16 75 0.129725 22222222222222222222222222222222
512 2 16 76 0.128854 22222222222222222222222222222222
512 2 16 77 0.124765 00000000000000000000000000000000
512 2 16 78 0.127952 22222222222222222222222222222222
512 2 16 79 0.128142 22222222222222222222222222222222
512 2 16 80 0.125955 22222222222222220000000000000000
512 2 16 81 0.126911 00000000000000000000000000000000
512 2 16 82 0.126929 22222222222222222222222222222222
512 2 16 83 0.126077 22220000000000000000000000000000
512 2 16 84 0.134244 22222222222222222222222222222222
512 2 16 85 0.129713 00000000000000000000000000000000
512 2 16 86 0.127693 22222222222222222222222222222222
512 2 16 87 0.129577 22222222222222222222222222222222
512 2 16 88 0.130023 22222222222222222222222222222222
512 2 16 89 0.126509 22222222222222222222222222222222
512 2 16 90 0.127488 22222222222222222222222222222222
512 2 16 91 0.127836 22222222222222222222222222222222
512 2 16 92 0.129233 22222222200000000000000000000000
512 2 16 93 0.127242 22200000000000000000000000000000
512 2 16 94 0.129480 00000000000000000000000000000000
512 2 16 95 0.127060 00000000000000000000000000000000
512 2 16 96 0.125782 22222222222222222222222222222222
512 2 16 97 0.127152 22222222222222222222222222222222
512 2 16 98 0.127368 00000000000000000000000000000000
512 2 16 99 0.132347 22222222222220000000000000000000
512 2 32 0 0.064737 2222222222000000
512 2 32 1 0.066052 2222222222222222
512 2 32 2 0.066064 2222222222222222
512 2 32 3 0.066209 0000000000000000
512 2 32 4 0.064649 2000000000000000
512 2 32 5 0.065859 0000000000000000
512 2 32 6 0.065318 2222220000000000
512 2 32 7 0.065490 2222000000000000
512 2 32 8 0.065477 0000000000000000
512 2 32 9 0.067756 2222222222222222
512 2 32 10 0.065380 2200000000000000
512 2 32 11 0.066461 2222222222222222
512 2 32 12 0.065342 0000000000000000
512 2 32 13 0.066848 2222200000000000
512 2 32 14 0.067040 2222222222222222
512 2 32 15 0.063574 0000000000000000
512 2 32 16 0.067207 2222222222222222
512 2 32 17 0.065778 2222200000000000
512 2 32 18 0.064348 2222222222222222
512 2 32 19 0.063209 2220000000000000
512 2 32 20 0.067170 2222222222222222
512 2 32 21 0.064789 2222222222220000
512 2 32 22 0.064047 2222222222222222
512 2 32 23 0.064702 2222222220000000
512 2 32 24 0.067053 0000000000000000
512 2 32 25 0.064163 2222222222222222
512 2 32 26 0.065083 2222222222222222
512 2 32 27 0.067030 0000000000000000
512 2 32 28 0.065606 2222222222222000
512 2 32 29 0.066379 0000000000000000
512 2 32 30 0.064756 2222222222222222
512 2 32 31 0.065477 2222222222222000
512 2 32 32 0.067558 2222222200000000
512 2 32 33 0.064468 2222220000000000
512 2 32 34 0.065540 0000000000000000
512 2 32 35 0.066234 0000000000000000
512 2 32 36 0.067831 0000000000000000
512 2 32 37 0.065794 2220000000000000
512 2 32 38 0.062906 0000000000000000
512 2 32 39 0.067067 2222222222222222
512 2 32 40 0.065024 2222222220000000
512 2 32 41 0.065720 0000000000000000
512 2 32 42 0.066798 0000000000000000
512 2 32 43 0.066420 2222222222220000
512 2 32 44 0.068573 0000000000000000
512 2 32 45 0.065601 0000000000000000
512 2 32 46 0.067242 2222222222222222
512 2 32 47 0.065161 2222222000000000
512 2 32 48 0.068353 2222222222222222
512 2 32 49 0.063968 2222222222222222
512 2 32 50 0.064265 2222222222222222
512 2 32 51 0.065152 0000000000000000
512 2 32 52 0.064574 2222222222222222
512 2 32 53 0.065231 2222222222222222
512 2 32 54 0.065159 2222222000000000
512 2 32 55 0.064433 0000000000000000
512 2 32 56 0.065246 2222222222222222
512 2 32 57 0.065202 2000000000000000
512 2 32 58 0.064679 2222222222222222
512 2 32 59 0.065861 2222222222222222
512 2 32 60 0.065841 2222222222222222
512 2 32 61 0.065257 2200000000000000
512 2 32 62 0.065719 0000000000000000
512 2 32 63 0.065820 0000000000000000
512 2 32 64 0.067454 2222222222222222
512 2 32 65 0.066905 2222222222222222
512 2 32 66 0.065720 2222222222222222
512 2 32 67 0.065234 2222222222222222
512 2 32 68 0.064832 2222222222222222
512 2 32 69 0.065955 2222000000000000
512 2 32 70 0.066408 2222222220000000
512 2 32 71 0.067203 0000000000000000
512 2 32 72 0.065460 2222222222222222
512 2 32 73 0.067289 0000000000000000
512 2 32 74 0.063143 2222222222222222
512 2 32 75 0.067247 2222222222222222
512 2 32 76 0.066154 2222222222222222
512 2 32 77 0.064456 0000000000000000
512 2 32 78 0.065966 2222222222222222
512 2 32 79 0.066418 2222222222222222
512 2 32 80 0.064931 2222222200000000
512 2 32 81 0.065691 0000000000000000
512 2 32 82 0.065709 2222222222222222
512 2 32 83 0.064959 2200000000000000
512 2 32 84 0.069308 2222222222222222
512 2 32 85 0.067188 0000000000000000
512 2 32 86 0.065925 2222222222222222
512 2 32 87 0.066894 2222222222222222
512 2 32 88 0.067101 2222222222222222
512 2 32 89 0.065247 2222222222222222
512 2 32 90 0.065908 2222222222222222
512 2 32 91 0.066178 2222222222222222
512 2 32 92 0.066496 2222000000000000
512 2 32 93 0.065792 2000000000000000
512 2 32 94 0.066867 0000000000000000
512 2 32 95 0.065639 0000000000000000
512 2 32 96 0.064938 2222222222222222
512 2 32 97 0.065325 2222222222222222
512 2 32 98 0.065867 0000000000000000
512 2 32 99 0.068462 2222220000000000
512 4 8 0 0.405120 2222222222222222222222222222222222222222222222222222222222222222
512 4 8 1 0.417508 2222222222222222222222222222222222222222222222222222222222222222
512 4 8 2 0.411069 2222222222222222222222222222222222222222222222222222222222222222
512 4 8 3 0.420270 0000000000000000000000000000000000000000000000000000000000000000
512 4 8 4 0.390674 2222222222222222222222222222222222222222222222222222222222222222
512 4 8 5 0.412703 0000000000000000000000000000000000000000000000000000000000000000
512 4 8 6 0.414151 2222222222222222222222222222222222222222222222222222222222222222
512 4 8 7 0.411238 2222222222222222222222222222222222222222222222222222222222222222
512 4 8 8 0.403302 0000000000000000000000000000000000000000000000000000000000000000
512 4 8 9 0.432805 2222222222222222222222222222222222222222222222222222222222222222
512 4 8 10 0.412098 2222222222222222222222222222222222222222222222222222222222222222
512 4 8 11 0.420403 2222222222222222222222222222222222222222222222222222222222222222
512 4 8 12 0.407329 0000000000000000000000000000000000000000000000000000000000000000
512 4 8 13 0.429017 2222222222222222222222222222222222222222222222222222222222222222
512 4 8 14 0.426360 2222222222222222222222222222222222222222222222222222222222222222
512 4 8 15 0.387407 0000000000000000000000000000000000000000000000000000000000000000
512 4 8 16 0.428725 2222222222222222222222222222222222222222222222222222222222222222
512 4 8 17 0.419079 2222222222222222222222222222222222222222222222222222222222222222
512 4 8 18 0.393671 2222222222222222222222222222222222222222222222222222222222222222
512 4 8 19 0.383942 2222222222222222222222222222222222222222222222222222222222222222
512 4 8 20 0.411465 2222222222222222222222222222222222222222222222222222222222222222
512 4 8 21 0.397679 2222222222222222222222222222222222222222222222222222222222222222
512 4 8 22 0.401543 2222222222222222222222222222222222222222222222222222222222222222
512 4 8 23 0.395421 2222222222222222222222222222222222222222222222222222222222222222
512 4 8 24 0.426466 0000000000000000000000000000000000000000000000000000000000000000
512 4 8 25 0.396724 2222222222222222222222222222222222222222222222222222222222222222
512 4 8 26 0.411197 2222222222222222222222222222222222222222222222222222222222222222
512 4 8 27 0.424719 0000000000000000000000000000000000000000000000000000000000000000
512 4 8 28 0.404902 2222222222222222222222222222222222222222222222222222222222222222
512 4 8 29 0.408395 0000000000000000000000000000000000000000000000000000000000000000
512 4 8 30 0.404204 2222222222222222222222222222222222222222222222222222222222222222
512 4 8 31 0.406147 2222222222222222222222222222222222222222222222222222222222222222
512 4 8 32 0.432763 2222222222222222222222222222222222222222222222222222222222222222
512 4 8 33 0.395430 2222222222222222222222222222222222222222222222222222222222222222
512 4 8 34 0.407876 0000000000000000000000000000000000000000000000000000000000000000
512 4 8 35 0.428685 0000000000000000000000000000000000000000000000000000000000000000
512 4 8 36 0.429771 0000000000000000000000000000000000000000000000000000000000000000
512 4 8 37 0.411915 2222222222222222222222222222222222222222222222222222222222222222
512 4 8 38 0.378276 2222222222222222222222222222222222222222222222222222222222222222
512 4 8 39 0.424518 2222222222222222222222222222222222222222222222222222222222222222
512 4 8 40 0.409399 2222222222222222222222222222222222222222222222222222222222222222
512 4 8 41 0.410892 0000000000000000000000000000000000000000000000000000000000000000
512 4 8 42 0.422807 0000000000000000000000000000000000000000000000000000000000000000
512 4 8 43 0.414578 2222222222222222222222222222222222222222222222222222222222222222
512 4 8 44 0.453659 0000000000000000000000000000000000000000000000000000000000000000
512 4 8 45 0.411309 0000000000000000000000000000000000000000000000000000000000000000
512 4 8 46 0.434381 2222222222222222222222222222222222222222222222222222222222222222
512 4 8 47 0.401202 2222222222222222222222222222222222222222222222222222222222222222
512 4 8 48 0.440916 2222222222222222222222222222222222222222222222222222222222222222
512 4 8 49 0.388576 1222222222222222222222222222222222222222222222222222222222222222
512 4 8 50 0.392584 2222222222222222222222222222222222222222222222222222222222222222
512 4 8 51 0.403852 0000000000000000000000000000000000000000000000000000000000000000
512 4 8 52 0.399453 2222222222222222222222222222222222222222222222222222222222222222
512 4 8 53 0.403025 2222222222222222222222222222222222222222222222222222222222222222
512 4 8 54 0.398763 2222222222222222222222222222222222222222222222222222222222222222
512 4 8 55 0.399813 0000000000000000000000000000000000000000000000000000000000000000
512 4 8 56 0.403026 2222222222222222222222222222222222222222222222222222222222222222
512 4 8 57 0.393455 2222222222222222222222222222222222222222222222222222222222222222
512 4 8 58 0.400719 2222222222222222222222222222222222222222222222222222222222222222
512 4 8 59 0.412016 2222222222222222222222222222222222222222222222222222222222222222
512 4 8 60 0.413858 2222222222222222222222222222222222222222222222222222222222222222
512 4 8 61 0.405917 2222222222222222222222222222222222222222222222222222222222222222
512 4 8 62 0.414404 0000000000000000000000000000000000000000000000000000000000000000
512 4 8 63 0.409380 0000000000000000000000000000000000000000000000000000000000000000
512 4 8 64 0.434931 2222222222222222222222222222222222222222222222222222222222222222
512 4 8 65 0.424279 2222222222222222222222222222222222222222222222222222222222222222
512 4 8 66 0.414455 2222222222222222222222222222222222222222222222222222222222222222
512 4 8 67 0.409815 2222222222222222222222222222222222222222222222222222222222222222
512 4 8 68 0.395587 2222222222222222222222222222222222222222222222222222222222222222
512 4 8 69 0.420769 2222222222222222222222222222222222222222222222222222222222222222
512 4 8 70 0.422169 2222222222222222222222222222222222222222222222222222222222222222
512 4 8 71 0.429148 0000000000000000000000000000000000000000000000000000000000000000
512 4 8 72 0.404094 2222222222222222222222222222222222222222222222222222222222222222
512 4 8 73 0.421099 0000000000000000000000000000000000000000000000000000000000000000
512 4 8 74 0.384404 2222222222222222222222222222222222222222222222222222222222222222
512 4 8 75 0.430834 2222222222222222222222222222222222222222222222222222222222222222
512 4 8 76 0.423151 2222222222222222222222222222222222222222222222222222222222222222
512 4 8 77 0.403290 0000000000000000000000000000000000000000000000000000000000000000
512 4 8 78 0.415676 2222222222222222222222222222222222222222222222222222222222222222
512 4 8 79 0.420215 2222222222222222222222222222222222222222222222222222222222222222
512 4 8 80 0.399283 2222222222222222222222222222222222222222222222222222222222222222
512 4 8 81 0.409271 0000000000000000000000000000000000000000000000000000000000000000
512 4 8 82 0.400123 2222222222222222222222222222222222222222222222222222222222222222
512 4 8 83 0.399066 2222222222222222222222222222222222222222222222222222222222222222
512 4 8 84 0.449914 2222222222222222222222222222222222222222222222222222222222222222
512 4 8 85 0.426873 0000000000000000000000000000000000000000000000000000000000000000
512 4 8 86 0.409092 2222222222222222222222222222222222222222222222222222222222222222
512 4 8 87 0.426757 2222222222222222222222222222222222222222222222222222222222222222
512 4 8 88 0.424544 2222222222222222222222222222222222222222222222222222222222222222
512 4 8 89 0.406184 2222222222222222222222222222222222222222222222222222222222222222
512 4 8 90 0.412829 2222222222222222222222222222222222222222222222222222222222222222
512 4 8 91 0.434595 2222222222222222222222222222222222222222222222222222222222222222
512 4 8 92 0.425932 2222222222222222222222222222222222222222222222222222222222222222
512 4 8 93 0.429688 2222222222222222222222222222222222222222222222222222222222222222
512 4 8 94 0.419123 0000000000000000000000000000000000000000000000000000000000000000
512 4 8 95 0.410742 0000000000000000000000000000000000000000000000000000000000000000
512 4 8 96 0.400246 2222222222222222222222222222222222222222222222222222222222222222
512 4 8 97 0.405536 2222222222222222222222222222222222222222222222222222222222222222
512 4 8 98 0.412286 0000000000000000000000000000000000000000000000000000000000000000
512 4 8 99 0.443269 2222222222222222222222222222222222222222222222222222222222222222
512 4 16 0 0.205638 22222222222222222222222222222222
512 4 16 1 0.211804 22222222222222222222222222222222
512 4 16 2 0.210364 22222222222222222222222222222222
512 4 16 3 0.210741 00000000000000000000000000000000
512 4 16 4 0.198011 22222222222222222222222222222222
512 4 16 5 0.211561 00000000000000000000000000000000
512 4 16 6 0.207840 22222222222222222222222222222222
512 4 16 7 0.207945 22222222222222222222222222222222
512 4 16 8 0.206208 00000000000000000000000000000000
512 4 16 9 0.221328 22222222222222222222222222222222
512 4 16 10 0.210053 22222222222222222222222222222222
512 4 16 11 0.212559 22222222222222222222222222222222
512 4 16 12 0.208572 00000000000000000000000000000000
512 4 16 13 0.216304 22222222222222222222222222222222
512 4 16 14 0.215497 22222222222222222222222222222222
512 4 16 15 0.197322 00000000000000000000000000000000
512 4 16 16 0.216328 22222222222222222222222222222222
512 4 16 17 0.212349 22222222222222222222222222222222
512 4 16 18 0.198897 22222222222222222222222222222222
512 4 16 19 0.195866 22222222222222222222222222222222
512 4 16 20 0.208973 22222222222222222222222222222222
512 4 16 21 0.204403 22222222222222222222222222222222
512 4 16 22 0.209350 22222222222222222222222222222222
512 4 16 23 0.197154 22222222222222222222222222222222
512 4 16 24 0.214895 00000000000000000000000000000000
512 4 16 25 0.199793 22222222222222222222222222222222
512 4 16 26 0.204955 22222222222222222222222222222222
512 4 16 27 0.214528 00000000000000000000000000000000
512 4 16 28 0.206264 22222222222222222222222222222222
512 4 16 29 0.205831 00000000000000000000000000000000
512 4 16 30 0.201480 22222222222222222222222222222222
512 4 16 31 0.208338 22222222222222222222222222222222
512 4 16 32 0.219675 22222222222222222222222222222222
512 4 16 33 0.200160 22222222222222222222222222222222
512 4 16 34 0.208904 00000000000000000000000000000000
512 4 16 35 0.214659 00000000000000000000000000000000
512 4 16 36 0.217096 00000000000000000000000000000000
512 4 16 37 0.208723 22222222222222222222222222222222
512 4 16 38 0.192956 22222222222222222222222222222222
512 4 16 39 0.215336 22222222222222222222222222222222
512 4 16 40 0.206811 22222222222222222222222222222222
512 4 16 41 0.207226 00000000000000000000000000000000
512 4 16 42 0.217575 00000000000000000000000000000000
512 4 16 43 0.211662 22222222222222222222222222222222
512 4 16 44 0.227712 00000000000000000000000000000000
512 4 16 45 0.208840 00000000000000000000000000000000
512 4 16 46 0.221674 22222222222222222222222222222222
512 4 16 47 0.205575 22222222222222222222222222222222
512 4 16 48 0.225390 22222222222222222222222222222222
512 4 16 49 0.198140 22222222222222222222222222222222
512 4 16 50 0.198901 22222222222222222222222222222222
512 4 16 51 0.207274 00000000000000000000000000000000
512 4 16 52 0.200113 22222222222222222222222222222222
512 4 16 53 0.204791 22222222222222222222222222222222
512 4 16 54 0.204821 22222222222222222222222222222222
512 4 16 55 0.203243 00000000000000000000000000000000
512 4 16 56 0.205039 22222222222222222222222222222222
512 4 16 57 0.199136 22222222222222222222222222222222
512 4 16 58 0.199935 22222222222222222222222222222222
512 4 16 59 0.212462 22222222222222222222222222222222
512 4 16 60 0.208314 22222222222222222222222222222222
512 4 16 61 0.202980 22222222222222222222222222222222
512 4 16 62 0.208714 00000000000000000000000000000000
512 4 16 63 0.208188 00000000000000000000000000000000
512 4 16 64 0.220257 22222222222222222222222222222222
512 4 16 65 0.215296 22222222222222222222222222222222
512 4 16 66 0.207233 22222222222222222222222222222222
512 4 16 67 0.206236 22222222222222222222222222222222
512 4 16 68 0.200457 22222222222222222222222222222222
512 4 16 69 0.215220 22222222222222222222222222222222
512 4 16 70 0.215473 22222222222222222222222222222222
512 4 16 71 0.215743 00000000000000000000000000000000
512 4 16 72 0.204468 22222222222222222222222222222222
512 4 16 73 0.213819 00000000000000000000000000000000
512 4 16 74 0.197906 22222222222222222222222222222222
512 4 16 75 0.214597 22222222222222222222222222222222
512 4 16 76 0.213383 22222222222222222222222222222222
512 4 16 77 0.203224 00000000000000000000000000000000
512 4 16 78 0.212484 22222222222222222222222222222222
512 4 16 79 0.213337 22222222222222222222222222222222
512 4 16 80 0.202929 22222222222222222222222222222222
512 4 16 81 0.208712 00000000000000000000000000000000
512 4 16 82 0.202477 22222222222222222222222222222222
512 4 16 83 0.203821 22222222222222222222222222222222
512 4 16 84 0.231311 22222222222222222222222222222222
512 4 16 85 0.214208 00000000000000000000000000000000
512 4 16 86 0.207029 22222222222222222222222222222222
512 4 16 87 0.216010 22222222222222222222222222222222
512 4 16 88 0.216073 22222222222222222222222222222222
512 4 16 89 0.204925 22222222222222222222222222222222
512 4 16 90 0.210453 22222222222222222222222222222222
512 4 16 91 0.217666 22222222222222222222222222222222
512 4 16 92 0.215522 22222222222222222222222222222222
512 4 16 93 0.207967 22222222222222222222222222222222
512 4 16 94 0.213833 00000000000000000000000000000000
512 4 16 95 0.206910 00000000000000000000000000000000
512 4 16 96 0.205156 22222222222222222222222222222222
512 4 16 97 0.206304 22222222222222222222222222222222
512 4 16 98 0.208875 00000000000000000000000000000000
512 4 16 99 0.225095 22222222222222222222222222222222
512 4 32 0 0.105923 2222222222222222
512 4 32 1 0.111366 2222222222222222
512 4 32 2 0.107855 2222222222222222
512 4 32 3 0.107725 0000000000000000
512 4 32 4 0.102623 2222222222222222
512 4 32 5 0.109855 0000000000000000
512 4 32 6 0.108345 2222222222222222
512 4 32 7 0.107902 2222222222222222
512 4 32 8 0.106392 0000000000000000
512 4 32 9 0.114229 2222222222222222
512 4 32 10 0.109221 2222222222222222
512 4 32 11 0.109452 2222222222222222
512 4 32 12 0.106473 0000000000000000
512 4 32 13 0.111370 2222222222222222
512 4 32 14 0.111389 2222222222222222
512 4 32 15 0.102330 0000000000000000
512 4 32 16 0.114015 2222222222222222
512 4 32 17 0.109293 2222222222222222
512 4 32 18 0.102877 2222222222222222
512 4 32 19 0.100946 2222222222222222
512 4 32 20 0.107362 2222222222222222
512 4 32 21 0.104736 2222222222222222
512 4 32 22 0.104305 2222222222222222
512 4 32 23 0.101765 2222222222222222
512 4 32 24 0.111620 0000000000000000
512 4 32 25 0.102806 2222222222222222
512 4 32 26 0.107054 2222222222222222
512 4 32 27 0.112457 0000000000000000
512 4 32 28 0.105986 2222222222222222
512 4 32 29 0.106437 0000000000000000
512 4 32 30 0.105078 2222222222222222
512 4 32 31 0.106541 2222222222222222
512 4 32 32 0.114523 2222222222222222
512 4 32 33 0.104772 2222222222222222
512 4 32 34 0.105580 0000000000000000
512 4 32 35 0.110557 0000000000000000
512 4 32 36 0.112200 0000000000000000
512 4 32 37 0.107187 2222222222222222
512 4 32 38 0.099240 2222222222222222
512 4 32 39 0.111175 2222222222222222
512 4 32 40 0.106417 2222222222222222
512 4 32 41 0.108177 0000000000000000
512 4 32 42 0.110867 0000000000000000
512 4 32 43 0.108647 2222222222222222
512 4 32 44 0.118065 0000000000000000
512 4 32 45 0.107796 0000000000000000
512 4 32 46 0.113156 2222222222222222
512 4 32 47 0.104954 2222222222222222
512 4 32 48 0.116176 2222222222222222
512 4 32 49 0.102651 2222222222222222
512 4 32 50 0.103478 2222222222222222
512 4 32 51 0.106859 0000000000000000
512 4 32 52 0.103663 2222222222222222
512 4 32 53 0.105975 2222222222222222
512 4 32 54 0.105521 2222222222222222
512 4 32 55 0.105578 0000000000000000
512 4 32 56 0.105832 2222222222222222
512 4 32 57 0.103334 2222222222222222
512 4 32 58 0.103383 2222222222222222
512 4 32 59 0.107317 2222222222222222
512 4 32 60 0.108774 2222222222222222
512 4 32 61 0.105037 2222222222222222
512 4 32 62 0.108084 0000000000000000
512 4 32 63 0.106929 0000000000000000
512 4 32 64 0.114240 2222222222222222
512 4 32 65 0.110192 2222222222222222
512 4 32 66 0.107555 2222222222222222
512 4 32 67 0.106738 2222222222222222
512 4 32 68 0.103458 2222222222222222
512 4 32 69 0.110341 2222222222222222
512 4 32 70 0.110886 2222222222222222
512 4 32 71 0.111863 0000000000000000
512 4 32 72 0.105607 2222222222222222
512 4 32 73 0.111394 0000000000000000
512 4 32 74 0.100915 2222222222222222
512 4 32 75 0.111104 2222222222222222
512 4 32 76 0.110795 2222222222222222
512 4 32 77 0.105723 0000000000000000
512 4 32 78 0.108875 2222222222222222
512 4 32 79 0.109786 2222222222222222
512 4 32 80 0.105207 2222222222222222
512 4 32 81 0.107855 0000000000000000
512 4 32 82 0.104600 2222222222222222
512 4 32 83 0.105402 2222222222222222
512 4 32 84 0.118236 2222222222222222
512 4 32 85 0.110436 0000000000000000
512 4 32 86 0.107372 2222222222222222
512 4 32 87 0.110930 2222222222222222
512 4 32 88 0.110788 2222222222222222
512 4 32 89 0.105785 2222222222222222
512 4 32 90 0.107887 2222222222222222
512 4 32 91 0.114104 2222222222222222
512 4 32 92 0.112854 2222222222222222
512 4 32 93 0.107314 2222222222222222
512 4 32 94 0.110447 0000000000000000
512 4 32 95 0.106590 0000000000000000
512 4 32 96 0.105480 2222222222222222
512 4 32 97 0.106929 2222222222222222
512 4 32 98 0.108188 0000000000000000
512 4 32 99 0.114746 2222222222222222
512 8 16 0 0.453086 22222222222222222222222222222222
512 8 16 1 0.478240 22222222222222222222222222222222
512 8 16 2 0.471349 22222222222222222222222222222222
512 8 16 3 0.480817 00000000000000000000000000000000
512 8 16 4 0.437929 22222222222222222222222222222222
512 8 16 5 0.464864 00000000000000000000000000000000
512 8 16 6 0.465301 22222222222222222222222222222222
512 8 16 7 0.455859 22222222222222222222222222222222
512 8 16 8 0.459551 00000000000000000000000000000000
512 8 16 9 0.513234 22222222222222222222222222222222
512 8 16 10 0.464914 22222222222222222222222222222222
512 8 16 11 0.489647 22222222222222222222222222222222
512 8 16 12 0.454214 00000000000000000000000000000000
512 8 16 13 0.483764 22222222222222222222222222222222
512 8 16 14 0.509949 22222222222222222222222222222222
512 8 16 15 0.431000 00000000000000000000000000000000
512 8 16 16 0.496514 22222222222222222222222222222222
512 8 16 17 0.478323 22222222222222222222222222222222
512 8 16 18 0.434073 22222222222222222222222222222222
512 8 16 19 0.429334 22222222222222222222222222222222
512 8 16 20 0.452269 22222222222222222222222222222222
512 8 16 21 0.458854 22222222222222222222222222222222
512 8 16 22 0.446937 22222222222222222222222222222222
512 8 16 23 0.429832 22222222222222222222222222222222
512 8 16 24 0.478442 00000000000000000000000000000000
512 8 16 25 0.439828 22222222222222222222222222222222
512 8 16 26 0.448215 22222222222222222222222222222222
512 8 16 27 0.479901 00000000000000000000000000000000
512 8 16 28 0.450369 22222222222222222222222222222222
512 8 16 29 0.465691 00000000000000000000000000000000
512 8 16 30 0.461054 22222222222222222222222222222222
512 8 16 31 0.468093 22222222222222222222222222222222
512 8 16 32 0.500103 22222222222222222222222222222222
512 8 16 33 0.430145 22222222222222222222222222222222
512 8 16 34 0.452117 00000000000000000000000000000000
512 8 16 35 0.472216 00000000000000000000000000000000
512 8 16 36 0.488414 00000000000000000000000000000000
512 8 16 37 0.472365 22222222222222222222222222222222
512 8 16 38 0.411637 22222222222222222222222222222222
512 8 16 39 0.514610 22222222222222222222222222222222
512 8 16 40 0.452290 22222222222222222222222222222222
512 8 16 41 0.469900 00000000000000000000000000000000
512 8 16 42 0.491244 00000000000000000000000000000000
512 8 16 43 0.470113 22222222222222222222222222222222
512 8 16 44 0.521610 00000000000000000000000000000000
512 8 16 45 0.475208 00000000000000000000000000000000
512 8 16 46 0.520289 22222222222222222222222222222222
512 8 16 47 0.430507 22222222222222222222222222222222
512 8 16 48 0.523633 22222222222222222222222222222222
512 8 16 49 0.429032 22222222222222222222222222222222
512 8 16 50 0.435439 22222222222222222222222222222222
512 8 16 51 0.470272 00000000000000000000000000000000
512 8 16 52 0.450363 22222222222222222222222222222222
512 8 16 53 0.445613 22222222222222222222222222222222
512 8 16 54 0.442756 22222222222222222222222222222222
512 8 16 55 0.433937 00000000000000000000000000000000
512 8 16 56 0.456802 22222222222222222222222222222222
512 8 16 57 0.440163 22222222222222222222222222222222
512 8 16 58 0.442899 22222222222222222222222222222222
512 8 16 59 0.480635 22222222222222222222222222222222
512 8 16 60 0.463716 22222222222222222222222222222222
512 8 16 61 0.438654 22222222222222222222222222222222
512 8 16 62 0.486333 00000000000000000000000000000000
512 8 16 63 0.470790 00000000000000000000000000000000
512 8 16 64 0.506616 22222222222222222222222222222222
512 8 16 65 0.476166 22222222222222222222222222222222
512 8 16 66 0.449943 22222222222222222222222222222222
512 8 16 67 0.476516 22222222222222222222222222222222
512 8 16 68 0.437240 22222222222222222222222222222222
512 8 16 69 0.509040 22222222222222222222222222222222
512 8 16 70 0.489144 22222222222222222222222222222222
512 8 16 71 0.499961 00000000000000000000000000000000
512 8 16 72 0.457509 22222222222222222222222222222222
512 8 16 73 0.481678 00000000000000000000000000000000
512 8 16 74 0.416019 22222222222222222222222222222222
512 8 16 75 0.471392 22222222222222222222222222222222
512 8 16 76 0.491724 22222222222222222222222222222222
512 8 16 77 0.461399 00000000000000000000000000000000
512 8 16 78 0.481229 22222222222222222222222222222222
512 8 16 79 0.481642 22222222222222222222222222222222
512 8 16 80 0.454330 22222222222222222222222222222222
512 8 16 81 0.483294 00000000000000000000000000000000
512 8 16 82 0.451304 22222222222222222222222222222222
512 8 16 83 0.457010 22222222222222222222222222222222
512 8 16 84 0.511853 22222222222222222222222222222222
512 8 16 85 0.501322 00000000000000000000000000000000
512 8 16 86 0.470608 22222222222222222222222222222222
512 8 16 87 0.487676 22222222222222222222222222222222
512 8 16 88 0.488219 22222222222222222222222222222222
512 8 16 89 0.461818 22222222222222222222222222222222
512 8 16 90 0.464517 22222222222222222222222222222222
512 8 16 91 0.497310 22222222222222222222222222222222
512 8 16 92 0.495151 22222222222222222222222222222222
512 8 16 93 0.464613 22222222222222222222222222222222
512 8 16 94 0.482037 00000000000000000000000000000000
512 8 16 95 0.462867 00000000000000000000000000000000
512 8 16 96 0.454034 22222222222222222222222222222222
512 8 16 97 0.455940 22222222222222222222222222222222
512 8 16 98 0.473669 00000000000000000000000000000000
512 8 16 99 0.530605 22222222222222222222222222222222
512 8 32 0 0.235759 2222222222222222
512 8 32 1 0.257525 2222222222222222
512 8 32 2 0.252743 2222222222222222
512 8 32 3 0.242431 0000000000000000
512 8 32 4 0.230764 2222222222222222
512 8 32 5 0.240621 0000000000000000
512 8 32 6 0.242710 2222222222222222
512 8 32 7 0.232677 2222222222222222
512 8 32 8 0.235005 0000000000000000
512 8 32 9 0.258751 2222222222222222
512 8 32 10 0.238176 2222222222222222
512 8 32 11 0.243206 2222222222222222
512 8 32 12 0.237265 0000000000000000
512 8 32 13 0.257081 2222222222222222
512 8 32 14 0.253139 2222222222222222
512 8 32 15 0.224571 0000000000000000
512 8 32 16 0.261034 2222222222222222
512 8 32 17 0.249977 2222222222222222
512 8 32 18 0.225340 2222222222222222
512 8 32 19 0.215621 2222222222222222
512 8 32 20 0.234709 2222222222222222
512 8 32 21 0.235838 2222222222222222
512 8 32 22 0.242512 2222222222222222
512 8 32 23 0.231504 2222222222222222
512 8 32 24 0.249490 0000000000000000
512 8 32 25 0.220745 2222222222222222
512 8 32 26 0.229936 2222222222222222
512 8 32 27 0.246619 0000000000000000
512 8 32 28 0.242662 2222222222222222
512 8 32 29 0.236931 0000000000000000
512 8 32 30 0.246542 2222222222222222
512 8 32 31 0.237494 2222222222222222
512 8 32 32 0.260644 2222222222222222
512 8 32 33 0.224261 2222222222222222
512 8 32 34 0.234151 0000000000000000
512 8 32 35 0.244696 0000000000000000
512 8 32 36 0.252983 0000000000000000
512 8 32 37 0.242928 2222222222222222
512 8 32 38 0.211687 2222222222222222
512 8 32 39 0.249599 2222222222222222
512 8 32 40 0.235975 2222222222222222
512 8 32 41 0.241460 0000000000000000
512 8 32 42 0.250763 0000000000000000
512 8 32 43 0.247628 2222222222222222
512 8 32 44 0.276797 0000000000000000
512 8 32 45 0.245043 0000000000000000
512 8 32 46 0.261899 2222222222222222
512 8 32 47 0.233435 2222222222222222
512 8 32 48 0.268543 2222222222222222
512 8 32 49 0.224536 2222222222222222
512 8 32 50 0.228904 2222222222222222
512 8 32 51 0.237391 0000000000000000
512 8 32 52 0.236681 2222222222222222
512 8 32 53 0.234315 2222222222222222
512 8 32 54 0.236710 2222222222222222
512 8 32 55 0.227050 0000000000000000
512 8 32 56 0.230984 2222222222222222
512 8 32 57 0.227650 2222222222222222
512 8 32 58 0.227858 2222222222222222
512 8 32 59 0.240608 2222222222222222
512 8 32 60 0.238825 2222222222222222
512 8 32 61 0.230325 2222222222222222
512 8 32 62 0.241390 0000000000000000
512 8 32 63 0.251061 0000000000000000
512 8 32 64 0.257171 2222222222222222
512 8 32 65 0.251642 2222222222222222
512 8 32 66 0.239136 2222222222222222
512 8 32 67 0.234874 2222222222222222
512 8 32 68 0.214706 2222222222222222
512 8 32 69 0.250970 2222222222222222
512 8 32 70 0.248543 2222222222222222
512 8 32 71 0.255917 0000000000000000
512 8 32 72 0.230115 2222222222222222
512 8 32 73 0.256176 0000000000000000
512 8 32 74 0.215701 2222222222222222
512 8 32 75 0.245589 2222222222222222
512 8 32 76 0.251717 2222222222222222
512 8 32 77 0.239174 0000000000000000
512 8 32 78 0.248687 2222222222222222
512 8 32 79 0.246385 2222222222222222
512 8 32 80 0.230962 2222222222222222
512 8 32 81 0.234590 0000000000000000
512 8 32 82 0.235531 2222222222222222
512 8 32 83 0.229910 2222222222222222
512 8 32 84 0.271906 2222222222222222
512 8 32 85 0.248417 0000000000000000
512 8 32 86 0.240159 2222222222222222
512 8 32 87 0.246238 2222222222222222
512 8 32 88 0.253319 2222222222222222
512 8 32 89 0.235296 2222222222222222
512 8 32 90 0.243125 2222222222222222
512 8 32 91 0.256247 2222222222222222
512 8 32 92 0.247428 2222222222222222
512 8 32 93 0.237940 2222222222222222
512 8 32 94 0.247956 0000000000000000
512 8 32 95 0.241287 0000000000000000
512 8 32 96 0.230816 2222222222222222
512 8 32 97 0.234848 2222222222222222
512 8 32 98 0.240873 0000000000000000
512 8 32 99 0.277872 2222222222222222
