16 2 4 0 0.000458 2222
16 2 4 1 0.000364 2222
16 2 4 2 0.000437 0000
16 2 4 3 0.000421 2222
16 2 4 4 0.000492 2222
16 2 4 5 0.000469 2222
16 2 4 6 0.000451 2222
16 2 4 7 0.000546 2222
16 2 4 8 0.000451 1222
16 2 4 9 0.000366 2222
16 2 4 10 0.000457 2000
16 2 4 11 0.000483 1222
16 2 4 12 0.000394 1222
16 2 4 13 0.000457 0000
16 2 4 14 0.000514 2222
16 2 4 15 0.000542 2222
16 2 4 16 0.000508 1222
16 2 4 17 0.000495 2222
16 2 4 18 0.000426 2222
16 2 4 19 0.000439 2222
16 2 4 20 0.000586 2222
16 2 4 21 0.000605 2222
16 2 4 22 0.000393 1222
16 2 4 23 0.000400 1222
16 2 4 24 0.000525 2222
16 2 4 25 0.000382 1222
16 2 4 26 0.000343 2222
16 2 4 27 0.000464 0000
16 2 4 28 0.000506 2222
16 2 4 29 0.000446 2222
16 2 4 30 0.000477 2222
16 2 4 31 0.000562 2222
16 2 4 32 0.000461 2222
16 2 4 33 0.000364 2222
16 2 4 34 0.000560 2222
16 2 4 35 0.000464 0000
16 2 4 36 0.000505 2222
16 2 4 37 0.000551 2222
16 2 4 38 0.000485 2222
16 2 4 39 0.000408 1222
16 2 4 40 0.000342 2222
16 2 4 41 0.000469 2222
16 2 4 42 0.000368 0000
16 2 4 43 0.000593 0000
16 2 4 44 0.000612 0000
16 2 4 45 0.000469 2222
16 2 4 46 0.000537 2222
16 2 4 47 0.000370 0000
16 2 4 48 0.000432 0000
16 2 4 49 0.000413 2222
16 2 4 50 0.000383 0000
16 2 4 51 0.000510 2222
16 2 4 52 0.000414 2222
16 2 4 53 0.000351 0000
16 2 4 54 0.000514 0000
16 2 4 55 0.000583 0000
16 2 4 56 0.000504 2222
16 2 4 57 0.000379 1222
16 2 4 58 0.000506 1222
16 2 4 59 0.000536 1222
16 2 4 60 0.000586 2222
16 2 4 61 0.000474 2222
16 2 4 62 0.000519 2222
16 2 4 63 0.000430 1222
16 2 4 64 0.000520 2222
16 2 4 65 0.000442 2222
16 2 4 66 0.000545 2222
16 2 4 67 0.000563 1222
16 2 4 68 0.000382 0000
16 2 4 69 0.000442 2222
16 2 4 70 0.000360 0000
16 2 4 71 0.000587 2222
16 2 4 72 0.000663 2222
16 2 4 73 0.000414 2222
16 2 4 74 0.000429 0000
16 2 4 75 0.000333 1222
16 2 4 76 0.000494 0000
16 2 4 77 0.000561 2222
16 2 4 78 0.000440 2222
16 2 4 79 0.000418 0000
16 2 4 80 0.000584 0000
16 2 4 81 0.000475 2222
16 2 4 82 0.000630 2222
16 2 4 83 0.000481 1222
16 2 4 84 0.000425 0000
16 2 4 85 0.000606 2222
16 2 4 86 0.000518 0000
16 2 4 87 0.000519 2222
16 2 4 88 0.000619 0000
16 2 4 89 0.000599 2222
16 2 4 90 0.000410 2222
16 2 4 91 0.000540 2222
16 2 4 92 0.000517 2222
16 2 4 93 0.000545 2222
16 2 4 94 0.000553 2222
16 2 4 95 0.000515 2222
16 2 4 96 0.000455 2222
16 2 4 97 0.000604 2222
16 2 4 98 0.000447 0000
16 2 4 99 0.000525 2222
16 2 8 0 0.000295 22
16 2 8 1 0.000193 22
16 2 8 2 0.000244 00
16 2 8 3 0.000263 22
16 2 8 4 0.000288 22
16 2 8 5 0.000275 22
16 2 8 6 0.000283 22
16 2 8 7 0.000338 22
16 2 8 8 0.000282 22
16 2 8 9 0.000218 22
16 2 8 10 0.000275 00
16 2 8 11 0.000293 22
16 2 8 12 0.000247 22
16 2 8 13 0.000299 00
16 2 8 14 0.000320 22
16 2 8 15 0.000319 22
16 2 8 16 0.000316 22
16 2 8 17 0.000305 22
16 2 8 18 0.000277 22
16 2 8 19 0.000287 22
16 2 8 20 0.000363 22
16 2 8 21 0.000381 22
16 2 8 22 0.000253 22
16 2 8 23 0.000264 22
16 2 8 24 0.000299 22
16 2 8 25 0.000224 22
16 2 8 26 0.000220 22
16 2 8 27 0.000290 00
16 2 8 28 0.000318 22
16 2 8 29 0.000288 22
16 2 8 30 0.000296 22
16 2 8 31 0.000341 22
16 2 8 32 0.000287 22
16 2 8 33 0.000206 22
16 2 8 34 0.000346 22
16 2 8 35 0.000291 00
16 2 8 36 0.000306 22
16 2 8 37 0.000338 22
16 2 8 38 0.000309 22
16 2 8 39 0.000262 22
16 2 8 40 0.000220 22
16 2 8 41 0.000302 22
16 2 8 42 0.000212 00
16 2 8 43 0.000365 00
16 2 8 44 0.000378 00
16 2 8 45 0.000287 22
16 2 8 46 0.000314 22
16 2 8 47 0.000230 00
16 2 8 48 0.000278 00
16 2 8 49 0.000259 22
16 2 8 50 0.000245 00
16 2 8 51 0.000323 22
16 2 8 52 0.000265 22
16 2 8 53 0.000226 00
16 2 8 54 0.000315 00
16 2 8 55 0.000357 00
16 2 8 56 0.000293 00
16 2 8 57 0.000241 22
16 2 8 58 0.000326 22
16 2 8 59 0.000328 22
16 2 8 60 0.000361 22
16 2 8 61 0.000299 22
16 2 8 62 0.000322 22
16 2 8 63 0.000227 22
16 2 8 64 0.000322 22
16 2 8 65 0.000279 22
16 2 8 66 0.000337 22
16 2 8 67 0.000342 22
16 2 8 68 0.000255 00
16 2 8 69 0.000265 22
16 2 8 70 0.000229 00
16 2 8 71 0.000353 22
16 2 8 72 0.000406 22
16 2 8 73 0.000271 22
16 2 8 74 0.000271 00
16 2 8 75 0.000216 22
16 2 8 76 0.000317 00
16 2 8 77 0.000344 22
16 2 8 78 0.000275 22
16 2 8 79 0.000274 00
16 2 8 80 0.000367 00
16 2 8 81 0.000295 22
16 2 8 82 0.000392 22
16 2 8 83 0.000304 22
16 2 8 84 0.000276 00
16 2 8 85 0.000362 22
16 2 8 86 0.000326 00
16 2 8 87 0.000307 22
16 2 8 88 0.000387 00
16 2 8 89 0.000375 22
16 2 8 90 0.000269 22
16 2 8 91 0.000330 22
16 2 8 92 0.000316 22
16 2 8 93 0.000334 22
16 2 8 94 0.000331 22
16 2 8 95 0.000306 22
16 2 8 96 0.000279 22
16 2 8 97 0.000370 22
16 2 8 98 0.000284 00
16 2 8 99 0.000332 22
16 2 16 0 0.000216 2
16 2 16 1 0.000153 2
16 2 16 2 0.000189 0
16 2 16 3 0.000189 2
16 2 16 4 0.000208 2
16 2 16 5 0.000189 2
16 2 16 6 0.000207 2
16 2 16 7 0.000229 2
16 2 16 8 0.000203 2
16 2 16 9 0.000164 2
16 2 16 10 0.000193 0
16 2 16 11 0.000203 2
16 2 16 12 0.000182 2
16 2 16 13 0.000218 0
16 2 16 14 0.000219 2
16 2 16 15 0.000219 2
16 2 16 16 0.000217 2
16 2 16 17 0.000214 2
16 2 16 18 0.000199 2
16 2 16 19 0.000201 2
16 2 16 20 0.000252 2
16 2 16 21 0.000253 2
16 2 16 22 0.000176 2
16 2 16 23 0.000201 2
16 2 16 24 0.000205 2
16 2 16 25 0.000171 2
16 2 16 26 0.000160 2
16 2 16 27 0.000199 0
16 2 16 28 0.000219 2
16 2 16 29 0.000204 2
16 2 16 30 0.000202 2
16 2 16 31 0.000233 2
16 2 16 32 0.000196 2
16 2 16 33 0.000146 2
16 2 16 34 0.000224 2
16 2 16 35 0.000195 0
16 2 16 36 0.000210 2
16 2 16 37 0.000217 2
16 2 16 38 0.000212 2
16 2 16 39 0.000197 2
16 2 16 40 0.000159 2
16 2 16 41 0.000210 2
16 2 16 42 0.000158 0
16 2 16 43 0.000242 0
16 2 16 44 0.000250 0
16 2 16 45 0.000203 2
16 2 16 46 0.000222 2
16 2 16 47 0.000171 0
16 2 16 48 0.000210 0
16 2 16 49 0.000183 2
16 2 16 50 0.000182 0
16 2 16 51 0.000231 2
16 2 16 52 0.000182 2
16 2 16 53 0.000164 0
16 2 16 54 0.000215 0
16 2 16 55 0.000247 0
16 2 16 56 0.000220 0
16 2 16 57 0.000181 2
16 2 16 58 0.000236 2
16 2 16 59 0.000223 2
16 2 16 60 0.000242 2
16 2 16 61 0.000208 2
16 2 16 62 0.000222 2
16 2 16 63 0.000189 2
16 2 16 64 0.000210 2
16 2 16 65 0.000207 2
16 2 16 66 0.000228 2
16 2 16 67 0.000231 2
16 2 16 68 0.000184 0
16 2 16 69 0.000174 2
16 2 16 70 0.000163 0
16 2 16 71 0.000254 2
16 2 16 72 0.000271 2
16 2 16 73 0.000193 2
16 2 16 74 0.000196 0
16 2 16 75 0.000158 2
16 2 16 76 0.000219 0
16 2 16 77 0.000243 2
16 2 16 78 0.000203 2
16 2 16 79 0.000191 0
16 2 16 80 0.000244 0
16 2 16 81 0.000219 2
16 2 16 82 0.000261 2
16 2 16 83 0.000219 2
16 2 16 84 0.000199 0
16 2 16 85 0.000263 2
16 2 16 86 0.000225 0
16 2 16 87 0.000209 2
16 2 16 88 0.000264 0
16 2 16 89 0.000252 2
16 2 16 90 0.000201 2
16 2 16 91 0.000224 2
16 2 16 92 0.000213 2
16 2 16 93 0.000234 2
16 2 16 94 0.000233 2
16 2 16 95 0.000210 2
16 2 16 96 0.000204 2
16 2 16 97 0.000254 2
16 2 16 98 0.000214 0
16 2 16 99 0.000245 2
16 4 8 0 0.000409 22
16 4 8 1 0.000229 22
16 4 8 2 0.000333 00
16 4 8 3 0.000342 22
16 4 8 4 0.000386 22
16 4 8 5 0.000401 22
16 4 8 6 0.000577 22
16 4 8 7 0.000497 22
16 4 8 8 0.000456 22
16 4 8 9 0.000249 22
16 4 8 10 0.000343 22
16 4 8 11 0.000299 22
16 4 8 12 0.000295 22
16 4 8 13 0.000428 00
16 4 8 14 0.000409 22
16 4 8 15 0.000411 22
16 4 8 16 0.000431 22
16 4 8 17 0.000355 22
16 4 8 18 0.000358 22
16 4 8 19 0.000379 22
16 4 8 20 0.000523 22
16 4 8 21 0.000584 22
16 4 8 22 0.000297 22
16 4 8 23 0.000309 22
16 4 8 24 0.000364 22
16 4 8 25 0.000286 22
16 4 8 26 0.000206 22
16 4 8 27 0.000440 00
16 4 8 28 0.000438 22
16 4 8 29 0.000367 22
16 4 8 30 0.000454 22
16 4 8 31 0.000466 22
16 4 8 32 0.000413 22
16 4 8 33 0.000262 22
16 4 8 34 0.000538 22
16 4 8 35 0.000428 00
16 4 8 36 0.000396 22
16 4 8 37 0.000427 22
16 4 8 38 0.000500 22
16 4 8 39 0.000337 22
16 4 8 40 0.000184 22
16 4 8 41 0.000423 22
16 4 8 42 0.000256 00
16 4 8 43 0.000593 00
16 4 8 44 0.000607 00
16 4 8 45 0.000313 22
16 4 8 46 0.000368 22
16 4 8 47 0.000233 00
16 4 8 48 0.000381 00
16 4 8 49 0.000293 22
16 4 8 50 0.000230 00
16 4 8 51 0.000530 22
16 4 8 52 0.000383 22
16 4 8 53 0.000226 00
16 4 8 54 0.000414 00
16 4 8 55 0.000464 00
16 4 8 56 0.000385 22
16 4 8 57 0.000267 22
16 4 8 58 0.000526 22
16 4 8 59 0.000450 22
16 4 8 60 0.000595 22
16 4 8 61 0.000497 22
16 4 8 62 0.000540 22
16 4 8 63 0.000317 22
16 4 8 64 0.000456 22
16 4 8 65 0.000387 22
16 4 8 66 0.000450 22
16 4 8 67 0.000488 22
16 4 8 68 0.000265 00
16 4 8 69 0.000235 22
16 4 8 70 0.000269 00
16 4 8 71 0.000494 22
16 4 8 72 0.000674 22
16 4 8 73 0.000304 22
16 4 8 74 0.000367 00
16 4 8 75 0.000204 22
16 4 8 76 0.000393 00
16 4 8 77 0.000447 22
16 4 8 78 0.000335 22
16 4 8 79 0.000387 00
16 4 8 80 0.000517 00
16 4 8 81 0.000409 22
16 4 8 82 0.000626 22
16 4 8 83 0.000418 22
16 4 8 84 0.000343 00
16 4 8 85 0.000544 22
16 4 8 86 0.000440 00
16 4 8 87 0.000387 22
16 4 8 88 0.000566 00
16 4 8 89 0.000636 22
16 4 8 90 0.000346 22
16 4 8 91 0.000468 22
16 4 8 92 0.000419 22
16 4 8 93 0.000568 22
16 4 8 94 0.000465 22
16 4 8 95 0.000376 22
16 4 8 96 0.000382 22
16 4 8 97 0.000621 22
16 4 8 98 0.000366 00
16 4 8 99 0.000578 22
16 4 16 0 0.000339 2
16 4 16 1 0.000179 2
16 4 16 2 0.000272 0
16 4 16 3 0.000241 2
16 4 16 4 0.000294 2
16 4 16 5 0.000270 2
16 4 16 6 0.000302 2
16 4 16 7 0.000364 2
16 4 16 8 0.000329 2
16 4 16 9 0.000201 2
16 4 16 10 0.000256 2
16 4 16 11 0.000199 2
16 4 16 12 0.000229 2
16 4 16 13 0.000315 0
16 4 16 14 0.000300 2
16 4 16 15 0.000305 2
16 4 16 16 0.000302 2
16 4 16 17 0.000281 2
16 4 16 18 0.000267 2
16 4 16 19 0.000279 2
16 4 16 20 0.000386 2
16 4 16 21 0.000368 2
16 4 16 22 0.000226 2
16 4 16 23 0.000266 2
16 4 16 24 0.000259 2
16 4 16 25 0.000236 2
16 4 16 26 0.000151 2
16 4 16 27 0.000308 0
16 4 16 28 0.000309 2
16 4 16 29 0.000285 2
16 4 16 30 0.000319 2
16 4 16 31 0.000341 2
16 4 16 32 0.000299 2
16 4 16 33 0.000178 2
16 4 16 34 0.000371 2
16 4 16 35 0.000323 0
16 4 16 36 0.000280 2
16 4 16 37 0.000301 2
16 4 16 38 0.000374 2
16 4 16 39 0.000276 2
16 4 16 40 0.000138 2
16 4 16 41 0.000296 2
16 4 16 42 0.000205 0
16 4 16 43 0.000426 0
16 4 16 44 0.000405 0
16 4 16 45 0.000242 2
16 4 16 46 0.000273 2
16 4 16 47 0.000202 0
16 4 16 48 0.000310 0
16 4 16 49 0.000226 2
16 4 16 50 0.000189 0
16 4 16 51 0.000395 2
16 4 16 52 0.000273 2
16 4 16 53 0.000186 0
16 4 16 54 0.000294 0
16 4 16 55 0.000351 0
16 4 16 56 0.000309 2
16 4 16 57 0.000221 2
16 4 16 58 0.000394 2
16 4 16 59 0.000349 2
16 4 16 60 0.000421 2
16 4 16 61 0.000344 2
16 4 16 62 0.000397 2
16 4 16 63 0.000264 2
16 4 16 64 0.000291 2
16 4 16 65 0.000308 2
16 4 16 66 0.000335 2
16 4 16 67 0.000355 2
16 4 16 68 0.000218 0
16 4 16 69 0.000159 2
16 4 16 70 0.000200 0
16 4 16 71 0.000384 2
16 4 16 72 0.000490 2
16 4 16 73 0.000242 2
16 4 16 74 0.000285 0
16 4 16 75 0.000150 2
16 4 16 76 0.000285 0
16 4 16 77 0.000334 2
16 4 16 78 0.000276 2
16 4 16 79 0.000248 0
16 4 16 80 0.000384 0
16 4 16 81 0.000324 2
16 4 16 82 0.000442 2
16 4 16 83 0.000336 2
16 4 16 84 0.000257 0
16 4 16 85 0.000415 2
16 4 16 86 0.000321 0
16 4 16 87 0.000291 2
16 4 16 88 0.000370 0
16 4 16 89 0.000443 2
16 4 16 90 0.000273 2
16 4 16 91 0.000345 2
16 4 16 92 0.000301 2
16 4 16 93 0.000423 2
16 4 16 94 0.000346 2
16 4 16 95 0.000271 2
16 4 16 96 0.000296 2
16 4 16 97 0.000429 2
16 4 16 98 0.000294 0
16 4 16 99 0.000455 2
16 8 16 0 0.000438 2
16 8 16 1 0.000174 2
16 8 16 2 0.000369 0
16 8 16 3 0.000330 2
16 8 16 4 0.000404 2
16 8 16 5 0.000328 2
16 8 16 6 0.000358 2
16 8 16 7 0.000479 2
16 8 16 8 0.000423 2
16 8 16 9 0.000239 2
16 8 16 10 0.000319 2
16 8 16 11 0.000264 2
16 8 16 12 0.000220 2
16 8 16 13 0.000465 0
16 8 16 14 0.000391 2
16 8 16 15 0.000406 2
16 8 16 16 0.000346 2
16 8 16 17 0.000366 2
16 8 16 18 0.000313 2
16 8 16 19 0.000359 2
16 8 16 20 0.000571 2
16 8 16 21 0.000559 2
16 8 16 22 0.000276 2
16 8 16 23 0.000313 2
16 8 16 24 0.000234 2
16 8 16 25 0.000294 2
16 8 16 26 0.000137 2
16 8 16 27 0.000252 0
16 8 16 28 0.000413 2
16 8 16 29 0.000447 2
16 8 16 30 0.000337 2
16 8 16 31 0.000396 2
16 8 16 32 0.000422 2
16 8 16 33 0.000189 2
16 8 16 34 0.000421 2
16 8 16 35 0.000373 0
16 8 16 36 0.000306 2
16 8 16 37 0.000343 2
16 8 16 38 0.000396 2
16 8 16 39 0.000288 2
16 8 16 40 0.000146 2
16 8 16 41 0.000374 2
16 8 16 42 0.000266 0
16 8 16 43 0.000639 0
16 8 16 44 0.000582 0
16 8 16 45 0.000297 2
16 8 16 46 0.000327 2
16 8 16 47 0.000188 0
16 8 16 48 0.000308 0
16 8 16 49 0.000240 2
16 8 16 50 0.000242 0
16 8 16 51 0.000518 2
16 8 16 52 0.000368 2
16 8 16 53 0.000209 0
16 8 16 54 0.000327 0
16 8 16 55 0.000487 0
16 8 16 56 0.000322 2
16 8 16 57 0.000271 2
16 8 16 58 0.000556 2
16 8 16 59 0.000488 2
16 8 16 60 0.000599 2
16 8 16 61 0.000427 2
16 8 16 62 0.000467 2
16 8 16 63 0.000334 2
16 8 16 64 0.000329 2
16 8 16 65 0.000327 2
16 8 16 66 0.000464 2
16 8 16 67 0.000504 2
16 8 16 68 0.000237 0
16 8 16 69 0.000193 2
16 8 16 70 0.000244 0
16 8 16 71 0.000588 2
16 8 16 72 0.000724 2
16 8 16 73 0.000267 2
16 8 16 74 0.000317 0
16 8 16 75 0.000161 2
16 8 16 76 0.000392 0
16 8 16 77 0.000475 2
16 8 16 78 0.000394 2
16 8 16 79 0.000340 0
16 8 16 80 0.000495 0
16 8 16 81 0.000438 2
16 8 16 82 0.000673 2
16 8 16 83 0.000392 2
16 8 16 84 0.000350 0
16 8 16 85 0.000602 2
16 8 16 86 0.000358 0
16 8 16 87 0.000281 2
16 8 16 88 0.000602 0
16 8 16 89 0.000697 2
16 8 16 90 0.000333 2
16 8 16 91 0.000422 2
16 8 16 92 0.000366 2
16 8 16 93 0.000628 2
16 8 16 94 0.000438 2
16 8 16 95 0.000340 2
16 8 16 96 0.000330 2
16 8 16 97 0.000405 2
16 8 16 98 0.000387 0
16 8 16 99 0.000676 2
32 2 4 0 0.001885 00000000
32 2 4 1 0.001852 00000000
32 2 4 2 0.002126 22222222
32 2 4 3 0.002145 00000000
32 2 4 4 0.002185 22222222
32 2 4 5 0.001996 00000000
32 2 4 6 0.002246 22222222
32 2 4 7 0.001549 00000000
32 2 4 8 0.001768 22222222
32 2 4 9 0.002003 22222222
32 2 4 10 0.001833 00000000
32 2 4 11 0.002045 22222222
32 2 4 12 0.001883 00000000
32 2 4 13 0.002247 22222222
32 2 4 14 0.002058 22222222
32 2 4 15 0.001977 12222222
32 2 4 16 0.002100 22222222
32 2 4 17 0.001987 12222222
32 2 4 18 0.001788 22222222
32 2 4 19 0.002365 22222222
32 2 4 20 0.001789 00000000
32 2 4 21 0.002050 12222222
32 2 4 22 0.002233 22222222
32 2 4 23 0.002159 22222222
32 2 4 24 0.002032 12222222
32 2 4 25 0.001756 00000000
32 2 4 26 0.001985 22222222
32 2 4 27 0.001573 22222222
32 2 4 28 0.002029 22222222
32 2 4 29 0.002438 22222200
32 2 4 30 0.001897 12222222
32 2 4 31 0.002087 22222222
32 2 4 32 0.001745 22222222
32 2 4 33 0.001674 22222222
32 2 4 34 0.002193 22222222
32 2 4 35 0.002068 22222222
32 2 4 36 0.002190 22222222
32 2 4 37 0.001572 22222222
32 2 4 38 0.001893 12222222
32 2 4 39 0.001470 00000000
32 2 4 40 0.002001 22222222
32 2 4 41 0.002046 22222222
32 2 4 42 0.002105 22222222
32 2 4 43 0.002126 22222222
32 2 4 44 0.002055 00000000
32 2 4 45 0.002086 12222222
32 2 4 46 0.001983 22222222
32 2 4 47 0.001790 22222222
32 2 4 48 0.001734 22222222
32 2 4 49 0.001903 22222222
32 2 4 50 0.002241 00000000
32 2 4 51 0.001873 22222222
32 2 4 52 0.001551 22222222
32 2 4 53 0.001844 22222222
32 2 4 54 0.001708 12222222
32 2 4 55 0.001890 00000000
32 2 4 56 0.001927 22222222
32 2 4 57 0.002436 22222222
32 2 4 58 0.002260 12222222
32 2 4 59 0.001981 00000000
32 2 4 60 0.002042 22222222
32 2 4 61 0.001894 12222222
32 2 4 62 0.001972 00000000
32 2 4 63 0.001685 12200000
32 2 4 64 0.001694 22222222
32 2 4 65 0.001998 00000000
32 2 4 66 0.001863 22222222
32 2 4 67 0.002000 22222222
32 2 4 68 0.001705 22222222
32 2 4 69 0.001981 22222222
32 2 4 70 0.001732 00000000
32 2 4 71 0.001880 22222222
32 2 4 72 0.001837 12222222
32 2 4 73 0.002241 12222222
32 2 4 74 0.002132 22222220
32 2 4 75 0.002052 22222222
32 2 4 76 0.002091 12222222
32 2 4 77 0.002231 22222222
32 2 4 78 0.001845 22222222
32 2 4 79 0.001984 12222222
32 2 4 80 0.001588 12222222
32 2 4 81 0.002131 00000000
32 2 4 82 0.001955 12222222
32 2 4 83 0.001997 00000000
32 2 4 84 0.002005 12222222
32 2 4 85 0.001906 22222222
32 2 4 86 0.002060 22222222
32 2 4 87 0.001801 12000000
32 2 4 88 0.001987 00000000
32 2 4 89 0.001890 22222222
32 2 4 90 0.002041 22222222
32 2 4 91 0.002120 12222222
32 2 4 92 0.001888 22222222
32 2 4 93 0.002029 00000000
32 2 4 94 0.001927 22222222
32 2 4 95 0.001404 11222222
32 2 4 96 0.001844 22222222
32 2 4 97 0.002092 12222222
32 2 4 98 0.002299 22222222
32 2 4 99 0.001899 12222222
32 2 8 0 0.001067 0000
32 2 8 1 0.001056 0000
32 2 8 2 0.001138 2222
32 2 8 3 0.001195 0000
32 2 8 4 0.001218 2222
32 2 8 5 0.001132 0000
32 2 8 6 0.001257 2222
32 2 8 7 0.000879 0000
32 2 8 8 0.001010 2222
32 2 8 9 0.001103 2222
32 2 8 10 0.001021 0000
32 2 8 11 0.001170 2222
32 2 8 12 0.001030 0000
32 2 8 13 0.001247 2222
32 2 8 14 0.001089 2222
32 2 8 15 0.001118 2222
32 2 8 16 0.001182 2222
32 2 8 17 0.001094 2222
32 2 8 18 0.001019 2222
32 2 8 19 0.001334 2222
32 2 8 20 0.001004 0000
32 2 8 21 0.001152 2222
32 2 8 22 0.001265 2222
32 2 8 23 0.001216 2222
32 2 8 24 0.001153 2222
32 2 8 25 0.000952 0000
32 2 8 26 0.001129 2222
32 2 8 27 0.000895 2222
32 2 8 28 0.001151 2222
32 2 8 29 0.001362 2220
32 2 8 30 0.001070 2222
32 2 8 31 0.001174 2222
32 2 8 32 0.000969 2222
32 2 8 33 0.000934 2222
32 2 8 34 0.001171 2222
32 2 8 35 0.001166 2222
32 2 8 36 0.001250 2222
32 2 8 37 0.000853 2222
32 2 8 38 0.001064 2222
32 2 8 39 0.000836 0000
32 2 8 40 0.001054 2222
32 2 8 41 0.001140 2222
32 2 8 42 0.001185 2222
32 2 8 43 0.001216 2222
32 2 8 44 0.001171 0000
32 2 8 45 0.001202 2222
32 2 8 46 0.001109 2222
32 2 8 47 0.001038 2222
32 2 8 48 0.000976 2222
32 2 8 49 0.001069 2222
32 2 8 50 0.001253 0000
32 2 8 51 0.001054 2222
32 2 8 52 0.000900 2222
32 2 8 53 0.001045 2222
32 2 8 54 0.000963 2222
32 2 8 55 0.001056 0000
32 2 8 56 0.001043 2222
32 2 8 57 0.001363 2222
32 2 8 58 0.001282 2222
32 2 8 59 0.001094 0000
32 2 8 60 0.001161 2222
32 2 8 61 0.001064 2222
32 2 8 62 0.001113 0000
32 2 8 63 0.000962 2000
32 2 8 64 0.000977 2222
32 2 8 65 0.001135 0000
32 2 8 66 0.001058 2222
32 2 8 67 0.001132 2222
32 2 8 68 0.000912 2222
32 2 8 69 0.001084 2222
32 2 8 70 0.000963 0000
32 2 8 71 0.001031 2222
32 2 8 72 0.001037 2222
32 2 8 73 0.001261 2222
32 2 8 74 0.001124 2220
32 2 8 75 0.001117 2222
32 2 8 76 0.001184 2222
32 2 8 77 0.001248 2222
32 2 8 78 0.001032 2222
32 2 8 79 0.001108 2222
32 2 8 80 0.000899 2222
32 2 8 81 0.001208 0000
32 2 8 82 0.001111 2222
32 2 8 83 0.001119 0000
32 2 8 84 0.001143 2222
32 2 8 85 0.001064 2222
32 2 8 86 0.001155 2222
32 2 8 87 0.001017 2000
32 2 8 88 0.001097 0000
32 2 8 89 0.001076 2222
32 2 8 90 0.001058 2222
32 2 8 91 0.001201 2222
32 2 8 92 0.001050 2222
32 2 8 93 0.001118 0000
32 2 8 94 0.001008 2222
32 2 8 95 0.000762 1222
32 2 8 96 0.001047 2222
32 2 8 97 0.001149 2222
32 2 8 98 0.001309 2222
32 2 8 99 0.001071 2222
32 2 16 0 0.000664 00
32 2 16 1 0.000634 00
32 2 16 2 0.000677 22
32 2 16 3 0.000712 00
32 2 16 4 0.000729 22
32 2 16 5 0.000688 00
32 2 16 6 0.000750 22
32 2 16 7 0.000545 00
32 2 16 8 0.000646 22
32 2 16 9 0.000673 22
32 2 16 10 0.000636 00
32 2 16 11 0.000710 22
32 2 16 12 0.000626 00
32 2 16 13 0.000758 22
32 2 16 14 0.000677 22
32 2 16 15 0.000728 22
32 2 16 16 0.000733 22
32 2 16 17 0.000692 22
32 2 16 18 0.000637 22
32 2 16 19 0.000808 22
32 2 16 20 0.000625 00
32 2 16 21 0.000701 22
32 2 16 22 0.000751 22
32 2 16 23 0.000732 22
32 2 16 24 0.000693 22
32 2 16 25 0.000605 00
32 2 16 26 0.000696 22
32 2 16 27 0.000558 22
32 2 16 28 0.000722 22
32 2 16 29 0.000824 20
32 2 16 30 0.000669 22
32 2 16 31 0.000728 22
32 2 16 32 0.000592 22
32 2 16 33 0.000581 22
32 2 16 34 0.000721 22
32 2 16 35 0.000708 22
32 2 16 36 0.000748 22
32 2 16 37 0.000549 22
32 2 16 38 0.000653 22
32 2 16 39 0.000520 00
32 2 16 40 0.000662 22
32 2 16 41 0.000682 22
32 2 16 42 0.000708 22
32 2 16 43 0.000743 22
32 2 16 44 0.000687 00
32 2 16 45 0.000737 22
32 2 16 46 0.000673 22
32 2 16 47 0.000642 22
32 2 16 48 0.000584 22
32 2 16 49 0.000636 22
32 2 16 50 0.000747 00
32 2 16 51 0.000647 22
32 2 16 52 0.000564 22
32 2 16 53 0.000643 22
32 2 16 54 0.000582 22
32 2 16 55 0.000628 00
32 2 16 56 0.000662 22
32 2 16 57 0.000805 22
32 2 16 58 0.000769 22
32 2 16 59 0.000655 00
32 2 16 60 0.000720 22
32 2 16 61 0.000663 22
32 2 16 62 0.000683 00
32 2 16 63 0.000592 00
32 2 16 64 0.000598 22
32 2 16 65 0.000705 00
32 2 16 66 0.000649 22
32 2 16 67 0.000693 22
32 2 16 68 0.000569 22
32 2 16 69 0.000647 22
32 2 16 70 0.000581 00
32 2 16 71 0.000650 22
32 2 16 72 0.000647 22
32 2 16 73 0.000769 22
32 2 16 74 0.000667 20
32 2 16 75 0.000667 22
32 2 16 76 0.000724 22
32 2 16 77 0.000746 22
32 2 16 78 0.000625 22
32 2 16 79 0.000659 22
32 2 16 80 0.000573 22
32 2 16 81 0.000739 00
32 2 16 82 0.000685 22
32 2 16 83 0.000669 00
32 2 16 84 0.000705 22
32 2 16 85 0.000660 22
32 2 16 86 0.000703 22
32 2 16 87 0.000606 00
32 2 16 88 0.000663 00
32 2 16 89 0.000647 22
32 2 16 90 0.000646 22
32 2 16 91 0.000722 22
32 2 16 92 0.000630 22
32 2 16 93 0.000660 00
32 2 16 94 0.000604 22
32 2 16 95 0.000453 22
32 2 16 96 0.000638 22
32 2 16 97 0.000713 22
32 2 16 98 0.000790 22
32 2 16 99 0.000670 22
32 2 32 0 0.000456 0
32 2 32 1 0.000437 0
32 2 32 2 0.000467 2
32 2 32 3 0.000481 0
32 2 32 4 0.000478 2
32 2 32 5 0.000458 0
32 2 32 6 0.000496 2
32 2 32 7 0.000380 0
32 2 32 8 0.000457 2
32 2 32 9 0.000471 2
32 2 32 10 0.000442 0
32 2 32 11 0.000485 2
32 2 32 12 0.000449 0
32 2 32 13 0.000477 2
32 2 32 14 0.000449 2
32 2 32 15 0.000478 2
32 2 32 16 0.000506 2
32 2 32 17 0.000488 2
32 2 32 18 0.000454 2
32 2 32 19 0.000549 2
32 2 32 20 0.000454 0
32 2 32 21 0.000472 2
32 2 32 22 0.000514 2
32 2 32 23 0.000493 2
32 2 32 24 0.000467 2
32 2 32 25 0.000418 0
32 2 32 26 0.000488 2
32 2 32 27 0.000378 2
32 2 32 28 0.000492 2
32 2 32 29 0.000534 0
32 2 32 30 0.000461 2
32 2 32 31 0.000506 2
32 2 32 32 0.000386 2
32 2 32 33 0.000402 2
32 2 32 34 0.000499 2
32 2 32 35 0.000473 2
32 2 32 36 0.000497 2
32 2 32 37 0.000404 2
32 2 32 38 0.000451 2
32 2 32 39 0.000368 0
32 2 32 40 0.000459 2
32 2 32 41 0.000456 2
32 2 32 42 0.000479 2
32 2 32 43 0.000477 2
32 2 32 44 0.000463 0
32 2 32 45 0.000533 2
32 2 32 46 0.000483 2
32 2 32 47 0.000453 2
32 2 32 48 0.000402 2
32 2 32 49 0.000457 2
32 2 32 50 0.000486 0
32 2 32 51 0.000435 2
32 2 32 52 0.000407 2
32 2 32 53 0.000448 2
32 2 32 54 0.000405 2
32 2 32 55 0.000413 0
32 2 32 56 0.000445 2
32 2 32 57 0.000536 2
32 2 32 58 0.000515 2
32 2 32 59 0.000443 0
32 2 32 60 0.000511 2
32 2 32 61 0.000449 2
32 2 32 62 0.000506 0
32 2 32 63 0.000415 0
32 2 32 64 0.000409 2
32 2 32 65 0.000474 0
32 2 32 66 0.000434 2
32 2 32 67 0.000471 2
32 2 32 68 0.000384 2
32 2 32 69 0.000462 2
32 2 32 70 0.000377 0
32 2 32 71 0.000452 2
32 2 32 72 0.000441 2
32 2 32 73 0.000514 2
32 2 32 74 0.000459 0
32 2 32 75 0.000438 2
32 2 32 76 0.000506 2
32 2 32 77 0.000509 2
32 2 32 78 0.000435 2
32 2 32 79 0.000456 2
32 2 32 80 0.000397 2
32 2 32 81 0.000494 0
32 2 32 82 0.000476 2
32 2 32 83 0.000444 0
32 2 32 84 0.000496 2
32 2 32 85 0.000440 2
32 2 32 86 0.000466 2
32 2 32 87 0.000415 0
32 2 32 88 0.000448 0
32 2 32 89 0.000443 2
32 2 32 90 0.000439 2
32 2 32 91 0.000482 2
32 2 32 92 0.000422 2
32 2 32 93 0.000456 0
32 2 32 94 0.000434 2
32 2 32 95 0.000335 2
32 2 32 96 0.000458 2
32 2 32 97 0.000474 2
32 2 32 98 0.000531 2
32 2 32 99 0.000470 2
32 4 8 0 0.001618 0000
32 4 8 1 0.001591 0000
32 4 8 2 0.001702 2222
32 4 8 3 0.001780 0000
32 4 8 4 0.002007 2222
32 4 8 5 0.001497 0000
32 4 8 6 0.002071 2222
32 4 8 7 0.001051 0000
32 4 8 8 0.001247 2222
32 4 8 9 0.001476 2222
32 4 8 10 0.001505 0000
32 4 8 11 0.001919 2222
32 4 8 12 0.001288 0000
32 4 8 13 0.002158 2222
32 4 8 14 0.001647 2222
32 4 8 15 0.001741 2222
32 4 8 16 0.001905 2222
32 4 8 17 0.001633 2222
32 4 8 18 0.001471 2222
32 4 8 19 0.002140 2222
32 4 8 20 0.001444 0000
32 4 8 21 0.001823 2222
32 4 8 22 0.002004 2222
32 4 8 23 0.001838 2222
32 4 8 24 0.001616 2222
32 4 8 25 0.001322 0000
32 4 8 26 0.001712 2222
32 4 8 27 0.001090 2222
32 4 8 28 0.001887 2222
32 4 8 29 0.002334 2222
32 4 8 30 0.001522 2222
32 4 8 31 0.001640 2222
32 4 8 32 0.001461 2222
32 4 8 33 0.001305 2222
32 4 8 34 0.001841 2222
32 4 8 35 0.001811 2222
32 4 8 36 0.001930 2222
32 4 8 37 0.001168 2222
32 4 8 38 0.001630 2222
32 4 8 39 0.000999 0000
32 4 8 40 0.001507 2222
32 4 8 41 0.001648 2222
32 4 8 42 0.001796 2222
32 4 8 43 0.001744 2222
32 4 8 44 0.001712 0000
32 4 8 45 0.001889 2222
32 4 8 46 0.001839 2222
32 4 8 47 0.001358 2222
32 4 8 48 0.001201 2222
32 4 8 49 0.001667 2222
32 4 8 50 0.001978 0000
32 4 8 51 0.001571 2222
32 4 8 52 0.001217 2222
32 4 8 53 0.001586 2222
32 4 8 54 0.001245 2222
32 4 8 55 0.001526 0000
32 4 8 56 0.001636 2222
32 4 8 57 0.002332 2222
32 4 8 58 0.002140 2222
32 4 8 59 0.001542 0000
32 4 8 60 0.001930 2222
32 4 8 61 0.001662 2222
32 4 8 62 0.001622 0000
32 4 8 63 0.001308 2222
32 4 8 64 0.001346 2222
32 4 8 65 0.001907 0000
32 4 8 66 0.001547 2222
32 4 8 67 0.001521 2222
32 4 8 68 0.001131 2222
32 4 8 69 0.001495 2222
32 4 8 70 0.001461 0000
32 4 8 71 0.001519 2222
32 4 8 72 0.001512 2222
32 4 8 73 0.001983 2222
32 4 8 74 0.001768 2222
32 4 8 75 0.001625 2222
32 4 8 76 0.001662 2222
32 4 8 77 0.001927 2222
32 4 8 78 0.001478 2222
32 4 8 79 0.001525 2222
32 4 8 80 0.001138 2222
32 4 8 81 0.001862 0000
32 4 8 82 0.001744 2222
32 4 8 83 0.001463 0000
32 4 8 84 0.001872 2222
32 4 8 85 0.001664 2222
32 4 8 86 0.001581 2222
32 4 8 87 0.001331 2222
32 4 8 88 0.001520 0000
32 4 8 89 0.001541 2222
32 4 8 90 0.001744 2222
32 4 8 91 0.002021 2222
32 4 8 92 0.001340 2222
32 4 8 93 0.001680 0000
32 4 8 94 0.001424 2222
32 4 8 95 0.000958 1222
32 4 8 96 0.001470 2222
32 4 8 97 0.001762 2222
32 4 8 98 0.002423 2222
32 4 8 99 0.001569 2222
32 4 16 0 0.001018 00
32 4 16 1 0.000942 00
32 4 16 2 0.001033 22
32 4 16 3 0.001072 00
32 4 16 4 0.001158 22
32 4 16 5 0.000926 00
32 4 16 6 0.001213 22
32 4 16 7 0.000587 00
32 4 16 8 0.000791 22
32 4 16 9 0.000916 22
32 4 16 10 0.000949 00
32 4 16 11 0.001201 22
32 4 16 12 0.000809 00
32 4 16 13 0.001337 22
32 4 16 14 0.001031 22
32 4 16 15 0.001042 22
32 4 16 16 0.001221 22
32 4 16 17 0.001060 22
32 4 16 18 0.000932 22
32 4 16 19 0.001336 22
32 4 16 20 0.000924 00
32 4 16 21 0.001096 22
32 4 16 22 0.001200 22
32 4 16 23 0.001066 22
32 4 16 24 0.000941 22
32 4 16 25 0.000849 00
32 4 16 26 0.001073 22
32 4 16 27 0.000719 22
32 4 16 28 0.001229 22
32 4 16 29 0.001425 22
32 4 16 30 0.000983 22
32 4 16 31 0.001041 22
32 4 16 32 0.000860 22
32 4 16 33 0.000816 22
32 4 16 34 0.001154 22
32 4 16 35 0.001066 22
32 4 16 36 0.001152 22
32 4 16 37 0.000750 22
32 4 16 38 0.001029 22
32 4 16 39 0.000607 00
32 4 16 40 0.000964 22
32 4 16 41 0.001041 22
32 4 16 42 0.001097 22
32 4 16 43 0.001070 22
32 4 16 44 0.001046 00
32 4 16 45 0.001205 22
32 4 16 46 0.001140 22
32 4 16 47 0.000830 22
32 4 16 48 0.000721 22
32 4 16 49 0.001019 22
32 4 16 50 0.001203 00
32 4 16 51 0.000986 22
32 4 16 52 0.000779 22
32 4 16 53 0.000980 22
32 4 16 54 0.000773 22
32 4 16 55 0.000855 00
32 4 16 56 0.001030 22
32 4 16 57 0.001340 22
32 4 16 58 0.001290 22
32 4 16 59 0.000908 00
32 4 16 60 0.001195 22
32 4 16 61 0.001066 22
32 4 16 62 0.001030 00
32 4 16 63 0.000828 22
32 4 16 64 0.000865 22
32 4 16 65 0.001164 00
32 4 16 66 0.000976 22
32 4 16 67 0.000972 22
32 4 16 68 0.000713 22
32 4 16 69 0.000922 22
32 4 16 70 0.000886 00
32 4 16 71 0.000973 22
32 4 16 72 0.000944 22
32 4 16 73 0.001250 22
32 4 16 74 0.001085 22
32 4 16 75 0.000999 22
32 4 16 76 0.001050 22
32 4 16 77 0.001183 22
32 4 16 78 0.000911 22
32 4 16 79 0.000897 22
32 4 16 80 0.000746 22
32 4 16 81 0.001178 00
32 4 16 82 0.001105 22
32 4 16 83 0.000899 00
32 4 16 84 0.001161 22
32 4 16 85 0.001013 22
32 4 16 86 0.000959 22
32 4 16 87 0.000763 22
32 4 16 88 0.000871 00
32 4 16 89 0.000944 22
32 4 16 90 0.001041 22
32 4 16 91 0.001242 22
32 4 16 92 0.000826 22
32 4 16 93 0.000961 00
32 4 16 94 0.000870 22
32 4 16 95 0.000574 22
32 4 16 96 0.000930 22
32 4 16 97 0.001100 22
32 4 16 98 0.001431 22
32 4 16 99 0.001021 22
32 4 32 0 0.000724 0
32 4 32 1 0.000678 0
32 4 32 2 0.000722 2
32 4 32 3 0.000736 0
32 4 32 4 0.000764 2
32 4 32 5 0.000638 0
32 4 32 6 0.000828 2
32 4 32 7 0.000410 0
32 4 32 8 0.000559 2
32 4 32 9 0.000670 2
32 4 32 10 0.000664 0
32 4 32 11 0.000849 2
32 4 32 12 0.000610 0
32 4 32 13 0.000827 2
32 4 32 14 0.000676 2
32 4 32 15 0.000770 2
32 4 32 16 0.000857 2
32 4 32 17 0.000759 2
32 4 32 18 0.000675 2
32 4 32 19 0.000959 2
32 4 32 20 0.000690 0
32 4 32 21 0.000761 2
32 4 32 22 0.000886 2
32 4 32 23 0.000729 2
32 4 32 24 0.000623 2
32 4 32 25 0.000605 0
32 4 32 26 0.000761 2
32 4 32 27 0.000539 2
32 4 32 28 0.000822 2
32 4 32 29 0.000956 2
32 4 32 30 0.000689 2
32 4 32 31 0.000749 2
32 4 32 32 0.000599 2
32 4 32 33 0.000579 2
32 4 32 34 0.000846 2
32 4 32 35 0.000727 2
32 4 32 36 0.000792 2
32 4 32 37 0.000564 2
32 4 32 38 0.000717 2
32 4 32 39 0.000462 0
32 4 32 40 0.000675 2
32 4 32 41 0.000678 2
32 4 32 42 0.000741 2
32 4 32 43 0.000727 2
32 4 32 44 0.000724 0
32 4 32 45 0.000911 2
32 4 32 46 0.000849 2
32 4 32 47 0.000632 2
32 4 32 48 0.000494 2
32 4 32 49 0.000773 2
32 4 32 50 0.000796 0
32 4 32 51 0.000668 2
32 4 32 52 0.000590 2
32 4 32 53 0.000667 2
32 4 32 54 0.000565 2
32 4 32 55 0.000533 0
32 4 32 56 0.000743 2
32 4 32 57 0.000877 2
32 4 32 58 0.000884 2
32 4 32 59 0.000625 0
32 4 32 60 0.000883 2
32 4 32 61 0.000728 2
32 4 32 62 0.000744 0
32 4 32 63 0.000598 2
32 4 32 64 0.000622 2
32 4 32 65 0.000774 0
32 4 32 66 0.000668 2
32 4 32 67 0.000684 2
32 4 32 68 0.000501 2
32 4 32 69 0.000662 2
32 4 32 70 0.000602 0
32 4 32 71 0.000677 2
32 4 32 72 0.000657 2
32 4 32 73 0.000852 2
32 4 32 74 0.000744 2
32 4 32 75 0.000672 2
32 4 32 76 0.000779 2
32 4 32 77 0.000801 2
32 4 32 78 0.000646 2
32 4 32 79 0.000654 2
32 4 32 80 0.000547 2
32 4 32 81 0.000791 0
32 4 32 82 0.000760 2
32 4 32 83 0.000577 0
32 4 32 84 0.000882 2
32 4 32 85 0.000703 2
32 4 32 86 0.000656 2
32 4 32 87 0.000566 2
32 4 32 88 0.000636 0
32 4 32 89 0.000659 2
32 4 32 90 0.000732 2
32 4 32 91 0.000846 2
32 4 32 92 0.000589 2
32 4 32 93 0.000662 0
32 4 32 94 0.000670 2
32 4 32 95 0.000421 2
32 4 32 96 0.000699 2
32 4 32 97 0.000761 2
32 4 32 98 0.000977 2
32 4 32 99 0.000740 2
32 8 16 0 0.001596 00
32 8 16 1 0.001475 00
32 8 16 2 0.001923 22
32 8 16 3 0.001983 00
32 8 16 4 0.001872 22
32 8 16 5 0.001721 00
32 8 16 6 0.002054 22
32 8 16 7 0.000868 00
32 8 16 8 0.001195 22
32 8 16 9 0.001515 22
32 8 16 10 0.001617 00
32 8 16 11 0.002357 22
32 8 16 12 0.001160 00
32 8 16 13 0.002646 22
32 8 16 14 0.001744 22
32 8 16 15 0.001914 22
32 8 16 16 0.002184 22
32 8 16 17 0.001951 22
32 8 16 18 0.001624 22
32 8 16 19 0.002675 22
32 8 16 20 0.001590 00
32 8 16 21 0.001907 22
32 8 16 22 0.002246 22
32 8 16 23 0.001939 22
32 8 16 24 0.001557 22
32 8 16 25 0.001289 00
32 8 16 26 0.001811 22
32 8 16 27 0.000913 22
32 8 16 28 0.002259 22
32 8 16 29 0.002975 22
32 8 16 30 0.001502 22
32 8 16 31 0.001765 22
32 8 16 32 0.001166 22
32 8 16 33 0.001132 22
32 8 16 34 0.002316 22
32 8 16 35 0.001725 22
32 8 16 36 0.002019 22
32 8 16 37 0.001293 22
32 8 16 38 0.001905 22
32 8 16 39 0.000802 00
32 8 16 40 0.001531 22
32 8 16 41 0.001753 22
32 8 16 42 0.001976 22
32 8 16 43 0.001874 22
32 8 16 44 0.001511 00
32 8 16 45 0.002256 22
32 8 16 46 0.001874 22
32 8 16 47 0.001335 22
32 8 16 48 0.000864 22
32 8 16 49 0.001776 22
32 8 16 50 0.002235 00
32 8 16 51 0.001474 22
32 8 16 52 0.001185 22
32 8 16 53 0.001613 22
32 8 16 54 0.001229 22
32 8 16 55 0.001077 00
32 8 16 56 0.001918 22
32 8 16 57 0.002857 22
32 8 16 58 0.002237 22
32 8 16 59 0.001333 00
32 8 16 60 0.002209 22
32 8 16 61 0.001824 22
32 8 16 62 0.001650 00
32 8 16 63 0.001183 22
32 8 16 64 0.001521 22
32 8 16 65 0.002110 00
32 8 16 66 0.001706 22
32 8 16 67 0.001657 22
32 8 16 68 0.001036 22
32 8 16 69 0.001143 22
32 8 16 70 0.001338 00
32 8 16 71 0.001657 22
32 8 16 72 0.001475 22
32 8 16 73 0.002399 22
32 8 16 74 0.001583 22
32 8 16 75 0.001563 22
32 8 16 76 0.001778 22
32 8 16 77 0.002008 22
32 8 16 78 0.001462 22
32 8 16 79 0.001579 22
32 8 16 80 0.001156 22
32 8 16 81 0.001967 00
32 8 16 82 0.001734 22
32 8 16 83 0.001376 00
32 8 16 84 0.002227 22
32 8 16 85 0.001875 22
32 8 16 86 0.001573 22
32 8 16 87 0.001132 22
32 8 16 88 0.001318 00
32 8 16 89 0.001452 22
32 8 16 90 0.001829 22
32 8 16 91 0.002434 22
32 8 16 92 0.001122 22
32 8 16 93 0.001477 00
32 8 16 94 0.001555 22
32 8 16 95 0.000789 22
32 8 16 96 0.001477 22
32 8 16 97 0.001797 22
32 8 16 98 0.002856 22
32 8 16 99 0.001542 22
32 8 32 0 0.001271 0
32 8 32 1 0.001206 0
32 8 32 2 0.001495 2
32 8 32 3 0.001529 0
32 8 32 4 0.001344 2
32 8 32 5 0.001120 0
32 8 32 6 0.001586 2
32 8 32 7 0.000638 0
32 8 32 8 0.000931 2
32 8 32 9 0.001218 2
32 8 32 10 0.001323 0
32 8 32 11 0.001935 2
32 8 32 12 0.000971 0
32 8 32 13 0.001757 2
32 8 32 14 0.001274 2
32 8 32 15 0.001521 2
32 8 32 16 0.001699 2
32 8 32 17 0.001575 2
32 8 32 18 0.001234 2
32 8 32 19 0.002151 2
32 8 32 20 0.001272 0
32 8 32 21 0.001492 2
32 8 32 22 0.001841 2
32 8 32 23 0.001479 2
32 8 32 24 0.001117 2
32 8 32 25 0.001013 0
32 8 32 26 0.001412 2
32 8 32 27 0.000691 2
32 8 32 28 0.001744 2
32 8 32 29 0.002330 2
32 8 32 30 0.001169 2
32 8 32 31 0.001331 2
32 8 32 32 0.000804 2
32 8 32 33 0.000912 2
32 8 32 34 0.001759 2
32 8 32 35 0.001214 2
32 8 32 36 0.001531 2
32 8 32 37 0.001023 2
32 8 32 38 0.001433 2
32 8 32 39 0.000628 0
32 8 32 40 0.001136 2
32 8 32 41 0.001374 2
32 8 32 42 0.001404 2
32 8 32 43 0.001391 2
32 8 32 44 0.001162 0
32 8 32 45 0.001769 2
32 8 32 46 0.001491 2
32 8 32 47 0.001088 2
32 8 32 48 0.000656 2
32 8 32 49 0.001453 2
32 8 32 50 0.001609 0
32 8 32 51 0.001103 2
32 8 32 52 0.000943 2
32 8 32 53 0.001231 2
32 8 32 54 0.001145 2
32 8 32 55 0.000710 0
32 8 32 56 0.001593 2
32 8 32 57 0.001947 2
32 8 32 58 0.001880 2
32 8 32 59 0.001013 0
32 8 32 60 0.001895 2
32 8 32 61 0.001447 2
32 8 32 62 0.001270 0
32 8 32 63 0.000904 2
32 8 32 64 0.001175 2
32 8 32 65 0.001489 0
32 8 32 66 0.001281 2
32 8 32 67 0.001187 2
32 8 32 68 0.000809 2
32 8 32 69 0.000888 2
32 8 32 70 0.001012 0
32 8 32 71 0.001278 2
32 8 32 72 0.001089 2
32 8 32 73 0.001811 2
32 8 32 74 0.001217 2
32 8 32 75 0.001110 2
32 8 32 76 0.001504 2
32 8 32 77 0.001489 2
32 8 32 78 0.001132 2
32 8 32 79 0.001250 2
32 8 32 80 0.000960 2
32 8 32 81 0.001390 0
32 8 32 82 0.001336 2
32 8 32 83 0.001046 0
32 8 32 84 0.001852 2
32 8 32 85 0.001354 2
32 8 32 86 0.001167 2
32 8 32 87 0.000899 2
32 8 32 88 0.001038 0
32 8 32 89 0.001166 2
32 8 32 90 0.001390 2
32 8 32 91 0.001703 2
32 8 32 92 0.000823 2
32 8 32 93 0.001017 0
32 8 32 94 0.001284 2
32 8 32 95 0.000605 2
32 8 32 96 0.001310 2
32 8 32 97 0.001425 2
32 8 32 98 0.002083 2
32 8 32 99 0.001281 2
64 2 4 0 0.007021 2222222222222222
64 2 4 1 0.008957 0000000000000000
64 2 4 2 0.008724 2222222222000000
64 2 4 3 0.007027 2222222222200000
64 2 4 4 0.008372 2222222222222222
64 2 4 5 0.007913 1222000000000000
64 2 4 6 0.007854 2222222222222222
64 2 4 7 0.007311 2222222222000000
64 2 4 8 0.007668 2222222222222222
64 2 4 9 0.007708 0000000000000000
64 2 4 10 0.007657 0000000000000000
64 2 4 11 0.007210 2200000000000000
64 2 4 12 0.008426 0000000000000000
64 2 4 13 0.007415 1222222222222222
64 2 4 14 0.007367 1200000000000000
64 2 4 15 0.006730 2000000000000000
64 2 4 16 0.008202 2222222222222222
64 2 4 17 0.007692 1222222222222222
64 2 4 18 0.007872 2222222222222222
64 2 4 19 0.008423 2222222222222222
64 2 4 20 0.007895 1222222222222222
64 2 4 21 0.008456 2222222222222222
64 2 4 22 0.008214 0000000000000000
64 2 4 23 0.007354 0000000000000000
64 2 4 24 0.007291 0000000000000000
64 2 4 25 0.007319 1222222222222222
64 2 4 26 0.007971 2222222222222222
64 2 4 27 0.008701 2222222222222222
64 2 4 28 0.007596 2222222222222222
64 2 4 29 0.007900 0000000000000000
64 2 4 30 0.008225 0000000000000000
64 2 4 31 0.009063 1222222222222222
64 2 4 32 0.007895 0000000000000000
64 2 4 33 0.007187 0000000000000000
64 2 4 34 0.007447 1222222222222222
64 2 4 35 0.007253 2222222222222222
64 2 4 36 0.007996 0000000000000000
64 2 4 37 0.007929 2222222222222222
64 2 4 38 0.008507 2222222222222222
64 2 4 39 0.008520 2222222222222222
64 2 4 40 0.007837 2222222222222222
64 2 4 41 0.007968 0000000000000000
64 2 4 42 0.007860 2222222222222222
64 2 4 43 0.007474 2222222222222222
64 2 4 44 0.008221 1222222222222222
64 2 4 45 0.008111 0000000000000000
64 2 4 46 0.007446 2222222222222222
64 2 4 47 0.007849 2222222222222222
64 2 4 48 0.007832 0000000000000000
64 2 4 49 0.007818 2222222222222222
64 2 4 50 0.008603 0000000000000000
64 2 4 51 0.007412 0000000000000000
64 2 4 52 0.008248 2222222222222222
64 2 4 53 0.007771 1222222222222222
64 2 4 54 0.008097 1222222222222222
64 2 4 55 0.008341 2222222222222222
64 2 4 56 0.007080 2222222222222222
64 2 4 57 0.007673 2222222222222222
64 2 4 58 0.007620 2222222222222222
64 2 4 59 0.007585 0000000000000000
64 2 4 60 0.007622 1222222222222222
64 2 4 61 0.008837 2222222222222222
64 2 4 62 0.008498 2222222222222222
64 2 4 63 0.008612 2222222222222222
64 2 4 64 0.007344 0000000000000000
64 2 4 65 0.007488 2222222200000000
64 2 4 66 0.007388 0000000000000000
64 2 4 67 0.008681 0000000000000000
64 2 4 68 0.007734 2222222222222222
64 2 4 69 0.007841 2222222222222222
64 2 4 70 0.007369 2222220000000000
64 2 4 71 0.008202 0000000000000000
64 2 4 72 0.007573 0000000000000000
64 2 4 73 0.007719 2222222222222222
64 2 4 74 0.007953 0000000000000000
64 2 4 75 0.007567 2222222222222222
64 2 4 76 0.008798 1222222222222222
64 2 4 77 0.008272 2222222222222222
64 2 4 78 0.008778 2222222222222222
64 2 4 79 0.006949 2222222222222222
64 2 4 80 0.007791 0000000000000000
64 2 4 81 0.008050 0000000000000000
64 2 4 82 0.008567 2222222222222222
64 2 4 83 0.007841 0000000000000000
64 2 4 84 0.007636 1222222222222222
64 2 4 85 0.008176 2222222222222222
64 2 4 86 0.008007 2222222222222222
64 2 4 87 0.007856 2222222222222222
64 2 4 88 0.007386 1222222222200000
64 2 4 89 0.007271 2222222222222222
64 2 4 90 0.007918 1222222222222222
64 2 4 91 0.008010 2222222222222222
64 2 4 92 0.008693 0000000000000000
64 2 4 93 0.007471 2222222222222222
64 2 4 94 0.008037 2222222222222222
64 2 4 95 0.007876 0000000000000000
64 2 4 96 0.008295 2222222222222222
64 2 4 97 0.007351 0000000000000000
64 2 4 98 0.007920 0000000000000000
64 2 4 99 0.007304 2222222222222222
64 2 8 0 0.003761 22222222
64 2 8 1 0.004704 00000000
64 2 8 2 0.004612 22222000
64 2 8 3 0.003683 22222000
64 2 8 4 0.004476 22222222
64 2 8 5 0.004117 22000000
64 2 8 6 0.004159 22222222
64 2 8 7 0.003793 22222000
64 2 8 8 0.004062 22222222
64 2 8 9 0.004130 00000000
64 2 8 10 0.003915 00000000
64 2 8 11 0.003743 20000000
64 2 8 12 0.004416 00000000
64 2 8 13 0.004011 22222222
64 2 8 14 0.003741 20000000
64 2 8 15 0.003462 00000000
64 2 8 16 0.004213 22222222
64 2 8 17 0.004175 22222222
64 2 8 18 0.004161 22222222
64 2 8 19 0.004488 22222222
64 2 8 20 0.004248 22222222
64 2 8 21 0.004373 22222222
64 2 8 22 0.004335 00000000
64 2 8 23 0.003856 00000000
64 2 8 24 0.003990 00000000
64 2 8 25 0.003839 22222222
64 2 8 26 0.004259 22222222
64 2 8 27 0.004597 22222222
64 2 8 28 0.003991 22222222
64 2 8 29 0.004235 00000000
64 2 8 30 0.004324 00000000
64 2 8 31 0.004901 22222222
64 2 8 32 0.004153 00000000
64 2 8 33 0.003840 00000000
64 2 8 34 0.004001 22222222
64 2 8 35 0.003824 22222222
64 2 8 36 0.004262 00000000
64 2 8 37 0.004212 22222222
64 2 8 38 0.004516 22222222
64 2 8 39 0.004472 22222222
64 2 8 40 0.004145 22222222
64 2 8 41 0.004245 00000000
64 2 8 42 0.004161 22222222
64 2 8 43 0.004023 22222222
64 2 8 44 0.004318 22222222
64 2 8 45 0.004274 00000000
64 2 8 46 0.003945 22222222
64 2 8 47 0.004063 22222222
64 2 8 48 0.004199 00000000
64 2 8 49 0.004184 22222222
64 2 8 50 0.004475 00000000
64 2 8 51 0.003885 00000000
64 2 8 52 0.004460 22222222
64 2 8 53 0.003998 22222222
64 2 8 54 0.004337 22222222
64 2 8 55 0.004444 22222222
64 2 8 56 0.003783 22222222
64 2 8 57 0.003960 22222222
64 2 8 58 0.004054 22222222
64 2 8 59 0.004111 00000000
64 2 8 60 0.004022 22222222
64 2 8 61 0.004630 22222222
64 2 8 62 0.004416 22222222
64 2 8 63 0.004494 22222222
64 2 8 64 0.003900 00000000
64 2 8 65 0.003874 22220000
64 2 8 66 0.003874 00000000
64 2 8 67 0.004621 00000000
64 2 8 68 0.004247 22222222
64 2 8 69 0.004097 22222222
64 2 8 70 0.003887 22200000
64 2 8 71 0.004337 00000000
64 2 8 72 0.004055 00000000
64 2 8 73 0.004066 22222222
64 2 8 74 0.004238 00000000
64 2 8 75 0.003931 22222222
64 2 8 76 0.004720 22222222
64 2 8 77 0.004499 22222222
64 2 8 78 0.004617 22222222
64 2 8 79 0.003608 22222222
64 2 8 80 0.003998 00000000
64 2 8 81 0.004312 00000000
64 2 8 82 0.004502 22222222
64 2 8 83 0.004083 00000000
64 2 8 84 0.003977 22222222
64 2 8 85 0.004267 22222222
64 2 8 86 0.004281 22222222
64 2 8 87 0.004083 22222222
64 2 8 88 0.003882 22222000
64 2 8 89 0.003883 22222222
64 2 8 90 0.004190 22222222
64 2 8 91 0.004175 22222222
64 2 8 92 0.004507 00000000
64 2 8 93 0.004019 22222222
64 2 8 94 0.004265 22222222
64 2 8 95 0.004173 00000000
64 2 8 96 0.004391 22222222
64 2 8 97 0.003800 00000000
64 2 8 98 0.004191 00000000
64 2 8 99 0.003855 22222222
64 2 16 0 0.002116 2222
64 2 16 1 0.002606 0000
64 2 16 2 0.002564 2200
64 2 16 3 0.002061 2200
64 2 16 4 0.002458 2222
64 2 16 5 0.002377 2000
64 2 16 6 0.002285 2222
64 2 16 7 0.002136 2200
64 2 16 8 0.002272 2222
64 2 16 9 0.002320 0000
64 2 16 10 0.002188 0000
64 2 16 11 0.002075 0000
64 2 16 12 0.002445 0000
64 2 16 13 0.002238 2222
64 2 16 14 0.002097 0000
64 2 16 15 0.001940 0000
64 2 16 16 0.002353 2222
64 2 16 17 0.002347 2222
64 2 16 18 0.002347 2222
64 2 16 19 0.002543 2222
64 2 16 20 0.002357 2222
64 2 16 21 0.002346 2222
64 2 16 22 0.002431 0000
64 2 16 23 0.002143 0000
64 2 16 24 0.002160 0000
64 2 16 25 0.002171 2222
64 2 16 26 0.002375 2222
64 2 16 27 0.002543 2222
64 2 16 28 0.002224 2222
64 2 16 29 0.002337 0000
64 2 16 30 0.002427 0000
64 2 16 31 0.002664 2222
64 2 16 32 0.002316 0000
64 2 16 33 0.002154 0000
64 2 16 34 0.002796 2222
64 2 16 35 0.002133 2222
64 2 16 36 0.002381 0000
64 2 16 37 0.002355 2222
64 2 16 38 0.002517 2222
64 2 16 39 0.002531 2222
64 2 16 40 0.002311 2222
64 2 16 41 0.002372 0000
64 2 16 42 0.002328 2222
64 2 16 43 0.002309 2222
64 2 16 44 0.002410 2222
64 2 16 45 0.002403 0000
64 2 16 46 0.002249 2222
64 2 16 47 0.002272 2222
64 2 16 48 0.002364 0000
64 2 16 49 0.002340 2222
64 2 16 50 0.002506 0000
64 2 16 51 0.002149 0000
64 2 16 52 0.002441 2222
64 2 16 53 0.002214 2222
64 2 16 54 0.002412 2222
64 2 16 55 0.002482 2222
64 2 16 56 0.002114 2222
64 2 16 57 0.002177 2222
64 2 16 58 0.002326 2222
64 2 16 59 0.002276 0000
64 2 16 60 0.002236 2222
64 2 16 61 0.002619 2222
64 2 16 62 0.002472 2222
64 2 16 63 0.002502 2222
64 2 16 64 0.002150 0000
64 2 16 65 0.002182 2200
64 2 16 66 0.002184 0000
64 2 16 67 0.002599 0000
64 2 16 68 0.002382 2222
64 2 16 69 0.002269 2222
64 2 16 70 0.002145 2000
64 2 16 71 0.002442 0000
64 2 16 72 0.002273 0000
64 2 16 73 0.002239 2222
64 2 16 74 0.002393 0000
64 2 16 75 0.002205 2222
64 2 16 76 0.002616 2222
64 2 16 77 0.002429 2222
64 2 16 78 0.002551 2222
64 2 16 79 0.002023 2222
64 2 16 80 0.002227 0000
64 2 16 81 0.002407 0000
64 2 16 82 0.002483 2222
64 2 16 83 0.002294 0000
64 2 16 84 0.002231 2222
64 2 16 85 0.002324 2222
64 2 16 86 0.002365 2222
64 2 16 87 0.002284 2222
64 2 16 88 0.002140 2200
64 2 16 89 0.002168 2222
64 2 16 90 0.002338 2222
64 2 16 91 0.002320 2222
64 2 16 92 0.002497 0000
64 2 16 93 0.002244 2222
64 2 16 94 0.002332 2222
64 2 16 95 0.002345 0000
64 2 16 96 0.002452 2222
64 2 16 97 0.002099 0000
64 2 16 98 0.002341 0000
64 2 16 99 0.002107 2222
64 2 32 0 0.001266 22
64 2 32 1 0.001564 00
64 2 32 2 0.001537 20
64 2 32 3 0.001259 20
64 2 32 4 0.001468 22
64 2 32 5 0.001436 00
64 2 32 6 0.001354 22
64 2 32 7 0.001310 20
64 2 32 8 0.001384 22
64 2 32 9 0.001394 00
64 2 32 10 0.001330 00
64 2 32 11 0.001260 00
64 2 32 12 0.001468 00
64 2 32 13 0.001360 22
64 2 32 14 0.001291 00
64 2 32 15 0.001190 00
64 2 32 16 0.001398 22
64 2 32 17 0.001416 22
64 2 32 18 0.001416 22
64 2 32 19 0.001565 22
64 2 32 20 0.001467 22
64 2 32 21 0.001443 22
64 2 32 22 0.001458 00
64 2 32 23 0.001300 00
64 2 32 24 0.001318 00
64 2 32 25 0.001334 22
64 2 32 26 0.001441 22
64 2 32 27 0.001541 22
64 2 32 28 0.001348 22
64 2 32 29 0.001394 00
64 2 32 30 0.001444 00
64 2 32 31 0.001612 22
64 2 32 32 0.001388 00
64 2 32 33 0.001253 00
64 2 32 34 0.001361 22
64 2 32 35 0.001272 22
64 2 32 36 0.001436 00
64 2 32 37 0.001439 22
64 2 32 38 0.001478 22
64 2 32 39 0.001537 22
64 2 32 40 0.001385 22
64 2 32 41 0.001433 00
64 2 32 42 0.001423 22
64 2 32 43 0.001384 22
64 2 32 44 0.001461 22
64 2 32 45 0.001379 00
64 2 32 46 0.001350 22
64 2 32 47 0.001391 22
64 2 32 48 0.001408 00
64 2 32 49 0.001423 22
64 2 32 50 0.001508 00
64 2 32 51 0.001309 00
64 2 32 52 0.001482 22
64 2 32 53 0.001367 22
64 2 32 54 0.001448 22
64 2 32 55 0.001502 22
64 2 32 56 0.001278 22
64 2 32 57 0.001313 22
64 2 32 58 0.001388 22
64 2 32 59 0.001394 00
64 2 32 60 0.001355 22
64 2 32 61 0.001530 22
64 2 32 62 0.001482 22
64 2 32 63 0.001493 22
64 2 32 64 0.001328 00
64 2 32 65 0.001317 20
64 2 32 66 0.001340 00
64 2 32 67 0.001575 00
64 2 32 68 0.001452 22
64 2 32 69 0.001371 22
64 2 32 70 0.001306 00
64 2 32 71 0.001494 00
64 2 32 72 0.001399 00
64 2 32 73 0.001351 22
64 2 32 74 0.001430 00
64 2 32 75 0.001345 22
64 2 32 76 0.001569 22
64 2 32 77 0.001477 22
64 2 32 78 0.001546 22
64 2 32 79 0.001233 22
64 2 32 80 0.001359 00
64 2 32 81 0.001440 00
64 2 32 82 0.001508 22
64 2 32 83 0.001355 00
64 2 32 84 0.001348 22
64 2 32 85 0.001419 22
64 2 32 86 0.001429 22
64 2 32 87 0.001360 22
64 2 32 88 0.001296 20
64 2 32 89 0.001312 22
64 2 32 90 0.001441 22
64 2 32 91 0.001412 22
64 2 32 92 0.001516 00
64 2 32 93 0.001388 22
64 2 32 94 0.001403 22
64 2 32 95 0.001419 00
64 2 32 96 0.001488 22
64 2 32 97 0.001268 00
64 2 32 98 0.001420 00
64 2 32 99 0.001282 22
64 4 8 0 0.005601 22222222
64 4 8 1 0.008367 00000000
64 4 8 2 0.007677 22222222
64 4 8 3 0.005322 22222222
64 4 8 4 0.007048 22222222
64 4 8 5 0.007043 22222222
64 4 8 6 0.006795 22222222
64 4 8 7 0.006161 22222222
64 4 8 8 0.005719 22222222
64 4 8 9 0.006618 00000000
64 4 8 10 0.005557 00000000
64 4 8 11 0.005766 22222222
64 4 8 12 0.007196 00000000
64 4 8 13 0.006002 22222222
64 4 8 14 0.005511 22222222
64 4 8 15 0.005017 22222222
64 4 8 16 0.006583 22222222
64 4 8 17 0.006507 22222222
64 4 8 18 0.006547 22222222
64 4 8 19 0.007527 22222222
64 4 8 20 0.006543 22222222
64 4 8 21 0.006597 22222222
64 4 8 22 0.007013 00000000
64 4 8 23 0.005648 00000000
64 4 8 24 0.006102 00000000
64 4 8 25 0.006001 22222222
64 4 8 26 0.006833 22222222
64 4 8 27 0.007041 22222222
64 4 8 28 0.005807 22222222
64 4 8 29 0.006677 00000000
64 4 8 30 0.006755 00000000
64 4 8 31 0.008580 22222222
64 4 8 32 0.006032 00000000
64 4 8 33 0.005531 00000000
64 4 8 34 0.006235 22222222
64 4 8 35 0.005325 22222222
64 4 8 36 0.006595 00000000
64 4 8 37 0.006745 22222222
64 4 8 38 0.007254 22222222
64 4 8 39 0.007492 22222222
64 4 8 40 0.006302 22222222
64 4 8 41 0.006666 00000000
64 4 8 42 0.006469 22222222
64 4 8 43 0.006381 22222222
64 4 8 44 0.006650 22222222
64 4 8 45 0.007116 00000000
64 4 8 46 0.005841 22222222
64 4 8 47 0.006271 22222222
64 4 8 48 0.006591 00000000
64 4 8 49 0.006400 22222222
64 4 8 50 0.007029 00000000
64 4 8 51 0.005611 00000000
64 4 8 52 0.007079 22222222
64 4 8 53 0.006070 22222222
64 4 8 54 0.006986 22222222
64 4 8 55 0.007466 22222222
64 4 8 56 0.005521 22222222
64 4 8 57 0.005965 22222222
64 4 8 58 0.005678 22222222
64 4 8 59 0.006331 00000000
64 4 8 60 0.005950 22222222
64 4 8 61 0.007880 22222222
64 4 8 62 0.007045 22222222
64 4 8 63 0.007410 22222222
64 4 8 64 0.005866 00000000
64 4 8 65 0.005273 22222222
64 4 8 66 0.006041 00000000
64 4 8 67 0.007265 00000000
64 4 8 68 0.006800 22222222
64 4 8 69 0.006092 22222222
64 4 8 70 0.005517 22222222
64 4 8 71 0.006694 00000000
64 4 8 72 0.006553 00000000
64 4 8 73 0.005734 22222222
64 4 8 74 0.006747 00000000
64 4 8 75 0.005827 22222222
64 4 8 76 0.008350 22222222
64 4 8 77 0.006898 22222222
64 4 8 78 0.007657 22222222
64 4 8 79 0.005294 22222222
64 4 8 80 0.006152 00000000
64 4 8 81 0.007110 00000000
64 4 8 82 0.007432 22222222
64 4 8 83 0.006599 00000000
64 4 8 84 0.006058 22222222
64 4 8 85 0.006397 22222222
64 4 8 86 0.007094 22222222
64 4 8 87 0.006554 22222222
64 4 8 88 0.005490 22222222
64 4 8 89 0.005531 22222222
64 4 8 90 0.006720 22222222
64 4 8 91 0.006240 22222222
64 4 8 92 0.007595 00000000
64 4 8 93 0.005907 22222222
64 4 8 94 0.006595 22222222
64 4 8 95 0.005955 00000000
64 4 8 96 0.007054 22222222
64 4 8 97 0.005495 00000000
64 4 8 98 0.006852 00000000
64 4 8 99 0.005363 22222222
64 4 16 0 0.003109 2222
64 4 16 1 0.004670 0000
64 4 16 2 0.004208 2222
64 4 16 3 0.002955 2222
64 4 16 4 0.004006 2222
64 4 16 5 0.003982 2222
64 4 16 6 0.003633 2222
64 4 16 7 0.003433 2222
64 4 16 8 0.003274 2222
64 4 16 9 0.003623 0000
64 4 16 10 0.003112 0000
64 4 16 11 0.003143 2222
64 4 16 12 0.003983 0000
64 4 16 13 0.003427 2222
64 4 16 14 0.003033 2222
64 4 16 15 0.002846 2222
64 4 16 16 0.003595 2222
64 4 16 17 0.003677 2222
64 4 16 18 0.003713 2222
64 4 16 19 0.004260 2222
64 4 16 20 0.003698 2222
64 4 16 21 0.003715 2222
64 4 16 22 0.003896 0000
64 4 16 23 0.003111 0000
64 4 16 24 0.003324 0000
64 4 16 25 0.003249 2222
64 4 16 26 0.003893 2222
64 4 16 27 0.003999 2222
64 4 16 28 0.003348 2222
64 4 16 29 0.003606 0000
64 4 16 30 0.003803 0000
64 4 16 31 0.004744 2222
64 4 16 32 0.003332 0000
64 4 16 33 0.003090 0000
64 4 16 34 0.003480 2222
64 4 16 35 0.003015 2222
64 4 16 36 0.003721 0000
64 4 16 37 0.003745 2222
64 4 16 38 0.004040 2222
64 4 16 39 0.004284 2222
64 4 16 40 0.003410 2222
64 4 16 41 0.003726 0000
64 4 16 42 0.003490 2222
64 4 16 43 0.003631 2222
64 4 16 44 0.003779 2222
64 4 16 45 0.003900 0000
64 4 16 46 0.003340 2222
64 4 16 47 0.003371 2222
64 4 16 48 0.003716 0000
64 4 16 49 0.003600 2222
64 4 16 50 0.003961 0000
64 4 16 51 0.003078 0000
64 4 16 52 0.003965 2222
64 4 16 53 0.003348 2222
64 4 16 54 0.003968 2222
64 4 16 55 0.004187 2222
64 4 16 56 0.003032 2222
64 4 16 57 0.003411 2222
64 4 16 58 0.003254 2222
64 4 16 59 0.003514 0000
64 4 16 60 0.003386 2222
64 4 16 61 0.004370 2222
64 4 16 62 0.003894 2222
64 4 16 63 0.004096 2222
64 4 16 64 0.003165 0000
64 4 16 65 0.002936 2222
64 4 16 66 0.003366 0000
64 4 16 67 0.004152 0000
64 4 16 68 0.003981 2222
64 4 16 69 0.003358 2222
64 4 16 70 0.003017 2222
64 4 16 71 0.003951 0000
64 4 16 72 0.003737 0000
64 4 16 73 0.003244 2222
64 4 16 74 0.003690 0000
64 4 16 75 0.003246 2222
64 4 16 76 0.004623 2222
64 4 16 77 0.003820 2222
64 4 16 78 0.004251 2222
64 4 16 79 0.002951 2222
64 4 16 80 0.003261 0000
64 4 16 81 0.004021 0000
64 4 16 82 0.004027 2222
64 4 16 83 0.003568 0000
64 4 16 84 0.003383 2222
64 4 16 85 0.003509 2222
64 4 16 86 0.003962 2222
64 4 16 87 0.003678 2222
64 4 16 88 0.003003 2222
64 4 16 89 0.003127 2222
64 4 16 90 0.003714 2222
64 4 16 91 0.003533 2222
64 4 16 92 0.004266 0000
64 4 16 93 0.003346 2222
64 4 16 94 0.003669 2222
64 4 16 95 0.003477 0000
64 4 16 96 0.003992 2222
64 4 16 97 0.003081 0000
64 4 16 98 0.003853 0000
64 4 16 99 0.002986 2222
64 4 32 0 0.001845 22
64 4 32 1 0.002815 00
64 4 32 2 0.002531 22
64 4 32 3 0.001779 22
64 4 32 4 0.002396 22
64 4 32 5 0.002430 22
64 4 32 6 0.002179 22
64 4 32 7 0.002091 22
64 4 32 8 0.001977 22
64 4 32 9 0.002182 00
64 4 32 10 0.001920 00
64 4 32 11 0.001896 22
64 4 32 12 0.002413 00
64 4 32 13 0.002185 22
64 4 32 14 0.001936 22
64 4 32 15 0.001766 22
64 4 32 16 0.002146 22
64 4 32 17 0.002280 22
64 4 32 18 0.002270 22
64 4 32 19 0.002573 22
64 4 32 20 0.002241 22
64 4 32 21 0.002297 22
64 4 32 22 0.002284 00
64 4 32 23 0.001920 00
64 4 32 24 0.001993 00
64 4 32 25 0.002072 22
64 4 32 26 0.002296 22
64 4 32 27 0.002471 22
64 4 32 28 0.002039 22
64 4 32 29 0.002224 00
64 4 32 30 0.002296 00
64 4 32 31 0.002762 22
64 4 32 32 0.002024 00
64 4 32 33 0.001873 00
64 4 32 34 0.002181 22
64 4 32 35 0.001858 22
64 4 32 36 0.002270 00
64 4 32 37 0.002345 22
64 4 32 38 0.002396 22
64 4 32 39 0.002602 22
64 4 32 40 0.002097 22
64 4 32 41 0.002272 00
64 4 32 42 0.002192 22
64 4 32 43 0.002252 22
64 4 32 44 0.002348 22
64 4 32 45 0.002224 00
64 4 32 46 0.002026 22
64 4 32 47 0.002119 22
64 4 32 48 0.002233 00
64 4 32 49 0.002195 22
64 4 32 50 0.002371 00
64 4 32 51 0.001885 00
64 4 32 52 0.002496 22
64 4 32 53 0.002139 22
64 4 32 54 0.002417 22
64 4 32 55 0.002568 22
64 4 32 56 0.001861 22
64 4 32 57 0.002011 22
64 4 32 58 0.002027 22
64 4 32 59 0.002195 00
64 4 32 60 0.002033 22
64 4 32 61 0.002581 22
64 4 32 62 0.002365 22
64 4 32 63 0.002491 22
64 4 32 64 0.002053 00
64 4 32 65 0.001856 22
64 4 32 66 0.002040 00
64 4 32 67 0.002564 00
64 4 32 68 0.002385 22
64 4 32 69 0.002090 22
64 4 32 70 0.001847 22
64 4 32 71 0.002353 00
64 4 32 72 0.002303 00
64 4 32 73 0.001944 22
64 4 32 74 0.002292 00
64 4 32 75 0.001991 22
64 4 32 76 0.002830 22
64 4 32 77 0.002417 22
64 4 32 78 0.002639 22
64 4 32 79 0.001814 22
64 4 32 80 0.002038 00
64 4 32 81 0.002367 00
64 4 32 82 0.002493 22
64 4 32 83 0.002142 00
64 4 32 84 0.002090 22
64 4 32 85 0.002135 22
64 4 32 86 0.002371 22
64 4 32 87 0.002133 22
64 4 32 88 0.001788 22
64 4 32 89 0.001926 22
64 4 32 90 0.002308 22
64 4 32 91 0.002149 22
64 4 32 92 0.002586 00
64 4 32 93 0.002139 22
64 4 32 94 0.002220 22
64 4 32 95 0.002179 00
64 4 32 96 0.002400 22
64 4 32 97 0.001889 00
64 4 32 98 0.002303 00
64 4 32 99 0.001895 22
64 8 16 0 0.005800 2222
64 8 16 1 0.009729 0000
64 8 16 2 0.008775 2222
64 8 16 3 0.004680 2222
64 8 16 4 0.007650 2222
64 8 16 5 0.007625 2222
64 8 16 6 0.006598 2222
64 8 16 7 0.006203 2222
64 8 16 8 0.005684 2222
64 8 16 9 0.007155 0000
64 8 16 10 0.005930 0000
64 8 16 11 0.005426 2222
64 8 16 12 0.007774 0000
64 8 16 13 0.006486 2222
64 8 16 14 0.006026 2222
64 8 16 15 0.005062 2222
64 8 16 16 0.007082 2222
64 8 16 17 0.006798 2222
64 8 16 18 0.007203 2222
64 8 16 19 0.008967 2222
64 8 16 20 0.007244 2222
64 8 16 21 0.007259 2222
64 8 16 22 0.007586 0000
64 8 16 23 0.005008 0000
64 8 16 24 0.005960 0000
64 8 16 25 0.006507 2222
64 8 16 26 0.007932 2222
64 8 16 27 0.007871 2222
64 8 16 28 0.005585 2222
64 8 16 29 0.007086 0000
64 8 16 30 0.007199 0000
64 8 16 31 0.010025 2222
64 8 16 32 0.006215 0000
64 8 16 33 0.005016 0000
64 8 16 34 0.005994 2222
64 8 16 35 0.004628 2222
64 8 16 36 0.007136 0000
64 8 16 37 0.008232 2222
64 8 16 38 0.008510 2222
64 8 16 39 0.009011 2222
64 8 16 40 0.006486 2222
64 8 16 41 0.007406 0000
64 8 16 42 0.006582 2222
64 8 16 43 0.006511 2222
64 8 16 44 0.007687 2222
64 8 16 45 0.007463 0000
64 8 16 46 0.006170 2222
64 8 16 47 0.006842 2222
64 8 16 48 0.007444 0000
64 8 16 49 0.006670 2222
64 8 16 50 0.007779 0000
64 8 16 51 0.005565 0000
64 8 16 52 0.007107 2222
64 8 16 53 0.006387 2222
64 8 16 54 0.007955 2222
64 8 16 55 0.008390 2222
64 8 16 56 0.005334 2222
64 8 16 57 0.006474 2222
64 8 16 58 0.005870 2222
64 8 16 59 0.007246 0000
64 8 16 60 0.006319 2222
64 8 16 61 0.009444 2222
64 8 16 62 0.007469 2222
64 8 16 63 0.008338 2222
64 8 16 64 0.005761 0000
64 8 16 65 0.005152 2222
64 8 16 66 0.005849 0000
64 8 16 67 0.009351 0000
64 8 16 68 0.007311 2222
64 8 16 69 0.005789 2222
64 8 16 70 0.005492 2222
64 8 16 71 0.008212 0000
64 8 16 72 0.007013 0000
64 8 16 73 0.006058 2222
64 8 16 74 0.006911 0000
64 8 16 75 0.006080 2222
64 8 16 76 0.010343 2222
64 8 16 77 0.007681 2222
64 8 16 78 0.008451 2222
64 8 16 79 0.005060 2222
64 8 16 80 0.005916 0000
64 8 16 81 0.007967 0000
64 8 16 82 0.008220 2222
64 8 16 83 0.006919 0000
64 8 16 84 0.006579 2222
64 8 16 85 0.006686 2222
64 8 16 86 0.007970 2222
64 8 16 87 0.007107 2222
64 8 16 88 0.005165 2222
64 8 16 89 0.005660 2222
64 8 16 90 0.007038 2222
64 8 16 91 0.006951 2222
64 8 16 92 0.009496 0000
64 8 16 93 0.006299 2222
64 8 16 94 0.007362 2222
64 8 16 95 0.006390 0000
64 8 16 96 0.008240 2222
64 8 16 97 0.005417 0000
64 8 16 98 0.008038 0000
64 8 16 99 0.005613 2222
64 8 32 0 0.003649 22
64 8 32 1 0.005943 00
64 8 32 2 0.005413 22
64 8 32 3 0.002784 22
64 8 32 4 0.004804 22
64 8 32 5 0.004829 22
64 8 32 6 0.004081 22
64 8 32 7 0.003838 22
64 8 32 8 0.003632 22
64 8 32 9 0.004374 00
64 8 32 10 0.003956 00
64 8 32 11 0.003408 22
64 8 32 12 0.004865 00
64 8 32 13 0.003940 22
64 8 32 14 0.004017 22
64 8 32 15 0.003103 22
64 8 32 16 0.004239 22
64 8 32 17 0.004317 22
64 8 32 18 0.004473 22
64 8 32 19 0.005679 22
64 8 32 20 0.004286 22
64 8 32 21 0.004654 22
64 8 32 22 0.004681 00
64 8 32 23 0.003200 00
64 8 32 24 0.003765 00
64 8 32 25 0.004256 22
64 8 32 26 0.004929 22
64 8 32 27 0.004924 22
64 8 32 28 0.003505 22
64 8 32 29 0.004477 00
64 8 32 30 0.004615 00
64 8 32 31 0.006700 22
64 8 32 32 0.003831 00
64 8 32 33 0.003144 00
64 8 32 34 0.003954 22
64 8 32 35 0.002931 22
64 8 32 36 0.004468 00
64 8 32 37 0.005008 22
64 8 32 38 0.005137 22
64 8 32 39 0.005914 22
64 8 32 40 0.004096 22
64 8 32 41 0.004764 00
64 8 32 42 0.004220 22
64 8 32 43 0.004545 22
64 8 32 44 0.004723 22
64 8 32 45 0.004402 00
64 8 32 46 0.003901 22
64 8 32 47 0.004227 22
64 8 32 48 0.004626 00
64 8 32 49 0.004150 22
64 8 32 50 0.004944 00
64 8 32 51 0.003661 00
64 8 32 52 0.004589 22
64 8 32 53 0.004173 22
64 8 32 54 0.004740 22
64 8 32 55 0.005244 22
64 8 32 56 0.003448 22
64 8 32 57 0.004142 22
64 8 32 58 0.003786 22
64 8 32 59 0.004780 00
64 8 32 60 0.004021 22
64 8 32 61 0.005656 22
64 8 32 62 0.004774 22
64 8 32 63 0.005002 22
64 8 32 64 0.003737 00
64 8 32 65 0.003273 22
64 8 32 66 0.003669 00
64 8 32 67 0.005541 00
64 8 32 68 0.004575 22
64 8 32 69 0.003869 22
64 8 32 70 0.003426 22
64 8 32 71 0.005104 00
64 8 32 72 0.004540 00
64 8 32 73 0.003820 22
64 8 32 74 0.004526 00
64 8 32 75 0.003887 22
64 8 32 76 0.006332 22
64 8 32 77 0.004984 22
64 8 32 78 0.005343 22
64 8 32 79 0.003209 22
64 8 32 80 0.003776 00
64 8 32 81 0.004912 00
64 8 32 82 0.004979 22
64 8 32 83 0.004228 00
64 8 32 84 0.004096 22
64 8 32 85 0.004400 22
64 8 32 86 0.004863 22
64 8 32 87 0.004375 22
64 8 32 88 0.003122 22
64 8 32 89 0.003485 22
64 8 32 90 0.004570 22
64 8 32 91 0.004353 22
64 8 32 92 0.006051 00
64 8 32 93 0.004038 22
64 8 32 94 0.004552 22
64 8 32 95 0.003934 00
64 8 32 96 0.005163 22
64 8 32 97 0.003373 00
64 8 32 98 0.005066 00
64 8 32 99 0.003602 22
128 2 4 0 0.030866 22222222222222222222222222222222
128 2 4 1 0.028960 22222222222222222222222222222000
128 2 4 2 0.031078 22222222222222222222222222222222
128 2 4 3 0.030733 22222222222222222222222222222222
128 2 4 4 0.032971 12222222222222222222222222222222
128 2 4 5 0.031822 22222222222222222222222222222222
128 2 4 6 0.032241 11222222222222222222000000000000
128 2 4 7 0.033044 22222222222222222222222222222222
128 2 4 8 0.033720 22222222222222222222222222222222
128 2 4 9 0.028523 00000000000000000000000000000000
128 2 4 10 0.033402 22222222222222222222222222222222
128 2 4 11 0.031759 22220000000000000000000000000000
128 2 4 12 0.030464 00000000000000000000000000000000
128 2 4 13 0.029682 12222222222222222222222222222222
128 2 4 14 0.034798 22222222222222222222222222222222
128 2 4 15 0.028973 22222222222222222000000000000000
128 2 4 16 0.030638 22222222222222222222222222222222
128 2 4 17 0.032133 22222222222222222222222222222222
128 2 4 18 0.033083 22222220000000000000000000000000
128 2 4 19 0.030542 22222222222222222222222222222222
128 2 4 20 0.031845 22222222222222222222222222222222
128 2 4 21 0.030873 00000000000000000000000000000000
128 2 4 22 0.033081 22222222222222222222222222222222
128 2 4 23 0.033927 00000000000000000000000000000000
128 2 4 24 0.031684 00000000000000000000000000000000
128 2 4 25 0.029826 22222222222222222222222222222222
128 2 4 26 0.032429 22222222222222222222222222222222
128 2 4 27 0.028624 22222222222222222222222222222222
128 2 4 28 0.033227 22222222222222222222222222222222
128 2 4 29 0.032482 22222222222222222222222222222222
128 2 4 30 0.030268 22222222222222222222222222200000
128 2 4 31 0.030833 00000000000000000000000000000000
128 2 4 32 0.031342 22222222222222222222222222222222
128 2 4 33 0.031288 00000000000000000000000000000000
128 2 4 34 0.032227 22222222222222222222222222222222
128 2 4 35 0.033382 00000000000000000000000000000000
128 2 4 36 0.031331 00000000000000000000000000000000
128 2 4 37 0.030141 22222222222222222222222222222222
128 2 4 38 0.031186 22222222222222222222222222222222
128 2 4 39 0.030974 20000000000000000000000000000000
128 2 4 40 0.029052 22222222222222222222222222222222
128 2 4 41 0.033809 12222222222222222222222222222222
128 2 4 42 0.032608 00000000000000000000000000000000
128 2 4 43 0.031920 22222222222222222222222222222222
128 2 4 44 0.030164 22222222222222222222222222222222
128 2 4 45 0.030232 12222222222222222222222222222222
128 2 4 46 0.031875 00000000000000000000000000000000
128 2 4 47 0.029801 22222222222222222222222222222222
128 2 4 48 0.031455 22222222222222222222222222222222
128 2 4 49 0.032362 22222222222222222222222222222222
128 2 4 50 0.033755 00000000000000000000000000000000
128 2 4 51 0.032237 12222222222222222222222222222222
128 2 4 52 0.033012 22222222222222222222222222222222
128 2 4 53 0.033229 22222222222222222222222222222222
128 2 4 54 0.032826 22222222222222222222222222222222
128 2 4 55 0.029278 00000000000000000000000000000000
128 2 4 56 0.032593 00000000000000000000000000000000
128 2 4 57 0.031225 22222222222222222222222222222222
128 2 4 58 0.033648 00000000000000000000000000000000
128 2 4 59 0.030900 00000000000000000000000000000000
128 2 4 60 0.031084 00000000000000000000000000000000
128 2 4 61 0.027961 12222222222222222222222222000000
128 2 4 62 0.031321 22222222222222222222222222222222
128 2 4 63 0.031743 22222222222222222222222222222222
128 2 4 64 0.032722 22222222222220000000000000000000
128 2 4 65 0.029982 22222222222222222222222222222222
128 2 4 66 0.031216 22222200000000000000000000000000
128 2 4 67 0.029878 22222222222222222222222222222222
128 2 4 68 0.030608 12222222222222222222222222222222
128 2 4 69 0.031866 00000000000000000000000000000000
128 2 4 70 0.030993 12222222222222222222222222222222
128 2 4 71 0.035292 00000000000000000000000000000000
128 2 4 72 0.032693 00000000000000000000000000000000
128 2 4 73 0.031196 22222222222222222222222222222222
128 2 4 74 0.032626 22222222222222222222222222222222
128 2 4 75 0.028682 00000000000000000000000000000000
128 2 4 76 0.031321 22000000000000000000000000000000
128 2 4 77 0.031724 22222222222222222222222222222222
128 2 4 78 0.029961 22222222222222222222222222222222
128 2 4 79 0.031511 00000000000000000000000000000000
128 2 4 80 0.030902 22222222222222222222222222222222
128 2 4 81 0.032405 22222222222222222222222222222222
128 2 4 82 0.034024 22222222222222222222222222222222
128 2 4 83 0.032121 22222222222222222222222222222222
128 2 4 84 0.032708 00000000000000000000000000000000
128 2 4 85 0.032081 22222222222222222222222222222222
128 2 4 86 0.029343 00000000000000000000000000000000
128 2 4 87 0.028648 22222222222222222222222222222222
128 2 4 88 0.032449 00000000000000000000000000000000
128 2 4 89 0.031487 22222222222222222222222222222222
128 2 4 90 0.030770 22222222222222000000000000000000
128 2 4 91 0.032472 22222222222222222222222222222222
128 2 4 92 0.031449 00000000000000000000000000000000
128 2 4 93 0.030639 00000000000000000000000000000000
128 2 4 94 0.029681 00000000000000000000000000000000
128 2 4 95 0.031064 22222222222222222222222222222222
128 2 4 96 0.033328 22222222222222222222222222222222
128 2 4 97 0.028851 22222222222222222222222222222222
128 2 4 98 0.031548 12222222222222222222222222222222
128 2 4 99 0.030722 22222222222222222222222222222222
128 2 8 0 0.015769 2222222222222222
128 2 8 1 0.014484 2222222222222200
128 2 8 2 0.015751 2222222222222222
128 2 8 3 0.015710 2222222222222222
128 2 8 4 0.016851 2222222222222222
128 2 8 5 0.016302 2222222222222222
128 2 8 6 0.016547 1222222222000000
128 2 8 7 0.016735 2222222222222222
128 2 8 8 0.016893 2222222222222222
128 2 8 9 0.014685 0000000000000000
128 2 8 10 0.017097 2222222222222222
128 2 8 11 0.016814 2200000000000000
128 2 8 12 0.015447 0000000000000000
128 2 8 13 0.015076 2222222222222222
128 2 8 14 0.017791 2222222222222222
128 2 8 15 0.014816 2222222200000000
128 2 8 16 0.015526 2222222222222222
128 2 8 17 0.016487 2222222222222222
128 2 8 18 0.016825 2220000000000000
128 2 8 19 0.015669 2222222222222222
128 2 8 20 0.016194 2222222222222222
128 2 8 21 0.015681 0000000000000000
128 2 8 22 0.016920 2222222222222222
128 2 8 23 0.017015 0000000000000000
128 2 8 24 0.016159 0000000000000000
128 2 8 25 0.015201 2222222222222222
128 2 8 26 0.016505 2222222222222222
128 2 8 27 0.014633 2222222222222222
128 2 8 28 0.016980 2222222222222222
128 2 8 29 0.016724 2222222222222222
128 2 8 30 0.015500 2222222222222000
128 2 8 31 0.016169 0000000000000000
128 2 8 32 0.016139 2222222222222222
128 2 8 33 0.015985 0000000000000000
128 2 8 34 0.016640 2222222222222222
128 2 8 35 0.016965 0000000000000000
128 2 8 36 0.016034 0000000000000000
128 2 8 37 0.015494 2222222222222222
128 2 8 38 0.015964 2222222222222222
128 2 8 39 0.015868 0000000000000000
128 2 8 40 0.014894 2222222222222222
128 2 8 41 0.017278 2222222222222222
128 2 8 42 0.016572 0000000000000000
128 2 8 43 0.016191 2222222222222222
128 2 8 44 0.015519 2222222222222222
128 2 8 45 0.015381 2222222222222222
128 2 8 46 0.016189 0000000000000000
128 2 8 47 0.015245 2222222222222222
128 2 8 48 0.016052 2222222222222222
128 2 8 49 0.016651 2222222222222222
128 2 8 50 0.017343 0000000000000000
128 2 8 51 0.016496 2222222222222222
128 2 8 52 0.017086 2222222222222222
128 2 8 53 0.017124 2222222222222222
128 2 8 54 0.016940 2222222222222222
128 2 8 55 0.015081 0000000000000000
128 2 8 56 0.016695 0000000000000000
128 2 8 57 0.015963 2222222222222222
128 2 8 58 0.017405 0000000000000000
128 2 8 59 0.015873 0000000000000000
128 2 8 60 0.015907 0000000000000000
128 2 8 61 0.014363 2222222222222000
128 2 8 62 0.016154 2222222222222222
128 2 8 63 0.016287 2222222222222222
128 2 8 64 0.016508 2222220000000000
128 2 8 65 0.015432 2222222222222222
128 2 8 66 0.015934 2220000000000000
128 2 8 67 0.015441 2222222222222222
128 2 8 68 0.015861 2222222222222222
128 2 8 69 0.016355 0000000000000000
128 2 8 70 0.015814 2222222222222222
128 2 8 71 0.018116 0000000000000000
128 2 8 72 0.016694 0000000000000000
128 2 8 73 0.016232 2222222222222222
128 2 8 74 0.016761 2222222222222222
128 2 8 75 0.014673 0000000000000000
128 2 8 76 0.016023 2000000000000000
128 2 8 77 0.016265 2222222222222222
128 2 8 78 0.015393 2222222222222222
128 2 8 79 0.016086 0000000000000000
128 2 8 80 0.015923 2222222222222222
128 2 8 81 0.016743 2222222222222222
128 2 8 82 0.017587 2222222222222222
128 2 8 83 0.016316 2222222222222222
128 2 8 84 0.016861 0000000000000000
128 2 8 85 0.016367 2222222222222222
128 2 8 86 0.015044 0000000000000000
128 2 8 87 0.014905 2222222222222222
128 2 8 88 0.016622 0000000000000000
128 2 8 89 0.016118 2222222222222222
128 2 8 90 0.015745 2222222000000000
128 2 8 91 0.016661 2222222222222222
128 2 8 92 0.016125 0000000000000000
128 2 8 93 0.015498 0000000000000000
128 2 8 94 0.015250 0000000000000000
128 2 8 95 0.015642 2222222222222222
128 2 8 96 0.017203 2222222222222222
128 2 8 97 0.014916 2222222222222222
128 2 8 98 0.016158 2222222222222222
128 2 8 99 0.015935 2222222222222222
128 2 16 0 0.008430 22222222
128 2 16 1 0.007749 22222220
128 2 16 2 0.008406 22222222
128 2 16 3 0.008342 22222222
128 2 16 4 0.008935 22222222
128 2 16 5 0.008613 22222222
128 2 16 6 0.008798 22222000
128 2 16 7 0.008835 22222222
128 2 16 8 0.009069 22222222
128 2 16 9 0.007716 00000000
128 2 16 10 0.009057 22222222
128 2 16 11 0.008627 20000000
128 2 16 12 0.008235 00000000
128 2 16 13 0.008001 22222222
128 2 16 14 0.009445 22222222
128 2 16 15 0.007816 22220000
128 2 16 16 0.008452 22222222
128 2 16 17 0.008735 22222222
128 2 16 18 0.008965 20000000
128 2 16 19 0.008360 22222222
128 2 16 20 0.008601 22222222
128 2 16 21 0.008304 00000000
128 2 16 22 0.008995 22222222
128 2 16 23 0.009248 00000000
128 2 16 24 0.008498 00000000
128 2 16 25 0.008201 22222222
128 2 16 26 0.008776 22222222
128 2 16 27 0.007720 22222222
128 2 16 28 0.009001 22222222
128 2 16 29 0.008813 22222222
128 2 16 30 0.008831 22222200
128 2 16 31 0.008427 00000000
128 2 16 32 0.008480 22222222
128 2 16 33 0.008476 00000000
128 2 16 34 0.008724 22222222
128 2 16 35 0.009034 00000000
128 2 16 36 0.008572 00000000
128 2 16 37 0.008222 22222222
128 2 16 38 0.008623 22222222
128 2 16 39 0.008416 00000000
128 2 16 40 0.007926 22222222
128 2 16 41 0.009191 22222222
128 2 16 42 0.008726 00000000
128 2 16 43 0.008587 22222222
128 2 16 44 0.008205 22222222
128 2 16 45 0.008223 22222222
128 2 16 46 0.008643 00000000
128 2 16 47 0.008156 22222222
128 2 16 48 0.008512 22222222
128 2 16 49 0.008791 22222222
128 2 16 50 0.009250 00000000
128 2 16 51 0.008778 22222222
128 2 16 52 0.009010 22222222
128 2 16 53 0.009034 22222222
128 2 16 54 0.008931 22222222
128 2 16 55 0.008160 00000000
128 2 16 56 0.008870 00000000
128 2 16 57 0.008492 22222222
128 2 16 58 0.009156 00000000
128 2 16 59 0.008295 00000000
128 2 16 60 0.008449 00000000
128 2 16 61 0.007586 22222200
128 2 16 62 0.008669 22222222
128 2 16 63 0.008576 22222222
128 2 16 64 0.008857 22200000
128 2 16 65 0.008237 22222222
128 2 16 66 0.008419 20000000
128 2 16 67 0.008167 22222222
128 2 16 68 0.008437 22222222
128 2 16 69 0.008579 00000000
128 2 16 70 0.008611 22222222
128 2 16 71 0.009578 00000000
128 2 16 72 0.008893 00000000
128 2 16 73 0.008504 22222222
128 2 16 74 0.008986 22222222
128 2 16 75 0.007833 00000000
128 2 16 76 0.008564 00000000
128 2 16 77 0.008707 22222222
128 2 16 78 0.008174 22222222
128 2 16 79 0.008579 00000000
128 2 16 80 0.008486 22222222
128 2 16 81 0.008820 22222222
128 2 16 82 0.009339 22222222
128 2 16 83 0.008702 22222222
128 2 16 84 0.008844 00000000
128 2 16 85 0.008698 22222222
128 2 16 86 0.008019 00000000
128 2 16 87 0.007825 22222222
128 2 16 88 0.008788 00000000
128 2 16 89 0.008567 22222222
128 2 16 90 0.008306 22200000
128 2 16 91 0.008768 22222222
128 2 16 92 0.008611 00000000
128 2 16 93 0.008300 00000000
128 2 16 94 0.007893 00000000
128 2 16 95 0.008382 22222222
128 2 16 96 0.009139 22222222
128 2 16 97 0.007827 22222222
128 2 16 98 0.008628 22222222
128 2 16 99 0.008392 22222222
128 2 32 0 0.004669 2222
128 2 32 1 0.004287 2220
128 2 32 2 0.004686 2222
128 2 32 3 0.004733 2222
128 2 32 4 0.004964 2222
128 2 32 5 0.004783 2222
128 2 32 6 0.004888 2200
128 2 32 7 0.004984 2222
128 2 32 8 0.005014 2222
128 2 32 9 0.004365 0000
128 2 32 10 0.005052 2222
128 2 32 11 0.004784 0000
128 2 32 12 0.004631 0000
128 2 32 13 0.004527 2222
128 2 32 14 0.005237 2222
128 2 32 15 0.004360 2200
128 2 32 16 0.004624 2222
128 2 32 17 0.004899 2222
128 2 32 18 0.004965 0000
128 2 32 19 0.004670 2222
128 2 32 20 0.004946 2222
128 2 32 21 0.004613 0000
128 2 32 22 0.005059 2222
128 2 32 23 0.005012 0000
128 2 32 24 0.004688 0000
128 2 32 25 0.004538 2222
128 2 32 26 0.004935 2222
128 2 32 27 0.004331 2222
128 2 32 28 0.005033 2222
128 2 32 29 0.004896 2222
128 2 32 30 0.004560 2220
128 2 32 31 0.004775 0000
128 2 32 32 0.004790 2222
128 2 32 33 0.004633 0000
128 2 32 34 0.004811 2222
128 2 32 35 0.005037 0000
128 2 32 36 0.004793 0000
128 2 32 37 0.004659 2222
128 2 32 38 0.004755 2222
128 2 32 39 0.004711 0000
128 2 32 40 0.004502 2222
128 2 32 41 0.005088 2222
128 2 32 42 0.004891 0000
128 2 32 43 0.004846 2222
128 2 32 44 0.004566 2222
128 2 32 45 0.004556 2222
128 2 32 46 0.004815 0000
128 2 32 47 0.004493 2222
128 2 32 48 0.004750 2222
128 2 32 49 0.004935 2222
128 2 32 50 0.005106 0000
128 2 32 51 0.004923 2222
128 2 32 52 0.005006 2222
128 2 32 53 0.005095 2222
128 2 32 54 0.004991 2222
128 2 32 55 0.004496 0000
128 2 32 56 0.005038 0000
128 2 32 57 0.004729 2222
128 2 32 58 0.005110 0000
128 2 32 59 0.004615 0000
128 2 32 60 0.004727 0000
128 2 32 61 0.004256 2220
128 2 32 62 0.004829 2222
128 2 32 63 0.004781 2222
128 2 32 64 0.004968 2000
128 2 32 65 0.004584 2222
128 2 32 66 0.004709 0000
128 2 32 67 0.004559 2222
128 2 32 68 0.004739 2222
128 2 32 69 0.004807 0000
128 2 32 70 0.004699 2222
128 2 32 71 0.005343 0000
128 2 32 72 0.004969 0000
128 2 32 73 0.004744 2222
128 2 32 74 0.004921 2222
128 2 32 75 0.004403 0000
128 2 32 76 0.004774 0000
128 2 32 77 0.004785 2222
128 2 32 78 0.004563 2222
128 2 32 79 0.004778 0000
128 2 32 80 0.004669 2222
128 2 32 81 0.004934 2222
128 2 32 82 0.005186 2222
128 2 32 83 0.004874 2222
128 2 32 84 0.004986 0000
128 2 32 85 0.004871 2222
128 2 32 86 0.004444 0000
128 2 32 87 0.004337 2222
128 2 32 88 0.004917 0000
128 2 32 89 0.004817 2222
128 2 32 90 0.004604 2000
128 2 32 91 0.004873 2222
128 2 32 92 0.004851 0000
128 2 32 93 0.004621 0000
128 2 32 94 0.004448 0000
128 2 32 95 0.004634 2222
128 2 32 96 0.005019 2222
128 2 32 97 0.004417 2222
128 2 32 98 0.004941 2222
128 2 32 99 0.004688 2222
128 4 8 0 0.025046 2222222222222222
128 4 8 1 0.021718 2222222222222222
128 4 8 2 0.025418 2222222222222222
128 4 8 3 0.026202 2222222222222222
128 4 8 4 0.028278 2222222222222222
128 4 8 5 0.025879 2222222222222222
128 4 8 6 0.026883 1222222222222222
128 4 8 7 0.027355 2222222222222222
128 4 8 8 0.027674 2222222222222222
128 4 8 9 0.022120 0000000000000000
128 4 8 10 0.028705 2222222222222222
128 4 8 11 0.027271 2222222222222222
128 4 8 12 0.024468 0000000000000000
128 4 8 13 0.023380 2222222222222222
128 4 8 14 0.030331 2222222222222222
128 4 8 15 0.021709 2222222222222222
128 4 8 16 0.024270 2222222222222222
128 4 8 17 0.026937 2222222222222222
128 4 8 18 0.028459 2222222222222222
128 4 8 19 0.025135 2222222222222222
128 4 8 20 0.026773 2222222222222222
128 4 8 21 0.024529 0000000000000000
128 4 8 22 0.027538 2222222222222222
128 4 8 23 0.028048 0000000000000000
128 4 8 24 0.025981 0000000000000000
128 4 8 25 0.023637 2222222222222222
128 4 8 26 0.027078 2222222222222222
128 4 8 27 0.022407 2222222222222222
128 4 8 28 0.028636 2222222222222222
128 4 8 29 0.026907 2222222222222222
128 4 8 30 0.024439 2222222222222222
128 4 8 31 0.025794 0000000000000000
128 4 8 32 0.026149 2222222222222222
128 4 8 33 0.025812 0000000000000000
128 4 8 34 0.026212 2222222222222222
128 4 8 35 0.029400 0000000000000000
128 4 8 36 0.025606 0000000000000000
128 4 8 37 0.025166 2222222222222222
128 4 8 38 0.026665 2222222222222222
128 4 8 39 0.026254 2222222222222222
128 4 8 40 0.023139 2222222222222222
128 4 8 41 0.029323 2222222222222222
128 4 8 42 0.027275 0000000000000000
128 4 8 43 0.025937 2222222222222222
128 4 8 44 0.024711 2222222222222222
128 4 8 45 0.024615 2222222222222222
128 4 8 46 0.026404 0000000000000000
128 4 8 47 0.023312 2222222222222222
128 4 8 48 0.025718 2222222222222222
128 4 8 49 0.028203 2222222222222222
128 4 8 50 0.028776 0000000000000000
128 4 8 51 0.027033 2222222222222222
128 4 8 52 0.028834 2222222222222222
128 4 8 53 0.027844 2222222222222222
128 4 8 54 0.028159 2222222222222222
128 4 8 55 0.023609 0000000000000000
128 4 8 56 0.027089 0000000000000000
128 4 8 57 0.026012 2222222222222222
128 4 8 58 0.030902 0000000000000000
128 4 8 59 0.025344 0000000000000000
128 4 8 60 0.024701 0000000000000000
128 4 8 61 0.022376 2222222222222222
128 4 8 62 0.027165 2222222222222222
128 4 8 63 0.025977 2222222222222222
128 4 8 64 0.026868 2222222222222222
128 4 8 65 0.024209 2222222222222222
128 4 8 66 0.025448 2222222222222222
128 4 8 67 0.022875 2222222222222222
128 4 8 68 0.026127 2222222222222222
128 4 8 69 0.026647 0000000000000000
128 4 8 70 0.025346 2222222222222222
128 4 8 71 0.031304 0000000000000000
128 4 8 72 0.027822 0000000000000000
128 4 8 73 0.026307 2222222222222222
128 4 8 74 0.027728 2222222222222222
128 4 8 75 0.022576 0000000000000000
128 4 8 76 0.025560 2222222222222222
128 4 8 77 0.027538 2222222222222222
128 4 8 78 0.023032 2222222222222222
128 4 8 79 0.025987 0000000000000000
128 4 8 80 0.025709 2222222222222222
128 4 8 81 0.029414 2222222222222222
128 4 8 82 0.029563 2222222222222222
128 4 8 83 0.026403 2222222222222222
128 4 8 84 0.027530 0000000000000000
128 4 8 85 0.026999 2222222222222222
128 4 8 86 0.023360 0000000000000000
128 4 8 87 0.022734 2222222222222222
128 4 8 88 0.027321 0000000000000000
128 4 8 89 0.026477 2222222222222222
128 4 8 90 0.024933 2222222222222222
128 4 8 91 0.027058 2222222222222222
128 4 8 92 0.024790 0000000000000000
128 4 8 93 0.025289 0000000000000000
128 4 8 94 0.023560 0000000000000000
128 4 8 95 0.024228 2222222222222222
128 4 8 96 0.028480 2222222222222222
128 4 8 97 0.022203 2222222222222222
128 4 8 98 0.027339 2222222222222222
128 4 8 99 0.024833 2222222222222222
128 4 16 0 0.013421 22222222
128 4 16 1 0.011536 22222222
128 4 16 2 0.013692 22222222
128 4 16 3 0.013775 22222222
128 4 16 4 0.014704 22222222
128 4 16 5 0.013823 22222222
128 4 16 6 0.014503 22222222
128 4 16 7 0.014414 22222222
128 4 16 8 0.014770 22222222
128 4 16 9 0.011790 00000000
128 4 16 10 0.015362 22222222
128 4 16 11 0.014287 22222222
128 4 16 12 0.013047 00000000
128 4 16 13 0.012528 22222222
128 4 16 14 0.016039 22222222
128 4 16 15 0.011533 22222222
128 4 16 16 0.012937 22222222
128 4 16 17 0.014391 22222222
128 4 16 18 0.014921 22222222
128 4 16 19 0.013389 22222222
128 4 16 20 0.013902 22222222
128 4 16 21 0.013130 00000000
128 4 16 22 0.014788 22222222
128 4 16 23 0.014251 00000000
128 4 16 24 0.013949 00000000
128 4 16 25 0.013134 22222222
128 4 16 26 0.014139 22222222
128 4 16 27 0.011817 22222222
128 4 16 28 0.014958 22222222
128 4 16 29 0.014191 22222222
128 4 16 30 0.013215 22222222
128 4 16 31 0.013847 00000000
128 4 16 32 0.013736 22222222
128 4 16 33 0.013517 00000000
128 4 16 34 0.014024 22222222
128 4 16 35 0.015274 00000000
128 4 16 36 0.013425 00000000
128 4 16 37 0.013322 22222222
128 4 16 38 0.014304 22222222
128 4 16 39 0.013835 22222222
128 4 16 40 0.012454 22222222
128 4 16 41 0.015624 22222222
128 4 16 42 0.014640 00000000
128 4 16 43 0.013681 22222222
128 4 16 44 0.013091 22222222
128 4 16 45 0.012966 22222222
128 4 16 46 0.014110 00000000
128 4 16 47 0.012206 22222222
128 4 16 48 0.013679 22222222
128 4 16 49 0.015161 22222222
128 4 16 50 0.015179 00000000
128 4 16 51 0.014470 22222222
128 4 16 52 0.014857 22222222
128 4 16 53 0.014561 22222222
128 4 16 54 0.014822 22222222
128 4 16 55 0.012300 00000000
128 4 16 56 0.014658 00000000
128 4 16 57 0.013557 22222222
128 4 16 58 0.016050 00000000
128 4 16 59 0.013602 00000000
128 4 16 60 0.013260 00000000
128 4 16 61 0.011953 22222222
128 4 16 62 0.013976 22222222
128 4 16 63 0.013795 22222222
128 4 16 64 0.013996 22222222
128 4 16 65 0.012914 22222222
128 4 16 66 0.013553 22222222
128 4 16 67 0.012230 22222222
128 4 16 68 0.014176 22222222
128 4 16 69 0.014020 00000000
128 4 16 70 0.013705 22222222
128 4 16 71 0.016664 00000000
128 4 16 72 0.014769 00000000
128 4 16 73 0.014113 22222222
128 4 16 74 0.014454 22222222
128 4 16 75 0.011936 00000000
128 4 16 76 0.013258 22222222
128 4 16 77 0.014595 22222222
128 4 16 78 0.012126 22222222
128 4 16 79 0.013726 00000000
128 4 16 80 0.013731 22222222
128 4 16 81 0.015322 22222222
128 4 16 82 0.015759 22222222
128 4 16 83 0.014050 22222222
128 4 16 84 0.014497 00000000
128 4 16 85 0.014426 22222222
128 4 16 86 0.012362 00000000
128 4 16 87 0.012058 22222222
128 4 16 88 0.014711 00000000
128 4 16 89 0.013889 22222222
128 4 16 90 0.013237 22222222
128 4 16 91 0.014139 22222222
128 4 16 92 0.013252 00000000
128 4 16 93 0.013309 00000000
128 4 16 94 0.011979 00000000
128 4 16 95 0.012800 22222222
128 4 16 96 0.014952 22222222
128 4 16 97 0.012132 22222222
128 4 16 98 0.014676 22222222
128 4 16 99 0.013139 22222222
128 4 32 0 0.007334 2222
128 4 32 1 0.006456 2222
128 4 32 2 0.007700 2222
128 4 32 3 0.007721 2222
128 4 32 4 0.008167 2222
128 4 32 5 0.007546 2222
128 4 32 6 0.008141 2222
128 4 32 7 0.008171 2222
128 4 32 8 0.008338 2222
128 4 32 9 0.006620 0000
128 4 32 10 0.008730 2222
128 4 32 11 0.007890 2222
128 4 32 12 0.007376 0000
128 4 32 13 0.007054 2222
128 4 32 14 0.009031 2222
128 4 32 15 0.006471 2222
128 4 32 16 0.007223 2222
128 4 32 17 0.008056 2222
128 4 32 18 0.008251 2222
128 4 32 19 0.007464 2222
128 4 32 20 0.007866 2222
128 4 32 21 0.007411 0000
128 4 32 22 0.008219 2222
128 4 32 23 0.008045 0000
128 4 32 24 0.007546 0000
128 4 32 25 0.007008 2222
128 4 32 26 0.008043 2222
128 4 32 27 0.006642 2222
128 4 32 28 0.008497 2222
128 4 32 29 0.007817 2222
128 4 32 30 0.007287 2222
128 4 32 31 0.007763 0000
128 4 32 32 0.007639 2222
128 4 32 33 0.007475 0000
128 4 32 34 0.007795 2222
128 4 32 35 0.008417 0000
128 4 32 36 0.007275 0000
128 4 32 37 0.007564 2222
128 4 32 38 0.007853 2222
128 4 32 39 0.007727 2222
128 4 32 40 0.007050 2222
128 4 32 41 0.008695 2222
128 4 32 42 0.008245 0000
128 4 32 43 0.007720 2222
128 4 32 44 0.007340 2222
128 4 32 45 0.007238 2222
128 4 32 46 0.007854 0000
128 4 32 47 0.006933 2222
128 4 32 48 0.007592 2222
128 4 32 49 0.008479 2222
128 4 32 50 0.008368 0000
128 4 32 51 0.008143 2222
128 4 32 52 0.008182 2222
128 4 32 53 0.008028 2222
128 4 32 54 0.008367 2222
128 4 32 55 0.006920 0000
128 4 32 56 0.008110 0000
128 4 32 57 0.007736 2222
128 4 32 58 0.008947 0000
128 4 32 59 0.007330 0000
128 4 32 60 0.007402 0000
128 4 32 61 0.006631 2222
128 4 32 62 0.007836 2222
128 4 32 63 0.007526 2222
128 4 32 64 0.007820 2222
128 4 32 65 0.007299 2222
128 4 32 66 0.007723 2222
128 4 32 67 0.006790 2222
128 4 32 68 0.007791 2222
128 4 32 69 0.007767 0000
128 4 32 70 0.007551 2222
128 4 32 71 0.009301 0000
128 4 32 72 0.008120 0000
128 4 32 73 0.007818 2222
128 4 32 74 0.007972 2222
128 4 32 75 0.006597 0000
128 4 32 76 0.007504 2222
128 4 32 77 0.007892 2222
128 4 32 78 0.006817 2222
128 4 32 79 0.007710 0000
128 4 32 80 0.007614 2222
128 4 32 81 0.008449 2222
128 4 32 82 0.008790 2222
128 4 32 83 0.007770 2222
128 4 32 84 0.008105 0000
128 4 32 85 0.008016 2222
128 4 32 86 0.007151 0000
128 4 32 87 0.006837 2222
128 4 32 88 0.008056 0000
128 4 32 89 0.007954 2222
128 4 32 90 0.007345 2222
128 4 32 91 0.007881 2222
128 4 32 92 0.007277 0000
128 4 32 93 0.007339 0000
128 4 32 94 0.006727 0000
128 4 32 95 0.007137 2222
128 4 32 96 0.008292 2222
128 4 32 97 0.006561 2222
128 4 32 98 0.008113 2222
128 4 32 99 0.007301 2222
128 8 16 0 0.028353 22222222
128 8 16 1 0.022599 22222222
128 8 16 2 0.026766 22222222
128 8 16 3 0.028705 22222222
128 8 16 4 0.032164 22222222
128 8 16 5 0.028379 22222222
128 8 16 6 0.032345 22222222
128 8 16 7 0.031406 22222222
128 8 16 8 0.032501 22222222
128 8 16 9 0.021946 00000000
128 8 16 10 0.034541 22222222
128 8 16 11 0.030417 22222222
128 8 16 12 0.028112 00000000
128 8 16 13 0.025544 22222222
128 8 16 14 0.034397 22222222
128 8 16 15 0.023421 22222222
128 8 16 16 0.026199 22222222
128 8 16 17 0.030098 22222222
128 8 16 18 0.033749 22222222
128 8 16 19 0.027090 22222222
128 8 16 20 0.029215 22222222
128 8 16 21 0.027133 00000000
128 8 16 22 0.030540 22222222
128 8 16 23 0.032294 00000000
128 8 16 24 0.026944 00000000
128 8 16 25 0.025862 22222222
128 8 16 26 0.031264 22222222
128 8 16 27 0.023590 22222222
128 8 16 28 0.031871 22222222
128 8 16 29 0.029777 22222222
128 8 16 30 0.025896 22222222
128 8 16 31 0.029933 00000000
128 8 16 32 0.028396 22222222
128 8 16 33 0.027430 00000000
128 8 16 34 0.030158 22222222
128 8 16 35 0.032151 00000000
128 8 16 36 0.028840 00000000
128 8 16 37 0.025223 22222222
128 8 16 38 0.030346 22222222
128 8 16 39 0.028426 22222222
128 8 16 40 0.024685 22222222
128 8 16 41 0.037487 22222222
128 8 16 42 0.031930 00000000
128 8 16 43 0.030863 22222222
128 8 16 44 0.025342 22222222
128 8 16 45 0.026026 22222222
128 8 16 46 0.030419 00000000
128 8 16 47 0.024783 22222222
128 8 16 48 0.028633 22222222
128 8 16 49 0.033288 22222222
128 8 16 50 0.033739 00000000
128 8 16 51 0.032267 22222222
128 8 16 52 0.032349 22222222
128 8 16 53 0.030116 22222222
128 8 16 54 0.032044 22222222
128 8 16 55 0.025520 00000000
128 8 16 56 0.030606 00000000
128 8 16 57 0.029208 22222222
128 8 16 58 0.037259 00000000
128 8 16 59 0.026707 00000000
128 8 16 60 0.025319 00000000
128 8 16 61 0.022445 22222222
128 8 16 62 0.030922 22222222
128 8 16 63 0.028730 22222222
128 8 16 64 0.028719 22222222
128 8 16 65 0.026220 22222222
128 8 16 66 0.027884 22222222
128 8 16 67 0.024453 22222222
128 8 16 68 0.030069 22222222
128 8 16 69 0.031034 00000000
128 8 16 70 0.028033 22222222
128 8 16 71 0.037208 00000000
128 8 16 72 0.033742 00000000
128 8 16 73 0.029959 22222222
128 8 16 74 0.032213 22222222
128 8 16 75 0.023771 00000000
128 8 16 76 0.028279 22222222
128 8 16 77 0.031484 22222222
128 8 16 78 0.025547 22222222
128 8 16 79 0.027573 00000000
128 8 16 80 0.030409 22222222
128 8 16 81 0.031962 22222222
128 8 16 82 0.035814 22222222
128 8 16 83 0.029912 22222222
128 8 16 84 0.028988 00000000
128 8 16 85 0.030077 22222222
128 8 16 86 0.024546 00000000
128 8 16 87 0.024793 22222222
128 8 16 88 0.030352 00000000
128 8 16 89 0.030544 22222222
128 8 16 90 0.027386 22222222
128 8 16 91 0.030536 22222222
128 8 16 92 0.028509 00000000
128 8 16 93 0.027969 00000000
128 8 16 94 0.023757 00000000
128 8 16 95 0.026204 22222222
128 8 16 96 0.032750 22222222
128 8 16 97 0.023883 22222222
128 8 16 98 0.031425 22222222
128 8 16 99 0.027121 22222222
128 8 32 0 0.015994 2222
128 8 32 1 0.012969 2222
128 8 32 2 0.015341 2222
128 8 32 3 0.016181 2222
128 8 32 4 0.018593 2222
128 8 32 5 0.015419 2222
128 8 32 6 0.018062 2222
128 8 32 7 0.018137 2222
128 8 32 8 0.018402 2222
128 8 32 9 0.012722 0000
128 8 32 10 0.018959 2222
128 8 32 11 0.016856 2222
128 8 32 12 0.015554 0000
128 8 32 13 0.014284 2222
128 8 32 14 0.019402 2222
128 8 32 15 0.013772 2222
128 8 32 16 0.015558 2222
128 8 32 17 0.016898 2222
128 8 32 18 0.019043 2222
128 8 32 19 0.015953 2222
128 8 32 20 0.016428 2222
128 8 32 21 0.015348 0000
128 8 32 22 0.017177 2222
128 8 32 23 0.018750 0000
128 8 32 24 0.015073 0000
128 8 32 25 0.014619 2222
128 8 32 26 0.017747 2222
128 8 32 27 0.013271 2222
128 8 32 28 0.018350 2222
128 8 32 29 0.016125 2222
128 8 32 30 0.014457 2222
128 8 32 31 0.016761 0000
128 8 32 32 0.015822 2222
128 8 32 33 0.014498 0000
128 8 32 34 0.016766 2222
128 8 32 35 0.018462 0000
128 8 32 36 0.015453 0000
128 8 32 37 0.014932 2222
128 8 32 38 0.016986 2222
128 8 32 39 0.015877 2222
128 8 32 40 0.014266 2222
128 8 32 41 0.020575 2222
128 8 32 42 0.017385 0000
128 8 32 43 0.017360 2222
128 8 32 44 0.014076 2222
128 8 32 45 0.015158 2222
128 8 32 46 0.017106 0000
128 8 32 47 0.014024 2222
128 8 32 48 0.016153 2222
128 8 32 49 0.019324 2222
128 8 32 50 0.019564 0000
128 8 32 51 0.017840 2222
128 8 32 52 0.017963 2222
128 8 32 53 0.016830 2222
128 8 32 54 0.018092 2222
128 8 32 55 0.014298 0000
128 8 32 56 0.016976 0000
128 8 32 57 0.017101 2222
128 8 32 58 0.020420 0000
128 8 32 59 0.015143 0000
128 8 32 60 0.015041 0000
128 8 32 61 0.012197 2222
128 8 32 62 0.016968 2222
128 8 32 63 0.015411 2222
128 8 32 64 0.015667 2222
128 8 32 65 0.014726 2222
128 8 32 66 0.015705 2222
128 8 32 67 0.013029 2222
128 8 32 68 0.016865 2222
128 8 32 69 0.016704 0000
128 8 32 70 0.015651 2222
128 8 32 71 0.020190 0000
128 8 32 72 0.018340 0000
128 8 32 73 0.016436 2222
128 8 32 74 0.017465 2222
128 8 32 75 0.012626 0000
128 8 32 76 0.015945 2222
128 8 32 77 0.017227 2222
128 8 32 78 0.014506 2222
128 8 32 79 0.015456 0000
128 8 32 80 0.015986 2222
128 8 32 81 0.018035 2222
128 8 32 82 0.020328 2222
128 8 32 83 0.017097 2222
128 8 32 84 0.016105 0000
128 8 32 85 0.017225 2222
128 8 32 86 0.014409 0000
128 8 32 87 0.013647 2222
128 8 32 88 0.017273 0000
128 8 32 89 0.017219 2222
128 8 32 90 0.015491 2222
128 8 32 91 0.017685 2222
128 8 32 92 0.015216 0000
128 8 32 93 0.015394 0000
128 8 32 94 0.012900 0000
128 8 32 95 0.015263 2222
128 8 32 96 0.019255 2222
128 8 32 97 0.013411 2222
128 8 32 98 0.017848 2222
128 8 32 99 0.015939 2222
256 2 4 0 0.134829 1222222222222222222222222222222222222222222222222222222222222222
256 2 4 1 0.127767 1222222222222222000000000000000000000000000000000000000000000000
256 2 4 2 0.126627 2222222222222222222222222222222222222222222222222222222222000000
256 2 4 3 0.119627 2222200000000000000000000000000000000000000000000000000000000000
256 2 4 4 0.132165 0000000000000000000000000000000000000000000000000000000000000000
256 2 4 5 0.118744 1222222222222222222222222222222222222222222222222222222222222222
256 2 4 6 0.128349 2222222222222222222222222222222222222222222222222222222222222222
256 2 4 7 0.128843 2222222222222222222222222222222222222222222222222222222222222222
256 2 4 8 0.128074 0000000000000000000000000000000000000000000000000000000000000000
256 2 4 9 0.128555 2222222222222222222222222222222222222222222000000000000000000000
256 2 4 10 0.124212 2222222222222222222222222222222200000000000000000000000000000000
256 2 4 11 0.128586 2222222222222222222222222222222222222222222222222222222222222222
256 2 4 12 0.119836 0000000000000000000000000000000000000000000000000000000000000000
256 2 4 13 0.123235 1222222222222222222222222222222222222222222222222222222222222220
256 2 4 14 0.124017 1222222222222222222222222222222222222222222222222222222222222222
256 2 4 15 0.123437 2222222222222222222222222222222222222222222222222222222222222222
256 2 4 16 0.121501 2222222222222222222222222222200000000000000000000000000000000000
256 2 4 17 0.120649 2222222222222222222222222200000000000000000000000000000000000000
256 2 4 18 0.131707 0000000000000000000000000000000000000000000000000000000000000000
256 2 4 19 0.130468 2222222222222222200000000000000000000000000000000000000000000000
256 2 4 20 0.125601 0000000000000000000000000000000000000000000000000000000000000000
256 2 4 21 0.124271 2222222222222222222222222222222222222222222222222222222222222222
256 2 4 22 0.131088 2222222222222222222222222222222222222222222222222222222222222222
256 2 4 23 0.125804 2222222222222222222222222222222222222222222222222222222222222222
256 2 4 24 0.123415 2222222222222222222222222222222222222222222222222222222222222222
256 2 4 25 0.123066 1222222222222222222222222222222222222222222222222222222220000000
256 2 4 26 0.123090 2222222222222222222222222222222222222222222222222222222222222222
256 2 4 27 0.117531 1222222222222222222220000000000000000000000000000000000000000000
256 2 4 28 0.127227 0000000000000000000000000000000000000000000000000000000000000000
256 2 4 29 0.123148 2222222222222222222222222222222222222222222222222222222222222222
256 2 4 30 0.123899 2222222222222222222222222222222222222222222222222222222222222222
256 2 4 31 0.128614 2222222000000000000000000000000000000000000000000000000000000000
256 2 4 32 0.128169 1222222222222222222222222222222222222222222222222222222222222222
256 2 4 33 0.127465 0000000000000000000000000000000000000000000000000000000000000000
256 2 4 34 0.124039 2222222222222222222222222222222222222222222222222222222222222222
256 2 4 35 0.125451 2222222222222222222222222222222222222222222222222222222222222222
256 2 4 36 0.122491 2222222222222222222222222222222222222222222222222222222222222222
256 2 4 37 0.125167 1122222222222222222222222222222222222222222222222222222222222222
256 2 4 38 0.128762 0000000000000000000000000000000000000000000000000000000000000000
256 2 4 39 0.123822 0000000000000000000000000000000000000000000000000000000000000000
256 2 4 40 0.124168 1222222222222222222222222222222222222222222222222222222222200000
256 2 4 41 0.122158 2222222222222222222222222222222222222222222222222222222222222222
256 2 4 42 0.129424 0000000000000000000000000000000000000000000000000000000000000000
256 2 4 43 0.118680 2222222220000000000000000000000000000000000000000000000000000000
256 2 4 44 0.119404 2222222222222222222222222222222222222222222222222222222222222222
256 2 4 45 0.123771 0000000000000000000000000000000000000000000000000000000000000000
256 2 4 46 0.122846 1122222222222222222222222222222222222222222222222222222222222222
256 2 4 47 0.127987 2222222222222222222222222222222222222222222222222222222222222222
256 2 4 48 0.122942 1222222222222222222222222222222222222222222222222222222222222222
256 2 4 49 0.120300 2222222222222222222222222222222222222222222222222222220000000000
256 2 4 50 0.123520 2222222222222222222200000000000000000000000000000000000000000000
256 2 4 51 0.116922 0000000000000000000000000000000000000000000000000000000000000000
256 2 4 52 0.126443 2222222222222222222222222222222222222222222222222222222220000000
256 2 4 53 0.123914 1222222222222222222222222222222222222222222222222222222222222222
256 2 4 54 0.125926 2222222222222222222222222222222222222222222222000000000000000000
256 2 4 55 0.124438 2222222222222222222222222222222222222222222222222222222222222222
256 2 4 56 0.120154 0000000000000000000000000000000000000000000000000000000000000000
256 2 4 57 0.125810 2220000000000000000000000000000000000000000000000000000000000000
256 2 4 58 0.123378 2222222222222222222222222222222222222222222222222222200000000000
256 2 4 59 0.123537 0000000000000000000000000000000000000000000000000000000000000000
256 2 4 60 0.123485 1222222222222222222222222222222222222222222222222222222222222222
256 2 4 61 0.127895 2222222222222222222222222222222222222222222222222222222222222222
256 2 4 62 0.124409 0000000000000000000000000000000000000000000000000000000000000000
256 2 4 63 0.123823 2222222222222222222222222222222222222222222000000000000000000000
256 2 4 64 0.118424 2222222222222222222222222222222222222222222222220000000000000000
256 2 4 65 0.123359 0000000000000000000000000000000000000000000000000000000000000000
256 2 4 66 0.122924 2222222220000000000000000000000000000000000000000000000000000000
256 2 4 67 0.123813 0000000000000000000000000000000000000000000000000000000000000000
256 2 4 68 0.117573 1222222222222222222222222222222222222222222222222222222222222222
256 2 4 69 0.118918 1222222222222222222222222222222222222222222222222222222222222222
256 2 4 70 0.123349 0000000000000000000000000000000000000000000000000000000000000000
256 2 4 71 0.129267 0000000000000000000000000000000000000000000000000000000000000000
256 2 4 72 0.119975 2222222222222222222222222222222222222222222222222222222222222222
256 2 4 73 0.122479 2222222222222222222222222222222222222222222222222222222222222222
256 2 4 74 0.118267 1222222222222222222222222222222222222222222222222222222222222222
256 2 4 75 0.124879 1222222222222222222222222200000000000000000000000000000000000000
256 2 4 76 0.119677 2222222222222222222222222222222222222222222222222222222222222222
256 2 4 77 0.122236 2222222222222222222222222222222222222222222222222222222222222222
256 2 4 78 0.122567 2222222222222222222222222222222222222222222222222222222222222222
256 2 4 79 0.119630 1222222222222222222222222000000000000000000000000000000000000000
256 2 4 80 0.125278 2222222222222222222222222222222000000000000000000000000000000000
256 2 4 81 0.127238 2222222222222222222222222222222222222222222222222222222222222222
256 2 4 82 0.125860 2222222222222222222222222222222222222222222222222222222222222222
256 2 4 83 0.114453 2222222222222222222222222222222222222222222222222222222222222222
256 2 4 84 0.121781 0000000000000000000000000000000000000000000000000000000000000000
256 2 4 85 0.120902 1222222222222222222222222222222222222222222222222222222222222222
256 2 4 86 0.124722 2222222222222222222222222222222222222222222222222222222222222222
256 2 4 87 0.121893 1200000000000000000000000000000000000000000000000000000000000000
256 2 4 88 0.125645 2222222222222222222222222222222222222222222222222222222222222222
256 2 4 89 0.126615 2222222222222222222222222222222222222222222222222222222222222222
256 2 4 90 0.126498 2222222222222222222222222222222222222222222222222222222222222222
256 2 4 91 0.128081 2222222222222222222222222222222222222222222222222222222222220000
256 2 4 92 0.117603 2222222200000000000000000000000000000000000000000000000000000000
256 2 4 93 0.121083 2222222222222222222222222222222222222222222222222222222222222222
256 2 4 94 0.125008 0000000000000000000000000000000000000000000000000000000000000000
256 2 4 95 0.127648 2222222222222222222222222222222222222222222222222222222222222222
256 2 4 96 0.124516 2222222222222222222222222222222222222222222222222222222222222222
256 2 4 97 0.123273 0000000000000000000000000000000000000000000000000000000000000000
256 2 4 98 0.125317 2222222222222222222222222222222222222222222222222222222222222222
256 2 4 99 0.127110 2222222222222222222222222222222222222222222222222222222222222222
256 2 8 0 0.067677 22222222222222222222222222222222
256 2 8 1 0.063530 22222222000000000000000000000000
256 2 8 2 0.063057 22222222222222222222222222222000
256 2 8 3 0.059450 22000000000000000000000000000000
256 2 8 4 0.066345 00000000000000000000000000000000
256 2 8 5 0.059353 22222222222222222222222222222222
256 2 8 6 0.064503 22222222222222222222222222222222
256 2 8 7 0.064481 22222222222222222222222222222222
256 2 8 8 0.064192 00000000000000000000000000000000
256 2 8 9 0.064420 22222222222222222222200000000000
256 2 8 10 0.062447 22222222222222220000000000000000
256 2 8 11 0.064377 00000000000000000000000000000000
256 2 8 12 0.060424 00000000000000000000000000000000
256 2 8 13 0.060573 22222222222222222222222222222220
256 2 8 14 0.061810 22222222222222222222222222222222
256 2 8 15 0.062140 22222222222222222222222222222222
256 2 8 16 0.061398 22222222222222000000000000000000
256 2 8 17 0.060802 22222222222220000000000000000000
256 2 8 18 0.066426 00000000000000000000000000000000
256 2 8 19 0.065276 22222222000000000000000000000000
256 2 8 20 0.063030 00000000000000000000000000000000
256 2 8 21 0.062848 22222222222222222222222222222222
256 2 8 22 0.065743 22222222222222222222222222222222
256 2 8 23 0.063816 22222222222222222222222222222222
256 2 8 24 0.062099 22222222222222222222222222222222
256 2 8 25 0.062152 22222222222222222222222222220000
256 2 8 26 0.062496 22222222222222222222222222222222
256 2 8 27 0.058393 22222222220000000000000000000000
256 2 8 28 0.064405 00000000000000000000000000000000
256 2 8 29 0.061976 22222222222222222222222222222222
256 2 8 30 0.062429 22222222222222222222222222222222
256 2 8 31 0.065099 22200000000000000000000000000000
256 2 8 32 0.064341 22222222222222222222222222222222
256 2 8 33 0.064912 00000000000000000000000000000000
256 2 8 34 0.062493 22222222222222222222222222222222
256 2 8 35 0.063211 22222222222222222222222222222222
256 2 8 36 0.061863 22222222222222222222222222222222
256 2 8 37 0.063142 12222222222222222222222222222222
256 2 8 38 0.065041 00000000000000000000000000000000
256 2 8 39 0.062609 00000000000000000000000000000000
256 2 8 40 0.062708 22222222222222222222222222222000
256 2 8 41 0.061914 22222222222222222222222222222222
256 2 8 42 0.065167 00000000000000000000000000000000
256 2 8 43 0.059875 22220000000000000000000000000000
256 2 8 44 0.060699 22222222222222222222222222222222
256 2 8 45 0.062275 00000000000000000000000000000000
256 2 8 46 0.062145 12222222222222222222222222222222
256 2 8 47 0.064567 22222222222222222222222222222222
256 2 8 48 0.061865 22222222222222222222222222222222
256 2 8 49 0.060859 22222222222222222222222222200000
256 2 8 50 0.062125 22222222220000000000000000000000
256 2 8 51 0.059055 00000000000000000000000000000000
256 2 8 52 0.065740 22222222222222222222222222220000
256 2 8 53 0.062728 22222222222222222222222222222222
256 2 8 54 0.064287 22222222222222222222222000000000
256 2 8 55 0.062472 22222222222222222222222222222222
256 2 8 56 0.061220 00000000000000000000000000000000
256 2 8 57 0.063632 20000000000000000000000000000000
256 2 8 58 0.062100 22222222222222222222222222000000
256 2 8 59 0.062726 00000000000000000000000000000000
256 2 8 60 0.061938 22222222222222222222222222222222
256 2 8 61 0.064682 22222222222222222222222222222222
256 2 8 62 0.062743 00000000000000000000000000000000
256 2 8 63 0.062718 22222222222222222222200000000000
256 2 8 64 0.059120 00000000000000000000000000000000
256 2 8 65 0.062170 00000000000000000000000000000000
256 2 8 66 0.061973 22220000000000000000000000000000
256 2 8 67 0.062600 00000000000000000000000000000000
256 2 8 68 0.059685 22222222222222222222222222222222
256 2 8 69 0.060547 22222222222222222222222222222222
256 2 8 70 0.062386 00000000000000000000000000000000
256 2 8 71 0.065595 00000000000000000000000000000000
256 2 8 72 0.060339 22222222222222222222222222222222
256 2 8 73 0.061998 22222222222222222222222222222222
256 2 8 74 0.059896 22222222222222222222222222222222
256 2 8 75 0.063049 22222222222220000000000000000000
256 2 8 76 0.060135 22222222222222222222222222222222
256 2 8 77 0.061632 22222222222222222222222222222222
256 2 8 78 0.061970 22222222222222222222222222222222
256 2 8 79 0.060636 22222222222200000000000000000000
256 2 8 80 0.063533 22222222222222200000000000000000
256 2 8 81 0.063648 22222222222222222222222222222222
256 2 8 82 0.063723 22222222222222222222222222222222
256 2 8 83 0.057049 22222222222222222222222222222222
256 2 8 84 0.062039 00000000000000000000000000000000
256 2 8 85 0.061195 22222222222222222222222222222222
256 2 8 86 0.063019 22222222222222222222222222222222
256 2 8 87 0.061457 20000000000000000000000000000000
256 2 8 88 0.062517 22222222222222222222222222222222
256 2 8 89 0.063827 22222222222222222222222222222222
256 2 8 90 0.064027 22222222222222222222222222222222
256 2 8 91 0.064336 22222222222222222222222222222200
256 2 8 92 0.059460 22220000000000000000000000000000
256 2 8 93 0.061148 22222222222222222222222222222222
256 2 8 94 0.063445 00000000000000000000000000000000
256 2 8 95 0.064664 22222222222222222222222222222222
256 2 8 96 0.062699 22222222222222222222222222000000
256 2 8 97 0.062432 00000000000000000000000000000000
256 2 8 98 0.063474 22222222222222222222222222222222
256 2 8 99 0.064133 22222222222222222222222222222222
256 2 16 0 0.034615 2222222222222222
256 2 16 1 0.033215 2222000000000000
256 2 16 2 0.032150 2222222222222200
256 2 16 3 0.030588 2000000000000000
256 2 16 4 0.034100 0000000000000000
256 2 16 5 0.030581 2222222222222222
256 2 16 6 0.033192 2222222222222222
256 2 16 7 0.033272 2222222222222222
256 2 16 8 0.032878 0000000000000000
256 2 16 9 0.033147 2222222222000000
256 2 16 10 0.032177 2222222200000000
256 2 16 11 0.033425 0000000000000000
256 2 16 12 0.031153 0000000000000000
256 2 16 13 0.031213 2222222222222220
256 2 16 14 0.031917 2222222222222222
256 2 16 15 0.031988 2222222222222222
256 2 16 16 0.031476 2222222000000000
256 2 16 17 0.031212 2222220000000000
256 2 16 18 0.034457 0000000000000000
256 2 16 19 0.033593 2222000000000000
256 2 16 20 0.032497 0000000000000000
256 2 16 21 0.032724 2222222222222222
256 2 16 22 0.033872 2222222222222222
256 2 16 23 0.032723 2222222222222222
256 2 16 24 0.032119 2222222222222222
256 2 16 25 0.032069 2222222222222200
256 2 16 26 0.032114 2222222222222222
256 2 16 27 0.030364 2222200000000000
256 2 16 28 0.033102 0000000000000000
256 2 16 29 0.032029 2222222222222222
256 2 16 30 0.032069 2222222222222222
256 2 16 31 0.033966 2000000000000000
256 2 16 32 0.033275 2222222222222222
256 2 16 33 0.033306 0000000000000000
256 2 16 34 0.032127 2222222222222222
256 2 16 35 0.032632 2222222222222222
256 2 16 36 0.031676 2222222222222222
256 2 16 37 0.032453 2222222222222222
256 2 16 38 0.033345 0000000000000000
256 2 16 39 0.032088 0000000000000000
256 2 16 40 0.032315 2222222222222200
256 2 16 41 0.032442 2222222222222222
256 2 16 42 0.033581 0000000000000000
256 2 16 43 0.030782 2200000000000000
256 2 16 44 0.031157 2222222222222222
256 2 16 45 0.032213 0000000000000000
256 2 16 46 0.031988 2222222222222222
256 2 16 47 0.033411 2222222222222222
256 2 16 48 0.031836 2222222222222222
256 2 16 49 0.031103 2222222222222000
256 2 16 50 0.031975 2222200000000000
256 2 16 51 0.030648 0000000000000000
256 2 16 52 0.033115 2222222222222200
256 2 16 53 0.032263 2222222222222222
256 2 16 54 0.032970 2222222222200000
256 2 16 55 0.031952 2222222222222222
256 2 16 56 0.031353 0000000000000000
256 2 16 57 0.032761 0000000000000000
256 2 16 58 0.032216 2222222222222000
256 2 16 59 0.032197 0000000000000000
256 2 16 60 0.031825 2222222222222222
256 2 16 61 0.033971 2222222222222222
256 2 16 62 0.032505 0000000000000000
256 2 16 63 0.032144 2222222222000000
256 2 16 64 0.030300 0000000000000000
256 2 16 65 0.031973 0000000000000000
256 2 16 66 0.031955 2200000000000000
256 2 16 67 0.032303 0000000000000000
256 2 16 68 0.030689 2222222222222222
256 2 16 69 0.031154 2222222222222222
256 2 16 70 0.032288 0000000000000000
256 2 16 71 0.033902 0000000000000000
256 2 16 72 0.030906 2222222222222222
256 2 16 73 0.031716 2222222222222222
256 2 16 74 0.030647 2222222222222222
256 2 16 75 0.032453 2222220000000000
256 2 16 76 0.030862 2222222222222222
256 2 16 77 0.031650 2222222222222222
256 2 16 78 0.031888 2222222222222222
256 2 16 79 0.031186 2222220000000000
256 2 16 80 0.032795 2222222000000000
256 2 16 81 0.032967 2222222222222222
256 2 16 82 0.032684 2222222222222222
256 2 16 83 0.029238 2222222222222222
256 2 16 84 0.031891 0000000000000000
256 2 16 85 0.031434 2222222222222222
256 2 16 86 0.032508 2222222222222222
256 2 16 87 0.031647 0000000000000000
256 2 16 88 0.032297 2222222222222222
256 2 16 89 0.032909 2222222222222222
256 2 16 90 0.033076 2222222222222222
256 2 16 91 0.033255 2222222222222220
256 2 16 92 0.030667 2200000000000000
256 2 16 93 0.031556 2222222222222222
256 2 16 94 0.032754 0000000000000000
256 2 16 95 0.033241 2222222222222222
256 2 16 96 0.032335 2222222222222000
256 2 16 97 0.032095 0000000000000000
256 2 16 98 0.032902 2222222222222222
256 2 16 99 0.033149 2222222222222222
256 2 32 0 0.018331 22222222
256 2 32 1 0.017332 22000000
256 2 32 2 0.017006 22222220
256 2 32 3 0.016398 00000000
256 2 32 4 0.018328 00000000
256 2 32 5 0.016259 22222222
256 2 32 6 0.017610 22222222
256 2 32 7 0.017708 22222222
256 2 32 8 0.017407 00000000
256 2 32 9 0.017612 22222000
256 2 32 10 0.016951 22220000
256 2 32 11 0.017593 00000000
256 2 32 12 0.016581 00000000
256 2 32 13 0.016540 22222220
256 2 32 14 0.016990 22222222
256 2 32 15 0.017031 22222222
256 2 32 16 0.016707 22200000
256 2 32 17 0.016647 22200000
256 2 32 18 0.018137 00000000
256 2 32 19 0.017828 22000000
256 2 32 20 0.017268 00000000
256 2 32 21 0.017137 22222222
256 2 32 22 0.017913 22222222
256 2 32 23 0.017367 22222222
256 2 32 24 0.017037 22222222
256 2 32 25 0.016949 22222220
256 2 32 26 0.017015 22222222
256 2 32 27 0.015961 22000000
256 2 32 28 0.017655 00000000
256 2 32 29 0.016952 22222222
256 2 32 30 0.017001 22222222
256 2 32 31 0.017748 00000000
256 2 32 32 0.017609 22222222
256 2 32 33 0.017711 00000000
256 2 32 34 0.017143 22222222
256 2 32 35 0.017339 22222222
256 2 32 36 0.016888 22222222
256 2 32 37 0.017356 22222222
256 2 32 38 0.017676 00000000
256 2 32 39 0.017032 00000000
256 2 32 40 0.017114 22222220
256 2 32 41 0.016927 22222222
256 2 32 42 0.018034 00000000
256 2 32 43 0.016281 20000000
256 2 32 44 0.016595 22222222
256 2 32 45 0.017055 00000000
256 2 32 46 0.017088 22222222
256 2 32 47 0.017707 22222222
256 2 32 48 0.016894 22222222
256 2 32 49 0.016460 22222200
256 2 32 50 0.016983 22000000
256 2 32 51 0.016191 00000000
256 2 32 52 0.017542 22222220
256 2 32 53 0.017281 22222222
256 2 32 54 0.017466 22222000
256 2 32 55 0.016964 22222222
256 2 32 56 0.016618 00000000
256 2 32 57 0.017527 00000000
256 2 32 58 0.017065 22222200
256 2 32 59 0.017107 00000000
256 2 32 60 0.016907 22222222
256 2 32 61 0.017705 22222222
256 2 32 62 0.017290 00000000
256 2 32 63 0.017046 22222000
256 2 32 64 0.016187 00000000
256 2 32 65 0.016997 00000000
256 2 32 66 0.016929 20000000
256 2 32 67 0.017140 00000000
256 2 32 68 0.016289 22222222
256 2 32 69 0.016468 22222222
256 2 32 70 0.017103 00000000
256 2 32 71 0.017884 00000000
256 2 32 72 0.016426 22222222
256 2 32 73 0.016866 22222222
256 2 32 74 0.016323 22222222
256 2 32 75 0.017308 22200000
256 2 32 76 0.016410 22222222
256 2 32 77 0.016806 22222222
256 2 32 78 0.016982 22222222
256 2 32 79 0.016594 22200000
256 2 32 80 0.017271 22200000
256 2 32 81 0.017285 22222222
256 2 32 82 0.017833 22222222
256 2 32 83 0.015471 22222222
256 2 32 84 0.017055 00000000
256 2 32 85 0.016852 22222222
256 2 32 86 0.017254 22222222
256 2 32 87 0.016833 00000000
256 2 32 88 0.016990 22222222
256 2 32 89 0.017498 22222222
256 2 32 90 0.017485 22222222
256 2 32 91 0.017598 22222220
256 2 32 92 0.016333 20000000
256 2 32 93 0.016761 22222222
256 2 32 94 0.017304 00000000
256 2 32 95 0.017623 22222222
256 2 32 96 0.017183 22222200
256 2 32 97 0.017138 00000000
256 2 32 98 0.017409 22222222
256 2 32 99 0.017683 22222222
256 4 8 0 0.118255 22222222222222222222222222222222
256 4 8 1 0.103090 22222222222222222222222222222222
256 4 8 2 0.107479 22222222222222222222222222222222
256 4 8 3 0.095187 22222222222222222222222222222222
256 4 8 4 0.114483 00000000000000000000000000000000
256 4 8 5 0.093565 22222222222222222222222222222222
256 4 8 6 0.108570 22222222222222222222222222222222
256 4 8 7 0.108436 22222222222222222222222222222222
256 4 8 8 0.108444 00000000000000000000000000000000
256 4 8 9 0.107857 22222222222222222222222222222222
256 4 8 10 0.103242 22222222222222222222222222222222
256 4 8 11 0.104104 22222222222222222222222222222222
256 4 8 12 0.097231 00000000000000000000000000000000
256 4 8 13 0.096690 22222222222222222222222222222222
256 4 8 14 0.100902 22222222222222222222222222222222
256 4 8 15 0.101519 22222222222222222222222222222222
256 4 8 16 0.097353 22222222222222222222222222222222
256 4 8 17 0.096042 22222222222222222222222222222222
256 4 8 18 0.112713 00000000000000000000000000000000
256 4 8 19 0.109889 22222222222222222222222222222222
256 4 8 20 0.100493 00000000000000000000000000000000
256 4 8 21 0.100981 22222222222222222222222222222222
256 4 8 22 0.112607 22222222222222222222222222222222
256 4 8 23 0.105551 22222222222222222222222222222222
256 4 8 24 0.099400 22222222222222222222222222222222
256 4 8 25 0.099065 22222222222222222222222222222222
256 4 8 26 0.104271 22222222222222222222222222222222
256 4 8 27 0.091857 22222222222222222222222222222222
256 4 8 28 0.106652 00000000000000000000000000000000
256 4 8 29 0.101721 22222222222222222222222222222222
256 4 8 30 0.102522 22222222222222222222222222222222
256 4 8 31 0.108336 22222222222222222222222222222222
256 4 8 32 0.106991 22222222222222222222222222222222
256 4 8 33 0.110430 00000000000000000000000000000000
256 4 8 34 0.101199 22222222222222222222222222222222
256 4 8 35 0.105804 22222222222222222222222222222222
256 4 8 36 0.099229 22222222222222222222222222222222
256 4 8 37 0.106255 12222222222222222222222222222222
256 4 8 38 0.107760 00000000000000000000000000000000
256 4 8 39 0.103965 00000000000000000000000000000000
256 4 8 40 0.103045 22222222222222222222222222222222
256 4 8 41 0.098963 22222222222222222222222222222222
256 4 8 42 0.110348 00000000000000000000000000000000
256 4 8 43 0.093310 22222222222222222222222222222222
256 4 8 44 0.094168 22222222222222222222222222222222
256 4 8 45 0.102100 00000000000000000000000000000000
256 4 8 46 0.104972 12222222222222222222222222222222
256 4 8 47 0.108009 22222222222222222222222222222222
256 4 8 48 0.099570 22222222222222222222222222222222
256 4 8 49 0.098521 22222222222222222222222222222222
256 4 8 50 0.101486 22222222222222222222222222222222
256 4 8 51 0.093731 00000000000000000000000000000000
256 4 8 52 0.106484 22222222222222222222222222222222
256 4 8 53 0.107041 22222222222222222222222222222222
256 4 8 54 0.106375 22222222222222222222222222222222
256 4 8 55 0.101782 22222222222222222222222222222222
256 4 8 56 0.094619 00000000000000000000000000000000
256 4 8 57 0.103324 22222222222222222222222222222222
256 4 8 58 0.099863 22222222222222222222222222222222
256 4 8 59 0.101107 00000000000000000000000000000000
256 4 8 60 0.100995 22222222222222222222222222222222
256 4 8 61 0.107281 22222222222222222222222222222222
256 4 8 62 0.100806 00000000000000000000000000000000
256 4 8 63 0.100061 22222222222222222222222222222222
256 4 8 64 0.095772 22222222222222222222222222222222
256 4 8 65 0.097229 00000000000000000000000000000000
256 4 8 66 0.102263 22222222222222222222222222222222
256 4 8 67 0.100592 00000000000000000000000000000000
256 4 8 68 0.093694 22222222222222222222222222222222
256 4 8 69 0.093821 22222222222222222222222222222222
256 4 8 70 0.103512 00000000000000000000000000000000
256 4 8 71 0.110997 00000000000000000000000000000000
256 4 8 72 0.096124 22222222222222222222222222222222
256 4 8 73 0.097717 22222222222222222222222222222222
256 4 8 74 0.093671 22222222222222222222222222222222
256 4 8 75 0.102286 22222222222222222222222222222222
256 4 8 76 0.099022 22222222222222222222222222222222
256 4 8 77 0.098992 22222222222222222222222222222222
256 4 8 78 0.100412 22222222222222222222222222222222
256 4 8 79 0.099666 22222222222222222222222222222222
256 4 8 80 0.103791 22222222222222222222222222222222
256 4 8 81 0.106598 22222222222222222222222222222222
256 4 8 82 0.107340 22222222222222222222222222222222
256 4 8 83 0.084209 22222222222222222222222222222222
256 4 8 84 0.098916 00000000000000000000000000000000
256 4 8 85 0.102482 22222222222222222222222222222222
256 4 8 86 0.105583 22222222222222222222222222222222
256 4 8 87 0.095678 22222222222222222222222222222222
256 4 8 88 0.102225 22222222222222222222222222222222
256 4 8 89 0.104339 22222222222222222222222222222222
256 4 8 90 0.107807 22222222222222222222222222222222
256 4 8 91 0.107159 22222222222222222222222222222222
256 4 8 92 0.093821 22222222222222222222222222222222
256 4 8 93 0.101398 22222222222222222222222222222222
256 4 8 94 0.103012 00000000000000000000000000000000
256 4 8 95 0.106205 22222222222222222222222222222222
256 4 8 96 0.105692 22222222222222222222222222222222
256 4 8 97 0.099610 00000000000000000000000000000000
256 4 8 98 0.104328 22222222222222222222222222222222
256 4 8 99 0.108342 22222222222222222222222222222222
256 4 16 0 0.059852 2222222222222222
256 4 16 1 0.053065 2222222222222222
256 4 16 2 0.053943 2222222222222222
256 4 16 3 0.048471 2222222222222222
256 4 16 4 0.058498 0000000000000000
256 4 16 5 0.048588 2222222222222222
256 4 16 6 0.056706 2222222222222222
256 4 16 7 0.054722 2222222222222222
256 4 16 8 0.055810 0000000000000000
256 4 16 9 0.055480 2222222222222222
256 4 16 10 0.053638 2222222222222222
256 4 16 11 0.053592 2222222222222222
256 4 16 12 0.050665 0000000000000000
256 4 16 13 0.049566 2222222222222222
256 4 16 14 0.051825 2222222222222222
256 4 16 15 0.052672 2222222222222222
256 4 16 16 0.049521 2222222222222222
256 4 16 17 0.048934 2222222222222222
256 4 16 18 0.056898 0000000000000000
256 4 16 19 0.056034 2222222222222222
256 4 16 20 0.052110 0000000000000000
256 4 16 21 0.051981 2222222222222222
256 4 16 22 0.057528 2222222222222222
256 4 16 23 0.054280 2222222222222222
256 4 16 24 0.050969 2222222222222222
256 4 16 25 0.051081 2222222222222222
256 4 16 26 0.053446 2222222222222222
256 4 16 27 0.047168 2222222222222222
256 4 16 28 0.055153 0000000000000000
256 4 16 29 0.053394 2222222222222222
256 4 16 30 0.053071 2222222222222222
256 4 16 31 0.056113 2222222222222222
256 4 16 32 0.054890 2222222222222222
256 4 16 33 0.055693 0000000000000000
256 4 16 34 0.052625 2222222222222222
256 4 16 35 0.053772 2222222222222222
256 4 16 36 0.050878 2222222222222222
256 4 16 37 0.053771 2222222222222222
256 4 16 38 0.055430 0000000000000000
256 4 16 39 0.053091 0000000000000000
256 4 16 40 0.053469 2222222222222222
256 4 16 41 0.051039 2222222222222222
256 4 16 42 0.056022 0000000000000000
256 4 16 43 0.047895 2222222222222222
256 4 16 44 0.048679 2222222222222222
256 4 16 45 0.052610 0000000000000000
256 4 16 46 0.053287 2222222222222222
256 4 16 47 0.056728 2222222222222222
256 4 16 48 0.052174 2222222222222222
256 4 16 49 0.050365 2222222222222222
256 4 16 50 0.051481 2222222222222222
256 4 16 51 0.047968 0000000000000000
256 4 16 52 0.054585 2222222222222222
256 4 16 53 0.053333 2222222222222222
256 4 16 54 0.054573 2222222222222222
256 4 16 55 0.053224 2222222222222222
256 4 16 56 0.048518 0000000000000000
256 4 16 57 0.054143 2222222222222222
256 4 16 58 0.051569 2222222222222222
256 4 16 59 0.052025 0000000000000000
256 4 16 60 0.052647 2222222222222222
256 4 16 61 0.055613 2222222222222222
256 4 16 62 0.052295 0000000000000000
256 4 16 63 0.050810 2222222222222222
256 4 16 64 0.048249 0000000000000000
256 4 16 65 0.050303 0000000000000000
256 4 16 66 0.052346 2222222222222222
256 4 16 67 0.051711 0000000000000000
256 4 16 68 0.047963 2222222222222222
256 4 16 69 0.048391 2222222222222222
256 4 16 70 0.052069 0000000000000000
256 4 16 71 0.057740 0000000000000000
256 4 16 72 0.048854 2222222222222222
256 4 16 73 0.051221 2222222222222222
256 4 16 74 0.047795 2222222222222222
256 4 16 75 0.052717 2222222222222222
256 4 16 76 0.051069 2222222222222222
256 4 16 77 0.050139 2222222222222222
256 4 16 78 0.052354 2222222222222222
256 4 16 79 0.050999 2222222222222222
256 4 16 80 0.054057 2222222222222222
256 4 16 81 0.054413 2222222222222222
256 4 16 82 0.054491 2222222222222222
256 4 16 83 0.043570 2222222222222222
256 4 16 84 0.050188 0000000000000000
256 4 16 85 0.051657 2222222222222222
256 4 16 86 0.054923 2222222222222222
256 4 16 87 0.049179 2222222222222222
256 4 16 88 0.052569 2222222222222222
256 4 16 89 0.053543 2222222222222222
256 4 16 90 0.056207 2222222222222222
256 4 16 91 0.055486 2222222222222222
256 4 16 92 0.048972 2222222222222222
256 4 16 93 0.052437 2222222222222222
256 4 16 94 0.053130 0000000000000000
256 4 16 95 0.054034 2222222222222222
256 4 16 96 0.053658 2222222222222222
256 4 16 97 0.051584 0000000000000000
256 4 16 98 0.054060 2222222222222222
256 4 16 99 0.055853 2222222222222222
256 4 32 0 0.031658 22222222
256 4 32 1 0.027818 22222222
256 4 32 2 0.028989 22222222
256 4 32 3 0.026235 22222222
256 4 32 4 0.031241 00000000
256 4 32 5 0.025637 22222222
256 4 32 6 0.029647 22222222
256 4 32 7 0.029006 22222222
256 4 32 8 0.029614 00000000
256 4 32 9 0.029188 22222222
256 4 32 10 0.028229 22222222
256 4 32 11 0.028738 22222222
256 4 32 12 0.026739 00000000
256 4 32 13 0.026810 22222222
256 4 32 14 0.027751 22222222
256 4 32 15 0.027771 22222222
256 4 32 16 0.026384 22222222
256 4 32 17 0.026226 22222222
256 4 32 18 0.030625 00000000
256 4 32 19 0.029835 22222222
256 4 32 20 0.027595 00000000
256 4 32 21 0.027591 22222222
256 4 32 22 0.030564 22222222
256 4 32 23 0.028792 22222222
256 4 32 24 0.027288 22222222
256 4 32 25 0.027182 22222222
256 4 32 26 0.028899 22222222
256 4 32 27 0.025213 22222222
256 4 32 28 0.029588 00000000
256 4 32 29 0.027859 22222222
256 4 32 30 0.028577 22222222
256 4 32 31 0.029644 22222222
256 4 32 32 0.028918 22222222
256 4 32 33 0.029847 00000000
256 4 32 34 0.028030 22222222
256 4 32 35 0.029193 22222222
256 4 32 36 0.026735 22222222
256 4 32 37 0.028431 22222222
256 4 32 38 0.029125 00000000
256 4 32 39 0.028785 00000000
256 4 32 40 0.028197 22222222
256 4 32 41 0.027065 22222222
256 4 32 42 0.029876 00000000
256 4 32 43 0.025231 22222222
256 4 32 44 0.025889 22222222
256 4 32 45 0.028192 00000000
256 4 32 46 0.028320 22222222
256 4 32 47 0.029662 22222222
256 4 32 48 0.027084 22222222
256 4 32 49 0.026736 22222222
256 4 32 50 0.027343 22222222
256 4 32 51 0.025826 00000000
256 4 32 52 0.029034 22222222
256 4 32 53 0.028206 22222222
256 4 32 54 0.029139 22222222
256 4 32 55 0.027912 22222222
256 4 32 56 0.025885 00000000
256 4 32 57 0.029572 22222222
256 4 32 58 0.027635 22222222
256 4 32 59 0.027700 00000000
256 4 32 60 0.027905 22222222
256 4 32 61 0.029281 22222222
256 4 32 62 0.028584 00000000
256 4 32 63 0.027013 22222222
256 4 32 64 0.025686 00000000
256 4 32 65 0.026648 00000000
256 4 32 66 0.027722 22222222
256 4 32 67 0.027447 00000000
256 4 32 68 0.025645 22222222
256 4 32 69 0.025758 22222222
256 4 32 70 0.027472 00000000
256 4 32 71 0.030547 00000000
256 4 32 72 0.025899 22222222
256 4 32 73 0.027409 22222222
256 4 32 74 0.025543 22222222
256 4 32 75 0.028398 22222222
256 4 32 76 0.026751 22222222
256 4 32 77 0.027623 22222222
256 4 32 78 0.027186 22222222
256 4 32 79 0.027163 22222222
256 4 32 80 0.028035 22222222
256 4 32 81 0.028859 22222222
256 4 32 82 0.029099 22222222
256 4 32 83 0.023730 22222222
256 4 32 84 0.026655 00000000
256 4 32 85 0.027461 22222222
256 4 32 86 0.028967 22222222
256 4 32 87 0.026286 22222222
256 4 32 88 0.027910 22222222
256 4 32 89 0.028495 22222222
256 4 32 90 0.029547 22222222
256 4 32 91 0.029786 22222222
256 4 32 92 0.025909 22222222
256 4 32 93 0.028208 22222222
256 4 32 94 0.027905 00000000
256 4 32 95 0.028725 22222222
256 4 32 96 0.028433 22222222
256 4 32 97 0.027292 00000000
256 4 32 98 0.028686 22222222
256 4 32 99 0.029758 22222222
256 8 16 0 0.136596 2222222222222222
256 8 16 1 0.118541 2222222222222222
256 8 16 2 0.118388 2222222222222222
256 8 16 3 0.102191 2222222222222222
256 8 16 4 0.137863 0000000000000000
256 8 16 5 0.100574 2222222222222222
256 8 16 6 0.119155 2222222222222222
256 8 16 7 0.122000 2222222222222222
256 8 16 8 0.130476 0000000000000000
256 8 16 9 0.127369 2222222222222222
256 8 16 10 0.115245 2222222222222222
256 8 16 11 0.121370 2222222222222222
256 8 16 12 0.108283 0000000000000000
256 8 16 13 0.110904 2222222222222222
256 8 16 14 0.113091 2222222222222222
256 8 16 15 0.119655 2222222222222222
256 8 16 16 0.102635 2222222222222222
256 8 16 17 0.107898 2222222222222222
256 8 16 18 0.137493 0000000000000000
256 8 16 19 0.127374 2222222222222222
256 8 16 20 0.110102 0000000000000000
256 8 16 21 0.110382 2222222222222222
256 8 16 22 0.129793 2222222222222222
256 8 16 23 0.122821 2222222222222222
256 8 16 24 0.117459 2222222222222222
256 8 16 25 0.110007 2222222222222222
256 8 16 26 0.124295 2222222222222222
256 8 16 27 0.100589 2222222222222222
256 8 16 28 0.122468 0000000000000000
256 8 16 29 0.111838 2222222222222222
256 8 16 30 0.115896 2222222222222222
256 8 16 31 0.125870 2222222222222222
256 8 16 32 0.123988 2222222222222222
256 8 16 33 0.130100 0000000000000000
256 8 16 34 0.115125 2222222222222222
256 8 16 35 0.124367 2222222222222222
256 8 16 36 0.111182 2222222222222222
256 8 16 37 0.119492 2222222222222222
256 8 16 38 0.124498 0000000000000000
256 8 16 39 0.115688 0000000000000000
256 8 16 40 0.120454 2222222222222222
256 8 16 41 0.109979 2222222222222222
256 8 16 42 0.124941 0000000000000000
256 8 16 43 0.100928 2222222222222222
256 8 16 44 0.102966 2222222222222222
256 8 16 45 0.116296 0000000000000000
256 8 16 46 0.123467 2222222222222222
256 8 16 47 0.126408 2222222222222222
256 8 16 48 0.106238 2222222222222222
256 8 16 49 0.106794 2222222222222222
256 8 16 50 0.109990 2222222222222222
256 8 16 51 0.104248 0000000000000000
256 8 16 52 0.121660 2222222222222222
256 8 16 53 0.116399 2222222222222222
256 8 16 54 0.117881 2222222222222222
256 8 16 55 0.117906 2222222222222222
256 8 16 56 0.110484 0000000000000000
256 8 16 57 0.118690 2222222222222222
256 8 16 58 0.114601 2222222222222222
256 8 16 59 0.112971 0000000000000000
256 8 16 60 0.114363 2222222222222222
256 8 16 61 0.124089 2222222222222222
256 8 16 62 0.119593 0000000000000000
256 8 16 63 0.116039 2222222222222222
256 8 16 64 0.103317 2222222222222222
256 8 16 65 0.105208 0000000000000000
256 8 16 66 0.114938 2222222222222222
256 8 16 67 0.115889 0000000000000000
256 8 16 68 0.098744 2222222222222222
256 8 16 69 0.103595 2222222222222222
256 8 16 70 0.114724 0000000000000000
256 8 16 71 0.132924 0000000000000000
256 8 16 72 0.102815 2222222222222222
256 8 16 73 0.105999 2222222222222222
256 8 16 74 0.099864 2222222222222222
256 8 16 75 0.113109 2222222222222222
256 8 16 76 0.107932 2222222222222222
256 8 16 77 0.111536 2222222222222222
256 8 16 78 0.110591 2222222222222222
256 8 16 79 0.107438 2222222222222222
256 8 16 80 0.114395 2222222222222222
256 8 16 81 0.126296 2222222222222222
256 8 16 82 0.126677 2222222222222222
256 8 16 83 0.081285 2222222222222222
256 8 16 84 0.104823 0000000000000000
256 8 16 85 0.112558 2222222222222222
256 8 16 86 0.121006 2222222222222222
256 8 16 87 0.109056 2222222222222222
256 8 16 88 0.114028 2222222222222222
256 8 16 89 0.117764 2222222222222222
256 8 16 90 0.129465 2222222222222222
256 8 16 91 0.128334 2222222222222222
256 8 16 92 0.104361 2222222222222222
256 8 16 93 0.116510 2222222222222222
256 8 16 94 0.114342 0000000000000000
256 8 16 95 0.120676 2222222222222222
256 8 16 96 0.113530 2222222222222222
256 8 16 97 0.113752 0000000000000000
256 8 16 98 0.123643 2222222222222222
256 8 16 99 0.124121 2222222222222222
256 8 32 0 0.074372 22222222
256 8 32 1 0.061742 22222222
256 8 32 2 0.063750 22222222
256 8 32 3 0.057833 22222222
256 8 32 4 0.073473 00000000
256 8 32 5 0.055420 22222222
256 8 32 6 0.062547 22222222
256 8 32 7 0.065423 22222222
256 8 32 8 0.067804 00000000
256 8 32 9 0.065440 22222222
256 8 32 10 0.061138 22222222
256 8 32 11 0.064715 22222222
256 8 32 12 0.059962 00000000
256 8 32 13 0.057020 22222222
256 8 32 14 0.063069 22222222
256 8 32 15 0.064618 22222222
256 8 32 16 0.054205 22222222
256 8 32 17 0.056137 22222222
256 8 32 18 0.071244 00000000
256 8 32 19 0.068467 22222222
256 8 32 20 0.059757 00000000
256 8 32 21 0.058281 22222222
256 8 32 22 0.068957 22222222
256 8 32 23 0.062638 22222222
256 8 32 24 0.059454 22222222
256 8 32 25 0.059152 22222222
256 8 32 26 0.063531 22222222
256 8 32 27 0.052431 22222222
256 8 32 28 0.065267 00000000
256 8 32 29 0.058768 22222222
256 8 32 30 0.060155 22222222
256 8 32 31 0.067560 22222222
256 8 32 32 0.066000 22222222
256 8 32 33 0.070325 00000000
256 8 32 34 0.062449 22222222
256 8 32 35 0.066968 22222222
256 8 32 36 0.057538 22222222
256 8 32 37 0.062992 22222222
256 8 32 38 0.068938 00000000
256 8 32 39 0.062502 00000000
256 8 32 40 0.063921 22222222
256 8 32 41 0.057615 22222222
256 8 32 42 0.067002 00000000
256 8 32 43 0.053432 22222222
256 8 32 44 0.054505 22222222
256 8 32 45 0.062551 00000000
256 8 32 46 0.066076 22222222
256 8 32 47 0.067273 22222222
256 8 32 48 0.057588 22222222
256 8 32 49 0.058580 22222222
256 8 32 50 0.058232 22222222
256 8 32 51 0.056232 00000000
256 8 32 52 0.064579 22222222
256 8 32 53 0.061370 22222222
256 8 32 54 0.062827 22222222
256 8 32 55 0.062024 22222222
256 8 32 56 0.055317 00000000
256 8 32 57 0.060350 22222222
256 8 32 58 0.062449 22222222
256 8 32 59 0.060242 00000000
256 8 32 60 0.060566 22222222
256 8 32 61 0.065621 22222222
256 8 32 62 0.065350 00000000
256 8 32 63 0.061038 22222222
256 8 32 64 0.054276 22222222
256 8 32 65 0.056507 00000000
256 8 32 66 0.061212 22222222
256 8 32 67 0.058845 00000000
256 8 32 68 0.051517 22222222
256 8 32 69 0.054583 22222222
256 8 32 70 0.057419 00000000
256 8 32 71 0.070242 00000000
256 8 32 72 0.053864 22222222
256 8 32 73 0.056630 22222222
256 8 32 74 0.052132 22222222
256 8 32 75 0.062665 22222222
256 8 32 76 0.056859 22222222
256 8 32 77 0.058584 22222222
256 8 32 78 0.057889 22222222
256 8 32 79 0.056361 22222222
256 8 32 80 0.060464 22222222
256 8 32 81 0.066215 22222222
256 8 32 82 0.065838 22222222
256 8 32 83 0.043234 22222222
256 8 32 84 0.055901 00000000
256 8 32 85 0.058731 22222222
256 8 32 86 0.064984 22222222
256 8 32 87 0.057965 22222222
256 8 32 88 0.062325 22222222
256 8 32 89 0.061730 22222222
256 8 32 90 0.066758 22222222
256 8 32 91 0.067285 22222222
256 8 32 92 0.053866 22222222
256 8 32 93 0.059795 22222222
256 8 32 94 0.060907 00000000
256 8 32 95 0.067667 22222222
256 8 32 96 0.060033 22222222
256 8 32 97 0.060567 00000000
256 8 32 98 0.067645 22222222
256 8 32 99 0.065942 22222222
512 2 4 0 0.489215 12222222222222222222222222222222222222222222222222222222222222222222222222222222000000000000000000000000000000000000000000000000
512 2 4 1 0.503259 22222222222222222222222222222222222222222222222222222222222222222222222222222222222222222222222222222222222222222222222222222222
512 2 4 2 0.501681 12222222222222222222222222222222222222222222222222222222222222222222222222222222222222222222222222222222222222222222222222222222
512 2 4 3 0.506576 00000000000000000000000000000000000000000000000000000000000000000000000000000000000000000000000000000000000000000000000000000000
512 2 4 4 0.486410 22222222220000000000000000000000000000000000000000000000000000000000000000000000000000000000000000000000000000000000000000000000
512 2 4 5 0.496979 00000000000000000000000000000000000000000000000000000000000000000000000000000000000000000000000000000000000000000000000000000000
512 2 4 6 0.494199 12222222222222222222222222222222222222222222222222222200000000000000000000000000000000000000000000000000000000000000000000000000
512 2 4 7 0.494649 22222222222222222222222222222222220000000000000000000000000000000000000000000000000000000000000000000000000000000000000000000000
512 2 4 8 0.494151 00000000000000000000000000000000000000000000000000000000000000000000000000000000000000000000000000000000000000000000000000000000
512 2 4 9 0.510203 22222222222222222222222222222222222222222222222222222222222222222222222222222222222222222222222222222222222222222222222222222222
512 2 4 10 0.493544 12222222222222222220000000000000000000000000000000000000000000000000000000000000000000000000000000000000000000000000000000000000
512 2 4 11 0.501423 12222222222222222222222222222222222222222222222222222222222222222222222222222222222222222222222222222222222222222222000000000000
512 2 4 12 0.495230 00000000000000000000000000000000000000000000000000000000000000000000000000000000000000000000000000000000000000000000000000000000
512 2 4 13 0.504609 12222222222222222222222222222222222222222220000000000000000000000000000000000000000000000000000000000000000000000000000000000000
512 2 4 14 0.507060 22222222222222222222222222222222222222222222222222200000000000000000000000000000000000000000000000000000000000000000000000000000
512 2 4 15 0.480596 00000000000000000000000000000000000000000000000000000000000000000000000000000000000000000000000000000000000000000000000000000000
512 2 4 16 0.508729 12222222222222222222222222222222222222222222222222222222222222222222222222222222222222222222222222222222222222222222222222222222
512 2 4 17 0.503119 22222222222222222222222222222222222200000000000000000000000000000000000000000000000000000000000000000000000000000000000000000000
512 2 4 18 0.486743 12222222222222222222222222220000000000000000000000000000000000000000000000000000000000000000000000000000000000000000000000000000
512 2 4 19 0.478181 22222222222222222222222222000000000000000000000000000000000000000000000000000000000000000000000000000000000000000000000000000000
512 2 4 20 0.500275 22222222222222200000000000000000000000000000000000000000000000000000000000000000000000000000000000000000000000000000000000000000
512 2 4 21 0.490978 22222222222222222222222222222222222222222222222222222222222222222222222222222222222222222222222200000000000000000000000000000000
512 2 4 22 0.485656 12222222222222222222222222222222222222222222222222222222222222222222000000000000000000000000000000000000000000000000000000000000
512 2 4 23 0.487102 12222222220000000000000000000000000000000000000000000000000000000000000000000000000000000000000000000000000000000000000000000000
512 2 4 24 0.502886 00000000000000000000000000000000000000000000000000000000000000000000000000000000000000000000000000000000000000000000000000000000
512 2 4 25 0.484321 12222222222222222222222222222222222222222222222222222222222222222222222222222222222222222222222222222222222222222222222222222200
512 2 4 26 0.491622 22222222222222222222222222222222222222222222222222222222222222222222222222222222222222222222222222222222222222222222222222222222
512 2 4 27 0.505410 00000000000000000000000000000000000000000000000000000000000000000000000000000000000000000000000000000000000000000000000000000000
512 2 4 28 0.496488 22222222222222222222222222222000000000000000000000000000000000000000000000000000000000000000000000000000000000000000000000000000
512 2 4 29 0.497260 00000000000000000000000000000000000000000000000000000000000000000000000000000000000000000000000000000000000000000000000000000000
512 2 4 30 0.492711 12222222222222222222222222222222222222222222200000000000000000000000000000000000000000000000000000000000000000000000000000000000
512 2 4 31 0.492988 22222222222222222222222222222222222222222222222222222222222222222222222222222222222222222222222222222222222000000000000000000000
512 2 4 32 0.513677 22222222222222222222222222222222222222222222222222222222222222200000000000000000000000000000000000000000000000000000000000000000
512 2 4 33 0.482437 22222222222222222222222222222222222222222222222220000000000000000000000000000000000000000000000000000000000000000000000000000000
512 2 4 34 0.490784 00000000000000000000000000000000000000000000000000000000000000000000000000000000000000000000000000000000000000000000000000000000
512 2 4 35 0.502383 00000000000000000000000000000000000000000000000000000000000000000000000000000000000000000000000000000000000000000000000000000000
512 2 4 36 0.510655 00000000000000000000000000000000000000000000000000000000000000000000000000000000000000000000000000000000000000000000000000000000
512 2 4 37 0.496056 22222222222222222222222220000000000000000000000000000000000000000000000000000000000000000000000000000000000000000000000000000000
512 2 4 38 0.472652 22200000000000000000000000000000000000000000000000000000000000000000000000000000000000000000000000000000000000000000000000000000
512 2 4 39 0.506017 22222222222222222222222222222222222222222222222222222222222222222222222222222222222222222222222222222222222222222222222222222222
512 2 4 40 0.491077 12222222222222222222222222222222222222222222222222222222222222200000000000000000000000000000000000000000000000000000000000000000
512 2 4 41 0.496920 00000000000000000000000000000000000000000000000000000000000000000000000000000000000000000000000000000000000000000000000000000000
512 2 4 42 0.503855 00000000000000000000000000000000000000000000000000000000000000000000000000000000000000000000000000000000000000000000000000000000
512 2 4 43 0.499575 22222222222222222222222222222222222222222222222222222222222222222222222222222222222222222222222000000000000000000000000000000000
512 2 4 44 0.520260 00000000000000000000000000000000000000000000000000000000000000000000000000000000000000000000000000000000000000000000000000000000
512 2 4 45 0.498857 00000000000000000000000000000000000000000000000000000000000000000000000000000000000000000000000000000000000000000000000000000000
512 2 4 46 0.509528 22222222222222222222222222222222222222222222222222222222222222222222222222222222222222222222222222222222222222222222222222222222
512 2 4 47 0.488489 22222222222222222222222222222222222222222222222222222222000000000000000000000000000000000000000000000000000000000000000000000000
512 2 4 48 0.516472 22222222222222222222222222222222222222222000000000000000000000000000000000000000000000000000000000000000000000000000000000000000
512 2 4 49 0.478761 11222222222222222222222222200000000000000000000000000000000000000000000000000000000000000000000000000000000000000000000000000000
512 2 4 50 0.484142 12222222222222222222222222222222222000000000000000000000000000000000000000000000000000000000000000000000000000000000000000000000
512 2 4 51 0.491621 00000000000000000000000000000000000000000000000000000000000000000000000000000000000000000000000000000000000000000000000000000000
512 2 4 52 0.484082 22222222222200000000000000000000000000000000000000000000000000000000000000000000000000000000000000000000000000000000000000000000
512 2 4 53 0.490956 22222222222222222222222222222222222222222222222222222222222222222222222222222222222222222222222222222222222222222222222222222222
512 2 4 54 0.489333 22222222222222222222222222222222222222222222222222222222222200000000000000000000000000000000000000000000000000000000000000000000
512 2 4 55 0.487174 00000000000000000000000000000000000000000000000000000000000000000000000000000000000000000000000000000000000000000000000000000000
512 2 4 56 0.492345 12222222222222222222222222222222222222222222222222222222222222222222222222222222222222222222222222222222222222222222222222222222
512 2 4 57 0.486006 22222222000000000000000000000000000000000000000000000000000000000000000000000000000000000000000000000000000000000000000000000000
512 2 4 58 0.486099 22222222222222222222222222222222222222222222222222222222222222222222222222222222222222222222222222222222222200000000000000000000
512 2 4 59 0.494620 22222222222222222222222222222222222222222222222222222222222222222222222222222222222222222222222222222222222222222222222222222222
512 2 4 60 0.497753 22222222222222222222222222222222222222222222222222222222222222222222222222222222222222222222222222222222222222222222222222222222
512 2 4 61 0.494241 22222200000000000000000000000000000000000000000000000000000000000000000000000000000000000000000000000000000000000000000000000000
512 2 4 62 0.492157 00000000000000000000000000000000000000000000000000000000000000000000000000000000000000000000000000000000000000000000000000000000
512 2 4 63 0.494902 00000000000000000000000000000000000000000000000000000000000000000000000000000000000000000000000000000000000000000000000000000000
512 2 4 64 0.509590 22222222222222222222222222222222222222222222222222222222222222222222222222222222222222222222222222222222222222222222222222222222
512 2 4 65 0.503694 22222222222222222222222222222222222222222222222222222222222222222222222222222222222222222222222222222222222222222222222222222222
512 2 4 66 0.495564 22222222222222222222222222222222222222222222222222222222222222222222222222222222222222222222222222222222222222222222222222222222
512 2 4 67 0.489371 22222222222222222222222222222222222222222222222222222222222000000000000000000000000000000000000000000000000000000000000000000000
512 2 4 68 0.486667 22222222222222222222222000000000000000000000000000000000000000000000000000000000000000000000000000000000000000000000000000000000
512 2 4 69 0.499476 22222222222222222222222222222222222220000000000000000000000000000000000000000000000000000000000000000000000000000000000000000000
512 2 4 70 0.503292 22222222222222222222222222222222222222222222222222222222222222222222222222220000000000000000000000000000000000000000000000000000
512 2 4 71 0.505522 00000000000000000000000000000000000000000000000000000000000000000000000000000000000000000000000000000000000000000000000000000000
512 2 4 72 0.495257 22222222222222222222222222222000000000000000000000000000000000000000000000000000000000000000000000000000000000000000000000000000
512 2 4 73 0.503291 00000000000000000000000000000000000000000000000000000000000000000000000000000000000000000000000000000000000000000000000000000000
512 2 4 74 0.475158 22222222222222222222222222222222222222222222222222222222222222222222222222222200000000000000000000000000000000000000000000000000
512 2 4 75 0.505817 12222222222222222222222222222222222222222222222222222222222222222222222222222222222222222222222222222222222222222222222222222222
512 2 4 76 0.499353 22222222222222222222222222222222222222222222222222222222222222222222222222222222222222222222222222222222222222222222222222222222
512 2 4 77 0.488834 00000000000000000000000000000000000000000000000000000000000000000000000000000000000000000000000000000000000000000000000000000000
512 2 4 78 0.494138 22222222222220000000000000000000000000000000000000000000000000000000000000000000000000000000000000000000000000000000000000000000
512 2 4 79 0.497711 22222222222222222222222222222222222000000000000000000000000000000000000000000000000000000000000000000000000000000000000000000000
512 2 4 80 0.490655 12222222222222222222222222222222222222222222222222222222222222222220000000000000000000000000000000000000000000000000000000000000
512 2 4 81 0.491668 00000000000000000000000000000000000000000000000000000000000000000000000000000000000000000000000000000000000000000000000000000000
512 2 4 82 0.488880 12222222222222222222222222222222222222222222222222222222222222222222222222222222222222222222222222222222222222222222222222222222
512 2 4 83 0.488592 22222222222222220000000000000000000000000000000000000000000000000000000000000000000000000000000000000000000000000000000000000000
512 2 4 84 0.523930 22222222222222222222222222222222222222222222222222222222222222222222222222222222200000000000000000000000000000000000000000000000
512 2 4 85 0.504786 00000000000000000000000000000000000000000000000000000000000000000000000000000000000000000000000000000000000000000000000000000000
512 2 4 86 0.494096 22222222222222222222222222222222222222222222222222222222222222222222222222220000000000000000000000000000000000000000000000000000
512 2 4 87 0.502549 22222222222222222222222222222222222222222222222222222222222222222222222222222222222222222222222222222222222222222222222222222222
512 2 4 88 0.507154 22222222222222222222222222222222222222222222222222222222222222222222222222222222222222222222222222222222222222222222222222222222
512 2 4 89 0.492929 12222222222222222222222222222222222222222222200000000000000000000000000000000000000000000000000000000000000000000000000000000000
512 2 4 90 0.497703 12222222222222222222222222222222222222222222222222222222222222222222222222222222222222222222222222222222222222222222222222222222
512 2 4 91 0.503111 22222222222222222222222222222222222222222222222222222222222222222222222222222222222222222222222222222222222222222222222222222222
512 2 4 92 0.497133 22222222222222222222222222222222222222200000000000000000000000000000000000000000000000000000000000000000000000000000000000000000
512 2 4 93 0.493376 12222222222220000000000000000000000000000000000000000000000000000000000000000000000000000000000000000000000000000000000000000000
512 2 4 94 0.501536 00000000000000000000000000000000000000000000000000000000000000000000000000000000000000000000000000000000000000000000000000000000
512 2 4 95 0.494465 00000000000000000000000000000000000000000000000000000000000000000000000000000000000000000000000000000000000000000000000000000000
512 2 4 96 0.490503 22222222222222222222222222222222222200000000000000000000000000000000000000000000000000000000000000000000000000000000000000000000
512 2 4 97 0.492205 12222222222222222222222222222222222222222222222222222222220000000000000000000000000000000000000000000000000000000000000000000000
512 2 4 98 0.500584 00000000000000000000000000000000000000000000000000000000000000000000000000000000000000000000000000000000000000000000000000000000
512 2 4 99 0.512798 22222222222222222222222222222222222222222222222222222220000000000000000000000000000000000000000000000000000000000000000000000000
512 2 8 0 0.242596 2222222222222222222222222222222222222222000000000000000000000000
512 2 8 1 0.249703 2222222222222222222222222222222222222222222222222222222222222222
512 2 8 2 0.250086 2222222222222222222222222222222222222222222222222222222222222222
512 2 8 3 0.251532 0000000000000000000000000000000000000000000000000000000000000000
512 2 8 4 0.244254 2222200000000000000000000000000000000000000000000000000000000000
512 2 8 5 0.247907 0000000000000000000000000000000000000000000000000000000000000000
512 2 8 6 0.246427 2222222222222222222222222220000000000000000000000000000000000000
512 2 8 7 0.247502 2222222222222222200000000000000000000000000000000000000000000000
512 2 8 8 0.247262 0000000000000000000000000000000000000000000000000000000000000000
512 2 8 9 0.254717 2222222222222222222222222222222222222222222222222222222222222222
512 2 8 10 0.246965 2222222220000000000000000000000000000000000000000000000000000000
512 2 8 11 0.250816 2222222222222222222222222222222222222222222222222222222222000000
512 2 8 12 0.247484 0000000000000000000000000000000000000000000000000000000000000000
512 2 8 13 0.252532 2222222222222222222220000000000000000000000000000000000000000000
512 2 8 14 0.253974 2222222222222222222222222000000000000000000000000000000000000000
512 2 8 15 0.240656 0000000000000000000000000000000000000000000000000000000000000000
512 2 8 16 0.255067 2222222222222222222222222222222222222222222222222222222222222222
512 2 8 17 0.250228 2222222222222222220000000000000000000000000000000000000000000000
512 2 8 18 0.243302 2222222222222200000000000000000000000000000000000000000000000000
512 2 8 19 0.239305 2222222222222000000000000000000000000000000000000000000000000000
512 2 8 20 0.250648 2222222000000000000000000000000000000000000000000000000000000000
512 2 8 21 0.245186 2222222222222222222222222222222222222222222222220000000000000000
512 2 8 22 0.247408 2222222222222222222222222222222222000000000000000000000000000000
512 2 8 23 0.244906 2222200000000000000000000000000000000000000000000000000000000000
512 2 8 24 0.252257 0000000000000000000000000000000000000000000000000000000000000000
512 2 8 25 0.242569 2222222222222222222222222222222222222222222222222222222222222220
512 2 8 26 0.246319 2222222222222222222222222222222222222222222222222222222222222222
512 2 8 27 0.254496 0000000000000000000000000000000000000000000000000000000000000000
512 2 8 28 0.248731 2222222222222200000000000000000000000000000000000000000000000000
512 2 8 29 0.250194 0000000000000000000000000000000000000000000000000000000000000000
512 2 8 30 0.245388 2222222222222222222222000000000000000000000000000000000000000000
512 2 8 31 0.247936 2222222222222222222222222222222222222222222222222222200000000000
512 2 8 32 0.255797 2222222222222222222222222222222000000000000000000000000000000000
512 2 8 33 0.242200 2222222222222222222222220000000000000000000000000000000000000000
512 2 8 34 0.246884 0000000000000000000000000000000000000000000000000000000000000000
512 2 8 35 0.252952 0000000000000000000000000000000000000000000000000000000000000000
512 2 8 36 0.256238 0000000000000000000000000000000000000000000000000000000000000000
512 2 8 37 0.255370 2222222222220000000000000000000000000000000000000000000000000000
512 2 8 38 0.236600 2000000000000000000000000000000000000000000000000000000000000000
512 2 8 39 0.252223 2222222222222222222222222222222222222222222222222222222222222222
512 2 8 40 0.246620 2222222222222222222222222222222000000000000000000000000000000000
512 2 8 41 0.249260 0000000000000000000000000000000000000000000000000000000000000000
512 2 8 42 0.252703 0000000000000000000000000000000000000000000000000000000000000000
512 2 8 43 0.250680 2222222222222222222222222222222222222222222222200000000000000000
512 2 8 44 0.260281 0000000000000000000000000000000000000000000000000000000000000000
512 2 8 45 0.250200 0000000000000000000000000000000000000000000000000000000000000000
512 2 8 46 0.256243 2222222222222222222222222222222222222222222222222222222222222222
512 2 8 47 0.245645 2222222222222222222222222222000000000000000000000000000000000000
512 2 8 48 0.258846 2222222222222222222200000000000000000000000000000000000000000000
512 2 8 49 0.241285 1222222222222000000000000000000000000000000000000000000000000000
512 2 8 50 0.242724 2222222222222222200000000000000000000000000000000000000000000000
512 2 8 51 0.245961 0000000000000000000000000000000000000000000000000000000000000000
512 2 8 52 0.243264 2222220000000000000000000000000000000000000000000000000000000000
512 2 8 53 0.246355 2222222222222222222222222222222222222222222222222222222222222222
512 2 8 54 0.246561 2222222222222222222222222222220000000000000000000000000000000000
512 2 8 55 0.243658 0000000000000000000000000000000000000000000000000000000000000000
512 2 8 56 0.247089 2222222222222222222222222222222222222222222222222222222222222222
512 2 8 57 0.244364 2222000000000000000000000000000000000000000000000000000000000000
512 2 8 58 0.242863 2222222222222222222222222222222222222222222222222222220000000000
512 2 8 59 0.249350 2222222222222222222222222222222222222222222222222222222222222222
512 2 8 60 0.248899 2222000000000000000000000000000000000000000000000000000000000000
512 2 8 61 0.247727 2220000000000000000000000000000000000000000000000000000000000000
512 2 8 62 0.247477 0000000000000000000000000000000000000000000000000000000000000000
512 2 8 63 0.249488 0000000000000000000000000000000000000000000000000000000000000000
512 2 8 64 0.256686 2222222222222222222222222222222222222222222222222222222222222222
512 2 8 65 0.252703 2222222222222222222222222222222222222222222222222222222222222222
512 2 8 66 0.248073 2222222222222222222222222222222222222222222222222222222222222222
512 2 8 67 0.244934 2222222222222222222222222222200000000000000000000000000000000000
512 2 8 68 0.244633 2222222222200000000000000000000000000000000000000000000000000000
512 2 8 69 0.250983 2222222222222222220000000000000000000000000000000000000000000000
512 2 8 70 0.252153 2222222222222222222222222222222222222200000000000000000000000000
512 2 8 71 0.260076 0000000000000000000000000000000000000000000000000000000000000000
512 2 8 72 0.249935 2222222222222200000000000000000000000000000000000000000000000000
512 2 8 73 0.252765 0000000000000000000000000000000000000000000000000000000000000000
512 2 8 74 0.238774 2222222222222222222222222222222222222220000000000000000000000000
512 2 8 75 0.253567 2222222222222222222222222222222222222222222222222222222222222222
512 2 8 76 0.251208 2222222222222222222222222222222222222222222222222222222222222222
512 2 8 77 0.245851 0000000000000000000000000000000000000000000000000000000000000000
512 2 8 78 0.248202 2222220000000000000000000000000000000000000000000000000000000000
512 2 8 79 0.250872 2222222222222222200000000000000000000000000000000000000000000000
512 2 8 80 0.245021 2222222222222222222222222222222220000000000000000000000000000000
512 2 8 81 0.248274 0000000000000000000000000000000000000000000000000000000000000000
512 2 8 82 0.245436 2222222222222222222222222222222222222222222222222222222222222222
512 2 8 83 0.246729 2222222200000000000000000000000000000000000000000000000000000000
512 2 8 84 0.263327 2222222222222222222222222222222222222222000000000000000000000000
512 2 8 85 0.253983 0000000000000000000000000000000000000000000000000000000000000000
512 2 8 86 0.248564 2222222222222222222222222222222222222200000000000000000000000000
512 2 8 87 0.252560 2222222222222222222222222222222222222222222222222222222222222222
512 2 8 88 0.254855 2222222222222222222222222222222222222222222222222222222222222222
512 2 8 89 0.247507 2222222222222222222222000000000000000000000000000000000000000000
512 2 8 90 0.248485 2222222222222222222222222222222222222222222222222222222222222222
512 2 8 91 0.252289 2222222222222222222222222222222222222222222222222222222222222222
512 2 8 92 0.251242 2222222222222222222000000000000000000000000000000000000000000000
512 2 8 93 0.247298 2222220000000000000000000000000000000000000000000000000000000000
512 2 8 94 0.251124 0000000000000000000000000000000000000000000000000000000000000000
512 2 8 95 0.248311 0000000000000000000000000000000000000000000000000000000000000000
512 2 8 96 0.245756 2222222222222222220000000000000000000000000000000000000000000000
512 2 8 97 0.247217 2222222222222222222222222222200000000000000000000000000000000000
512 2 8 98 0.250690 0000000000000000000000000000000000000000000000000000000000000000
512 2 8 99 0.257603 2222222222222222222222222220000000000000000000000000000000000000
512 2 16 0 0.123250 22222222222222222222000000000000
512 2 16 1 0.126639 22222222222222222222222222222222
512 2 16 2 0.127163 22222222222222222222222222222222
512 2 16 3 0.127072 00000000000000000000000000000000
512 2 16 4 0.123553 22000000000000000000000000000000
512 2 16 5 0.126086 00000000000000000000000000000000
512 2 16 6 0.125035 22222222222220000000000000000000
512 2 16 7 0.125644 22222222000000000000000000000000
512 2 16 8 0.125872 00000000000000000000000000000000
512 2 16 9 0.130252 22222222222222222222222222222222
512 2 16 10 0.125713 22220000000000000000000000000000
512 2 16 11 0.127476 22222222222222222222222222222000
512 2 16 12 0.125780 00000000000000000000000000000000
512 2 16 13 0.127914 22222222220000000000000000000000
512 2 16 14 0.128975 22222222222200000000000000000000
512 2 16 15 0.122334 00000000000000000000000000000000
512 2 16 16 0.128916 22222222222222222222222222222222
512 2 16 17 0.127446 22222222200000000000000000000000
512 2 16 18 0.123085 22222220000000000000000000000000
512 2 16 19 0.121019 22222200000000000000000000000000
512 2 16 20 0.127542 22200000000000000000000000000000
512 2 16 21 0.124013 22222222222222222222222200000000
512 2 16 22 0.123418 22222222222222222000000000000000
512 2 16 23 0.124177 22000000000000000000000000000000
512 2 16 24 0.127638 00000000000000000000000000000000
512 2 16 25 0.123289 22222222222222222222222222222220
512 2 16 26 0.125029 22222222222222222222222222222222
512 2 16 27 0.128888 00000000000000000000000000000000
512 2 16 28 0.126640 22222220000000000000000000000000
512 2 16 29 0.127124 00000000000000000000000000000000
512 2 16 30 0.126467 22222222222000000000000000000000
512 2 16 31 0.125739 22222222222222222222222222000000
512 2 16 32 0.129911 22222222222222200000000000000000
512 2 16 33 0.122374 22222222222200000000000000000000
512 2 16 34 0.125153 00000000000000000000000000000000
512 2 16 35 0.128017 00000000000000000000000000000000
512 2 16 36 0.129856 00000000000000000000000000000000
512 2 16 37 0.126694 22222200000000000000000000000000
512 2 16 38 0.120253 00000000000000000000000000000000
512 2 16 39 0.128032 22222222222222222222222222222222
512 2 16 40 0.125180 22222222222222200000000000000000
512 2 16 41 0.126594 00000000000000000000000000000000
512 2 16 42 0.127902 00000000000000000000000000000000
512 2 16 43 0.126958 22222222222222222222222000000000
512 2 16 44 0.131687 00000000000000000000000000000000
512 2 16 45 0.127222 00000000000000000000000000000000
512 2 16 46 0.129855 22222222222222222222222222222222
512 2 16 47 0.124566 22222222222222000000000000000000
512 2 16 48 0.131651 22222222220000000000000000000000
512 2 16 49 0.122132 22222200000000000000000000000000
512 2 16 50 0.123805 22222222000000000000000000000000
512 2 16 51 0.124600 00000000000000000000000000000000
512 2 16 52 0.122959 22200000000000000000000000000000
512 2 16 53 0.125123 22222222222222222222222222222222
512 2 16 54 0.124812 22222222222222200000000000000000
512 2 16 55 0.123699 00000000000000000000000000000000
512 2 16 56 0.125523 22222222222222222222222222222222
512 2 16 57 0.123963 22000000000000000000000000000000
512 2 16 58 0.122945 22222222222222222222222222200000
512 2 16 59 0.126265 22222222222222222222222222222222
512 2 16 60 0.125756 22000000000000000000000000000000
512 2 16 61 0.125175 20000000000000000000000000000000
512 2 16 62 0.124946 00000000000000000000000000000000
512 2 16 63 0.126567 00000000000000000000000000000000
512 2 16 64 0.130059 22222222222222222222222222222222
512 2 16 65 0.128574 22222222222222222222222222222222
512 2 16 66 0.125985 22222222222222222222222222222222
512 2 16 67 0.124202 22222222222222000000000000000000
512 2 16 68 0.124106 22222000000000000000000000000000
512 2 16 69 0.127002 22222222200000000000000000000000
512 2 16 70 0.127985 22222222222222222220000000000000
512 2 16 71 0.129070 00000000000000000000000000000000
512 2 16 72 0.126469 22222220000000000000000000000000
512 2 16 73 0.127870 00000000000000000000000000000000
512 2 16 74 0.120826 22222222222222222220000000000000
512 2 16 75 0.128573 22222222222222222222222222222222
512 2 16 76 0.127682 22222222222222222222222222222222
512 2 16 77 0.124382 00000000000000000000000000000000
512 2 16 78 0.128051 22200000000000000000000000000000
512 2 16 79 0.126896 22222222000000000000000000000000
512 2 16 80 0.124496 22222222222222220000000000000000
512 2 16 81 0.125401 00000000000000000000000000000000
512 2 16 82 0.124571 22222222222222222222222222222222
512 2 16 83 0.124648 22220000000000000000000000000000
512 2 16 84 0.133767 22222222222222222222000000000000
512 2 16 85 0.131287 00000000000000000000000000000000
512 2 16 86 0.125948 22222222222222222220000000000000
512 2 16 87 0.127882 22222222222222222222222222222222
512 2 16 88 0.129220 22222222222222222222222222222222
512 2 16 89 0.125421 22222222222000000000000000000000
512 2 16 90 0.126619 22222222222222222222222222222222
512 2 16 91 0.128064 22222222222222222222222222222222
512 2 16 92 0.127774 22222222200000000000000000000000
512 2 16 93 0.126055 22200000000000000000000000000000
512 2 16 94 0.127479 00000000000000000000000000000000
512 2 16 95 0.126441 00000000000000000000000000000000
512 2 16 96 0.124446 22222222200000000000000000000000
512 2 16 97 0.125232 22222222222222000000000000000000
512 2 16 98 0.127083 00000000000000000000000000000000
512 2 16 99 0.131037 22222222222220000000000000000000
512 2 32 0 0.063485 2222222222000000
512 2 32 1 0.065574 2222222222222222
512 2 32 2 0.065255 2222222222222222
512 2 32 3 0.065398 0000000000000000
512 2 32 4 0.063585 2000000000000000
512 2 32 5 0.064815 0000000000000000
512 2 32 6 0.064862 2222220000000000
512 2 32 7 0.066307 2222000000000000
512 2 32 8 0.064795 0000000000000000
512 2 32 9 0.066534 2222222222222222
512 2 32 10 0.064588 2200000000000000
512 2 32 11 0.065749 2222222222222200
512 2 32 12 0.064910 0000000000000000
512 2 32 13 0.065909 2222200000000000
512 2 32 14 0.066355 2222220000000000
512 2 32 15 0.062928 0000000000000000
512 2 32 16 0.066546 2222222222222222
512 2 32 17 0.065361 2222000000000000
512 2 32 18 0.063382 2220000000000000
512 2 32 19 0.062481 2220000000000000
512 2 32 20 0.065731 2000000000000000
512 2 32 21 0.064670 2222222222220000
512 2 32 22 0.063701 2222222200000000
512 2 32 23 0.063991 2000000000000000
512 2 32 24 0.066046 0000000000000000
512 2 32 25 0.063238 2222222222222220
512 2 32 26 0.064665 2222222222222222
512 2 32 27 0.066492 0000000000000000
512 2 32 28 0.065052 2220000000000000
512 2 32 29 0.065134 0000000000000000
512 2 32 30 0.064245 2222200000000000
512 2 32 31 0.064749 2222222222222000
512 2 32 32 0.066812 2222222000000000
512 2 32 33 0.063401 2222220000000000
512 2 32 34 0.064617 0000000000000000
512 2 32 35 0.065992 0000000000000000
512 2 32 36 0.067041 0000000000000000
512 2 32 37 0.065178 2220000000000000
512 2 32 38 0.061916 0000000000000000
512 2 32 39 0.067502 2222222222222222
512 2 32 40 0.064335 2222222000000000
512 2 32 41 0.065200 0000000000000000
512 2 32 42 0.065839 0000000000000000
512 2 32 43 0.065479 2222222222200000
512 2 32 44 0.068201 0000000000000000
512 2 32 45 0.065512 0000000000000000
512 2 32 46 0.066924 2222222222222222
512 2 32 47 0.064201 2222222000000000
512 2 32 48 0.067927 2222200000000000
512 2 32 49 0.062981 2220000000000000
512 2 32 50 0.063722 2222000000000000
512 2 32 51 0.064245 0000000000000000
512 2 32 52 0.063359 2000000000000000
512 2 32 53 0.064693 2222222222222222
512 2 32 54 0.064367 2222222000000000
512 2 32 55 0.063856 0000000000000000
512 2 32 56 0.064621 2222222222222222
512 2 32 57 0.063954 2000000000000000
512 2 32 58 0.063496 2222222222222000
512 2 32 59 0.065151 2222222222222222
512 2 32 60 0.065006 2000000000000000
512 2 32 61 0.064702 0000000000000000
512 2 32 62 0.064571 0000000000000000
512 2 32 63 0.064973 0000000000000000
512 2 32 64 0.067096 2222222222222222
512 2 32 65 0.066463 2222222222222222
512 2 32 66 0.064988 2222222222222222
512 2 32 67 0.064375 2222222000000000
512 2 32 68 0.063950 2200000000000000
512 2 32 69 0.065362 2222000000000000
512 2 32 70 0.066250 2222222220000000
512 2 32 71 0.066702 0000000000000000
512 2 32 72 0.065265 2220000000000000
512 2 32 73 0.065993 0000000000000000
512 2 32 74 0.062471 2222222220000000
512 2 32 75 0.066229 2222222222222222
512 2 32 76 0.065619 2222222222222222
512 2 32 77 0.064846 0000000000000000
512 2 32 78 0.064950 2000000000000000
512 2 32 79 0.065159 2222000000000000
512 2 32 80 0.064450 2222222200000000
512 2 32 81 0.064867 0000000000000000
512 2 32 82 0.064387 2222222222222222
512 2 32 83 0.064440 2200000000000000
512 2 32 84 0.068756 2222222222000000
512 2 32 85 0.066587 0000000000000000
512 2 32 86 0.065138 2222222220000000
512 2 32 87 0.066243 2222222222222222
512 2 32 88 0.066289 2222222222222222
512 2 32 89 0.065285 2222200000000000
512 2 32 90 0.064897 2222222222222222
512 2 32 91 0.065954 2222222222222222
512 2 32 92 0.065613 2222000000000000
512 2 32 93 0.064718 2000000000000000
512 2 32 94 0.065791 0000000000000000
512 2 32 95 0.065115 0000000000000000
512 2 32 96 0.064254 2222000000000000
512 2 32 97 0.064630 2222222000000000
512 2 32 98 0.065379 0000000000000000
512 2 32 99 0.067758 2222220000000000
512 4 8 0 0.401491 2222222222222222222222222222222222222222222222222222222222222222
512 4 8 1 0.416308 2222222222222222222222222222222222222222222222222222222222222222
512 4 8 2 0.407207 2222222222222222222222222222222222222222222222222222222222222222
512 4 8 3 0.417533 0000000000000000000000000000000000000000000000000000000000000000
512 4 8 4 0.382934 2222222222222222222222222222222222222222222222222222222222222222
512 4 8 5 0.408716 0000000000000000000000000000000000000000000000000000000000000000
512 4 8 6 0.407590 2222222222222222222222222222222222222222222222222222222222222222
512 4 8 7 0.406498 2222222222222222222222222222222222222222222222222222222222222222
512 4 8 8 0.404470 0000000000000000000000000000000000000000000000000000000000000000
512 4 8 9 0.432511 2222222222222222222222222222222222222222222222222222222222222222
512 4 8 10 0.411137 2222222222222222222222222222222222222222222222222222222222222222
512 4 8 11 0.417831 2222222222222222222222222222222222222222222222222222222222222222
512 4 8 12 0.401700 0000000000000000000000000000000000000000000000000000000000000000
512 4 8 13 0.418332 2222222222222222222222222222222222222222222222222222222222222222
512 4 8 14 0.428489 2222222222222222222222222222222222222222222222222222222222222222
512 4 8 15 0.387948 0000000000000000000000000000000000000000000000000000000000000000
512 4 8 16 0.422570 2222222222222222222222222222222222222222222222222222222222222222
512 4 8 17 0.413386 2222222222222222222222222222222222222222222222222222222222222222
512 4 8 18 0.415891 2222222222222222222222222222222222222222222222222222222222222222
512 4 8 19 0.384146 2222222222222222222222222222222222222222222222222222222222222222
512 4 8 20 0.405352 2222222222222222222222222222222222222222222222222222222222222222
512 4 8 21 0.394063 2222222222222222222222222222222222222222222222222222222222222222
512 4 8 22 0.394940 2222222222222222222222222222222222222222222222222222222222222222
512 4 8 23 0.384780 2222222222222222222222222222222222222222222222222222222222222222
512 4 8 24 0.422697 0000000000000000000000000000000000000000000000000000000000000000
512 4 8 25 0.392995 2222222222222222222222222222222222222222222222222222222222222222
512 4 8 26 0.402052 2222222222222222222222222222222222222222222222222222222222222222
512 4 8 27 0.420943 0000000000000000000000000000000000000000000000000000000000000000
512 4 8 28 0.403649 2222222222222222222222222222222222222222222222222222222222222222
512 4 8 29 0.404014 0000000000000000000000000000000000000000000000000000000000000000
512 4 8 30 0.396243 2222222222222222222222222222222222222222222222222222222222222222
512 4 8 31 0.403029 2222222222222222222222222222222222222222222222222222222222222222
512 4 8 32 0.425510 2222222222222222222222222222222222222222222222222222222222222222
512 4 8 33 0.395169 2222222222222222222222222222222222222222222222222222222222222222
512 4 8 34 0.410214 0000000000000000000000000000000000000000000000000000000000000000
512 4 8 35 0.416355 0000000000000000000000000000000000000000000000000000000000000000
512 4 8 36 0.425342 0000000000000000000000000000000000000000000000000000000000000000
512 4 8 37 0.407087 2222222222222222222222222222222222222222222222222222222222222222
512 4 8 38 0.376076 2222222222222222222222222222222222222222222222222222222222222222
512 4 8 39 0.422116 2222222222222222222222222222222222222222222222222222222222222222
512 4 8 40 0.401170 2222222222222222222222222222222222222222222222222222222222222222
512 4 8 41 0.404752 0000000000000000000000000000000000000000000000000000000000000000
512 4 8 42 0.421429 0000000000000000000000000000000000000000000000000000000000000000
512 4 8 43 0.414139 2222222222222222222222222222222222222222222222222222222222222222
512 4 8 44 0.450472 0000000000000000000000000000000000000000000000000000000000000000
512 4 8 45 0.416364 0000000000000000000000000000000000000000000000000000000000000000
512 4 8 46 0.430580 2222222222222222222222222222222222222222222222222222222222222222
512 4 8 47 0.396372 2222222222222222222222222222222222222222222222222222222222222222
512 4 8 48 0.440769 2222222222222222222222222222222222222222222222222222222222222222
512 4 8 49 0.386222 1222222222222222222222222222222222222222222222222222222222222222
512 4 8 50 0.388017 2222222222222222222222222222222222222222222222222222222222222222
512 4 8 51 0.400904 0000000000000000000000000000000000000000000000000000000000000000
512 4 8 52 0.392169 2222222222222222222222222222222222222222222222222222222222222222
512 4 8 53 0.404374 2222222222222222222222222222222222222222222222222222222222222222
512 4 8 54 0.413913 2222222222222222222222222222222222222222222222222222222222222222
512 4 8 55 0.396134 0000000000000000000000000000000000000000000000000000000000000000
512 4 8 56 0.398962 2222222222222222222222222222222222222222222222222222222222222222
512 4 8 57 0.392652 2222222222222222222222222222222222222222222222222222222222222222
512 4 8 58 0.393216 2222222222222222222222222222222222222222222222222222222222222222
512 4 8 59 0.408345 2222222222222222222222222222222222222222222222222222222222222222
512 4 8 60 0.409607 2222222222222222222222222222222222222222222222222222222222222222
512 4 8 61 0.395438 2222222222222222222222222222222222222222222222222222222222222222
512 4 8 62 0.410295 0000000000000000000000000000000000000000000000000000000000000000
512 4 8 63 0.404849 0000000000000000000000000000000000000000000000000000000000000000
512 4 8 64 0.431374 2222222222222222222222222222222222222222222222222222222222222222
512 4 8 65 0.418772 2222222222222222222222222222222222222222222222222222222222222222
512 4 8 66 0.405017 2222222222222222222222222222222222222222222222222222222222222222
512 4 8 67 0.405459 2222222222222222222222222222222222222222222222222222222222222222
512 4 8 68 0.388889 2222222222222222222222222222222222222222222222222222222222222222
512 4 8 69 0.418751 2222222222222222222222222222222222222222222222222222222222222222
512 4 8 70 0.419574 2222222222222222222222222222222222222222222222222222222222222222
512 4 8 71 0.422780 0000000000000000000000000000000000000000000000000000000000000000
512 4 8 72 0.405376 2222222222222222222222222222222222222222222222222222222222222222
512 4 8 73 0.416926 0000000000000000000000000000000000000000000000000000000000000000
512 4 8 74 0.377552 2222222222222222222222222222222222222222222222222222222222222222
512 4 8 75 0.422332 2222222222222222222222222222222222222222222222222222222222222222
512 4 8 76 0.419501 2222222222222222222222222222222222222222222222222222222222222222
512 4 8 77 0.405128 0000000000000000000000000000000000000000000000000000000000000000
512 4 8 78 0.413722 2222222222222222222222222222222222222222222222222222222222222222
512 4 8 79 0.426125 2222222222222222222222222222222222222222222222222222222222222222
512 4 8 80 0.392935 2222222222222222222222222222222222222222222222222222222222222222
512 4 8 81 0.409476 0000000000000000000000000000000000000000000000000000000000000000
512 4 8 82 0.392650 2222222222222222222222222222222222222222222222222222222222222222
512 4 8 83 0.397618 2222222222222222222222222222222222222222222222222222222222222222
512 4 8 84 0.444202 2222222222222222222222222222222222222222222222222222222222222222
512 4 8 85 0.418682 0000000000000000000000000000000000000000000000000000000000000000
512 4 8 86 0.407246 2222222222222222222222222222222222222222222222222222222222222222
512 4 8 87 0.419803 2222222222222222222222222222222222222222222222222222222222222222
512 4 8 88 0.421149 2222222222222222222222222222222222222222222222222222222222222222
512 4 8 89 0.397632 2222222222222222222222222222222222222222222222222222222222222222
512 4 8 90 0.412359 2222222222222222222222222222222222222222222222222222222222222222
512 4 8 91 0.426094 2222222222222222222222222222222222222222222222222222222222222222
512 4 8 92 0.419807 2222222222222222222222222222222222222222222222222222222222222222
512 4 8 93 0.406885 2222222222222222222222222222222222222222222222222222222222222222
512 4 8 94 0.418443 0000000000000000000000000000000000000000000000000000000000000000
512 4 8 95 0.407269 0000000000000000000000000000000000000000000000000000000000000000
512 4 8 96 0.395635 2222222222222222222222222222222222222222222222222222222222222222
512 4 8 97 0.405809 2222222222222222222222222222222222222222222222222222222222222222
512 4 8 98 0.409535 0000000000000000000000000000000000000000000000000000000000000000
512 4 8 99 0.435742 2222222222222222222222222222222222222222222222222222222222222222
512 4 16 0 0.205610 22222222222222222222222222222222
512 4 16 1 0.210528 22222222222222222222222222222222
512 4 16 2 0.207146 22222222222222222222222222222222
512 4 16 3 0.208901 00000000000000000000000000000000
512 4 16 4 0.194519 22222222222222222222222222222222
512 4 16 5 0.206556 00000000000000000000000000000000
512 4 16 6 0.207473 22222222222222222222222222222222
512 4 16 7 0.206252 22222222222222222222222222222222
512 4 16 8 0.203131 00000000000000000000000000000000
512 4 16 9 0.221968 22222222222222222222222222222222
512 4 16 10 0.209279 22222222222222222222222222222222
512 4 16 11 0.211148 22222222222222222222222222222222
512 4 16 12 0.204340 00000000000000000000000000000000
512 4 16 13 0.212487 22222222222222222222222222222222
512 4 16 14 0.213845 22222222222222222222222222222222
512 4 16 15 0.193702 00000000000000000000000000000000
512 4 16 16 0.215463 22222222222222222222222222222222
512 4 16 17 0.209547 22222222222222222222222222222222
512 4 16 18 0.197934 22222222222222222222222222222222
512 4 16 19 0.193508 22222222222222222222222222222222
512 4 16 20 0.204212 22222222222222222222222222222222
512 4 16 21 0.201934 22222222222222222222222222222222
512 4 16 22 0.200616 22222222222222222222222222222222
512 4 16 23 0.195575 22222222222222222222222222222222
512 4 16 24 0.213761 00000000000000000000000000000000
512 4 16 25 0.197892 22222222222222222222222222222222
512 4 16 26 0.209599 22222222222222222222222222222222
512 4 16 27 0.217264 00000000000000000000000000000000
512 4 16 28 0.204203 22222222222222222222222222222222
512 4 16 29 0.205191 00000000000000000000000000000000
512 4 16 30 0.200361 22222222222222222222222222222222
512 4 16 31 0.208072 22222222222222222222222222222222
512 4 16 32 0.217425 22222222222222222222222222222222
512 4 16 33 0.198617 22222222222222222222222222222222
512 4 16 34 0.204347 00000000000000000000000000000000
512 4 16 35 0.211575 00000000000000000000000000000000
512 4 16 36 0.216464 00000000000000000000000000000000
512 4 16 37 0.206326 22222222222222222222222222222222
512 4 16 38 0.190913 22222222222222222222222222222222
512 4 16 39 0.216941 22222222222222222222222222222222
512 4 16 40 0.205111 22222222222222222222222222222222
512 4 16 41 0.205627 00000000000000000000000000000000
512 4 16 42 0.214146 00000000000000000000000000000000
512 4 16 43 0.210905 22222222222222222222222222222222
512 4 16 44 0.227758 00000000000000000000000000000000
512 4 16 45 0.207946 00000000000000000000000000000000
512 4 16 46 0.221095 22222222222222222222222222222222
512 4 16 47 0.203321 22222222222222222222222222222222
512 4 16 48 0.225759 22222222222222222222222222222222
512 4 16 49 0.196278 22222222222222222222222222222222
512 4 16 50 0.196583 22222222222222222222222222222222
512 4 16 51 0.207210 00000000000000000000000000000000
512 4 16 52 0.199017 22222222222222222222222222222222
512 4 16 53 0.202282 22222222222222222222222222222222
512 4 16 54 0.201932 22222222222222222222222222222222
512 4 16 55 0.202109 00000000000000000000000000000000
512 4 16 56 0.202171 22222222222222222222222222222222
512 4 16 57 0.198615 22222222222222222222222222222222
512 4 16 58 0.198617 22222222222222222222222222222222
512 4 16 59 0.205998 22222222222222222222222222222222
512 4 16 60 0.208136 22222222222222222222222222222222
512 4 16 61 0.200486 22222222222222222222222222222222
512 4 16 62 0.206741 00000000000000000000000000000000
512 4 16 63 0.208229 00000000000000000000000000000000
512 4 16 64 0.217302 22222222222222222222222222222222
512 4 16 65 0.213422 22222222222222222222222222222222
512 4 16 66 0.206610 22222222222222222222222222222222
512 4 16 67 0.204614 22222222222222222222222222222222
512 4 16 68 0.198400 22222222222222222222222222222222
512 4 16 69 0.211462 22222222222222222222222222222222
512 4 16 70 0.214137 22222222222222222222222222222222
512 4 16 71 0.215530 00000000000000000000000000000000
512 4 16 72 0.201994 22222222222222222222222222222222
512 4 16 73 0.213439 00000000000000000000000000000000
512 4 16 74 0.192761 22222222222222222222222222222222
512 4 16 75 0.215548 22222222222222222222222222222222
512 4 16 76 0.211727 22222222222222222222222222222222
512 4 16 77 0.203703 00000000000000000000000000000000
512 4 16 78 0.210956 22222222222222222222222222222222
512 4 16 79 0.211201 22222222222222222222222222222222
512 4 16 80 0.200322 22222222222222222222222222222222
512 4 16 81 0.209311 00000000000000000000000000000000
512 4 16 82 0.200322 22222222222222222222222222222222
512 4 16 83 0.202398 22222222222222222222222222222222
512 4 16 84 0.227231 22222222222222222222222222222222
512 4 16 85 0.213067 00000000000000000000000000000000
512 4 16 86 0.210482 22222222222222222222222222222222
512 4 16 87 0.213271 22222222222222222222222222222222
512 4 16 88 0.215398 22222222222222222222222222222222
512 4 16 89 0.206037 22222222222222222222222222222222
512 4 16 90 0.211943 22222222222222222222222222222222
512 4 16 91 0.220126 22222222222222222222222222222222
512 4 16 92 0.212922 22222222222222222222222222222222
512 4 16 93 0.207047 22222222222222222222222222222222
512 4 16 94 0.212997 00000000000000000000000000000000
512 4 16 95 0.205879 00000000000000000000000000000000
512 4 16 96 0.200995 22222222222222222222222222222222
512 4 16 97 0.205736 22222222222222222222222222222222
512 4 16 98 0.207764 00000000000000000000000000000000
512 4 16 99 0.220973 22222222222222222222222222222222
512 4 32 0 0.105558 2222222222222222
512 4 32 1 0.108017 2222222222222222
512 4 32 2 0.107809 2222222222222222
512 4 32 3 0.107591 0000000000000000
512 4 32 4 0.101008 2222222222222222
512 4 32 5 0.107104 0000000000000000
512 4 32 6 0.105731 2222222222222222
512 4 32 7 0.105788 2222222222222222
512 4 32 8 0.105288 0000000000000000
512 4 32 9 0.113814 2222222222222222
512 4 32 10 0.107690 2222222222222222
512 4 32 11 0.108385 2222222222222222
512 4 32 12 0.105051 0000000000000000
512 4 32 13 0.109847 2222222222222222
512 4 32 14 0.110855 2222222222222222
512 4 32 15 0.099639 0000000000000000
512 4 32 16 0.111291 2222222222222222
512 4 32 17 0.107705 2222222222222222
512 4 32 18 0.102684 2222222222222222
512 4 32 19 0.099645 2222222222222222
512 4 32 20 0.106086 2222222222222222
512 4 32 21 0.103893 2222222222222222
512 4 32 22 0.103613 2222222222222222
512 4 32 23 0.101084 2222222222222222
512 4 32 24 0.110105 0000000000000000
512 4 32 25 0.102124 2222222222222222
512 4 32 26 0.108593 2222222222222222
512 4 32 27 0.109582 0000000000000000
512 4 32 28 0.105312 2222222222222222
512 4 32 29 0.107300 0000000000000000
512 4 32 30 0.104485 2222222222222222
512 4 32 31 0.105828 2222222222222222
512 4 32 32 0.111495 2222222222222222
512 4 32 33 0.103144 2222222222222222
512 4 32 34 0.105940 0000000000000000
512 4 32 35 0.109073 0000000000000000
512 4 32 36 0.111464 0000000000000000
512 4 32 37 0.107323 2222222222222222
512 4 32 38 0.098113 2222222222222222
512 4 32 39 0.111522 2222222222222222
512 4 32 40 0.105506 2222222222222222
512 4 32 41 0.105516 0000000000000000
512 4 32 42 0.109179 0000000000000000
512 4 32 43 0.108710 2222222222222222
512 4 32 44 0.115310 0000000000000000
512 4 32 45 0.107127 0000000000000000
512 4 32 46 0.114821 2222222222222222
512 4 32 47 0.103567 2222222222222222
512 4 32 48 0.114762 2222222222222222
512 4 32 49 0.102193 2222222222222222
512 4 32 50 0.101673 2222222222222222
512 4 32 51 0.104105 0000000000000000
512 4 32 52 0.102722 2222222222222222
512 4 32 53 0.105078 2222222222222222
512 4 32 54 0.103616 2222222222222222
512 4 32 55 0.104183 0000000000000000
512 4 32 56 0.105360 2222222222222222
512 4 32 57 0.102651 2222222222222222
512 4 32 58 0.103081 2222222222222222
512 4 32 59 0.106170 2222222222222222
512 4 32 60 0.106991 2222222222222222
512 4 32 61 0.103615 2222222222222222
512 4 32 62 0.106141 0000000000000000
512 4 32 63 0.105765 0000000000000000
512 4 32 64 0.113048 2222222222222222
512 4 32 65 0.110062 2222222222222222
512 4 32 66 0.106155 2222222222222222
512 4 32 67 0.105408 2222222222222222
512 4 32 68 0.101815 2222222222222222
512 4 32 69 0.109718 2222222222222222
512 4 32 70 0.110697 2222222222222222
512 4 32 71 0.111263 0000000000000000
512 4 32 72 0.104302 2222222222222222
512 4 32 73 0.109478 0000000000000000
512 4 32 74 0.098828 2222222222222222
512 4 32 75 0.110857 2222222222222222
512 4 32 76 0.109051 2222222222222222
512 4 32 77 0.104842 0000000000000000
512 4 32 78 0.108594 2222222222222222
512 4 32 79 0.112255 2222222222222222
512 4 32 80 0.103801 2222222222222222
512 4 32 81 0.106345 0000000000000000
512 4 32 82 0.104062 2222222222222222
512 4 32 83 0.103814 2222222222222222
512 4 32 84 0.118267 2222222222222222
512 4 32 85 0.110539 0000000000000000
512 4 32 86 0.106717 2222222222222222
512 4 32 87 0.110852 2222222222222222
512 4 32 88 0.110763 2222222222222222
512 4 32 89 0.104642 2222222222222222
512 4 32 90 0.107303 2222222222222222
512 4 32 91 0.112534 2222222222222222
512 4 32 92 0.109433 2222222222222222
512 4 32 93 0.107222 2222222222222222
512 4 32 94 0.109180 0000000000000000
512 4 32 95 0.105513 0000000000000000
512 4 32 96 0.103202 2222222222222222
512 4 32 97 0.106389 2222222222222222
512 4 32 98 0.107374 0000000000000000
512 4 32 99 0.113513 2222222222222222
512 8 16 0 0.453926 22222222222222222222222222222222
512 8 16 1 0.480527 22222222222222222222222222222222
512 8 16 2 0.479002 22222222222222222222222222222222
512 8 16 3 0.468752 00000000000000000000000000000000
512 8 16 4 0.453748 22222222222222222222222222222222
512 8 16 5 0.464215 00000000000000000000000000000000
512 8 16 6 0.476137 22222222222222222222222222222222
512 8 16 7 0.449883 22222222222222222222222222222222
512 8 16 8 0.453731 00000000000000000000000000000000
512 8 16 9 0.521413 22222222222222222222222222222222
512 8 16 10 0.480789 22222222222222222222222222222222
512 8 16 11 0.455560 22222222222222222222222222222222
512 8 16 12 0.456842 00000000000000000000000000000000
512 8 16 13 0.498586 22222222222222222222222222222222
512 8 16 14 0.506990 22222222222222222222222222222222
512 8 16 15 0.442124 00000000000000000000000000000000
512 8 16 16 0.498237 22222222222222222222222222222222
512 8 16 17 0.465605 22222222222222222222222222222222
512 8 16 18 0.428100 22222222222222222222222222222222
512 8 16 19 0.420590 22222222222222222222222222222222
512 8 16 20 0.455937 22222222222222222222222222222222
512 8 16 21 0.438533 22222222222222222222222222222222
512 8 16 22 0.462294 22222222222222222222222222222222
512 8 16 23 0.428791 22222222222222222222222222222222
512 8 16 24 0.487302 00000000000000000000000000000000
512 8 16 25 0.433156 22222222222222222222222222222222
512 8 16 26 0.450424 22222222222222222222222222222222
512 8 16 27 0.478917 00000000000000000000000000000000
512 8 16 28 0.460194 22222222222222222222222222222222
512 8 16 29 0.453893 00000000000000000000000000000000
512 8 16 30 0.468767 22222222222222222222222222222222
512 8 16 31 0.453499 22222222222222222222222222222222
512 8 16 32 0.505028 22222222222222222222222222222222
512 8 16 33 0.426318 22222222222222222222222222222222
512 8 16 34 0.454393 00000000000000000000000000000000
512 8 16 35 0.482037 00000000000000000000000000000000
512 8 16 36 0.501019 00000000000000000000000000000000
512 8 16 37 0.468033 22222222222222222222222222222222
512 8 16 38 0.392654 22222222222222222222222222222222
512 8 16 39 0.483056 22222222222222222222222222222222
512 8 16 40 0.471879 22222222222222222222222222222222
512 8 16 41 0.466422 00000000000000000000000000000000
512 8 16 42 0.488099 00000000000000000000000000000000
512 8 16 43 0.489476 22222222222222222222222222222222
512 8 16 44 0.525135 00000000000000000000000000000000
512 8 16 45 0.501869 00000000000000000000000000000000
512 8 16 46 0.508873 22222222222222222222222222222222
512 8 16 47 0.440533 22222222222222222222222222222222
512 8 16 48 0.539997 22222222222222222222222222222222
512 8 16 49 0.428544 22222222222222222222222222222222
512 8 16 50 0.441322 22222222222222222222222222222222
512 8 16 51 0.461701 00000000000000000000000000000000
512 8 16 52 0.449894 22222222222222222222222222222222
512 8 16 53 0.446189 22222222222222222222222222222222
512 8 16 54 0.429990 22222222222222222222222222222222
512 8 16 55 0.453401 00000000000000000000000000000000
512 8 16 56 0.448772 22222222222222222222222222222222
512 8 16 57 0.432105 22222222222222222222222222222222
512 8 16 58 0.441310 22222222222222222222222222222222
512 8 16 59 0.477533 22222222222222222222222222222222
512 8 16 60 0.466594 22222222222222222222222222222222
512 8 16 61 0.436636 22222222222222222222222222222222
512 8 16 62 0.474995 00000000000000000000000000000000
512 8 16 63 0.482914 00000000000000000000000000000000
512 8 16 64 0.512276 22222222222222222222222222222222
512 8 16 65 0.494836 22222222222222222222222222222222
512 8 16 66 0.468605 22222222222222222222222222222222
512 8 16 67 0.483331 22222222222222222222222222222222
512 8 16 68 0.422640 22222222222222222222222222222222
512 8 16 69 0.490815 22222222222222222222222222222222
512 8 16 70 0.487589 22222222222222222222222222222222
512 8 16 71 0.505430 00000000000000000000000000000000
512 8 16 72 0.447649 22222222222222222222222222222222
512 8 16 73 0.486449 00000000000000000000000000000000
512 8 16 74 0.419408 22222222222222222222222222222222
512 8 16 75 0.473288 22222222222222222222222222222222
512 8 16 76 0.498567 22222222222222222222222222222222
512 8 16 77 0.458802 00000000000000000000000000000000
512 8 16 78 0.474237 22222222222222222222222222222222
512 8 16 79 0.486613 22222222222222222222222222222222
512 8 16 80 0.450313 22222222222222222222222222222222
512 8 16 81 0.452429 00000000000000000000000000000000
512 8 16 82 0.468790 22222222222222222222222222222222
512 8 16 83 0.448705 22222222222222222222222222222222
512 8 16 84 0.528553 22222222222222222222222222222222
512 8 16 85 0.484050 00000000000000000000000000000000
512 8 16 86 0.474321 22222222222222222222222222222222
512 8 16 87 0.476279 22222222222222222222222222222222
512 8 16 88 0.486511 22222222222222222222222222222222
512 8 16 89 0.449532 22222222222222222222222222222222
512 8 16 90 0.460488 22222222222222222222222222222222
512 8 16 91 0.506061 22222222222222222222222222222222
512 8 16 92 0.482137 22222222222222222222222222222222
512 8 16 93 0.464882 22222222222222222222222222222222
512 8 16 94 0.494766 00000000000000000000000000000000
512 8 16 95 0.480953 00000000000000000000000000000000
512 8 16 96 0.439228 22222222222222222222222222222222
512 8 16 97 0.454360 22222222222222222222222222222222
512 8 16 98 0.463450 00000000000000000000000000000000
512 8 16 99 0.540137 22222222222222222222222222222222
512 8 32 0 0.235025 2222222222222222
512 8 32 1 0.251454 2222222222222222
512 8 32 2 0.246043 2222222222222222
512 8 32 3 0.242680 0000000000000000
512 8 32 4 0.224099 2222222222222222
512 8 32 5 0.237301 0000000000000000
512 8 32 6 0.249202 2222222222222222
512 8 32 7 0.241038 2222222222222222
512 8 32 8 0.233967 0000000000000000
512 8 32 9 0.263783 2222222222222222
512 8 32 10 0.252876 2222222222222222
512 8 32 11 0.238779 2222222222222222
512 8 32 12 0.231369 0000000000000000
512 8 32 13 0.244825 2222222222222222
512 8 32 14 0.252340 2222222222222222
512 8 32 15 0.219282 0000000000000000
512 8 32 16 0.253387 2222222222222222
512 8 32 17 0.241049 2222222222222222
512 8 32 18 0.221910 2222222222222222
512 8 32 19 0.218680 2222222222222222
512 8 32 20 0.234311 2222222222222222
512 8 32 21 0.225868 2222222222222222
512 8 32 22 0.232767 2222222222222222
512 8 32 23 0.223798 2222222222222222
512 8 32 24 0.248399 0000000000000000
512 8 32 25 0.225882 2222222222222222
512 8 32 26 0.230640 2222222222222222
512 8 32 27 0.251454 0000000000000000
512 8 32 28 0.234958 2222222222222222
512 8 32 29 0.236296 0000000000000000
512 8 32 30 0.240649 2222222222222222
512 8 32 31 0.236388 2222222222222222
512 8 32 32 0.263228 2222222222222222
512 8 32 33 0.224887 2222222222222222
512 8 32 34 0.234662 0000000000000000
512 8 32 35 0.241736 0000000000000000
512 8 32 36 0.257443 0000000000000000
512 8 32 37 0.246784 2222222222222222
512 8 32 38 0.202595 2222222222222222
512 8 32 39 0.254034 2222222222222222
512 8 32 40 0.235133 2222222222222222
512 8 32 41 0.235686 0000000000000000
512 8 32 42 0.251723 0000000000000000
512 8 32 43 0.245990 2222222222222222
512 8 32 44 0.270604 0000000000000000
512 8 32 45 0.243981 0000000000000000
512 8 32 46 0.261074 2222222222222222
512 8 32 47 0.218248 2222222222222222
512 8 32 48 0.266405 2222222222222222
512 8 32 49 0.222337 2222222222222222
512 8 32 50 0.222795 2222222222222222
512 8 32 51 0.241798 0000000000000000
512 8 32 52 0.229611 2222222222222222
512 8 32 53 0.230105 2222222222222222
512 8 32 54 0.227524 2222222222222222
512 8 32 55 0.223313 0000000000000000
512 8 32 56 0.231866 2222222222222222
512 8 32 57 0.233016 2222222222222222
512 8 32 58 0.229810 2222222222222222
512 8 32 59 0.251180 2222222222222222
512 8 32 60 0.236627 2222222222222222
512 8 32 61 0.233182 2222222222222222
512 8 32 62 0.241618 0000000000000000
512 8 32 63 0.238413 0000000000000000
512 8 32 64 0.257765 2222222222222222
512 8 32 65 0.242734 2222222222222222
512 8 32 66 0.231975 2222222222222222
512 8 32 67 0.233313 2222222222222222
512 8 32 68 0.219111 2222222222222222
512 8 32 69 0.252259 2222222222222222
512 8 32 70 0.255312 2222222222222222
512 8 32 71 0.260256 0000000000000000
512 8 32 72 0.232599 2222222222222222
512 8 32 73 0.244527 0000000000000000
512 8 32 74 0.216092 2222222222222222
512 8 32 75 0.245633 2222222222222222
512 8 32 76 0.245850 2222222222222222
512 8 32 77 0.241950 0000000000000000
512 8 32 78 0.243952 2222222222222222
512 8 32 79 0.243726 2222222222222222
512 8 32 80 0.229262 2222222222222222
512 8 32 81 0.233213 0000000000000000
512 8 32 82 0.236788 2222222222222222
512 8 32 83 0.231157 2222222222222222
512 8 32 84 0.266011 2222222222222222
512 8 32 85 0.245565 0000000000000000
512 8 32 86 0.239177 2222222222222222
512 8 32 87 0.249531 2222222222222222
512 8 32 88 0.253252 2222222222222222
512 8 32 89 0.234467 2222222222222222
512 8 32 90 0.238228 2222222222222222
512 8 32 91 0.261476 2222222222222222
512 8 32 92 0.247648 2222222222222222
512 8 32 93 0.242311 2222222222222222
512 8 32 94 0.244869 0000000000000000
512 8 32 95 0.240766 0000000000000000
512 8 32 96 0.229698 2222222222222222
512 8 32 97 0.236165 2222222222222222
512 8 32 98 0.239215 0000000000000000
512 8 32 99 0.262268 2222222222222222
